id,city,propertyType,displayAddress,price,priceQualifier,bedrooms,bathrooms,summary,propertyUrl,firstVisibleDate,addedOrReduced,listingUpdate,formattedBranchName,branchDisplayName,latitude,longitude,propertyImages
"165393437","Epping Forest","Office","Unit 20, Hobbs Cross Business Centre, Theydon Garnon, Epping, Essex","£475 pcm","","","","Hobbs Cross Business Centre is a popular rurally positioned estate providing a mixture of industrial, warehouse and offices occupied by a variety of businesses. Currently available is Unit 20, a single storey office with two parking spaces positioned to the front of the estate. The office compr...","https://www.rightmove.co.uk/properties/165393437#/?channel=COM_LET","2025-08-05T15:48:24Z","","new","Marketed by Mullucks - Commercial, Bishops Stortford","","51.671754","0.134805","https://media.rightmove.co.uk:443/dir/crop/10:9-16:9/153k/152810/165393437/152810_1208LH_IMG_00_0000_max_476x317.jpeg; https://media.rightmove.co.uk:443/dir/crop/10:9-16:9/153k/152810/165393437/152810_1208LH_IMG_04_0000_max_476x317.jpeg; https://media.rightmove.co.uk:443/dir/crop/10:9-16:9/153k/152810/165393437/152810_1208LH_IMG_05_0000_max_476x317.jpeg; https://media.rightmove.co.uk:443/dir/crop/10:9-16:9/153k/152810/165393437/152810_1208LH_IMG_07_0000_max_476x317.jpeg; https://media.rightmove.co.uk:443/dir/crop/10:9-16:9/153k/152810/165393437/152810_1208LH_IMG_06_0000_max_476x317.jpeg; https://media.rightmove.co.uk:443/dir/crop/10:9-16:9/153k/152810/165393437/152810_1208LH_IMG_08_0000_max_476x317.jpeg"
"72740846","Epping Forest","Workshop","Nazeing, EN9","£1,250 pcm","","","","Situated within 2 miles of Broxbourne station this unit with roller shutter doors, three phase power, toilet, led lighting and parking for 3 cars. Broadband on site of 20mb tenant can install a mezzanine office at their own expense. CCTV on site. Racking installed, 6m to eaves. 7.5 ton lorry access","https://www.rightmove.co.uk/properties/72740846#/?channel=COM_LET","2018-04-23T10:36:53Z","","size_change","Marketed by Bell and Co Estate Agents Limited, Braintree","","51.74509","0.01211","https://media.rightmove.co.uk:443/dir/crop/10:9-16:9/169k/168764/72740846/168764_Leaside12_IMG_00_0001_max_476x317.jpeg; https://media.rightmove.co.uk:443/dir/crop/10:9-16:9/169k/168764/72740846/168764_Leaside12_IMG_01_0001_max_476x317.jpeg; https://media.rightmove.co.uk:443/dir/crop/10:9-16:9/169k/168764/72740846/168764_Leaside12_IMG_02_0002_max_476x317.jpeg; https://media.rightmove.co.uk:443/dir/crop/10:9-16:9/169k/168764/72740846/168764_Leaside12_IMG_03_0002_max_476x317.jpeg"
"722548969634800","Epping Forest","Distribution Warehouse","5 Abbey Point, Cartersfield Road, Waltham Abbey, EN9 1FE","£4,333 pcm","","","","Industrial/warehouse unit","https://www.rightmove.co.uk/properties/722548969634800#/?channel=COM_LET","2025-12-01T17:04:06Z","","new","Marketed by Derrick Wade Waters, Industrial","","51.682079","-0.000902","https://media.rightmove.co.uk:443/dir/crop/10:9-16:9/106k/105212/722548969634800/105212_338137-2_IMG_00_0000_max_476x317.jpeg; https://media.rightmove.co.uk:443/dir/crop/10:9-16:9/106k/105212/722548969634800/105212_338137-2_IMG_01_0000_max_476x317.jpeg"
"169890326","Epping Forest","Office","Netherhall Road, Roydon, CM19","POA","","","","Office Spaces to Let - Netherhall Road, NazeingImpressive office suites with secure parking and flexible additional rooms","https://www.rightmove.co.uk/properties/169890326#/?channel=COM_LET","2025-12-01T16:50:49Z","","new","Marketed by Via Properties Ltd, Hoddesdon","","51.755331","0.024942","https://media.rightmove.co.uk:443/dir/crop/10:9-16:9/268k/267887/169890326/267887_VIAPR_002370_IMG_00_0000_max_476x317.jpeg; https://media.rightmove.co.uk:443/dir/crop/10:9-16:9/268k/267887/169890326/267887_VIAPR_002370_IMG_01_0000_max_476x317.jpeg; https://media.rightmove.co.uk:443/dir/crop/10:9-16:9/268k/267887/169890326/267887_VIAPR_002370_IMG_05_0000_max_476x317.jpeg; https://media.rightmove.co.uk:443/dir/crop/10:9-16:9/268k/267887/169890326/267887_VIAPR_002370_IMG_06_0000_max_476x317.jpeg; https://media.rightmove.co.uk:443/dir/crop/10:9-16:9/268k/267887/169890326/267887_VIAPR_002370_IMG_02_0000_max_476x317.jpeg; https://media.rightmove.co.uk:443/dir/crop/10:9-16:9/268k/267887/169890326/267887_VIAPR_002370_IMG_03_0000_max_476x317.jpeg; https://media.rightmove.co.uk:443/dir/crop/10:9-16:9/268k/267887/169890326/267887_VIAPR_002370_IMG_07_0000_max_476x317.jpeg; https://media.rightmove.co.uk:443/dir/crop/10:9-16:9/268k/267887/169890326/267887_VIAPR_002370_IMG_04_0000_max_476x317.jpeg; https://media.rightmove.co.uk:443/dir/crop/10:9-16:9/268k/267887/169890326/267887_VIAPR_002370_IMG_08_0000_max_476x317.jpeg; https://media.rightmove.co.uk:443/dir/crop/10:9-16:9/268k/267887/169890326/267887_VIAPR_002370_IMG_09_0000_max_476x317.jpeg; https://media.rightmove.co.uk:443/dir/crop/10:9-16:9/268k/267887/169890326/267887_VIAPR_002370_IMG_21_0000_max_476x317.jpeg; https://media.rightmove.co.uk:443/dir/crop/10:9-16:9/268k/267887/169890326/267887_VIAPR_002370_IMG_20_0000_max_476x317.jpeg; https://media.rightmove.co.uk:443/dir/crop/10:9-16:9/268k/267887/169890326/267887_VIAPR_002370_IMG_19_0000_max_476x317.jpeg; https://media.rightmove.co.uk:443/dir/crop/10:9-16:9/268k/267887/169890326/267887_VIAPR_002370_IMG_18_0000_max_476x317.jpeg"
"721636614057760","Epping Forest","Distribution Warehouse","4 Abbey Point, Cartersfield Road, Waltham Abbey, EN91FE","£2,817 pcm","","","","Industrial/warehouse unit","https://www.rightmove.co.uk/properties/721636614057760#/?channel=COM_LET","2025-11-26T16:13:02Z","","new","Marketed by Derrick Wade Waters, Industrial","","51.682897","-0.000105","https://media.rightmove.co.uk:443/dir/crop/10:9-16:9/106k/105212/721636614057760/105212_335552-2_IMG_00_0000_max_476x317.jpeg; https://media.rightmove.co.uk:443/dir/crop/10:9-16:9/106k/105212/721636614057760/105212_335552-2_IMG_01_0000_max_476x317.jpeg; https://media.rightmove.co.uk:443/dir/crop/10:9-16:9/106k/105212/721636614057760/105212_335552-2_IMG_02_0000_max_476x317.jpeg"
"169734371","Epping Forest","Commercial Property","Bournebridge Lane, RM4","£2,500 pcm","","1","","Ambassador are pleased to offer to market this large commercial unit available in the sought after Bournebridge Lane in Stapleford Abbotts. ","https://www.rightmove.co.uk/properties/169734371#/?channel=COM_LET","2025-11-26T12:22:29Z","","new","Marketed by Ambassador Property Services, Abridge","","51.63092","0.16196","https://media.rightmove.co.uk:443/dir/crop/10:9-16:9/221k/220430/169734371/220430_bournbridge_IMG_02_0000_max_476x317.jpeg; https://media.rightmove.co.uk:443/dir/crop/10:9-16:9/221k/220430/169734371/220430_bournbridge_IMG_03_0000_max_476x317.jpeg; https://media.rightmove.co.uk:443/dir/crop/10:9-16:9/221k/220430/169734371/220430_bournbridge_IMG_04_0000_max_476x317.jpeg; https://media.rightmove.co.uk:443/dir/crop/10:9-16:9/221k/220430/169734371/220430_bournbridge_IMG_00_0000_max_476x317.jpeg; https://media.rightmove.co.uk:443/dir/crop/10:9-16:9/221k/220430/169734371/220430_bournbridge_IMG_01_0000_max_476x317.jpeg"
"721597969732304","Epping Forest","Light Industrial","Land On The South Side Of Grange Farm Lane, Chigwell, IG7 6DR","£51,909 pcm","","","","Rarely Available Freehold / Leasehold 2.2 Acre Open Storage Site In A Prominent Location In Chigwell","https://www.rightmove.co.uk/properties/721597969732304#/?channel=COM_LET","2025-11-26T11:09:09Z","","new","Marketed by DCPC Commercial, Pinner","","51.628437","0.081935","https://media.rightmove.co.uk:443/dir/crop/10:9-16:9/property-photo/1331342d0/721597969732304/1331342d02de88c10340c1411cc0c8d8_max_476x317.jpeg; https://media.rightmove.co.uk:443/dir/crop/10:9-16:9/property-photo/088b175e9/721597969732304/088b175e9a6be57fedd8c3959b6f6eab_max_476x317.jpeg; https://media.rightmove.co.uk:443/dir/crop/10:9-16:9/property-photo/fe9a4aaef/721597969732304/fe9a4aaef610a7d0e55a55ac909b2b88_max_476x317.jpeg; https://media.rightmove.co.uk:443/dir/crop/10:9-16:9/property-photo/134820230/721597969732304/13482023004cefe3f46b27bba79fb537_max_476x317.jpeg; https://media.rightmove.co.uk:443/dir/crop/10:9-16:9/property-photo/d5c55bb87/721597969732304/d5c55bb87602be9893bc112e731483e9_max_476x317.jpeg; https://media.rightmove.co.uk:443/dir/crop/10:9-16:9/property-photo/0cb9302fa/721597969732304/0cb9302fa29e4e852ec7c8f74ed1784b_max_476x317.jpeg; https://media.rightmove.co.uk:443/dir/crop/10:9-16:9/property-photo/5053ccd88/721597969732304/5053ccd88377f622faff0f80355ce80a_max_476x317.jpeg; https://media.rightmove.co.uk:443/dir/crop/10:9-16:9/property-photo/ce0e3a716/721597969732304/ce0e3a716b1dd1fe0d4860df6ecfa1f3_max_476x317.jpeg; https://media.rightmove.co.uk:443/dir/crop/10:9-16:9/property-photo/434722299/721597969732304/434722299d029386c3ca5e85b9ddfe02_max_476x317.jpeg; https://media.rightmove.co.uk:443/dir/crop/10:9-16:9/property-photo/7696343ab/721597969732304/7696343abb3a06b384f49ce25615d647_max_476x317.jpeg"
"169725251","Epping Forest","Storage","Epping","£200 pcm","Fixed Price","","","To let we have this storage unit measuring 147 square feet. The unit is located in Tawney Common, Epping with access to the M11 (6 miles by car) and the A414 (3.5 miles by car).","https://www.rightmove.co.uk/properties/169725251#/?channel=COM_LET","2025-11-26T10:00:02Z","","new","Marketed by Whirledge and Nott, Commercial","","51.67436","0.15202","https://media.rightmove.co.uk:443/dir/crop/10:9-16:9/174k/173735/169725251/173735_4963_IMG_00_0000_max_476x317.jpeg; https://media.rightmove.co.uk:443/dir/crop/10:9-16:9/174k/173735/169725251/173735_4963_IMG_01_0000_max_476x317.jpeg; https://media.rightmove.co.uk:443/dir/crop/10:9-16:9/174k/173735/169725251/173735_4963_IMG_02_0000_max_476x317.jpeg; https://media.rightmove.co.uk:443/dir/crop/10:9-16:9/174k/173735/169725251/173735_4963_IMG_03_0000_max_476x317.jpeg; https://media.rightmove.co.uk:443/dir/crop/10:9-16:9/174k/173735/169725251/173735_4963_IMG_04_0000_max_476x317.jpeg; https://media.rightmove.co.uk:443/dir/crop/10:9-16:9/174k/173735/169725251/173735_4963_IMG_05_0000_max_476x317.jpeg"
"719246802479456","Epping Forest","Retail Property (high street)","7-9 Sun Street, Waltham Abbey, EN9 1ER","POA","","","","Retail units to let in Waltham Abbey located in a prime position adjacent to Co-Op with opportunity to combine to create circa 4,000 Sq.ft","https://www.rightmove.co.uk/properties/719246802479456#/?channel=COM_LET","2025-11-13T11:47:07Z","","size_change","Marketed by Brasier Freeth, Kings Langley","","51.686736","-0.001575","https://media.rightmove.co.uk:443/dir/crop/10:9-16:9/property-photo/4db7319af/719246802479456/4db7319af67c86e0c4e5ac9b821fe366_max_476x317.jpeg; https://media.rightmove.co.uk:443/dir/crop/10:9-16:9/property-photo/d7d99f648/719246802479456/d7d99f648a60fad25570cdfbbece9b94_max_476x317.jpeg; https://media.rightmove.co.uk:443/dir/crop/10:9-16:9/property-photo/a8c2b3180/719246802479456/a8c2b3180d2f66f3ec4642e616c8c0b6_max_476x317.jpeg"
"719250241664720","Epping Forest","Mixed Use","Ability House, 121 Brooker Road, Waltham Abbey, EN9 1JH","£2,510 pcm","","","","High quality offices located in Waltham Abbey, and just the M25 Motorway (junction 26)","https://www.rightmove.co.uk/properties/719250241664720#/?channel=COM_LET","2025-11-13T12:11:12Z","","size_change","Marketed by SMC Brownill Vickers, South Yorkshire","","51.681534","-0.004333","https://media.rightmove.co.uk:443/dir/crop/10:9-16:9/216k/215657/719250241664720/215657_208715-2_IMG_00_0000_max_476x317.png; https://media.rightmove.co.uk:443/dir/crop/10:9-16:9/216k/215657/719250241664720/215657_208715-2_IMG_01_0000_max_476x317.jpeg; https://media.rightmove.co.uk:443/dir/crop/10:9-16:9/216k/215657/719250241664720/215657_208715-2_IMG_02_0000_max_476x317.jpeg; https://media.rightmove.co.uk:443/dir/crop/10:9-16:9/216k/215657/719250241664720/215657_208715-2_IMG_03_0000_max_476x317.jpeg; https://media.rightmove.co.uk:443/dir/crop/10:9-16:9/216k/215657/719250241664720/215657_208715-2_IMG_04_0000_max_476x317.jpeg; https://media.rightmove.co.uk:443/dir/crop/10:9-16:9/216k/215657/719250241664720/215657_208715-2_IMG_05_0000_max_476x317.jpeg; https://media.rightmove.co.uk:443/dir/crop/10:9-16:9/216k/215657/719250241664720/215657_208715-2_IMG_06_0000_max_476x317.jpeg; https://media.rightmove.co.uk:443/dir/crop/10:9-16:9/216k/215657/719250241664720/215657_208715-2_IMG_07_0000_max_476x317.jpeg; https://media.rightmove.co.uk:443/dir/crop/10:9-16:9/216k/215657/719250241664720/215657_208715-2_IMG_08_0000_max_476x317.jpeg; https://media.rightmove.co.uk:443/dir/crop/10:9-16:9/216k/215657/719250241664720/215657_208715-2_IMG_09_0000_max_476x317.jpeg; https://media.rightmove.co.uk:443/dir/crop/10:9-16:9/216k/215657/719250241664720/215657_208715-2_IMG_10_0000_max_476x317.jpeg; https://media.rightmove.co.uk:443/dir/crop/10:9-16:9/216k/215657/719250241664720/215657_208715-2_IMG_11_0000_max_476x317.jpeg; https://media.rightmove.co.uk:443/dir/crop/10:9-16:9/216k/215657/719250241664720/215657_208715-2_IMG_12_0000_max_476x317.jpeg"
"169654289","Epping Forest","Storage","Warehouse To Let In Nazeing, Essex","£2,800 pcm","","","","1,600 sqft Warehouse To Let In Nazeing, Essex","https://www.rightmove.co.uk/properties/169654289#/?channel=COM_LET","2025-11-24T14:05:57Z","","new","Marketed by Howie Kent & Co Ltd, Essex","","51.739245","0.029031","https://media.rightmove.co.uk:443/dir/crop/10:9-16:9/229k/228701/169654289/228701_HKC10489_IMG_00_0000_max_476x317.jpeg"
"86789214","Epping Forest","Storage","Birds Green, CM5","£2,500 pcm","","","","NO LORRIES. Situated in the rural village of Willingale the site is located a short drive to A414 Chelmsford Road. Landlord wants low use storage only. Therefore the unit is priced below market value. Appointment to view by arrangement through the agent only. See full details. ","https://www.rightmove.co.uk/properties/86789214#/?channel=COM_LET","2024-03-05T14:05:33Z","","price_reduced","Marketed by Bell and Co Estate Agents Limited, Braintree","","51.75009","0.29398","https://media.rightmove.co.uk:443/dir/crop/10:9-16:9/169k/168764/86789214/168764_OLDGRAIN_IMG_00_0001_max_476x317.jpeg; https://media.rightmove.co.uk:443/dir/crop/10:9-16:9/169k/168764/86789214/168764_OLDGRAIN_IMG_01_0001_max_476x317.jpeg; https://media.rightmove.co.uk:443/dir/crop/10:9-16:9/169k/168764/86789214/168764_OLDGRAIN_IMG_02_0001_max_476x317.jpeg"
"169651841","Epping Forest","Office","Oakwood Hill Industrial Estate, Oakwood Hill, Loughton, Essex, IG10","£3,963 pcm","","","","Modern Ground Floor Office Suite(approx. 2,641sq ft - 245.35m sq) ","https://www.rightmove.co.uk/properties/169651841#/?channel=COM_LET","2025-11-24T13:40:25Z","","new","Marketed by Bennett Phillips Luton, Essex","","51.64278","0.07826","https://media.rightmove.co.uk:443/dir/crop/10:9-16:9/62k/61311/169651841/61311_OAKWOODHOUSEOAKWOODHILLLOUGTON_IMG_09_0000_max_476x317.jpeg; https://media.rightmove.co.uk:443/dir/crop/10:9-16:9/62k/61311/169651841/61311_OAKWOODHOUSEOAKWOODHILLLOUGTON_IMG_00_0000_max_476x317.jpeg; https://media.rightmove.co.uk:443/dir/crop/10:9-16:9/62k/61311/169651841/61311_OAKWOODHOUSEOAKWOODHILLLOUGTON_IMG_01_0000_max_476x317.jpeg; https://media.rightmove.co.uk:443/dir/crop/10:9-16:9/62k/61311/169651841/61311_OAKWOODHOUSEOAKWOODHILLLOUGTON_IMG_02_0000_max_476x317.jpeg; https://media.rightmove.co.uk:443/dir/crop/10:9-16:9/62k/61311/169651841/61311_OAKWOODHOUSEOAKWOODHILLLOUGTON_IMG_03_0000_max_476x317.jpeg; https://media.rightmove.co.uk:443/dir/crop/10:9-16:9/62k/61311/169651841/61311_OAKWOODHOUSEOAKWOODHILLLOUGTON_IMG_04_0000_max_476x317.jpeg; https://media.rightmove.co.uk:443/dir/crop/10:9-16:9/62k/61311/169651841/61311_OAKWOODHOUSEOAKWOODHILLLOUGTON_IMG_05_0000_max_476x317.jpeg; https://media.rightmove.co.uk:443/dir/crop/10:9-16:9/62k/61311/169651841/61311_OAKWOODHOUSEOAKWOODHILLLOUGTON_IMG_06_0000_max_476x317.jpeg; https://media.rightmove.co.uk:443/dir/crop/10:9-16:9/62k/61311/169651841/61311_OAKWOODHOUSEOAKWOODHILLLOUGTON_IMG_07_0000_max_476x317.jpeg; https://media.rightmove.co.uk:443/dir/crop/10:9-16:9/62k/61311/169651841/61311_OAKWOODHOUSEOAKWOODHILLLOUGTON_IMG_08_0000_max_476x317.jpeg"
"169645148","Epping Forest","Light Industrial","Warehouse To Let Near Harlow, Essex","£3,000 pcm","","","","4,500 sqft Warehouse To Let Near Harlow, Essex","https://www.rightmove.co.uk/properties/169645148#/?channel=COM_LET","2025-11-24T11:33:29Z","","new","Marketed by Howie Kent & Co Ltd, Essex","","51.740426","0.131995","https://media.rightmove.co.uk:443/dir/crop/10:9-16:9/229k/228701/169645148/228701_HKC10486_IMG_00_0000_max_476x317.jpeg; https://media.rightmove.co.uk:443/dir/crop/10:9-16:9/229k/228701/169645148/228701_HKC10486_IMG_01_0000_max_476x317.jpeg; https://media.rightmove.co.uk:443/dir/crop/10:9-16:9/229k/228701/169645148/228701_HKC10486_IMG_02_0000_max_476x317.jpeg; https://media.rightmove.co.uk:443/dir/crop/10:9-16:9/229k/228701/169645148/228701_HKC10486_IMG_03_0000_max_476x317.jpeg; https://media.rightmove.co.uk:443/dir/crop/10:9-16:9/229k/228701/169645148/228701_HKC10486_IMG_04_0000_max_476x317.jpeg"
"169575002","Epping Forest","Land","Yard, Leaside Industrial Park","£1,250 pcm","","","","Westwood Leber Commercial are delighted to bring to the market this fully gated, secure yard space located within Leaside Inustrial Park, Sedge Green. Available Now, call for more information. ","https://www.rightmove.co.uk/properties/169575002#/?channel=COM_LET","2025-11-21T14:02:40Z","","new","Marketed by Westwood Leber Commercial, Hertfordshire","","51.7453","0.01024","https://media.rightmove.co.uk:443/dir/crop/10:9-16:9/238k/237179/169575002/237179_103000001475_IMG_00_0000_max_476x317.jpeg; https://media.rightmove.co.uk:443/dir/crop/10:9-16:9/238k/237179/169575002/237179_103000001475_IMG_01_0000_max_476x317.jpeg; https://media.rightmove.co.uk:443/dir/crop/10:9-16:9/238k/237179/169575002/237179_103000001475_IMG_02_0000_max_476x317.jpeg; https://media.rightmove.co.uk:443/dir/crop/10:9-16:9/238k/237179/169575002/237179_103000001475_IMG_03_0000_max_476x317.jpeg; https://media.rightmove.co.uk:443/dir/crop/10:9-16:9/238k/237179/169575002/237179_103000001475_IMG_04_0000_max_476x317.jpeg; https://media.rightmove.co.uk:443/dir/crop/10:9-16:9/238k/237179/169575002/237179_103000001475_IMG_05_0000_max_476x317.jpeg; https://media.rightmove.co.uk:443/dir/crop/10:9-16:9/238k/237179/169575002/237179_103000001475_IMG_06_0000_max_476x317.jpeg; https://media.rightmove.co.uk:443/dir/crop/10:9-16:9/238k/237179/169575002/237179_103000001475_IMG_07_0000_max_476x317.jpeg"
"140285093","Epping Forest","Light Industrial","Leaside Industrial Park, Nazeing","£1,500 pcm","","","","Westwood Leber are delighted to offer this NEW DEVELOPMENT of Commercial premises located within the gated Leaside Industrial Park, Nazeing. Access via roller shutter and separate front door, open plan area with separate toilet facilities. Available January 2026, call today for more information.","https://www.rightmove.co.uk/properties/140285093#/?channel=COM_LET","2023-09-21T17:15:16Z","","price_reduced","Marketed by Westwood Leber Commercial, Hertfordshire","","51.7453","0.01024","https://media.rightmove.co.uk:443/dir/crop/10:9-16:9/238k/237179/140285093/237179_103000000948_IMG_00_0002_max_476x317.jpeg; https://media.rightmove.co.uk:443/dir/crop/10:9-16:9/238k/237179/140285093/237179_103000000948_IMG_01_0002_max_476x317.jpeg; https://media.rightmove.co.uk:443/dir/crop/10:9-16:9/238k/237179/140285093/237179_103000000948_IMG_02_0002_max_476x317.jpeg; https://media.rightmove.co.uk:443/dir/crop/10:9-16:9/238k/237179/140285093/237179_103000000948_IMG_03_0001_max_476x317.jpeg; https://media.rightmove.co.uk:443/dir/crop/10:9-16:9/238k/237179/140285093/237179_103000000948_IMG_04_0001_max_476x317.jpeg; https://media.rightmove.co.uk:443/dir/crop/10:9-16:9/238k/237179/140285093/237179_103000000948_IMG_05_0001_max_476x317.jpeg; https://media.rightmove.co.uk:443/dir/crop/10:9-16:9/238k/237179/140285093/237179_103000000948_IMG_06_0001_max_476x317.jpeg; https://media.rightmove.co.uk:443/dir/crop/10:9-16:9/238k/237179/140285093/237179_103000000948_IMG_07_0001_max_476x317.jpeg; https://media.rightmove.co.uk:443/dir/crop/10:9-16:9/238k/237179/140285093/237179_103000000948_IMG_08_0000_max_476x317.jpeg"
"72740984","Epping Forest","Workshop","Nazeing, EN9","£1,500 pcm","From","","","FIVE BRAND NEW UNITS with three phase power, roller shutter doors, parking for three cars per unit, toilet, kitchenette, led lighting and CCTV ON SITE. Broadband on site of 20mb tenant. Each unit is newly constructed and in exceptional conditon. Suitable for light manufacturing. Restrictions on HGVs","https://www.rightmove.co.uk/properties/72740984#/?channel=COM_LET","2018-04-23T10:40:17Z","","size_change","Marketed by Bell and Co Estate Agents Limited, Braintree","","51.74509","0.01211","https://media.rightmove.co.uk:443/dir/crop/10:9-16:9/169k/168764/72740984/168764_LeasideIndustrialNEWBUILDS_IMG_05_0001_max_476x317.png; https://media.rightmove.co.uk:443/dir/crop/10:9-16:9/169k/168764/72740984/168764_LeasideIndustrialNEWBUILDS_IMG_06_0000_max_476x317.png; https://media.rightmove.co.uk:443/dir/crop/10:9-16:9/169k/168764/72740984/168764_LeasideIndustrialNEWBUILDS_IMG_02_0001_max_476x317.jpeg; https://media.rightmove.co.uk:443/dir/crop/10:9-16:9/169k/168764/72740984/168764_LeasideIndustrialNEWBUILDS_IMG_00_0001_max_476x317.jpeg; https://media.rightmove.co.uk:443/dir/crop/10:9-16:9/169k/168764/72740984/168764_LeasideIndustrialNEWBUILDS_IMG_03_0001_max_476x317.png; https://media.rightmove.co.uk:443/dir/crop/10:9-16:9/169k/168764/72740984/168764_LeasideIndustrialNEWBUILDS_IMG_04_0001_max_476x317.png; https://media.rightmove.co.uk:443/dir/crop/10:9-16:9/169k/168764/72740984/168764_LeasideIndustrialNEWBUILDS_IMG_07_0000_max_476x317.jpeg; https://media.rightmove.co.uk:443/dir/crop/10:9-16:9/169k/168764/72740984/168764_LeasideIndustrialNEWBUILDS_IMG_08_0000_max_476x317.png"
"169552256","Epping Forest","Retail Property (high street)","261 High Road, Loughton, Essex, IG10","£2,917 pcm","","","","CLASS E PREMISES938 SQ FT** NEW LEASE, NO PREMIUM **","https://www.rightmove.co.uk/properties/169552256#/?channel=COM_LET","2025-11-20T19:24:04Z","","new","Marketed by Jarvis Keller, Farringdon","","51.64891","0.05685","https://media.rightmove.co.uk:443/dir/crop/10:9-16:9/243k/242804/169552256/242804_Daniel2_IMG_00_0000_max_476x317.jpeg; https://media.rightmove.co.uk:443/dir/crop/10:9-16:9/243k/242804/169552256/242804_Daniel2_IMG_05_0000_max_476x317.jpeg; https://media.rightmove.co.uk:443/dir/crop/10:9-16:9/243k/242804/169552256/242804_Daniel2_IMG_01_0000_max_476x317.jpeg; https://media.rightmove.co.uk:443/dir/crop/10:9-16:9/243k/242804/169552256/242804_Daniel2_IMG_02_0000_max_476x317.jpeg; https://media.rightmove.co.uk:443/dir/crop/10:9-16:9/243k/242804/169552256/242804_Daniel2_IMG_03_0000_max_476x317.jpeg; https://media.rightmove.co.uk:443/dir/crop/10:9-16:9/243k/242804/169552256/242804_Daniel2_IMG_04_0000_max_476x317.jpeg"
"169536902","Epping Forest","Light Industrial","Howard Close, Waltham Abbey","£2,083 pcm","","","","** INDUSTRIAL UNIT TO LET ** - The property is situated to the southern side of Farm Hill Road, within the Howard Business Park which is located within the historic market town of Waltham Abbey, Essex. Access to the motorway network is via Junction 26 of the M25 at Waltham Abbey. Comprising a mod...","https://www.rightmove.co.uk/properties/169536902#/?channel=COM_LET","2025-11-20T14:07:29Z","","new","Marketed by Clarke Hillyer Limited, Loughton","","51.686241","0.005188","https://media.rightmove.co.uk:443/dir/crop/10:9-16:9/217k/216248/169536902/216248_34316983_IMG_00_0000_max_476x317.jpeg; https://media.rightmove.co.uk:443/dir/crop/10:9-16:9/217k/216248/169536902/216248_34316983_IMG_01_0000_max_476x317.jpeg; https://media.rightmove.co.uk:443/dir/crop/10:9-16:9/217k/216248/169536902/216248_34316983_IMG_02_0000_max_476x317.jpeg; https://media.rightmove.co.uk:443/dir/crop/10:9-16:9/217k/216248/169536902/216248_34316983_IMG_03_0000_max_476x317.jpeg; https://media.rightmove.co.uk:443/dir/crop/10:9-16:9/217k/216248/169536902/216248_34316983_IMG_04_0000_max_476x317.jpeg; https://media.rightmove.co.uk:443/dir/crop/10:9-16:9/217k/216248/169536902/216248_34316983_IMG_05_0000_max_476x317.jpeg; https://media.rightmove.co.uk:443/dir/crop/10:9-16:9/217k/216248/169536902/216248_34316983_IMG_06_0000_max_476x317.jpeg"
"169515653","Epping Forest","Commercial Property","14F Woodside, Thornwood, Epping, CM16","£800 pcm","","","1","Property number 52704. 400 sq ft single storey commercial studio / office / workshop unit on the ever popular Woodside Ind Est in Epping located just 3 minutes from M11 J7 & 8 minutes from M25. Available immediately ","https://www.rightmove.co.uk/properties/169515653#/?channel=COM_LET","2025-11-20T09:30:44Z","","new","Marketed by Visum, Nationwide","","51.717031","0.134514","https://media.rightmove.co.uk:443/dir/crop/10:9-16:9/36k/35298/169515653/35298_52704_IMG_00_0000_max_476x317.jpeg; https://media.rightmove.co.uk:443/dir/crop/10:9-16:9/36k/35298/169515653/35298_52704_IMG_01_0000_max_476x317.jpeg; https://media.rightmove.co.uk:443/dir/crop/10:9-16:9/36k/35298/169515653/35298_52704_IMG_02_0000_max_476x317.jpeg; https://media.rightmove.co.uk:443/dir/crop/10:9-16:9/36k/35298/169515653/35298_52704_IMG_03_0000_max_476x317.jpeg; https://media.rightmove.co.uk:443/dir/crop/10:9-16:9/36k/35298/169515653/35298_52704_IMG_04_0000_max_476x317.jpeg; https://media.rightmove.co.uk:443/dir/crop/10:9-16:9/36k/35298/169515653/35298_52704_IMG_05_0000_max_476x317.jpeg; https://media.rightmove.co.uk:443/dir/crop/10:9-16:9/36k/35298/169515653/35298_52704_IMG_06_0000_max_476x317.jpeg; https://media.rightmove.co.uk:443/dir/crop/10:9-16:9/36k/35298/169515653/35298_52704_IMG_07_0000_max_476x317.jpeg; https://media.rightmove.co.uk:443/dir/crop/10:9-16:9/36k/35298/169515653/35298_52704_IMG_08_0000_max_476x317.jpeg; https://media.rightmove.co.uk:443/dir/crop/10:9-16:9/36k/35298/169515653/35298_52704_IMG_09_0000_max_476x317.jpeg; https://media.rightmove.co.uk:443/dir/crop/10:9-16:9/36k/35298/169515653/35298_52704_IMG_10_0000_max_476x317.jpeg; https://media.rightmove.co.uk:443/dir/crop/10:9-16:9/36k/35298/169515653/35298_52704_IMG_11_0000_max_476x317.jpeg; https://media.rightmove.co.uk:443/dir/crop/10:9-16:9/36k/35298/169515653/35298_52704_IMG_12_0000_max_476x317.jpeg"
"169467014","Epping Forest","Office","High Street, Epping","£711 pcm","","","","Be part of this exciting and vibrant development that has a manned reception, business lounge/kitchen, meeting room and 24 hour access. Suites available for 2 to 14 people from 711 + Vat pcm with flexible lease terms and parking.","https://www.rightmove.co.uk/properties/169467014#/?channel=COM_LET","2025-11-19T01:19:47Z","","new","Marketed by Delaney's, Commercial","","51.701376","0.1135","https://media.rightmove.co.uk:443/dir/crop/10:9-16:9/175k/174500/169467014/174500_CL0100_IMG_00_0000_max_476x317.jpeg; https://media.rightmove.co.uk:443/dir/crop/10:9-16:9/175k/174500/169467014/174500_CL0100_IMG_01_0000_max_476x317.jpeg; https://media.rightmove.co.uk:443/dir/crop/10:9-16:9/175k/174500/169467014/174500_CL0100_IMG_02_0000_max_476x317.jpeg; https://media.rightmove.co.uk:443/dir/crop/10:9-16:9/175k/174500/169467014/174500_CL0100_IMG_03_0000_max_476x317.jpeg; https://media.rightmove.co.uk:443/dir/crop/10:9-16:9/175k/174500/169467014/174500_CL0100_IMG_04_0000_max_476x317.jpeg; https://media.rightmove.co.uk:443/dir/crop/10:9-16:9/175k/174500/169467014/174500_CL0100_IMG_05_0000_max_476x317.jpeg; https://media.rightmove.co.uk:443/dir/crop/10:9-16:9/175k/174500/169467014/174500_CL0100_IMG_06_0000_max_476x317.jpeg; https://media.rightmove.co.uk:443/dir/crop/10:9-16:9/175k/174500/169467014/174500_CL0100_IMG_07_0000_max_476x317.jpeg; https://media.rightmove.co.uk:443/dir/crop/10:9-16:9/175k/174500/169467014/174500_CL0100_IMG_08_0000_max_476x317.jpeg"
"140980550","Epping Forest","Office","High Road, Loughton, Essex, IG10","£690 pcm","","","","OFFICE SUITE TO LET-LOUGHTON ESSEX 100 SQUARE FEET TWO PERSON OFFICE SUITEFULLY INCLUSIVE RENT PACKAGE","https://www.rightmove.co.uk/properties/140980550#/?channel=COM_LET","2023-10-17T16:20:54Z","","price_reduced","Marketed by Bennett Phillips Luton, Essex","","51.6437","0.05141","https://media.rightmove.co.uk:443/dir/crop/10:9-16:9/62k/61311/140980550/61311_127HIGHROADLOUGHTONOFFICESUITES_IMG_00_0000_max_476x317.jpeg; https://media.rightmove.co.uk:443/dir/crop/10:9-16:9/62k/61311/140980550/61311_127HIGHROADLOUGHTONOFFICESUITES_IMG_01_0000_max_476x317.jpeg; https://media.rightmove.co.uk:443/dir/crop/10:9-16:9/62k/61311/140980550/61311_127HIGHROADLOUGHTONOFFICESUITE_IMG_03_0002_max_476x317.jpeg; https://media.rightmove.co.uk:443/dir/crop/10:9-16:9/62k/61311/140980550/61311_127HIGHROADLOUGHTONOFFICESUITE_IMG_04_0001_max_476x317.jpeg; https://media.rightmove.co.uk:443/dir/crop/10:9-16:9/62k/61311/140980550/61311_127HIGHROADLOUGHTONOFFICESUITE_IMG_06_0000_max_476x317.jpeg; https://media.rightmove.co.uk:443/dir/crop/10:9-16:9/62k/61311/140980550/61311_127HIGHROADLOUGHTONOFFICESUITE_IMG_07_0000_max_476x317.jpeg; https://media.rightmove.co.uk:443/dir/crop/10:9-16:9/62k/61311/140980550/61311_127HIGHROADLOUGHTONOFFICESUITE_IMG_08_0000_max_476x317.jpeg; https://media.rightmove.co.uk:443/dir/crop/10:9-16:9/62k/61311/140980550/61311_127HIGHROADLOUGHTONOFFICEROOM9_IMG_09_0001_max_476x317.jpeg"
"165067823","Epping Forest","Serviced Office","High Road, Loughton, Essex, IG10","£550 pcm","","","","ONE PERSON OFFICE SUITETO LET(75 sq ft)127 High Road LoughtonEssex IG10 4LT","https://www.rightmove.co.uk/properties/165067823#/?channel=COM_LET","2025-07-29T11:57:27Z","","price_reduced","Marketed by Bennett Phillips Luton, Essex","","51.6437","0.05141","https://media.rightmove.co.uk:443/dir/crop/10:9-16:9/62k/61311/165067823/61311_ROOM10127HIGHROADLOUGHTON_IMG_01_0000_max_476x317.jpeg; https://media.rightmove.co.uk:443/dir/crop/10:9-16:9/62k/61311/165067823/61311_ROOM10127HIGHROADLOUGHTON_IMG_02_0000_max_476x317.jpeg; https://media.rightmove.co.uk:443/dir/crop/10:9-16:9/62k/61311/165067823/61311_ROOM10127HIGHROADLOUGHTON_IMG_00_0000_max_476x317.jpeg; https://media.rightmove.co.uk:443/dir/crop/10:9-16:9/62k/61311/165067823/61311_ROOM10127HIGHROADLOUGHTON_IMG_03_0000_max_476x317.jpeg; https://media.rightmove.co.uk:443/dir/crop/10:9-16:9/62k/61311/165067823/61311_ROOM10127HIGHROADLOUGHTON_IMG_04_0000_max_476x317.jpeg; https://media.rightmove.co.uk:443/dir/crop/10:9-16:9/62k/61311/165067823/61311_ROOM10127HIGHROADLOUGHTON_IMG_05_0000_max_476x317.jpeg; https://media.rightmove.co.uk:443/dir/crop/10:9-16:9/62k/61311/165067823/61311_ROOM10127HIGHROADLOUGHTON_IMG_06_0000_max_476x317.jpeg"
"169442507","Epping Forest","Light Industrial","Bury Lane, Epping, Essex, CM16","£3,750 pcm","","","","INDUSTRIAL UNIT TO LET OUTSKIRTS OF EPPING	7,214ft2 (670m2) approx GIAAvailable Now","https://www.rightmove.co.uk/properties/169442507#/?channel=COM_LET","2025-11-18T12:25:18Z","","new","Marketed by Robert Dewar Associates, Chelmsford","","51.70924","0.09305","https://media.rightmove.co.uk:443/dir/crop/10:9-16:9/270k/269924/169442507/269924_DutchBarn_IMG_00_0000_max_476x317.jpeg; https://media.rightmove.co.uk:443/dir/crop/10:9-16:9/270k/269924/169442507/269924_DutchBarn_IMG_01_0000_max_476x317.jpeg; https://media.rightmove.co.uk:443/dir/crop/10:9-16:9/270k/269924/169442507/269924_DutchBarn_IMG_02_0000_max_476x317.jpeg; https://media.rightmove.co.uk:443/dir/crop/10:9-16:9/270k/269924/169442507/269924_DutchBarn_IMG_03_0000_max_476x317.jpeg; https://media.rightmove.co.uk:443/dir/crop/10:9-16:9/270k/269924/169442507/269924_DutchBarn_IMG_04_0000_max_476x317.jpeg; https://media.rightmove.co.uk:443/dir/crop/10:9-16:9/270k/269924/169442507/269924_DutchBarn_IMG_05_0000_max_476x317.jpeg; https://media.rightmove.co.uk:443/dir/crop/10:9-16:9/270k/269924/169442507/269924_DutchBarn_IMG_06_0000_max_476x317.jpeg; https://media.rightmove.co.uk:443/dir/crop/10:9-16:9/270k/269924/169442507/269924_DutchBarn_IMG_07_0000_max_476x317.jpeg; https://media.rightmove.co.uk:443/dir/crop/10:9-16:9/270k/269924/169442507/269924_DutchBarn_IMG_08_0000_max_476x317.jpeg; https://media.rightmove.co.uk:443/dir/crop/10:9-16:9/270k/269924/169442507/269924_DutchBarn_IMG_09_0000_max_476x317.jpeg; https://media.rightmove.co.uk:443/dir/crop/10:9-16:9/270k/269924/169442507/269924_DutchBarn_IMG_10_0000_max_476x317.jpeg; https://media.rightmove.co.uk:443/dir/crop/10:9-16:9/270k/269924/169442507/269924_DutchBarn_IMG_11_0000_max_476x317.jpeg"
"169298396","Epping Forest","Serviced Office","136 Church Hill, Loughton ","£600 pcm","","","","Loughton Serviced Unfurnished Office space available in well located Church Hill offering flexible accommodation and amenities . An office of appx 130 sq ft with communal Kitchen and WC facilities available now. £600 pcm including heating, lighting and Business Rates.","https://www.rightmove.co.uk/properties/169298396#/?channel=COM_LET","2025-11-13T12:10:31Z","","new","Marketed by Stevenette & Company, Loughton","","51.65611","0.06643","https://media.rightmove.co.uk:443/dir/crop/10:9-16:9/104k/103625/169298396/103625_103220002155_IMG_00_0000_max_476x317.jpeg"
"165393437","Epping Forest","Office","Unit 20, Hobbs Cross Business Centre, Theydon Garnon, Epping, Essex","£475 pcm","","","","Hobbs Cross Business Centre is a popular rurally positioned estate providing a mixture of industrial, warehouse and offices occupied by a variety of businesses. Currently available is Unit 20, a single storey office with two parking spaces positioned to the front of the estate. The office compr...","https://www.rightmove.co.uk/properties/165393437#/?channel=COM_LET","2025-08-05T15:48:24Z","","new","Marketed by Mullucks - Commercial, Bishops Stortford","","51.671754","0.134805","https://media.rightmove.co.uk:443/dir/crop/10:9-16:9/153k/152810/165393437/152810_1208LH_IMG_00_0000_max_476x317.jpeg; https://media.rightmove.co.uk:443/dir/crop/10:9-16:9/153k/152810/165393437/152810_1208LH_IMG_04_0000_max_476x317.jpeg; https://media.rightmove.co.uk:443/dir/crop/10:9-16:9/153k/152810/165393437/152810_1208LH_IMG_05_0000_max_476x317.jpeg; https://media.rightmove.co.uk:443/dir/crop/10:9-16:9/153k/152810/165393437/152810_1208LH_IMG_07_0000_max_476x317.jpeg; https://media.rightmove.co.uk:443/dir/crop/10:9-16:9/153k/152810/165393437/152810_1208LH_IMG_06_0000_max_476x317.jpeg; https://media.rightmove.co.uk:443/dir/crop/10:9-16:9/153k/152810/165393437/152810_1208LH_IMG_08_0000_max_476x317.jpeg"
"163063085","Epping Forest","Shop","The Broadway, Debden, Loughton","£4,000 pcm","","","","** PROMINENT SHOP TO LET ** - Situated on the corner of Vere Road and Debden Broadway, in Loughton, Essex, which comprises a variety of local businesses and multiple occupiers such as Iceland, Greggs and Superdrug. The premises are in close proximity to the New City College and are visible from t...","https://www.rightmove.co.uk/properties/163063085#/?channel=COM_LET","2025-06-09T16:19:37Z","","new","Marketed by Clarke Hillyer Limited, Loughton","","51.647823","0.083096","https://media.rightmove.co.uk:443/dir/crop/10:9-16:9/217k/216248/163063085/216248_33943565_IMG_00_0000_max_476x317.jpeg; https://media.rightmove.co.uk:443/dir/crop/10:9-16:9/217k/216248/163063085/216248_33943565_IMG_01_0000_max_476x317.jpeg; https://media.rightmove.co.uk:443/dir/crop/10:9-16:9/217k/216248/163063085/216248_33943565_IMG_02_0000_max_476x317.jpeg; https://media.rightmove.co.uk:443/dir/crop/10:9-16:9/217k/216248/163063085/216248_33943565_IMG_03_0000_max_476x317.jpeg; https://media.rightmove.co.uk:443/dir/crop/10:9-16:9/217k/216248/163063085/216248_33943565_IMG_04_0000_max_476x317.jpeg"
"169103666","Epping Forest","Retail Property (high street)","Roding Road, Loughton, Essex, IG10","£1,375 pcm","Fixed Price","","1","Property Ref: 15294 Shop to Let - Prime Location Key Features: • Prominent retail unit in a busy location • …","https://www.rightmove.co.uk/properties/169103666#/?channel=COM_LET","2025-11-07T09:37:25Z","","price_reduced","Marketed by 99 Home, London","","51.64013","0.05993","https://media.rightmove.co.uk:443/dir/crop/10:9-16:9/292k/291917/169103666/291917_15294_EAF_194502_IMG_00_0000_max_476x317.jpeg; https://media.rightmove.co.uk:443/dir/crop/10:9-16:9/292k/291917/169103666/291917_15294_EAF_194502_IMG_01_0000_max_476x317.jpeg; https://media.rightmove.co.uk:443/dir/crop/10:9-16:9/292k/291917/169103666/291917_15294_EAF_194502_IMG_02_0000_max_476x317.jpeg; https://media.rightmove.co.uk:443/dir/crop/10:9-16:9/292k/291917/169103666/291917_15294_EAF_194502_IMG_03_0000_max_476x317.jpeg"
"169234757","Epping Forest","Commercial Property","Unit 25, Woodside Industrial Estate, Woodside, Thornwood, Epping, CM16","£2,189 pcm","","","1","Property number 50069. 1876 sq ft new build two storey commercial studio / office / workshop unit on the ever popular Woodside Ind Est in Epping located just 3 minutes from M11 J7 & 8 minutes from M25. Available 1st March 2026","https://www.rightmove.co.uk/properties/169234757#/?channel=COM_LET","2025-11-11T15:30:40Z","","new","Marketed by Visum, Nationwide","","51.717031","0.134514","https://media.rightmove.co.uk:443/dir/crop/10:9-16:9/36k/35298/169234757/35298_50069_IMG_00_0000_max_476x317.jpeg; https://media.rightmove.co.uk:443/dir/crop/10:9-16:9/36k/35298/169234757/35298_50069_IMG_03_0000_max_476x317.jpeg; https://media.rightmove.co.uk:443/dir/crop/10:9-16:9/36k/35298/169234757/35298_50069_IMG_04_0000_max_476x317.jpeg; https://media.rightmove.co.uk:443/dir/crop/10:9-16:9/36k/35298/169234757/35298_50069_IMG_01_0000_max_476x317.jpeg; https://media.rightmove.co.uk:443/dir/crop/10:9-16:9/36k/35298/169234757/35298_50069_IMG_05_0000_max_476x317.jpeg; https://media.rightmove.co.uk:443/dir/crop/10:9-16:9/36k/35298/169234757/35298_50069_IMG_02_0000_max_476x317.jpeg"
"155263250","Epping Forest","Office","Warlies Park House,  Waltham Abbey, EN9","£2,075 pcm","","","","Self contained split level office space spread over 5210 square feet located in Warlies Park House.","https://www.rightmove.co.uk/properties/155263250#/?channel=COM_LET","2024-11-22T12:33:42Z","","size_change","Marketed by PEACH PROPERTIES (UK) LIMITED, London","","51.690303","0.043512","https://media.rightmove.co.uk:443/dir/crop/10:9-16:9/272k/271343/155263250/271343_33525015_IMG_01_0000_max_476x317.jpeg; https://media.rightmove.co.uk:443/dir/crop/10:9-16:9/272k/271343/155263250/271343_33525015_IMG_03_0000_max_476x317.jpeg; https://media.rightmove.co.uk:443/dir/crop/10:9-16:9/272k/271343/155263250/271343_33525015_IMG_00_0000_max_476x317.jpeg; https://media.rightmove.co.uk:443/dir/crop/10:9-16:9/272k/271343/155263250/271343_33525015_IMG_02_0000_max_476x317.jpeg; https://media.rightmove.co.uk:443/dir/crop/10:9-16:9/272k/271343/155263250/271343_33525015_IMG_04_0000_max_476x317.jpeg; https://media.rightmove.co.uk:443/dir/crop/10:9-16:9/272k/271343/155263250/271343_33525015_IMG_05_0000_max_476x317.jpeg; https://media.rightmove.co.uk:443/dir/crop/10:9-16:9/272k/271343/155263250/271343_33525015_IMG_06_0000_max_476x317.jpeg"
"169218635","Epping Forest","Office","Langston Road, Loughton","£2,479 pcm","","","","** OFFICE/LIGHT-INDUSTRIAL UNIT TO LET WITH PARKING ** - Situated on Langston Road, Loughton. Along Langston Road are a number of well-known occupiers such as BMW, Mercedes, Volkswagen, Kier (London) and the Higgins Group. Access to the motorway network is via Junction 5 of the M11 (southbound on...","https://www.rightmove.co.uk/properties/169218635#/?channel=COM_LET","2025-11-11T11:34:13Z","","new","Marketed by Clarke Hillyer Limited, Loughton","","51.643878","0.086695","https://media.rightmove.co.uk:443/dir/crop/10:9-16:9/217k/216248/169218635/216248_34298395_IMG_00_0000_max_476x317.jpeg; https://media.rightmove.co.uk:443/dir/crop/10:9-16:9/217k/216248/169218635/216248_34298395_IMG_01_0000_max_476x317.jpeg; https://media.rightmove.co.uk:443/dir/crop/10:9-16:9/217k/216248/169218635/216248_34298395_IMG_02_0000_max_476x317.jpeg; https://media.rightmove.co.uk:443/dir/crop/10:9-16:9/217k/216248/169218635/216248_34298395_IMG_03_0000_max_476x317.jpeg; https://media.rightmove.co.uk:443/dir/crop/10:9-16:9/217k/216248/169218635/216248_34298395_IMG_05_0000_max_476x317.jpeg; https://media.rightmove.co.uk:443/dir/crop/10:9-16:9/217k/216248/169218635/216248_34298395_IMG_04_0000_max_476x317.jpeg; https://media.rightmove.co.uk:443/dir/crop/10:9-16:9/217k/216248/169218635/216248_34298395_IMG_06_0000_max_476x317.jpeg; https://media.rightmove.co.uk:443/dir/crop/10:9-16:9/217k/216248/169218635/216248_34298395_IMG_07_0000_max_476x317.jpeg"
"169215086","Epping Forest","Office","The Pixel Building, Waltham Abbey, EN9","£1,200 pcm","","","","INCLUSIVE OF UTILITIES - 223 square foot, ground floo, 4 seater office space located in Waltham Abbey.","https://www.rightmove.co.uk/properties/169215086#/?channel=COM_LET","2025-11-11T10:48:20Z","","new","Marketed by PEACH PROPERTIES (UK) LIMITED, London","","51.681953","-0.003652","https://media.rightmove.co.uk:443/dir/crop/10:9-16:9/272k/271343/169215086/271343_34298167_IMG_00_0000_max_476x317.jpeg; https://media.rightmove.co.uk:443/dir/crop/10:9-16:9/272k/271343/169215086/271343_34298167_IMG_01_0000_max_476x317.jpeg; https://media.rightmove.co.uk:443/dir/crop/10:9-16:9/272k/271343/169215086/271343_34298167_IMG_02_0000_max_476x317.jpeg; https://media.rightmove.co.uk:443/dir/crop/10:9-16:9/272k/271343/169215086/271343_34298167_IMG_03_0000_max_476x317.jpeg; https://media.rightmove.co.uk:443/dir/crop/10:9-16:9/272k/271343/169215086/271343_34298167_IMG_04_0000_max_476x317.jpeg"
"169176614","Epping Forest","Shop","197 High Street, Epping, Essex","£2,500 pcm","","","","197 High Street is a ground floor shop located in the prime shopping area of Epping High Street. The shop is set back from the road overlooking the Memorial Piazza where seasonal events take place. The shop provides open plan retail area with partitioned store to the rear, where there is a tea ...","https://www.rightmove.co.uk/properties/169176614#/?channel=COM_LET","2025-11-10T12:02:03Z","","new","Marketed by Mullucks - Commercial, Bishops Stortford","","51.699287","0.111131","https://media.rightmove.co.uk:443/dir/crop/10:9-16:9/153k/152810/169176614/152810_1617LH_IMG_00_0000_max_476x317.jpeg; https://media.rightmove.co.uk:443/dir/crop/10:9-16:9/153k/152810/169176614/152810_1617LH_IMG_01_0000_max_476x317.jpeg"
"721598569614080","Epping Forest","Distribution Warehouse","27 Oakwood Hill Industrial Estate, Oakwood Hill, Loughton, IG10 3TZ","£2,167 pcm","","","","Industrial warehouse unit, located close to the M11 and Debden Station on the Central Line, good loading facilities. No motor trade","https://www.rightmove.co.uk/properties/721598569614080#/?channel=COM_LET","2025-11-26T11:14:35Z","","new","Marketed by Derrick Wade Waters, Industrial","","51.64296","0.079057","https://media.rightmove.co.uk:443/dir/crop/10:9-16:9/106k/105212/721598569614080/105212_185835-2_IMG_00_0000_max_476x317.jpeg; https://media.rightmove.co.uk:443/dir/crop/10:9-16:9/106k/105212/721598569614080/105212_185835-2_IMG_01_0000_max_476x317.jpeg; https://media.rightmove.co.uk:443/dir/crop/10:9-16:9/106k/105212/721598569614080/105212_185835-2_IMG_02_0000_max_476x317.jpeg; https://media.rightmove.co.uk:443/dir/crop/10:9-16:9/106k/105212/721598569614080/105212_185835-2_IMG_03_0000_max_476x317.jpeg; https://media.rightmove.co.uk:443/dir/crop/10:9-16:9/106k/105212/721598569614080/105212_185835-2_IMG_04_0000_max_476x317.jpeg; https://media.rightmove.co.uk:443/dir/crop/10:9-16:9/106k/105212/721598569614080/105212_185835-2_IMG_05_0000_max_476x317.jpeg"
"721598901034033","Epping Forest","Distribution Warehouse","Yard / Yards on Brooker Road, 180-181 Brooker Road, Waltham Abbey, EN9 1JH","POA","","","","Self contained fenced and gated yard(s) Buildings now cleared From approx.","https://www.rightmove.co.uk/properties/721598901034033#/?channel=COM_LET","2025-11-26T11:20:08Z","","new","Marketed by Derrick Wade Waters, Industrial","","51.682741","-0.001235","https://media.rightmove.co.uk:443/dir/crop/10:9-16:9/106k/105212/721598901034033/105212_331078-2_IMG_00_0000_max_476x317.png; https://media.rightmove.co.uk:443/dir/crop/10:9-16:9/106k/105212/721598901034033/105212_331078-2_IMG_01_0000_max_476x317.jpeg; https://media.rightmove.co.uk:443/dir/crop/10:9-16:9/106k/105212/721598901034033/105212_331078-2_IMG_02_0000_max_476x317.jpeg"
"169057259","Epping Forest","Office","The Pixel Building, Waltham Abbey, EN9","£2,500 pcm","","","","INCLUSIVE OF UTILITY BILLS is this 463 square foot, 1st floor office set within a immaculate office building in Waltham Abbey.","https://www.rightmove.co.uk/properties/169057259#/?channel=COM_LET","2025-11-06T12:47:31Z","","new","Marketed by PEACH PROPERTIES (UK) LIMITED, London","","51.681953","-0.003652","https://media.rightmove.co.uk:443/dir/crop/10:9-16:9/272k/271343/169057259/271343_34290064_IMG_00_0000_max_476x317.jpeg; https://media.rightmove.co.uk:443/dir/crop/10:9-16:9/272k/271343/169057259/271343_34290064_IMG_01_0000_max_476x317.jpeg; https://media.rightmove.co.uk:443/dir/crop/10:9-16:9/272k/271343/169057259/271343_34290064_IMG_02_0000_max_476x317.jpeg; https://media.rightmove.co.uk:443/dir/crop/10:9-16:9/272k/271343/169057259/271343_34290064_IMG_03_0000_max_476x317.jpeg; https://media.rightmove.co.uk:443/dir/crop/10:9-16:9/272k/271343/169057259/271343_34290064_IMG_04_0000_max_476x317.jpeg; https://media.rightmove.co.uk:443/dir/crop/10:9-16:9/272k/271343/169057259/271343_34290064_IMG_05_0000_max_476x317.jpeg; https://media.rightmove.co.uk:443/dir/crop/10:9-16:9/272k/271343/169057259/271343_34290064_IMG_06_0000_max_476x317.jpeg; https://media.rightmove.co.uk:443/dir/crop/10:9-16:9/272k/271343/169057259/271343_34290064_IMG_07_0000_max_476x317.jpeg"
"166723832","Epping Forest","Office","The Pixel Building, Waltham Abbey, EN9","£2,500 pcm","","","","INCLUSIVE OF UTILITIES - 477 square foot 1st floor office space located in Waltham Abbey.","https://www.rightmove.co.uk/properties/166723832#/?channel=COM_LET","2025-09-08T14:09:15Z","","price_reduced","Marketed by PEACH PROPERTIES (UK) LIMITED, London","","51.681953","-0.003652","https://media.rightmove.co.uk:443/dir/crop/10:9-16:9/272k/271343/166723832/271343_34157004_IMG_05_0001_max_476x317.jpeg; https://media.rightmove.co.uk:443/dir/crop/10:9-16:9/272k/271343/166723832/271343_34157004_IMG_00_0000_max_476x317.jpeg; https://media.rightmove.co.uk:443/dir/crop/10:9-16:9/272k/271343/166723832/271343_34157004_IMG_06_0001_max_476x317.jpeg; https://media.rightmove.co.uk:443/dir/crop/10:9-16:9/272k/271343/166723832/271343_34157004_IMG_07_0000_max_476x317.jpeg; https://media.rightmove.co.uk:443/dir/crop/10:9-16:9/272k/271343/166723832/271343_34157004_IMG_08_0000_max_476x317.jpeg; https://media.rightmove.co.uk:443/dir/crop/10:9-16:9/272k/271343/166723832/271343_34157004_IMG_03_0000_max_476x317.jpeg; https://media.rightmove.co.uk:443/dir/crop/10:9-16:9/272k/271343/166723832/271343_34157004_IMG_09_0000_max_476x317.jpeg; https://media.rightmove.co.uk:443/dir/crop/10:9-16:9/272k/271343/166723832/271343_34157004_IMG_10_0000_max_476x317.jpeg; https://media.rightmove.co.uk:443/dir/crop/10:9-16:9/272k/271343/166723832/271343_34157004_IMG_11_0000_max_476x317.jpeg; https://media.rightmove.co.uk:443/dir/crop/10:9-16:9/272k/271343/166723832/271343_34157004_IMG_04_0000_max_476x317.jpeg"
"169047560","Epping Forest","Office","Langston Road, Loughton, Essex, IG10","£5,229 pcm","","","","Modern self-contained ground floor offices WITH EXCELLENT CAR PARKINGTo LetUnit 1 Loughton Business Park, Langston Road, IG10 3FL.","https://www.rightmove.co.uk/properties/169047560#/?channel=COM_LET","2025-11-06T10:39:55Z","","new","Marketed by Bennett Phillips Luton, Essex","","51.64472","0.08514","https://media.rightmove.co.uk:443/dir/crop/10:9-16:9/62k/61311/169047560/61311_GF1LOUGHTONBUSINESSCENTRE_IMG_00_0000_max_476x317.jpeg; https://media.rightmove.co.uk:443/dir/crop/10:9-16:9/62k/61311/169047560/61311_GF1LOUGHTONBUSINESSCENTRE_IMG_01_0000_max_476x317.jpeg; https://media.rightmove.co.uk:443/dir/crop/10:9-16:9/62k/61311/169047560/61311_GF1LOUGHTONBUSINESSCENTRE_IMG_02_0000_max_476x317.jpeg; https://media.rightmove.co.uk:443/dir/crop/10:9-16:9/62k/61311/169047560/61311_GF1LOUGHTONBUSINESSCENTRE_IMG_03_0000_max_476x317.jpeg"
"168998954","Epping Forest","Shop","Queens Road, Buckhurst Hill","£2,708 pcm","","","","** SHOP TO LET ** - Situated on Queens Road, which is the main commercial and shopping area of Buckhurst Hill. Queens Road comprises numerous boutiques, cafes and restaurants, as well as a variety of independent occupiers. Comprising a ground floor lock-up shop which has been occupied by a bettin...","https://www.rightmove.co.uk/properties/168998954#/?channel=COM_LET","2025-11-05T09:34:40Z","","new","Marketed by Clarke Hillyer Limited, Loughton","","51.625225","0.043989","https://media.rightmove.co.uk:443/dir/crop/10:9-16:9/217k/216248/168998954/216248_33616703_IMG_00_0000_max_476x317.jpeg; https://media.rightmove.co.uk:443/dir/crop/10:9-16:9/217k/216248/168998954/216248_33616703_IMG_01_0000_max_476x317.jpeg; https://media.rightmove.co.uk:443/dir/crop/10:9-16:9/217k/216248/168998954/216248_33616703_IMG_02_0000_max_476x317.jpeg; https://media.rightmove.co.uk:443/dir/crop/10:9-16:9/217k/216248/168998954/216248_33616703_IMG_03_0000_max_476x317.jpeg; https://media.rightmove.co.uk:443/dir/crop/10:9-16:9/217k/216248/168998954/216248_33616703_IMG_04_0000_max_476x317.jpeg; https://media.rightmove.co.uk:443/dir/crop/10:9-16:9/217k/216248/168998954/216248_33616703_IMG_05_0000_max_476x317.jpeg; https://media.rightmove.co.uk:443/dir/crop/10:9-16:9/217k/216248/168998954/216248_33616703_IMG_06_0000_max_476x317.jpeg"
"168987086","Epping Forest","Office","Oakwood Hill Industrial Estate, Oakwood Hill, Loughton","£1,458 pcm","","","","** OFFICE WITH PARKING TO LET ** - The property is located on The Oakwood Hill Industrial Estate which is situated on the west side of Chigwell Lane (A1168), on the opposite side of the road to Debden Station. Grangewood House is less than 0.5 miles from the M11 (Junction 5- southbound only) and ...","https://www.rightmove.co.uk/properties/168987086#/?channel=COM_LET","2025-11-04T16:57:22Z","","new","Marketed by Clarke Hillyer Limited, Loughton","","51.643486","0.081533","https://media.rightmove.co.uk:443/dir/crop/10:9-16:9/217k/216248/168987086/216248_34285480_IMG_00_0000_max_476x317.png; https://media.rightmove.co.uk:443/dir/crop/10:9-16:9/217k/216248/168987086/216248_34285480_IMG_01_0000_max_476x317.jpeg; https://media.rightmove.co.uk:443/dir/crop/10:9-16:9/217k/216248/168987086/216248_34285480_IMG_02_0000_max_476x317.jpeg; https://media.rightmove.co.uk:443/dir/crop/10:9-16:9/217k/216248/168987086/216248_34285480_IMG_03_0000_max_476x317.jpeg; https://media.rightmove.co.uk:443/dir/crop/10:9-16:9/217k/216248/168987086/216248_34285480_IMG_04_0000_max_476x317.jpeg; https://media.rightmove.co.uk:443/dir/crop/10:9-16:9/217k/216248/168987086/216248_34285480_IMG_05_0000_max_476x317.jpeg; https://media.rightmove.co.uk:443/dir/crop/10:9-16:9/217k/216248/168987086/216248_34285480_IMG_06_0000_max_476x317.jpeg; https://media.rightmove.co.uk:443/dir/crop/10:9-16:9/217k/216248/168987086/216248_34285480_IMG_07_0000_max_476x317.jpeg; https://media.rightmove.co.uk:443/dir/crop/10:9-16:9/217k/216248/168987086/216248_34285480_IMG_08_0000_max_476x317.jpeg; https://media.rightmove.co.uk:443/dir/crop/10:9-16:9/217k/216248/168987086/216248_34285480_IMG_09_0000_max_476x317.jpeg; https://media.rightmove.co.uk:443/dir/crop/10:9-16:9/217k/216248/168987086/216248_34285480_IMG_10_0000_max_476x317.jpeg; https://media.rightmove.co.uk:443/dir/crop/10:9-16:9/217k/216248/168987086/216248_34285480_IMG_11_0000_max_476x317.jpeg"
"168980942","Epping Forest","Storage","Land on the north side of The Borough, Ongar, Essex, CM5 9QU","POA","","","","Open storage site for vehicle parking and storage.","https://www.rightmove.co.uk/properties/168980942#/?channel=COM_LET","2025-11-04T15:46:45Z","","new","Marketed by Coke Gearing Consulting, Bishops Stortford","","51.70056","0.24169","https://media.rightmove.co.uk:443/dir/crop/10:9-16:9/111k/110398/168980942/110398_C2381a_IMG_00_0000_max_476x317.jpeg; https://media.rightmove.co.uk:443/dir/crop/10:9-16:9/111k/110398/168980942/110398_C2381a_IMG_01_0000_max_476x317.jpeg; https://media.rightmove.co.uk:443/dir/crop/10:9-16:9/111k/110398/168980942/110398_C2381a_IMG_02_0000_max_476x317.jpeg; https://media.rightmove.co.uk:443/dir/crop/10:9-16:9/111k/110398/168980942/110398_C2381a_IMG_03_0000_max_476x317.jpeg; https://media.rightmove.co.uk:443/dir/crop/10:9-16:9/111k/110398/168980942/110398_C2381a_IMG_04_0000_max_476x317.jpeg; https://media.rightmove.co.uk:443/dir/crop/10:9-16:9/111k/110398/168980942/110398_C2381a_IMG_05_0000_max_476x317.jpeg; https://media.rightmove.co.uk:443/dir/crop/10:9-16:9/111k/110398/168980942/110398_C2381a_IMG_06_0000_max_476x317.jpeg; https://media.rightmove.co.uk:443/dir/crop/10:9-16:9/111k/110398/168980942/110398_C2381a_IMG_07_0000_max_476x317.jpeg"
"161822054","Epping Forest","Office","High Road, Loughton, Essex, IG10","£1,042 pcm","","","","1st Floor Office Suite Approx 735sq ft (68.28m sq.) To Let on a maximum 5-year term*	Suspended Ceiling*	Well presented*	Perimeter Trunking*	LED Lighting*	Window Blinds*	Gas Central Heating*	Video Entry System*	Excellent Natural Light","https://www.rightmove.co.uk/properties/161822054#/?channel=COM_LET","2025-05-12T14:10:13Z","","new","Marketed by Bennett Phillips Luton, Essex","","51.64502","0.05306","https://media.rightmove.co.uk:443/dir/crop/10:9-16:9/62k/61311/161822054/61311_Suite2FirstFloorOfficeCrownHouse-151-159HighRoadLoughton_IMG_00_0000_max_476x317.jpeg; https://media.rightmove.co.uk:443/dir/crop/10:9-16:9/62k/61311/161822054/61311_Suite2FirstFloorOfficeCrownHouse-151-159HighRoadLoughton_IMG_01_0000_max_476x317.jpeg; https://media.rightmove.co.uk:443/dir/crop/10:9-16:9/62k/61311/161822054/61311_Suite2FirstFloorOfficeCrownHouse-151-159HighRoadLoughton_IMG_02_0000_max_476x317.jpeg; https://media.rightmove.co.uk:443/dir/crop/10:9-16:9/62k/61311/161822054/61311_Suite2FirstFloorOfficeCrownHouse-151-159HighRoadLoughton_IMG_03_0000_max_476x317.jpeg; https://media.rightmove.co.uk:443/dir/crop/10:9-16:9/62k/61311/161822054/61311_Suite2FirstFloorOfficeCrownHouse-151-159HighRoadLoughton_IMG_04_0000_max_476x317.jpeg"
"168961715","Epping Forest","Shop","85 High Street, Epping, Essex","£2,229 pcm","","","","85 High Street is a mid terrace lock up shop within a parade of 8 similar sized shops, close to Tesco supermarket. Set back from the High Street, an access road to the front provides short term parking/drop off. To the rear is a private car park where one parking space is allocated to the shop....","https://www.rightmove.co.uk/properties/168961715#/?channel=COM_LET","2025-11-04T11:09:11Z","","new","Marketed by Mullucks - Commercial, Bishops Stortford","","51.697914","0.109056","https://media.rightmove.co.uk:443/dir/crop/10:9-16:9/153k/152810/168961715/152810_1618LH_IMG_11_0000_max_476x317.jpeg; https://media.rightmove.co.uk:443/dir/crop/10:9-16:9/153k/152810/168961715/152810_1618LH_IMG_08_0001_max_476x317.jpeg; https://media.rightmove.co.uk:443/dir/crop/10:9-16:9/153k/152810/168961715/152810_1618LH_IMG_10_0000_max_476x317.jpeg; https://media.rightmove.co.uk:443/dir/crop/10:9-16:9/153k/152810/168961715/152810_1618LH_IMG_06_0000_max_476x317.jpeg"
"168960410","Epping Forest","Shop","The Broadway, Loughton","£76,000 pcm","","","","** LARGE SHOP WITH UPPER PARTS & REAR PARKING TO LET ** - Situated prominently on Debden Broadway, in Loughton, Essex, which comprises a variety of local businesses and multiple occupiers such as Iceland, Greggs and Superdrug. The premises are situated less than 0.3 miles (482 ft) from Debden Tub...","https://www.rightmove.co.uk/properties/168960410#/?channel=COM_LET","2025-11-04T10:52:48Z","","new","Marketed by Clarke Hillyer Limited, Loughton","","51.647533","0.082782","https://media.rightmove.co.uk:443/dir/crop/10:9-16:9/217k/216248/168960410/216248_33653334_IMG_00_0000_max_476x317.jpeg; https://media.rightmove.co.uk:443/dir/crop/10:9-16:9/217k/216248/168960410/216248_33653334_IMG_01_0000_max_476x317.jpeg; https://media.rightmove.co.uk:443/dir/crop/10:9-16:9/217k/216248/168960410/216248_33653334_IMG_02_0000_max_476x317.jpeg; https://media.rightmove.co.uk:443/dir/crop/10:9-16:9/217k/216248/168960410/216248_33653334_IMG_03_0000_max_476x317.jpeg; https://media.rightmove.co.uk:443/dir/crop/10:9-16:9/217k/216248/168960410/216248_33653334_IMG_04_0000_max_476x317.jpeg; https://media.rightmove.co.uk:443/dir/crop/10:9-16:9/217k/216248/168960410/216248_33653334_IMG_05_0000_max_476x317.jpeg; https://media.rightmove.co.uk:443/dir/crop/10:9-16:9/217k/216248/168960410/216248_33653334_IMG_06_0000_max_476x317.jpeg; https://media.rightmove.co.uk:443/dir/crop/10:9-16:9/217k/216248/168960410/216248_33653334_IMG_07_0000_max_476x317.jpeg; https://media.rightmove.co.uk:443/dir/crop/10:9-16:9/217k/216248/168960410/216248_33653334_IMG_08_0000_max_476x317.jpeg; https://media.rightmove.co.uk:443/dir/crop/10:9-16:9/217k/216248/168960410/216248_33653334_IMG_09_0000_max_476x317.jpeg; https://media.rightmove.co.uk:443/dir/crop/10:9-16:9/217k/216248/168960410/216248_33653334_IMG_10_0000_max_476x317.jpeg; https://media.rightmove.co.uk:443/dir/crop/10:9-16:9/217k/216248/168960410/216248_33653334_IMG_11_0000_max_476x317.jpeg; https://media.rightmove.co.uk:443/dir/crop/10:9-16:9/217k/216248/168960410/216248_33653334_IMG_12_0000_max_476x317.jpeg"
"168856721","Epping Forest","Office","Ongar","£740 pcm","Fixed Price","","","Storage unit measuring a total of 841 Sq ft in the village of High Ongar, between Chelmsford and Harlow. The location provices good access to the A414 which, in turn, links to the M11. Available from February 2026.","https://www.rightmove.co.uk/properties/168856721#/?channel=COM_LET","2025-10-31T16:30:02Z","","new","Marketed by Whirledge and Nott, Commercial","","51.7094","0.26847","https://media.rightmove.co.uk:443/dir/crop/10:9-16:9/174k/173735/168856721/173735_1833_IMG_00_0000_max_476x317.jpeg; https://media.rightmove.co.uk:443/dir/crop/10:9-16:9/174k/173735/168856721/173735_1833_IMG_01_0000_max_476x317.jpeg; https://media.rightmove.co.uk:443/dir/crop/10:9-16:9/174k/173735/168856721/173735_1833_IMG_02_0000_max_476x317.jpeg; https://media.rightmove.co.uk:443/dir/crop/10:9-16:9/174k/173735/168856721/173735_1833_IMG_03_0000_max_476x317.jpeg; https://media.rightmove.co.uk:443/dir/crop/10:9-16:9/174k/173735/168856721/173735_1833_IMG_04_0000_max_476x317.jpeg; https://media.rightmove.co.uk:443/dir/crop/10:9-16:9/174k/173735/168856721/173735_1833_IMG_05_0000_max_476x317.jpeg; https://media.rightmove.co.uk:443/dir/crop/10:9-16:9/174k/173735/168856721/173735_1833_IMG_06_0000_max_476x317.jpeg"
"52834550","Epping Forest","Serviced Office","Horseshoe Hill,Waltham Abbey,EN9","£1,467 pcm","","","","In these pleasant surroundings we are pleased to offer this prestigious office for up to FIVE people. The property is a converted priory dating back to the 12th century and has ample parking, security and CCTV. Viewing by appointment with the agent only. Must be seen. ","https://www.rightmove.co.uk/properties/52834550#/?channel=COM_LET","2015-06-18T12:37:23Z","","size_change","Marketed by Bell and Co Estate Agents Limited, Braintree","","51.69264","0.0448","https://media.rightmove.co.uk:443/dir/crop/10:9-16:9/169k/168764/52834550/168764_bachelorwing_IMG_04_0000_max_476x317.jpg; https://media.rightmove.co.uk:443/dir/crop/10:9-16:9/169k/168764/52834550/168764_bachelorwing_IMG_05_0000_max_476x317.jpg; https://media.rightmove.co.uk:443/dir/crop/10:9-16:9/169k/168764/52834550/168764_bachelorwing_IMG_00_0000_max_476x317.jpg; https://media.rightmove.co.uk:443/dir/crop/10:9-16:9/169k/168764/52834550/168764_bachelorwing_IMG_03_0000_max_476x317.jpg; https://media.rightmove.co.uk:443/dir/crop/10:9-16:9/169k/168764/52834550/168764_bachelorwing_IMG_01_0000_max_476x317.jpg; https://media.rightmove.co.uk:443/dir/crop/10:9-16:9/169k/168764/52834550/168764_bachelorwing_IMG_02_0000_max_476x317.jpg"
"106848149","Epping Forest","Office","Church Hill, Loughton, Essex, IG10","£325 pcm","","1","","Stein McBride Property Co. Ltd. are delighted to offer for rent on an easy in, easy out basis this lovely office is conveniently located in Loughton..","https://www.rightmove.co.uk/properties/106848149#/?channel=COM_LET","2021-05-13T14:50:18Z","","new","Marketed by Stein McBride Property Co. Limited, London & Essex","","51.6513","0.05913","https://media.rightmove.co.uk:443/dir/crop/10:9-16:9/98k/97148/106848149/97148_ChurchHillOffice_IMG_08_0000_max_476x317.jpeg; https://media.rightmove.co.uk:443/dir/crop/10:9-16:9/98k/97148/106848149/97148_ChurchHillOffice_IMG_07_0000_max_476x317.jpeg; https://media.rightmove.co.uk:443/dir/crop/10:9-16:9/98k/97148/106848149/97148_ChurchHillOffice6_IMG_09_0000_max_476x317.jpeg"
"168640202","Epping Forest","Light Industrial","Loughton Seedbed Centre, Langston Road, Loughton, Essex, IG10","£850 pcm","From","","","LIGHT INDUSTRIAL WORKSHOPS with ROLLER SHUTTERS and STUDIOS featuring DOUBLE DOORS with dropped kerbs providing easy access for pallet trucks. FREE, allocated parking and simple, MONTHLY LICENCE meaning you have the freedom to leave your unit with just one month's notice. ","https://www.rightmove.co.uk/properties/168640202#/?channel=COM_LET","2025-10-27T13:04:31Z","","new","Marketed by CAPITAL SPACE LIMITED, Kent","","51.64483","0.0889","https://media.rightmove.co.uk:443/dir/crop/10:9-16:9/277k/276962/168640202/276962_LoughtonIndustrial_IMG_02_0000_max_476x317.jpeg; https://media.rightmove.co.uk:443/dir/crop/10:9-16:9/277k/276962/168640202/276962_LoughtonIndustrial_IMG_07_0000_max_476x317.jpeg; https://media.rightmove.co.uk:443/dir/crop/10:9-16:9/277k/276962/168640202/276962_LoughtonIndustrial_IMG_00_0000_max_476x317.jpeg; https://media.rightmove.co.uk:443/dir/crop/10:9-16:9/277k/276962/168640202/276962_LoughtonIndustrial_IMG_01_0000_max_476x317.jpeg; https://media.rightmove.co.uk:443/dir/crop/10:9-16:9/277k/276962/168640202/276962_LoughtonIndustrial_IMG_03_0000_max_476x317.jpeg; https://media.rightmove.co.uk:443/dir/crop/10:9-16:9/277k/276962/168640202/276962_LoughtonIndustrial_IMG_04_0000_max_476x317.jpeg; https://media.rightmove.co.uk:443/dir/crop/10:9-16:9/277k/276962/168640202/276962_LoughtonIndustrial_IMG_05_0000_max_476x317.jpeg; https://media.rightmove.co.uk:443/dir/crop/10:9-16:9/277k/276962/168640202/276962_LoughtonIndustrial_IMG_06_0000_max_476x317.jpeg; https://media.rightmove.co.uk:443/dir/crop/10:9-16:9/277k/276962/168640202/276962_LoughtonIndustrial_IMG_08_0000_max_476x317.jpeg; https://media.rightmove.co.uk:443/dir/crop/10:9-16:9/277k/276962/168640202/276962_LoughtonIndustrial_IMG_09_0000_max_476x317.jpeg; https://media.rightmove.co.uk:443/dir/crop/10:9-16:9/277k/276962/168640202/276962_LoughtonIndustrial_IMG_10_0000_max_476x317.jpeg; https://media.rightmove.co.uk:443/dir/crop/10:9-16:9/277k/276962/168640202/276962_LoughtonIndustrial_IMG_11_0000_max_476x317.jpeg; https://media.rightmove.co.uk:443/dir/crop/10:9-16:9/277k/276962/168640202/276962_LoughtonIndustrial_IMG_12_0000_max_476x317.jpeg; https://media.rightmove.co.uk:443/dir/crop/10:9-16:9/277k/276962/168640202/276962_LoughtonIndustrial_IMG_13_0000_max_476x317.jpeg; https://media.rightmove.co.uk:443/dir/crop/10:9-16:9/277k/276962/168640202/276962_LoughtonIndustrial_IMG_14_0000_max_476x317.jpeg; https://media.rightmove.co.uk:443/dir/crop/10:9-16:9/277k/276962/168640202/276962_LoughtonIndustrial_IMG_15_0000_max_476x317.jpeg; https://media.rightmove.co.uk:443/dir/crop/10:9-16:9/277k/276962/168640202/276962_LoughtonIndustrial_IMG_16_0000_max_476x317.jpeg; https://media.rightmove.co.uk:443/dir/crop/10:9-16:9/277k/276962/168640202/276962_LoughtonIndustrial_IMG_17_0000_max_476x317.jpeg; https://media.rightmove.co.uk:443/dir/crop/10:9-16:9/277k/276962/168640202/276962_LoughtonIndustrial_IMG_18_0000_max_476x317.jpeg"
"162893009","Epping Forest","Shop","175 High Street, Epping, Essex","£2,983 pcm","","","","175 High Street is located on the south western side of the High Street, close to its junction with St Johns Road. The property has, until recently, traded as a wine bar and is L shaped, widening to the rear, with bar area, cellar/store and wc's. The fire escape to the rear leads to an area whe...","https://www.rightmove.co.uk/properties/162893009#/?channel=COM_LET","2025-06-05T11:29:33Z","","size_change","Marketed by Mullucks - Commercial, Bishops Stortford","","51.699288","0.111132","https://media.rightmove.co.uk:443/dir/crop/10:9-16:9/153k/152810/162893009/152810_1447LH_IMG_00_0000_max_476x317.jpeg; https://media.rightmove.co.uk:443/dir/crop/10:9-16:9/153k/152810/162893009/152810_1447LH_IMG_06_0000_max_476x317.jpeg; https://media.rightmove.co.uk:443/dir/crop/10:9-16:9/153k/152810/162893009/152810_1447LH_IMG_07_0001_max_476x317.jpeg; https://media.rightmove.co.uk:443/dir/crop/10:9-16:9/153k/152810/162893009/152810_1447LH_IMG_04_0000_max_476x317.jpeg"
"168529652","Epping Forest","Shop","6A Station Road, Epping, Essex","£2,083 pcm","","","","Station Road is a busy route joining with the High Street with a high level of passing foot traffic. Other occupiers in the area include barbers, cafe, phone accessories and repairs, Vape retailer, pizza restaurant and beauty salon. 6 Station Road is a ground floor self-contained shop which has...","https://www.rightmove.co.uk/properties/168529652#/?channel=COM_LET","2025-10-23T13:13:07Z","","new","Marketed by Mullucks - Commercial, Bishops Stortford","","51.697857","0.110775","https://media.rightmove.co.uk:443/dir/crop/10:9-16:9/153k/152810/168529652/152810_1462LH_IMG_00_0000_max_476x317.jpeg; https://media.rightmove.co.uk:443/dir/crop/10:9-16:9/153k/152810/168529652/152810_1462LH_IMG_01_0000_max_476x317.jpeg; https://media.rightmove.co.uk:443/dir/crop/10:9-16:9/153k/152810/168529652/152810_1462LH_IMG_02_0000_max_476x317.jpeg; https://media.rightmove.co.uk:443/dir/crop/10:9-16:9/153k/152810/168529652/152810_1462LH_IMG_03_0000_max_476x317.jpeg; https://media.rightmove.co.uk:443/dir/crop/10:9-16:9/153k/152810/168529652/152810_1462LH_IMG_04_0000_max_476x317.jpeg; https://media.rightmove.co.uk:443/dir/crop/10:9-16:9/153k/152810/168529652/152810_1462LH_IMG_05_0000_max_476x317.jpeg; https://media.rightmove.co.uk:443/dir/crop/10:9-16:9/153k/152810/168529652/152810_1462LH_IMG_06_0000_max_476x317.jpeg; https://media.rightmove.co.uk:443/dir/crop/10:9-16:9/153k/152810/168529652/152810_1462LH_IMG_07_0000_max_476x317.jpeg; https://media.rightmove.co.uk:443/dir/crop/10:9-16:9/153k/152810/168529652/152810_1462LH_IMG_08_0000_max_476x317.jpeg; https://media.rightmove.co.uk:443/dir/crop/10:9-16:9/153k/152810/168529652/152810_1462LH_IMG_09_0000_max_476x317.jpeg"
"168961715","Epping Forest","Shop","85 High Street, Epping, Essex","£2,229 pcm","","","","85 High Street is a mid terrace lock up shop within a parade of 8 similar sized shops, close to Tesco supermarket. Set back from the High Street, an access road to the front provides short term parking/drop off. To the rear is a private car park where one parking space is allocated to the shop....","https://www.rightmove.co.uk/properties/168961715#/?channel=COM_LET","2025-11-04T11:09:11Z","","new","Marketed by Mullucks - Commercial, Bishops Stortford","","51.697914","0.109056","https://media.rightmove.co.uk:443/dir/crop/10:9-16:9/153k/152810/168961715/152810_1618LH_IMG_11_0000_max_476x317.jpeg; https://media.rightmove.co.uk:443/dir/crop/10:9-16:9/153k/152810/168961715/152810_1618LH_IMG_08_0001_max_476x317.jpeg; https://media.rightmove.co.uk:443/dir/crop/10:9-16:9/153k/152810/168961715/152810_1618LH_IMG_10_0000_max_476x317.jpeg; https://media.rightmove.co.uk:443/dir/crop/10:9-16:9/153k/152810/168961715/152810_1618LH_IMG_06_0000_max_476x317.jpeg"
"168517550","Epping Forest","Retail Property (high street)","197 High Street, Epping, CM16 4BL","£2,500 pcm","","","","Retail unit with office/store to the rear, 3.6m glazed frontage, kitchenette, parking and heavy footfall.","https://www.rightmove.co.uk/properties/168517550#/?channel=COM_LET","2025-10-23T10:21:02Z","","new","Marketed by Ayers & Cruiks, Chelmsford","","51.699108","0.111485","https://media.rightmove.co.uk:443/dir/crop/10:9-16:9/260k/259088/168517550/259088_334217-2_IMG_00_0000_max_476x317.jpeg; https://media.rightmove.co.uk:443/dir/crop/10:9-16:9/260k/259088/168517550/259088_334217-2_IMG_01_0000_max_476x317.jpeg; https://media.rightmove.co.uk:443/dir/crop/10:9-16:9/260k/259088/168517550/259088_334217-2_IMG_02_0000_max_476x317.jpeg; https://media.rightmove.co.uk:443/dir/crop/10:9-16:9/260k/259088/168517550/259088_334217-2_IMG_03_0000_max_476x317.jpeg; https://media.rightmove.co.uk:443/dir/crop/10:9-16:9/260k/259088/168517550/259088_334217-2_IMG_04_0000_max_476x317.jpeg; https://media.rightmove.co.uk:443/dir/crop/10:9-16:9/260k/259088/168517550/259088_334217-2_IMG_05_0000_max_476x317.jpeg"
"168494534","Epping Forest","Shop","The Broadway, Debden, Loughton","£3,388 pcm","","","","** DOUBLE-FRONTED SHOP TO LET ** - Situated prominently on Debden Broadway, in Loughton, Essex, which comprises a variety of local businesses and multiple occupiers such as Iceland, Greggs and Superdrug. The premises are in close proximity to the New City College and are visible from the walk-up ...","https://www.rightmove.co.uk/properties/168494534#/?channel=COM_LET","2025-10-22T15:41:08Z","","new","Marketed by Clarke Hillyer Limited, Loughton","","51.64735","0.082263","https://media.rightmove.co.uk:443/dir/crop/10:9-16:9/217k/216248/168494534/216248_34258884_IMG_00_0000_max_476x317.png; https://media.rightmove.co.uk:443/dir/crop/10:9-16:9/217k/216248/168494534/216248_34258884_IMG_01_0000_max_476x317.jpeg; https://media.rightmove.co.uk:443/dir/crop/10:9-16:9/217k/216248/168494534/216248_34258884_IMG_02_0000_max_476x317.jpeg; https://media.rightmove.co.uk:443/dir/crop/10:9-16:9/217k/216248/168494534/216248_34258884_IMG_03_0000_max_476x317.jpeg; https://media.rightmove.co.uk:443/dir/crop/10:9-16:9/217k/216248/168494534/216248_34258884_IMG_04_0000_max_476x317.jpeg"
"721598680837089","Epping Forest","Distribution Warehouse","Unit 47 Hillgrove Business Park, Nazeing Road, Nazeing, EN9 2HB","£2,583 pcm","","","","RECENTLY REDUCED Warehouse unit","https://www.rightmove.co.uk/properties/721598680837089#/?channel=COM_LET","2025-11-26T11:15:09Z","","price_reduced","Marketed by Derrick Wade Waters, Industrial","","51.736634","0.002039","https://media.rightmove.co.uk:443/dir/crop/10:9-16:9/106k/105212/721598680837089/105212_271658-2_IMG_00_0000_max_476x317.jpeg; https://media.rightmove.co.uk:443/dir/crop/10:9-16:9/106k/105212/721598680837089/105212_271658-2_IMG_01_0000_max_476x317.jpeg; https://media.rightmove.co.uk:443/dir/crop/10:9-16:9/106k/105212/721598680837089/105212_271658-2_IMG_02_0000_max_476x317.jpeg; https://media.rightmove.co.uk:443/dir/crop/10:9-16:9/106k/105212/721598680837089/105212_271658-2_IMG_03_0000_max_476x317.jpeg; https://media.rightmove.co.uk:443/dir/crop/10:9-16:9/106k/105212/721598680837089/105212_271658-2_IMG_04_0000_max_476x317.jpeg; https://media.rightmove.co.uk:443/dir/crop/10:9-16:9/106k/105212/721598680837089/105212_271658-2_IMG_05_0000_max_476x317.jpeg; https://media.rightmove.co.uk:443/dir/crop/10:9-16:9/106k/105212/721598680837089/105212_271658-2_IMG_06_0000_max_476x317.jpeg; https://media.rightmove.co.uk:443/dir/crop/10:9-16:9/106k/105212/721598680837089/105212_271658-2_IMG_07_0000_max_476x317.jpeg; https://media.rightmove.co.uk:443/dir/crop/10:9-16:9/106k/105212/721598680837089/105212_271658-2_IMG_08_0000_max_476x317.jpeg"
"168318962","Epping Forest","Commercial Property","Chigwell Hub, Chigwell Hall, High Road, Chigwell, Essex, IG7","£875 pcm","","","","ommercial office at Chigwell Hub, IG7. Available from 1st October 2025, with private entrance, all bills included, fast WiFi, and ample parking.","https://www.rightmove.co.uk/properties/168318962#/?channel=COM_LET","2025-10-17T15:53:19Z","","new","Marketed by Ivy & Stone, Covering East London and West Essex","","51.62482","0.076391","https://media.rightmove.co.uk:443/dir/crop/10:9-16:9/275k/274640/168318962/274640_VYS_VYS_LFSYCL_939_1084453379_IMG_00_0000_max_476x317.jpeg; https://media.rightmove.co.uk:443/dir/crop/10:9-16:9/275k/274640/168318962/274640_VYS_VYS_LFSYCL_939_1084453379_IMG_01_0000_max_476x317.jpeg; https://media.rightmove.co.uk:443/dir/crop/10:9-16:9/275k/274640/168318962/274640_VYS_VYS_LFSYCL_939_1084453379_IMG_02_0000_max_476x317.jpeg; https://media.rightmove.co.uk:443/dir/crop/10:9-16:9/275k/274640/168318962/274640_VYS_VYS_LFSYCL_939_1084453379_IMG_03_0000_max_476x317.jpeg; https://media.rightmove.co.uk:443/dir/crop/10:9-16:9/275k/274640/168318962/274640_VYS_VYS_LFSYCL_939_1084453379_IMG_04_0000_max_476x317.jpeg; https://media.rightmove.co.uk:443/dir/crop/10:9-16:9/275k/274640/168318962/274640_VYS_VYS_LFSYCL_939_1084453379_IMG_05_0000_max_476x317.jpeg; https://media.rightmove.co.uk:443/dir/crop/10:9-16:9/275k/274640/168318962/274640_VYS_VYS_LFSYCL_939_1084453379_IMG_06_0000_max_476x317.jpeg; https://media.rightmove.co.uk:443/dir/crop/10:9-16:9/275k/274640/168318962/274640_VYS_VYS_LFSYCL_939_1084453379_IMG_07_0000_max_476x317.jpeg; https://media.rightmove.co.uk:443/dir/crop/10:9-16:9/275k/274640/168318962/274640_VYS_VYS_LFSYCL_939_1084453379_IMG_08_0000_max_476x317.jpeg; https://media.rightmove.co.uk:443/dir/crop/10:9-16:9/275k/274640/168318962/274640_VYS_VYS_LFSYCL_939_1084453379_IMG_09_0000_max_476x317.jpeg; https://media.rightmove.co.uk:443/dir/crop/10:9-16:9/275k/274640/168318962/274640_VYS_VYS_LFSYCL_939_1084453379_IMG_10_0000_max_476x317.jpeg; https://media.rightmove.co.uk:443/dir/crop/10:9-16:9/275k/274640/168318962/274640_VYS_VYS_LFSYCL_939_1084453379_IMG_11_0000_max_476x317.jpeg; https://media.rightmove.co.uk:443/dir/crop/10:9-16:9/275k/274640/168318962/274640_VYS_VYS_LFSYCL_939_1084453379_IMG_12_0000_max_476x317.jpeg; https://media.rightmove.co.uk:443/dir/crop/10:9-16:9/275k/274640/168318962/274640_VYS_VYS_LFSYCL_939_1084453379_IMG_13_0000_max_476x317.jpeg; https://media.rightmove.co.uk:443/dir/crop/10:9-16:9/275k/274640/168318962/274640_VYS_VYS_LFSYCL_939_1084453379_IMG_14_0000_max_476x317.jpeg; https://media.rightmove.co.uk:443/dir/crop/10:9-16:9/275k/274640/168318962/274640_VYS_VYS_LFSYCL_939_1084453379_IMG_15_0000_max_476x317.jpeg; https://media.rightmove.co.uk:443/dir/crop/10:9-16:9/275k/274640/168318962/274640_VYS_VYS_LFSYCL_939_1084453379_IMG_16_0000_max_476x317.jpeg; https://media.rightmove.co.uk:443/dir/crop/10:9-16:9/275k/274640/168318962/274640_VYS_VYS_LFSYCL_939_1084453379_IMG_17_0000_max_476x317.jpeg"
"163033325","Epping Forest","Warehouse","Mercury House, Lea Road, Waltham Abbey, EN9 1AT","POA","","","","Detached Two Storey Warehouse Premises","https://www.rightmove.co.uk/properties/163033325#/?channel=COM_LET","2025-06-09T10:28:57Z","","new","Marketed by Strettons, Commercial and Industrial Agency","","51.683991","-0.012789","https://media.rightmove.co.uk:443/dir/crop/10:9-16:9/110k/109090/163033325/109090_217404-2_IMG_00_0000_max_476x317.jpeg; https://media.rightmove.co.uk:443/dir/crop/10:9-16:9/110k/109090/163033325/109090_217404-2_IMG_02_0000_max_476x317.jpeg; https://media.rightmove.co.uk:443/dir/crop/10:9-16:9/110k/109090/163033325/109090_217404-2_IMG_03_0000_max_476x317.jpeg; https://media.rightmove.co.uk:443/dir/crop/10:9-16:9/110k/109090/163033325/109090_217404-2_IMG_01_0000_max_476x317.jpeg; https://media.rightmove.co.uk:443/dir/crop/10:9-16:9/110k/109090/163033325/109090_217404-2_IMG_04_0000_max_476x317.jpeg; https://media.rightmove.co.uk:443/dir/crop/10:9-16:9/110k/109090/163033325/109090_217404-2_IMG_05_0000_max_476x317.jpeg; https://media.rightmove.co.uk:443/dir/crop/10:9-16:9/110k/109090/163033325/109090_217404-2_IMG_06_0000_max_476x317.jpeg; https://media.rightmove.co.uk:443/dir/crop/10:9-16:9/110k/109090/163033325/109090_217404-2_IMG_07_0000_max_476x317.jpeg; https://media.rightmove.co.uk:443/dir/crop/10:9-16:9/110k/109090/163033325/109090_217404-2_IMG_08_0000_max_476x317.jpeg; https://media.rightmove.co.uk:443/dir/crop/10:9-16:9/110k/109090/163033325/109090_217404-2_IMG_09_0000_max_476x317.jpeg; https://media.rightmove.co.uk:443/dir/crop/10:9-16:9/110k/109090/163033325/109090_217404-2_IMG_10_0000_max_476x317.jpeg; https://media.rightmove.co.uk:443/dir/crop/10:9-16:9/110k/109090/163033325/109090_217404-2_IMG_11_0000_max_476x317.jpeg; https://media.rightmove.co.uk:443/dir/crop/10:9-16:9/110k/109090/163033325/109090_217404-2_IMG_12_0000_max_476x317.jpeg; https://media.rightmove.co.uk:443/dir/crop/10:9-16:9/110k/109090/163033325/109090_217404-2_IMG_13_0000_max_476x317.jpeg; https://media.rightmove.co.uk:443/dir/crop/10:9-16:9/110k/109090/163033325/109090_217404-2_IMG_14_0000_max_476x317.jpeg; https://media.rightmove.co.uk:443/dir/crop/10:9-16:9/110k/109090/163033325/109090_217404-2_IMG_15_0000_max_476x317.jpeg; https://media.rightmove.co.uk:443/dir/crop/10:9-16:9/110k/109090/163033325/109090_217404-2_IMG_16_0000_max_476x317.jpeg; https://media.rightmove.co.uk:443/dir/crop/10:9-16:9/110k/109090/163033325/109090_217404-2_IMG_17_0000_max_476x317.jpeg; https://media.rightmove.co.uk:443/dir/crop/10:9-16:9/110k/109090/163033325/109090_217404-2_IMG_18_0000_max_476x317.jpeg; https://media.rightmove.co.uk:443/dir/crop/10:9-16:9/110k/109090/163033325/109090_217404-2_IMG_19_0000_max_476x317.jpeg; https://media.rightmove.co.uk:443/dir/crop/10:9-16:9/110k/109090/163033325/109090_217404-2_IMG_20_0000_max_476x317.jpeg; https://media.rightmove.co.uk:443/dir/crop/10:9-16:9/110k/109090/163033325/109090_217404-2_IMG_21_0000_max_476x317.jpeg; https://media.rightmove.co.uk:443/dir/crop/10:9-16:9/110k/109090/163033325/109090_217404-2_IMG_22_0000_max_476x317.jpeg; https://media.rightmove.co.uk:443/dir/crop/10:9-16:9/110k/109090/163033325/109090_217404-2_IMG_23_0000_max_476x317.jpeg; https://media.rightmove.co.uk:443/dir/crop/10:9-16:9/110k/109090/163033325/109090_217404-2_IMG_24_0000_max_476x317.jpeg; https://media.rightmove.co.uk:443/dir/crop/10:9-16:9/110k/109090/163033325/109090_217404-2_IMG_25_0000_max_476x317.jpeg; https://media.rightmove.co.uk:443/dir/crop/10:9-16:9/110k/109090/163033325/109090_217404-2_IMG_26_0000_max_476x317.jpeg; https://media.rightmove.co.uk:443/dir/crop/10:9-16:9/110k/109090/163033325/109090_217404-2_IMG_27_0000_max_476x317.jpeg; https://media.rightmove.co.uk:443/dir/crop/10:9-16:9/110k/109090/163033325/109090_217404-2_IMG_28_0000_max_476x317.jpeg"
"169041536","Epping Forest","Serviced Office","High Road, Loughton","£650 pcm","","","","** RECENTLY REDUCED - SERVICED SUITES TO LET WITH PARKING ** - Situated on High Road, Loughton, where a number of multiple retailers such as Marks and Spencer, Card Factory and New Look are present. There are also a number of banks and cafes/restaurants located on the High Road. The premises comp...","https://www.rightmove.co.uk/properties/169041536#/?channel=COM_LET","2025-11-06T08:47:09Z","","price_reduced","Marketed by Clarke Hillyer Limited, Loughton","","51.643257","0.050388","https://media.rightmove.co.uk:443/dir/crop/10:9-16:9/217k/216248/169041536/216248_33994195_IMG_00_0000_max_476x317.jpeg; https://media.rightmove.co.uk:443/dir/crop/10:9-16:9/217k/216248/169041536/216248_33994195_IMG_03_0000_max_476x317.jpeg; https://media.rightmove.co.uk:443/dir/crop/10:9-16:9/217k/216248/169041536/216248_33994195_IMG_04_0000_max_476x317.jpeg; https://media.rightmove.co.uk:443/dir/crop/10:9-16:9/217k/216248/169041536/216248_33994195_IMG_01_0000_max_476x317.jpeg; https://media.rightmove.co.uk:443/dir/crop/10:9-16:9/217k/216248/169041536/216248_33994195_IMG_09_0001_max_476x317.jpeg; https://media.rightmove.co.uk:443/dir/crop/10:9-16:9/217k/216248/169041536/216248_33994195_IMG_05_0000_max_476x317.jpeg; https://media.rightmove.co.uk:443/dir/crop/10:9-16:9/217k/216248/169041536/216248_33994195_IMG_02_0000_max_476x317.jpeg; https://media.rightmove.co.uk:443/dir/crop/10:9-16:9/217k/216248/169041536/216248_33994195_IMG_06_0000_max_476x317.jpeg; https://media.rightmove.co.uk:443/dir/crop/10:9-16:9/217k/216248/169041536/216248_33994195_IMG_07_0000_max_476x317.jpeg; https://media.rightmove.co.uk:443/dir/crop/10:9-16:9/217k/216248/169041536/216248_33994195_IMG_08_0000_max_476x317.jpeg"
"168135923","Epping Forest","Storage","Waltham Abbey","£1,250 pcm","Fixed Price","","","To let we have this fully insulate, secure, modern commercial unit which lends itself to storage. The unit is located on a rural business park in Waltham Abbey which is approximately 2 miles (by car) to the M25 (J26).","https://www.rightmove.co.uk/properties/168135923#/?channel=COM_LET","2025-10-13T09:15:02Z","","price_reduced","Marketed by Whirledge and Nott, Commercial","","51.69295","0.01674","https://media.rightmove.co.uk:443/dir/crop/10:9-16:9/174k/173735/168135923/173735_4942_IMG_00_0001_max_476x317.jpeg; https://media.rightmove.co.uk:443/dir/crop/10:9-16:9/174k/173735/168135923/173735_4942_IMG_01_0001_max_476x317.jpeg; https://media.rightmove.co.uk:443/dir/crop/10:9-16:9/174k/173735/168135923/173735_4942_IMG_02_0001_max_476x317.jpeg; https://media.rightmove.co.uk:443/dir/crop/10:9-16:9/174k/173735/168135923/173735_4942_IMG_03_0000_max_476x317.jpeg"
"147166067","Epping Forest","Storage","Waltham Abbey","£2,000 pcm","Fixed Price","","","To let we have this fully insulate, secure, modern commercial unit which lends itself to storage. The unit is located on a rural business park in Waltham Abbey which is approximately 2 miles (by car) to the M25 (J26).","https://www.rightmove.co.uk/properties/147166067#/?channel=COM_LET","2024-04-23T14:25:03Z","","price_reduced","Marketed by Whirledge and Nott, Commercial","","51.69295","0.01674","https://media.rightmove.co.uk:443/dir/crop/10:9-16:9/property-photo/34d671ae4/147166067/34d671ae465771f45b39a30d47b9dc7e_max_476x317.jpeg; https://media.rightmove.co.uk:443/dir/crop/10:9-16:9/property-photo/dfb3c3098/147166067/dfb3c30985039e2dc42f404c2199125c_max_476x317.jpeg; https://media.rightmove.co.uk:443/dir/crop/10:9-16:9/property-photo/4054f83d6/147166067/4054f83d6c34524dda597fcc3e1c0eb1_max_476x317.jpeg; https://media.rightmove.co.uk:443/dir/crop/10:9-16:9/property-photo/ba3a79e1e/147166067/ba3a79e1e547952b172c62f0d4c4eeb9_max_476x317.jpeg; https://media.rightmove.co.uk:443/dir/crop/10:9-16:9/property-photo/7720b284d/147166067/7720b284d6a914de1363ff12c8e505a5_max_476x317.jpeg; https://media.rightmove.co.uk:443/dir/crop/10:9-16:9/property-photo/61e47c51e/147166067/61e47c51e1b097c82499cf9e26a4d716_max_476x317.jpeg; https://media.rightmove.co.uk:443/dir/crop/10:9-16:9/property-photo/7bdd29ce0/147166067/7bdd29ce0e2faff4fbed7258bf25ebc0_max_476x317.jpeg"
"168024329","Epping Forest","Restaurant","Foxes Parade, Sewardstone Road, Waltham Abbey EN9","£3,750 pcm","","","","Substantial restaurant (suitable for banqueting) available either on a sub-lease or the whole building including 6 residential units ","https://www.rightmove.co.uk/properties/168024329#/?channel=COM_LET","2025-10-09T11:39:58Z","","new","Marketed by Claridges Commercial Property Consultants, Woodford Green","","51.68629","0.00111","https://media.rightmove.co.uk:443/dir/crop/10:9-16:9/292k/291845/168024329/291845_024926_IMG_00_0000_max_476x317.jpeg; https://media.rightmove.co.uk:443/dir/crop/10:9-16:9/292k/291845/168024329/291845_024926_IMG_01_0000_max_476x317.jpeg; https://media.rightmove.co.uk:443/dir/crop/10:9-16:9/292k/291845/168024329/291845_024926_IMG_02_0000_max_476x317.jpeg; https://media.rightmove.co.uk:443/dir/crop/10:9-16:9/292k/291845/168024329/291845_024926_IMG_03_0000_max_476x317.jpeg; https://media.rightmove.co.uk:443/dir/crop/10:9-16:9/292k/291845/168024329/291845_024926_IMG_04_0000_max_476x317.jpeg; https://media.rightmove.co.uk:443/dir/crop/10:9-16:9/292k/291845/168024329/291845_024926_IMG_05_0000_max_476x317.jpeg; https://media.rightmove.co.uk:443/dir/crop/10:9-16:9/292k/291845/168024329/291845_024926_IMG_06_0000_max_476x317.jpeg; https://media.rightmove.co.uk:443/dir/crop/10:9-16:9/292k/291845/168024329/291845_024926_IMG_07_0000_max_476x317.jpeg"
"167930951","Epping Forest","Serviced Office","Horseshoe Hill Upshire, Waltham Abbey","£333 pcm","From","","","Located on Horseshoe Hill, in Waltham Abbey, EN9, this prestigious, newly refurbished business centre in a listed mansion is set in 10 acres of landscaped grounds, with ample parking space. The exterior architecture comprises of stone columns, and ivy covered brick work - a stunning private estat...","https://www.rightmove.co.uk/properties/167930951#/?channel=COM_LET","2025-10-07T17:05:09Z","","new","Marketed by Office Freedom, Office Freedom Regional","","51.693163","0.043945","https://media.rightmove.co.uk:443/dir/crop/10:9-16:9/238k/237641/167930951/237641_11857-1_IMG_00_0000_max_476x317.jpeg; https://media.rightmove.co.uk:443/dir/crop/10:9-16:9/238k/237641/167930951/237641_11857-1_IMG_01_0000_max_476x317.jpeg; https://media.rightmove.co.uk:443/dir/crop/10:9-16:9/238k/237641/167930951/237641_11857-1_IMG_02_0000_max_476x317.jpeg; https://media.rightmove.co.uk:443/dir/crop/10:9-16:9/238k/237641/167930951/237641_11857-1_IMG_03_0000_max_476x317.jpeg; https://media.rightmove.co.uk:443/dir/crop/10:9-16:9/238k/237641/167930951/237641_11857-1_IMG_04_0000_max_476x317.jpeg; https://media.rightmove.co.uk:443/dir/crop/10:9-16:9/238k/237641/167930951/237641_11857-1_IMG_05_0000_max_476x317.jpeg; https://media.rightmove.co.uk:443/dir/crop/10:9-16:9/238k/237641/167930951/237641_11857-1_IMG_06_0000_max_476x317.jpeg; https://media.rightmove.co.uk:443/dir/crop/10:9-16:9/238k/237641/167930951/237641_11857-1_IMG_07_0000_max_476x317.jpeg; https://media.rightmove.co.uk:443/dir/crop/10:9-16:9/238k/237641/167930951/237641_11857-1_IMG_08_0000_max_476x317.jpeg; https://media.rightmove.co.uk:443/dir/crop/10:9-16:9/238k/237641/167930951/237641_11857-1_IMG_09_0000_max_476x317.jpeg; https://media.rightmove.co.uk:443/dir/crop/10:9-16:9/238k/237641/167930951/237641_11857-1_IMG_10_0000_max_476x317.jpeg; https://media.rightmove.co.uk:443/dir/crop/10:9-16:9/238k/237641/167930951/237641_11857-1_IMG_11_0000_max_476x317.jpeg; https://media.rightmove.co.uk:443/dir/crop/10:9-16:9/238k/237641/167930951/237641_11857-1_IMG_12_0000_max_476x317.jpeg; https://media.rightmove.co.uk:443/dir/crop/10:9-16:9/238k/237641/167930951/237641_11857-1_IMG_13_0000_max_476x317.jpeg; https://media.rightmove.co.uk:443/dir/crop/10:9-16:9/238k/237641/167930951/237641_11857-1_IMG_14_0000_max_476x317.jpeg; https://media.rightmove.co.uk:443/dir/crop/10:9-16:9/238k/237641/167930951/237641_11857-1_IMG_15_0000_max_476x317.jpeg; https://media.rightmove.co.uk:443/dir/crop/10:9-16:9/238k/237641/167930951/237641_11857-1_IMG_16_0000_max_476x317.jpeg"
"46494664","Epping Forest","Office","Threshers Bush,CM17","£1,700 pcm","","","","High grade courtyard development OFFICE of restored timber barns with GATED ACCESS, CCTV SECURITY and AMPLE PARKING. Site benefits from being within close proximity to J7 of the M11. The office has AIR CONDITIONING with HIGH SPEED BROADBAND ","https://www.rightmove.co.uk/properties/46494664#/?channel=COM_LET","2014-10-06T12:07:29Z","","new","Marketed by Bell and Co Estate Agents Limited, Braintree","","51.7624","0.17128","https://media.rightmove.co.uk:443/dir/crop/10:9-16:9/169k/168764/46494664/168764_Holts7_IMG_19_0000_max_476x317.png; https://media.rightmove.co.uk:443/dir/crop/10:9-16:9/169k/168764/46494664/168764_Holts7_IMG_20_0000_max_476x317.png; https://media.rightmove.co.uk:443/dir/crop/10:9-16:9/169k/168764/46494664/168764_Holts7_IMG_21_0000_max_476x317.png; https://media.rightmove.co.uk:443/dir/crop/10:9-16:9/169k/168764/46494664/168764_Holts7_IMG_22_0000_max_476x317.JPG; https://media.rightmove.co.uk:443/dir/crop/10:9-16:9/169k/168764/46494664/168764_Holts7_IMG_24_0000_max_476x317.png; https://media.rightmove.co.uk:443/dir/crop/10:9-16:9/169k/168764/46494664/168764_Holts7_IMG_23_0000_max_476x317.png; https://media.rightmove.co.uk:443/dir/crop/10:9-16:9/169k/168764/46494664/168764_Holts7_IMG_25_0000_max_476x317.png; https://media.rightmove.co.uk:443/dir/crop/10:9-16:9/169k/168764/46494664/168764_Holts7_IMG_26_0000_max_476x317.png; https://media.rightmove.co.uk:443/dir/crop/10:9-16:9/169k/168764/46494664/168764_Holts7_IMG_27_0000_max_476x317.png; https://media.rightmove.co.uk:443/dir/crop/10:9-16:9/169k/168764/46494664/168764_Holts7_IMG_30_0000_max_476x317.png; https://media.rightmove.co.uk:443/dir/crop/10:9-16:9/169k/168764/46494664/168764_Holts7_IMG_28_0000_max_476x317.png; https://media.rightmove.co.uk:443/dir/crop/10:9-16:9/169k/168764/46494664/168764_Holts7_IMG_29_0000_max_476x317.png; https://media.rightmove.co.uk:443/dir/crop/10:9-16:9/169k/168764/46494664/168764_Holts7_IMG_31_0000_max_476x317.png; https://media.rightmove.co.uk:443/dir/crop/10:9-16:9/169k/168764/46494664/168764_Holts7_IMG_32_0000_max_476x317.png; https://media.rightmove.co.uk:443/dir/crop/10:9-16:9/169k/168764/46494664/168764_Holts7_IMG_33_0000_max_476x317.png; https://media.rightmove.co.uk:443/dir/crop/10:9-16:9/169k/168764/46494664/168764_7HOLTSCOURT_IMG_18_0000_max_476x317.jpg"
"46494505","Epping Forest","Office","Threshers Bush,CM17","£1,350 pcm","","","","New high grade office courtyard development of restored timber barns with GATED ACCESS, CCTV SECURITY and AMPLE PARKING. With close proximity to J7 of the M11, this office has AIR CONDITIONING with HIGH SPEED BROADBAND available. Unit has an interconnecting door to Unit 6 next door so can be as one ","https://www.rightmove.co.uk/properties/46494505#/?channel=COM_LET","2014-10-06T12:12:25Z","","new","Marketed by Bell and Co Estate Agents Limited, Braintree","","51.7624","0.17128","https://media.rightmove.co.uk:443/dir/crop/10:9-16:9/169k/168764/46494505/168764_005HOLTSCOURT_IMG_12_0000_max_476x317.jpg; https://media.rightmove.co.uk:443/dir/crop/10:9-16:9/169k/168764/46494505/168764_005HOLTSCOURT_IMG_16_0000_max_476x317.jpg; https://media.rightmove.co.uk:443/dir/crop/10:9-16:9/169k/168764/46494505/168764_005HOLTSCOURT_IMG_00_0000_max_476x317.jpg; https://media.rightmove.co.uk:443/dir/crop/10:9-16:9/169k/168764/46494505/168764_005HOLTSCOURT_IMG_02_0000_max_476x317.jpg; https://media.rightmove.co.uk:443/dir/crop/10:9-16:9/169k/168764/46494505/168764_005HOLTSCOURT_IMG_01_0000_max_476x317.jpg; https://media.rightmove.co.uk:443/dir/crop/10:9-16:9/169k/168764/46494505/168764_005HOLTSCOURT_IMG_04_0000_max_476x317.jpg; https://media.rightmove.co.uk:443/dir/crop/10:9-16:9/169k/168764/46494505/168764_005HOLTSCOURT_IMG_03_0000_max_476x317.jpg; https://media.rightmove.co.uk:443/dir/crop/10:9-16:9/169k/168764/46494505/168764_005HOLTSCOURT_IMG_09_0000_max_476x317.jpg; https://media.rightmove.co.uk:443/dir/crop/10:9-16:9/169k/168764/46494505/168764_005HOLTSCOURT_IMG_07_0000_max_476x317.jpg; https://media.rightmove.co.uk:443/dir/crop/10:9-16:9/169k/168764/46494505/168764_005HOLTSCOURT_IMG_05_0000_max_476x317.jpg; https://media.rightmove.co.uk:443/dir/crop/10:9-16:9/169k/168764/46494505/168764_005HOLTSCOURT_IMG_06_0000_max_476x317.jpg; https://media.rightmove.co.uk:443/dir/crop/10:9-16:9/169k/168764/46494505/168764_005HOLTSCOURT_IMG_08_0000_max_476x317.jpg; https://media.rightmove.co.uk:443/dir/crop/10:9-16:9/169k/168764/46494505/168764_005HOLTSCOURT_IMG_10_0000_max_476x317.jpg; https://media.rightmove.co.uk:443/dir/crop/10:9-16:9/169k/168764/46494505/168764_005HOLTSCOURT_IMG_13_0000_max_476x317.jpg; https://media.rightmove.co.uk:443/dir/crop/10:9-16:9/169k/168764/46494505/168764_005HOLTSCOURT_IMG_14_0000_max_476x317.jpg; https://media.rightmove.co.uk:443/dir/crop/10:9-16:9/169k/168764/46494505/168764_005HOLTSCOURT_IMG_17_0000_max_476x317.jpg"
"60850527","Epping Forest","Warehouse","High Laver, CM5","£5,833 pcm","","","","We are pleased to offer this FULLY INSULATED WAREHOUSE with INTERGRATED FREEZER ROLLER SHUTTER DOORS and 5 metre eave height. In a quiet, rural location between Harlow and Ongar. Easy access to the M11, A414 and M25. AMPLE PARKING ONSITE. Access available 24 hours. ","https://www.rightmove.co.uk/properties/60850527#/?channel=COM_LET","2019-03-12T12:52:48Z","","size_change","Marketed by Bell and Co Estate Agents Limited, Braintree","","51.75752","0.21133","https://media.rightmove.co.uk:443/dir/crop/10:9-16:9/169k/168764/60850527/168764_HighLaverMiddlebarn_IMG_09_0000_max_476x317.jpeg; https://media.rightmove.co.uk:443/dir/crop/10:9-16:9/169k/168764/60850527/168764_HighLaverMiddlebarn_IMG_07_0000_max_476x317.jpeg; https://media.rightmove.co.uk:443/dir/crop/10:9-16:9/169k/168764/60850527/168764_HighLaverMiddlebarn_IMG_00_0001_max_476x317.jpeg; https://media.rightmove.co.uk:443/dir/crop/10:9-16:9/169k/168764/60850527/168764_HighLaverMiddlebarn_IMG_06_0000_max_476x317.jpeg; https://media.rightmove.co.uk:443/dir/crop/10:9-16:9/169k/168764/60850527/168764_HighLaverMiddlebarn_IMG_05_0000_max_476x317.jpeg; https://media.rightmove.co.uk:443/dir/crop/10:9-16:9/169k/168764/60850527/168764_HighLaverMiddlebarn_IMG_08_0000_max_476x317.jpeg; https://media.rightmove.co.uk:443/dir/crop/10:9-16:9/169k/168764/60850527/168764_HighLaverMiddlebarn_IMG_01_0001_max_476x317.jpeg; https://media.rightmove.co.uk:443/dir/crop/10:9-16:9/169k/168764/60850527/168764_HighLaverMiddlebarn_IMG_02_0001_max_476x317.jpeg; https://media.rightmove.co.uk:443/dir/crop/10:9-16:9/169k/168764/60850527/168764_HighLaverMiddlebarn_IMG_03_0001_max_476x317.jpeg; https://media.rightmove.co.uk:443/dir/crop/10:9-16:9/169k/168764/60850527/168764_HighLaverMiddlebarn_IMG_04_0001_max_476x317.jpeg"
"167665952","Epping Forest","Warehouse","Storage Warehouse to Let at Waltham Abbey, Essex","£2,250 pcm","","","","1,730 sq ft newly built, fully insulated commercial unit available on a secure rural farm site, suitable for a variety of storage purposes. The unit benefits from an electric roller-shutter door, personnel door, concrete floor & apron and three-phase electricity. Availability: Now. Ins...","https://www.rightmove.co.uk/properties/167665952#/?channel=COM_LET","2025-10-01T13:45:35Z","","size_change","Marketed by Howie Kent & Co Ltd, Essex","","51.691974","0.008372","https://media.rightmove.co.uk:443/dir/crop/10:9-16:9/229k/228701/167665952/228701_HKC10150_IMG_00_0000_max_476x317.jpeg; https://media.rightmove.co.uk:443/dir/crop/10:9-16:9/229k/228701/167665952/228701_HKC10150_IMG_01_0000_max_476x317.jpeg; https://media.rightmove.co.uk:443/dir/crop/10:9-16:9/229k/228701/167665952/228701_HKC10150_IMG_02_0000_max_476x317.jpeg; https://media.rightmove.co.uk:443/dir/crop/10:9-16:9/229k/228701/167665952/228701_HKC10150_IMG_03_0000_max_476x317.jpeg; https://media.rightmove.co.uk:443/dir/crop/10:9-16:9/229k/228701/167665952/228701_HKC10150_IMG_04_0000_max_476x317.jpeg; https://media.rightmove.co.uk:443/dir/crop/10:9-16:9/229k/228701/167665952/228701_HKC10150_IMG_05_0000_max_476x317.jpeg; https://media.rightmove.co.uk:443/dir/crop/10:9-16:9/229k/228701/167665952/228701_HKC10150_IMG_06_0000_max_476x317.jpeg; https://media.rightmove.co.uk:443/dir/crop/10:9-16:9/229k/228701/167665952/228701_HKC10150_IMG_07_0000_max_476x317.jpeg; https://media.rightmove.co.uk:443/dir/crop/10:9-16:9/229k/228701/167665952/228701_HKC10150_IMG_08_0000_max_476x317.jpeg; https://media.rightmove.co.uk:443/dir/crop/10:9-16:9/229k/228701/167665952/228701_HKC10150_IMG_09_0000_max_476x317.jpeg; https://media.rightmove.co.uk:443/dir/crop/10:9-16:9/229k/228701/167665952/228701_HKC10150_IMG_10_0000_max_476x317.jpeg; https://media.rightmove.co.uk:443/dir/crop/10:9-16:9/229k/228701/167665952/228701_HKC10150_IMG_11_0000_max_476x317.jpeg; https://media.rightmove.co.uk:443/dir/crop/10:9-16:9/229k/228701/167665952/228701_HKC10150_IMG_12_0000_max_476x317.jpeg"
"167665100","Epping Forest","Warehouse","Storage Warehouse to Let in Ongar/Epping, Essex – 3,500 sqft","£2,300 pcm","","","","3,500 storage warehouse to let on a semi-rural commercial site in south Maldon.","https://www.rightmove.co.uk/properties/167665100#/?channel=COM_LET","2025-10-01T13:32:43Z","","new","Marketed by Howie Kent & Co Ltd, Essex","","51.700016","0.191659","https://media.rightmove.co.uk:443/dir/crop/10:9-16:9/229k/228701/167665100/228701_HKC10396_IMG_00_0000_max_476x317.jpeg; https://media.rightmove.co.uk:443/dir/crop/10:9-16:9/229k/228701/167665100/228701_HKC10396_IMG_01_0000_max_476x317.jpeg; https://media.rightmove.co.uk:443/dir/crop/10:9-16:9/229k/228701/167665100/228701_HKC10396_IMG_02_0000_max_476x317.jpeg; https://media.rightmove.co.uk:443/dir/crop/10:9-16:9/229k/228701/167665100/228701_HKC10396_IMG_03_0000_max_476x317.jpeg"
"167278571","Epping Forest","Light Industrial","Brooker Road, Waltham Abbey","£4,995 pcm","","","","** GROUND FLOOR COMMERCIAL SPACE TO LET ** - Situated on Brooker Road in Waltham Abbey which is home to a variety of businesses. Within Waltham Abbey itself there are a number of shops, cafes and restaurants. Designed to accommodate a wide range of businesses, this unit of approximately 3,246 sq ...","https://www.rightmove.co.uk/properties/167278571#/?channel=COM_LET","2025-09-22T17:08:26Z","","size_change","Marketed by Clarke Hillyer Limited, Loughton","","51.681533","-0.004333","https://media.rightmove.co.uk:443/dir/crop/10:9-16:9/217k/216248/167278571/216248_34190109_IMG_00_0000_max_476x317.jpeg; https://media.rightmove.co.uk:443/dir/crop/10:9-16:9/217k/216248/167278571/216248_34190109_IMG_01_0000_max_476x317.jpeg; https://media.rightmove.co.uk:443/dir/crop/10:9-16:9/217k/216248/167278571/216248_34190109_IMG_02_0000_max_476x317.jpeg; https://media.rightmove.co.uk:443/dir/crop/10:9-16:9/217k/216248/167278571/216248_34190109_IMG_03_0000_max_476x317.jpeg; https://media.rightmove.co.uk:443/dir/crop/10:9-16:9/217k/216248/167278571/216248_34190109_IMG_04_0000_max_476x317.jpeg; https://media.rightmove.co.uk:443/dir/crop/10:9-16:9/217k/216248/167278571/216248_34190109_IMG_05_0000_max_476x317.jpeg"
"167277911","Epping Forest","Office","Brooker Road, Waltham Abbey","£349 pcm","","","","** SERVICED OFFICES WITH PARKING TO LET ** - Situated on Brooker Road in Waltham Abbey, the M25 Business Centre is home to a variety of businesses. The building itself is made up of 4 floors and each of these is divided into various sized serviced offices, meeting rooms, break out areas, kitchene...","https://www.rightmove.co.uk/properties/167277911#/?channel=COM_LET","2025-09-22T17:00:21Z","","new","Marketed by Clarke Hillyer Limited, Loughton","","51.681533","-0.004333","https://media.rightmove.co.uk:443/dir/crop/10:9-16:9/217k/216248/167277911/216248_34190076_IMG_00_0000_max_476x317.jpeg; https://media.rightmove.co.uk:443/dir/crop/10:9-16:9/217k/216248/167277911/216248_34190076_IMG_01_0000_max_476x317.jpeg; https://media.rightmove.co.uk:443/dir/crop/10:9-16:9/217k/216248/167277911/216248_34190076_IMG_02_0000_max_476x317.jpeg; https://media.rightmove.co.uk:443/dir/crop/10:9-16:9/217k/216248/167277911/216248_34190076_IMG_03_0000_max_476x317.jpeg; https://media.rightmove.co.uk:443/dir/crop/10:9-16:9/217k/216248/167277911/216248_34190076_IMG_04_0000_max_476x317.jpeg; https://media.rightmove.co.uk:443/dir/crop/10:9-16:9/217k/216248/167277911/216248_34190076_IMG_05_0000_max_476x317.jpeg; https://media.rightmove.co.uk:443/dir/crop/10:9-16:9/217k/216248/167277911/216248_34190076_IMG_06_0000_max_476x317.jpeg; https://media.rightmove.co.uk:443/dir/crop/10:9-16:9/217k/216248/167277911/216248_34190076_IMG_07_0000_max_476x317.jpeg"
"167258222","Epping Forest","Warehouse","Unit 5, IO Centre, Lea Road, Waltham Abbey, Hertfordshire, EN9","POA","","","","Unit 5 comprises a modern mid terrace warehouse/logistics unit of steel portal frame construction. The reception and full height warehouse benefit from first floor office accommodation. Loading to the warehouse is provided by a full height loading doors. Outside is a generous loading apron plus d...","https://www.rightmove.co.uk/properties/167258222#/?channel=COM_LET","2025-09-22T12:25:17Z","","new","Marketed by Glenny, North London and Hertfordshire","","51.68285","-0.014332","https://media.rightmove.co.uk:443/dir/crop/10:9-16:9/67k/66657/167258222/66657_50287LH_IMG_00_0000_max_476x317.jpeg; https://media.rightmove.co.uk:443/dir/crop/10:9-16:9/67k/66657/167258222/66657_50287LH_IMG_01_0000_max_476x317.jpeg"
"167102462","Epping Forest","Land","Hardstanding Commercial Yard to Let near Theydon Bois, Epping, Essex","£9,250 pcm","From","","","Hardstanding yard available to let on a secure semi-rural site near Epping with good M25 and M11 access.","https://www.rightmove.co.uk/properties/167102462#/?channel=COM_LET","2025-09-17T15:06:41Z","","size_change","Marketed by Howie Kent & Co Ltd, Essex","","51.676162","0.131325","https://media.rightmove.co.uk:443/dir/crop/10:9-16:9/229k/228701/167102462/228701_HKC10452_IMG_00_0000_max_476x317.jpeg; https://media.rightmove.co.uk:443/dir/crop/10:9-16:9/229k/228701/167102462/228701_HKC10452_IMG_01_0000_max_476x317.jpeg; https://media.rightmove.co.uk:443/dir/crop/10:9-16:9/229k/228701/167102462/228701_HKC10452_IMG_02_0000_max_476x317.jpeg; https://media.rightmove.co.uk:443/dir/crop/10:9-16:9/229k/228701/167102462/228701_HKC10452_IMG_03_0000_max_476x317.jpeg; https://media.rightmove.co.uk:443/dir/crop/10:9-16:9/229k/228701/167102462/228701_HKC10452_IMG_04_0000_max_476x317.jpeg; https://media.rightmove.co.uk:443/dir/crop/10:9-16:9/229k/228701/167102462/228701_HKC10452_IMG_05_0000_max_476x317.jpeg; https://media.rightmove.co.uk:443/dir/crop/10:9-16:9/229k/228701/167102462/228701_HKC10452_IMG_06_0000_max_476x317.jpeg; https://media.rightmove.co.uk:443/dir/crop/10:9-16:9/229k/228701/167102462/228701_HKC10452_IMG_07_0000_max_476x317.jpeg"
"52273037","Epping Forest","Office","Threshers Bush,CM17","£775 pcm","","","","HOLTS COURT UNIT 8 - Almost new high grade office courtyard development of restored timber barns benefiting from GATED ACCESS, CCTV and PARKING FACILITIES. With close proximity to J7 of the M11 the site offers scenic views in a quiet location. Enviable location, must be seen. See full details","https://www.rightmove.co.uk/properties/52273037#/?channel=COM_LET","2015-05-18T15:00:33Z","","price_reduced","Marketed by Bell and Co Estate Agents Limited, Braintree","","51.76241","0.17139","https://media.rightmove.co.uk:443/dir/crop/10:9-16:9/169k/168764/52273037/168764_HoltsCourt9_IMG_01_0000_max_476x317.jpg; https://media.rightmove.co.uk:443/dir/crop/10:9-16:9/169k/168764/52273037/168764_HoltsCourt9_IMG_00_0000_max_476x317.jpg; https://media.rightmove.co.uk:443/dir/crop/10:9-16:9/169k/168764/52273037/168764_HoltsCourt9_IMG_06_0000_max_476x317.jpg; https://media.rightmove.co.uk:443/dir/crop/10:9-16:9/169k/168764/52273037/168764_HoltsCourt9_IMG_04_0000_max_476x317.jpg; https://media.rightmove.co.uk:443/dir/crop/10:9-16:9/169k/168764/52273037/168764_HoltsCourt8_IMG_07_0000_max_476x317.jpeg; https://media.rightmove.co.uk:443/dir/crop/10:9-16:9/169k/168764/52273037/168764_HoltsCourt8_IMG_08_0000_max_476x317.jpeg; https://media.rightmove.co.uk:443/dir/crop/10:9-16:9/169k/168764/52273037/168764_HoltsCourt8_IMG_09_0000_max_476x317.jpeg"
"166747139","Epping Forest","Showroom","Langston Road, Loughton, Essex, IG10","£1,155 pcm","From","1","1","8 individual working spaces for you to create, build, and grow at STOREX Fab Labs, Langston Rd. Enjoy natural light, digital Noke access, shared facilities, and your own private space opposite Epping Forest Shopping Park. Simple, secure, and professional.","https://www.rightmove.co.uk/properties/166747139#/?channel=COM_LET","2025-09-08T22:47:56Z","","new","Marketed by Storex Self Storage, STOREX Self Storage Loughton","","51.64349","0.08364","https://media.rightmove.co.uk:443/dir/crop/10:9-16:9/292k/291869/166747139/291869_LoughtonTech_IMG_00_0000_max_476x317.jpeg; https://media.rightmove.co.uk:443/dir/crop/10:9-16:9/292k/291869/166747139/291869_LoughtonTech_IMG_01_0000_max_476x317.jpeg; https://media.rightmove.co.uk:443/dir/crop/10:9-16:9/292k/291869/166747139/291869_LoughtonTech_IMG_02_0000_max_476x317.jpeg; https://media.rightmove.co.uk:443/dir/crop/10:9-16:9/292k/291869/166747139/291869_LoughtonTech_IMG_03_0000_max_476x317.jpeg; https://media.rightmove.co.uk:443/dir/crop/10:9-16:9/292k/291869/166747139/291869_LoughtonTech_IMG_04_0000_max_476x317.jpeg; https://media.rightmove.co.uk:443/dir/crop/10:9-16:9/292k/291869/166747139/291869_LoughtonTech_IMG_05_0000_max_476x317.jpeg; https://media.rightmove.co.uk:443/dir/crop/10:9-16:9/292k/291869/166747139/291869_LoughtonTech_IMG_06_0000_max_476x317.jpeg; https://media.rightmove.co.uk:443/dir/crop/10:9-16:9/292k/291869/166747139/291869_LoughtonTech_IMG_07_0000_max_476x317.jpeg"
"166747127","Epping Forest","Light Industrial","Langston Road, Loughton, Essex, IG10","£1,155 pcm","From","1","1","8 individual working spaces for you to create, build, and grow at STOREX Fab Labs, Langston Rd. Enjoy natural light, digital Noke access, shared facilities, and your own private space opposite Epping Forest Shopping Park. Simple, secure, and professional.","https://www.rightmove.co.uk/properties/166747127#/?channel=COM_LET","2025-09-08T22:45:37Z","","new","Marketed by Storex Self Storage, STOREX Self Storage Loughton","","51.64349","0.08364","https://media.rightmove.co.uk:443/dir/crop/10:9-16:9/292k/291869/166747127/291869_LoughtonBeauty_IMG_00_0000_max_476x317.jpeg; https://media.rightmove.co.uk:443/dir/crop/10:9-16:9/292k/291869/166747127/291869_LoughtonBeauty_IMG_01_0000_max_476x317.jpeg; https://media.rightmove.co.uk:443/dir/crop/10:9-16:9/292k/291869/166747127/291869_LoughtonBeauty_IMG_02_0000_max_476x317.jpeg; https://media.rightmove.co.uk:443/dir/crop/10:9-16:9/292k/291869/166747127/291869_LoughtonBeauty_IMG_03_0000_max_476x317.jpeg; https://media.rightmove.co.uk:443/dir/crop/10:9-16:9/292k/291869/166747127/291869_LoughtonBeauty_IMG_04_0000_max_476x317.jpeg; https://media.rightmove.co.uk:443/dir/crop/10:9-16:9/292k/291869/166747127/291869_LoughtonBeauty_IMG_05_0000_max_476x317.jpeg; https://media.rightmove.co.uk:443/dir/crop/10:9-16:9/292k/291869/166747127/291869_LoughtonBeauty_IMG_06_0000_max_476x317.jpeg; https://media.rightmove.co.uk:443/dir/crop/10:9-16:9/292k/291869/166747127/291869_LoughtonBeauty_IMG_07_0000_max_476x317.jpeg"
"166747064","Epping Forest","Workshop","Langston Road, Loughton, Essex, IG10","£1,155 pcm","From","1","1","8 individual working spaces for you to create, build, and grow at STOREX Fab Labs, Langston Rd. Enjoy natural light, digital Noke access, shared facilities, and your own private space opposite Epping Forest Shopping Park. Simple, secure, and professional.","https://www.rightmove.co.uk/properties/166747064#/?channel=COM_LET","2025-09-08T22:43:31Z","","new","Marketed by Storex Self Storage, STOREX Self Storage Loughton","","51.64349","0.08364","https://media.rightmove.co.uk:443/dir/crop/10:9-16:9/292k/291869/166747064/291869_Loughton_IMG_02_0000_max_476x317.jpeg; https://media.rightmove.co.uk:443/dir/crop/10:9-16:9/292k/291869/166747064/291869_Loughton_IMG_00_0000_max_476x317.jpeg; https://media.rightmove.co.uk:443/dir/crop/10:9-16:9/292k/291869/166747064/291869_Loughton_IMG_01_0000_max_476x317.jpeg; https://media.rightmove.co.uk:443/dir/crop/10:9-16:9/292k/291869/166747064/291869_Loughton_IMG_03_0000_max_476x317.jpeg; https://media.rightmove.co.uk:443/dir/crop/10:9-16:9/292k/291869/166747064/291869_Loughton_IMG_04_0000_max_476x317.jpeg; https://media.rightmove.co.uk:443/dir/crop/10:9-16:9/292k/291869/166747064/291869_Loughton_IMG_05_0000_max_476x317.jpeg; https://media.rightmove.co.uk:443/dir/crop/10:9-16:9/292k/291869/166747064/291869_Loughton_IMG_06_0000_max_476x317.jpeg; https://media.rightmove.co.uk:443/dir/crop/10:9-16:9/292k/291869/166747064/291869_Loughton_IMG_07_0000_max_476x317.jpeg"
"157106645","Epping Forest","Commercial Property","Brooker Road, Waltham Abbey, EN9","£4,995 pcm","","","","3500 sqf self contained unit located to rear of a busy office building in Waltham Abbey.","https://www.rightmove.co.uk/properties/157106645#/?channel=COM_LET","2025-01-20T12:18:49Z","","size_change","Marketed by PEACH PROPERTIES (UK) LIMITED, London","","51.681953","-0.003652","https://media.rightmove.co.uk:443/dir/crop/10:9-16:9/272k/271343/157106645/271343_33615215_IMG_02_0001_max_476x317.jpeg; https://media.rightmove.co.uk:443/dir/crop/10:9-16:9/272k/271343/157106645/271343_33615215_IMG_03_0001_max_476x317.jpeg; https://media.rightmove.co.uk:443/dir/crop/10:9-16:9/272k/271343/157106645/271343_33615215_IMG_01_0000_max_476x317.jpeg; https://media.rightmove.co.uk:443/dir/crop/10:9-16:9/272k/271343/157106645/271343_33615215_IMG_04_0001_max_476x317.jpeg; https://media.rightmove.co.uk:443/dir/crop/10:9-16:9/272k/271343/157106645/271343_33615215_IMG_05_0001_max_476x317.jpeg; https://media.rightmove.co.uk:443/dir/crop/10:9-16:9/272k/271343/157106645/271343_33615215_IMG_06_0001_max_476x317.jpeg; https://media.rightmove.co.uk:443/dir/crop/10:9-16:9/272k/271343/157106645/271343_33615215_IMG_07_0001_max_476x317.jpeg; https://media.rightmove.co.uk:443/dir/crop/10:9-16:9/272k/271343/157106645/271343_33615215_IMG_08_0001_max_476x317.jpeg; https://media.rightmove.co.uk:443/dir/crop/10:9-16:9/272k/271343/157106645/271343_33615215_IMG_09_0001_max_476x317.jpeg"
"169218635","Epping Forest","Office","Langston Road, Loughton","£2,479 pcm","","","","** OFFICE/LIGHT-INDUSTRIAL UNIT TO LET WITH PARKING ** - Situated on Langston Road, Loughton. Along Langston Road are a number of well-known occupiers such as BMW, Mercedes, Volkswagen, Kier (London) and the Higgins Group. Access to the motorway network is via Junction 5 of the M11 (southbound on...","https://www.rightmove.co.uk/properties/169218635#/?channel=COM_LET","2025-11-11T11:34:13Z","","new","Marketed by Clarke Hillyer Limited, Loughton","","51.643878","0.086695","https://media.rightmove.co.uk:443/dir/crop/10:9-16:9/217k/216248/169218635/216248_34298395_IMG_00_0000_max_476x317.jpeg; https://media.rightmove.co.uk:443/dir/crop/10:9-16:9/217k/216248/169218635/216248_34298395_IMG_01_0000_max_476x317.jpeg; https://media.rightmove.co.uk:443/dir/crop/10:9-16:9/217k/216248/169218635/216248_34298395_IMG_02_0000_max_476x317.jpeg; https://media.rightmove.co.uk:443/dir/crop/10:9-16:9/217k/216248/169218635/216248_34298395_IMG_03_0000_max_476x317.jpeg; https://media.rightmove.co.uk:443/dir/crop/10:9-16:9/217k/216248/169218635/216248_34298395_IMG_05_0000_max_476x317.jpeg; https://media.rightmove.co.uk:443/dir/crop/10:9-16:9/217k/216248/169218635/216248_34298395_IMG_04_0000_max_476x317.jpeg; https://media.rightmove.co.uk:443/dir/crop/10:9-16:9/217k/216248/169218635/216248_34298395_IMG_06_0000_max_476x317.jpeg; https://media.rightmove.co.uk:443/dir/crop/10:9-16:9/217k/216248/169218635/216248_34298395_IMG_07_0000_max_476x317.jpeg"
"166371365","Epping Forest","Office","Rural Workspace To Let Near Epping, Essex","£1,250 pcm","","","1","1,050sqft Office/Workshop To Let Near Epping, Essex","https://www.rightmove.co.uk/properties/166371365#/?channel=COM_LET","2025-08-29T15:43:13Z","","new","Marketed by Howie Kent & Co Ltd, Essex","","51.708976","0.12166","https://media.rightmove.co.uk:443/dir/crop/10:9-16:9/229k/228701/166371365/228701_HKC10436_IMG_00_0000_max_476x317.jpeg; https://media.rightmove.co.uk:443/dir/crop/10:9-16:9/229k/228701/166371365/228701_HKC10436_IMG_01_0000_max_476x317.jpeg; https://media.rightmove.co.uk:443/dir/crop/10:9-16:9/229k/228701/166371365/228701_HKC10436_IMG_02_0000_max_476x317.jpeg; https://media.rightmove.co.uk:443/dir/crop/10:9-16:9/229k/228701/166371365/228701_HKC10436_IMG_03_0000_max_476x317.jpeg; https://media.rightmove.co.uk:443/dir/crop/10:9-16:9/229k/228701/166371365/228701_HKC10436_IMG_04_0000_max_476x317.jpeg"
"166251197","Epping Forest","Workshop","Epping","£1,250 pcm","Fixed Price","","","Workshop to let in Epping. The unit measures 1,050 square feet and offers modern workshop space with kitchen and toilet facilities. The unit is sat within an established business centre with links to major transport links.","https://www.rightmove.co.uk/properties/166251197#/?channel=COM_LET","2025-08-27T09:00:06Z","","new","Marketed by Whirledge and Nott, Commercial","","51.70891","0.12153","https://media.rightmove.co.uk:443/dir/crop/10:9-16:9/174k/173735/166251197/173735_4906_IMG_00_0000_max_476x317.jpeg; https://media.rightmove.co.uk:443/dir/crop/10:9-16:9/174k/173735/166251197/173735_4906_IMG_01_0000_max_476x317.jpeg; https://media.rightmove.co.uk:443/dir/crop/10:9-16:9/174k/173735/166251197/173735_4906_IMG_02_0000_max_476x317.jpeg; https://media.rightmove.co.uk:443/dir/crop/10:9-16:9/174k/173735/166251197/173735_4906_IMG_03_0000_max_476x317.jpeg; https://media.rightmove.co.uk:443/dir/crop/10:9-16:9/174k/173735/166251197/173735_4906_IMG_04_0000_max_476x317.jpeg; https://media.rightmove.co.uk:443/dir/crop/10:9-16:9/174k/173735/166251197/173735_4906_IMG_05_0000_max_476x317.jpeg; https://media.rightmove.co.uk:443/dir/crop/10:9-16:9/174k/173735/166251197/173735_4906_IMG_06_0000_max_476x317.jpeg; https://media.rightmove.co.uk:443/dir/crop/10:9-16:9/174k/173735/166251197/173735_4906_IMG_07_0000_max_476x317.jpeg; https://media.rightmove.co.uk:443/dir/crop/10:9-16:9/174k/173735/166251197/173735_4906_IMG_08_0000_max_476x317.jpeg"
"145393934","Epping Forest","Storage","Waltham Abbey","£160 pcm","Fixed Price","","","20' Storage containers to let on secure site just off the B194 at Waltham Abbey.","https://www.rightmove.co.uk/properties/145393934#/?channel=COM_LET","2024-03-04T15:10:05Z","","price_reduced","Marketed by Whirledge and Nott, Commercial","","51.70565","-0.0057","https://media.rightmove.co.uk:443/dir/crop/10:9-16:9/property-photo/588e657fd/145393934/588e657fd64434333211f3ae0f5866d7_max_476x317.jpeg; https://media.rightmove.co.uk:443/dir/crop/10:9-16:9/property-photo/116869dba/145393934/116869dba1f96d291483c9849a63d8ef_max_476x317.jpeg"
"154745891","Epping Forest","Warehouse","2,000 sq ft Warehouse to Let at Waltham Abbey, Essex","£2,250 pcm","","","","2,000 sq ft newly built, fully insulated commercial unit available on a secure rural farm site, suitable for a variety of storage purposes.","https://www.rightmove.co.uk/properties/154745891#/?channel=COM_LET","2024-11-08T09:19:45Z","","price_reduced","Marketed by Howie Kent & Co Ltd, Essex","","51.693032","0.016789","https://media.rightmove.co.uk:443/dir/crop/10:9-16:9/229k/228701/154745891/228701_HKC10322_IMG_01_0000_max_476x317.jpeg; https://media.rightmove.co.uk:443/dir/crop/10:9-16:9/229k/228701/154745891/228701_HKC10322_IMG_00_0000_max_476x317.jpeg; https://media.rightmove.co.uk:443/dir/crop/10:9-16:9/229k/228701/154745891/228701_HKC10322_IMG_04_0000_max_476x317.jpeg; https://media.rightmove.co.uk:443/dir/crop/10:9-16:9/229k/228701/154745891/228701_HKC10322_IMG_02_0000_max_476x317.jpeg; https://media.rightmove.co.uk:443/dir/crop/10:9-16:9/229k/228701/154745891/228701_HKC10322_IMG_03_0000_max_476x317.jpeg"
"151544735","Epping Forest","Storage","20ft Containers to Let at Waltham Abbey, Essex","£160 pcm","","","","20ft x 8ft storage containers available on a secure rural site, suitable for a variety of storage purposes. The site is located two miles north of Waltham Abbey with good access to J26 of the M25, and onwards to the A10 and north London. Use: Storage only. Location: The site is located two...","https://www.rightmove.co.uk/properties/151544735#/?channel=COM_LET","2024-08-20T17:06:23Z","","price_reduced","Marketed by Howie Kent & Co Ltd, Essex","","51.693255","0.016928","https://media.rightmove.co.uk:443/dir/crop/10:9-16:9/229k/228701/151544735/228701_HKC10224_IMG_00_0001_max_476x317.jpeg; https://media.rightmove.co.uk:443/dir/crop/10:9-16:9/229k/228701/151544735/228701_HKC10224_IMG_01_0001_max_476x317.jpeg"
"166065140","Epping Forest","Storage","Berners Roding","£400 pcm","Fixed Price","","","Commercial property to let in Berners Roding. The unit measures 281 square feet and offers a fully insulated and secure space. The site is linked to the A1060 and the A414.","https://www.rightmove.co.uk/properties/166065140#/?channel=COM_LET","2025-08-21T15:35:03Z","","new","Marketed by Whirledge and Nott, Commercial","","51.75909","0.30719","https://media.rightmove.co.uk:443/dir/crop/10:9-16:9/174k/173735/166065140/173735_4884_IMG_00_0000_max_476x317.jpeg; https://media.rightmove.co.uk:443/dir/crop/10:9-16:9/174k/173735/166065140/173735_4884_IMG_01_0000_max_476x317.jpeg; https://media.rightmove.co.uk:443/dir/crop/10:9-16:9/174k/173735/166065140/173735_4884_IMG_02_0000_max_476x317.jpeg; https://media.rightmove.co.uk:443/dir/crop/10:9-16:9/174k/173735/166065140/173735_4884_IMG_03_0000_max_476x317.jpeg; https://media.rightmove.co.uk:443/dir/crop/10:9-16:9/174k/173735/166065140/173735_4884_IMG_04_0000_max_476x317.jpeg"
"166044353","Epping Forest","Office","Forest Road, Loughton","£650 pcm","","","","** OFFICE TO LET ** - Situated on Forest Road, a predominantly residential area, which is located off the High Road, the main shopping area in Loughton. The Central Line Underground station at Loughton provides a regular commuter service to and from London and access to the motorway network is vi...","https://www.rightmove.co.uk/properties/166044353#/?channel=COM_LET","2025-08-21T10:24:43Z","","new","Marketed by Clarke Hillyer Limited, Loughton","","51.648445","0.052944","https://media.rightmove.co.uk:443/dir/crop/10:9-16:9/217k/216248/166044353/216248_34119764_IMG_01_0000_max_476x317.jpeg; https://media.rightmove.co.uk:443/dir/crop/10:9-16:9/217k/216248/166044353/216248_34119764_IMG_02_0000_max_476x317.jpeg; https://media.rightmove.co.uk:443/dir/crop/10:9-16:9/217k/216248/166044353/216248_34119764_IMG_00_0000_max_476x317.jpeg; https://media.rightmove.co.uk:443/dir/crop/10:9-16:9/217k/216248/166044353/216248_34119764_IMG_03_0000_max_476x317.jpeg; https://media.rightmove.co.uk:443/dir/crop/10:9-16:9/217k/216248/166044353/216248_34119764_IMG_04_0000_max_476x317.jpeg"
"166009466","Epping Forest","Warehouse","Wx-192, IO Centre, Lea Road, Waltham Abbey, EN9 1AS","POA","","","","WX-192 PROVIDES 191,947 SQ FT OF HIGH QUALITY WAREHOUSE SPACE, WHICH IS TARGETED TO ACHIEVE A BREEAM ‘VERY GOOD’ RATING AND EPC ‘A’ RATING.","https://www.rightmove.co.uk/properties/166009466#/?channel=COM_LET","2025-08-20T13:23:16Z","","new","Marketed by Savills, Margaret Street - Offices","","51.682851","-0.014332","https://media.rightmove.co.uk:443/dir/crop/10:9-16:9/211k/210155/166009466/210155_236014-2_IMG_00_0000_max_476x317.jpeg"
"721598884092960","Epping Forest","Distribution Warehouse","8 Orbital Business Centre, Brooker Road, Waltham Abbey, EN9 1JH","£3,208 pcm","","","","Industrial/warehouse with mezzanine","https://www.rightmove.co.uk/properties/721598884092960#/?channel=COM_LET","2025-11-26T11:20:06Z","","new","Marketed by Derrick Wade Waters, Industrial","","51.68179","-0.002875","https://media.rightmove.co.uk:443/dir/crop/10:9-16:9/106k/105212/721598884092960/105212_326289-2_IMG_00_0000_max_476x317.jpeg; https://media.rightmove.co.uk:443/dir/crop/10:9-16:9/106k/105212/721598884092960/105212_326289-2_IMG_01_0000_max_476x317.jpeg; https://media.rightmove.co.uk:443/dir/crop/10:9-16:9/106k/105212/721598884092960/105212_326289-2_IMG_02_0000_max_476x317.jpeg"
"138542762","Epping Forest","Commercial Property","High Road, North Weald, Essex CM16","£650 pcm","","","1","To Let is this commercial premises situated on the High Road, North Weald and is Approx.204 SQFT. Two parking spaces to the front. Beautifully decorated inside an out, currently used as a women's clothing boutique. To the rear is a kitchen & WC. Please contact Davis Homes now for further ...","https://www.rightmove.co.uk/properties/138542762#/?channel=COM_LET","2023-08-11T12:03:23Z","","price_reduced","Marketed by Davis Homes, Essex & London","","51.714455","0.167221","https://media.rightmove.co.uk:443/dir/crop/10:9-16:9/85k/84478/138542762/84478_6547_IMG_00_0001_max_476x317.jpeg; https://media.rightmove.co.uk:443/dir/crop/10:9-16:9/85k/84478/138542762/84478_6547_IMG_01_0001_max_476x317.jpeg; https://media.rightmove.co.uk:443/dir/crop/10:9-16:9/85k/84478/138542762/84478_6547_IMG_02_0001_max_476x317.jpeg; https://media.rightmove.co.uk:443/dir/crop/10:9-16:9/85k/84478/138542762/84478_6547_IMG_03_0001_max_476x317.jpeg"
"165735131","Epping Forest","Light Industrial","Unit 4 & Rear Yard Area, The Old Coachworks, High Road, Thornwood Common, Epping, Essex, CM16","£2,708 pcm","","","","Unit 4 comprises a light industrial/warehouse/office unit, accessed via a roller shutter door and providing an open workspace. There is a W/C and mains services. The yard area provides a regular shaped, level yard/car park/compound, secure with gated access. The property forms part of a larger co...","https://www.rightmove.co.uk/properties/165735131#/?channel=COM_LET","2025-08-14T10:15:06Z","","new","Marketed by Kemsley LLP, Chelmsford","","51.719624","0.130471","https://media.rightmove.co.uk:443/dir/crop/10:9-16:9/265k/264539/165735131/264539_8907208LH_IMG_00_0000_max_476x317.jpeg; https://media.rightmove.co.uk:443/dir/crop/10:9-16:9/265k/264539/165735131/264539_8907208LH_IMG_01_0000_max_476x317.jpeg; https://media.rightmove.co.uk:443/dir/crop/10:9-16:9/265k/264539/165735131/264539_8907208LH_IMG_02_0000_max_476x317.jpeg; https://media.rightmove.co.uk:443/dir/crop/10:9-16:9/265k/264539/165735131/264539_8907208LH_IMG_03_0000_max_476x317.jpeg; https://media.rightmove.co.uk:443/dir/crop/10:9-16:9/265k/264539/165735131/264539_8907208LH_IMG_04_0000_max_476x317.jpeg; https://media.rightmove.co.uk:443/dir/crop/10:9-16:9/265k/264539/165735131/264539_8907208LH_IMG_05_0000_max_476x317.jpeg; https://media.rightmove.co.uk:443/dir/crop/10:9-16:9/265k/264539/165735131/264539_8907208LH_IMG_06_0000_max_476x317.jpeg"
"165596249","Epping Forest","Office","Langston Road, Loughton","£7,083 pcm","","","","** OFFICE TO LET ** - Sterling House is located on Langston Road in Loughton, Essex. Also situated along the road are a number of well-known occupiers such as BMW, Volkswagen and the Higgins Group. Epping Forest Retail Park is opposite the property and this is home to many established brands suc...","https://www.rightmove.co.uk/properties/165596249#/?channel=COM_LET","2025-08-11T11:09:45Z","","new","Marketed by Clarke Hillyer Limited, Loughton","","51.645313","0.087628","https://media.rightmove.co.uk:443/dir/crop/10:9-16:9/217k/216248/165596249/216248_34095763_IMG_04_0000_max_476x317.jpeg; https://media.rightmove.co.uk:443/dir/crop/10:9-16:9/217k/216248/165596249/216248_34095763_IMG_02_0000_max_476x317.jpeg; https://media.rightmove.co.uk:443/dir/crop/10:9-16:9/217k/216248/165596249/216248_34095763_IMG_03_0000_max_476x317.jpeg; https://media.rightmove.co.uk:443/dir/crop/10:9-16:9/217k/216248/165596249/216248_34095763_IMG_00_0000_max_476x317.jpeg; https://media.rightmove.co.uk:443/dir/crop/10:9-16:9/217k/216248/165596249/216248_34095763_IMG_01_0000_max_476x317.jpeg"
"155439839","Epping Forest","Land","Theydon Business Park, Hobbs Cross Road, Epping, Essex, CM16","POA","","","","Yard 5, which can be split, comprises a secure, gated compound laid to Type 1 surfacing. The yard is accessed via Hobbs Cross Road, and benefits from an unrestricted 24/7 use. Mains power and water is provided to compounds.","https://www.rightmove.co.uk/properties/155439839#/?channel=COM_LET","2024-11-27T15:25:12Z","","size_change","Marketed by Kemsley LLP, Chelmsford","","51.673012","0.133412","https://media.rightmove.co.uk:443/dir/crop/10:9-16:9/265k/264539/155439839/264539_8905770LH_IMG_19_0000_max_476x317.jpeg; https://media.rightmove.co.uk:443/dir/crop/10:9-16:9/265k/264539/155439839/264539_8905770LH_IMG_12_0001_max_476x317.jpeg; https://media.rightmove.co.uk:443/dir/crop/10:9-16:9/265k/264539/155439839/264539_8905770LH_IMG_13_0001_max_476x317.jpeg; https://media.rightmove.co.uk:443/dir/crop/10:9-16:9/265k/264539/155439839/264539_8905770LH_IMG_14_0001_max_476x317.jpeg; https://media.rightmove.co.uk:443/dir/crop/10:9-16:9/265k/264539/155439839/264539_8905770LH_IMG_15_0001_max_476x317.jpeg; https://media.rightmove.co.uk:443/dir/crop/10:9-16:9/265k/264539/155439839/264539_8905770LH_IMG_16_0001_max_476x317.jpeg; https://media.rightmove.co.uk:443/dir/crop/10:9-16:9/265k/264539/155439839/264539_8905770LH_IMG_17_0000_max_476x317.jpeg"
"721602071858833","Epping Forest","Office","Unit L2B, The Maltings, Station Road, Sawbridgeworth, CM21 9JX","£700 pcm","","","","First floor office, suitable for a variety of uses, located next to Sawbridgeworth Station, 2 car parking spaces, flexible options available","https://www.rightmove.co.uk/properties/721602071858833#/?channel=COM_LET","2025-11-26T11:53:06Z","","new","Marketed by Derrick Wade Waters, Office and Retail","","51.812226","0.159248","https://media.rightmove.co.uk:443/dir/crop/10:9-16:9/56k/55980/721602071858833/55980_317885-2_IMG_00_0000_max_476x317.jpeg; https://media.rightmove.co.uk:443/dir/crop/10:9-16:9/56k/55980/721602071858833/55980_317885-2_IMG_01_0000_max_476x317.jpeg; https://media.rightmove.co.uk:443/dir/crop/10:9-16:9/56k/55980/721602071858833/55980_317885-2_IMG_02_0000_max_476x317.jpeg; https://media.rightmove.co.uk:443/dir/crop/10:9-16:9/56k/55980/721602071858833/55980_317885-2_IMG_03_0000_max_476x317.jpeg; https://media.rightmove.co.uk:443/dir/crop/10:9-16:9/56k/55980/721602071858833/55980_317885-2_IMG_04_0000_max_476x317.jpeg; https://media.rightmove.co.uk:443/dir/crop/10:9-16:9/56k/55980/721602071858833/55980_317885-2_IMG_05_0000_max_476x317.jpeg; https://media.rightmove.co.uk:443/dir/crop/10:9-16:9/56k/55980/721602071858833/55980_317885-2_IMG_06_0000_max_476x317.jpeg; https://media.rightmove.co.uk:443/dir/crop/10:9-16:9/56k/55980/721602071858833/55980_317885-2_IMG_07_0000_max_476x317.jpeg; https://media.rightmove.co.uk:443/dir/crop/10:9-16:9/56k/55980/721602071858833/55980_317885-2_IMG_08_0000_max_476x317.jpeg"
"721602075959184","Epping Forest","Office","Unit T, The Maltings, Station Road, Sawbridgeworth, CM21 9JX","£1,000 pcm","","","","Modern office, suitable for a variety of uses, located next to Sawbridgeworth Station with 4 car parking spaces, flexible terms available.","https://www.rightmove.co.uk/properties/721602075959184#/?channel=COM_LET","2025-11-26T11:53:07Z","","new","Marketed by Derrick Wade Waters, Office and Retail","","51.812226","0.159248","https://media.rightmove.co.uk:443/dir/crop/10:9-16:9/56k/55980/721602075959184/55980_318326-2_IMG_00_0000_max_476x317.jpeg; https://media.rightmove.co.uk:443/dir/crop/10:9-16:9/56k/55980/721602075959184/55980_318326-2_IMG_01_0000_max_476x317.jpeg; https://media.rightmove.co.uk:443/dir/crop/10:9-16:9/56k/55980/721602075959184/55980_318326-2_IMG_02_0000_max_476x317.jpeg; https://media.rightmove.co.uk:443/dir/crop/10:9-16:9/56k/55980/721602075959184/55980_318326-2_IMG_03_0000_max_476x317.jpeg; https://media.rightmove.co.uk:443/dir/crop/10:9-16:9/56k/55980/721602075959184/55980_318326-2_IMG_04_0000_max_476x317.jpeg; https://media.rightmove.co.uk:443/dir/crop/10:9-16:9/56k/55980/721602075959184/55980_318326-2_IMG_05_0000_max_476x317.jpeg; https://media.rightmove.co.uk:443/dir/crop/10:9-16:9/56k/55980/721602075959184/55980_318326-2_IMG_06_0000_max_476x317.jpeg; https://media.rightmove.co.uk:443/dir/crop/10:9-16:9/56k/55980/721602075959184/55980_318326-2_IMG_07_0000_max_476x317.jpeg; https://media.rightmove.co.uk:443/dir/crop/10:9-16:9/56k/55980/721602075959184/55980_318326-2_IMG_08_0000_max_476x317.jpeg; https://media.rightmove.co.uk:443/dir/crop/10:9-16:9/56k/55980/721602075959184/55980_318326-2_IMG_09_0000_max_476x317.jpeg"
"165407069","Epping Forest","Office","Brooker Road, Waltham Abbey, EN9","POA","","","","We are pleased to share an exciting opportunity for you to expand your business within our community. A 3,476 sq ft studio/workshop space will become available in December on the ground floor of our business centre","https://www.rightmove.co.uk/properties/165407069#/?channel=COM_LET","2025-08-06T11:03:08Z","","new","Marketed by Keller Williams Plus, Covering Nationwide","","51.681977","-0.00339","https://media.rightmove.co.uk:443/dir/crop/10:9-16:9/215k/214967/165407069/214967_RX607488_IMG_00_0000_max_476x317.jpeg; https://media.rightmove.co.uk:443/dir/crop/10:9-16:9/215k/214967/165407069/214967_RX607488_IMG_01_0000_max_476x317.jpeg; https://media.rightmove.co.uk:443/dir/crop/10:9-16:9/215k/214967/165407069/214967_RX607488_IMG_02_0000_max_476x317.jpeg; https://media.rightmove.co.uk:443/dir/crop/10:9-16:9/215k/214967/165407069/214967_RX607488_IMG_03_0000_max_476x317.jpeg; https://media.rightmove.co.uk:443/dir/crop/10:9-16:9/215k/214967/165407069/214967_RX607488_IMG_04_0000_max_476x317.jpeg; https://media.rightmove.co.uk:443/dir/crop/10:9-16:9/215k/214967/165407069/214967_RX607488_IMG_05_0000_max_476x317.jpeg; https://media.rightmove.co.uk:443/dir/crop/10:9-16:9/215k/214967/165407069/214967_RX607488_IMG_06_0000_max_476x317.jpeg; https://media.rightmove.co.uk:443/dir/crop/10:9-16:9/215k/214967/165407069/214967_RX607488_IMG_07_0000_max_476x317.jpeg; https://media.rightmove.co.uk:443/dir/crop/10:9-16:9/215k/214967/165407069/214967_RX607488_IMG_08_0000_max_476x317.jpeg; https://media.rightmove.co.uk:443/dir/crop/10:9-16:9/215k/214967/165407069/214967_RX607488_IMG_09_0000_max_476x317.jpeg; https://media.rightmove.co.uk:443/dir/crop/10:9-16:9/215k/214967/165407069/214967_RX607488_IMG_10_0000_max_476x317.jpeg; https://media.rightmove.co.uk:443/dir/crop/10:9-16:9/215k/214967/165407069/214967_RX607488_IMG_11_0000_max_476x317.jpeg"
"165393437","Epping Forest","Office","Unit 20, Hobbs Cross Business Centre, Theydon Garnon, Epping, Essex","£475 pcm","","","","Hobbs Cross Business Centre is a popular rurally positioned estate providing a mixture of industrial, warehouse and offices occupied by a variety of businesses. Currently available is Unit 20, a single storey office with two parking spaces positioned to the front of the estate. The office compr...","https://www.rightmove.co.uk/properties/165393437#/?channel=COM_LET","2025-08-05T15:48:24Z","","new","Marketed by Mullucks - Commercial, Bishops Stortford","","51.671754","0.134805","https://media.rightmove.co.uk:443/dir/crop/10:9-16:9/153k/152810/165393437/152810_1208LH_IMG_00_0000_max_476x317.jpeg; https://media.rightmove.co.uk:443/dir/crop/10:9-16:9/153k/152810/165393437/152810_1208LH_IMG_04_0000_max_476x317.jpeg; https://media.rightmove.co.uk:443/dir/crop/10:9-16:9/153k/152810/165393437/152810_1208LH_IMG_05_0000_max_476x317.jpeg; https://media.rightmove.co.uk:443/dir/crop/10:9-16:9/153k/152810/165393437/152810_1208LH_IMG_07_0000_max_476x317.jpeg; https://media.rightmove.co.uk:443/dir/crop/10:9-16:9/153k/152810/165393437/152810_1208LH_IMG_06_0000_max_476x317.jpeg; https://media.rightmove.co.uk:443/dir/crop/10:9-16:9/153k/152810/165393437/152810_1208LH_IMG_08_0000_max_476x317.jpeg"
"164473697","Epping Forest","Commercial Property","Suite 105, Grangewood House, Loughton","£1,045 pcm","","","","Grangewood House, located on the Oakwood Hill Industrial Estate in Loughton, offers a fantastic opportunity for businesses seeking a modern and well-equipped office space. This super modern business centre was established in 2015 and boasts a range of contemporary serviced office suites. ","https://www.rightmove.co.uk/properties/164473697#/?channel=COM_LET","2025-07-14T13:23:56Z","","price_reduced","Marketed by Bricks Estate Agents, Buckhurst Hill","","51.642772","0.07849","https://media.rightmove.co.uk:443/dir/crop/10:9-16:9/245k/244235/164473697/244235_34034164_IMG_00_0000_max_476x317.jpeg; https://media.rightmove.co.uk:443/dir/crop/10:9-16:9/245k/244235/164473697/244235_34034164_IMG_01_0000_max_476x317.jpeg; https://media.rightmove.co.uk:443/dir/crop/10:9-16:9/245k/244235/164473697/244235_34034164_IMG_02_0000_max_476x317.jpeg; https://media.rightmove.co.uk:443/dir/crop/10:9-16:9/245k/244235/164473697/244235_34034164_IMG_03_0000_max_476x317.jpeg; https://media.rightmove.co.uk:443/dir/crop/10:9-16:9/245k/244235/164473697/244235_34034164_IMG_04_0000_max_476x317.jpeg; https://media.rightmove.co.uk:443/dir/crop/10:9-16:9/245k/244235/164473697/244235_34034164_IMG_05_0000_max_476x317.jpeg; https://media.rightmove.co.uk:443/dir/crop/10:9-16:9/245k/244235/164473697/244235_34034164_IMG_06_0000_max_476x317.jpeg; https://media.rightmove.co.uk:443/dir/crop/10:9-16:9/245k/244235/164473697/244235_34034164_IMG_07_0000_max_476x317.jpeg; https://media.rightmove.co.uk:443/dir/crop/10:9-16:9/245k/244235/164473697/244235_34034164_IMG_08_0000_max_476x317.jpeg; https://media.rightmove.co.uk:443/dir/crop/10:9-16:9/245k/244235/164473697/244235_34034164_IMG_09_0000_max_476x317.jpeg; https://media.rightmove.co.uk:443/dir/crop/10:9-16:9/245k/244235/164473697/244235_34034164_IMG_10_0000_max_476x317.jpeg; https://media.rightmove.co.uk:443/dir/crop/10:9-16:9/245k/244235/164473697/244235_34034164_IMG_11_0000_max_476x317.jpeg; https://media.rightmove.co.uk:443/dir/crop/10:9-16:9/245k/244235/164473697/244235_34034164_IMG_12_0000_max_476x317.jpeg; https://media.rightmove.co.uk:443/dir/crop/10:9-16:9/245k/244235/164473697/244235_34034164_IMG_13_0000_max_476x317.jpeg; https://media.rightmove.co.uk:443/dir/crop/10:9-16:9/245k/244235/164473697/244235_34034164_IMG_14_0000_max_476x317.jpeg; https://media.rightmove.co.uk:443/dir/crop/10:9-16:9/245k/244235/164473697/244235_34034164_IMG_15_0000_max_476x317.jpeg; https://media.rightmove.co.uk:443/dir/crop/10:9-16:9/245k/244235/164473697/244235_34034164_IMG_16_0000_max_476x317.jpeg"
"164472629","Epping Forest","Commercial Property","Crate 5, Oakwood Hill, Loughton","£1,200 pcm","","","","Welcome to The Crate Development, a recently renovated commercial office space situated in the Oakwood Hill Industrial estate in Loughton. Represented by Bricks Estate Agents, this development offers 36 creative workspaces, providing the perfect environment for businesses to thrive. Each...","https://www.rightmove.co.uk/properties/164472629#/?channel=COM_LET","2025-07-14T13:07:44Z","","price_reduced","Marketed by Bricks Estate Agents, Buckhurst Hill","","51.642738","0.076429","https://media.rightmove.co.uk:443/dir/crop/10:9-16:9/245k/244235/164472629/244235_32653353_IMG_00_0000_max_476x317.jpeg; https://media.rightmove.co.uk:443/dir/crop/10:9-16:9/245k/244235/164472629/244235_32653353_IMG_01_0000_max_476x317.jpeg; https://media.rightmove.co.uk:443/dir/crop/10:9-16:9/245k/244235/164472629/244235_32653353_IMG_02_0000_max_476x317.jpeg; https://media.rightmove.co.uk:443/dir/crop/10:9-16:9/245k/244235/164472629/244235_32653353_IMG_03_0000_max_476x317.jpeg; https://media.rightmove.co.uk:443/dir/crop/10:9-16:9/245k/244235/164472629/244235_32653353_IMG_04_0000_max_476x317.jpeg; https://media.rightmove.co.uk:443/dir/crop/10:9-16:9/245k/244235/164472629/244235_32653353_IMG_05_0000_max_476x317.jpeg; https://media.rightmove.co.uk:443/dir/crop/10:9-16:9/245k/244235/164472629/244235_32653353_IMG_06_0000_max_476x317.jpeg; https://media.rightmove.co.uk:443/dir/crop/10:9-16:9/245k/244235/164472629/244235_32653353_IMG_07_0000_max_476x317.jpeg; https://media.rightmove.co.uk:443/dir/crop/10:9-16:9/245k/244235/164472629/244235_32653353_IMG_08_0000_max_476x317.jpeg; https://media.rightmove.co.uk:443/dir/crop/10:9-16:9/245k/244235/164472629/244235_32653353_IMG_09_0000_max_476x317.jpeg; https://media.rightmove.co.uk:443/dir/crop/10:9-16:9/245k/244235/164472629/244235_32653353_IMG_10_0000_max_476x317.jpeg; https://media.rightmove.co.uk:443/dir/crop/10:9-16:9/245k/244235/164472629/244235_32653353_IMG_11_0000_max_476x317.jpeg; https://media.rightmove.co.uk:443/dir/crop/10:9-16:9/245k/244235/164472629/244235_32653353_IMG_12_0000_max_476x317.jpeg; https://media.rightmove.co.uk:443/dir/crop/10:9-16:9/245k/244235/164472629/244235_32653353_IMG_13_0000_max_476x317.jpeg; https://media.rightmove.co.uk:443/dir/crop/10:9-16:9/245k/244235/164472629/244235_32653353_IMG_14_0000_max_476x317.jpeg; https://media.rightmove.co.uk:443/dir/crop/10:9-16:9/245k/244235/164472629/244235_32653353_IMG_15_0000_max_476x317.jpeg; https://media.rightmove.co.uk:443/dir/crop/10:9-16:9/245k/244235/164472629/244235_32653353_IMG_16_0000_max_476x317.jpeg; https://media.rightmove.co.uk:443/dir/crop/10:9-16:9/245k/244235/164472629/244235_32653353_IMG_17_0000_max_476x317.jpeg; https://media.rightmove.co.uk:443/dir/crop/10:9-16:9/245k/244235/164472629/244235_32653353_IMG_18_0000_max_476x317.jpeg; https://media.rightmove.co.uk:443/dir/crop/10:9-16:9/245k/244235/164472629/244235_32653353_IMG_19_0000_max_476x317.jpeg; https://media.rightmove.co.uk:443/dir/crop/10:9-16:9/245k/244235/164472629/244235_32653353_IMG_20_0000_max_476x317.jpeg; https://media.rightmove.co.uk:443/dir/crop/10:9-16:9/245k/244235/164472629/244235_32653353_IMG_21_0000_max_476x317.jpeg; https://media.rightmove.co.uk:443/dir/crop/10:9-16:9/245k/244235/164472629/244235_32653353_IMG_22_0000_max_476x317.jpeg"
"164473277","Epping Forest","Commercial Property","Crate 18, Oakwood Hill, Loughton","£1,100 pcm","","","","Welcome to The Crate Development, a recently renovated commercial office space situated in the Oakwood Hill Industrial estate in Loughton. Represented by Bricks Estate Agents, this development offers 36 creative workspaces, providing the perfect environment for businesses to thrive. Each...","https://www.rightmove.co.uk/properties/164473277#/?channel=COM_LET","2025-07-14T13:17:21Z","","price_reduced","Marketed by Bricks Estate Agents, Buckhurst Hill","","51.642738","0.076429","https://media.rightmove.co.uk:443/dir/crop/10:9-16:9/245k/244235/164473277/244235_34034143_IMG_00_0000_max_476x317.jpeg; https://media.rightmove.co.uk:443/dir/crop/10:9-16:9/245k/244235/164473277/244235_34034143_IMG_01_0000_max_476x317.jpeg; https://media.rightmove.co.uk:443/dir/crop/10:9-16:9/245k/244235/164473277/244235_34034143_IMG_02_0000_max_476x317.jpeg; https://media.rightmove.co.uk:443/dir/crop/10:9-16:9/245k/244235/164473277/244235_34034143_IMG_03_0000_max_476x317.jpeg; https://media.rightmove.co.uk:443/dir/crop/10:9-16:9/245k/244235/164473277/244235_34034143_IMG_04_0000_max_476x317.jpeg; https://media.rightmove.co.uk:443/dir/crop/10:9-16:9/245k/244235/164473277/244235_34034143_IMG_05_0000_max_476x317.jpeg; https://media.rightmove.co.uk:443/dir/crop/10:9-16:9/245k/244235/164473277/244235_34034143_IMG_06_0000_max_476x317.jpeg; https://media.rightmove.co.uk:443/dir/crop/10:9-16:9/245k/244235/164473277/244235_34034143_IMG_07_0000_max_476x317.jpeg; https://media.rightmove.co.uk:443/dir/crop/10:9-16:9/245k/244235/164473277/244235_34034143_IMG_08_0000_max_476x317.jpeg; https://media.rightmove.co.uk:443/dir/crop/10:9-16:9/245k/244235/164473277/244235_34034143_IMG_09_0000_max_476x317.jpeg; https://media.rightmove.co.uk:443/dir/crop/10:9-16:9/245k/244235/164473277/244235_34034143_IMG_10_0000_max_476x317.jpeg; https://media.rightmove.co.uk:443/dir/crop/10:9-16:9/245k/244235/164473277/244235_34034143_IMG_11_0000_max_476x317.jpeg; https://media.rightmove.co.uk:443/dir/crop/10:9-16:9/245k/244235/164473277/244235_34034143_IMG_12_0000_max_476x317.jpeg; https://media.rightmove.co.uk:443/dir/crop/10:9-16:9/245k/244235/164473277/244235_34034143_IMG_13_0000_max_476x317.jpeg; https://media.rightmove.co.uk:443/dir/crop/10:9-16:9/245k/244235/164473277/244235_34034143_IMG_14_0000_max_476x317.jpeg; https://media.rightmove.co.uk:443/dir/crop/10:9-16:9/245k/244235/164473277/244235_34034143_IMG_15_0000_max_476x317.jpeg; https://media.rightmove.co.uk:443/dir/crop/10:9-16:9/245k/244235/164473277/244235_34034143_IMG_16_0000_max_476x317.jpeg; https://media.rightmove.co.uk:443/dir/crop/10:9-16:9/245k/244235/164473277/244235_34034143_IMG_17_0000_max_476x317.jpeg; https://media.rightmove.co.uk:443/dir/crop/10:9-16:9/245k/244235/164473277/244235_34034143_IMG_18_0000_max_476x317.jpeg; https://media.rightmove.co.uk:443/dir/crop/10:9-16:9/245k/244235/164473277/244235_34034143_IMG_19_0000_max_476x317.jpeg; https://media.rightmove.co.uk:443/dir/crop/10:9-16:9/245k/244235/164473277/244235_34034143_IMG_20_0000_max_476x317.jpeg; https://media.rightmove.co.uk:443/dir/crop/10:9-16:9/245k/244235/164473277/244235_34034143_IMG_21_0000_max_476x317.jpeg; https://media.rightmove.co.uk:443/dir/crop/10:9-16:9/245k/244235/164473277/244235_34034143_IMG_22_0000_max_476x317.jpeg"
"164620412","Epping Forest","Retail Property (high street)","261 High Road, Loughton, Essex, IG10 1AH","£2,917 pcm","","","","Prominent corner unit at the junction with Brooklyn Avenue providing an excellent return frontage. It is approximately 939 square feet (87.25 square metres) and benefits from Class E planning consent. It is available immediately with a new lease and no premium.","https://www.rightmove.co.uk/properties/164620412#/?channel=COM_LET","2025-07-17T10:03:10Z","","new","Marketed by Harston&Co, London","","51.648372","0.056428","https://media.rightmove.co.uk:443/dir/crop/10:9-16:9/71k/70095/164620412/70095_34036464_IMG_00_0000_max_476x317.jpeg; https://media.rightmove.co.uk:443/dir/crop/10:9-16:9/71k/70095/164620412/70095_34036464_IMG_01_0000_max_476x317.jpeg; https://media.rightmove.co.uk:443/dir/crop/10:9-16:9/71k/70095/164620412/70095_34036464_IMG_02_0000_max_476x317.jpeg; https://media.rightmove.co.uk:443/dir/crop/10:9-16:9/71k/70095/164620412/70095_34036464_IMG_03_0000_max_476x317.jpeg; https://media.rightmove.co.uk:443/dir/crop/10:9-16:9/71k/70095/164620412/70095_34036464_IMG_04_0000_max_476x317.jpeg; https://media.rightmove.co.uk:443/dir/crop/10:9-16:9/71k/70095/164620412/70095_34036464_IMG_05_0000_max_476x317.jpeg; https://media.rightmove.co.uk:443/dir/crop/10:9-16:9/71k/70095/164620412/70095_34036464_IMG_06_0000_max_476x317.jpeg"
"164617385","Epping Forest","Retail Property (high street)","271 High Road, Loughton, Essex IG10 1AH","£2,917 pcm","","","","Ground floor commercial unit within a popular parade on High Road, Loughton. It is approximately 813 square feet (75.57 square metres) and benefits from Class E planning consent. It is available immediately with a new lease and no premium.","https://www.rightmove.co.uk/properties/164617385#/?channel=COM_LET","2025-07-17T09:21:00Z","","new","Marketed by Harston&Co, London","","51.64862","0.056622","https://media.rightmove.co.uk:443/dir/crop/10:9-16:9/71k/70095/164617385/70095_34036552_IMG_03_0000_max_476x317.jpeg; https://media.rightmove.co.uk:443/dir/crop/10:9-16:9/71k/70095/164617385/70095_34036552_IMG_00_0000_max_476x317.jpeg; https://media.rightmove.co.uk:443/dir/crop/10:9-16:9/71k/70095/164617385/70095_34036552_IMG_01_0000_max_476x317.jpeg; https://media.rightmove.co.uk:443/dir/crop/10:9-16:9/71k/70095/164617385/70095_34036552_IMG_02_0000_max_476x317.jpeg; https://media.rightmove.co.uk:443/dir/crop/10:9-16:9/71k/70095/164617385/70095_34036552_IMG_04_0000_max_476x317.jpeg; https://media.rightmove.co.uk:443/dir/crop/10:9-16:9/71k/70095/164617385/70095_34036552_IMG_05_0000_max_476x317.jpeg; https://media.rightmove.co.uk:443/dir/crop/10:9-16:9/71k/70095/164617385/70095_34036552_IMG_06_0000_max_476x317.jpeg"
"721598846508929","Epping Forest","Mixed Use","151 Brooker Road, Waltham Abbey, EN9 1JH","£3,667 pcm","","","","Business Unit","https://www.rightmove.co.uk/properties/721598846508929#/?channel=COM_LET","2025-11-26T11:15:09Z","","new","Marketed by Derrick Wade Waters, Industrial","","51.682202","-0.002761","https://media.rightmove.co.uk:443/dir/crop/10:9-16:9/106k/105212/721598846508929/105212_304698-2_IMG_00_0000_max_476x317.jpeg; https://media.rightmove.co.uk:443/dir/crop/10:9-16:9/106k/105212/721598846508929/105212_304698-2_IMG_01_0000_max_476x317.jpeg; https://media.rightmove.co.uk:443/dir/crop/10:9-16:9/106k/105212/721598846508929/105212_304698-2_IMG_02_0000_max_476x317.jpeg"
"52777035","Epping Forest","Office","Ongar","£450 pcm","","","","Situated in Ongar we are pleased to offer this office to let. The site benefits from easy in/easy out terms and affordable monthly payments. There is free onsite parking and kitchen facilities. Meeting rooms are available for hire. The site also offers 24/7 access, CCTV and secure access...","https://www.rightmove.co.uk/properties/52777035#/?channel=COM_LET","2018-02-01T11:40:29Z","","size_change","Marketed by Bell and Co Estate Agents Limited, Braintree","","51.71554","0.24634","https://media.rightmove.co.uk:443/dir/crop/10:9-16:9/169k/168764/52777035/168764_EssexTech26_IMG_00_0000_max_476x317.png; https://media.rightmove.co.uk:443/dir/crop/10:9-16:9/169k/168764/52777035/168764_EssexTech26_IMG_02_0000_max_476x317.png; https://media.rightmove.co.uk:443/dir/crop/10:9-16:9/169k/168764/52777035/168764_EssexTech26_IMG_03_0000_max_476x317.png; https://media.rightmove.co.uk:443/dir/crop/10:9-16:9/169k/168764/52777035/168764_EssexTech26_IMG_01_0000_max_476x317.png"
"165393437","Epping Forest","Office","Unit 20, Hobbs Cross Business Centre, Theydon Garnon, Epping, Essex","£475 pcm","","","","Hobbs Cross Business Centre is a popular rurally positioned estate providing a mixture of industrial, warehouse and offices occupied by a variety of businesses. Currently available is Unit 20, a single storey office with two parking spaces positioned to the front of the estate. The office compr...","https://www.rightmove.co.uk/properties/165393437#/?channel=COM_LET","2025-08-05T15:48:24Z","","new","Marketed by Mullucks - Commercial, Bishops Stortford","","51.671754","0.134805","https://media.rightmove.co.uk:443/dir/crop/10:9-16:9/153k/152810/165393437/152810_1208LH_IMG_00_0000_max_476x317.jpeg; https://media.rightmove.co.uk:443/dir/crop/10:9-16:9/153k/152810/165393437/152810_1208LH_IMG_04_0000_max_476x317.jpeg; https://media.rightmove.co.uk:443/dir/crop/10:9-16:9/153k/152810/165393437/152810_1208LH_IMG_05_0000_max_476x317.jpeg; https://media.rightmove.co.uk:443/dir/crop/10:9-16:9/153k/152810/165393437/152810_1208LH_IMG_07_0000_max_476x317.jpeg; https://media.rightmove.co.uk:443/dir/crop/10:9-16:9/153k/152810/165393437/152810_1208LH_IMG_06_0000_max_476x317.jpeg; https://media.rightmove.co.uk:443/dir/crop/10:9-16:9/153k/152810/165393437/152810_1208LH_IMG_08_0000_max_476x317.jpeg"
"721598548713361","Epping Forest","Distribution Warehouse","4 Orbital Business Centre, Brooker Road, Waltham Abbey, EN9 1JH","£3,333 pcm","","","","Industrial/Warehouse with mezzanine","https://www.rightmove.co.uk/properties/721598548713361#/?channel=COM_LET","2025-11-26T11:14:38Z","","size_change","Marketed by Derrick Wade Waters, Industrial","","51.681775","-0.003356","https://media.rightmove.co.uk:443/dir/crop/10:9-16:9/106k/105212/721598548713361/105212_131809-2_IMG_00_0000_max_476x317.jpeg; https://media.rightmove.co.uk:443/dir/crop/10:9-16:9/106k/105212/721598548713361/105212_131809-2_IMG_01_0000_max_476x317.jpeg; https://media.rightmove.co.uk:443/dir/crop/10:9-16:9/106k/105212/721598548713361/105212_131809-2_IMG_02_0000_max_476x317.jpeg"
"134474312","Epping Forest","Workshop"," Loughton, Essex, IG10","£2,970 pcm","","","","This popular site is ideal for commuters. The unit benefits from having newly installed security pedestrian door and roller shutter, toilet and allocated parking. VIEWING BY APPOINTMENT ONLY ","https://www.rightmove.co.uk/properties/134474312#/?channel=COM_LET","2023-05-05T10:50:06Z","","size_change","Marketed by Bell and Co Estate Agents Limited, Braintree","","51.64483","0.0889","https://media.rightmove.co.uk:443/dir/crop/10:9-16:9/169k/168764/134474312/168764_E9seedbed_IMG_02_0001_max_476x317.jpeg; https://media.rightmove.co.uk:443/dir/crop/10:9-16:9/169k/168764/134474312/168764_E9seedbed_IMG_03_0001_max_476x317.jpeg; https://media.rightmove.co.uk:443/dir/crop/10:9-16:9/169k/168764/134474312/168764_E9seedbed_IMG_04_0001_max_476x317.jpeg; https://media.rightmove.co.uk:443/dir/crop/10:9-16:9/169k/168764/134474312/168764_E9seedbed_IMG_01_0001_max_476x317.jpeg"
"46494247","Epping Forest","Office","Threshers Bush,CM17","£1,400 pcm","","","","HOLTS COURT UNIT 3 - New high grade office courtyard development of restored timber barns with GATED ACCESS, CCTV SECURITY and AMPLE PARKING. With close proximity to J7 of the M11, this office has AIR CONDITIONING with HIGH SPEED BROADBAND available.","https://www.rightmove.co.uk/properties/46494247#/?channel=COM_LET","2014-10-02T11:10:06Z","","new","Marketed by Bell and Co Estate Agents Limited, Braintree","","51.7624","0.17128","https://media.rightmove.co.uk:443/dir/crop/10:9-16:9/169k/168764/46494247/168764_003HOLTSCOURT_IMG_12_0000_max_476x317.jpg; https://media.rightmove.co.uk:443/dir/crop/10:9-16:9/169k/168764/46494247/168764_003HOLTSCOURT_IMG_03_0000_max_476x317.jpg; https://media.rightmove.co.uk:443/dir/crop/10:9-16:9/169k/168764/46494247/168764_003HOLTSCOURT_IMG_02_0000_max_476x317.jpg; https://media.rightmove.co.uk:443/dir/crop/10:9-16:9/169k/168764/46494247/168764_003HOLTSCOURT_IMG_01_0000_max_476x317.jpg; https://media.rightmove.co.uk:443/dir/crop/10:9-16:9/169k/168764/46494247/168764_003HOLTSCOURT_IMG_00_0000_max_476x317.jpg; https://media.rightmove.co.uk:443/dir/crop/10:9-16:9/169k/168764/46494247/168764_003HOLTSCOURT_IMG_04_0000_max_476x317.jpg; https://media.rightmove.co.uk:443/dir/crop/10:9-16:9/169k/168764/46494247/168764_003HOLTSCOURT_IMG_09_0000_max_476x317.jpg; https://media.rightmove.co.uk:443/dir/crop/10:9-16:9/169k/168764/46494247/168764_003HOLTSCOURT_IMG_08_0000_max_476x317.jpg; https://media.rightmove.co.uk:443/dir/crop/10:9-16:9/169k/168764/46494247/168764_003HOLTSCOURT_IMG_05_0000_max_476x317.jpg; https://media.rightmove.co.uk:443/dir/crop/10:9-16:9/169k/168764/46494247/168764_003HOLTSCOURT_IMG_06_0000_max_476x317.jpg; https://media.rightmove.co.uk:443/dir/crop/10:9-16:9/169k/168764/46494247/168764_003HOLTSCOURT_IMG_07_0000_max_476x317.jpg; https://media.rightmove.co.uk:443/dir/crop/10:9-16:9/169k/168764/46494247/168764_003HOLTSCOURT_IMG_13_0000_max_476x317.jpg; https://media.rightmove.co.uk:443/dir/crop/10:9-16:9/169k/168764/46494247/168764_003HOLTSCOURT_IMG_10_0000_max_476x317.jpg; https://media.rightmove.co.uk:443/dir/crop/10:9-16:9/169k/168764/46494247/168764_003HOLTSCOURT_IMG_14_0000_max_476x317.jpg; https://media.rightmove.co.uk:443/dir/crop/10:9-16:9/169k/168764/46494247/168764_003HOLTSCOURT_IMG_11_0000_max_476x317.jpg; https://media.rightmove.co.uk:443/dir/crop/10:9-16:9/169k/168764/46494247/168764_003HOLTSCOURT_IMG_15_0000_max_476x317.jpg"
"46494580","Epping Forest","Office","Threshers Bush,CM17","£1,360 pcm","","","","New high grade office courtyard development of restored timber barns with GATED ACCESS, CCTV SECURITY and AMPLE PARKING. With close proximity to J7 of the M11, this office has AIR CONDITIONING with HIGH SPEED BROADBAND available. Viewing by appointment through the agent only","https://www.rightmove.co.uk/properties/46494580#/?channel=COM_LET","2014-10-06T12:09:42Z","","price_reduced","Marketed by Bell and Co Estate Agents Limited, Braintree","","51.7624","0.17128","https://media.rightmove.co.uk:443/dir/crop/10:9-16:9/169k/168764/46494580/168764_006HOLTSCOURT_IMG_11_0000_max_476x317.jpg; https://media.rightmove.co.uk:443/dir/crop/10:9-16:9/169k/168764/46494580/168764_006HOLTSCOURT_IMG_02_0000_max_476x317.jpg; https://media.rightmove.co.uk:443/dir/crop/10:9-16:9/169k/168764/46494580/168764_006HOLTSCOURT_IMG_03_0000_max_476x317.jpg; https://media.rightmove.co.uk:443/dir/crop/10:9-16:9/169k/168764/46494580/168764_006HOLTSCOURT_IMG_01_0000_max_476x317.jpg; https://media.rightmove.co.uk:443/dir/crop/10:9-16:9/169k/168764/46494580/168764_006HOLTSCOURT_IMG_04_0000_max_476x317.jpg; https://media.rightmove.co.uk:443/dir/crop/10:9-16:9/169k/168764/46494580/168764_006HOLTSCOURT_IMG_08_0000_max_476x317.jpg; https://media.rightmove.co.uk:443/dir/crop/10:9-16:9/169k/168764/46494580/168764_006HOLTSCOURT_IMG_07_0000_max_476x317.jpg; https://media.rightmove.co.uk:443/dir/crop/10:9-16:9/169k/168764/46494580/168764_006HOLTSCOURT_IMG_09_0000_max_476x317.jpg; https://media.rightmove.co.uk:443/dir/crop/10:9-16:9/169k/168764/46494580/168764_006HOLTSCOURT_IMG_06_0000_max_476x317.jpg; https://media.rightmove.co.uk:443/dir/crop/10:9-16:9/169k/168764/46494580/168764_006HOLTSCOURT_IMG_05_0000_max_476x317.jpg; https://media.rightmove.co.uk:443/dir/crop/10:9-16:9/169k/168764/46494580/168764_006HOLTSCOURT_IMG_12_0000_max_476x317.jpg; https://media.rightmove.co.uk:443/dir/crop/10:9-16:9/169k/168764/46494580/168764_006HOLTSCOURT_IMG_10_0000_max_476x317.jpg; https://media.rightmove.co.uk:443/dir/crop/10:9-16:9/169k/168764/46494580/168764_006HOLTSCOURT_IMG_13_0000_max_476x317.jpg"
"163721912","Epping Forest","Serviced Office","Loughton Seedbed Centre, Langston Road, Loughton, Essex, IG10","£850 pcm","From","","","Workspace with FREE parking, FREE internet and simple, MONTHLY LICENCE meaning you have the freedom to leave your workshop/studio with just one month's notice. Located on a secure, well-maintained, Loughton site, with great links to central London, M11 and 10 mins walk from Debden tube station.","https://www.rightmove.co.uk/properties/163721912#/?channel=COM_LET","2025-06-24T12:24:11Z","","new","Marketed by CAPITAL SPACE LIMITED, Kent","","51.64483","0.0889","https://media.rightmove.co.uk:443/dir/crop/10:9-16:9/277k/276962/163721912/276962_Loughton_IMG_35_0000_max_476x317.jpeg; https://media.rightmove.co.uk:443/dir/crop/10:9-16:9/277k/276962/163721912/276962_Loughton_IMG_34_0000_max_476x317.jpeg; https://media.rightmove.co.uk:443/dir/crop/10:9-16:9/277k/276962/163721912/276962_Loughton_IMG_26_0000_max_476x317.jpeg; https://media.rightmove.co.uk:443/dir/crop/10:9-16:9/277k/276962/163721912/276962_Loughton_IMG_27_0000_max_476x317.jpeg; https://media.rightmove.co.uk:443/dir/crop/10:9-16:9/277k/276962/163721912/276962_Loughton_IMG_30_0000_max_476x317.jpeg; https://media.rightmove.co.uk:443/dir/crop/10:9-16:9/277k/276962/163721912/276962_Loughton_IMG_31_0000_max_476x317.jpeg; https://media.rightmove.co.uk:443/dir/crop/10:9-16:9/277k/276962/163721912/276962_Loughton_IMG_18_0000_max_476x317.jpeg; https://media.rightmove.co.uk:443/dir/crop/10:9-16:9/277k/276962/163721912/276962_Loughton_IMG_12_0000_max_476x317.jpeg; https://media.rightmove.co.uk:443/dir/crop/10:9-16:9/277k/276962/163721912/276962_Loughton_IMG_21_0000_max_476x317.jpeg; https://media.rightmove.co.uk:443/dir/crop/10:9-16:9/277k/276962/163721912/276962_Loughton_IMG_32_0000_max_476x317.jpeg; https://media.rightmove.co.uk:443/dir/crop/10:9-16:9/277k/276962/163721912/276962_Loughton_IMG_13_0000_max_476x317.jpeg; https://media.rightmove.co.uk:443/dir/crop/10:9-16:9/277k/276962/163721912/276962_Loughton_IMG_10_0000_max_476x317.jpeg; https://media.rightmove.co.uk:443/dir/crop/10:9-16:9/277k/276962/163721912/276962_Loughton_IMG_41_0000_max_476x317.jpeg; https://media.rightmove.co.uk:443/dir/crop/10:9-16:9/277k/276962/163721912/276962_Loughton_IMG_15_0000_max_476x317.jpeg; https://media.rightmove.co.uk:443/dir/crop/10:9-16:9/277k/276962/163721912/276962_Loughton_IMG_11_0000_max_476x317.jpeg; https://media.rightmove.co.uk:443/dir/crop/10:9-16:9/277k/276962/163721912/276962_Loughton_IMG_29_0000_max_476x317.jpeg; https://media.rightmove.co.uk:443/dir/crop/10:9-16:9/277k/276962/163721912/276962_Loughton_IMG_14_0000_max_476x317.jpeg; https://media.rightmove.co.uk:443/dir/crop/10:9-16:9/277k/276962/163721912/276962_Loughton_IMG_33_0000_max_476x317.jpeg; https://media.rightmove.co.uk:443/dir/crop/10:9-16:9/277k/276962/163721912/276962_Loughton_IMG_25_0000_max_476x317.jpeg; https://media.rightmove.co.uk:443/dir/crop/10:9-16:9/277k/276962/163721912/276962_Loughton_IMG_36_0000_max_476x317.jpeg; https://media.rightmove.co.uk:443/dir/crop/10:9-16:9/277k/276962/163721912/276962_Loughton_IMG_17_0000_max_476x317.jpeg; https://media.rightmove.co.uk:443/dir/crop/10:9-16:9/277k/276962/163721912/276962_Loughton_IMG_37_0000_max_476x317.jpeg; https://media.rightmove.co.uk:443/dir/crop/10:9-16:9/277k/276962/163721912/276962_Loughton_IMG_38_0000_max_476x317.jpeg; https://media.rightmove.co.uk:443/dir/crop/10:9-16:9/277k/276962/163721912/276962_Loughton_IMG_24_0000_max_476x317.jpeg; https://media.rightmove.co.uk:443/dir/crop/10:9-16:9/277k/276962/163721912/276962_Loughton_IMG_20_0000_max_476x317.jpeg; https://media.rightmove.co.uk:443/dir/crop/10:9-16:9/277k/276962/163721912/276962_Loughton_IMG_23_0000_max_476x317.jpeg; https://media.rightmove.co.uk:443/dir/crop/10:9-16:9/277k/276962/163721912/276962_Loughton_IMG_22_0000_max_476x317.jpeg; https://media.rightmove.co.uk:443/dir/crop/10:9-16:9/277k/276962/163721912/276962_Loughton_IMG_28_0000_max_476x317.jpeg; https://media.rightmove.co.uk:443/dir/crop/10:9-16:9/277k/276962/163721912/276962_Loughton_IMG_16_0000_max_476x317.jpeg; https://media.rightmove.co.uk:443/dir/crop/10:9-16:9/277k/276962/163721912/276962_Loughton_IMG_40_0000_max_476x317.jpeg; https://media.rightmove.co.uk:443/dir/crop/10:9-16:9/277k/276962/163721912/276962_Loughton_IMG_39_0000_max_476x317.jpeg; https://media.rightmove.co.uk:443/dir/crop/10:9-16:9/277k/276962/163721912/276962_Loughton_IMG_00_0000_max_476x317.jpeg; https://media.rightmove.co.uk:443/dir/crop/10:9-16:9/277k/276962/163721912/276962_Loughton_IMG_01_0000_max_476x317.jpeg; https://media.rightmove.co.uk:443/dir/crop/10:9-16:9/277k/276962/163721912/276962_Loughton_IMG_02_0000_max_476x317.jpeg; https://media.rightmove.co.uk:443/dir/crop/10:9-16:9/277k/276962/163721912/276962_Loughton_IMG_19_0000_max_476x317.jpeg; https://media.rightmove.co.uk:443/dir/crop/10:9-16:9/277k/276962/163721912/276962_Loughton_IMG_03_0000_max_476x317.jpeg; https://media.rightmove.co.uk:443/dir/crop/10:9-16:9/277k/276962/163721912/276962_Loughton_IMG_04_0000_max_476x317.jpeg; https://media.rightmove.co.uk:443/dir/crop/10:9-16:9/277k/276962/163721912/276962_Loughton_IMG_05_0000_max_476x317.jpeg; https://media.rightmove.co.uk:443/dir/crop/10:9-16:9/277k/276962/163721912/276962_Loughton_IMG_06_0000_max_476x317.jpeg; https://media.rightmove.co.uk:443/dir/crop/10:9-16:9/277k/276962/163721912/276962_Loughton_IMG_07_0000_max_476x317.jpeg; https://media.rightmove.co.uk:443/dir/crop/10:9-16:9/277k/276962/163721912/276962_Loughton_IMG_08_0000_max_476x317.jpeg; https://media.rightmove.co.uk:443/dir/crop/10:9-16:9/277k/276962/163721912/276962_Loughton_IMG_09_0000_max_476x317.jpeg"
"163439063","Epping Forest","Storage","Little Laver Road, CM5","£1,250 pcm","","","","YARD is situated in a rural location, 4.7 Miles from M11 Junction 7 providing easy access to London and Cambridge the Unit is offered on a 12 month licence however this can be longer if required. The yard is ideal for storage and is fully enclosed with water but no electric connected.","https://www.rightmove.co.uk/properties/163439063#/?channel=COM_LET","2025-06-17T16:20:34Z","","new","Marketed by Bell and Co Estate Agents Limited, Braintree","","51.74865","0.23813","https://media.rightmove.co.uk:443/dir/crop/10:9-16:9/169k/168764/163439063/168764_SOUTHYARD_IMG_00_0000_max_476x317.jpeg; https://media.rightmove.co.uk:443/dir/crop/10:9-16:9/169k/168764/163439063/168764_SOUTHYARD_IMG_01_0000_max_476x317.jpeg; https://media.rightmove.co.uk:443/dir/crop/10:9-16:9/169k/168764/163439063/168764_SOUTHYARD_IMG_02_0000_max_476x317.jpeg"
"136340783","Epping Forest","Storage","Cartersfield Road, Waltham Abbey, Essex, EN9","£1,042 pcm","","","","Based in Waltham Abbey, we are perfectly located for homes and businesses requiring storage in Hertfordshire, Essex, Cheshunt, Cuffley, Potters Bar, Barnet, Harlow, Epping, Loughton, Enfield and the surrounding areas.Our Self Storage centre is just off the M25, junction 26 ","https://www.rightmove.co.uk/properties/136340783#/?channel=COM_LET","2023-06-22T09:39:13Z","","new","Marketed by Flexiss Management Services Ltd, Wilmslow","","51.68151","-0.00059","https://media.rightmove.co.uk:443/dir/crop/10:9-16:9/262k/261620/136340783/261620_WA-500_IMG_08_0000_max_476x317.png; https://media.rightmove.co.uk:443/dir/crop/10:9-16:9/262k/261620/136340783/261620_WA-500_IMG_05_0000_max_476x317.png; https://media.rightmove.co.uk:443/dir/crop/10:9-16:9/262k/261620/136340783/261620_WA-500_IMG_06_0000_max_476x317.png; https://media.rightmove.co.uk:443/dir/crop/10:9-16:9/262k/261620/136340783/261620_WA-500_IMG_02_0000_max_476x317.jpeg; https://media.rightmove.co.uk:443/dir/crop/10:9-16:9/262k/261620/136340783/261620_WA-500_IMG_01_0000_max_476x317.jpeg; https://media.rightmove.co.uk:443/dir/crop/10:9-16:9/262k/261620/136340783/261620_WA-500_IMG_04_0000_max_476x317.jpeg; https://media.rightmove.co.uk:443/dir/crop/10:9-16:9/262k/261620/136340783/261620_WA-500_IMG_00_0000_max_476x317.jpeg; https://media.rightmove.co.uk:443/dir/crop/10:9-16:9/262k/261620/136340783/261620_WA-500_IMG_03_0000_max_476x317.jpeg; https://media.rightmove.co.uk:443/dir/crop/10:9-16:9/262k/261620/136340783/261620_WA-500_IMG_07_0000_max_476x317.png"
"163094888","Epping Forest","Mixed Use","Queens Road, Buckhurst Hill, Essex, IG9","£4,500 pcm","","","","A rare opportunity to occupy a ground floor commercial unit on a prestigious road with window frontage, first and second floor offices as well as a commercial warehouse with loading and parking and a combined floor area of 3,260 sq.ft. (302.86 sq.m.).","https://www.rightmove.co.uk/properties/163094888#/?channel=COM_LET","2025-06-10T12:29:20Z","","new","Marketed by Stein McBride Property Co. Limited, London & Essex","","51.62615","0.03675","https://media.rightmove.co.uk:443/dir/crop/10:9-16:9/property-photo/c292ac903/163094888/c292ac9035a022d8c9e19366120655ce_max_476x317.jpeg; https://media.rightmove.co.uk:443/dir/crop/10:9-16:9/property-photo/e68ff62f4/163094888/e68ff62f437b8c474a8900ecda3c3df7_max_476x317.jpeg; https://media.rightmove.co.uk:443/dir/crop/10:9-16:9/property-photo/81184ae7b/163094888/81184ae7b644c2549395c028bdc1ca40_max_476x317.jpeg; https://media.rightmove.co.uk:443/dir/crop/10:9-16:9/property-photo/b1ad5d119/163094888/b1ad5d119591107256a959fae858d61d_max_476x317.jpeg"
"52776546","Epping Forest","Office","Ongar","£1,090 pcm","","","","The site benefits from easy in/easy out terms and affordable monthly payments. There is free onsite parking and kitchen facilities. Meeting rooms are available for hire. The site also offers 24/7 access, CCTV and secure access. Office has air conditioning. See full details ","https://www.rightmove.co.uk/properties/52776546#/?channel=COM_LET","2018-02-01T11:27:48Z","","new","Marketed by Bell and Co Estate Agents Limited, Braintree","","51.71557","0.24645","https://media.rightmove.co.uk:443/dir/crop/10:9-16:9/169k/168764/52776546/168764_EssexTech20_IMG_00_0000_max_476x317.png; https://media.rightmove.co.uk:443/dir/crop/10:9-16:9/169k/168764/52776546/168764_EssexTech20_IMG_01_0001_max_476x317.jpeg; https://media.rightmove.co.uk:443/dir/crop/10:9-16:9/169k/168764/52776546/168764_EssexTech20_IMG_02_0001_max_476x317.jpeg; https://media.rightmove.co.uk:443/dir/crop/10:9-16:9/169k/168764/52776546/168764_EssexTech20_IMG_03_0001_max_476x317.jpeg"
"52776876","Epping Forest","Office","Ongar,CM5","£787 pcm","","","","A range of offices in this High Street position. Easy in/easy out terms, free onsite parking, meeting room hire and kitchen facilities. The site offers 24/7 access and CCTV. See full details for other sizes........Appointments to view with agent. ","https://www.rightmove.co.uk/properties/52776876#/?channel=COM_LET","2018-02-01T11:35:39Z","","size_change","Marketed by Bell and Co Estate Agents Limited, Braintree","","51.71512","0.2469","https://media.rightmove.co.uk:443/dir/crop/10:9-16:9/169k/168764/52776876/168764_EssexT_IMG_02_0001_max_476x317.jpeg; https://media.rightmove.co.uk:443/dir/crop/10:9-16:9/169k/168764/52776876/168764_EssexT_IMG_00_0001_max_476x317.jpeg; https://media.rightmove.co.uk:443/dir/crop/10:9-16:9/169k/168764/52776876/168764_EssexT_IMG_01_0001_max_476x317.jpeg"
"162796793","Epping Forest","Office","Choles Yard Offices, 284 High Road, North Weald, Essex","POA","","","","Choles Yard is a small development of business units prominently positioned on the B181 just off its junction with the A414. A single storey office building occupies the centre of the site and provides a variety of small offices occupied by various businesses on either side of a central corri...","https://www.rightmove.co.uk/properties/162796793#/?channel=COM_LET","2025-06-03T15:40:42Z","","new","Marketed by Mullucks - Commercial, Bishops Stortford","","51.722537","0.18245","https://media.rightmove.co.uk:443/dir/crop/10:9-16:9/153k/152810/162796793/152810_998LH_IMG_00_0000_max_476x317.jpeg; https://media.rightmove.co.uk:443/dir/crop/10:9-16:9/153k/152810/162796793/152810_998LH_IMG_01_0000_max_476x317.jpeg; https://media.rightmove.co.uk:443/dir/crop/10:9-16:9/153k/152810/162796793/152810_998LH_IMG_02_0000_max_476x317.jpeg; https://media.rightmove.co.uk:443/dir/crop/10:9-16:9/153k/152810/162796793/152810_998LH_IMG_03_0000_max_476x317.jpeg"
"161885552","Epping Forest","Light Industrial","Sedge Green, Nazeing","£2,000 pcm","","","","Westwood Leber are delighted to offer this Commercial premises located in Sedge Green, Nazeing. Access via roller shutter and separate side door, large open plan area and separate car booth. Available Now, call today for more information.","https://www.rightmove.co.uk/properties/161885552#/?channel=COM_LET","2025-05-13T15:45:44Z","","new","Marketed by Westwood Leber Commercial, Hertfordshire","","51.74847","0.01672","https://media.rightmove.co.uk:443/dir/crop/10:9-16:9/property-photo/bfe546bdf/161885552/bfe546bdf040e858d5da98d79ea3fa12_max_476x317.jpeg; https://media.rightmove.co.uk:443/dir/crop/10:9-16:9/property-photo/7cceca8a8/161885552/7cceca8a8fbab86bc6f3e30fcb355c7d_max_476x317.jpeg; https://media.rightmove.co.uk:443/dir/crop/10:9-16:9/property-photo/9d9d62880/161885552/9d9d628802ea5da7366f53e8d251ea89_max_476x317.jpeg; https://media.rightmove.co.uk:443/dir/crop/10:9-16:9/property-photo/d1056b5e0/161885552/d1056b5e00ee11d15be61a3a681195c0_max_476x317.jpeg; https://media.rightmove.co.uk:443/dir/crop/10:9-16:9/property-photo/408c383de/161885552/408c383de9a71ed99dbf6967c3964835_max_476x317.jpeg"
"161885039","Epping Forest","Light Industrial","Sedge Green, Nazeing","£1,700 pcm","","","","Westwood Leber are delighted to offer this Commercial premises located in Sedge Green, Nazeing. Access via roller shutter and separate side door, long open plan area. Available Now, call today for more information.","https://www.rightmove.co.uk/properties/161885039#/?channel=COM_LET","2025-05-13T15:39:21Z","","new","Marketed by Westwood Leber Commercial, Hertfordshire","","51.74847","0.01672","https://media.rightmove.co.uk:443/dir/crop/10:9-16:9/238k/237179/161885039/237179_103000001287_IMG_00_0000_max_476x317.jpeg; https://media.rightmove.co.uk:443/dir/crop/10:9-16:9/238k/237179/161885039/237179_103000001287_IMG_01_0000_max_476x317.jpeg; https://media.rightmove.co.uk:443/dir/crop/10:9-16:9/238k/237179/161885039/237179_103000001287_IMG_02_0000_max_476x317.jpeg"
"161602913","Epping Forest","Office","Suite 1, Plymouth House, The Square, Sawbridgeworth, Hertfordshire, CM21 9AE","£2,500 pcm","","","","A self-contained office building with parking in a popular Hertfordshire town.","https://www.rightmove.co.uk/properties/161602913#/?channel=COM_LET","2025-05-07T14:21:03Z","","new","Marketed by Coke Gearing Consulting, Bishops Stortford","","51.81215","0.15089","https://media.rightmove.co.uk:443/dir/crop/10:9-16:9/property-photo/b73246195/161602913/b7324619584bd570aa2b8d8b9c228f3e_max_476x317.jpeg; https://media.rightmove.co.uk:443/dir/crop/10:9-16:9/property-photo/6281fb53c/161602913/6281fb53ca8f7ad4c945e3d28d167d6f_max_476x317.jpeg; https://media.rightmove.co.uk:443/dir/crop/10:9-16:9/property-photo/f2cb12047/161602913/f2cb1204753bfa1cd3b9033cd97fa148_max_476x317.jpeg; https://media.rightmove.co.uk:443/dir/crop/10:9-16:9/property-photo/c38f33721/161602913/c38f33721300720eed3cd0c580daa9ae_max_476x317.jpeg; https://media.rightmove.co.uk:443/dir/crop/10:9-16:9/property-photo/562835c12/161602913/562835c1236c18d5a8bdbeff5718e25c_max_476x317.jpeg; https://media.rightmove.co.uk:443/dir/crop/10:9-16:9/property-photo/6eeab6f66/161602913/6eeab6f66b426d5b9d1f781634f52106_max_476x317.jpeg; https://media.rightmove.co.uk:443/dir/crop/10:9-16:9/property-photo/68f8fb7b0/161602913/68f8fb7b01971092c3d05af9c69a591c_max_476x317.jpeg"
"68862866","Epping Forest","Office","Loughton,IG10","£1,550 pcm","","","","Situated close to M11 & M25 and ideal for 4-6 people benefiting from own entrance with signage and AMPLE PARKING. The site has great public transport links with the CENTRAL LINE being a short walk away and close to amenities CALL TO BOOK A VIEWING - see full details","https://www.rightmove.co.uk/properties/68862866#/?channel=COM_LET","2017-09-15T12:30:37Z","","new","Marketed by Bell and Co Estate Agents Limited, Braintree","","51.64483","0.0889","https://media.rightmove.co.uk:443/dir/crop/10:9-16:9/169k/168764/68862866/168764_SeedbedD3_IMG_06_0002_max_476x317.jpeg; https://media.rightmove.co.uk:443/dir/crop/10:9-16:9/169k/168764/68862866/168764_SeedbedD3_IMG_05_0002_max_476x317.jpeg; https://media.rightmove.co.uk:443/dir/crop/10:9-16:9/169k/168764/68862866/168764_SeedbedD3_IMG_00_0003_max_476x317.jpeg; https://media.rightmove.co.uk:443/dir/crop/10:9-16:9/169k/168764/68862866/168764_SeedbedD3_IMG_01_0003_max_476x317.jpeg; https://media.rightmove.co.uk:443/dir/crop/10:9-16:9/169k/168764/68862866/168764_SeedbedD3_IMG_02_0003_max_476x317.jpeg; https://media.rightmove.co.uk:443/dir/crop/10:9-16:9/169k/168764/68862866/168764_SeedbedD3_IMG_03_0003_max_476x317.jpeg; https://media.rightmove.co.uk:443/dir/crop/10:9-16:9/169k/168764/68862866/168764_SeedbedD3_IMG_04_0002_max_476x317.jpeg"
"161394515","Epping Forest","Storage","Ongar","£3,200 pcm","Fixed Price","","","Commercial unit to let in Willingale, Ongar. The unit measures 6,300 square feet and sits on a secure site with private access. The site has access to the A414.","https://www.rightmove.co.uk/properties/161394515#/?channel=COM_LET","2025-05-01T16:20:03Z","","new","Marketed by Whirledge and Nott, Commercial","","51.7581","0.30279","https://media.rightmove.co.uk:443/dir/crop/10:9-16:9/property-photo/b1f76599a/161394515/b1f76599ac1f08f046ef5cfeebd37a9a_max_476x317.jpeg; https://media.rightmove.co.uk:443/dir/crop/10:9-16:9/property-photo/ace4f2169/161394515/ace4f2169064188a1ea03f0bcabc9349_max_476x317.jpeg"
"161252030","Epping Forest","Office","Unit 10, Holts Court, Threshers Bush, Harlow, CM17","£1,140 pcm","","","","High grade rural office, stunning conversion from Victorian barns. High speed internet and multiple transport links make this site a rival to any urban office development. Kitchenette facilities and climate control throughout. Data cables fitted throughout skirting. View now to avoid disappointment.","https://www.rightmove.co.uk/properties/161252030#/?channel=COM_LET","2025-04-29T10:05:58Z","","size_change","Marketed by MJ & SC Collins, Essex","","51.76115","0.17287","https://media.rightmove.co.uk:443/dir/crop/10:9-16:9/property-photo/21d238552/161252030/21d238552bd7261514ba5e0ee6ba3685_max_476x317.jpeg; https://media.rightmove.co.uk:443/dir/crop/10:9-16:9/property-photo/dc4a1dea1/161252030/dc4a1dea127e0e793ca94294a849eec9_max_476x317.jpeg; https://media.rightmove.co.uk:443/dir/crop/10:9-16:9/property-photo/0411093e3/161252030/0411093e38333bdedf5d306043655c3c_max_476x317.jpeg; https://media.rightmove.co.uk:443/dir/crop/10:9-16:9/property-photo/9a0937cb5/161252030/9a0937cb59b0aca3340fb819f6ff1541_max_476x317.jpeg; https://media.rightmove.co.uk:443/dir/crop/10:9-16:9/property-photo/f741f8e1b/161252030/f741f8e1b9e37d4e53c31d256a5e8284_max_476x317.jpeg; https://media.rightmove.co.uk:443/dir/crop/10:9-16:9/property-photo/cc3f2b06d/161252030/cc3f2b06d2ae30cc29f219767bb60385_max_476x317.jpeg; https://media.rightmove.co.uk:443/dir/crop/10:9-16:9/property-photo/644647def/161252030/644647deff50f9bd8da7acb2938ee303_max_476x317.jpeg; https://media.rightmove.co.uk:443/dir/crop/10:9-16:9/property-photo/dbdfa0568/161252030/dbdfa0568441be70bd7774183c276c8d_max_476x317.jpeg; https://media.rightmove.co.uk:443/dir/crop/10:9-16:9/property-photo/aa30bfd43/161252030/aa30bfd43f28ff92d6b9039050f77d49_max_476x317.jpeg; https://media.rightmove.co.uk:443/dir/crop/10:9-16:9/property-photo/37e6109ab/161252030/37e6109ab3d3e255ef3c606bf2667f3b_max_476x317.jpeg; https://media.rightmove.co.uk:443/dir/crop/10:9-16:9/property-photo/11d2e1f99/161252030/11d2e1f995d255886a45e8febe78ec5b_max_476x317.jpeg; https://media.rightmove.co.uk:443/dir/crop/10:9-16:9/property-photo/25548aec5/161252030/25548aec58ff075a647880199c165ed2_max_476x317.jpeg; https://media.rightmove.co.uk:443/dir/crop/10:9-16:9/property-photo/d09ebd987/161252030/d09ebd987271caed4d9617e1523eb932_max_476x317.jpeg; https://media.rightmove.co.uk:443/dir/crop/10:9-16:9/property-photo/34d905831/161252030/34d9058318cc0735493e408e55508c09_max_476x317.jpeg"
"161251343","Epping Forest","Office","Holts Court, Threshers Bush, Harlow, CM17","£1,360 pcm","","","","High grade rural office, stunning conversion from Victorian barns. High speed internet and multiple transport links make this site a rival to any urban office development. Kitchenette facilities and climate control throughout. Data cables fitted throughout skirting. View now to avoid disappointment.","https://www.rightmove.co.uk/properties/161251343#/?channel=COM_LET","2025-04-29T09:48:26Z","","size_change","Marketed by MJ & SC Collins, Essex","","51.76124","0.17287","https://media.rightmove.co.uk:443/dir/crop/10:9-16:9/287k/286337/161251343/286337_5HC_IMG_08_0000_max_476x317.jpeg; https://media.rightmove.co.uk:443/dir/crop/10:9-16:9/287k/286337/161251343/286337_5HC_IMG_09_0000_max_476x317.jpeg; https://media.rightmove.co.uk:443/dir/crop/10:9-16:9/287k/286337/161251343/286337_5HC_IMG_01_0000_max_476x317.jpeg; https://media.rightmove.co.uk:443/dir/crop/10:9-16:9/287k/286337/161251343/286337_5HC_IMG_02_0000_max_476x317.jpeg; https://media.rightmove.co.uk:443/dir/crop/10:9-16:9/287k/286337/161251343/286337_5HC_IMG_06_0000_max_476x317.jpeg; https://media.rightmove.co.uk:443/dir/crop/10:9-16:9/287k/286337/161251343/286337_5HC_IMG_03_0000_max_476x317.jpeg; https://media.rightmove.co.uk:443/dir/crop/10:9-16:9/287k/286337/161251343/286337_5HC_IMG_00_0000_max_476x317.jpeg; https://media.rightmove.co.uk:443/dir/crop/10:9-16:9/287k/286337/161251343/286337_5HC_IMG_12_0000_max_476x317.jpeg; https://media.rightmove.co.uk:443/dir/crop/10:9-16:9/287k/286337/161251343/286337_5HC_IMG_04_0000_max_476x317.jpeg; https://media.rightmove.co.uk:443/dir/crop/10:9-16:9/287k/286337/161251343/286337_5HC_IMG_05_0000_max_476x317.jpeg; https://media.rightmove.co.uk:443/dir/crop/10:9-16:9/287k/286337/161251343/286337_5HC_IMG_07_0000_max_476x317.jpeg; https://media.rightmove.co.uk:443/dir/crop/10:9-16:9/287k/286337/161251343/286337_5HC_IMG_11_0000_max_476x317.jpeg; https://media.rightmove.co.uk:443/dir/crop/10:9-16:9/287k/286337/161251343/286337_5HC_IMG_10_0000_max_476x317.jpeg"
"161069291","Epping Forest","Office","Holts Court, Threshers Bush, Harlow, CM17","£1,400 pcm","","","","High grade rural office, stunning conversion from Victorian barns. High speed internet and multiple transport links make this site a rival to any urban office development. Kitchenette facilities and climate control throughout. Data cables fitted throughout skirting. View now to avoid disappointment.","https://www.rightmove.co.uk/properties/161069291#/?channel=COM_LET","2025-04-24T12:29:05Z","","new","Marketed by MJ & SC Collins, Essex","","51.76133","0.1728","https://media.rightmove.co.uk:443/dir/crop/10:9-16:9/287k/286337/161069291/286337_3HC_IMG_09_0000_max_476x317.jpeg; https://media.rightmove.co.uk:443/dir/crop/10:9-16:9/287k/286337/161069291/286337_3HC_IMG_01_0000_max_476x317.jpeg; https://media.rightmove.co.uk:443/dir/crop/10:9-16:9/287k/286337/161069291/286337_3HC_IMG_03_0000_max_476x317.jpeg; https://media.rightmove.co.uk:443/dir/crop/10:9-16:9/287k/286337/161069291/286337_3HC_IMG_00_0000_max_476x317.jpeg; https://media.rightmove.co.uk:443/dir/crop/10:9-16:9/287k/286337/161069291/286337_3HC_IMG_06_0000_max_476x317.jpeg; https://media.rightmove.co.uk:443/dir/crop/10:9-16:9/287k/286337/161069291/286337_3HC_IMG_02_0000_max_476x317.jpeg; https://media.rightmove.co.uk:443/dir/crop/10:9-16:9/287k/286337/161069291/286337_3HC_IMG_08_0000_max_476x317.jpeg; https://media.rightmove.co.uk:443/dir/crop/10:9-16:9/287k/286337/161069291/286337_3HC_IMG_14_0000_max_476x317.jpeg; https://media.rightmove.co.uk:443/dir/crop/10:9-16:9/287k/286337/161069291/286337_3HC_IMG_04_0000_max_476x317.jpeg; https://media.rightmove.co.uk:443/dir/crop/10:9-16:9/287k/286337/161069291/286337_3HC_IMG_05_0000_max_476x317.jpeg; https://media.rightmove.co.uk:443/dir/crop/10:9-16:9/287k/286337/161069291/286337_3HC_IMG_07_0000_max_476x317.jpeg; https://media.rightmove.co.uk:443/dir/crop/10:9-16:9/287k/286337/161069291/286337_3HC_IMG_10_0000_max_476x317.jpeg; https://media.rightmove.co.uk:443/dir/crop/10:9-16:9/287k/286337/161069291/286337_3HC_IMG_11_0000_max_476x317.jpeg; https://media.rightmove.co.uk:443/dir/crop/10:9-16:9/287k/286337/161069291/286337_3HC_IMG_12_0000_max_476x317.jpeg; https://media.rightmove.co.uk:443/dir/crop/10:9-16:9/287k/286337/161069291/286337_3HC_IMG_13_0000_max_476x317.jpeg; https://media.rightmove.co.uk:443/dir/crop/10:9-16:9/287k/286337/161069291/286337_3HC_IMG_15_0000_max_476x317.jpeg"
"97707923","Epping Forest","Workshop"," Harlow, Essex, CM17","£1,500 pcm","","","","YARD & UNIT TO RENT. Situated 5 mins from the M11 and A414. Max 7.5 lorry as access is partly restricted. Some forms of motor trade will be accepted. Viewing by appointment only. See photos and full details","https://www.rightmove.co.uk/properties/97707923#/?channel=COM_LET","2020-09-25T13:43:10Z","","new","Marketed by Bell and Co Estate Agents Limited, Braintree","","51.7652","0.16098","https://media.rightmove.co.uk:443/dir/crop/10:9-16:9/169k/168764/97707923/168764_BURRSUNIT2_IMG_01_0001_max_476x317.jpeg; https://media.rightmove.co.uk:443/dir/crop/10:9-16:9/169k/168764/97707923/168764_BURRSUNIT2_IMG_00_0001_max_476x317.jpeg"
"160200173","Epping Forest","Warehouse","Kents Lane, CM16","£1,230 pcm","","","","In this prime position with easy access to London and the M25 we are pleased to offer this industrial unit with office. One parking space included with gated access 7am to 7pm. Water and electric is metered. Fast fibre broadband to site. Not suitable for high rise racking. See full details","https://www.rightmove.co.uk/properties/160200173#/?channel=COM_LET","2025-04-03T12:58:39Z","","new","Marketed by Bell and Co Estate Agents Limited, Braintree","","51.73806","0.1843","https://media.rightmove.co.uk:443/dir/crop/10:9-16:9/169k/168764/160200173/168764_WEALD1920_IMG_00_0001_max_476x317.jpeg; https://media.rightmove.co.uk:443/dir/crop/10:9-16:9/169k/168764/160200173/168764_WEALD1920_IMG_03_0000_max_476x317.jpeg; https://media.rightmove.co.uk:443/dir/crop/10:9-16:9/169k/168764/160200173/168764_WEALD1920_IMG_01_0001_max_476x317.jpeg; https://media.rightmove.co.uk:443/dir/crop/10:9-16:9/169k/168764/160200173/168764_WEALD1920_IMG_02_0001_max_476x317.jpeg; https://media.rightmove.co.uk:443/dir/crop/10:9-16:9/169k/168764/160200173/168764_WEALD1920_IMG_04_0000_max_476x317.jpeg; https://media.rightmove.co.uk:443/dir/crop/10:9-16:9/169k/168764/160200173/168764_WEALD1920_IMG_05_0000_max_476x317.jpeg; https://media.rightmove.co.uk:443/dir/crop/10:9-16:9/169k/168764/160200173/168764_WEALD1920_IMG_06_0000_max_476x317.jpeg; https://media.rightmove.co.uk:443/dir/crop/10:9-16:9/169k/168764/160200173/168764_WEALD1920_IMG_07_0000_max_476x317.jpeg"
"160186628","Epping Forest","Commercial Property","Queens Mews, Buckhurst Hill","£900 pcm","","","","Nestled in the charming area of Buckhurst Hill, Queens Mews presents an exceptional opportunity for those seeking a commercial property in a vibrant and accessible location. This property is ideally suited for a variety of business ventures, offering a versatile space that can be tailored to meet...","https://www.rightmove.co.uk/properties/160186628#/?channel=COM_LET","2025-04-03T10:08:04Z","","new","Marketed by Knightons Estate Agents, Buckhurst Hill","","51.626228","0.037147","https://media.rightmove.co.uk:443/dir/crop/10:9-16:9/14k/13051/160186628/13051_33784542_IMG_00_0000_max_476x317.jpeg; https://media.rightmove.co.uk:443/dir/crop/10:9-16:9/14k/13051/160186628/13051_33784542_IMG_01_0000_max_476x317.jpeg; https://media.rightmove.co.uk:443/dir/crop/10:9-16:9/14k/13051/160186628/13051_33784542_IMG_02_0000_max_476x317.jpeg"
"160033211","Epping Forest","Shop","Queens Road, Buckhurst Hill, Essex, IG9","£3,333 pcm","","","","Stunning ground floor shop with large garden benefitting from cafe/coffee shop/restaurant use.","https://www.rightmove.co.uk/properties/160033211#/?channel=COM_LET","2025-03-31T12:04:42Z","","new","Marketed by Adam Stein & Co. Ltd, Loughton","","51.6251","0.04509","https://media.rightmove.co.uk:443/dir/crop/10:9-16:9/285k/284726/160033211/284726_IG95BY48_IMG_01_0000_max_476x317.png; https://media.rightmove.co.uk:443/dir/crop/10:9-16:9/285k/284726/160033211/284726_IG95BY48_IMG_00_0000_max_476x317.png; https://media.rightmove.co.uk:443/dir/crop/10:9-16:9/285k/284726/160033211/284726_IG95BY48_IMG_02_0000_max_476x317.png; https://media.rightmove.co.uk:443/dir/crop/10:9-16:9/285k/284726/160033211/284726_IG95BY48_IMG_03_0000_max_476x317.png"
"159271076","Epping Forest","Office","Oakwood Hill Industrial Estate, Oakwood Hill, Loughton, Essex, IG10","£1,083 pcm","From","","","Recently refurbished ground floor office suitesSuites available from 575sq ft (53.41m sq) & 874sq ft (81.19m sq) up to 1,449sq ft (134.61m sq)To LetOakwood HouseOakwood Hill, IG10 3TZ","https://www.rightmove.co.uk/properties/159271076#/?channel=COM_LET","2025-03-11T15:37:39Z","","new","Marketed by Bennett Phillips Luton, Essex","","51.64278","0.07826","https://media.rightmove.co.uk:443/dir/crop/10:9-16:9/62k/61311/159271076/61311_OakwoodHouse_IMG_00_0000_max_476x317.jpeg; https://media.rightmove.co.uk:443/dir/crop/10:9-16:9/62k/61311/159271076/61311_OakwoodHouse_IMG_01_0000_max_476x317.jpeg; https://media.rightmove.co.uk:443/dir/crop/10:9-16:9/62k/61311/159271076/61311_OakwoodHouse_IMG_02_0000_max_476x317.jpeg; https://media.rightmove.co.uk:443/dir/crop/10:9-16:9/62k/61311/159271076/61311_OakwoodHouse_IMG_03_0000_max_476x317.jpeg; https://media.rightmove.co.uk:443/dir/crop/10:9-16:9/62k/61311/159271076/61311_OakwoodHouse_IMG_04_0000_max_476x317.jpeg"
"169218635","Epping Forest","Office","Langston Road, Loughton","£2,479 pcm","","","","** OFFICE/LIGHT-INDUSTRIAL UNIT TO LET WITH PARKING ** - Situated on Langston Road, Loughton. Along Langston Road are a number of well-known occupiers such as BMW, Mercedes, Volkswagen, Kier (London) and the Higgins Group. Access to the motorway network is via Junction 5 of the M11 (southbound on...","https://www.rightmove.co.uk/properties/169218635#/?channel=COM_LET","2025-11-11T11:34:13Z","","new","Marketed by Clarke Hillyer Limited, Loughton","","51.643878","0.086695","https://media.rightmove.co.uk:443/dir/crop/10:9-16:9/217k/216248/169218635/216248_34298395_IMG_00_0000_max_476x317.jpeg; https://media.rightmove.co.uk:443/dir/crop/10:9-16:9/217k/216248/169218635/216248_34298395_IMG_01_0000_max_476x317.jpeg; https://media.rightmove.co.uk:443/dir/crop/10:9-16:9/217k/216248/169218635/216248_34298395_IMG_02_0000_max_476x317.jpeg; https://media.rightmove.co.uk:443/dir/crop/10:9-16:9/217k/216248/169218635/216248_34298395_IMG_03_0000_max_476x317.jpeg; https://media.rightmove.co.uk:443/dir/crop/10:9-16:9/217k/216248/169218635/216248_34298395_IMG_05_0000_max_476x317.jpeg; https://media.rightmove.co.uk:443/dir/crop/10:9-16:9/217k/216248/169218635/216248_34298395_IMG_04_0000_max_476x317.jpeg; https://media.rightmove.co.uk:443/dir/crop/10:9-16:9/217k/216248/169218635/216248_34298395_IMG_06_0000_max_476x317.jpeg; https://media.rightmove.co.uk:443/dir/crop/10:9-16:9/217k/216248/169218635/216248_34298395_IMG_07_0000_max_476x317.jpeg"
"157105892","Epping Forest","Office","Biz Park, Brooker Road, Waltham Abbey, EN9","£336 pcm","","","","Selection of of office spaces ranging from 75 - 125 square feet within a modern and stylish business centre in Waltham Abbey.","https://www.rightmove.co.uk/properties/157105892#/?channel=COM_LET","2025-01-20T12:07:56Z","","size_change","Marketed by PEACH PROPERTIES (UK) LIMITED, London","","51.682621","-0.002755","https://media.rightmove.co.uk:443/dir/crop/10:9-16:9/property-photo/d8898da47/157105892/d8898da47de0c40e45846434ce55747a_max_476x317.jpeg; https://media.rightmove.co.uk:443/dir/crop/10:9-16:9/property-photo/1f17b0401/157105892/1f17b0401904b8facc4e089a650b3aae_max_476x317.jpeg; https://media.rightmove.co.uk:443/dir/crop/10:9-16:9/property-photo/654c35bed/157105892/654c35bed18415374fbc461ecb7718a5_max_476x317.jpeg; https://media.rightmove.co.uk:443/dir/crop/10:9-16:9/property-photo/894fcc089/157105892/894fcc0894d4a0d0e08234ba595bd23a_max_476x317.jpeg; https://media.rightmove.co.uk:443/dir/crop/10:9-16:9/property-photo/9483cae01/157105892/9483cae013592d43c43274941021031b_max_476x317.jpeg; https://media.rightmove.co.uk:443/dir/crop/10:9-16:9/property-photo/45b1c8279/157105892/45b1c8279e3eeaaaad0c318bc80793ca_max_476x317.jpeg; https://media.rightmove.co.uk:443/dir/crop/10:9-16:9/property-photo/5246a3749/157105892/5246a3749d7d601a76073b2bf5ac9fff_max_476x317.jpeg; https://media.rightmove.co.uk:443/dir/crop/10:9-16:9/property-photo/2694e4a3d/157105892/2694e4a3d13ba17fd15ddbb509663a7e_max_476x317.jpeg; https://media.rightmove.co.uk:443/dir/crop/10:9-16:9/property-photo/9aa724f85/157105892/9aa724f854f61b162a4d5a2782d87e11_max_476x317.jpeg; https://media.rightmove.co.uk:443/dir/crop/10:9-16:9/property-photo/0251ecbd6/157105892/0251ecbd6a39a0cde47b1365ee742cfa_max_476x317.jpeg; https://media.rightmove.co.uk:443/dir/crop/10:9-16:9/property-photo/03fee293d/157105892/03fee293d00ae82f4c30a824cb512baf_max_476x317.jpeg; https://media.rightmove.co.uk:443/dir/crop/10:9-16:9/property-photo/d5d7f2434/157105892/d5d7f2434c6250d7b77487d9766d8972_max_476x317.jpeg; https://media.rightmove.co.uk:443/dir/crop/10:9-16:9/property-photo/f292676c3/157105892/f292676c3a9ebdde4bbf04fb9d7ef65f_max_476x317.jpeg"
"46494760","Epping Forest","Office","Threshers Bush","£1,140 pcm","","","","HOLTS COURT UNIT 10 - New high grade office courtyard development of restored timber barns with GATED ACCESS, CCTV SECURITY and AMPLE PARKING. With close proximity to J7 of the M11, this office has AIR CONDITIONING with HIGH SPEED BROADBAND available","https://www.rightmove.co.uk/properties/46494760#/?channel=COM_LET","2014-10-06T12:21:22Z","","new","Marketed by Bell and Co Estate Agents Limited, Braintree","","51.7624","0.17128","https://media.rightmove.co.uk:443/dir/crop/10:9-16:9/169k/168764/46494760/168764_10HOLTSCOURT_IMG_03_0000_max_476x317.jpg; https://media.rightmove.co.uk:443/dir/crop/10:9-16:9/169k/168764/46494760/168764_10HOLTSCOURT_IMG_01_0000_max_476x317.jpg; https://media.rightmove.co.uk:443/dir/crop/10:9-16:9/169k/168764/46494760/168764_10HOLTSCOURT_IMG_02_0000_max_476x317.jpg; https://media.rightmove.co.uk:443/dir/crop/10:9-16:9/169k/168764/46494760/168764_10HOLTSCOURT_IMG_04_0000_max_476x317.jpg; https://media.rightmove.co.uk:443/dir/crop/10:9-16:9/169k/168764/46494760/168764_10HOLTSCOURT_IMG_00_0000_max_476x317.jpg; https://media.rightmove.co.uk:443/dir/crop/10:9-16:9/169k/168764/46494760/168764_10HOLTSCOURT_IMG_09_0000_max_476x317.jpg; https://media.rightmove.co.uk:443/dir/crop/10:9-16:9/169k/168764/46494760/168764_10HOLTSCOURT_IMG_08_0000_max_476x317.jpg; https://media.rightmove.co.uk:443/dir/crop/10:9-16:9/169k/168764/46494760/168764_10HOLTSCOURT_IMG_07_0000_max_476x317.jpg; https://media.rightmove.co.uk:443/dir/crop/10:9-16:9/169k/168764/46494760/168764_10HOLTSCOURT_IMG_05_0000_max_476x317.jpg; https://media.rightmove.co.uk:443/dir/crop/10:9-16:9/169k/168764/46494760/168764_10HOLTSCOURT_IMG_10_0000_max_476x317.jpg; https://media.rightmove.co.uk:443/dir/crop/10:9-16:9/169k/168764/46494760/168764_10HOLTSCOURT_IMG_11_0000_max_476x317.jpg; https://media.rightmove.co.uk:443/dir/crop/10:9-16:9/169k/168764/46494760/168764_10HOLTSCOURT_IMG_12_0000_max_476x317.jpg"
"158637731","Epping Forest","Retail Property (high street)","Market Square, Waltham Abbey, Essex, EN9","£917 pcm","","","","Stunning ground floor commercial unit with window frontage in the heart of Waltham Abbey town centre to let","https://www.rightmove.co.uk/properties/158637731#/?channel=COM_LET","2025-02-24T16:13:38Z","","new","Marketed by Stein McBride Property Co. Limited, London & Essex","","51.68653","-0.00235","https://media.rightmove.co.uk:443/dir/crop/10:9-16:9/98k/97148/158637731/97148_EN91DP7_IMG_00_0000_max_476x317.jpeg"
"157800953","Epping Forest","Storage","Norton Heath","£2,167 pcm","From","","","Secure units to let in Norton Heath, Ongar. There are multiple units available, offering multiple sizes and prices. The site is located 1.3 miles (by car) from the A414 allowing great access routes. ","https://www.rightmove.co.uk/properties/157800953#/?channel=COM_LET","2025-02-05T10:40:02Z","","new","Marketed by Whirledge and Nott, Commercial","","51.72339","0.31203","https://media.rightmove.co.uk:443/dir/crop/10:9-16:9/174k/173735/157800953/173735_4755_IMG_00_0000_max_476x317.jpeg; https://media.rightmove.co.uk:443/dir/crop/10:9-16:9/174k/173735/157800953/173735_4755_IMG_01_0000_max_476x317.jpeg; https://media.rightmove.co.uk:443/dir/crop/10:9-16:9/174k/173735/157800953/173735_4755_IMG_02_0000_max_476x317.jpeg; https://media.rightmove.co.uk:443/dir/crop/10:9-16:9/174k/173735/157800953/173735_4755_IMG_03_0000_max_476x317.jpeg; https://media.rightmove.co.uk:443/dir/crop/10:9-16:9/174k/173735/157800953/173735_4755_IMG_04_0000_max_476x317.jpeg; https://media.rightmove.co.uk:443/dir/crop/10:9-16:9/174k/173735/157800953/173735_4755_IMG_05_0000_max_476x317.jpeg"
"68860469","Epping Forest","Serviced Office","Langston Road,Loughton,IG10","£1,550 pcm","","","","Situated clos to the M11 & M25 we are please to offer this groundfloor STUDIO to let. Ideal for 8 people benefiting from own entrancewith signage and AMPLE PARKING. The site has great public transportlinks with the CENTRAL LINE being a short walk away and close toamenities CALL TO BOOK A VIEWING","https://www.rightmove.co.uk/properties/68860469#/?channel=COM_LET","2017-09-15T11:13:15Z","","new","Marketed by Bell and Co Estate Agents Limited, Braintree","","51.64483","0.0889","https://media.rightmove.co.uk:443/dir/crop/10:9-16:9/169k/168764/68860469/168764_SeedbedD6_IMG_00_0001_max_476x317.jpeg; https://media.rightmove.co.uk:443/dir/crop/10:9-16:9/169k/168764/68860469/168764_SeedbedD6_IMG_01_0001_max_476x317.jpeg; https://media.rightmove.co.uk:443/dir/crop/10:9-16:9/169k/168764/68860469/168764_SeedbedD6_IMG_02_0001_max_476x317.jpeg; https://media.rightmove.co.uk:443/dir/crop/10:9-16:9/169k/168764/68860469/168764_SeedbedD6_IMG_03_0001_max_476x317.jpeg; https://media.rightmove.co.uk:443/dir/crop/10:9-16:9/169k/168764/68860469/168764_SeedbedD6_IMG_04_0001_max_476x317.jpeg"
"68839703","Epping Forest","Office","Loughton,IG10","£1,380 pcm","","","","Situated clos to the M11 & M25 we are please to offer this ground floor STUDIO to let. Ideal for 6 people benefiting from own entrance with signage and AMPLE PARKING. The site has great public transport links with the CENTRAL LINE being a short walk away and close to amenities CALL TO BOOK A VIEWING","https://www.rightmove.co.uk/properties/68839703#/?channel=COM_LET","2017-09-14T12:15:36Z","","new","Marketed by Bell and Co Estate Agents Limited, Braintree","","51.64483","0.0889","https://media.rightmove.co.uk:443/dir/crop/10:9-16:9/property-photo/e46fd0076/68839703/e46fd007613f24edcd8efbdd72d4cfa2_max_476x317.jpeg; https://media.rightmove.co.uk:443/dir/crop/10:9-16:9/property-photo/243f18452/68839703/243f1845290a05cf63d0366b2f7af6fb_max_476x317.jpeg; https://media.rightmove.co.uk:443/dir/crop/10:9-16:9/property-photo/400eb7fb9/68839703/400eb7fb955dc9b2b11825829390e9d7_max_476x317.jpeg; https://media.rightmove.co.uk:443/dir/crop/10:9-16:9/property-photo/0b0342ea6/68839703/0b0342ea6da449fc04b083582bc78347_max_476x317.jpeg; https://media.rightmove.co.uk:443/dir/crop/10:9-16:9/property-photo/4a9da0a2e/68839703/4a9da0a2ee9ace5a9baff4ff33cfee01_max_476x317.jpeg"
"157253105","Epping Forest","Distribution Warehouse","WX-192 Waltham Cross - Unit 25, Unit 25, IO Centre, Lea Road, Waltham Cross, EN9 1AS","POA","","","","Prime Industrial and Logistics Building 191,948 sq ft Available To Let From Q3 2025","https://www.rightmove.co.uk/properties/157253105#/?channel=COM_LET","2025-01-23T11:19:27Z","","new","Marketed by JLL, London - Industrial","","51.68178","-0.014384","https://media.rightmove.co.uk:443/dir/crop/10:9-16:9/264k/263627/157253105/263627_277804-2_IMG_01_0000_max_476x317.jpeg"
"157106210","Epping Forest","Office","Biz Park, Brooker Road, Waltham Abbey, EN9","£485 pcm","","","","Selection of of office spaces ranging from 120 - 800 square feet within a modern and stylish business centre in Waltham Abbey.","https://www.rightmove.co.uk/properties/157106210#/?channel=COM_LET","2025-01-20T12:13:03Z","","new","Marketed by PEACH PROPERTIES (UK) LIMITED, London","","51.682621","-0.002755","https://media.rightmove.co.uk:443/dir/crop/10:9-16:9/272k/271343/157106210/271343_33615182_IMG_00_0000_max_476x317.jpeg; https://media.rightmove.co.uk:443/dir/crop/10:9-16:9/272k/271343/157106210/271343_33615182_IMG_01_0000_max_476x317.jpeg; https://media.rightmove.co.uk:443/dir/crop/10:9-16:9/272k/271343/157106210/271343_33615182_IMG_02_0000_max_476x317.jpeg; https://media.rightmove.co.uk:443/dir/crop/10:9-16:9/272k/271343/157106210/271343_33615182_IMG_03_0000_max_476x317.jpeg; https://media.rightmove.co.uk:443/dir/crop/10:9-16:9/272k/271343/157106210/271343_33615182_IMG_04_0000_max_476x317.jpeg; https://media.rightmove.co.uk:443/dir/crop/10:9-16:9/272k/271343/157106210/271343_33615182_IMG_05_0000_max_476x317.jpeg; https://media.rightmove.co.uk:443/dir/crop/10:9-16:9/272k/271343/157106210/271343_33615182_IMG_06_0000_max_476x317.jpeg; https://media.rightmove.co.uk:443/dir/crop/10:9-16:9/272k/271343/157106210/271343_33615182_IMG_07_0000_max_476x317.jpeg; https://media.rightmove.co.uk:443/dir/crop/10:9-16:9/272k/271343/157106210/271343_33615182_IMG_08_0000_max_476x317.jpeg; https://media.rightmove.co.uk:443/dir/crop/10:9-16:9/272k/271343/157106210/271343_33615182_IMG_09_0000_max_476x317.jpeg; https://media.rightmove.co.uk:443/dir/crop/10:9-16:9/272k/271343/157106210/271343_33615182_IMG_10_0000_max_476x317.jpeg; https://media.rightmove.co.uk:443/dir/crop/10:9-16:9/272k/271343/157106210/271343_33615182_IMG_11_0000_max_476x317.jpeg; https://media.rightmove.co.uk:443/dir/crop/10:9-16:9/272k/271343/157106210/271343_33615182_IMG_12_0000_max_476x317.jpeg"
"117651995","Epping Forest","Serviced Office","High Street, Epping, Essex, CM16","£869 pcm","","","","Private office space for 1 person in Regus Civic Building","https://www.rightmove.co.uk/properties/117651995#/?channel=COM_LET","2021-12-15T13:24:02Z","","price_reduced","Marketed by IW Group Services (UK) Limited, Regus","","51.7015","0.11441","https://media.rightmove.co.uk:443/dir/crop/10:9-16:9/130k/129853/117651995/129853_UK1ws5851_IMG_04_0001_max_476x317.jpeg; https://media.rightmove.co.uk:443/dir/crop/10:9-16:9/130k/129853/117651995/129853_UK1ws5851_IMG_03_0001_max_476x317.jpeg; https://media.rightmove.co.uk:443/dir/crop/10:9-16:9/130k/129853/117651995/129853_UK1ws5851_IMG_08_0000_max_476x317.jpeg; https://media.rightmove.co.uk:443/dir/crop/10:9-16:9/130k/129853/117651995/129853_UK1ws5851_IMG_05_0001_max_476x317.jpeg; https://media.rightmove.co.uk:443/dir/crop/10:9-16:9/130k/129853/117651995/129853_UK1ws5851_IMG_07_0000_max_476x317.jpeg; https://media.rightmove.co.uk:443/dir/crop/10:9-16:9/130k/129853/117651995/129853_UK1ws5851_IMG_09_0000_max_476x317.jpeg; https://media.rightmove.co.uk:443/dir/crop/10:9-16:9/130k/129853/117651995/129853_UK1ws5851_IMG_10_0000_max_476x317.jpeg; https://media.rightmove.co.uk:443/dir/crop/10:9-16:9/130k/129853/117651995/129853_UK1ws5851_IMG_06_0000_max_476x317.jpeg"
"117652439","Epping Forest","Serviced Office","High Street, Epping, Essex, CM16","£869 pcm","","","","Find office space in Regus Civic Building for 3 people with everything taken care of","https://www.rightmove.co.uk/properties/117652439#/?channel=COM_LET","2021-12-15T13:31:17Z","","price_reduced","Marketed by IW Group Services (UK) Limited, Regus","","51.7015","0.11441","https://media.rightmove.co.uk:443/dir/crop/10:9-16:9/property-photo/25bb378e3/117652439/25bb378e382fbd49514b14003577f878_max_476x317.jpeg; https://media.rightmove.co.uk:443/dir/crop/10:9-16:9/property-photo/9e63d3f24/117652439/9e63d3f24fde4b5f55291b654902d91b_max_476x317.jpeg; https://media.rightmove.co.uk:443/dir/crop/10:9-16:9/property-photo/3f704d7be/117652439/3f704d7bedf72b4edb33f3a771b5c176_max_476x317.jpeg; https://media.rightmove.co.uk:443/dir/crop/10:9-16:9/property-photo/225a60274/117652439/225a60274208ec2bfd760fc7dc1724d6_max_476x317.jpeg; https://media.rightmove.co.uk:443/dir/crop/10:9-16:9/property-photo/8e83ad2f9/117652439/8e83ad2f9a1ca554431c66350343e196_max_476x317.jpeg; https://media.rightmove.co.uk:443/dir/crop/10:9-16:9/property-photo/305f8bb6f/117652439/305f8bb6f8716cda358b3ef15c7f7e36_max_476x317.jpeg; https://media.rightmove.co.uk:443/dir/crop/10:9-16:9/property-photo/5aafa49c8/117652439/5aafa49c80023f993e32db7ec5f15458_max_476x317.jpeg"
"117652745","Epping Forest","Serviced Office","High Street, Epping, Essex, CM16","£1,259 pcm","","","","Find office space in Regus Civic Building for 5 people with everything taken care of","https://www.rightmove.co.uk/properties/117652745#/?channel=COM_LET","2021-12-15T13:37:00Z","","price_reduced","Marketed by IW Group Services (UK) Limited, Regus","","51.7015","0.11441","https://media.rightmove.co.uk:443/dir/crop/10:9-16:9/property-photo/ad0312483/117652745/ad0312483b553ecffda2f78a7ae4f409_max_476x317.jpeg; https://media.rightmove.co.uk:443/dir/crop/10:9-16:9/property-photo/9e63d3f24/117652745/9e63d3f24fde4b5f55291b654902d91b_max_476x317.jpeg; https://media.rightmove.co.uk:443/dir/crop/10:9-16:9/property-photo/265874c86/117652745/265874c8690ef391ae30d45c7a180dd2_max_476x317.jpeg; https://media.rightmove.co.uk:443/dir/crop/10:9-16:9/property-photo/653342edb/117652745/653342edb1d3251c848349dc8694352e_max_476x317.jpeg; https://media.rightmove.co.uk:443/dir/crop/10:9-16:9/property-photo/305f8bb6f/117652745/305f8bb6f8716cda358b3ef15c7f7e36_max_476x317.jpeg; https://media.rightmove.co.uk:443/dir/crop/10:9-16:9/property-photo/3f704d7be/117652745/3f704d7bedf72b4edb33f3a771b5c176_max_476x317.jpeg; https://media.rightmove.co.uk:443/dir/crop/10:9-16:9/property-photo/8e83ad2f9/117652745/8e83ad2f9a1ca554431c66350343e196_max_476x317.jpeg"
"155633078","Epping Forest","Commercial Property","BizSpace , 121 Brooker  Road, Waltham Abbey, Essex","£2,027 pcm","","","","Daniel Thomas Estate Agents powered by KW present this 811 square foot office space to let. Located on the second floor. Please note: Rent is subject to VAT. Daniel Thomas are not the managing agents. Description provided by landlord.","https://www.rightmove.co.uk/properties/155633078#/?channel=COM_LET","2024-12-03T17:28:29Z","","price_reduced","Marketed by Keller Williams Plus, Covering Nationwide","","51.6815","-0.004333","https://media.rightmove.co.uk:443/dir/crop/10:9-16:9/215k/214967/155633078/214967_ZDThomasKW0003516269_IMG_18_0000_max_476x317.jpeg; https://media.rightmove.co.uk:443/dir/crop/10:9-16:9/215k/214967/155633078/214967_ZDThomasKW0003516269_IMG_12_0000_max_476x317.jpeg; https://media.rightmove.co.uk:443/dir/crop/10:9-16:9/215k/214967/155633078/214967_ZDThomasKW0003516269_IMG_13_0000_max_476x317.jpeg; https://media.rightmove.co.uk:443/dir/crop/10:9-16:9/215k/214967/155633078/214967_ZDThomasKW0003516269_IMG_14_0000_max_476x317.jpeg; https://media.rightmove.co.uk:443/dir/crop/10:9-16:9/215k/214967/155633078/214967_ZDThomasKW0003516269_IMG_15_0000_max_476x317.jpeg; https://media.rightmove.co.uk:443/dir/crop/10:9-16:9/215k/214967/155633078/214967_ZDThomasKW0003516269_IMG_16_0000_max_476x317.jpeg; https://media.rightmove.co.uk:443/dir/crop/10:9-16:9/215k/214967/155633078/214967_ZDThomasKW0003516269_IMG_17_0000_max_476x317.jpeg; https://media.rightmove.co.uk:443/dir/crop/10:9-16:9/215k/214967/155633078/214967_ZDThomasKW0003516269_IMG_25_0000_max_476x317.jpeg; https://media.rightmove.co.uk:443/dir/crop/10:9-16:9/215k/214967/155633078/214967_ZDThomasKW0003516269_IMG_24_0000_max_476x317.jpeg; https://media.rightmove.co.uk:443/dir/crop/10:9-16:9/215k/214967/155633078/214967_ZDThomasKW0003516269_IMG_22_0000_max_476x317.jpeg; https://media.rightmove.co.uk:443/dir/crop/10:9-16:9/215k/214967/155633078/214967_ZDThomasKW0003516269_IMG_19_0000_max_476x317.jpeg; https://media.rightmove.co.uk:443/dir/crop/10:9-16:9/215k/214967/155633078/214967_ZDThomasKW0003516269_IMG_20_0000_max_476x317.jpeg; https://media.rightmove.co.uk:443/dir/crop/10:9-16:9/215k/214967/155633078/214967_ZDThomasKW0003516269_IMG_21_0000_max_476x317.jpeg; https://media.rightmove.co.uk:443/dir/crop/10:9-16:9/215k/214967/155633078/214967_ZDThomasKW0003516269_IMG_23_0000_max_476x317.jpeg; https://media.rightmove.co.uk:443/dir/crop/10:9-16:9/215k/214967/155633078/214967_ZDThomasKW0003516269_IMG_11_0000_max_476x317.jpeg"
"155630567","Epping Forest","Warehouse","Kents Lane, CM16","£1,733 pcm","","","","In this prime position with easy access to London and the M25 we are pleased to offer this unit. The unit will have newly installed toilets and has an eave height of around 9ft. Three parking spaces are included with gated access, 24/7. Within unit is a purpose built office, electric is metered. ","https://www.rightmove.co.uk/properties/155630567#/?channel=COM_LET","2024-12-03T16:49:17Z","","new","Marketed by Bell and Co Estate Agents Limited, Braintree","","51.73806","0.1843","https://media.rightmove.co.uk:443/dir/crop/10:9-16:9/169k/168764/155630567/168764_WEALDHALL_IMG_03_0000_max_476x317.jpeg; https://media.rightmove.co.uk:443/dir/crop/10:9-16:9/169k/168764/155630567/168764_WEALDHALL_IMG_04_0000_max_476x317.jpeg; https://media.rightmove.co.uk:443/dir/crop/10:9-16:9/169k/168764/155630567/168764_WEALDHALL_IMG_00_0001_max_476x317.jpeg; https://media.rightmove.co.uk:443/dir/crop/10:9-16:9/169k/168764/155630567/168764_WEALDHALL_IMG_01_0001_max_476x317.jpeg; https://media.rightmove.co.uk:443/dir/crop/10:9-16:9/169k/168764/155630567/168764_WEALDHALL_IMG_02_0000_max_476x317.jpeg"
"721598651309249","Epping Forest","Mixed Use","1-3 Orbital Business Centre, Brooker Road, Waltham Abbey, EN9 1JH","£9,583 pcm","","","","Prominent Business Unit/Warehouse with enclosed yard","https://www.rightmove.co.uk/properties/721598651309249#/?channel=COM_LET","2025-11-26T11:14:34Z","","new","Marketed by Derrick Wade Waters, Industrial","","51.68179","-0.002875","https://media.rightmove.co.uk:443/dir/crop/10:9-16:9/106k/105212/721598651309249/105212_228864-2_IMG_00_0000_max_476x317.jpeg; https://media.rightmove.co.uk:443/dir/crop/10:9-16:9/106k/105212/721598651309249/105212_228864-2_IMG_01_0000_max_476x317.jpeg; https://media.rightmove.co.uk:443/dir/crop/10:9-16:9/106k/105212/721598651309249/105212_228864-2_IMG_02_0000_max_476x317.jpeg; https://media.rightmove.co.uk:443/dir/crop/10:9-16:9/106k/105212/721598651309249/105212_228864-2_IMG_03_0000_max_476x317.jpeg; https://media.rightmove.co.uk:443/dir/crop/10:9-16:9/106k/105212/721598651309249/105212_228864-2_IMG_04_0000_max_476x317.jpeg; https://media.rightmove.co.uk:443/dir/crop/10:9-16:9/106k/105212/721598651309249/105212_228864-2_IMG_05_0000_max_476x317.jpeg; https://media.rightmove.co.uk:443/dir/crop/10:9-16:9/106k/105212/721598651309249/105212_228864-2_IMG_06_0000_max_476x317.jpeg; https://media.rightmove.co.uk:443/dir/crop/10:9-16:9/106k/105212/721598651309249/105212_228864-2_IMG_07_0000_max_476x317.jpeg; https://media.rightmove.co.uk:443/dir/crop/10:9-16:9/106k/105212/721598651309249/105212_228864-2_IMG_08_0000_max_476x317.jpeg; https://media.rightmove.co.uk:443/dir/crop/10:9-16:9/106k/105212/721598651309249/105212_228864-2_IMG_09_0000_max_476x317.jpeg; https://media.rightmove.co.uk:443/dir/crop/10:9-16:9/106k/105212/721598651309249/105212_228864-2_IMG_10_0000_max_476x317.jpeg"
"150991109","Epping Forest","Office","Warlies Park House,  Waltham Abbey, EN9","£1,331 pcm","","","","Ground floor office space from up to 6 people within Warlies Park House is a Grade II listed mansion set within ten acres of landscaped grounds situated only one mile from junction 26 of the M25.","https://www.rightmove.co.uk/properties/150991109#/?channel=COM_LET","2024-08-05T13:51:58Z","","size_change","Marketed by PEACH PROPERTIES (UK) LIMITED, London","","51.693135","0.045582","https://media.rightmove.co.uk:443/dir/crop/10:9-16:9/272k/271343/150991109/271343_33281114_IMG_00_0000_max_476x317.jpeg; https://media.rightmove.co.uk:443/dir/crop/10:9-16:9/272k/271343/150991109/271343_33281114_IMG_01_0000_max_476x317.jpeg; https://media.rightmove.co.uk:443/dir/crop/10:9-16:9/272k/271343/150991109/271343_33281114_IMG_02_0000_max_476x317.jpeg"
"155410523","Epping Forest","Serviced Office","Langston Road, Loughton","£1,390 pcm","From","","","Situated close to Epping, Chigwell and Waltham Abbey, the Loughton Seedbed Centre in West Essex offers purpose-built accommodation for start-ups and established businesses on an affordable, flexible, rolling monthly contract. Our simple, easy-in, easy-out transparent monthly licence fee includes ...","https://www.rightmove.co.uk/properties/155410523#/?channel=COM_LET","2024-11-27T06:06:55Z","","new","Marketed by Office Freedom, Office Freedom - Major Cities","","51.645329","0.088745","https://media.rightmove.co.uk:443/dir/crop/10:9-16:9/246k/245114/155410523/245114_54205-1_IMG_00_0001_max_476x317.jpeg; https://media.rightmove.co.uk:443/dir/crop/10:9-16:9/246k/245114/155410523/245114_54205-1_IMG_01_0001_max_476x317.jpeg; https://media.rightmove.co.uk:443/dir/crop/10:9-16:9/246k/245114/155410523/245114_54205-1_IMG_02_0001_max_476x317.jpeg; https://media.rightmove.co.uk:443/dir/crop/10:9-16:9/246k/245114/155410523/245114_54205-1_IMG_03_0001_max_476x317.jpeg; https://media.rightmove.co.uk:443/dir/crop/10:9-16:9/246k/245114/155410523/245114_54205-1_IMG_04_0001_max_476x317.jpeg; https://media.rightmove.co.uk:443/dir/crop/10:9-16:9/246k/245114/155410523/245114_54205-1_IMG_05_0001_max_476x317.jpeg; https://media.rightmove.co.uk:443/dir/crop/10:9-16:9/246k/245114/155410523/245114_54205-1_IMG_06_0000_max_476x317.jpeg; https://media.rightmove.co.uk:443/dir/crop/10:9-16:9/246k/245114/155410523/245114_54205-1_IMG_07_0000_max_476x317.jpeg; https://media.rightmove.co.uk:443/dir/crop/10:9-16:9/246k/245114/155410523/245114_54205-1_IMG_08_0000_max_476x317.jpeg; https://media.rightmove.co.uk:443/dir/crop/10:9-16:9/246k/245114/155410523/245114_54205-1_IMG_09_0000_max_476x317.jpeg"
"155492192","Epping Forest","Serviced Office","121 Brooker Road, Waltham Abbey","£435 pcm","From","","","Located in the beautiful Essex market town of Waltham Abbey, this centre provides a perfect combination of professional space in a picturesque location. The four storey building has been refurbished to create a range of office suites set within an ideal environment for meetings, solo work and net...","https://www.rightmove.co.uk/properties/155492192#/?channel=COM_LET","2024-11-28T18:03:08Z","","new","Marketed by Office Freedom, Office Freedom Regional","","51.681598","-0.00426","https://media.rightmove.co.uk:443/dir/crop/10:9-16:9/238k/237641/155492192/237641_17324-1_IMG_00_0000_max_476x317.jpeg; https://media.rightmove.co.uk:443/dir/crop/10:9-16:9/238k/237641/155492192/237641_17324-1_IMG_01_0000_max_476x317.jpeg; https://media.rightmove.co.uk:443/dir/crop/10:9-16:9/238k/237641/155492192/237641_17324-1_IMG_02_0000_max_476x317.jpeg; https://media.rightmove.co.uk:443/dir/crop/10:9-16:9/238k/237641/155492192/237641_17324-1_IMG_03_0000_max_476x317.jpeg; https://media.rightmove.co.uk:443/dir/crop/10:9-16:9/238k/237641/155492192/237641_17324-1_IMG_04_0000_max_476x317.jpeg; https://media.rightmove.co.uk:443/dir/crop/10:9-16:9/238k/237641/155492192/237641_17324-1_IMG_05_0000_max_476x317.jpeg; https://media.rightmove.co.uk:443/dir/crop/10:9-16:9/238k/237641/155492192/237641_17324-1_IMG_06_0000_max_476x317.jpeg; https://media.rightmove.co.uk:443/dir/crop/10:9-16:9/238k/237641/155492192/237641_17324-1_IMG_07_0000_max_476x317.jpeg; https://media.rightmove.co.uk:443/dir/crop/10:9-16:9/238k/237641/155492192/237641_17324-1_IMG_08_0000_max_476x317.jpeg; https://media.rightmove.co.uk:443/dir/crop/10:9-16:9/238k/237641/155492192/237641_17324-1_IMG_09_0000_max_476x317.jpeg; https://media.rightmove.co.uk:443/dir/crop/10:9-16:9/238k/237641/155492192/237641_17324-1_IMG_10_0000_max_476x317.jpeg; https://media.rightmove.co.uk:443/dir/crop/10:9-16:9/238k/237641/155492192/237641_17324-1_IMG_11_0000_max_476x317.jpeg; https://media.rightmove.co.uk:443/dir/crop/10:9-16:9/238k/237641/155492192/237641_17324-1_IMG_12_0000_max_476x317.jpeg; https://media.rightmove.co.uk:443/dir/crop/10:9-16:9/238k/237641/155492192/237641_17324-1_IMG_13_0000_max_476x317.jpeg; https://media.rightmove.co.uk:443/dir/crop/10:9-16:9/238k/237641/155492192/237641_17324-1_IMG_14_0000_max_476x317.jpeg; https://media.rightmove.co.uk:443/dir/crop/10:9-16:9/238k/237641/155492192/237641_17324-1_IMG_15_0000_max_476x317.jpeg; https://media.rightmove.co.uk:443/dir/crop/10:9-16:9/238k/237641/155492192/237641_17324-1_IMG_16_0000_max_476x317.jpeg; https://media.rightmove.co.uk:443/dir/crop/10:9-16:9/238k/237641/155492192/237641_17324-1_IMG_17_0000_max_476x317.jpeg; https://media.rightmove.co.uk:443/dir/crop/10:9-16:9/238k/237641/155492192/237641_17324-1_IMG_18_0000_max_476x317.jpeg; https://media.rightmove.co.uk:443/dir/crop/10:9-16:9/238k/237641/155492192/237641_17324-1_IMG_19_0000_max_476x317.jpeg"
"721598657693233","Epping Forest","Mixed Use","1-4 Orbital Business Centre, Brooker Road, Waltham Abbey, EN9 1JH","£12,917 pcm","","","","Prominent Business Unit/Warehouse with enclosed yard","https://www.rightmove.co.uk/properties/721598657693233#/?channel=COM_LET","2025-11-26T11:14:33Z","","size_change","Marketed by Derrick Wade Waters, Industrial","","51.68179","-0.002875","https://media.rightmove.co.uk:443/dir/crop/10:9-16:9/106k/105212/721598657693233/105212_228879-2_IMG_00_0000_max_476x317.jpeg; https://media.rightmove.co.uk:443/dir/crop/10:9-16:9/106k/105212/721598657693233/105212_228879-2_IMG_01_0000_max_476x317.jpeg; https://media.rightmove.co.uk:443/dir/crop/10:9-16:9/106k/105212/721598657693233/105212_228879-2_IMG_02_0000_max_476x317.jpeg; https://media.rightmove.co.uk:443/dir/crop/10:9-16:9/106k/105212/721598657693233/105212_228879-2_IMG_03_0000_max_476x317.jpeg; https://media.rightmove.co.uk:443/dir/crop/10:9-16:9/106k/105212/721598657693233/105212_228879-2_IMG_04_0000_max_476x317.jpeg; https://media.rightmove.co.uk:443/dir/crop/10:9-16:9/106k/105212/721598657693233/105212_228879-2_IMG_05_0000_max_476x317.jpeg; https://media.rightmove.co.uk:443/dir/crop/10:9-16:9/106k/105212/721598657693233/105212_228879-2_IMG_06_0000_max_476x317.jpeg; https://media.rightmove.co.uk:443/dir/crop/10:9-16:9/106k/105212/721598657693233/105212_228879-2_IMG_07_0000_max_476x317.jpeg; https://media.rightmove.co.uk:443/dir/crop/10:9-16:9/106k/105212/721598657693233/105212_228879-2_IMG_08_0000_max_476x317.jpeg; https://media.rightmove.co.uk:443/dir/crop/10:9-16:9/106k/105212/721598657693233/105212_228879-2_IMG_09_0000_max_476x317.jpeg; https://media.rightmove.co.uk:443/dir/crop/10:9-16:9/106k/105212/721598657693233/105212_228879-2_IMG_10_0000_max_476x317.jpeg; https://media.rightmove.co.uk:443/dir/crop/10:9-16:9/106k/105212/721598657693233/105212_228879-2_IMG_11_0000_max_476x317.jpeg"
"152448155","Epping Forest","Office","Nazeing New Road, Broxbourne, EN10","£670 pcm","","","","VIA Properties are pleased to offer a selection of commercial premises space at Nazeing Glass Works - Meridian House Unit 1 '","https://www.rightmove.co.uk/properties/152448155#/?channel=COM_LET","2024-09-14T15:41:27Z","","new","Marketed by Via Properties Ltd, Hoddesdon","","51.74107","-0.00267","https://media.rightmove.co.uk:443/dir/crop/10:9-16:9/268k/267887/152448155/267887_VIAPR_001592_IMG_00_0000_max_476x317.jpeg; https://media.rightmove.co.uk:443/dir/crop/10:9-16:9/268k/267887/152448155/267887_VIAPR_001592_IMG_01_0000_max_476x317.jpeg; https://media.rightmove.co.uk:443/dir/crop/10:9-16:9/268k/267887/152448155/267887_VIAPR_001592_IMG_02_0000_max_476x317.jpeg; https://media.rightmove.co.uk:443/dir/crop/10:9-16:9/268k/267887/152448155/267887_VIAPR_001592_IMG_03_0000_max_476x317.jpeg; https://media.rightmove.co.uk:443/dir/crop/10:9-16:9/268k/267887/152448155/267887_VIAPR_001592_IMG_04_0000_max_476x317.jpeg; https://media.rightmove.co.uk:443/dir/crop/10:9-16:9/268k/267887/152448155/267887_VIAPR_001592_IMG_05_0000_max_476x317.jpeg; https://media.rightmove.co.uk:443/dir/crop/10:9-16:9/268k/267887/152448155/267887_VIAPR_001592_IMG_06_0000_max_476x317.jpeg; https://media.rightmove.co.uk:443/dir/crop/10:9-16:9/268k/267887/152448155/267887_VIAPR_001592_IMG_07_0000_max_476x317.jpeg; https://media.rightmove.co.uk:443/dir/crop/10:9-16:9/268k/267887/152448155/267887_VIAPR_001592_IMG_08_0000_max_476x317.jpeg; https://media.rightmove.co.uk:443/dir/crop/10:9-16:9/268k/267887/152448155/267887_VIAPR_001592_IMG_09_0000_max_476x317.jpeg; https://media.rightmove.co.uk:443/dir/crop/10:9-16:9/268k/267887/152448155/267887_VIAPR_001592_IMG_10_0000_max_476x317.jpeg; https://media.rightmove.co.uk:443/dir/crop/10:9-16:9/268k/267887/152448155/267887_VIAPR_001592_IMG_11_0000_max_476x317.jpeg; https://media.rightmove.co.uk:443/dir/crop/10:9-16:9/268k/267887/152448155/267887_VIAPR_001592_IMG_12_0000_max_476x317.jpeg; https://media.rightmove.co.uk:443/dir/crop/10:9-16:9/268k/267887/152448155/267887_VIAPR_001592_IMG_13_0000_max_476x317.jpeg; https://media.rightmove.co.uk:443/dir/crop/10:9-16:9/268k/267887/152448155/267887_VIAPR_001592_IMG_14_0000_max_476x317.jpeg; https://media.rightmove.co.uk:443/dir/crop/10:9-16:9/268k/267887/152448155/267887_VIAPR_001592_IMG_15_0000_max_476x317.jpeg; https://media.rightmove.co.uk:443/dir/crop/10:9-16:9/268k/267887/152448155/267887_VIAPR_001592_IMG_16_0000_max_476x317.jpeg; https://media.rightmove.co.uk:443/dir/crop/10:9-16:9/268k/267887/152448155/267887_VIAPR_001592_IMG_17_0000_max_476x317.jpeg; https://media.rightmove.co.uk:443/dir/crop/10:9-16:9/268k/267887/152448155/267887_VIAPR_001592_IMG_18_0000_max_476x317.jpeg"
"151899485","Epping Forest","Office","Nazeing New Road, Broxbourne, EN10","£100 pcm","","","","VIA Properties are pleased to offer this office premises at Nazeing Glass Works- Ref Unit 8a '","https://www.rightmove.co.uk/properties/151899485#/?channel=COM_LET","2024-08-31T15:00:45Z","","new","Marketed by Via Properties Ltd, Hoddesdon","","51.74184","-0.00252","https://media.rightmove.co.uk:443/dir/crop/10:9-16:9/268k/267887/151899485/267887_VIAPR_001633_IMG_00_0000_max_476x317.jpeg; https://media.rightmove.co.uk:443/dir/crop/10:9-16:9/268k/267887/151899485/267887_VIAPR_001633_IMG_01_0000_max_476x317.jpeg; https://media.rightmove.co.uk:443/dir/crop/10:9-16:9/268k/267887/151899485/267887_VIAPR_001633_IMG_02_0000_max_476x317.jpeg; https://media.rightmove.co.uk:443/dir/crop/10:9-16:9/268k/267887/151899485/267887_VIAPR_001633_IMG_03_0000_max_476x317.jpeg; https://media.rightmove.co.uk:443/dir/crop/10:9-16:9/268k/267887/151899485/267887_VIAPR_001633_IMG_04_0000_max_476x317.jpeg; https://media.rightmove.co.uk:443/dir/crop/10:9-16:9/268k/267887/151899485/267887_VIAPR_001633_IMG_05_0000_max_476x317.jpeg; https://media.rightmove.co.uk:443/dir/crop/10:9-16:9/268k/267887/151899485/267887_VIAPR_001633_IMG_06_0000_max_476x317.jpeg; https://media.rightmove.co.uk:443/dir/crop/10:9-16:9/268k/267887/151899485/267887_VIAPR_001633_IMG_07_0000_max_476x317.jpeg; https://media.rightmove.co.uk:443/dir/crop/10:9-16:9/268k/267887/151899485/267887_VIAPR_001633_IMG_08_0000_max_476x317.jpeg; https://media.rightmove.co.uk:443/dir/crop/10:9-16:9/268k/267887/151899485/267887_VIAPR_001633_IMG_09_0000_max_476x317.jpeg; https://media.rightmove.co.uk:443/dir/crop/10:9-16:9/268k/267887/151899485/267887_VIAPR_001633_IMG_11_0000_max_476x317.jpeg; https://media.rightmove.co.uk:443/dir/crop/10:9-16:9/268k/267887/151899485/267887_VIAPR_001633_IMG_12_0000_max_476x317.jpeg; https://media.rightmove.co.uk:443/dir/crop/10:9-16:9/268k/267887/151899485/267887_VIAPR_001633_IMG_13_0000_max_476x317.jpeg; https://media.rightmove.co.uk:443/dir/crop/10:9-16:9/268k/267887/151899485/267887_VIAPR_001633_IMG_14_0000_max_476x317.jpeg; https://media.rightmove.co.uk:443/dir/crop/10:9-16:9/268k/267887/151899485/267887_VIAPR_001633_IMG_15_0000_max_476x317.jpeg; https://media.rightmove.co.uk:443/dir/crop/10:9-16:9/268k/267887/151899485/267887_VIAPR_001633_IMG_16_0000_max_476x317.jpeg; https://media.rightmove.co.uk:443/dir/crop/10:9-16:9/268k/267887/151899485/267887_VIAPR_001633_IMG_17_0000_max_476x317.jpeg"
"151441541","Epping Forest","Office","Langston Road, Loughton","£3,254 pcm","","","","** OFFICE TO LET ** - Sterling House is located on Langston Road in Loughton, Essex. Also situated along the road are a number of well-known occupiers such as BMW, Volkswagen and the Higgins Group. Epping Forest Retail Park is opposite the property and this is home to many established brands suc...","https://www.rightmove.co.uk/properties/151441541#/?channel=COM_LET","2024-08-16T18:28:03Z","","new","Marketed by Clarke Hillyer Limited, Loughton","","51.644187","0.087435","https://media.rightmove.co.uk:443/dir/crop/10:9-16:9/217k/216248/151441541/216248_33309728_IMG_04_0000_max_476x317.jpeg; https://media.rightmove.co.uk:443/dir/crop/10:9-16:9/217k/216248/151441541/216248_33309728_IMG_02_0000_max_476x317.jpeg; https://media.rightmove.co.uk:443/dir/crop/10:9-16:9/217k/216248/151441541/216248_33309728_IMG_00_0000_max_476x317.jpeg; https://media.rightmove.co.uk:443/dir/crop/10:9-16:9/217k/216248/151441541/216248_33309728_IMG_01_0000_max_476x317.jpeg; https://media.rightmove.co.uk:443/dir/crop/10:9-16:9/217k/216248/151441541/216248_33309728_IMG_03_0000_max_476x317.jpeg"
"144790709","Epping Forest","Serviced Office","Luxborough Lane, Chigwell","£667 pcm","","","","** SERVICED SUITE TO LET ** - The premises are situated on the Old Loughtonians Hockey Club, in Luxborough Lane, Chigwell, Essex. Access to the motorway network is via Junctions 4 or 5 of the M11. The M11 leads into the A406 (North Circular) which in turns leads into the A12. Comprising a ground ...","https://www.rightmove.co.uk/properties/144790709#/?channel=COM_LET","2024-02-16T09:02:38Z","","price_reduced","Marketed by Clarke Hillyer Limited, Loughton","","51.617664","0.060315","https://media.rightmove.co.uk:443/dir/crop/10:9-16:9/217k/216248/144790709/216248_32894837_IMG_00_0000_max_476x317.jpeg; https://media.rightmove.co.uk:443/dir/crop/10:9-16:9/217k/216248/144790709/216248_32894837_IMG_01_0000_max_476x317.jpeg; https://media.rightmove.co.uk:443/dir/crop/10:9-16:9/217k/216248/144790709/216248_32894837_IMG_02_0000_max_476x317.jpeg; https://media.rightmove.co.uk:443/dir/crop/10:9-16:9/217k/216248/144790709/216248_32894837_IMG_03_0000_max_476x317.jpeg; https://media.rightmove.co.uk:443/dir/crop/10:9-16:9/217k/216248/144790709/216248_32894837_IMG_04_0000_max_476x317.jpeg"
"86949288","Epping Forest","Office","Nazeing New Road, Broxbourne, EN10","POA","","","","VIA Properties are pleased to offer a selection of commercial premises space at Nazeing Glass Works - Ref ' Meridian Building 10B'","https://www.rightmove.co.uk/properties/86949288#/?channel=COM_LET","2024-08-06T20:51:08Z","","new","Marketed by Via Properties Ltd, Hoddesdon","","51.74107","-0.00267","https://media.rightmove.co.uk:443/dir/crop/10:9-16:9/268k/267887/86949288/267887_VIAPR_001598_IMG_00_0000_max_476x317.jpeg; https://media.rightmove.co.uk:443/dir/crop/10:9-16:9/268k/267887/86949288/267887_VIAPR_001598_IMG_01_0000_max_476x317.jpeg; https://media.rightmove.co.uk:443/dir/crop/10:9-16:9/268k/267887/86949288/267887_VIAPR_001598_IMG_02_0000_max_476x317.jpeg; https://media.rightmove.co.uk:443/dir/crop/10:9-16:9/268k/267887/86949288/267887_VIAPR_001598_IMG_03_0000_max_476x317.jpeg; https://media.rightmove.co.uk:443/dir/crop/10:9-16:9/268k/267887/86949288/267887_VIAPR_001598_IMG_04_0000_max_476x317.jpeg; https://media.rightmove.co.uk:443/dir/crop/10:9-16:9/268k/267887/86949288/267887_VIAPR_001598_IMG_05_0000_max_476x317.jpeg; https://media.rightmove.co.uk:443/dir/crop/10:9-16:9/268k/267887/86949288/267887_VIAPR_001598_IMG_06_0000_max_476x317.jpeg; https://media.rightmove.co.uk:443/dir/crop/10:9-16:9/268k/267887/86949288/267887_VIAPR_001598_IMG_07_0000_max_476x317.jpeg"
"86949111","Epping Forest","Office","Nazeing New Road, Broxbourne, EN10","POA","","","","VIA Properties are pleased to offer a selection of commercial premises space at Nazeing Glass Works - Ref ' Meridian Building 4a'","https://www.rightmove.co.uk/properties/86949111#/?channel=COM_LET","2024-08-06T20:46:06Z","","new","Marketed by Via Properties Ltd, Hoddesdon","","51.74107","-0.00267","https://media.rightmove.co.uk:443/dir/crop/10:9-16:9/268k/267887/86949111/267887_VIAPR_001597_IMG_09_0000_max_476x317.jpeg; https://media.rightmove.co.uk:443/dir/crop/10:9-16:9/268k/267887/86949111/267887_VIAPR_001597_IMG_00_0000_max_476x317.jpeg; https://media.rightmove.co.uk:443/dir/crop/10:9-16:9/268k/267887/86949111/267887_VIAPR_001597_IMG_01_0000_max_476x317.jpeg; https://media.rightmove.co.uk:443/dir/crop/10:9-16:9/268k/267887/86949111/267887_VIAPR_001597_IMG_02_0000_max_476x317.jpeg; https://media.rightmove.co.uk:443/dir/crop/10:9-16:9/268k/267887/86949111/267887_VIAPR_001597_IMG_03_0000_max_476x317.jpeg; https://media.rightmove.co.uk:443/dir/crop/10:9-16:9/268k/267887/86949111/267887_VIAPR_001597_IMG_04_0000_max_476x317.jpeg; https://media.rightmove.co.uk:443/dir/crop/10:9-16:9/268k/267887/86949111/267887_VIAPR_001597_IMG_05_0000_max_476x317.jpeg; https://media.rightmove.co.uk:443/dir/crop/10:9-16:9/268k/267887/86949111/267887_VIAPR_001597_IMG_06_0000_max_476x317.jpeg; https://media.rightmove.co.uk:443/dir/crop/10:9-16:9/268k/267887/86949111/267887_VIAPR_001597_IMG_07_0000_max_476x317.jpeg; https://media.rightmove.co.uk:443/dir/crop/10:9-16:9/268k/267887/86949111/267887_VIAPR_001597_IMG_08_0000_max_476x317.jpeg"
"86948574","Epping Forest","Office","Nazeing New Road, Broxbourne, EN10","POA","","","","VIA Properties are pleased to offer a selection of commercial premises space at Nazeing Glass Works- Ref Meridian House Unit 4 '","https://www.rightmove.co.uk/properties/86948574#/?channel=COM_LET","2024-08-06T20:31:07Z","","new","Marketed by Via Properties Ltd, Hoddesdon","","51.74107","-0.00267","https://media.rightmove.co.uk:443/dir/crop/10:9-16:9/268k/267887/86948574/267887_VIAPR_001595_IMG_06_0000_max_476x317.jpeg; https://media.rightmove.co.uk:443/dir/crop/10:9-16:9/268k/267887/86948574/267887_VIAPR_001595_IMG_00_0000_max_476x317.jpeg; https://media.rightmove.co.uk:443/dir/crop/10:9-16:9/268k/267887/86948574/267887_VIAPR_001595_IMG_01_0001_max_476x317.jpeg; https://media.rightmove.co.uk:443/dir/crop/10:9-16:9/268k/267887/86948574/267887_VIAPR_001595_IMG_02_0001_max_476x317.jpeg; https://media.rightmove.co.uk:443/dir/crop/10:9-16:9/268k/267887/86948574/267887_VIAPR_001595_IMG_03_0001_max_476x317.jpeg; https://media.rightmove.co.uk:443/dir/crop/10:9-16:9/268k/267887/86948574/267887_VIAPR_001595_IMG_04_0001_max_476x317.jpeg; https://media.rightmove.co.uk:443/dir/crop/10:9-16:9/268k/267887/86948574/267887_VIAPR_001595_IMG_05_0001_max_476x317.jpeg; https://media.rightmove.co.uk:443/dir/crop/10:9-16:9/268k/267887/86948574/267887_VIAPR_001595_IMG_07_0000_max_476x317.jpeg"
"86948529","Epping Forest","Office","Nazeing New Road, Broxbourne, EN10","POA","","","","VIA Properties are pleased to offer a selection of commercial premises space at Nazeing Glass Works - Ref Meridian House Unit 3A '","https://www.rightmove.co.uk/properties/86948529#/?channel=COM_LET","2024-08-06T20:26:05Z","","new","Marketed by Via Properties Ltd, Hoddesdon","","51.74107","-0.00267","https://media.rightmove.co.uk:443/dir/crop/10:9-16:9/268k/267887/86948529/267887_VIAPR_001594_IMG_00_0000_max_476x317.jpeg; https://media.rightmove.co.uk:443/dir/crop/10:9-16:9/268k/267887/86948529/267887_VIAPR_001594_IMG_01_0000_max_476x317.jpeg; https://media.rightmove.co.uk:443/dir/crop/10:9-16:9/268k/267887/86948529/267887_VIAPR_001594_IMG_02_0000_max_476x317.jpeg; https://media.rightmove.co.uk:443/dir/crop/10:9-16:9/268k/267887/86948529/267887_VIAPR_001594_IMG_03_0000_max_476x317.jpeg; https://media.rightmove.co.uk:443/dir/crop/10:9-16:9/268k/267887/86948529/267887_VIAPR_001594_IMG_04_0000_max_476x317.jpeg; https://media.rightmove.co.uk:443/dir/crop/10:9-16:9/268k/267887/86948529/267887_VIAPR_001594_IMG_05_0000_max_476x317.jpeg; https://media.rightmove.co.uk:443/dir/crop/10:9-16:9/268k/267887/86948529/267887_VIAPR_001594_IMG_06_0000_max_476x317.jpeg"
"86948508","Epping Forest","Office","Nazeing New Road, Broxbourne, EN10","POA","","","","VIA Properties are pleased to offer a selection of commercial premises space at Nazeing Glass Works - Ref Meridian House Unit 1A '","https://www.rightmove.co.uk/properties/86948508#/?channel=COM_LET","2024-08-06T20:21:12Z","","new","Marketed by Via Properties Ltd, Hoddesdon","","51.74107","-0.00267","https://media.rightmove.co.uk:443/dir/crop/10:9-16:9/268k/267887/86948508/267887_VIAPR_001593_IMG_03_0000_max_476x317.jpeg; https://media.rightmove.co.uk:443/dir/crop/10:9-16:9/268k/267887/86948508/267887_VIAPR_001593_IMG_00_0000_max_476x317.jpeg; https://media.rightmove.co.uk:443/dir/crop/10:9-16:9/268k/267887/86948508/267887_VIAPR_001593_IMG_01_0000_max_476x317.jpeg; https://media.rightmove.co.uk:443/dir/crop/10:9-16:9/268k/267887/86948508/267887_VIAPR_001593_IMG_02_0000_max_476x317.jpeg; https://media.rightmove.co.uk:443/dir/crop/10:9-16:9/268k/267887/86948508/267887_VIAPR_001593_IMG_04_0000_max_476x317.jpeg"
"150589412","Epping Forest","Restaurant","Buckhurst Hill IG9","£1,875 pcm","","","","** RESTAURANT BUSINESS FOR SALE ** - Established restaurant business for sale in Buckhurst Hill. The premises comprise a ground floor restaurant of approximately 625 sq ft (58.1 sq m) which consists of a seating area, food preparation area and kitchen. The premises currently benefit from 38 cover...","https://www.rightmove.co.uk/properties/150589412#/?channel=COM_LET","2024-07-24T12:34:54Z","","new","Marketed by Clarke Hillyer Limited, Loughton","","51.625637","0.040794","https://media.rightmove.co.uk:443/dir/crop/10:9-16:9/217k/216248/150589412/216248_33232523_IMG_00_0000_max_476x317.jpeg; https://media.rightmove.co.uk:443/dir/crop/10:9-16:9/217k/216248/150589412/216248_33232523_IMG_01_0000_max_476x317.jpeg; https://media.rightmove.co.uk:443/dir/crop/10:9-16:9/217k/216248/150589412/216248_33232523_IMG_02_0000_max_476x317.jpeg; https://media.rightmove.co.uk:443/dir/crop/10:9-16:9/217k/216248/150589412/216248_33232523_IMG_03_0000_max_476x317.jpeg; https://media.rightmove.co.uk:443/dir/crop/10:9-16:9/217k/216248/150589412/216248_33232523_IMG_04_0000_max_476x317.jpeg; https://media.rightmove.co.uk:443/dir/crop/10:9-16:9/217k/216248/150589412/216248_33232523_IMG_05_0000_max_476x317.jpeg; https://media.rightmove.co.uk:443/dir/crop/10:9-16:9/217k/216248/150589412/216248_33232523_IMG_06_0000_max_476x317.jpeg"
"117651671","Epping Forest","Serviced Office","High Street, Epping, Essex, CM16","£219 pcm","","","","All-inclusive access to coworking space in Regus Civic Building","https://www.rightmove.co.uk/properties/117651671#/?channel=COM_LET","2021-12-15T13:18:00Z","","price_reduced","Marketed by IW Group Services (UK) Limited, Regus","","51.7015","0.11441","https://media.rightmove.co.uk:443/dir/crop/10:9-16:9/130k/129853/117651671/129853_UKcw5851_IMG_05_0000_max_476x317.jpeg; https://media.rightmove.co.uk:443/dir/crop/10:9-16:9/130k/129853/117651671/129853_UKcw5851_IMG_00_0001_max_476x317.jpeg; https://media.rightmove.co.uk:443/dir/crop/10:9-16:9/130k/129853/117651671/129853_UKcw5851_IMG_04_0001_max_476x317.jpeg; https://media.rightmove.co.uk:443/dir/crop/10:9-16:9/130k/129853/117651671/129853_UKcw5851_IMG_01_0001_max_476x317.jpeg; https://media.rightmove.co.uk:443/dir/crop/10:9-16:9/130k/129853/117651671/129853_UKcw5851_IMG_03_0001_max_476x317.jpeg; https://media.rightmove.co.uk:443/dir/crop/10:9-16:9/130k/129853/117651671/129853_UKcw5851_IMG_07_0000_max_476x317.jpeg; https://media.rightmove.co.uk:443/dir/crop/10:9-16:9/130k/129853/117651671/129853_UKcw5851_IMG_02_0001_max_476x317.jpeg; https://media.rightmove.co.uk:443/dir/crop/10:9-16:9/130k/129853/117651671/129853_UKcw5851_IMG_06_0000_max_476x317.jpeg"
"145606532","Epping Forest","Office","BizSpace, Ability House, 121 Brooker Road, Waltham Abbey, Essex, EN9","POA","","","","The M25 Business Centre by BizSpace is an impressive four-storey, modern office building offering a wide range of products to suit business of all sizes which are available on both flexible and long-term agreements. The office accommodation is offered both furnished or unfurnished and benefits fr...","https://www.rightmove.co.uk/properties/145606532#/?channel=COM_LET","2024-03-11T15:45:47Z","","new","Marketed by Kirkby Diamond, St Albans","","51.681774","-0.003356","https://media.rightmove.co.uk:443/dir/crop/10:9-16:9/235k/234434/145606532/234434_20340LH_IMG_00_0001_max_476x317.jpeg; https://media.rightmove.co.uk:443/dir/crop/10:9-16:9/235k/234434/145606532/234434_20340LH_IMG_02_0001_max_476x317.jpeg; https://media.rightmove.co.uk:443/dir/crop/10:9-16:9/235k/234434/145606532/234434_20340LH_IMG_03_0001_max_476x317.jpeg; https://media.rightmove.co.uk:443/dir/crop/10:9-16:9/235k/234434/145606532/234434_20340LH_IMG_04_0001_max_476x317.jpeg; https://media.rightmove.co.uk:443/dir/crop/10:9-16:9/235k/234434/145606532/234434_20340LH_IMG_05_0001_max_476x317.jpeg; https://media.rightmove.co.uk:443/dir/crop/10:9-16:9/235k/234434/145606532/234434_20340LH_IMG_06_0001_max_476x317.jpeg; https://media.rightmove.co.uk:443/dir/crop/10:9-16:9/235k/234434/145606532/234434_20340LH_IMG_01_0001_max_476x317.jpeg; https://media.rightmove.co.uk:443/dir/crop/10:9-16:9/235k/234434/145606532/234434_20340LH_IMG_07_0002_max_476x317.jpeg"
"145562675","Epping Forest","Light Industrial","Sedge Green, Waltham Abbey, EN9","POA","","","","A range of commercial units available in Sedge Green, Waltham Abbey. Further information to follow.","https://www.rightmove.co.uk/properties/145562675#/?channel=COM_LET","2024-03-09T12:54:05Z","","new","Marketed by Via Properties Ltd, Hoddesdon","","51.745072","0.013361","https://media.rightmove.co.uk:443/dir/crop/10:9-16:9/268k/267887/145562675/267887_VIAPR_001456_IMG_00_0000_max_476x317.jpeg; https://media.rightmove.co.uk:443/dir/crop/10:9-16:9/268k/267887/145562675/267887_VIAPR_001456_IMG_01_0000_max_476x317.jpeg; https://media.rightmove.co.uk:443/dir/crop/10:9-16:9/268k/267887/145562675/267887_VIAPR_001456_IMG_02_0000_max_476x317.jpeg"
"117652850","Epping Forest","Serviced Office","High Street, Epping, Essex, CM16","£4,069 pcm","","","","Move into ready-to-use open plan office space for 10 people in Regus Civic Building","https://www.rightmove.co.uk/properties/117652850#/?channel=COM_LET","2021-12-15T13:40:11Z","","price_reduced","Marketed by IW Group Services (UK) Limited, Regus","","51.7015","0.11441","https://media.rightmove.co.uk:443/dir/crop/10:9-16:9/130k/129853/117652850/129853_UKop15851_IMG_06_0000_max_476x317.jpeg; https://media.rightmove.co.uk:443/dir/crop/10:9-16:9/130k/129853/117652850/129853_UKop15851_IMG_04_0001_max_476x317.jpeg; https://media.rightmove.co.uk:443/dir/crop/10:9-16:9/130k/129853/117652850/129853_UKop15851_IMG_08_0000_max_476x317.jpeg; https://media.rightmove.co.uk:443/dir/crop/10:9-16:9/130k/129853/117652850/129853_UKop15851_IMG_07_0000_max_476x317.jpeg; https://media.rightmove.co.uk:443/dir/crop/10:9-16:9/130k/129853/117652850/129853_UKop15851_IMG_05_0000_max_476x317.jpeg; https://media.rightmove.co.uk:443/dir/crop/10:9-16:9/130k/129853/117652850/129853_UKop15851_IMG_01_0000_max_476x317.jpeg; https://media.rightmove.co.uk:443/dir/crop/10:9-16:9/130k/129853/117652850/129853_UKop15851_IMG_02_0000_max_476x317.jpeg; https://media.rightmove.co.uk:443/dir/crop/10:9-16:9/130k/129853/117652850/129853_UKop15851_IMG_03_0001_max_476x317.jpeg"
"721598615658096","Epping Forest","Distribution Warehouse","Unit 3, Abbeymead Industrial Park, Brooker Road, Waltham Abbey, EN9 1HU","£4,333 pcm","","","","Industrial/Warehouse unit","https://www.rightmove.co.uk/properties/721598615658096#/?channel=COM_LET","2025-11-26T11:14:35Z","","new","Marketed by Derrick Wade Waters, Industrial","","51.682541","-0.004531","https://media.rightmove.co.uk:443/dir/crop/10:9-16:9/106k/105212/721598615658096/105212_193447-2_IMG_00_0000_max_476x317.jpeg; https://media.rightmove.co.uk:443/dir/crop/10:9-16:9/106k/105212/721598615658096/105212_193447-2_IMG_01_0000_max_476x317.jpeg; https://media.rightmove.co.uk:443/dir/crop/10:9-16:9/106k/105212/721598615658096/105212_193447-2_IMG_02_0000_max_476x317.jpeg"
"144524444","Epping Forest","Office","Langston Road, Loughton","£2,675 pcm","","","","** OFFICE TO LET ** - Sterling House is located on Langston Road in Loughton, Essex. Also situated along the road are a number of well-known occupiers such as BMW, Volkswagen and the Higgins Group. Epping Forest Retail Park is opposite the property and this is home to many established brands suc...","https://www.rightmove.co.uk/properties/144524444#/?channel=COM_LET","2024-02-08T17:04:28Z","","new","Marketed by Clarke Hillyer Limited, Loughton","","51.644184","0.08745","https://media.rightmove.co.uk:443/dir/crop/10:9-16:9/217k/216248/144524444/216248_32246972_IMG_00_0000_max_476x317.jpeg; https://media.rightmove.co.uk:443/dir/crop/10:9-16:9/217k/216248/144524444/216248_32246972_IMG_01_0000_max_476x317.jpeg; https://media.rightmove.co.uk:443/dir/crop/10:9-16:9/217k/216248/144524444/216248_32246972_IMG_02_0000_max_476x317.jpeg; https://media.rightmove.co.uk:443/dir/crop/10:9-16:9/217k/216248/144524444/216248_32246972_IMG_03_0000_max_476x317.jpeg; https://media.rightmove.co.uk:443/dir/crop/10:9-16:9/217k/216248/144524444/216248_32246972_IMG_04_0000_max_476x317.jpeg; https://media.rightmove.co.uk:443/dir/crop/10:9-16:9/217k/216248/144524444/216248_32246972_IMG_05_0000_max_476x317.jpeg"
"144514826","Epping Forest","Office","Langston Road, Loughton","£1,310 pcm","","","","** OFFICE TO LET ** - Sterling House is located on Langston Road in Loughton, Essex. Also situated along the road are a number of well-known occupiers such as BMW, Volkswagen and the Higgins Group. Epping Forest Retail Park is opposite the property and this is home to many established brands suc...","https://www.rightmove.co.uk/properties/144514826#/?channel=COM_LET","2024-02-08T14:53:37Z","","new","Marketed by Clarke Hillyer Limited, Loughton","","51.64439","0.087791","https://media.rightmove.co.uk:443/dir/crop/10:9-16:9/217k/216248/144514826/216248_32877183_IMG_06_0000_max_476x317.jpeg; https://media.rightmove.co.uk:443/dir/crop/10:9-16:9/217k/216248/144514826/216248_32877183_IMG_01_0000_max_476x317.jpeg; https://media.rightmove.co.uk:443/dir/crop/10:9-16:9/217k/216248/144514826/216248_32877183_IMG_03_0000_max_476x317.jpeg; https://media.rightmove.co.uk:443/dir/crop/10:9-16:9/217k/216248/144514826/216248_32877183_IMG_02_0000_max_476x317.jpeg; https://media.rightmove.co.uk:443/dir/crop/10:9-16:9/217k/216248/144514826/216248_32877183_IMG_05_0000_max_476x317.jpeg; https://media.rightmove.co.uk:443/dir/crop/10:9-16:9/217k/216248/144514826/216248_32877183_IMG_04_0000_max_476x317.jpeg; https://media.rightmove.co.uk:443/dir/crop/10:9-16:9/217k/216248/144514826/216248_32877183_IMG_00_0000_max_476x317.jpeg"
"144514223","Epping Forest","Office","Langston Road, Loughton","£1,148 pcm","","","","** OFFICE TO LET ** - Sterling House is located on Langston Road in Loughton, Essex. Also situated along the road are a number of well-known occupiers such as BMW, Volkswagen and the Higgins Group. Epping Forest Retail Park is opposite the property and this is home to many established brands suc...","https://www.rightmove.co.uk/properties/144514223#/?channel=COM_LET","2024-02-08T14:44:13Z","","new","Marketed by Clarke Hillyer Limited, Loughton","","51.644622","0.088137","https://media.rightmove.co.uk:443/dir/crop/10:9-16:9/217k/216248/144514223/216248_32877139_IMG_00_0000_max_476x317.jpeg; https://media.rightmove.co.uk:443/dir/crop/10:9-16:9/217k/216248/144514223/216248_32877139_IMG_01_0000_max_476x317.jpeg; https://media.rightmove.co.uk:443/dir/crop/10:9-16:9/217k/216248/144514223/216248_32877139_IMG_02_0000_max_476x317.jpeg; https://media.rightmove.co.uk:443/dir/crop/10:9-16:9/217k/216248/144514223/216248_32877139_IMG_03_0000_max_476x317.jpeg; https://media.rightmove.co.uk:443/dir/crop/10:9-16:9/217k/216248/144514223/216248_32877139_IMG_04_0000_max_476x317.jpeg; https://media.rightmove.co.uk:443/dir/crop/10:9-16:9/217k/216248/144514223/216248_32877139_IMG_05_0000_max_476x317.jpeg; https://media.rightmove.co.uk:443/dir/crop/10:9-16:9/217k/216248/144514223/216248_32877139_IMG_06_0000_max_476x317.jpeg"
"721598588489553","Epping Forest","Distribution Warehouse","Units 32-33,34,37,38,39, Oakwood Hill, Loughton, IG10 3TZ","POA","","","","A Ground Floor unit and First Floor business units","https://www.rightmove.co.uk/properties/721598588489553#/?channel=COM_LET","2025-11-26T11:14:39Z","","new","Marketed by Derrick Wade Waters, Industrial","","51.64296","0.079057","https://media.rightmove.co.uk:443/dir/crop/10:9-16:9/106k/105212/721598588489553/105212_189992-2_IMG_00_0000_max_476x317.jpeg; https://media.rightmove.co.uk:443/dir/crop/10:9-16:9/106k/105212/721598588489553/105212_189992-2_IMG_01_0000_max_476x317.jpeg; https://media.rightmove.co.uk:443/dir/crop/10:9-16:9/106k/105212/721598588489553/105212_189992-2_IMG_02_0000_max_476x317.jpeg; https://media.rightmove.co.uk:443/dir/crop/10:9-16:9/106k/105212/721598588489553/105212_189992-2_IMG_03_0000_max_476x317.jpeg; https://media.rightmove.co.uk:443/dir/crop/10:9-16:9/106k/105212/721598588489553/105212_189992-2_IMG_04_0000_max_476x317.jpeg; https://media.rightmove.co.uk:443/dir/crop/10:9-16:9/106k/105212/721598588489553/105212_189992-2_IMG_05_0000_max_476x317.jpeg; https://media.rightmove.co.uk:443/dir/crop/10:9-16:9/106k/105212/721598588489553/105212_189992-2_IMG_06_0000_max_476x317.jpeg; https://media.rightmove.co.uk:443/dir/crop/10:9-16:9/106k/105212/721598588489553/105212_189992-2_IMG_07_0000_max_476x317.jpeg; https://media.rightmove.co.uk:443/dir/crop/10:9-16:9/106k/105212/721598588489553/105212_189992-2_IMG_08_0000_max_476x317.jpeg; https://media.rightmove.co.uk:443/dir/crop/10:9-16:9/106k/105212/721598588489553/105212_189992-2_IMG_09_0000_max_476x317.jpeg; https://media.rightmove.co.uk:443/dir/crop/10:9-16:9/106k/105212/721598588489553/105212_189992-2_IMG_10_0000_max_476x317.jpeg; https://media.rightmove.co.uk:443/dir/crop/10:9-16:9/106k/105212/721598588489553/105212_189992-2_IMG_11_0000_max_476x317.jpeg; https://media.rightmove.co.uk:443/dir/crop/10:9-16:9/106k/105212/721598588489553/105212_189992-2_IMG_12_0000_max_476x317.jpeg; https://media.rightmove.co.uk:443/dir/crop/10:9-16:9/106k/105212/721598588489553/105212_189992-2_IMG_13_0000_max_476x317.jpeg"
"721598577907729","Epping Forest","Distribution Warehouse","Units 32-33,34,37,38,39, Oakwood Hill, Loughton, IG10 3TZ","POA","","","","Industrial/Business (upper floor) units and offices","https://www.rightmove.co.uk/properties/721598577907729#/?channel=COM_LET","2025-11-26T11:14:37Z","","new","Marketed by Derrick Wade Waters, Industrial","","51.64296","0.079057","https://media.rightmove.co.uk:443/dir/crop/10:9-16:9/106k/105212/721598577907729/105212_185881-2_IMG_00_0000_max_476x317.jpeg; https://media.rightmove.co.uk:443/dir/crop/10:9-16:9/106k/105212/721598577907729/105212_185881-2_IMG_01_0000_max_476x317.jpeg; https://media.rightmove.co.uk:443/dir/crop/10:9-16:9/106k/105212/721598577907729/105212_185881-2_IMG_02_0000_max_476x317.jpeg"
"721598592753424","Epping Forest","Distribution Warehouse","38 Oakwood Hill Industrial Estate, Oakwood Hill, Loughton, IG10 3TZ","£1,250 pcm","","","","First floor unit suitable for range of uses","https://www.rightmove.co.uk/properties/721598592753424#/?channel=COM_LET","2025-11-26T11:14:37Z","","new","Marketed by Derrick Wade Waters, Industrial","","51.64296","0.079057","https://media.rightmove.co.uk:443/dir/crop/10:9-16:9/106k/105212/721598592753424/105212_189993-2_IMG_00_0000_max_476x317.jpeg; https://media.rightmove.co.uk:443/dir/crop/10:9-16:9/106k/105212/721598592753424/105212_189993-2_IMG_01_0000_max_476x317.jpeg; https://media.rightmove.co.uk:443/dir/crop/10:9-16:9/106k/105212/721598592753424/105212_189993-2_IMG_02_0000_max_476x317.jpeg; https://media.rightmove.co.uk:443/dir/crop/10:9-16:9/106k/105212/721598592753424/105212_189993-2_IMG_03_0000_max_476x317.jpeg; https://media.rightmove.co.uk:443/dir/crop/10:9-16:9/106k/105212/721598592753424/105212_189993-2_IMG_04_0000_max_476x317.jpeg; https://media.rightmove.co.uk:443/dir/crop/10:9-16:9/106k/105212/721598592753424/105212_189993-2_IMG_05_0000_max_476x317.jpeg; https://media.rightmove.co.uk:443/dir/crop/10:9-16:9/106k/105212/721598592753424/105212_189993-2_IMG_06_0000_max_476x317.jpeg; https://media.rightmove.co.uk:443/dir/crop/10:9-16:9/106k/105212/721598592753424/105212_189993-2_IMG_07_0000_max_476x317.jpeg; https://media.rightmove.co.uk:443/dir/crop/10:9-16:9/106k/105212/721598592753424/105212_189993-2_IMG_08_0000_max_476x317.jpeg; https://media.rightmove.co.uk:443/dir/crop/10:9-16:9/106k/105212/721598592753424/105212_189993-2_IMG_09_0000_max_476x317.jpeg; https://media.rightmove.co.uk:443/dir/crop/10:9-16:9/106k/105212/721598592753424/105212_189993-2_IMG_10_0000_max_476x317.jpeg; https://media.rightmove.co.uk:443/dir/crop/10:9-16:9/106k/105212/721598592753424/105212_189993-2_IMG_11_0000_max_476x317.jpeg; https://media.rightmove.co.uk:443/dir/crop/10:9-16:9/106k/105212/721598592753424/105212_189993-2_IMG_12_0000_max_476x317.jpeg; https://media.rightmove.co.uk:443/dir/crop/10:9-16:9/106k/105212/721598592753424/105212_189993-2_IMG_13_0000_max_476x317.jpeg"
"721598573876657","Epping Forest","Distribution Warehouse","38 Oakwood Hill Industrial Estate, Oakwood Hill, Loughton, IG10 3TZ","£1,250 pcm","","","","First floor business unit suitable for a variety of uses STPP","https://www.rightmove.co.uk/properties/721598573876657#/?channel=COM_LET","2025-11-26T11:14:36Z","","new","Marketed by Derrick Wade Waters, Industrial","","51.64296","0.079057","https://media.rightmove.co.uk:443/dir/crop/10:9-16:9/106k/105212/721598573876657/105212_185871-2_IMG_00_0000_max_476x317.jpeg; https://media.rightmove.co.uk:443/dir/crop/10:9-16:9/106k/105212/721598573876657/105212_185871-2_IMG_01_0000_max_476x317.jpeg; https://media.rightmove.co.uk:443/dir/crop/10:9-16:9/106k/105212/721598573876657/105212_185871-2_IMG_02_0000_max_476x317.jpeg; https://media.rightmove.co.uk:443/dir/crop/10:9-16:9/106k/105212/721598573876657/105212_185871-2_IMG_03_0000_max_476x317.jpeg; https://media.rightmove.co.uk:443/dir/crop/10:9-16:9/106k/105212/721598573876657/105212_185871-2_IMG_04_0000_max_476x317.jpeg"
"132126233","Epping Forest","Serviced Office","M25 Business Centre, Brooker Road, Waltham Abbey, Essex, EN9","£336 pcm","From","","","Discover the M25 Business Centre, offering flexible office spaces from 75 to 1,450 sq ft, perfect for entrepreneurs and teams alike. Enjoy 24-hour access, an on-site café, and excellent connectivity near the M25, making it the ideal location for your business to thrive!","https://www.rightmove.co.uk/properties/132126233#/?channel=COM_LET","2023-03-01T15:02:59Z","","size_change","Marketed by Bizspace Limited, London","","51.68169","-0.00343","https://media.rightmove.co.uk:443/dir/crop/10:9-16:9/235k/234962/132126233/234962_748O_IMG_108_0000_max_476x317.jpeg; https://media.rightmove.co.uk:443/dir/crop/10:9-16:9/235k/234962/132126233/234962_748O_IMG_49_0000_max_476x317.jpeg; https://media.rightmove.co.uk:443/dir/crop/10:9-16:9/235k/234962/132126233/234962_748O_IMG_75_0000_max_476x317.jpeg; https://media.rightmove.co.uk:443/dir/crop/10:9-16:9/235k/234962/132126233/234962_748O_IMG_31_0000_max_476x317.jpeg; https://media.rightmove.co.uk:443/dir/crop/10:9-16:9/235k/234962/132126233/234962_748O_IMG_59_0000_max_476x317.jpeg; https://media.rightmove.co.uk:443/dir/crop/10:9-16:9/235k/234962/132126233/234962_748O_IMG_61_0000_max_476x317.jpeg; https://media.rightmove.co.uk:443/dir/crop/10:9-16:9/235k/234962/132126233/234962_748O_IMG_39_0000_max_476x317.jpeg; https://media.rightmove.co.uk:443/dir/crop/10:9-16:9/235k/234962/132126233/234962_748O_IMG_72_0000_max_476x317.jpeg; https://media.rightmove.co.uk:443/dir/crop/10:9-16:9/235k/234962/132126233/234962_748O_IMG_74_0000_max_476x317.jpeg; https://media.rightmove.co.uk:443/dir/crop/10:9-16:9/235k/234962/132126233/234962_748O_IMG_77_0000_max_476x317.jpeg; https://media.rightmove.co.uk:443/dir/crop/10:9-16:9/235k/234962/132126233/234962_748O_IMG_103_0000_max_476x317.jpeg; https://media.rightmove.co.uk:443/dir/crop/10:9-16:9/235k/234962/132126233/234962_748O_IMG_67_0000_max_476x317.jpeg; https://media.rightmove.co.uk:443/dir/crop/10:9-16:9/235k/234962/132126233/234962_748O_IMG_107_0000_max_476x317.jpeg; https://media.rightmove.co.uk:443/dir/crop/10:9-16:9/235k/234962/132126233/234962_748O_IMG_106_0000_max_476x317.jpeg; https://media.rightmove.co.uk:443/dir/crop/10:9-16:9/235k/234962/132126233/234962_748O_IMG_104_0000_max_476x317.jpeg; https://media.rightmove.co.uk:443/dir/crop/10:9-16:9/235k/234962/132126233/234962_748O_IMG_65_0000_max_476x317.jpeg; https://media.rightmove.co.uk:443/dir/crop/10:9-16:9/235k/234962/132126233/234962_748O_IMG_66_0000_max_476x317.jpeg; https://media.rightmove.co.uk:443/dir/crop/10:9-16:9/235k/234962/132126233/234962_748O_IMG_63_0000_max_476x317.jpeg; https://media.rightmove.co.uk:443/dir/crop/10:9-16:9/235k/234962/132126233/234962_748O_IMG_09_0000_max_476x317.jpeg; https://media.rightmove.co.uk:443/dir/crop/10:9-16:9/235k/234962/132126233/234962_748O_IMG_02_0001_max_476x317.jpeg; https://media.rightmove.co.uk:443/dir/crop/10:9-16:9/235k/234962/132126233/234962_748O_IMG_00_0001_max_476x317.jpeg; https://media.rightmove.co.uk:443/dir/crop/10:9-16:9/235k/234962/132126233/234962_748O_IMG_07_0001_max_476x317.jpeg; https://media.rightmove.co.uk:443/dir/crop/10:9-16:9/235k/234962/132126233/234962_748O_IMG_04_0001_max_476x317.jpeg; https://media.rightmove.co.uk:443/dir/crop/10:9-16:9/235k/234962/132126233/234962_748O_IMG_06_0001_max_476x317.jpeg; https://media.rightmove.co.uk:443/dir/crop/10:9-16:9/235k/234962/132126233/234962_748O_IMG_08_0001_max_476x317.jpeg; https://media.rightmove.co.uk:443/dir/crop/10:9-16:9/235k/234962/132126233/234962_748O_IMG_14_0000_max_476x317.jpeg; https://media.rightmove.co.uk:443/dir/crop/10:9-16:9/235k/234962/132126233/234962_748O_IMG_20_0000_max_476x317.jpeg"
"142768127","Epping Forest","Office","M25 Business Centre, Brooker Road, Waltham Abbey, Essex, EN9","£1,500 pcm","From","","","Discover the M25 Business Centre, offering flexible office spaces from 75 to 1,450 sq ft, perfect for entrepreneurs and teams alike. Enjoy 24-hour access, an on-site café, and excellent connectivity near the M25, making it the ideal location for your business to thrive!","https://www.rightmove.co.uk/properties/142768127#/?channel=COM_LET","2023-12-07T13:40:09Z","","size_change","Marketed by Bizspace Limited, London","","51.68169","-0.00343","https://media.rightmove.co.uk:443/dir/crop/10:9-16:9/235k/234962/142768127/234962_748MO_IMG_04_0000_max_476x317.jpeg; https://media.rightmove.co.uk:443/dir/crop/10:9-16:9/235k/234962/142768127/234962_748MO_IMG_13_0000_max_476x317.jpeg; https://media.rightmove.co.uk:443/dir/crop/10:9-16:9/235k/234962/142768127/234962_748MO_IMG_24_0000_max_476x317.jpeg; https://media.rightmove.co.uk:443/dir/crop/10:9-16:9/235k/234962/142768127/234962_748MO_IMG_16_0000_max_476x317.jpeg; https://media.rightmove.co.uk:443/dir/crop/10:9-16:9/235k/234962/142768127/234962_748MO_IMG_14_0000_max_476x317.jpeg; https://media.rightmove.co.uk:443/dir/crop/10:9-16:9/235k/234962/142768127/234962_748MO_IMG_18_0000_max_476x317.jpeg; https://media.rightmove.co.uk:443/dir/crop/10:9-16:9/235k/234962/142768127/234962_748MO_IMG_02_0000_max_476x317.jpeg; https://media.rightmove.co.uk:443/dir/crop/10:9-16:9/235k/234962/142768127/234962_748MO_IMG_17_0000_max_476x317.jpeg; https://media.rightmove.co.uk:443/dir/crop/10:9-16:9/235k/234962/142768127/234962_748MO_IMG_27_0000_max_476x317.jpeg; https://media.rightmove.co.uk:443/dir/crop/10:9-16:9/235k/234962/142768127/234962_748MO_IMG_28_0000_max_476x317.jpeg; https://media.rightmove.co.uk:443/dir/crop/10:9-16:9/235k/234962/142768127/234962_748MO_IMG_30_0000_max_476x317.jpeg; https://media.rightmove.co.uk:443/dir/crop/10:9-16:9/235k/234962/142768127/234962_748MO_IMG_29_0000_max_476x317.jpeg; https://media.rightmove.co.uk:443/dir/crop/10:9-16:9/235k/234962/142768127/234962_748MO_IMG_19_0000_max_476x317.jpeg; https://media.rightmove.co.uk:443/dir/crop/10:9-16:9/235k/234962/142768127/234962_748MO_IMG_22_0000_max_476x317.jpeg; https://media.rightmove.co.uk:443/dir/crop/10:9-16:9/235k/234962/142768127/234962_748MO_IMG_21_0000_max_476x317.jpeg; https://media.rightmove.co.uk:443/dir/crop/10:9-16:9/235k/234962/142768127/234962_748MO_IMG_23_0000_max_476x317.jpeg; https://media.rightmove.co.uk:443/dir/crop/10:9-16:9/235k/234962/142768127/234962_748MO_IMG_01_0000_max_476x317.jpeg; https://media.rightmove.co.uk:443/dir/crop/10:9-16:9/235k/234962/142768127/234962_748MO_IMG_00_0000_max_476x317.jpeg; https://media.rightmove.co.uk:443/dir/crop/10:9-16:9/235k/234962/142768127/234962_748MO_IMG_10_0000_max_476x317.jpeg; https://media.rightmove.co.uk:443/dir/crop/10:9-16:9/235k/234962/142768127/234962_748MO_IMG_06_0000_max_476x317.jpeg; https://media.rightmove.co.uk:443/dir/crop/10:9-16:9/235k/234962/142768127/234962_748MO_IMG_07_0000_max_476x317.jpeg; https://media.rightmove.co.uk:443/dir/crop/10:9-16:9/235k/234962/142768127/234962_748MO_IMG_08_0000_max_476x317.jpeg; https://media.rightmove.co.uk:443/dir/crop/10:9-16:9/235k/234962/142768127/234962_748MO_IMG_09_0000_max_476x317.jpeg; https://media.rightmove.co.uk:443/dir/crop/10:9-16:9/235k/234962/142768127/234962_748MO_IMG_11_0000_max_476x317.jpeg; https://media.rightmove.co.uk:443/dir/crop/10:9-16:9/235k/234962/142768127/234962_748MO_IMG_12_0000_max_476x317.jpeg"
"140919278","Epping Forest","Office","2nd Floor Mountcharm House Queens Road, Buckhurst Hill, Essex, IG9","£3,750 pcm","","","","BUCKHURST HILL TO LETFULLY AIR CONDITIONED OFFICE ACCOMMODATION*PLUS CAR PARKING*","https://www.rightmove.co.uk/properties/140919278#/?channel=COM_LET","2023-10-16T12:20:06Z","","new","Marketed by ANDREW CAPLIN COMMERCIAL LTD, Essex","","51.62534","0.04192","https://media.rightmove.co.uk:443/dir/crop/10:9-16:9/property-photo/90a5b4316/140919278/90a5b431649b4b603bf931c0e84c138f_max_476x317.jpeg; https://media.rightmove.co.uk:443/dir/crop/10:9-16:9/property-photo/2c3124018/140919278/2c312401878544d2a5fe57e3924d5e78_max_476x317.jpeg; https://media.rightmove.co.uk:443/dir/crop/10:9-16:9/property-photo/828929e87/140919278/828929e87e58d1ddbb48045de03d19fb_max_476x317.jpeg; https://media.rightmove.co.uk:443/dir/crop/10:9-16:9/property-photo/fef5621ee/140919278/fef5621ee1d4f4c90786fa6e06be6ffe_max_476x317.jpeg; https://media.rightmove.co.uk:443/dir/crop/10:9-16:9/property-photo/537f6908e/140919278/537f6908e6d5dd11db957f2f193193f4_max_476x317.jpeg"
"68637725","Epping Forest","Workshop","North Weald Airfield, CM16","£1,203 pcm","","","","Situated opposite North Weald Airfield this office available immediately. This would suit a start up or small scale industry and offers secretarial support on site. See full details for further information. Call agent to arrange a viewing.","https://www.rightmove.co.uk/properties/68637725#/?channel=COM_LET","2017-09-01T12:24:43Z","","new","Marketed by Bell and Co Estate Agents Limited, Braintree","","51.71486","0.15496","https://media.rightmove.co.uk:443/dir/crop/10:9-16:9/169k/168764/68637725/168764_Bassett23_IMG_02_0000_max_476x317.jpg; https://media.rightmove.co.uk:443/dir/crop/10:9-16:9/169k/168764/68637725/168764_Bassett23_IMG_03_0000_max_476x317.jpg; https://media.rightmove.co.uk:443/dir/crop/10:9-16:9/169k/168764/68637725/168764_Bassett23_IMG_05_0001_max_476x317.jpg; https://media.rightmove.co.uk:443/dir/crop/10:9-16:9/169k/168764/68637725/168764_Bassett23_IMG_04_0001_max_476x317.jpg; https://media.rightmove.co.uk:443/dir/crop/10:9-16:9/169k/168764/68637725/168764_Bassett23_IMG_06_0000_max_476x317.jpg; https://media.rightmove.co.uk:443/dir/crop/10:9-16:9/169k/168764/68637725/168764_Bassett23_IMG_00_0000_max_476x317.gif"
"169166363","Epping Forest","Serviced Office","Langston Road, Loughton","£750 pcm","","","","** SERVICED OFFICE TO LET WITH PARKING ** - Sterling House is located on Langston Road in Loughton, Essex. Also situated along the road are a number of well-known occupiers such as BMW, Volkswagen and the Higgins Group. Epping Forest Retail Park is opposite the property and this is home to many e...","https://www.rightmove.co.uk/properties/169166363#/?channel=COM_LET","2025-11-10T09:42:43Z","","new","Marketed by Clarke Hillyer Limited, Loughton","","51.645313","0.087628","https://media.rightmove.co.uk:443/dir/crop/10:9-16:9/217k/216248/169166363/216248_32209897_IMG_00_0000_max_476x317.jpeg; https://media.rightmove.co.uk:443/dir/crop/10:9-16:9/217k/216248/169166363/216248_32209897_IMG_01_0000_max_476x317.jpeg; https://media.rightmove.co.uk:443/dir/crop/10:9-16:9/217k/216248/169166363/216248_32209897_IMG_02_0000_max_476x317.jpeg; https://media.rightmove.co.uk:443/dir/crop/10:9-16:9/217k/216248/169166363/216248_32209897_IMG_03_0000_max_476x317.jpeg; https://media.rightmove.co.uk:443/dir/crop/10:9-16:9/217k/216248/169166363/216248_32209897_IMG_04_0000_max_476x317.jpeg; https://media.rightmove.co.uk:443/dir/crop/10:9-16:9/217k/216248/169166363/216248_32209897_IMG_05_0000_max_476x317.jpeg; https://media.rightmove.co.uk:443/dir/crop/10:9-16:9/217k/216248/169166363/216248_32209897_IMG_06_0000_max_476x317.jpeg; https://media.rightmove.co.uk:443/dir/crop/10:9-16:9/217k/216248/169166363/216248_32209897_IMG_07_0000_max_476x317.jpeg"
"132323150","Epping Forest","Light Industrial","M25 Business Centre, Brooker Road, Waltham Abbey, Essex, EN9","£3,589 pcm","From","","","**Flexible short-term contracts** Offering free parking, networking events, lifts, bicycle racks, shower facilities, air conditioning, 24/7 access and more, M25 Business Centre is located in the historic Essex market town of Waltham Abbey, just north of the M25 between J25 and J26.","https://www.rightmove.co.uk/properties/132323150#/?channel=COM_LET","2023-03-07T13:06:14Z","","size_change","Marketed by Bizspace Limited, London","","51.68169","-0.00343","https://media.rightmove.co.uk:443/dir/crop/10:9-16:9/235k/234962/132323150/234962_748S_IMG_38_0001_max_476x317.jpeg; https://media.rightmove.co.uk:443/dir/crop/10:9-16:9/235k/234962/132323150/234962_748S_IMG_37_0001_max_476x317.jpeg; https://media.rightmove.co.uk:443/dir/crop/10:9-16:9/235k/234962/132323150/234962_748S_IMG_40_0001_max_476x317.jpeg; https://media.rightmove.co.uk:443/dir/crop/10:9-16:9/235k/234962/132323150/234962_748S_IMG_39_0001_max_476x317.jpeg; https://media.rightmove.co.uk:443/dir/crop/10:9-16:9/235k/234962/132323150/234962_748S_IMG_03_0001_max_476x317.jpeg; https://media.rightmove.co.uk:443/dir/crop/10:9-16:9/235k/234962/132323150/234962_748S_IMG_05_0001_max_476x317.jpeg; https://media.rightmove.co.uk:443/dir/crop/10:9-16:9/235k/234962/132323150/234962_748S_IMG_00_0001_max_476x317.jpeg; https://media.rightmove.co.uk:443/dir/crop/10:9-16:9/235k/234962/132323150/234962_748S_IMG_32_0000_max_476x317.jpeg; https://media.rightmove.co.uk:443/dir/crop/10:9-16:9/235k/234962/132323150/234962_748S_IMG_04_0001_max_476x317.jpeg; https://media.rightmove.co.uk:443/dir/crop/10:9-16:9/235k/234962/132323150/234962_748S_IMG_36_0000_max_476x317.jpeg; https://media.rightmove.co.uk:443/dir/crop/10:9-16:9/235k/234962/132323150/234962_748S_IMG_06_0001_max_476x317.jpeg; https://media.rightmove.co.uk:443/dir/crop/10:9-16:9/235k/234962/132323150/234962_748S_IMG_13_0000_max_476x317.jpeg; https://media.rightmove.co.uk:443/dir/crop/10:9-16:9/235k/234962/132323150/234962_748S_IMG_14_0000_max_476x317.jpeg"
"132170096","Epping Forest","Light Industrial","M25 Business Centre, Brooker Road, Waltham Abbey, Essex, EN9","£485 pcm","From","","","**Flexible short-term contracts** Offering free parking, networking events, lifts, bicycle racks, shower facilities, air conditioning, 24/7 access and more, M25 Business Centre is located in the historic Essex market town of Waltham Abbey, just north of the M25 between J25 and J26.","https://www.rightmove.co.uk/properties/132170096#/?channel=COM_LET","2023-03-02T14:19:28Z","","size_change","Marketed by Bizspace Limited, London","","51.68169","-0.00343","https://media.rightmove.co.uk:443/dir/crop/10:9-16:9/235k/234962/132170096/234962_748W_IMG_03_0000_max_476x317.jpeg; https://media.rightmove.co.uk:443/dir/crop/10:9-16:9/235k/234962/132170096/234962_748W_IMG_04_0000_max_476x317.jpeg; https://media.rightmove.co.uk:443/dir/crop/10:9-16:9/235k/234962/132170096/234962_748W_IMG_09_0000_max_476x317.jpeg; https://media.rightmove.co.uk:443/dir/crop/10:9-16:9/235k/234962/132170096/234962_748W_IMG_01_0000_max_476x317.jpeg; https://media.rightmove.co.uk:443/dir/crop/10:9-16:9/235k/234962/132170096/234962_748W_IMG_14_0000_max_476x317.jpeg; https://media.rightmove.co.uk:443/dir/crop/10:9-16:9/235k/234962/132170096/234962_748W_IMG_05_0000_max_476x317.jpeg; https://media.rightmove.co.uk:443/dir/crop/10:9-16:9/235k/234962/132170096/234962_748W_IMG_00_0000_max_476x317.jpeg; https://media.rightmove.co.uk:443/dir/crop/10:9-16:9/235k/234962/132170096/234962_748W_IMG_08_0000_max_476x317.jpeg; https://media.rightmove.co.uk:443/dir/crop/10:9-16:9/235k/234962/132170096/234962_748W_IMG_13_0000_max_476x317.jpeg; https://media.rightmove.co.uk:443/dir/crop/10:9-16:9/235k/234962/132170096/234962_748W_IMG_15_0000_max_476x317.jpeg; https://media.rightmove.co.uk:443/dir/crop/10:9-16:9/235k/234962/132170096/234962_748W_IMG_16_0000_max_476x317.jpeg; https://media.rightmove.co.uk:443/dir/crop/10:9-16:9/235k/234962/132170096/234962_748W_IMG_28_0000_max_476x317.jpeg; https://media.rightmove.co.uk:443/dir/crop/10:9-16:9/235k/234962/132170096/234962_748W_IMG_37_0000_max_476x317.jpeg; https://media.rightmove.co.uk:443/dir/crop/10:9-16:9/235k/234962/132170096/234962_748W_IMG_41_0000_max_476x317.jpeg; https://media.rightmove.co.uk:443/dir/crop/10:9-16:9/235k/234962/132170096/234962_748W_IMG_42_0000_max_476x317.jpeg; https://media.rightmove.co.uk:443/dir/crop/10:9-16:9/235k/234962/132170096/234962_748W_IMG_43_0000_max_476x317.jpeg; https://media.rightmove.co.uk:443/dir/crop/10:9-16:9/235k/234962/132170096/234962_748W_IMG_46_0000_max_476x317.jpeg"
"168151742","Epping Forest","Warehouse","M25 Business Centre, Brooker Road, Waltham Abbey, Essex, EN9","£1,400 pcm","From","","","**Flexible short-term contracts** Offering free parking, networking events, lifts, bicycle racks, shower facilities, air conditioning, 24/7 access and more, M25 Business Centre is located in the historic Essex market town of Waltham Abbey, just north of the M25 between J25 and J26.","https://www.rightmove.co.uk/properties/168151742#/?channel=COM_LET","2025-10-13T12:44:08Z","","size_change","Marketed by Bizspace Limited, London","","51.68169","-0.00343","https://media.rightmove.co.uk:443/dir/crop/10:9-16:9/235k/234962/168151742/234962_748WNP_IMG_00_0000_max_476x317.jpeg; https://media.rightmove.co.uk:443/dir/crop/10:9-16:9/235k/234962/168151742/234962_748WNP_IMG_01_0000_max_476x317.jpeg; https://media.rightmove.co.uk:443/dir/crop/10:9-16:9/235k/234962/168151742/234962_748WNP_IMG_02_0000_max_476x317.jpeg; https://media.rightmove.co.uk:443/dir/crop/10:9-16:9/235k/234962/168151742/234962_748WNP_IMG_03_0000_max_476x317.jpeg; https://media.rightmove.co.uk:443/dir/crop/10:9-16:9/235k/234962/168151742/234962_748WNP_IMG_04_0000_max_476x317.jpeg; https://media.rightmove.co.uk:443/dir/crop/10:9-16:9/235k/234962/168151742/234962_748WNP_IMG_05_0000_max_476x317.jpeg; https://media.rightmove.co.uk:443/dir/crop/10:9-16:9/235k/234962/168151742/234962_748WNP_IMG_06_0000_max_476x317.jpeg; https://media.rightmove.co.uk:443/dir/crop/10:9-16:9/235k/234962/168151742/234962_748WNP_IMG_07_0000_max_476x317.jpeg; https://media.rightmove.co.uk:443/dir/crop/10:9-16:9/235k/234962/168151742/234962_748WNP_IMG_08_0000_max_476x317.jpeg; https://media.rightmove.co.uk:443/dir/crop/10:9-16:9/235k/234962/168151742/234962_748WNP_IMG_09_0000_max_476x317.jpeg; https://media.rightmove.co.uk:443/dir/crop/10:9-16:9/235k/234962/168151742/234962_748WNP_IMG_10_0000_max_476x317.jpeg; https://media.rightmove.co.uk:443/dir/crop/10:9-16:9/235k/234962/168151742/234962_748WNP_IMG_11_0000_max_476x317.jpeg; https://media.rightmove.co.uk:443/dir/crop/10:9-16:9/235k/234962/168151742/234962_748WNP_IMG_12_0000_max_476x317.jpeg"
"147384467","Epping Forest","Serviced Office","The Gables, Fyfield Road, Ongar","£787 pcm","","","","** SERVICED OFFICES TO LET ** - Located in Chipping Ongar in Essex, which is situated between Harlow and Chelmsford. London Stansted Airport, Bishops Stortford, Epping, Brentwood, Harlow and Chelmsford are all accessible from the premises. Comprising a serviced office building which contains 30 m...","https://www.rightmove.co.uk/properties/147384467#/?channel=COM_LET","2024-04-29T15:12:02Z","","size_change","Marketed by Clarke Hillyer Limited, Loughton","","51.709167","0.244595","https://media.rightmove.co.uk:443/dir/crop/10:9-16:9/217k/216248/147384467/216248_31608971_IMG_00_0000_max_476x317.jpeg; https://media.rightmove.co.uk:443/dir/crop/10:9-16:9/217k/216248/147384467/216248_31608971_IMG_01_0000_max_476x317.jpeg; https://media.rightmove.co.uk:443/dir/crop/10:9-16:9/217k/216248/147384467/216248_31608971_IMG_02_0000_max_476x317.jpeg; https://media.rightmove.co.uk:443/dir/crop/10:9-16:9/217k/216248/147384467/216248_31608971_IMG_03_0000_max_476x317.jpeg; https://media.rightmove.co.uk:443/dir/crop/10:9-16:9/217k/216248/147384467/216248_31608971_IMG_04_0000_max_476x317.jpeg; https://media.rightmove.co.uk:443/dir/crop/10:9-16:9/217k/216248/147384467/216248_31608971_IMG_05_0000_max_476x317.jpeg"
"119744435","Epping Forest","Office","High Street, Epping","£679 pcm","","","","** SERVICED OFFICES TO LET ** - The premises are situated on Epping High Street, where a number of restaurants, cafes, banks and multiple retailers such as Marks & Spencer, Boots, and Costa Coffee are represented. The offices are located on the 2nd floor of an iconic Grade II listed building whic...","https://www.rightmove.co.uk/properties/119744435#/?channel=COM_LET","2022-02-09T14:03:42Z","","size_change","Marketed by Clarke Hillyer Limited, Loughton","","51.698406","0.109943","https://media.rightmove.co.uk:443/dir/crop/10:9-16:9/217k/216248/119744435/216248_31272626_IMG_00_0001_max_476x317.jpeg; https://media.rightmove.co.uk:443/dir/crop/10:9-16:9/217k/216248/119744435/216248_31272626_IMG_01_0002_max_476x317.jpeg; https://media.rightmove.co.uk:443/dir/crop/10:9-16:9/217k/216248/119744435/216248_31272626_IMG_02_0002_max_476x317.jpeg; https://media.rightmove.co.uk:443/dir/crop/10:9-16:9/217k/216248/119744435/216248_31272626_IMG_03_0002_max_476x317.jpeg; https://media.rightmove.co.uk:443/dir/crop/10:9-16:9/217k/216248/119744435/216248_31272626_IMG_04_0002_max_476x317.jpeg; https://media.rightmove.co.uk:443/dir/crop/10:9-16:9/217k/216248/119744435/216248_31272626_IMG_05_0001_max_476x317.jpeg; https://media.rightmove.co.uk:443/dir/crop/10:9-16:9/217k/216248/119744435/216248_31272626_IMG_06_0001_max_476x317.jpeg; https://media.rightmove.co.uk:443/dir/crop/10:9-16:9/217k/216248/119744435/216248_31272626_IMG_07_0001_max_476x317.jpeg; https://media.rightmove.co.uk:443/dir/crop/10:9-16:9/217k/216248/119744435/216248_31272626_IMG_08_0000_max_476x317.jpeg"
"34126918","Epping Forest","Office","North Weald,CM16","£813 pcm","From","","","FLEXIBLE TERM AGREEMENTS. The site is a SMART BUSINESS CENTRE on the edge of North Weald Airfield, close to both the M11 and M25. CENTRAL UNDERGROUND STATION is nearby at Epping. OFFICE SUPPORT AVAILABLE. Meeting room hire, CCTV & PARKING all available onsite. Viewing by appointment only. ","https://www.rightmove.co.uk/properties/34126918#/?channel=COM_LET","2012-05-03T14:02:54Z","","size_change","Marketed by Bell and Co Estate Agents Limited, Braintree","","51.71486","0.15496","https://media.rightmove.co.uk:443/dir/crop/10:9-16:9/169k/168764/34126918/168764_Bassett24_IMG_02_0001_max_476x317.JPG; https://media.rightmove.co.uk:443/dir/crop/10:9-16:9/169k/168764/34126918/168764_Bassett24_IMG_03_0001_max_476x317.JPG; https://media.rightmove.co.uk:443/dir/crop/10:9-16:9/169k/168764/34126918/168764_Bassett24_IMG_05_0000_max_476x317.JPG; https://media.rightmove.co.uk:443/dir/crop/10:9-16:9/169k/168764/34126918/168764_HURRICANE19_IMG_00_0000_max_476x317.jpg; https://media.rightmove.co.uk:443/dir/crop/10:9-16:9/169k/168764/34126918/168764_Bassett24_IMG_01_0000_max_476x317.JPG"
"117651545","Epping Forest","Serviced Office","High Street, Epping, Essex, CM16","£195 pcm","","","","Flexible office memberships in Regus Civic Building","https://www.rightmove.co.uk/properties/117651545#/?channel=COM_LET","2021-12-15T13:13:13Z","","size_change","Marketed by IW Group Services (UK) Limited, Regus","","51.7015","0.11441","https://media.rightmove.co.uk:443/dir/crop/10:9-16:9/130k/129853/117651545/129853_UKbwp5851_IMG_01_0001_max_476x317.jpeg; https://media.rightmove.co.uk:443/dir/crop/10:9-16:9/130k/129853/117651545/129853_UKbwp5851_IMG_06_0000_max_476x317.jpeg; https://media.rightmove.co.uk:443/dir/crop/10:9-16:9/130k/129853/117651545/129853_UKbwp5851_IMG_00_0000_max_476x317.jpeg; https://media.rightmove.co.uk:443/dir/crop/10:9-16:9/130k/129853/117651545/129853_UKbwp5851_IMG_05_0000_max_476x317.jpeg; https://media.rightmove.co.uk:443/dir/crop/10:9-16:9/130k/129853/117651545/129853_UKbwp5851_IMG_04_0001_max_476x317.jpeg; https://media.rightmove.co.uk:443/dir/crop/10:9-16:9/130k/129853/117651545/129853_UKbwp5851_IMG_07_0000_max_476x317.jpeg; https://media.rightmove.co.uk:443/dir/crop/10:9-16:9/130k/129853/117651545/129853_UKbwp5851_IMG_08_0000_max_476x317.jpeg; https://media.rightmove.co.uk:443/dir/crop/10:9-16:9/130k/129853/117651545/129853_UKbwp5851_IMG_02_0001_max_476x317.jpeg; https://media.rightmove.co.uk:443/dir/crop/10:9-16:9/130k/129853/117651545/129853_UKbwp5851_IMG_03_0001_max_476x317.jpeg"
"117651287","Epping Forest","Serviced Office","High Street, Epping, Essex, CM16","£139 pcm","","","","Access professional coworking space in Regus Civic Building","https://www.rightmove.co.uk/properties/117651287#/?channel=COM_LET","2021-12-15T13:08:53Z","","new","Marketed by IW Group Services (UK) Limited, Regus","","51.7015","0.11441","https://media.rightmove.co.uk:443/dir/crop/10:9-16:9/130k/129853/117651287/129853_UKbwg5851_IMG_02_0001_max_476x317.jpeg; https://media.rightmove.co.uk:443/dir/crop/10:9-16:9/130k/129853/117651287/129853_UKbwg5851_IMG_00_0001_max_476x317.jpeg; https://media.rightmove.co.uk:443/dir/crop/10:9-16:9/130k/129853/117651287/129853_UKbwg5851_IMG_04_0001_max_476x317.jpeg; https://media.rightmove.co.uk:443/dir/crop/10:9-16:9/130k/129853/117651287/129853_UKbwg5851_IMG_03_0001_max_476x317.jpeg; https://media.rightmove.co.uk:443/dir/crop/10:9-16:9/130k/129853/117651287/129853_UKbwg5851_IMG_05_0000_max_476x317.jpeg; https://media.rightmove.co.uk:443/dir/crop/10:9-16:9/130k/129853/117651287/129853_UKbwg5851_IMG_06_0000_max_476x317.jpeg; https://media.rightmove.co.uk:443/dir/crop/10:9-16:9/130k/129853/117651287/129853_UKbwg5851_IMG_01_0001_max_476x317.jpeg"
"89113069","Epping Forest","Commercial Property","Offices, Hastingwood, Essex CM17","£460 pcm","","","1","Serviced office to let - Single office space - Communal Toilet - Communal Kitchen - Good Location - All Bills Included - Parking - Please contact Davis Homes now.","https://www.rightmove.co.uk/properties/89113069#/?channel=COM_LET","2021-02-16T09:39:44Z","","new","Marketed by Davis Homes, Essex & London","","51.750096","0.158958","https://media.rightmove.co.uk:443/dir/crop/10:9-16:9/85k/84478/89113069/84478_3633_IMG_00_0000_max_476x317.jpeg; https://media.rightmove.co.uk:443/dir/crop/10:9-16:9/85k/84478/89113069/84478_3633_IMG_01_0000_max_476x317.jpeg; https://media.rightmove.co.uk:443/dir/crop/10:9-16:9/85k/84478/89113069/84478_3633_IMG_02_0000_max_476x317.jpeg"