id,city,propertyType,displayAddress,price,priceQualifier,bedrooms,bathrooms,summary,propertyUrl,firstVisibleDate,addedOrReduced,listingUpdate,formattedBranchName,branchDisplayName,latitude,longitude,propertyImages
"135330689","Newcastle","Serviced Office","Colbalt 15A, Quick Silver Way, Cobalt Business Park NE27 0QQ","£639 pcm","From","","4","Private workspace for up to 5 in Cobalt Business Park Newcastle. Fully flexible, with ergonomic furniture and fast Wi-Fi included.","https://www.rightmove.co.uk/properties/135330689#/?channel=COM_LET","2023-05-26T12:24:12Z","","size_change","Marketed by IW Group Services (UK) Limited, Regus","","55.02249","-1.51291","https://media.rightmove.co.uk:443/dir/crop/10:9-16:9/property-photo/bea7e3ad3/135330689/bea7e3ad3918de47c12cd1a6ff99e389_max_476x317.jpeg; https://media.rightmove.co.uk:443/dir/crop/10:9-16:9/property-photo/d15c40d2b/135330689/d15c40d2bf0784e519cf67bc4e45f4a4_max_476x317.jpeg; https://media.rightmove.co.uk:443/dir/crop/10:9-16:9/property-photo/8a7ecf8f8/135330689/8a7ecf8f8b728e44a6f2f74b2fdc4a2b_max_476x317.jpeg; https://media.rightmove.co.uk:443/dir/crop/10:9-16:9/property-photo/9cba707bd/135330689/9cba707bdc5c33ffb02a5676ecb8c8f6_max_476x317.jpeg; https://media.rightmove.co.uk:443/dir/crop/10:9-16:9/property-photo/6c685db01/135330689/6c685db0147b4bf4542263144af9a2b3_max_476x317.jpeg; https://media.rightmove.co.uk:443/dir/crop/10:9-16:9/property-photo/c0b6322f1/135330689/c0b6322f172582299d3abde1b60d01c6_max_476x317.jpeg; https://media.rightmove.co.uk:443/dir/crop/10:9-16:9/property-photo/7536b4ad5/135330689/7536b4ad5b015b32d9d13ba6d1ff46d5_max_476x317.jpeg; https://media.rightmove.co.uk:443/dir/crop/10:9-16:9/property-photo/2bec12833/135330689/2bec12833b09bc4741966be29f8d0fd6_max_476x317.jpeg"
"722864506964560","Newcastle","Office","1 Citygate, Newcastle upon Tyne, NE1 4XQ","£48,281 pcm","","","","Located in the popular Gallowgate area of Newcastle city centre, 1 Citygate offers newly refurbished offices on the fourth and fifth floor.","https://www.rightmove.co.uk/properties/722864506964560#/?channel=COM_LET","2025-12-03T10:53:09Z","","new","Marketed by Parker Knights, Newcastle","","54.97338","-1.620844","https://media.rightmove.co.uk:443/dir/crop/10:9-16:9/253k/252818/722864506964560/252818_303239-2_IMG_00_0000_max_476x317.jpeg; https://media.rightmove.co.uk:443/dir/crop/10:9-16:9/253k/252818/722864506964560/252818_303239-2_IMG_01_0000_max_476x317.jpeg; https://media.rightmove.co.uk:443/dir/crop/10:9-16:9/253k/252818/722864506964560/252818_303239-2_IMG_02_0000_max_476x317.jpeg; https://media.rightmove.co.uk:443/dir/crop/10:9-16:9/253k/252818/722864506964560/252818_303239-2_IMG_03_0000_max_476x317.jpeg; https://media.rightmove.co.uk:443/dir/crop/10:9-16:9/253k/252818/722864506964560/252818_303239-2_IMG_04_0000_max_476x317.jpeg; https://media.rightmove.co.uk:443/dir/crop/10:9-16:9/253k/252818/722864506964560/252818_303239-2_IMG_05_0000_max_476x317.jpeg; https://media.rightmove.co.uk:443/dir/crop/10:9-16:9/253k/252818/722864506964560/252818_303239-2_IMG_06_0000_max_476x317.jpeg; https://media.rightmove.co.uk:443/dir/crop/10:9-16:9/253k/252818/722864506964560/252818_303239-2_IMG_07_0000_max_476x317.jpeg; https://media.rightmove.co.uk:443/dir/crop/10:9-16:9/253k/252818/722864506964560/252818_303239-2_IMG_08_0000_max_476x317.jpeg; https://media.rightmove.co.uk:443/dir/crop/10:9-16:9/253k/252818/722864506964560/252818_303239-2_IMG_09_0000_max_476x317.jpeg; https://media.rightmove.co.uk:443/dir/crop/10:9-16:9/253k/252818/722864506964560/252818_303239-2_IMG_10_0000_max_476x317.jpeg; https://media.rightmove.co.uk:443/dir/crop/10:9-16:9/253k/252818/722864506964560/252818_303239-2_IMG_13_0000_max_476x317.jpeg; https://media.rightmove.co.uk:443/dir/crop/10:9-16:9/253k/252818/722864506964560/252818_303239-2_IMG_14_0000_max_476x317.jpeg; https://media.rightmove.co.uk:443/dir/crop/10:9-16:9/253k/252818/722864506964560/252818_303239-2_IMG_15_0000_max_476x317.jpeg; https://media.rightmove.co.uk:443/dir/crop/10:9-16:9/253k/252818/722864506964560/252818_303239-2_IMG_16_0000_max_476x317.jpeg; https://media.rightmove.co.uk:443/dir/crop/10:9-16:9/253k/252818/722864506964560/252818_303239-2_IMG_17_0000_max_476x317.jpeg; https://media.rightmove.co.uk:443/dir/crop/10:9-16:9/253k/252818/722864506964560/252818_303239-2_IMG_18_0000_max_476x317.jpeg; https://media.rightmove.co.uk:443/dir/crop/10:9-16:9/253k/252818/722864506964560/252818_303239-2_IMG_19_0000_max_476x317.jpeg; https://media.rightmove.co.uk:443/dir/crop/10:9-16:9/253k/252818/722864506964560/252818_303239-2_IMG_20_0000_max_476x317.jpeg; https://media.rightmove.co.uk:443/dir/crop/10:9-16:9/253k/252818/722864506964560/252818_303239-2_IMG_21_0000_max_476x317.jpeg"
"722864334997521","Newcastle","Office","168 Brinkburn Street, Newcastle, NE6 2AR","£9,500 pcm","","","","High specification refurbished office to let extending to 3,800 sq ft","https://www.rightmove.co.uk/properties/722864334997521#/?channel=COM_LET","2025-12-03T10:52:08Z","","new","Marketed by Parker Knights, Newcastle","","54.972077","-1.579937","https://media.rightmove.co.uk:443/dir/crop/10:9-16:9/253k/252818/722864334997521/252818_273261-2_IMG_00_0000_max_476x317.jpeg; https://media.rightmove.co.uk:443/dir/crop/10:9-16:9/253k/252818/722864334997521/252818_273261-2_IMG_01_0000_max_476x317.jpeg; https://media.rightmove.co.uk:443/dir/crop/10:9-16:9/253k/252818/722864334997521/252818_273261-2_IMG_02_0000_max_476x317.jpeg; https://media.rightmove.co.uk:443/dir/crop/10:9-16:9/253k/252818/722864334997521/252818_273261-2_IMG_03_0000_max_476x317.jpeg; https://media.rightmove.co.uk:443/dir/crop/10:9-16:9/253k/252818/722864334997521/252818_273261-2_IMG_04_0000_max_476x317.jpeg; https://media.rightmove.co.uk:443/dir/crop/10:9-16:9/253k/252818/722864334997521/252818_273261-2_IMG_05_0000_max_476x317.jpeg; https://media.rightmove.co.uk:443/dir/crop/10:9-16:9/253k/252818/722864334997521/252818_273261-2_IMG_06_0000_max_476x317.jpeg; https://media.rightmove.co.uk:443/dir/crop/10:9-16:9/253k/252818/722864334997521/252818_273261-2_IMG_07_0000_max_476x317.jpeg; https://media.rightmove.co.uk:443/dir/crop/10:9-16:9/253k/252818/722864334997521/252818_273261-2_IMG_08_0000_max_476x317.jpeg; https://media.rightmove.co.uk:443/dir/crop/10:9-16:9/253k/252818/722864334997521/252818_273261-2_IMG_09_0000_max_476x317.jpeg; https://media.rightmove.co.uk:443/dir/crop/10:9-16:9/253k/252818/722864334997521/252818_273261-2_IMG_10_0000_max_476x317.jpeg; https://media.rightmove.co.uk:443/dir/crop/10:9-16:9/253k/252818/722864334997521/252818_273261-2_IMG_11_0000_max_476x317.jpeg; https://media.rightmove.co.uk:443/dir/crop/10:9-16:9/253k/252818/722864334997521/252818_273261-2_IMG_12_0000_max_476x317.jpeg; https://media.rightmove.co.uk:443/dir/crop/10:9-16:9/253k/252818/722864334997521/252818_273261-2_IMG_13_0000_max_476x317.jpeg; https://media.rightmove.co.uk:443/dir/crop/10:9-16:9/253k/252818/722864334997521/252818_273261-2_IMG_14_0000_max_476x317.jpeg; https://media.rightmove.co.uk:443/dir/crop/10:9-16:9/253k/252818/722864334997521/252818_273261-2_IMG_15_0000_max_476x317.jpeg; https://media.rightmove.co.uk:443/dir/crop/10:9-16:9/253k/252818/722864334997521/252818_273261-2_IMG_16_0000_max_476x317.jpeg; https://media.rightmove.co.uk:443/dir/crop/10:9-16:9/253k/252818/722864334997521/252818_273261-2_IMG_17_0000_max_476x317.jpeg; https://media.rightmove.co.uk:443/dir/crop/10:9-16:9/253k/252818/722864334997521/252818_273261-2_IMG_18_0000_max_476x317.jpeg; https://media.rightmove.co.uk:443/dir/crop/10:9-16:9/253k/252818/722864334997521/252818_273261-2_IMG_19_0000_max_476x317.jpeg; https://media.rightmove.co.uk:443/dir/crop/10:9-16:9/253k/252818/722864334997521/252818_273261-2_IMG_20_0000_max_476x317.jpeg; https://media.rightmove.co.uk:443/dir/crop/10:9-16:9/253k/252818/722864334997521/252818_273261-2_IMG_21_0000_max_476x317.jpeg; https://media.rightmove.co.uk:443/dir/crop/10:9-16:9/253k/252818/722864334997521/252818_273261-2_IMG_22_0000_max_476x317.jpeg; https://media.rightmove.co.uk:443/dir/crop/10:9-16:9/253k/252818/722864334997521/252818_273261-2_IMG_23_0000_max_476x317.jpeg; https://media.rightmove.co.uk:443/dir/crop/10:9-16:9/253k/252818/722864334997521/252818_273261-2_IMG_24_0000_max_476x317.jpeg; https://media.rightmove.co.uk:443/dir/crop/10:9-16:9/253k/252818/722864334997521/252818_273261-2_IMG_25_0000_max_476x317.jpeg; https://media.rightmove.co.uk:443/dir/crop/10:9-16:9/253k/252818/722864334997521/252818_273261-2_IMG_26_0000_max_476x317.jpeg"
"148622507","Newcastle","Office","High Bridge Works, Newcastle, NE1","£262 pcm","","","","Studio Space in the Heart of Newcastle City Centre Per sq ft £19.5 - £21.5 per sq ft High Bridge Works opened in 2011 and is home to a wide range of creative and digital businesses. The subject suites offer the following specification: • Open Plan Floor Area • LED Lighting •...","https://www.rightmove.co.uk/properties/148622507#/?channel=COM_LET","2024-05-31T18:07:23Z","","size_change","Marketed by Knight Frank, Newcastle - Commercial","","54.971881","-1.61269","https://media.rightmove.co.uk:443/dir/crop/10:9-16:9/156k/155516/148622507/155516_NCC012406002_IMG_00_0015_max_476x317.jpeg; https://media.rightmove.co.uk:443/dir/crop/10:9-16:9/156k/155516/148622507/155516_NCC012406002_IMG_01_0015_max_476x317.jpeg; https://media.rightmove.co.uk:443/dir/crop/10:9-16:9/156k/155516/148622507/155516_NCC012406002_IMG_02_0012_max_476x317.jpeg; https://media.rightmove.co.uk:443/dir/crop/10:9-16:9/156k/155516/148622507/155516_NCC012406002_IMG_03_0012_max_476x317.jpeg; https://media.rightmove.co.uk:443/dir/crop/10:9-16:9/156k/155516/148622507/155516_NCC012406002_IMG_04_0012_max_476x317.jpeg; https://media.rightmove.co.uk:443/dir/crop/10:9-16:9/156k/155516/148622507/155516_NCC012406002_IMG_05_0012_max_476x317.jpeg; https://media.rightmove.co.uk:443/dir/crop/10:9-16:9/156k/155516/148622507/155516_NCC012406002_IMG_06_0012_max_476x317.jpeg; https://media.rightmove.co.uk:443/dir/crop/10:9-16:9/156k/155516/148622507/155516_NCC012406002_IMG_07_0012_max_476x317.jpeg; https://media.rightmove.co.uk:443/dir/crop/10:9-16:9/156k/155516/148622507/155516_NCC012406002_IMG_08_0012_max_476x317.jpeg; https://media.rightmove.co.uk:443/dir/crop/10:9-16:9/156k/155516/148622507/155516_NCC012406002_IMG_09_0012_max_476x317.jpeg; https://media.rightmove.co.uk:443/dir/crop/10:9-16:9/156k/155516/148622507/155516_NCC012406002_IMG_10_0012_max_476x317.jpeg; https://media.rightmove.co.uk:443/dir/crop/10:9-16:9/156k/155516/148622507/155516_NCC012406002_IMG_11_0012_max_476x317.jpeg"
"159157556","Newcastle","Retail Property (out of town)","4 Cherwell Square, Forest Hall, Newcastle Upon Tyne","£349 pcm","","","","Ground Floor Commercial Unit. Floor Area circa 125.7 sq. ft (11.68 sq. m.). Recently Been Fully Refurbished. Suitable for a Variety of Uses. Designated Parking. Rent Includes Electric, Water, Rates & Building Insurance. Rent £4,188 per annum (£99pcm for utilities) Ref I190 ","https://www.rightmove.co.uk/properties/159157556#/?channel=COM_LET","2025-03-07T17:27:34Z","","price_reduced","Marketed by Rook Matthews Sayer, Newcastle Upon Tyne - Commercial Properties","","55.02601","-1.572218","https://media.rightmove.co.uk:443/dir/crop/10:9-16:9/64k/63935/159157556/63935_12620026_IMG_00_0000_max_476x317.jpeg; https://media.rightmove.co.uk:443/dir/crop/10:9-16:9/64k/63935/159157556/63935_12620026_IMG_01_0000_max_476x317.jpeg; https://media.rightmove.co.uk:443/dir/crop/10:9-16:9/64k/63935/159157556/63935_12620026_IMG_07_0000_max_476x317.jpeg; https://media.rightmove.co.uk:443/dir/crop/10:9-16:9/64k/63935/159157556/63935_12620026_IMG_03_0000_max_476x317.jpeg; https://media.rightmove.co.uk:443/dir/crop/10:9-16:9/64k/63935/159157556/63935_12620026_IMG_04_0000_max_476x317.jpeg; https://media.rightmove.co.uk:443/dir/crop/10:9-16:9/64k/63935/159157556/63935_12620026_IMG_05_0000_max_476x317.jpeg; https://media.rightmove.co.uk:443/dir/crop/10:9-16:9/64k/63935/159157556/63935_12620026_IMG_06_0000_max_476x317.jpeg"
"169879658","Newcastle","Retail Property (high street)","Northumberland Street, Newcastle Upon Tyne, NE1","POA","","","","Located on prime Northumberland Street, situated opposite Haymarket Metro Station entrance and close to the Newcastle University Campus. Nearby occupiers include Boots, Pret, Starbucks, Jollibee. Prominent corner building with potential to trade over multiple floors.","https://www.rightmove.co.uk/properties/169879658#/?channel=COM_LET","2025-12-01T14:16:23Z","","new","Marketed by BARKER PROUDLOVE LIMITED, Leeds","","54.97729","-1.61313","https://media.rightmove.co.uk:443/dir/crop/10:9-16:9/229k/228959/169879658/228959_136-138_Northumberland_Street_IMG_00_0000_max_476x317.jpeg; https://media.rightmove.co.uk:443/dir/crop/10:9-16:9/229k/228959/169879658/228959_136-138_Northumberland_Street_IMG_01_0000_max_476x317.jpeg; https://media.rightmove.co.uk:443/dir/crop/10:9-16:9/229k/228959/169879658/228959_136-138_Northumberland_Street_IMG_02_0000_max_476x317.png; https://media.rightmove.co.uk:443/dir/crop/10:9-16:9/229k/228959/169879658/228959_136-138_Northumberland_Street_IMG_03_0000_max_476x317.jpeg"
"169871384","Newcastle","Retail Property (high street)","3 Elmfield Road, Gosforth, Newcastle Upon Tyne, NE3","£1,000 pcm","","","","The property is located on Elmfield Road, just off Gosforth High Street, in the heart of Gosforth. The property is two miles to the north of Newcastle City Centre, which is accessed via the B1318 Great North Road. Access to the A1 (M) and the south via the Tyne Bridge is only 3 miles from the sub...","https://www.rightmove.co.uk/properties/169871384#/?channel=COM_LET","2025-12-01T12:39:44Z","","new","Marketed by Bradley Hall, Newcastle Upon Tyne","","55.000795","-1.627798","https://media.rightmove.co.uk:443/dir/crop/10:9-16:9/283k/282893/169871384/282893_CMR250195_L_IMG_00_0000_max_476x317.jpeg; https://media.rightmove.co.uk:443/dir/crop/10:9-16:9/283k/282893/169871384/282893_CMR250195_L_IMG_01_0000_max_476x317.jpeg; https://media.rightmove.co.uk:443/dir/crop/10:9-16:9/283k/282893/169871384/282893_CMR250195_L_IMG_02_0000_max_476x317.jpeg; https://media.rightmove.co.uk:443/dir/crop/10:9-16:9/283k/282893/169871384/282893_CMR250195_L_IMG_03_0000_max_476x317.jpeg"
"132844376","Newcastle","Office","Baker's Yard, Christon Road, Newcastle Upon Tyne, NE3 1XD","POA","","","","Flexible workspace in new unit, featuring mezzanine level, high ceilings, crittal glazed partitions. Suitable for office, leisure, gym, health and fitness studios. ","https://www.rightmove.co.uk/properties/132844376#/?channel=COM_LET","2023-03-22T16:52:25Z","","new","Marketed by Adderstone Asset Management Limited, Newcastle","","55.0089","-1.60767","https://media.rightmove.co.uk:443/dir/crop/10:9-16:9/181k/180227/132844376/180227_BakersYardTheChiller19b_IMG_03_0000_max_476x317.jpeg; https://media.rightmove.co.uk:443/dir/crop/10:9-16:9/181k/180227/132844376/180227_BakersYardTheChiller19b_IMG_02_0000_max_476x317.jpeg; https://media.rightmove.co.uk:443/dir/crop/10:9-16:9/181k/180227/132844376/180227_BakersYardTheChiller19b_IMG_07_0000_max_476x317.jpeg; https://media.rightmove.co.uk:443/dir/crop/10:9-16:9/181k/180227/132844376/180227_BakersYardTheChiller19b_IMG_00_0000_max_476x317.jpeg; https://media.rightmove.co.uk:443/dir/crop/10:9-16:9/181k/180227/132844376/180227_BakersYardTheChiller19b_IMG_01_0000_max_476x317.jpeg; https://media.rightmove.co.uk:443/dir/crop/10:9-16:9/181k/180227/132844376/180227_BakersYardTheChiller19b_IMG_06_0000_max_476x317.jpeg; https://media.rightmove.co.uk:443/dir/crop/10:9-16:9/181k/180227/132844376/180227_BakersYardTheChiller19b_IMG_04_0000_max_476x317.jpeg"
"169764824","Newcastle","Retail Property (high street)","265 Chillingham Road, Heaton, NE6","£1,625 pcm","","","","Location This well-positioned ground-floor retail unit occupies a highly visible corner location on a busy local parade, benefiting from strong footfall and excellent frontage onto two streets. The property features large full-height display windows, providing outstanding branding and merch...","https://www.rightmove.co.uk/properties/169764824#/?channel=COM_LET","2025-11-27T09:18:59Z","","new","Marketed by Bradley Hall, Newcastle Upon Tyne","","54.988042","-1.577749","https://media.rightmove.co.uk:443/dir/crop/10:9-16:9/283k/282893/169764824/282893_CMR250216_L_IMG_00_0000_max_476x317.jpeg; https://media.rightmove.co.uk:443/dir/crop/10:9-16:9/283k/282893/169764824/282893_CMR250216_L_IMG_01_0000_max_476x317.jpeg; https://media.rightmove.co.uk:443/dir/crop/10:9-16:9/283k/282893/169764824/282893_CMR250216_L_IMG_02_0000_max_476x317.jpeg; https://media.rightmove.co.uk:443/dir/crop/10:9-16:9/283k/282893/169764824/282893_CMR250216_L_IMG_03_0000_max_476x317.jpeg; https://media.rightmove.co.uk:443/dir/crop/10:9-16:9/283k/282893/169764824/282893_CMR250216_L_IMG_04_0000_max_476x317.jpeg"
"719528483371920","Newcastle","Office","Creative Office Space in Newcastle To Let, Generator Studios, Trafalgar Street, Newcastle Upon Tyne, NE1 2LA","£6,686 pcm","","","","Creative Office Space in Newcastle City Centre To Let","https://www.rightmove.co.uk/properties/719528483371920#/?channel=COM_LET","2025-11-27T01:00:05Z","","size_change","Marketed by Sanderson Weatherall, Newcastle","","54.972263","-1.605324","https://media.rightmove.co.uk:443/dir/crop/10:9-16:9/262k/261938/719528483371920/261938_180927-2_IMG_00_0000_max_476x317.jpeg; https://media.rightmove.co.uk:443/dir/crop/10:9-16:9/262k/261938/719528483371920/261938_180927-2_IMG_01_0000_max_476x317.jpeg; https://media.rightmove.co.uk:443/dir/crop/10:9-16:9/262k/261938/719528483371920/261938_180927-2_IMG_02_0000_max_476x317.jpeg; https://media.rightmove.co.uk:443/dir/crop/10:9-16:9/262k/261938/719528483371920/261938_180927-2_IMG_03_0000_max_476x317.jpeg; https://media.rightmove.co.uk:443/dir/crop/10:9-16:9/262k/261938/719528483371920/261938_180927-2_IMG_04_0000_max_476x317.jpeg; https://media.rightmove.co.uk:443/dir/crop/10:9-16:9/262k/261938/719528483371920/261938_180927-2_IMG_05_0000_max_476x317.jpeg; https://media.rightmove.co.uk:443/dir/crop/10:9-16:9/262k/261938/719528483371920/261938_180927-2_IMG_06_0000_max_476x317.jpeg; https://media.rightmove.co.uk:443/dir/crop/10:9-16:9/262k/261938/719528483371920/261938_180927-2_IMG_07_0000_max_476x317.jpeg; https://media.rightmove.co.uk:443/dir/crop/10:9-16:9/262k/261938/719528483371920/261938_180927-2_IMG_08_0000_max_476x317.jpeg; https://media.rightmove.co.uk:443/dir/crop/10:9-16:9/262k/261938/719528483371920/261938_180927-2_IMG_09_0000_max_476x317.jpeg; https://media.rightmove.co.uk:443/dir/crop/10:9-16:9/262k/261938/719528483371920/261938_180927-2_IMG_10_0000_max_476x317.jpeg; https://media.rightmove.co.uk:443/dir/crop/10:9-16:9/262k/261938/719528483371920/261938_180927-2_IMG_11_0000_max_476x317.jpeg; https://media.rightmove.co.uk:443/dir/crop/10:9-16:9/262k/261938/719528483371920/261938_180927-2_IMG_12_0000_max_476x317.jpeg; https://media.rightmove.co.uk:443/dir/crop/10:9-16:9/262k/261938/719528483371920/261938_180927-2_IMG_13_0000_max_476x317.jpeg; https://media.rightmove.co.uk:443/dir/crop/10:9-16:9/262k/261938/719528483371920/261938_180927-2_IMG_14_0000_max_476x317.jpeg; https://media.rightmove.co.uk:443/dir/crop/10:9-16:9/262k/261938/719528483371920/261938_180927-2_IMG_15_0000_max_476x317.jpeg; https://media.rightmove.co.uk:443/dir/crop/10:9-16:9/262k/261938/719528483371920/261938_180927-2_IMG_16_0000_max_476x317.jpeg; https://media.rightmove.co.uk:443/dir/crop/10:9-16:9/262k/261938/719528483371920/261938_180927-2_IMG_17_0000_max_476x317.jpeg; https://media.rightmove.co.uk:443/dir/crop/10:9-16:9/262k/261938/719528483371920/261938_180927-2_IMG_18_0000_max_476x317.jpeg; https://media.rightmove.co.uk:443/dir/crop/10:9-16:9/262k/261938/719528483371920/261938_180927-2_IMG_19_0000_max_476x317.jpeg; https://media.rightmove.co.uk:443/dir/crop/10:9-16:9/262k/261938/719528483371920/261938_180927-2_IMG_20_0000_max_476x317.jpeg"
"169750913","Newcastle","Shop","1 Old Eldon Square, Newcastle Upon Tyne, NE1","POA","","","","Currently occupier by the House of Brown, the property occupies a Grade II–listed early-19th-century building in Newcastle’s Old Eldon Square. The Portland stone façade and classical features are complemented by a sensitively modernised interior. The c...","https://www.rightmove.co.uk/properties/169750913#/?channel=COM_LET","2025-11-26T16:56:28Z","","new","Marketed by Bradley Hall, Newcastle Upon Tyne","","54.974554","-1.614438","https://media.rightmove.co.uk:443/dir/crop/10:9-16:9/283k/282893/169750913/282893_NUT220002_L_IMG_00_0000_max_476x317.jpeg; https://media.rightmove.co.uk:443/dir/crop/10:9-16:9/283k/282893/169750913/282893_NUT220002_L_IMG_01_0000_max_476x317.jpeg; https://media.rightmove.co.uk:443/dir/crop/10:9-16:9/283k/282893/169750913/282893_NUT220002_L_IMG_02_0000_max_476x317.jpeg; https://media.rightmove.co.uk:443/dir/crop/10:9-16:9/283k/282893/169750913/282893_NUT220002_L_IMG_03_0000_max_476x317.jpeg; https://media.rightmove.co.uk:443/dir/crop/10:9-16:9/283k/282893/169750913/282893_NUT220002_L_IMG_04_0000_max_476x317.jpeg; https://media.rightmove.co.uk:443/dir/crop/10:9-16:9/283k/282893/169750913/282893_NUT220002_L_IMG_05_0000_max_476x317.jpeg"
"718153632686673","Newcastle","Office","Office Suites To Let in Newcastle, 5 Charlotte Square, Newcastle upon Tyne, NE1 4XF","£526 pcm","","","","Office Suites To Let","https://www.rightmove.co.uk/properties/718153632686673#/?channel=COM_LET","2025-11-07T10:52:37Z","","size_change","Marketed by Sanderson Weatherall, Newcastle","","54.971291","-1.619905","https://media.rightmove.co.uk:443/dir/crop/10:9-16:9/262k/261938/718153632686673/261938_336758-2_IMG_00_0000_max_476x317.jpeg; https://media.rightmove.co.uk:443/dir/crop/10:9-16:9/262k/261938/718153632686673/261938_336758-2_IMG_01_0000_max_476x317.jpeg; https://media.rightmove.co.uk:443/dir/crop/10:9-16:9/262k/261938/718153632686673/261938_336758-2_IMG_02_0000_max_476x317.jpeg; https://media.rightmove.co.uk:443/dir/crop/10:9-16:9/262k/261938/718153632686673/261938_336758-2_IMG_03_0000_max_476x317.jpeg; https://media.rightmove.co.uk:443/dir/crop/10:9-16:9/262k/261938/718153632686673/261938_336758-2_IMG_04_0000_max_476x317.jpeg; https://media.rightmove.co.uk:443/dir/crop/10:9-16:9/262k/261938/718153632686673/261938_336758-2_IMG_05_0000_max_476x317.jpeg"
"721263721491473","Newcastle","Office","Office Suites To Let in Killingworth, Henson House, Planet Place, Killingworth, Newcastle upon Tyne, NE12 6RZ","£504 pcm","","","","Office Suites To Let","https://www.rightmove.co.uk/properties/721263721491473#/?channel=COM_LET","2025-11-24T14:50:02Z","","size_change","Marketed by Sanderson Weatherall, Newcastle","","55.029696","-1.577241","https://media.rightmove.co.uk:443/dir/crop/10:9-16:9/262k/261938/721263721491473/261938_299373-2_IMG_00_0000_max_476x317.jpeg; https://media.rightmove.co.uk:443/dir/crop/10:9-16:9/262k/261938/721263721491473/261938_299373-2_IMG_01_0000_max_476x317.jpeg; https://media.rightmove.co.uk:443/dir/crop/10:9-16:9/262k/261938/721263721491473/261938_299373-2_IMG_02_0000_max_476x317.jpeg; https://media.rightmove.co.uk:443/dir/crop/10:9-16:9/262k/261938/721263721491473/261938_299373-2_IMG_03_0000_max_476x317.jpeg"
"719240418603856","Newcastle","Office","Cloth Market, Newcastle, Merchant House, 30 Cloth Market, Newcastle upon Tyne, NE1 1EE","POA","","","","Serviced Office Space TO LET","https://www.rightmove.co.uk/properties/719240418603856#/?channel=COM_LET","2025-11-13T10:50:06Z","","size_change","Marketed by Align Chartered Surveyors, Northallerton","","54.971016","-1.612535","https://media.rightmove.co.uk:443/dir/crop/10:9-16:9/227k/226952/719240418603856/226952_288197-2_IMG_00_0000_max_476x317.jpeg; https://media.rightmove.co.uk:443/dir/crop/10:9-16:9/227k/226952/719240418603856/226952_288197-2_IMG_01_0000_max_476x317.jpeg; https://media.rightmove.co.uk:443/dir/crop/10:9-16:9/227k/226952/719240418603856/226952_288197-2_IMG_02_0000_max_476x317.jpeg; https://media.rightmove.co.uk:443/dir/crop/10:9-16:9/227k/226952/719240418603856/226952_288197-2_IMG_03_0000_max_476x317.jpeg; https://media.rightmove.co.uk:443/dir/crop/10:9-16:9/227k/226952/719240418603856/226952_288197-2_IMG_04_0000_max_476x317.jpeg; https://media.rightmove.co.uk:443/dir/crop/10:9-16:9/227k/226952/719240418603856/226952_288197-2_IMG_05_0000_max_476x317.jpeg; https://media.rightmove.co.uk:443/dir/crop/10:9-16:9/227k/226952/719240418603856/226952_288197-2_IMG_06_0000_max_476x317.jpeg; https://media.rightmove.co.uk:443/dir/crop/10:9-16:9/227k/226952/719240418603856/226952_288197-2_IMG_07_0000_max_476x317.jpeg; https://media.rightmove.co.uk:443/dir/crop/10:9-16:9/227k/226952/719240418603856/226952_288197-2_IMG_08_0000_max_476x317.jpeg; https://media.rightmove.co.uk:443/dir/crop/10:9-16:9/227k/226952/719240418603856/226952_288197-2_IMG_09_0000_max_476x317.jpeg"
"719240422941857","Newcastle","Mixed Use","Rotterdam House, Quayside, 116 Quayside, Newcastle upon Tyne, NE1 3DY","POA","","","","Serviced Office Space TO LET","https://www.rightmove.co.uk/properties/719240422941857#/?channel=COM_LET","2025-11-13T10:50:12Z","","size_change","Marketed by Align Chartered Surveyors, Northallerton","","54.97132","-1.597491","https://media.rightmove.co.uk:443/dir/crop/10:9-16:9/227k/226952/719240422941857/226952_288218-2_IMG_00_0000_max_476x317.jpeg; https://media.rightmove.co.uk:443/dir/crop/10:9-16:9/227k/226952/719240422941857/226952_288218-2_IMG_01_0000_max_476x317.jpeg; https://media.rightmove.co.uk:443/dir/crop/10:9-16:9/227k/226952/719240422941857/226952_288218-2_IMG_02_0000_max_476x317.jpeg; https://media.rightmove.co.uk:443/dir/crop/10:9-16:9/227k/226952/719240422941857/226952_288218-2_IMG_03_0000_max_476x317.jpeg; https://media.rightmove.co.uk:443/dir/crop/10:9-16:9/227k/226952/719240422941857/226952_288218-2_IMG_04_0000_max_476x317.jpeg; https://media.rightmove.co.uk:443/dir/crop/10:9-16:9/227k/226952/719240422941857/226952_288218-2_IMG_05_0000_max_476x317.jpeg; https://media.rightmove.co.uk:443/dir/crop/10:9-16:9/227k/226952/719240422941857/226952_288218-2_IMG_06_0000_max_476x317.jpeg; https://media.rightmove.co.uk:443/dir/crop/10:9-16:9/227k/226952/719240422941857/226952_288218-2_IMG_07_0000_max_476x317.jpeg; https://media.rightmove.co.uk:443/dir/crop/10:9-16:9/227k/226952/719240422941857/226952_288218-2_IMG_08_0000_max_476x317.jpeg"
"719240425040512","Newcastle","Office","Cobalt 54, 1 Quick Silver Way, Cobalt Business Park, Newcastle upon Tyne, NE27 0QQ","POA","","","","Serviced Office Space TO LET","https://www.rightmove.co.uk/properties/719240425040512#/?channel=COM_LET","2025-11-13T10:50:12Z","","size_change","Marketed by Align Chartered Surveyors, Northallerton","","55.022556","-1.512891","https://media.rightmove.co.uk:443/dir/crop/10:9-16:9/227k/226952/719240425040512/226952_288222-2_IMG_00_0000_max_476x317.jpeg; https://media.rightmove.co.uk:443/dir/crop/10:9-16:9/227k/226952/719240425040512/226952_288222-2_IMG_01_0000_max_476x317.jpeg; https://media.rightmove.co.uk:443/dir/crop/10:9-16:9/227k/226952/719240425040512/226952_288222-2_IMG_02_0000_max_476x317.jpeg; https://media.rightmove.co.uk:443/dir/crop/10:9-16:9/227k/226952/719240425040512/226952_288222-2_IMG_03_0000_max_476x317.jpeg; https://media.rightmove.co.uk:443/dir/crop/10:9-16:9/227k/226952/719240425040512/226952_288222-2_IMG_04_0000_max_476x317.jpeg; https://media.rightmove.co.uk:443/dir/crop/10:9-16:9/227k/226952/719240425040512/226952_288222-2_IMG_05_0000_max_476x317.jpeg; https://media.rightmove.co.uk:443/dir/crop/10:9-16:9/227k/226952/719240425040512/226952_288222-2_IMG_06_0000_max_476x317.jpeg; https://media.rightmove.co.uk:443/dir/crop/10:9-16:9/227k/226952/719240425040512/226952_288222-2_IMG_07_0000_max_476x317.jpeg; https://media.rightmove.co.uk:443/dir/crop/10:9-16:9/227k/226952/719240425040512/226952_288222-2_IMG_08_0000_max_476x317.jpeg; https://media.rightmove.co.uk:443/dir/crop/10:9-16:9/227k/226952/719240425040512/226952_288222-2_IMG_09_0000_max_476x317.jpeg"
"698589867685377","Newcastle","Office","Grade A Offices at Percy Place in Newcastle, Percy Place, Newcastle upon Tyne, NE1 7RA","POA","","","","Brand New Striking Office Development in the Heart of Newcastle City Centre","https://www.rightmove.co.uk/properties/698589867685377#/?channel=COM_LET","2025-10-23T12:58:06Z","","size_change","Marketed by Sanderson Weatherall, Newcastle","","54.976199","-1.615768","https://media.rightmove.co.uk:443/dir/crop/10:9-16:9/262k/261938/698589867685377/261938_273406-2_IMG_00_0001_max_476x317.jpeg; https://media.rightmove.co.uk:443/dir/crop/10:9-16:9/262k/261938/698589867685377/261938_273406-2_IMG_01_0001_max_476x317.jpeg; https://media.rightmove.co.uk:443/dir/crop/10:9-16:9/262k/261938/698589867685377/261938_273406-2_IMG_02_0001_max_476x317.jpeg; https://media.rightmove.co.uk:443/dir/crop/10:9-16:9/262k/261938/698589867685377/261938_273406-2_IMG_03_0001_max_476x317.jpeg; https://media.rightmove.co.uk:443/dir/crop/10:9-16:9/262k/261938/698589867685377/261938_273406-2_IMG_04_0001_max_476x317.jpeg; https://media.rightmove.co.uk:443/dir/crop/10:9-16:9/262k/261938/698589867685377/261938_273406-2_IMG_05_0001_max_476x317.jpeg; https://media.rightmove.co.uk:443/dir/crop/10:9-16:9/262k/261938/698589867685377/261938_273406-2_IMG_06_0001_max_476x317.jpeg; https://media.rightmove.co.uk:443/dir/crop/10:9-16:9/262k/261938/698589867685377/261938_273406-2_IMG_07_0001_max_476x317.jpeg; https://media.rightmove.co.uk:443/dir/crop/10:9-16:9/262k/261938/698589867685377/261938_273406-2_IMG_08_0001_max_476x317.jpeg; https://media.rightmove.co.uk:443/dir/crop/10:9-16:9/262k/261938/698589867685377/261938_273406-2_IMG_09_0001_max_476x317.jpeg; https://media.rightmove.co.uk:443/dir/crop/10:9-16:9/262k/261938/698589867685377/261938_273406-2_IMG_10_0001_max_476x317.jpeg"
"721241057722433","Newcastle","Office","Grade II Listed Offices To Let at Milburn House, Milburn House, Dean Street, Newcastle upon Tyne, NE1 1LE","£5,208 pcm","","","","Office Suites To Let","https://www.rightmove.co.uk/properties/721241057722433#/?channel=COM_LET","2025-11-25T02:04:31Z","","size_change","Marketed by Sanderson Weatherall, Newcastle","","54.969789","-1.610315","https://media.rightmove.co.uk:443/dir/crop/10:9-16:9/262k/261938/721241057722433/261938_226263-2_IMG_00_0000_max_476x317.jpeg; https://media.rightmove.co.uk:443/dir/crop/10:9-16:9/262k/261938/721241057722433/261938_226263-2_IMG_01_0000_max_476x317.jpeg; https://media.rightmove.co.uk:443/dir/crop/10:9-16:9/262k/261938/721241057722433/261938_226263-2_IMG_02_0000_max_476x317.jpeg; https://media.rightmove.co.uk:443/dir/crop/10:9-16:9/262k/261938/721241057722433/261938_226263-2_IMG_03_0000_max_476x317.jpeg; https://media.rightmove.co.uk:443/dir/crop/10:9-16:9/262k/261938/721241057722433/261938_226263-2_IMG_04_0000_max_476x317.jpeg; https://media.rightmove.co.uk:443/dir/crop/10:9-16:9/262k/261938/721241057722433/261938_226263-2_IMG_05_0000_max_476x317.jpeg"
"698587235988912","Newcastle","Serviced Office","Serviced Offices To Let in Newcastle Business Park, Amber Court,Newcastle Business Park, Newcastle upon Tyne, NE4 7YA","£15,729 pcm","","","","Serviced Office Suites To Let","https://www.rightmove.co.uk/properties/698587235988912#/?channel=COM_LET","2025-10-23T16:28:08Z","","size_change","Marketed by Sanderson Weatherall, Newcastle","","54.962685","-1.647801","https://media.rightmove.co.uk:443/dir/crop/10:9-16:9/262k/261938/698587235988912/261938_197483-2_IMG_00_0001_max_476x317.jpeg; https://media.rightmove.co.uk:443/dir/crop/10:9-16:9/262k/261938/698587235988912/261938_197483-2_IMG_01_0001_max_476x317.jpeg; https://media.rightmove.co.uk:443/dir/crop/10:9-16:9/262k/261938/698587235988912/261938_197483-2_IMG_02_0001_max_476x317.jpeg; https://media.rightmove.co.uk:443/dir/crop/10:9-16:9/262k/261938/698587235988912/261938_197483-2_IMG_03_0001_max_476x317.jpeg; https://media.rightmove.co.uk:443/dir/crop/10:9-16:9/262k/261938/698587235988912/261938_197483-2_IMG_04_0001_max_476x317.jpeg; https://media.rightmove.co.uk:443/dir/crop/10:9-16:9/262k/261938/698587235988912/261938_197483-2_IMG_05_0001_max_476x317.jpeg; https://media.rightmove.co.uk:443/dir/crop/10:9-16:9/262k/261938/698587235988912/261938_197483-2_IMG_06_0001_max_476x317.jpeg"
"698589746279361","Newcastle","Serviced Office","Serviced Office Suites To Let in Newcastle, The Grainger Suite, Dobson House, Newcastle upon Tyne, NE3 3PF","£2,888 pcm","","","","Serviced Office Suites To Let","https://www.rightmove.co.uk/properties/698589746279361#/?channel=COM_LET","2025-10-23T11:28:14Z","","size_change","Marketed by Sanderson Weatherall, Newcastle","","55.011201","-1.623642","https://media.rightmove.co.uk:443/dir/crop/10:9-16:9/262k/261938/698589746279361/261938_196761-2_IMG_00_0000_max_476x317.jpeg; https://media.rightmove.co.uk:443/dir/crop/10:9-16:9/262k/261938/698589746279361/261938_196761-2_IMG_01_0000_max_476x317.jpeg; https://media.rightmove.co.uk:443/dir/crop/10:9-16:9/262k/261938/698589746279361/261938_196761-2_IMG_02_0000_max_476x317.jpeg; https://media.rightmove.co.uk:443/dir/crop/10:9-16:9/262k/261938/698589746279361/261938_196761-2_IMG_03_0000_max_476x317.jpeg; https://media.rightmove.co.uk:443/dir/crop/10:9-16:9/262k/261938/698589746279361/261938_196761-2_IMG_04_0000_max_476x317.jpeg"
"698587154210832","Newcastle","Office","Grade A Office Space To Let at Quorum Business Park, Q4 Quorum Business Park, Benton Lane, Newcastle upon Tyne, NE12 8EZ","£40,500 pcm","","","","Grade A Office Space To Let","https://www.rightmove.co.uk/properties/698587154210832#/?channel=COM_LET","2025-10-23T11:32:11Z","","size_change","Marketed by Sanderson Weatherall, Newcastle","","55.018816","-1.583048","https://media.rightmove.co.uk:443/dir/crop/10:9-16:9/262k/261938/698587154210832/261938_189593-2_IMG_00_0000_max_476x317.jpeg; https://media.rightmove.co.uk:443/dir/crop/10:9-16:9/262k/261938/698587154210832/261938_189593-2_IMG_01_0000_max_476x317.jpeg; https://media.rightmove.co.uk:443/dir/crop/10:9-16:9/262k/261938/698587154210832/261938_189593-2_IMG_02_0000_max_476x317.jpeg; https://media.rightmove.co.uk:443/dir/crop/10:9-16:9/262k/261938/698587154210832/261938_189593-2_IMG_03_0000_max_476x317.jpeg; https://media.rightmove.co.uk:443/dir/crop/10:9-16:9/262k/261938/698587154210832/261938_189593-2_IMG_04_0000_max_476x317.jpeg; https://media.rightmove.co.uk:443/dir/crop/10:9-16:9/262k/261938/698587154210832/261938_189593-2_IMG_05_0000_max_476x317.jpeg; https://media.rightmove.co.uk:443/dir/crop/10:9-16:9/262k/261938/698587154210832/261938_189593-2_IMG_06_0000_max_476x317.jpeg; https://media.rightmove.co.uk:443/dir/crop/10:9-16:9/262k/261938/698587154210832/261938_189593-2_IMG_07_0000_max_476x317.jpeg"
"698589685461713","Newcastle","Office","Office Suites To Let at Quorum Business Park, Q16 Quorum Business Park, Benton Lane, Newcastle upon Tyne, NE12 8BX","POA","","","","Office Suites To Let","https://www.rightmove.co.uk/properties/698589685461713#/?channel=COM_LET","2025-10-23T12:30:05Z","","size_change","Marketed by Sanderson Weatherall, Newcastle","","55.021005","-1.576863","https://media.rightmove.co.uk:443/dir/crop/10:9-16:9/262k/261938/698589685461713/261938_183650-2_IMG_00_0001_max_476x317.jpeg; https://media.rightmove.co.uk:443/dir/crop/10:9-16:9/262k/261938/698589685461713/261938_183650-2_IMG_01_0001_max_476x317.jpeg; https://media.rightmove.co.uk:443/dir/crop/10:9-16:9/262k/261938/698589685461713/261938_183650-2_IMG_02_0001_max_476x317.jpeg; https://media.rightmove.co.uk:443/dir/crop/10:9-16:9/262k/261938/698589685461713/261938_183650-2_IMG_03_0001_max_476x317.jpeg; https://media.rightmove.co.uk:443/dir/crop/10:9-16:9/262k/261938/698589685461713/261938_183650-2_IMG_04_0001_max_476x317.jpeg"
"716540733840752","Newcastle","Office","Grade A Office To Let in Newcastle, Kelburn Point 7-19, Mosley Street, Newcastle Upon Tyne, NE1 1YE","POA","","","","Grade A Office located in the heart of Newcastle","https://www.rightmove.co.uk/properties/716540733840752#/?channel=COM_LET","2025-10-29T13:17:04Z","","size_change","Marketed by Sanderson Weatherall, Newcastle","","54.971245","-1.609864","https://media.rightmove.co.uk:443/dir/crop/10:9-16:9/262k/261938/716540733840752/261938_180987-2_IMG_00_0000_max_476x317.jpeg; https://media.rightmove.co.uk:443/dir/crop/10:9-16:9/262k/261938/716540733840752/261938_180987-2_IMG_01_0000_max_476x317.jpeg; https://media.rightmove.co.uk:443/dir/crop/10:9-16:9/262k/261938/716540733840752/261938_180987-2_IMG_02_0000_max_476x317.jpeg; https://media.rightmove.co.uk:443/dir/crop/10:9-16:9/262k/261938/716540733840752/261938_180987-2_IMG_03_0000_max_476x317.jpeg"
"713983127174288","Newcastle","Office","Office Accommodation To Let in Newcastle, Blackfriars Court, Dispensary Lane, Newcastle Upon Tyne, NE1 4XB","£2,495 pcm","","","","Office Accommodation To Let","https://www.rightmove.co.uk/properties/713983127174288#/?channel=COM_LET","2025-10-23T12:30:06Z","","size_change","Marketed by Sanderson Weatherall, Newcastle","","54.971526","-1.620325","https://media.rightmove.co.uk:443/dir/crop/10:9-16:9/262k/261938/713983127174288/261938_79970-2_IMG_00_0001_max_476x317.jpeg; https://media.rightmove.co.uk:443/dir/crop/10:9-16:9/262k/261938/713983127174288/261938_79970-2_IMG_01_0001_max_476x317.jpeg; https://media.rightmove.co.uk:443/dir/crop/10:9-16:9/262k/261938/713983127174288/261938_79970-2_IMG_02_0001_max_476x317.jpeg; https://media.rightmove.co.uk:443/dir/crop/10:9-16:9/262k/261938/713983127174288/261938_79970-2_IMG_03_0001_max_476x317.jpeg"
"698586988523632","Newcastle","Office","Refurbished Office Accommodation To Let at Cobalt, Cobalt 3, Silver Fox Way, Newcastle Upon Tyne, NE27 0QJ","POA","","","","Refurbished Office Accommodation To Let","https://www.rightmove.co.uk/properties/698586988523632#/?channel=COM_LET","2025-10-23T11:32:10Z","","size_change","Marketed by Sanderson Weatherall, Newcastle","","55.020469","-1.508192","https://media.rightmove.co.uk:443/dir/crop/10:9-16:9/262k/261938/698586988523632/261938_80174-2_IMG_00_0000_max_476x317.jpeg; https://media.rightmove.co.uk:443/dir/crop/10:9-16:9/262k/261938/698586988523632/261938_80174-2_IMG_01_0000_max_476x317.jpeg; https://media.rightmove.co.uk:443/dir/crop/10:9-16:9/262k/261938/698586988523632/261938_80174-2_IMG_02_0000_max_476x317.jpeg; https://media.rightmove.co.uk:443/dir/crop/10:9-16:9/262k/261938/698586988523632/261938_80174-2_IMG_03_0000_max_476x317.jpeg; https://media.rightmove.co.uk:443/dir/crop/10:9-16:9/262k/261938/698586988523632/261938_80174-2_IMG_04_0000_max_476x317.jpeg"
"166876475","Newcastle","Serviced Office","Q11 Benton Lane, Newcastle upon Tyne","£449 pcm","From","","","Located in the hub of Quorum Business Park, Q16 offers highly-functional breakout and communal areas, modern plug and play meeting room facilities and work space to suit a wide range of businesses.","https://www.rightmove.co.uk/properties/166876475#/?channel=COM_LET","2025-09-11T13:20:55Z","","new","Marketed by Office Freedom, Office Freedom - Major Cities","","55.022389","-1.577117","https://media.rightmove.co.uk:443/dir/crop/10:9-16:9/246k/245114/166876475/245114_114819-1_IMG_00_0000_max_476x317.jpeg; https://media.rightmove.co.uk:443/dir/crop/10:9-16:9/246k/245114/166876475/245114_114819-1_IMG_01_0000_max_476x317.jpeg; https://media.rightmove.co.uk:443/dir/crop/10:9-16:9/246k/245114/166876475/245114_114819-1_IMG_02_0000_max_476x317.jpeg; https://media.rightmove.co.uk:443/dir/crop/10:9-16:9/246k/245114/166876475/245114_114819-1_IMG_03_0000_max_476x317.jpeg; https://media.rightmove.co.uk:443/dir/crop/10:9-16:9/246k/245114/166876475/245114_114819-1_IMG_04_0000_max_476x317.jpeg; https://media.rightmove.co.uk:443/dir/crop/10:9-16:9/246k/245114/166876475/245114_114819-1_IMG_05_0000_max_476x317.jpeg; https://media.rightmove.co.uk:443/dir/crop/10:9-16:9/246k/245114/166876475/245114_114819-1_IMG_06_0000_max_476x317.jpeg; https://media.rightmove.co.uk:443/dir/crop/10:9-16:9/246k/245114/166876475/245114_114819-1_IMG_07_0000_max_476x317.jpeg; https://media.rightmove.co.uk:443/dir/crop/10:9-16:9/246k/245114/166876475/245114_114819-1_IMG_08_0000_max_476x317.jpeg; https://media.rightmove.co.uk:443/dir/crop/10:9-16:9/246k/245114/166876475/245114_114819-1_IMG_09_0000_max_476x317.jpeg"
"698586973615088","Newcastle","Office","Office/Studio Space Available To Let at HyHubs, Walker Road, Newcastle Upon Tyne, NE6 2HL","£13,030 pcm","","","","Flexible workspace at available at HyHubs","https://www.rightmove.co.uk/properties/698586973615088#/?channel=COM_LET","2025-10-23T11:32:11Z","","size_change","Marketed by Sanderson Weatherall, Newcastle","","54.96723","-1.567869","https://media.rightmove.co.uk:443/dir/crop/10:9-16:9/262k/261938/698586973615088/261938_80104-2_IMG_00_0000_max_476x317.jpeg; https://media.rightmove.co.uk:443/dir/crop/10:9-16:9/262k/261938/698586973615088/261938_80104-2_IMG_01_0000_max_476x317.jpeg; https://media.rightmove.co.uk:443/dir/crop/10:9-16:9/262k/261938/698586973615088/261938_80104-2_IMG_02_0000_max_476x317.png; https://media.rightmove.co.uk:443/dir/crop/10:9-16:9/262k/261938/698586973615088/261938_80104-2_IMG_03_0000_max_476x317.png; https://media.rightmove.co.uk:443/dir/crop/10:9-16:9/262k/261938/698586973615088/261938_80104-2_IMG_04_0000_max_476x317.png; https://media.rightmove.co.uk:443/dir/crop/10:9-16:9/262k/261938/698586973615088/261938_80104-2_IMG_05_0000_max_476x317.png; https://media.rightmove.co.uk:443/dir/crop/10:9-16:9/262k/261938/698586973615088/261938_80104-2_IMG_06_0000_max_476x317.png; https://media.rightmove.co.uk:443/dir/crop/10:9-16:9/262k/261938/698586973615088/261938_80104-2_IMG_07_0000_max_476x317.png"
"169710236","Newcastle","Restaurant","7-9 Bigg Market, Newcastle Upon Tyne, NE1","£5,833 pcm","","","","The premises is arranged over ground floor and basement. The well-appointed entrance faces on to the Bigg Market square, providing high visibility frontage with strong branding potential. Internally, the property offers an open-plan trading space which has been stripped back to a neutr...","https://www.rightmove.co.uk/properties/169710236#/?channel=COM_LET","2025-11-25T17:40:00Z","","new","Marketed by Bradley Hall, Newcastle Upon Tyne","","54.971149","-1.614501","https://media.rightmove.co.uk:443/dir/crop/10:9-16:9/property-photo/36105052e/169710236/36105052e62e1978a00523ea6829ad20_max_476x317.jpeg; https://media.rightmove.co.uk:443/dir/crop/10:9-16:9/property-photo/92cbf8e88/169710236/92cbf8e88b0aff00bf1605d16d79819a_max_476x317.jpeg; https://media.rightmove.co.uk:443/dir/crop/10:9-16:9/property-photo/a11fd8d8e/169710236/a11fd8d8e6c589f319ef77a1e82a2be3_max_476x317.jpeg; https://media.rightmove.co.uk:443/dir/crop/10:9-16:9/property-photo/2d58cd5df/169710236/2d58cd5df610087264d0e8594cedfaba_max_476x317.jpeg; https://media.rightmove.co.uk:443/dir/crop/10:9-16:9/property-photo/e1a485c88/169710236/e1a485c88c5e0da1ec59659929de92d2_max_476x317.jpeg; https://media.rightmove.co.uk:443/dir/crop/10:9-16:9/property-photo/08273e084/169710236/08273e0845be01cc7694bca030958e79_max_476x317.jpeg; https://media.rightmove.co.uk:443/dir/crop/10:9-16:9/property-photo/d3614b9c0/169710236/d3614b9c0fa39135bedf004a592c298d_max_476x317.jpeg; https://media.rightmove.co.uk:443/dir/crop/10:9-16:9/property-photo/00a58c01e/169710236/00a58c01e7ffebc7e4f473a01fd619b7_max_476x317.jpeg"
"721448868591616","Newcastle","Office","City Centre Office/Retail To Let at Akenside Hill, 14 Akenside Hill, Newcastle upon Tyne, NE1 3XP","£829 pcm","","","","City Centre Office/Retail Unit To Let","https://www.rightmove.co.uk/properties/721448868591616#/?channel=COM_LET","2025-11-25T15:21:02Z","","new","Marketed by Sanderson Weatherall, Newcastle","","54.969416","-1.606786","https://media.rightmove.co.uk:443/dir/crop/10:9-16:9/property-photo/4eeaaf6e7/721448868591616/4eeaaf6e751a2f82f0d69d95138b2358_max_476x317.png; https://media.rightmove.co.uk:443/dir/crop/10:9-16:9/property-photo/bb9f6d90a/721448868591616/bb9f6d90a9bd4c5a6c69e3b6fb66ba32_max_476x317.jpeg; https://media.rightmove.co.uk:443/dir/crop/10:9-16:9/property-photo/4e4eaa1ae/721448868591616/4e4eaa1aee25de83266903e3b1c4c68a_max_476x317.jpeg; https://media.rightmove.co.uk:443/dir/crop/10:9-16:9/property-photo/7b4ec337e/721448868591616/7b4ec337ec2025c58a3ab8efa245c3ba_max_476x317.jpeg; https://media.rightmove.co.uk:443/dir/crop/10:9-16:9/property-photo/f6e81fbfa/721448868591616/f6e81fbfa041830fca2feb25c059a38b_max_476x317.jpeg"
"156875105","Newcastle","Office","402 Hive Tree, Newcastle Upon Tyne, NE1","£1,950 pcm","","","","HiveTree Newcastle is a community-focussed work space offering modern, professional office facilities in the heart of the city centre. HiveTree Newcastle is the ideal space to elevate your business providing an impressive, quality office accommodation surrounded by popular restaurants, hotels and...","https://www.rightmove.co.uk/properties/156875105#/?channel=COM_LET","2025-01-14T17:16:25Z","","size_change","Marketed by Bradley Hall, Newcastle Upon Tyne","","54.971149","-1.614501","https://media.rightmove.co.uk:443/dir/crop/10:9-16:9/283k/282893/156875105/282893_NUT240225_L_IMG_05_0000_max_476x317.jpeg; https://media.rightmove.co.uk:443/dir/crop/10:9-16:9/283k/282893/156875105/282893_NUT240225_L_IMG_03_0000_max_476x317.jpeg; https://media.rightmove.co.uk:443/dir/crop/10:9-16:9/283k/282893/156875105/282893_NUT240225_L_IMG_00_0000_max_476x317.jpeg; https://media.rightmove.co.uk:443/dir/crop/10:9-16:9/283k/282893/156875105/282893_NUT240225_L_IMG_01_0000_max_476x317.jpeg; https://media.rightmove.co.uk:443/dir/crop/10:9-16:9/283k/282893/156875105/282893_NUT240225_L_IMG_02_0000_max_476x317.jpeg; https://media.rightmove.co.uk:443/dir/crop/10:9-16:9/283k/282893/156875105/282893_NUT240225_L_IMG_04_0000_max_476x317.jpeg"
"169589987","Newcastle","Office","Lansdowne Terrace, Gosforth, Newcastle Upon Tyne, NE3","£388 pcm","","","","The office accommodation is within a three storey, mid terrace property. Internally, the property benefits from a dedicated entrance which has front and rear access. The available accommodation is on the ground floor, finished to a good standard, all occupants benefit from having access to a book...","https://www.rightmove.co.uk/properties/169589987#/?channel=COM_LET","2025-11-21T17:30:42Z","","size_change","Marketed by Bradley Hall, Newcastle Upon Tyne","","55.008503","-1.620603","https://media.rightmove.co.uk:443/dir/crop/10:9-16:9/283k/282893/169589987/282893_CMR250206_L_IMG_00_0000_max_476x317.jpeg; https://media.rightmove.co.uk:443/dir/crop/10:9-16:9/283k/282893/169589987/282893_CMR250206_L_IMG_01_0000_max_476x317.jpeg; https://media.rightmove.co.uk:443/dir/crop/10:9-16:9/283k/282893/169589987/282893_CMR250206_L_IMG_02_0000_max_476x317.jpeg; https://media.rightmove.co.uk:443/dir/crop/10:9-16:9/283k/282893/169589987/282893_CMR250206_L_IMG_03_0000_max_476x317.jpeg; https://media.rightmove.co.uk:443/dir/crop/10:9-16:9/283k/282893/169589987/282893_CMR250206_L_IMG_04_0000_max_476x317.jpeg; https://media.rightmove.co.uk:443/dir/crop/10:9-16:9/283k/282893/169589987/282893_CMR250206_L_IMG_05_0000_max_476x317.jpeg"
"163072985","Newcastle","Office","Lansdowne Terrace, Gosforth, Newcastle Upon Tyne, NE3","£500 pcm","","","","The office accommodation is within a three storey, mid terrace property. Internally, the property benefits from a dedicated entrance which has front and rear access. The available accommodation is on the second floor, finished to a good standard, all occupants benefit from having access to a book...","https://www.rightmove.co.uk/properties/163072985#/?channel=COM_LET","2025-06-09T20:08:06Z","","size_change","Marketed by Bradley Hall, Newcastle Upon Tyne","","55.008503","-1.620603","https://media.rightmove.co.uk:443/dir/crop/10:9-16:9/283k/282893/163072985/282893_CMR250073_L_IMG_00_0000_max_476x317.jpeg; https://media.rightmove.co.uk:443/dir/crop/10:9-16:9/283k/282893/163072985/282893_CMR250073_L_IMG_01_0000_max_476x317.jpeg; https://media.rightmove.co.uk:443/dir/crop/10:9-16:9/283k/282893/163072985/282893_CMR250073_L_IMG_02_0000_max_476x317.jpeg; https://media.rightmove.co.uk:443/dir/crop/10:9-16:9/283k/282893/163072985/282893_CMR250073_L_IMG_03_0000_max_476x317.jpeg; https://media.rightmove.co.uk:443/dir/crop/10:9-16:9/283k/282893/163072985/282893_CMR250073_L_IMG_04_0000_max_476x317.jpeg; https://media.rightmove.co.uk:443/dir/crop/10:9-16:9/283k/282893/163072985/282893_CMR250073_L_IMG_05_0000_max_476x317.jpeg"
"169561892","Newcastle","Retail Property (high street)","264 Chillingham Road, Heaton, NE6","£2,500 pcm","","","","Location This well-positioned ground-floor retail unit occupies a highly visible corner location on a busy local parade, benefiting from strong footfall and excellent frontage onto two streets. The property features large full-height display windows, providing outstanding branding and merch...","https://www.rightmove.co.uk/properties/169561892#/?channel=COM_LET","2025-11-21T10:07:59Z","","new","Marketed by Bradley Hall, Newcastle Upon Tyne","","54.989361","-1.577868","https://media.rightmove.co.uk:443/dir/crop/10:9-16:9/283k/282893/169561892/282893_CMR250202_L_IMG_00_0000_max_476x317.jpeg; https://media.rightmove.co.uk:443/dir/crop/10:9-16:9/283k/282893/169561892/282893_CMR250202_L_IMG_01_0000_max_476x317.jpeg; https://media.rightmove.co.uk:443/dir/crop/10:9-16:9/283k/282893/169561892/282893_CMR250202_L_IMG_02_0000_max_476x317.jpeg; https://media.rightmove.co.uk:443/dir/crop/10:9-16:9/283k/282893/169561892/282893_CMR250202_L_IMG_03_0000_max_476x317.jpeg; https://media.rightmove.co.uk:443/dir/crop/10:9-16:9/283k/282893/169561892/282893_CMR250202_L_IMG_04_0000_max_476x317.jpeg"
"148465973","Newcastle","Office","Central Square, Forth Street, Newcastle Upon Tyne, NE1 3PJ","£3,382 pcm","","","","Office To Let, Newcastle Upon Tyne","https://www.rightmove.co.uk/properties/148465973#/?channel=COM_LET","2024-05-28T14:28:14Z","","size_change","Marketed by Avison Young (UK) Limited, Offices","","54.967883","-1.614727","https://media.rightmove.co.uk:443/dir/crop/10:9-16:9/57k/56478/148465973/56478_109865-2_IMG_05_0001_max_476x317.jpeg; https://media.rightmove.co.uk:443/dir/crop/10:9-16:9/57k/56478/148465973/56478_109865-2_IMG_07_0000_max_476x317.jpeg; https://media.rightmove.co.uk:443/dir/crop/10:9-16:9/57k/56478/148465973/56478_109865-2_IMG_04_0001_max_476x317.jpeg; https://media.rightmove.co.uk:443/dir/crop/10:9-16:9/57k/56478/148465973/56478_109865-2_IMG_06_0000_max_476x317.jpeg; https://media.rightmove.co.uk:443/dir/crop/10:9-16:9/57k/56478/148465973/56478_109865-2_IMG_08_0000_max_476x317.jpeg; https://media.rightmove.co.uk:443/dir/crop/10:9-16:9/57k/56478/148465973/56478_109865-2_IMG_10_0000_max_476x317.jpeg; https://media.rightmove.co.uk:443/dir/crop/10:9-16:9/57k/56478/148465973/56478_109865-2_IMG_11_0000_max_476x317.jpeg; https://media.rightmove.co.uk:443/dir/crop/10:9-16:9/57k/56478/148465973/56478_109865-2_IMG_12_0000_max_476x317.jpeg; https://media.rightmove.co.uk:443/dir/crop/10:9-16:9/57k/56478/148465973/56478_109865-2_IMG_13_0000_max_476x317.jpeg; https://media.rightmove.co.uk:443/dir/crop/10:9-16:9/57k/56478/148465973/56478_109865-2_IMG_09_0000_max_476x317.jpeg; https://media.rightmove.co.uk:443/dir/crop/10:9-16:9/57k/56478/148465973/56478_109865-2_IMG_14_0000_max_476x317.jpeg"
"720507782237488","Newcastle","Retail Property (high street)","8 & 8A Westgate Road, Newcastle Upon Tyne, NE1 1SA","£2,710 pcm","","","","A 2,830 sq ft unit suitable for flexible use located in Newcastle Upon Tyne. ","https://www.rightmove.co.uk/properties/720507782237488#/?channel=COM_LET","2025-11-20T10:42:02Z","","size_change","Marketed by The Arch Company, London","","54.968979","-1.611913","https://media.rightmove.co.uk:443/dir/crop/10:9-16:9/273k/272765/720507782237488/272765_NCL09511_IMG_00_0000_max_476x317.png; https://media.rightmove.co.uk:443/dir/crop/10:9-16:9/273k/272765/720507782237488/272765_NCL09511_IMG_01_0000_max_476x317.png"
"157870226","Newcastle","Retail Property (Shopping Centre)","Kiosk A, Northumberland Street, Newcastle Upon Tyne, NE1","£1,667 pcm","","","","PRIVATE AND CONFIDENTIAL - Monument Mall is located at the junction of Northumberland Street and Blackett Street providing the 100% prime retailing pitch in Newcastle City Centre. Adjacent retailers include Fenwick department store and Waterstones.","https://www.rightmove.co.uk/properties/157870226#/?channel=COM_LET","2025-02-06T11:33:35Z","","new","Marketed by BARKER PROUDLOVE LIMITED, Leeds","","54.97441","-1.61222","https://media.rightmove.co.uk:443/dir/crop/10:9-16:9/229k/228959/157870226/228959_Kiosk_A_IMG_00_0000_max_476x317.jpeg; https://media.rightmove.co.uk:443/dir/crop/10:9-16:9/229k/228959/157870226/228959_Kiosk_A_IMG_01_0000_max_476x317.jpeg; https://media.rightmove.co.uk:443/dir/crop/10:9-16:9/229k/228959/157870226/228959_Kiosk_A_IMG_02_0000_max_476x317.jpeg; https://media.rightmove.co.uk:443/dir/crop/10:9-16:9/229k/228959/157870226/228959_Kiosk_A_IMG_03_0000_max_476x317.png"
"720502965131121","Newcastle","Leisure Facility","11 Forth Street, Newcastle Upon Tyne, NE1 3NZ","£1,290 pcm","","","","A 680 sq ft leisure unit located in Newcastle Upon Tyne.","https://www.rightmove.co.uk/properties/720502965131121#/?channel=COM_LET","2025-11-20T10:04:03Z","","new","Marketed by The Arch Company, London","","54.968345","-1.614078","https://media.rightmove.co.uk:443/dir/crop/10:9-16:9/273k/272765/720502965131121/272765_NCL09103_IMG_00_0000_max_476x317.png; https://media.rightmove.co.uk:443/dir/crop/10:9-16:9/273k/272765/720502965131121/272765_NCL09103_IMG_01_0000_max_476x317.png"
"720370947295584","Newcastle","Office","2 Westgate Road, Newcastle Upon Tyne, NE1 1SA","£2,300 pcm","","","","A 1,840 sq ft unit located in Newcastle Upon Tyne. ","https://www.rightmove.co.uk/properties/720370947295584#/?channel=COM_LET","2025-11-19T16:34:03Z","","new","Marketed by The Arch Company, London","","54.968885","-1.61131","https://media.rightmove.co.uk:443/dir/crop/10:9-16:9/273k/272765/720370947295584/272765_NCL09501_IMG_00_0000_max_476x317.png; https://media.rightmove.co.uk:443/dir/crop/10:9-16:9/273k/272765/720370947295584/272765_NCL09501_IMG_01_0000_max_476x317.png; https://media.rightmove.co.uk:443/dir/crop/10:9-16:9/273k/272765/720370947295584/272765_NCL09501_IMG_02_0000_max_476x317.png"
"722864603408673","Newcastle","Office","ISS Airview, 1 Airview Park, Newcastle upon Tyne, NE13 8BR","£21,704 pcm","","","","Refined workspace solutions at ISS Airview, with suites ranging from 671 sq ft to 2,668 sq ft. Flexible terms and desk rates also available.","https://www.rightmove.co.uk/properties/722864603408673#/?channel=COM_LET","2025-12-03T10:58:11Z","","new","Marketed by Parker Knights, Newcastle","","55.02891","-1.699996","https://media.rightmove.co.uk:443/dir/crop/10:9-16:9/253k/252818/722864603408673/252818_337534-2_IMG_00_0000_max_476x317.jpeg; https://media.rightmove.co.uk:443/dir/crop/10:9-16:9/253k/252818/722864603408673/252818_337534-2_IMG_01_0000_max_476x317.jpeg; https://media.rightmove.co.uk:443/dir/crop/10:9-16:9/253k/252818/722864603408673/252818_337534-2_IMG_02_0000_max_476x317.jpeg; https://media.rightmove.co.uk:443/dir/crop/10:9-16:9/253k/252818/722864603408673/252818_337534-2_IMG_03_0000_max_476x317.jpeg; https://media.rightmove.co.uk:443/dir/crop/10:9-16:9/253k/252818/722864603408673/252818_337534-2_IMG_04_0000_max_476x317.jpeg; https://media.rightmove.co.uk:443/dir/crop/10:9-16:9/253k/252818/722864603408673/252818_337534-2_IMG_05_0000_max_476x317.jpeg; https://media.rightmove.co.uk:443/dir/crop/10:9-16:9/253k/252818/722864603408673/252818_337534-2_IMG_06_0000_max_476x317.jpeg; https://media.rightmove.co.uk:443/dir/crop/10:9-16:9/253k/252818/722864603408673/252818_337534-2_IMG_07_0000_max_476x317.jpeg; https://media.rightmove.co.uk:443/dir/crop/10:9-16:9/253k/252818/722864603408673/252818_337534-2_IMG_08_0000_max_476x317.jpeg; https://media.rightmove.co.uk:443/dir/crop/10:9-16:9/253k/252818/722864603408673/252818_337534-2_IMG_09_0000_max_476x317.jpeg; https://media.rightmove.co.uk:443/dir/crop/10:9-16:9/253k/252818/722864603408673/252818_337534-2_IMG_10_0000_max_476x317.jpeg; https://media.rightmove.co.uk:443/dir/crop/10:9-16:9/253k/252818/722864603408673/252818_337534-2_IMG_11_0000_max_476x317.jpeg; https://media.rightmove.co.uk:443/dir/crop/10:9-16:9/253k/252818/722864603408673/252818_337534-2_IMG_12_0000_max_476x317.jpeg; https://media.rightmove.co.uk:443/dir/crop/10:9-16:9/253k/252818/722864603408673/252818_337534-2_IMG_13_0000_max_476x317.jpeg; https://media.rightmove.co.uk:443/dir/crop/10:9-16:9/253k/252818/722864603408673/252818_337534-2_IMG_14_0000_max_476x317.jpeg; https://media.rightmove.co.uk:443/dir/crop/10:9-16:9/253k/252818/722864603408673/252818_337534-2_IMG_15_0000_max_476x317.jpeg; https://media.rightmove.co.uk:443/dir/crop/10:9-16:9/253k/252818/722864603408673/252818_337534-2_IMG_16_0000_max_476x317.jpeg; https://media.rightmove.co.uk:443/dir/crop/10:9-16:9/253k/252818/722864603408673/252818_337534-2_IMG_17_0000_max_476x317.jpeg; https://media.rightmove.co.uk:443/dir/crop/10:9-16:9/253k/252818/722864603408673/252818_337534-2_IMG_18_0000_max_476x317.jpeg; https://media.rightmove.co.uk:443/dir/crop/10:9-16:9/253k/252818/722864603408673/252818_337534-2_IMG_19_0000_max_476x317.jpeg"
"169459073","Newcastle","Office","Generator Studios, Trafalgar Street, Newcastle Upon Tyne, NE1","£3,125 pcm","","","","Generator Studios is a striking, design-led office building that has become a hub for Newcastle’s creative and digital community. The multi-let workspace combines industrial character with modern comfort, offering an inspiring environment for forward-thinking businesses. Accessed...","https://www.rightmove.co.uk/properties/169459073#/?channel=COM_LET","2025-11-18T16:51:59Z","","size_change","Marketed by Bradley Hall, Newcastle Upon Tyne","","54.972254","-1.605341","https://media.rightmove.co.uk:443/dir/crop/10:9-16:9/283k/282893/169459073/282893_CMR250201_L_IMG_00_0000_max_476x317.jpeg; https://media.rightmove.co.uk:443/dir/crop/10:9-16:9/283k/282893/169459073/282893_CMR250201_L_IMG_01_0000_max_476x317.jpeg; https://media.rightmove.co.uk:443/dir/crop/10:9-16:9/283k/282893/169459073/282893_CMR250201_L_IMG_02_0000_max_476x317.jpeg; https://media.rightmove.co.uk:443/dir/crop/10:9-16:9/283k/282893/169459073/282893_CMR250201_L_IMG_03_0000_max_476x317.jpeg; https://media.rightmove.co.uk:443/dir/crop/10:9-16:9/283k/282893/169459073/282893_CMR250201_L_IMG_04_0000_max_476x317.jpeg; https://media.rightmove.co.uk:443/dir/crop/10:9-16:9/283k/282893/169459073/282893_CMR250201_L_IMG_05_0000_max_476x317.jpeg; https://media.rightmove.co.uk:443/dir/crop/10:9-16:9/283k/282893/169459073/282893_CMR250201_L_IMG_06_0000_max_476x317.jpeg; https://media.rightmove.co.uk:443/dir/crop/10:9-16:9/283k/282893/169459073/282893_CMR250201_L_IMG_07_0000_max_476x317.jpeg; https://media.rightmove.co.uk:443/dir/crop/10:9-16:9/283k/282893/169459073/282893_CMR250201_L_IMG_08_0000_max_476x317.jpeg; https://media.rightmove.co.uk:443/dir/crop/10:9-16:9/283k/282893/169459073/282893_CMR250201_L_IMG_09_0000_max_476x317.jpeg; https://media.rightmove.co.uk:443/dir/crop/10:9-16:9/283k/282893/169459073/282893_CMR250201_L_IMG_10_0000_max_476x317.jpeg; https://media.rightmove.co.uk:443/dir/crop/10:9-16:9/283k/282893/169459073/282893_CMR250201_L_IMG_11_0000_max_476x317.jpeg; https://media.rightmove.co.uk:443/dir/crop/10:9-16:9/283k/282893/169459073/282893_CMR250201_L_IMG_12_0000_max_476x317.jpeg; https://media.rightmove.co.uk:443/dir/crop/10:9-16:9/283k/282893/169459073/282893_CMR250201_L_IMG_13_0000_max_476x317.jpeg; https://media.rightmove.co.uk:443/dir/crop/10:9-16:9/283k/282893/169459073/282893_CMR250201_L_IMG_14_0000_max_476x317.jpeg; https://media.rightmove.co.uk:443/dir/crop/10:9-16:9/283k/282893/169459073/282893_CMR250201_L_IMG_15_0000_max_476x317.jpeg; https://media.rightmove.co.uk:443/dir/crop/10:9-16:9/283k/282893/169459073/282893_CMR250201_L_IMG_16_0000_max_476x317.jpeg"
"148466606","Newcastle","Office","Park View House, Front Street, Longbenton, Newcastle Upon Tyne, NE7 7TZ","£1,248 pcm","From","","","Office To Let, Newcastle Upon Tyne","https://www.rightmove.co.uk/properties/148466606#/?channel=COM_LET","2024-05-28T14:33:52Z","","size_change","Marketed by Avison Young (UK) Limited, Offices","","55.009892","-1.577404","https://media.rightmove.co.uk:443/dir/crop/10:9-16:9/property-photo/a0140597b/148466606/a0140597baa802730c78c48ecfbc1f9a_max_476x317.jpeg; https://media.rightmove.co.uk:443/dir/crop/10:9-16:9/property-photo/e216f4811/148466606/e216f4811f879980ec3699877df89256_max_476x317.jpeg; https://media.rightmove.co.uk:443/dir/crop/10:9-16:9/property-photo/20ecb5e31/148466606/20ecb5e31eaa6169cb9921d2de8282a3_max_476x317.jpeg; https://media.rightmove.co.uk:443/dir/crop/10:9-16:9/property-photo/7acb96ef1/148466606/7acb96ef10f9a2a0cb04442bd2933861_max_476x317.jpeg; https://media.rightmove.co.uk:443/dir/crop/10:9-16:9/property-photo/8b68bdbb0/148466606/8b68bdbb0608b8366f39e974e7292cd5_max_476x317.jpeg; https://media.rightmove.co.uk:443/dir/crop/10:9-16:9/property-photo/f03818fa6/148466606/f03818fa6dc04fcd4286672ba5a6a4a7_max_476x317.jpeg; https://media.rightmove.co.uk:443/dir/crop/10:9-16:9/property-photo/20ecb5e31/148466606/20ecb5e31eaa6169cb9921d2de8282a3_max_476x317.jpeg; https://media.rightmove.co.uk:443/dir/crop/10:9-16:9/property-photo/7acb96ef1/148466606/7acb96ef10f9a2a0cb04442bd2933861_max_476x317.jpeg; https://media.rightmove.co.uk:443/dir/crop/10:9-16:9/property-photo/8b68bdbb0/148466606/8b68bdbb0608b8366f39e974e7292cd5_max_476x317.jpeg; https://media.rightmove.co.uk:443/dir/crop/10:9-16:9/property-photo/3aac02459/148466606/3aac02459b9c3c3f95e80a37cde8aa37_max_476x317.jpeg; https://media.rightmove.co.uk:443/dir/crop/10:9-16:9/property-photo/ebabdc000/148466606/ebabdc0004716744e8a24984a6c84fea_max_476x317.jpeg; https://media.rightmove.co.uk:443/dir/crop/10:9-16:9/property-photo/c6459fc34/148466606/c6459fc340cbb19e7f04718f5e4d3963_max_476x317.jpeg"
"722864263695793","Newcastle","Office","Gainsborough House, 34-40 Grey Street, Newcastle upon Tyne, NE1 6AE","£11,951 pcm","","","","1st class office space on Grey Suite. Two suites available extending to 2,379 and 2,562 sq ft.","https://www.rightmove.co.uk/properties/722864263695793#/?channel=COM_LET","2025-12-03T10:52:07Z","","size_change","Marketed by Parker Knights, Newcastle","","54.97139","-1.610831","https://media.rightmove.co.uk:443/dir/crop/10:9-16:9/253k/252818/722864263695793/252818_272968-2_IMG_00_0000_max_476x317.jpeg; https://media.rightmove.co.uk:443/dir/crop/10:9-16:9/253k/252818/722864263695793/252818_272968-2_IMG_01_0000_max_476x317.jpeg; https://media.rightmove.co.uk:443/dir/crop/10:9-16:9/253k/252818/722864263695793/252818_272968-2_IMG_02_0000_max_476x317.jpeg; https://media.rightmove.co.uk:443/dir/crop/10:9-16:9/253k/252818/722864263695793/252818_272968-2_IMG_03_0000_max_476x317.jpeg; https://media.rightmove.co.uk:443/dir/crop/10:9-16:9/253k/252818/722864263695793/252818_272968-2_IMG_04_0000_max_476x317.jpeg; https://media.rightmove.co.uk:443/dir/crop/10:9-16:9/253k/252818/722864263695793/252818_272968-2_IMG_05_0000_max_476x317.jpeg; https://media.rightmove.co.uk:443/dir/crop/10:9-16:9/253k/252818/722864263695793/252818_272968-2_IMG_06_0000_max_476x317.jpeg; https://media.rightmove.co.uk:443/dir/crop/10:9-16:9/253k/252818/722864263695793/252818_272968-2_IMG_07_0000_max_476x317.jpeg; https://media.rightmove.co.uk:443/dir/crop/10:9-16:9/253k/252818/722864263695793/252818_272968-2_IMG_08_0000_max_476x317.jpeg; https://media.rightmove.co.uk:443/dir/crop/10:9-16:9/253k/252818/722864263695793/252818_272968-2_IMG_09_0000_max_476x317.jpeg; https://media.rightmove.co.uk:443/dir/crop/10:9-16:9/253k/252818/722864263695793/252818_272968-2_IMG_10_0000_max_476x317.jpeg; https://media.rightmove.co.uk:443/dir/crop/10:9-16:9/253k/252818/722864263695793/252818_272968-2_IMG_11_0000_max_476x317.jpeg; https://media.rightmove.co.uk:443/dir/crop/10:9-16:9/253k/252818/722864263695793/252818_272968-2_IMG_12_0000_max_476x317.jpeg; https://media.rightmove.co.uk:443/dir/crop/10:9-16:9/253k/252818/722864263695793/252818_272968-2_IMG_13_0000_max_476x317.jpeg; https://media.rightmove.co.uk:443/dir/crop/10:9-16:9/253k/252818/722864263695793/252818_272968-2_IMG_14_0000_max_476x317.jpeg; https://media.rightmove.co.uk:443/dir/crop/10:9-16:9/253k/252818/722864263695793/252818_272968-2_IMG_15_0000_max_476x317.jpeg; https://media.rightmove.co.uk:443/dir/crop/10:9-16:9/253k/252818/722864263695793/252818_272968-2_IMG_16_0000_max_476x317.jpeg; https://media.rightmove.co.uk:443/dir/crop/10:9-16:9/253k/252818/722864263695793/252818_272968-2_IMG_17_0000_max_476x317.jpeg; https://media.rightmove.co.uk:443/dir/crop/10:9-16:9/253k/252818/722864263695793/252818_272968-2_IMG_18_0000_max_476x317.jpeg; https://media.rightmove.co.uk:443/dir/crop/10:9-16:9/253k/252818/722864263695793/252818_272968-2_IMG_19_0000_max_476x317.jpeg; https://media.rightmove.co.uk:443/dir/crop/10:9-16:9/253k/252818/722864263695793/252818_272968-2_IMG_20_0000_max_476x317.jpeg; https://media.rightmove.co.uk:443/dir/crop/10:9-16:9/253k/252818/722864263695793/252818_272968-2_IMG_21_0000_max_476x317.jpeg; https://media.rightmove.co.uk:443/dir/crop/10:9-16:9/253k/252818/722864263695793/252818_272968-2_IMG_22_0000_max_476x317.jpeg; https://media.rightmove.co.uk:443/dir/crop/10:9-16:9/253k/252818/722864263695793/252818_272968-2_IMG_23_0000_max_476x317.jpeg; https://media.rightmove.co.uk:443/dir/crop/10:9-16:9/253k/252818/722864263695793/252818_272968-2_IMG_24_0000_max_476x317.jpeg; https://media.rightmove.co.uk:443/dir/crop/10:9-16:9/253k/252818/722864263695793/252818_272968-2_IMG_25_0000_max_476x317.jpeg; https://media.rightmove.co.uk:443/dir/crop/10:9-16:9/253k/252818/722864263695793/252818_272968-2_IMG_26_0000_max_476x317.jpeg; https://media.rightmove.co.uk:443/dir/crop/10:9-16:9/253k/252818/722864263695793/252818_272968-2_IMG_27_0000_max_476x317.jpeg; https://media.rightmove.co.uk:443/dir/crop/10:9-16:9/253k/252818/722864263695793/252818_272968-2_IMG_28_0000_max_476x317.jpeg; https://media.rightmove.co.uk:443/dir/crop/10:9-16:9/253k/252818/722864263695793/252818_272968-2_IMG_29_0000_max_476x317.jpeg; https://media.rightmove.co.uk:443/dir/crop/10:9-16:9/253k/252818/722864263695793/252818_272968-2_IMG_30_0000_max_476x317.jpeg; https://media.rightmove.co.uk:443/dir/crop/10:9-16:9/253k/252818/722864263695793/252818_272968-2_IMG_31_0000_max_476x317.jpeg; https://media.rightmove.co.uk:443/dir/crop/10:9-16:9/253k/252818/722864263695793/252818_272968-2_IMG_32_0000_max_476x317.jpeg; https://media.rightmove.co.uk:443/dir/crop/10:9-16:9/253k/252818/722864263695793/252818_272968-2_IMG_33_0000_max_476x317.jpeg; https://media.rightmove.co.uk:443/dir/crop/10:9-16:9/253k/252818/722864263695793/252818_272968-2_IMG_34_0000_max_476x317.jpeg; https://media.rightmove.co.uk:443/dir/crop/10:9-16:9/253k/252818/722864263695793/252818_272968-2_IMG_35_0000_max_476x317.jpeg; https://media.rightmove.co.uk:443/dir/crop/10:9-16:9/253k/252818/722864263695793/252818_272968-2_IMG_36_0000_max_476x317.jpeg; https://media.rightmove.co.uk:443/dir/crop/10:9-16:9/253k/252818/722864263695793/252818_272968-2_IMG_37_0000_max_476x317.jpeg"
"720005421887025","Newcastle","Retail Property (high street)","2 Raby Cross, Newcastle upon Tyne, NE6 2AL","£663 pcm","","","","Retail Unit To Let","https://www.rightmove.co.uk/properties/720005421887025#/?channel=COM_LET","2025-11-17T16:09:03Z","","new","Marketed by Sanderson Weatherall, Newcastle","","54.971692","-1.57788","https://media.rightmove.co.uk:443/dir/crop/10:9-16:9/262k/261938/720005421887025/261938_337869-2_IMG_00_0000_max_476x317.jpeg; https://media.rightmove.co.uk:443/dir/crop/10:9-16:9/262k/261938/720005421887025/261938_337869-2_IMG_01_0000_max_476x317.jpeg; https://media.rightmove.co.uk:443/dir/crop/10:9-16:9/262k/261938/720005421887025/261938_337869-2_IMG_02_0000_max_476x317.jpeg; https://media.rightmove.co.uk:443/dir/crop/10:9-16:9/262k/261938/720005421887025/261938_337869-2_IMG_03_0000_max_476x317.jpeg; https://media.rightmove.co.uk:443/dir/crop/10:9-16:9/262k/261938/720005421887025/261938_337869-2_IMG_04_0000_max_476x317.jpeg"
"719979410919328","Newcastle","Cafe","Ground Floor 1 Old Eldon Square, Newcastle upon Tyne, NE1 7JG","POA","","","","Fully Fitted City Centre Cafe Available By Way of Assignment","https://www.rightmove.co.uk/properties/719979410919328#/?channel=COM_LET","2025-11-17T12:43:02Z","","new","Marketed by Sanderson Weatherall, Newcastle","","54.974554","-1.614438","https://media.rightmove.co.uk:443/dir/crop/10:9-16:9/262k/261938/719979410919328/261938_337824-2_IMG_00_0000_max_476x317.jpeg; https://media.rightmove.co.uk:443/dir/crop/10:9-16:9/262k/261938/719979410919328/261938_337824-2_IMG_01_0000_max_476x317.jpeg; https://media.rightmove.co.uk:443/dir/crop/10:9-16:9/262k/261938/719979410919328/261938_337824-2_IMG_02_0000_max_476x317.jpeg; https://media.rightmove.co.uk:443/dir/crop/10:9-16:9/262k/261938/719979410919328/261938_337824-2_IMG_03_0000_max_476x317.jpeg"
"165800600","Newcastle","Commercial Property","683 West Road, Denton Burn","£800 pcm","","","","Unit to let. Retail unit. Floor area circa 35.56 sq.m. (382.76 sq.ft.). Suitable for a variety of uses (stpp). Ground floor retail unit on a popular shopping parade. Excellent passing trade and footfall. Close links to A1/A69 corridor. Busy crossroads location. New lease terms available. Low/no ...","https://www.rightmove.co.uk/properties/165800600#/?channel=COM_LET","2025-08-15T14:29:06Z","","price_reduced","Marketed by Rook Matthews Sayer, Newcastle Upon Tyne - Commercial Properties","","54.983574","-1.689187","https://media.rightmove.co.uk:443/dir/crop/10:9-16:9/64k/63935/165800600/63935_12698007_IMG_00_0000_max_476x317.jpeg; https://media.rightmove.co.uk:443/dir/crop/10:9-16:9/64k/63935/165800600/63935_12698007_IMG_01_0000_max_476x317.jpeg; https://media.rightmove.co.uk:443/dir/crop/10:9-16:9/64k/63935/165800600/63935_12698007_IMG_02_0000_max_476x317.jpeg; https://media.rightmove.co.uk:443/dir/crop/10:9-16:9/64k/63935/165800600/63935_12698007_IMG_03_0000_max_476x317.jpeg"
"169261400","Newcastle","Office","Dobson House, Regent Farm Road","£3,300 pcm","","","","Welcome to The Grainger Suite, located at Regent Centre. This impressive office space offers a unique opportunity for businesses seeking a modern and spacious environment. With its contemporary facilities, this property is designed to meet the needs of today’s professionals. The office b...","https://www.rightmove.co.uk/properties/169261400#/?channel=COM_LET","2025-11-12T11:07:50Z","","size_change","Marketed by Mays Management, London","","55.011188","-1.623758","https://media.rightmove.co.uk:443/dir/crop/10:9-16:9/230k/229781/169261400/229781_34300910_IMG_00_0000_max_476x317.jpeg; https://media.rightmove.co.uk:443/dir/crop/10:9-16:9/230k/229781/169261400/229781_34300910_IMG_01_0000_max_476x317.jpeg; https://media.rightmove.co.uk:443/dir/crop/10:9-16:9/230k/229781/169261400/229781_34300910_IMG_02_0000_max_476x317.jpeg; https://media.rightmove.co.uk:443/dir/crop/10:9-16:9/230k/229781/169261400/229781_34300910_IMG_03_0000_max_476x317.jpeg; https://media.rightmove.co.uk:443/dir/crop/10:9-16:9/230k/229781/169261400/229781_34300910_IMG_04_0000_max_476x317.jpeg; https://media.rightmove.co.uk:443/dir/crop/10:9-16:9/230k/229781/169261400/229781_34300910_IMG_05_0000_max_476x317.jpeg; https://media.rightmove.co.uk:443/dir/crop/10:9-16:9/230k/229781/169261400/229781_34300910_IMG_06_0000_max_476x317.jpeg; https://media.rightmove.co.uk:443/dir/crop/10:9-16:9/230k/229781/169261400/229781_34300910_IMG_07_0000_max_476x317.jpeg; https://media.rightmove.co.uk:443/dir/crop/10:9-16:9/230k/229781/169261400/229781_34300910_IMG_08_0000_max_476x317.jpeg; https://media.rightmove.co.uk:443/dir/crop/10:9-16:9/230k/229781/169261400/229781_34300910_IMG_09_0000_max_476x317.jpeg; https://media.rightmove.co.uk:443/dir/crop/10:9-16:9/230k/229781/169261400/229781_34300910_IMG_10_0000_max_476x317.jpeg; https://media.rightmove.co.uk:443/dir/crop/10:9-16:9/230k/229781/169261400/229781_34300910_IMG_11_0000_max_476x317.jpeg"
"169261310","Newcastle","Office","Dobson House, Regent Farm Road","£775 pcm","","","","Welcome to The Grainger Suite, located at Regent Centre. This impressive office space offers a unique opportunity for businesses seeking a modern and spacious environment. With its contemporary facilities, this property is designed to meet the needs of today’s professionals. The office b...","https://www.rightmove.co.uk/properties/169261310#/?channel=COM_LET","2025-11-12T11:06:42Z","","new","Marketed by Mays Management, London","","55.011188","-1.623758","https://media.rightmove.co.uk:443/dir/crop/10:9-16:9/230k/229781/169261310/229781_34300904_IMG_00_0000_max_476x317.jpeg; https://media.rightmove.co.uk:443/dir/crop/10:9-16:9/230k/229781/169261310/229781_34300904_IMG_01_0000_max_476x317.jpeg; https://media.rightmove.co.uk:443/dir/crop/10:9-16:9/230k/229781/169261310/229781_34300904_IMG_02_0000_max_476x317.jpeg; https://media.rightmove.co.uk:443/dir/crop/10:9-16:9/230k/229781/169261310/229781_34300904_IMG_03_0000_max_476x317.jpeg; https://media.rightmove.co.uk:443/dir/crop/10:9-16:9/230k/229781/169261310/229781_34300904_IMG_04_0000_max_476x317.jpeg; https://media.rightmove.co.uk:443/dir/crop/10:9-16:9/230k/229781/169261310/229781_34300904_IMG_05_0000_max_476x317.jpeg; https://media.rightmove.co.uk:443/dir/crop/10:9-16:9/230k/229781/169261310/229781_34300904_IMG_06_0000_max_476x317.jpeg; https://media.rightmove.co.uk:443/dir/crop/10:9-16:9/230k/229781/169261310/229781_34300904_IMG_07_0000_max_476x317.jpeg; https://media.rightmove.co.uk:443/dir/crop/10:9-16:9/230k/229781/169261310/229781_34300904_IMG_08_0000_max_476x317.jpeg; https://media.rightmove.co.uk:443/dir/crop/10:9-16:9/230k/229781/169261310/229781_34300904_IMG_09_0000_max_476x317.jpeg; https://media.rightmove.co.uk:443/dir/crop/10:9-16:9/230k/229781/169261310/229781_34300904_IMG_10_0000_max_476x317.jpeg"
"162314939","Newcastle","Office","Dobson House, Regent Farm Road","£750 pcm","","","","Welcome to The Grainger Suite, located at Regent Centre. This impressive office space offers a unique opportunity for businesses seeking a modern and spacious environment. With its contemporary facilities, this property is designed to meet the needs of today’s professionals. The office b...","https://www.rightmove.co.uk/properties/162314939#/?channel=COM_LET","2025-05-22T15:59:29Z","","price_reduced","Marketed by Mays Management, London","","55.011188","-1.623758","https://media.rightmove.co.uk:443/dir/crop/10:9-16:9/230k/229781/162314939/229781_33904654_IMG_00_0000_max_476x317.jpeg; https://media.rightmove.co.uk:443/dir/crop/10:9-16:9/230k/229781/162314939/229781_33904654_IMG_01_0000_max_476x317.jpeg; https://media.rightmove.co.uk:443/dir/crop/10:9-16:9/230k/229781/162314939/229781_33904654_IMG_02_0000_max_476x317.jpeg; https://media.rightmove.co.uk:443/dir/crop/10:9-16:9/230k/229781/162314939/229781_33904654_IMG_03_0000_max_476x317.jpeg; https://media.rightmove.co.uk:443/dir/crop/10:9-16:9/230k/229781/162314939/229781_33904654_IMG_04_0000_max_476x317.jpeg; https://media.rightmove.co.uk:443/dir/crop/10:9-16:9/230k/229781/162314939/229781_33904654_IMG_05_0000_max_476x317.jpeg; https://media.rightmove.co.uk:443/dir/crop/10:9-16:9/230k/229781/162314939/229781_33904654_IMG_06_0000_max_476x317.jpeg; https://media.rightmove.co.uk:443/dir/crop/10:9-16:9/230k/229781/162314939/229781_33904654_IMG_07_0000_max_476x317.jpeg; https://media.rightmove.co.uk:443/dir/crop/10:9-16:9/230k/229781/162314939/229781_33904654_IMG_08_0000_max_476x317.jpeg; https://media.rightmove.co.uk:443/dir/crop/10:9-16:9/230k/229781/162314939/229781_33904654_IMG_09_0000_max_476x317.jpeg; https://media.rightmove.co.uk:443/dir/crop/10:9-16:9/230k/229781/162314939/229781_33904654_IMG_10_0000_max_476x317.jpeg; https://media.rightmove.co.uk:443/dir/crop/10:9-16:9/230k/229781/162314939/229781_33904654_IMG_11_0000_max_476x317.jpeg"
"142978907","Newcastle","Light Industrial","North Tyne Industrial Estate, Whitley Road, Newcastle upon Tyne, NE12 9SZ","£620 pcm","From","","","The industrial unit is accessed through a roller shutter door and has plenty of clearance space to unload articulated lorries. ","https://www.rightmove.co.uk/properties/142978907#/?channel=COM_LET","2023-12-15T14:34:17Z","","size_change","Marketed by Mileway Real Estate UK Limited, Newcastle","","55.0198","-1.5433","https://media.rightmove.co.uk:443/dir/crop/10:9-16:9/107k/106865/142978907/106865_4nKdcFIjqeF5040b7KWoMq_IMG_00_0000_max_476x317.jpeg; https://media.rightmove.co.uk:443/dir/crop/10:9-16:9/107k/106865/142978907/106865_4nKdcFIjqeF5040b7KWoMq_IMG_01_0000_max_476x317.jpeg; https://media.rightmove.co.uk:443/dir/crop/10:9-16:9/107k/106865/142978907/106865_4nKdcFIjqeF5040b7KWoMq_IMG_02_0000_max_476x317.jpeg; https://media.rightmove.co.uk:443/dir/crop/10:9-16:9/107k/106865/142978907/106865_4nKdcFIjqeF5040b7KWoMq_IMG_03_0001_max_476x317.jpeg"
"137246630","Newcastle","Office","Trinity Gardens, Broad Chare, Newcastle Upon Tyne, NE1 2HF","£8,480 pcm","","","","Complete refurbishment of Trinity Gardens on Newcastle Quayside.","https://www.rightmove.co.uk/properties/137246630#/?channel=COM_LET","2023-07-12T14:40:27Z","","size_change","Marketed by BNP Paribas Real Estate Advisory & Property Management UK Limited, Newcastle","","54.9704","-1.60494","https://media.rightmove.co.uk:443/dir/crop/10:9-16:9/property-photo/8804d585d/137246630/8804d585d6238793f46a474cfd3073a6_max_476x317.jpeg; https://media.rightmove.co.uk:443/dir/crop/10:9-16:9/property-photo/96b0b5ac1/137246630/96b0b5ac1fd13c3e4468ba91d2c38a28_max_476x317.jpeg; https://media.rightmove.co.uk:443/dir/crop/10:9-16:9/property-photo/55bb066d7/137246630/55bb066d794e9fca90824eec11b9f3e4_max_476x317.jpeg; https://media.rightmove.co.uk:443/dir/crop/10:9-16:9/property-photo/1dc5316eb/137246630/1dc5316ebcd253cb7efded5e52f4003d_max_476x317.jpeg; https://media.rightmove.co.uk:443/dir/crop/10:9-16:9/property-photo/123eb9181/137246630/123eb91817b8fd778208e8f3dfc76dd3_max_476x317.jpeg; https://media.rightmove.co.uk:443/dir/crop/10:9-16:9/property-photo/7cb360777/137246630/7cb360777f922e27d2bbf3a571fee9cd_max_476x317.jpeg; https://media.rightmove.co.uk:443/dir/crop/10:9-16:9/property-photo/2f142274a/137246630/2f142274abf71f1feb9d26ce2628edad_max_476x317.jpeg; https://media.rightmove.co.uk:443/dir/crop/10:9-16:9/property-photo/0a194bbd2/137246630/0a194bbd27962cedc5c683a0f141dca9_max_476x317.jpeg; https://media.rightmove.co.uk:443/dir/crop/10:9-16:9/property-photo/ed98375d6/137246630/ed98375d6f616895be3ef1a84095bcbd_max_476x317.jpeg; https://media.rightmove.co.uk:443/dir/crop/10:9-16:9/property-photo/ce2678b14/137246630/ce2678b147b7933f757615055e66d980_max_476x317.jpeg; https://media.rightmove.co.uk:443/dir/crop/10:9-16:9/property-photo/58cb16fc0/137246630/58cb16fc07a618c35bdbe3cf40f9c93e_max_476x317.jpeg; https://media.rightmove.co.uk:443/dir/crop/10:9-16:9/property-photo/2831492f7/137246630/2831492f79269e1bb81349c4625967bd_max_476x317.jpeg; https://media.rightmove.co.uk:443/dir/crop/10:9-16:9/property-photo/1106db72a/137246630/1106db72a9d9029adc7667d4e6e6c85f_max_476x317.jpeg; https://media.rightmove.co.uk:443/dir/crop/10:9-16:9/property-photo/8697f4fb4/137246630/8697f4fb40ea5d083387ed2239041ae8_max_476x317.jpeg; https://media.rightmove.co.uk:443/dir/crop/10:9-16:9/property-photo/e9ebd699e/137246630/e9ebd699e9801dabb16563bd862ed996_max_476x317.jpeg"
"135331127","Newcastle","Serviced Office","Colbalt 15A, Quick Silver Way, Cobalt Business Park NE27 0QQ","£409 pcm","From","","4","Private workspace for up to 3 in Cobalt Business Park Newcastle. Fully flexible, with ergonomic furniture and fast Wi-Fi included.","https://www.rightmove.co.uk/properties/135331127#/?channel=COM_LET","2023-05-26T12:30:41Z","","size_change","Marketed by IW Group Services (UK) Limited, Regus","","55.02249","-1.51291","https://media.rightmove.co.uk:443/dir/crop/10:9-16:9/130k/129853/135331127/129853_UK3ws6304_IMG_10_0000_max_476x317.jpeg; https://media.rightmove.co.uk:443/dir/crop/10:9-16:9/130k/129853/135331127/129853_UK3ws6304_IMG_03_0001_max_476x317.jpeg; https://media.rightmove.co.uk:443/dir/crop/10:9-16:9/130k/129853/135331127/129853_UK3ws6304_IMG_09_0000_max_476x317.jpeg; https://media.rightmove.co.uk:443/dir/crop/10:9-16:9/130k/129853/135331127/129853_UK3ws6304_IMG_08_0000_max_476x317.jpeg; https://media.rightmove.co.uk:443/dir/crop/10:9-16:9/130k/129853/135331127/129853_UK3ws6304_IMG_06_0001_max_476x317.jpeg; https://media.rightmove.co.uk:443/dir/crop/10:9-16:9/130k/129853/135331127/129853_UK3ws6304_IMG_05_0001_max_476x317.jpeg; https://media.rightmove.co.uk:443/dir/crop/10:9-16:9/130k/129853/135331127/129853_UK3ws6304_IMG_00_0001_max_476x317.jpeg; https://media.rightmove.co.uk:443/dir/crop/10:9-16:9/130k/129853/135331127/129853_UK3ws6304_IMG_04_0001_max_476x317.jpeg; https://media.rightmove.co.uk:443/dir/crop/10:9-16:9/130k/129853/135331127/129853_UK3ws6304_IMG_11_0000_max_476x317.jpeg; https://media.rightmove.co.uk:443/dir/crop/10:9-16:9/130k/129853/135331127/129853_UK3ws6304_IMG_07_0001_max_476x317.jpeg; https://media.rightmove.co.uk:443/dir/crop/10:9-16:9/130k/129853/135331127/129853_UK3ws6304_IMG_01_0001_max_476x317.jpeg; https://media.rightmove.co.uk:443/dir/crop/10:9-16:9/130k/129853/135331127/129853_UK3ws6304_IMG_02_0001_max_476x317.jpeg"
"155796404","Newcastle","Office","4th Floor Trinity Gardens, Broad Chare, Newcastle, NE1 2HF","£6,750 pcm","","","","Modern open-plan refurbished office floor with exposed surfaces and excellent views onto the River Tyne.","https://www.rightmove.co.uk/properties/155796404#/?channel=COM_LET","2024-12-09T16:06:16Z","","size_change","Marketed by BNP Paribas Real Estate Advisory & Property Management UK Limited, Newcastle","","54.970323","-1.604942","https://media.rightmove.co.uk:443/dir/crop/10:9-16:9/242k/241244/155796404/241244_151256-2_IMG_14_0000_max_476x317.jpeg; https://media.rightmove.co.uk:443/dir/crop/10:9-16:9/242k/241244/155796404/241244_151256-2_IMG_19_0000_max_476x317.jpeg; https://media.rightmove.co.uk:443/dir/crop/10:9-16:9/242k/241244/155796404/241244_151256-2_IMG_18_0000_max_476x317.jpeg; https://media.rightmove.co.uk:443/dir/crop/10:9-16:9/242k/241244/155796404/241244_151256-2_IMG_17_0000_max_476x317.jpeg; https://media.rightmove.co.uk:443/dir/crop/10:9-16:9/242k/241244/155796404/241244_151256-2_IMG_07_0000_max_476x317.jpeg; https://media.rightmove.co.uk:443/dir/crop/10:9-16:9/242k/241244/155796404/241244_151256-2_IMG_12_0000_max_476x317.jpeg; https://media.rightmove.co.uk:443/dir/crop/10:9-16:9/242k/241244/155796404/241244_151256-2_IMG_20_0000_max_476x317.jpeg; https://media.rightmove.co.uk:443/dir/crop/10:9-16:9/242k/241244/155796404/241244_151256-2_IMG_16_0000_max_476x317.jpeg; https://media.rightmove.co.uk:443/dir/crop/10:9-16:9/242k/241244/155796404/241244_151256-2_IMG_15_0000_max_476x317.jpeg; https://media.rightmove.co.uk:443/dir/crop/10:9-16:9/242k/241244/155796404/241244_151256-2_IMG_13_0000_max_476x317.jpeg; https://media.rightmove.co.uk:443/dir/crop/10:9-16:9/242k/241244/155796404/241244_151256-2_IMG_10_0000_max_476x317.jpeg; https://media.rightmove.co.uk:443/dir/crop/10:9-16:9/242k/241244/155796404/241244_151256-2_IMG_11_0000_max_476x317.jpeg; https://media.rightmove.co.uk:443/dir/crop/10:9-16:9/242k/241244/155796404/241244_151256-2_IMG_09_0000_max_476x317.jpeg; https://media.rightmove.co.uk:443/dir/crop/10:9-16:9/242k/241244/155796404/241244_151256-2_IMG_08_0000_max_476x317.jpeg"
"167208293","Newcastle","Office","Wellbar Central, Gallowgate, Newcastle Upon Tyne, Newcastle upon Tyne, Tyne and Wear, NE1","£14,548 pcm","","","","Grade A City Centre Office Accommodation - Major Refurbishment in 2024 - including fully fitted suites Per sq ft £30 - £32 per sq ft Wellbar Central offers high quality, modern Grade A office accommodation at the heart of Newcastle City Centre. Significant investment has been m...","https://www.rightmove.co.uk/properties/167208293#/?channel=COM_LET","2025-09-19T16:47:07Z","","size_change","Marketed by Knight Frank, Newcastle - Commercial","","54.974101","-1.61955","https://media.rightmove.co.uk:443/dir/crop/10:9-16:9/156k/155516/167208293/155516_NCC012353361_IMG_00_0007_max_476x317.jpeg; https://media.rightmove.co.uk:443/dir/crop/10:9-16:9/156k/155516/167208293/155516_NCC012353361_IMG_01_0007_max_476x317.jpeg; https://media.rightmove.co.uk:443/dir/crop/10:9-16:9/156k/155516/167208293/155516_NCC012353361_IMG_02_0007_max_476x317.jpeg; https://media.rightmove.co.uk:443/dir/crop/10:9-16:9/156k/155516/167208293/155516_NCC012353361_IMG_03_0007_max_476x317.jpeg; https://media.rightmove.co.uk:443/dir/crop/10:9-16:9/156k/155516/167208293/155516_NCC012353361_IMG_04_0007_max_476x317.jpeg; https://media.rightmove.co.uk:443/dir/crop/10:9-16:9/156k/155516/167208293/155516_NCC012353361_IMG_05_0007_max_476x317.jpeg; https://media.rightmove.co.uk:443/dir/crop/10:9-16:9/156k/155516/167208293/155516_NCC012353361_IMG_06_0007_max_476x317.jpeg; https://media.rightmove.co.uk:443/dir/crop/10:9-16:9/156k/155516/167208293/155516_NCC012353361_IMG_07_0007_max_476x317.jpeg; https://media.rightmove.co.uk:443/dir/crop/10:9-16:9/156k/155516/167208293/155516_NCC012353361_IMG_08_0007_max_476x317.jpeg; https://media.rightmove.co.uk:443/dir/crop/10:9-16:9/156k/155516/167208293/155516_NCC012353361_IMG_09_0007_max_476x317.jpeg; https://media.rightmove.co.uk:443/dir/crop/10:9-16:9/156k/155516/167208293/155516_NCC012353361_IMG_10_0007_max_476x317.jpeg; https://media.rightmove.co.uk:443/dir/crop/10:9-16:9/156k/155516/167208293/155516_NCC012353361_IMG_11_0007_max_476x317.jpeg"
"722864519523681","Newcastle","Office","Honeycomb, The Watermark, Gateshead, NE11 9SZ","£9,267 pcm","","","","Newly refurbished, flexible Grade A offices from 870 - 4337 sq ft located on the popular Watermark Business Park in Gateshead.","https://www.rightmove.co.uk/properties/722864519523681#/?channel=COM_LET","2025-12-03T10:53:11Z","","size_change","Marketed by Parker Knights, Newcastle","","54.963261","-1.676098","https://media.rightmove.co.uk:443/dir/crop/10:9-16:9/253k/252818/722864519523681/252818_315420-2_IMG_00_0000_max_476x317.jpeg; https://media.rightmove.co.uk:443/dir/crop/10:9-16:9/253k/252818/722864519523681/252818_315420-2_IMG_01_0000_max_476x317.jpeg; https://media.rightmove.co.uk:443/dir/crop/10:9-16:9/253k/252818/722864519523681/252818_315420-2_IMG_02_0000_max_476x317.jpeg; https://media.rightmove.co.uk:443/dir/crop/10:9-16:9/253k/252818/722864519523681/252818_315420-2_IMG_03_0000_max_476x317.jpeg; https://media.rightmove.co.uk:443/dir/crop/10:9-16:9/253k/252818/722864519523681/252818_315420-2_IMG_04_0000_max_476x317.jpeg; https://media.rightmove.co.uk:443/dir/crop/10:9-16:9/253k/252818/722864519523681/252818_315420-2_IMG_05_0000_max_476x317.jpeg"
"722864565658080","Newcastle","Office","Vine House, 148 - 152 Northumberland Street, Newcastle upon Tyne, NE1 7DQ","£4,120 pcm","","","","Following comprehensive refurbishment, we are delighted to bring this suite to the market in the heart of Newcastle City centre.","https://www.rightmove.co.uk/properties/722864565658080#/?channel=COM_LET","2025-12-03T10:58:08Z","","price_reduced","Marketed by Parker Knights, Newcastle","","54.977293","-1.613148","https://media.rightmove.co.uk:443/dir/crop/10:9-16:9/property-photo/5c5a4c09c/722864565658080/5c5a4c09c10fb7e0d9d3a4625e630f6f_max_476x317.jpeg; https://media.rightmove.co.uk:443/dir/crop/10:9-16:9/property-photo/7f64a9f64/722864565658080/7f64a9f64cbea663ffa50e26c7a5849b_max_476x317.jpeg; https://media.rightmove.co.uk:443/dir/crop/10:9-16:9/property-photo/00cd8cdf8/722864565658080/00cd8cdf89fa4877c426b89e4a38634a_max_476x317.jpeg; https://media.rightmove.co.uk:443/dir/crop/10:9-16:9/property-photo/25bb37b1f/722864565658080/25bb37b1fc53784acb15934dc5bb1cc1_max_476x317.jpeg; https://media.rightmove.co.uk:443/dir/crop/10:9-16:9/property-photo/878ef4b4e/722864565658080/878ef4b4e5ddcccbeacf03df49cd4cef_max_476x317.jpeg; https://media.rightmove.co.uk:443/dir/crop/10:9-16:9/property-photo/a3feef37d/722864565658080/a3feef37d280eca5ce941d46f287b5da_max_476x317.jpeg; https://media.rightmove.co.uk:443/dir/crop/10:9-16:9/property-photo/a3b7a1837/722864565658080/a3b7a18378f2eef7f5930ecc2070e5e2_max_476x317.jpeg"
"169654298","Newcastle","Office","Citygate II, St James Boulevard, Newcastle Upon Tyne, NE1","£4,219 pcm","","","","- 16 workstations - 8 person meeting room - 2x Teams pods - Kitchen and Breakout Area - Project Table - Lockers - Storage Walls Per sq ft £32 per sq ft Citygate II offers an exceptional fully fitted office suite on the third floor. The remodelled main Reception features an inv...","https://www.rightmove.co.uk/properties/169654298#/?channel=COM_LET","2025-11-24T14:05:59Z","","size_change","Marketed by Knight Frank, Newcastle - Commercial","","54.972162","-1.621888","https://media.rightmove.co.uk:443/dir/crop/10:9-16:9/156k/155516/169654298/155516_NCC012452816_IMG_00_0002_max_476x317.jpeg; https://media.rightmove.co.uk:443/dir/crop/10:9-16:9/156k/155516/169654298/155516_NCC012452816_IMG_01_0002_max_476x317.jpeg; https://media.rightmove.co.uk:443/dir/crop/10:9-16:9/156k/155516/169654298/155516_NCC012452816_IMG_02_0002_max_476x317.jpeg; https://media.rightmove.co.uk:443/dir/crop/10:9-16:9/156k/155516/169654298/155516_NCC012452816_IMG_03_0002_max_476x317.jpeg; https://media.rightmove.co.uk:443/dir/crop/10:9-16:9/156k/155516/169654298/155516_NCC012452816_IMG_04_0002_max_476x317.jpeg; https://media.rightmove.co.uk:443/dir/crop/10:9-16:9/156k/155516/169654298/155516_NCC012452816_IMG_05_0002_max_476x317.jpeg; https://media.rightmove.co.uk:443/dir/crop/10:9-16:9/156k/155516/169654298/155516_NCC012452816_IMG_06_0002_max_476x317.jpeg"
"138237047","Newcastle","Office","The Fleming, Burdon Terrace, Jesmond, Newcastle Upon Tyne, NE2","£2,125 pcm","From","","","Gracefully refurbished office suites available within The Fleming. Ranging from 1,000 sq ft to over 4,000 sq ft, we have a number of options here to suit all requirements. ","https://www.rightmove.co.uk/properties/138237047#/?channel=COM_LET","2023-08-03T13:36:55Z","","size_change","Marketed by Adderstone Asset Management Limited, Newcastle","","54.98617","-1.60961","https://media.rightmove.co.uk:443/dir/crop/10:9-16:9/181k/180227/138237047/180227_TheFlemingVarious_IMG_19_0000_max_476x317.jpeg; https://media.rightmove.co.uk:443/dir/crop/10:9-16:9/181k/180227/138237047/180227_TheFlemingVarious_IMG_17_0000_max_476x317.jpeg; https://media.rightmove.co.uk:443/dir/crop/10:9-16:9/181k/180227/138237047/180227_TheFlemingVarious_IMG_01_0000_max_476x317.png; https://media.rightmove.co.uk:443/dir/crop/10:9-16:9/181k/180227/138237047/180227_TheFlemingVarious_IMG_11_0000_max_476x317.jpeg; https://media.rightmove.co.uk:443/dir/crop/10:9-16:9/181k/180227/138237047/180227_TheFlemingVarious_IMG_03_0000_max_476x317.jpeg; https://media.rightmove.co.uk:443/dir/crop/10:9-16:9/181k/180227/138237047/180227_TheFlemingVarious_IMG_20_0000_max_476x317.jpeg; https://media.rightmove.co.uk:443/dir/crop/10:9-16:9/181k/180227/138237047/180227_TheFlemingVarious_IMG_04_0000_max_476x317.jpeg; https://media.rightmove.co.uk:443/dir/crop/10:9-16:9/181k/180227/138237047/180227_TheFlemingVarious_IMG_05_0000_max_476x317.jpeg; https://media.rightmove.co.uk:443/dir/crop/10:9-16:9/181k/180227/138237047/180227_TheFlemingVarious_IMG_09_0000_max_476x317.jpeg; https://media.rightmove.co.uk:443/dir/crop/10:9-16:9/181k/180227/138237047/180227_TheFlemingVarious_IMG_21_0000_max_476x317.jpeg; https://media.rightmove.co.uk:443/dir/crop/10:9-16:9/181k/180227/138237047/180227_TheFlemingVarious_IMG_02_0000_max_476x317.png; https://media.rightmove.co.uk:443/dir/crop/10:9-16:9/181k/180227/138237047/180227_TheFlemingVarious_IMG_06_0000_max_476x317.jpeg; https://media.rightmove.co.uk:443/dir/crop/10:9-16:9/181k/180227/138237047/180227_TheFlemingVarious_IMG_07_0000_max_476x317.png; https://media.rightmove.co.uk:443/dir/crop/10:9-16:9/181k/180227/138237047/180227_TheFlemingVarious_IMG_12_0000_max_476x317.jpeg; https://media.rightmove.co.uk:443/dir/crop/10:9-16:9/181k/180227/138237047/180227_TheFlemingVarious_IMG_13_0000_max_476x317.jpeg; https://media.rightmove.co.uk:443/dir/crop/10:9-16:9/181k/180227/138237047/180227_TheFlemingVarious_IMG_14_0000_max_476x317.jpeg; https://media.rightmove.co.uk:443/dir/crop/10:9-16:9/181k/180227/138237047/180227_TheFlemingVarious_IMG_15_0000_max_476x317.jpeg; https://media.rightmove.co.uk:443/dir/crop/10:9-16:9/181k/180227/138237047/180227_TheFlemingVarious_IMG_16_0000_max_476x317.jpeg; https://media.rightmove.co.uk:443/dir/crop/10:9-16:9/181k/180227/138237047/180227_TheFlemingVarious_IMG_18_0000_max_476x317.jpeg"
"169056197","Newcastle","Office","Prestwick Park, Newcastle Upon Tyne, NE20","£2,318 pcm","","","","Prestwick Park has prestigious offices to let only minutes from the centre of Newcastle and the AI and right next to Newcastle International Airport.","https://www.rightmove.co.uk/properties/169056197#/?channel=COM_LET","2025-11-06T12:58:51Z","","new","Marketed by Prestwick Park, Newcastle Upon Tyne","","55.04551","-1.71733","https://media.rightmove.co.uk:443/dir/crop/10:9-16:9/77k/76056/169056197/76056_prestwickpark_IMG_05_0000_max_476x317.jpeg; https://media.rightmove.co.uk:443/dir/crop/10:9-16:9/77k/76056/169056197/76056_prestwickpark_IMG_06_0001_max_476x317.png; https://media.rightmove.co.uk:443/dir/crop/10:9-16:9/77k/76056/169056197/76056_prestwickpark_IMG_07_0001_max_476x317.png; https://media.rightmove.co.uk:443/dir/crop/10:9-16:9/77k/76056/169056197/76056_prestwickpark_IMG_08_0001_max_476x317.png; https://media.rightmove.co.uk:443/dir/crop/10:9-16:9/77k/76056/169056197/76056_prestwickpark_IMG_09_0001_max_476x317.png"
"169029743","Newcastle","Office","Generator Studios, Trafalgar Street, Newcastle Upon Tyne, NE1","£5,792 pcm","","","","Generator Studios is a striking, design-led office building that has become a hub for Newcastle’s creative and digital community. The multi-let workspace combines industrial character with modern comfort, offering an inspiring environment for forward-thinking businesses. Accessed...","https://www.rightmove.co.uk/properties/169029743#/?channel=COM_LET","2025-11-05T16:46:52Z","","size_change","Marketed by Bradley Hall, Newcastle Upon Tyne","","54.972254","-1.605341","https://media.rightmove.co.uk:443/dir/crop/10:9-16:9/283k/282893/169029743/282893_CMR250194_L_IMG_00_0000_max_476x317.jpeg; https://media.rightmove.co.uk:443/dir/crop/10:9-16:9/283k/282893/169029743/282893_CMR250194_L_IMG_01_0000_max_476x317.jpeg; https://media.rightmove.co.uk:443/dir/crop/10:9-16:9/283k/282893/169029743/282893_CMR250194_L_IMG_02_0000_max_476x317.jpeg; https://media.rightmove.co.uk:443/dir/crop/10:9-16:9/283k/282893/169029743/282893_CMR250194_L_IMG_03_0000_max_476x317.jpeg; https://media.rightmove.co.uk:443/dir/crop/10:9-16:9/283k/282893/169029743/282893_CMR250194_L_IMG_04_0000_max_476x317.jpeg; https://media.rightmove.co.uk:443/dir/crop/10:9-16:9/283k/282893/169029743/282893_CMR250194_L_IMG_05_0000_max_476x317.jpeg; https://media.rightmove.co.uk:443/dir/crop/10:9-16:9/283k/282893/169029743/282893_CMR250194_L_IMG_06_0000_max_476x317.jpeg; https://media.rightmove.co.uk:443/dir/crop/10:9-16:9/283k/282893/169029743/282893_CMR250194_L_IMG_07_0000_max_476x317.jpeg; https://media.rightmove.co.uk:443/dir/crop/10:9-16:9/283k/282893/169029743/282893_CMR250194_L_IMG_08_0000_max_476x317.jpeg; https://media.rightmove.co.uk:443/dir/crop/10:9-16:9/283k/282893/169029743/282893_CMR250194_L_IMG_09_0000_max_476x317.jpeg; https://media.rightmove.co.uk:443/dir/crop/10:9-16:9/283k/282893/169029743/282893_CMR250194_L_IMG_10_0000_max_476x317.jpeg; https://media.rightmove.co.uk:443/dir/crop/10:9-16:9/283k/282893/169029743/282893_CMR250194_L_IMG_11_0000_max_476x317.jpeg; https://media.rightmove.co.uk:443/dir/crop/10:9-16:9/283k/282893/169029743/282893_CMR250194_L_IMG_12_0000_max_476x317.jpeg; https://media.rightmove.co.uk:443/dir/crop/10:9-16:9/283k/282893/169029743/282893_CMR250194_L_IMG_13_0000_max_476x317.jpeg; https://media.rightmove.co.uk:443/dir/crop/10:9-16:9/283k/282893/169029743/282893_CMR250194_L_IMG_14_0000_max_476x317.jpeg; https://media.rightmove.co.uk:443/dir/crop/10:9-16:9/283k/282893/169029743/282893_CMR250194_L_IMG_15_0000_max_476x317.jpeg; https://media.rightmove.co.uk:443/dir/crop/10:9-16:9/283k/282893/169029743/282893_CMR250194_L_IMG_16_0000_max_476x317.jpeg"
"155797202","Newcastle","Office","Generator Studios, Trafalgar Street, Newcastle Upon Tyne, NE1","£1,958 pcm","","","","Generator Studios is a striking, design-led office building that has become a hub for Newcastle’s creative and digital community. The multi-let workspace combines industrial character with modern comfort, offering an inspiring environment for forward-thinking businesses. Accessed...","https://www.rightmove.co.uk/properties/155797202#/?channel=COM_LET","2024-12-09T16:23:04Z","","size_change","Marketed by Bradley Hall, Newcastle Upon Tyne","","54.972254","-1.605341","https://media.rightmove.co.uk:443/dir/crop/10:9-16:9/283k/282893/155797202/282893_NUT230116_L_IMG_00_0000_max_476x317.jpeg; https://media.rightmove.co.uk:443/dir/crop/10:9-16:9/283k/282893/155797202/282893_NUT230116_L_IMG_01_0000_max_476x317.jpeg; https://media.rightmove.co.uk:443/dir/crop/10:9-16:9/283k/282893/155797202/282893_NUT230116_L_IMG_02_0000_max_476x317.jpeg; https://media.rightmove.co.uk:443/dir/crop/10:9-16:9/283k/282893/155797202/282893_NUT230116_L_IMG_03_0000_max_476x317.jpeg; https://media.rightmove.co.uk:443/dir/crop/10:9-16:9/283k/282893/155797202/282893_NUT230116_L_IMG_04_0000_max_476x317.jpeg; https://media.rightmove.co.uk:443/dir/crop/10:9-16:9/283k/282893/155797202/282893_NUT230116_L_IMG_05_0000_max_476x317.jpeg; https://media.rightmove.co.uk:443/dir/crop/10:9-16:9/283k/282893/155797202/282893_NUT230116_L_IMG_06_0000_max_476x317.jpeg; https://media.rightmove.co.uk:443/dir/crop/10:9-16:9/283k/282893/155797202/282893_NUT230116_L_IMG_07_0000_max_476x317.jpeg; https://media.rightmove.co.uk:443/dir/crop/10:9-16:9/283k/282893/155797202/282893_NUT230116_L_IMG_08_0000_max_476x317.jpeg; https://media.rightmove.co.uk:443/dir/crop/10:9-16:9/283k/282893/155797202/282893_NUT230116_L_IMG_09_0000_max_476x317.jpeg; https://media.rightmove.co.uk:443/dir/crop/10:9-16:9/283k/282893/155797202/282893_NUT230116_L_IMG_10_0000_max_476x317.jpeg; https://media.rightmove.co.uk:443/dir/crop/10:9-16:9/283k/282893/155797202/282893_NUT230116_L_IMG_11_0000_max_476x317.jpeg; https://media.rightmove.co.uk:443/dir/crop/10:9-16:9/283k/282893/155797202/282893_NUT230116_L_IMG_12_0000_max_476x317.jpeg; https://media.rightmove.co.uk:443/dir/crop/10:9-16:9/283k/282893/155797202/282893_NUT230116_L_IMG_13_0000_max_476x317.jpeg; https://media.rightmove.co.uk:443/dir/crop/10:9-16:9/283k/282893/155797202/282893_NUT230116_L_IMG_14_0000_max_476x317.jpeg; https://media.rightmove.co.uk:443/dir/crop/10:9-16:9/283k/282893/155797202/282893_NUT230116_L_IMG_15_0000_max_476x317.jpeg; https://media.rightmove.co.uk:443/dir/crop/10:9-16:9/283k/282893/155797202/282893_NUT230116_L_IMG_16_0000_max_476x317.jpeg"
"722864259499409","Newcastle","Office","Generator Studios, Trafalgar Street, Newcastle upon Tyne, NE1 2LA","£23,007 pcm","","","","Office space to let with a range of suites from 1,474 to 4,337 sq ft","https://www.rightmove.co.uk/properties/722864259499409#/?channel=COM_LET","2025-12-03T10:50:03Z","","size_change","Marketed by Parker Knights, Newcastle","","54.972262","-1.605324","https://media.rightmove.co.uk:443/dir/crop/10:9-16:9/property-photo/ef99fde92/722864259499409/ef99fde92e31b319551a4b2c9dd7155f_max_476x317.jpeg; https://media.rightmove.co.uk:443/dir/crop/10:9-16:9/property-photo/f6028fdf4/722864259499409/f6028fdf4d1d762576c8188d61d9d3b2_max_476x317.jpeg; https://media.rightmove.co.uk:443/dir/crop/10:9-16:9/property-photo/474835746/722864259499409/474835746ab66ad7f7bd4613fe9fbc76_max_476x317.jpeg; https://media.rightmove.co.uk:443/dir/crop/10:9-16:9/property-photo/759e3adf5/722864259499409/759e3adf5b77fc4693fa392222e25690_max_476x317.jpeg; https://media.rightmove.co.uk:443/dir/crop/10:9-16:9/property-photo/948406a5d/722864259499409/948406a5dd451372a29ae26e0bb689e0_max_476x317.jpeg; https://media.rightmove.co.uk:443/dir/crop/10:9-16:9/property-photo/b6863cab6/722864259499409/b6863cab65ad9c56276efa1b3d462eca_max_476x317.jpeg; https://media.rightmove.co.uk:443/dir/crop/10:9-16:9/property-photo/d3ceaf635/722864259499409/d3ceaf635d18507641e20c6e8f27d49f_max_476x317.jpeg; https://media.rightmove.co.uk:443/dir/crop/10:9-16:9/property-photo/9184c2a9c/722864259499409/9184c2a9cca7a4e3f82bbd88f61d39bf_max_476x317.jpeg; https://media.rightmove.co.uk:443/dir/crop/10:9-16:9/property-photo/689b7dd3c/722864259499409/689b7dd3c2a041e05a64eaafa47ce52a_max_476x317.jpeg; https://media.rightmove.co.uk:443/dir/crop/10:9-16:9/property-photo/28ccfa266/722864259499409/28ccfa2662a9b7975f22a7a82d85a4e3_max_476x317.jpeg; https://media.rightmove.co.uk:443/dir/crop/10:9-16:9/property-photo/0f92987a5/722864259499409/0f92987a56d38ffaadfca61afeb361eb_max_476x317.jpeg; https://media.rightmove.co.uk:443/dir/crop/10:9-16:9/property-photo/6b3395caa/722864259499409/6b3395caa27b9dbf7abe97b10296c5e1_max_476x317.jpeg; https://media.rightmove.co.uk:443/dir/crop/10:9-16:9/property-photo/e9a8277fd/722864259499409/e9a8277fdb9ab07746b19b97d848d513_max_476x317.jpeg; https://media.rightmove.co.uk:443/dir/crop/10:9-16:9/property-photo/1ba6b4993/722864259499409/1ba6b4993d9073593f127cb575115915_max_476x317.jpeg; https://media.rightmove.co.uk:443/dir/crop/10:9-16:9/property-photo/db6cd9163/722864259499409/db6cd9163341886a5cb317578e36a1a5_max_476x317.jpeg; https://media.rightmove.co.uk:443/dir/crop/10:9-16:9/property-photo/c88f2530f/722864259499409/c88f2530f0c516a203e71c419c1594e6_max_476x317.jpeg; https://media.rightmove.co.uk:443/dir/crop/10:9-16:9/property-photo/cc29d7727/722864259499409/cc29d7727aa1c8c3818f2c0e0498fedb_max_476x317.jpeg; https://media.rightmove.co.uk:443/dir/crop/10:9-16:9/property-photo/e7f833105/722864259499409/e7f8331052ca77db6d5269b68443deb4_max_476x317.jpeg; https://media.rightmove.co.uk:443/dir/crop/10:9-16:9/property-photo/7f8f49c0f/722864259499409/7f8f49c0f7f124076e300d9bda134446_max_476x317.jpeg"
"169020656","Newcastle","Retail Property (high street)","Unit 13, Newcastle Central Railway Station, Neville Street, Newcastle Upon Tyne","£1,667 pcm","","","","The unit forms part of the main station buildings with stone and glazed frontage and entrance. The unit benefits from mains power, water and drainage supplies. The unit has an internal area of approximately 452 sq ft (42 sq m). The adjoining first floor accommodation has a net internal area of...","https://www.rightmove.co.uk/properties/169020656#/?channel=COM_LET","2025-11-05T14:45:45Z","","new","Marketed by Lambert Smith Hampton, Newcastle","","54.968209","-1.615311","https://media.rightmove.co.uk:443/dir/crop/10:9-16:9/183k/182546/169020656/182546_62537LH_IMG_00_0000_max_476x317.jpeg; https://media.rightmove.co.uk:443/dir/crop/10:9-16:9/183k/182546/169020656/182546_62537LH_IMG_01_0000_max_476x317.jpeg"
"722864599213696","Newcastle","Office","51 Lime Street, Ouseburn, Newcastle upon Tyne, NE1 2PQ","£2,492 pcm","","","","2,300 sq ft refurbished mezzanine style suite available in the heart of Ouseburn, offering bright, modern and inspiring workspace.","https://www.rightmove.co.uk/properties/722864599213696#/?channel=COM_LET","2025-12-03T10:58:06Z","","new","Marketed by Parker Knights, Newcastle","","54.974338","-1.591994","https://media.rightmove.co.uk:443/dir/crop/10:9-16:9/253k/252818/722864599213696/252818_336509-2_IMG_00_0000_max_476x317.jpeg; https://media.rightmove.co.uk:443/dir/crop/10:9-16:9/253k/252818/722864599213696/252818_336509-2_IMG_01_0000_max_476x317.png; https://media.rightmove.co.uk:443/dir/crop/10:9-16:9/253k/252818/722864599213696/252818_336509-2_IMG_02_0000_max_476x317.jpeg; https://media.rightmove.co.uk:443/dir/crop/10:9-16:9/253k/252818/722864599213696/252818_336509-2_IMG_03_0000_max_476x317.png; https://media.rightmove.co.uk:443/dir/crop/10:9-16:9/253k/252818/722864599213696/252818_336509-2_IMG_04_0000_max_476x317.jpeg; https://media.rightmove.co.uk:443/dir/crop/10:9-16:9/253k/252818/722864599213696/252818_336509-2_IMG_05_0000_max_476x317.jpeg; https://media.rightmove.co.uk:443/dir/crop/10:9-16:9/253k/252818/722864599213696/252818_336509-2_IMG_06_0000_max_476x317.jpeg; https://media.rightmove.co.uk:443/dir/crop/10:9-16:9/253k/252818/722864599213696/252818_336509-2_IMG_07_0000_max_476x317.jpeg; https://media.rightmove.co.uk:443/dir/crop/10:9-16:9/253k/252818/722864599213696/252818_336509-2_IMG_08_0000_max_476x317.jpeg; https://media.rightmove.co.uk:443/dir/crop/10:9-16:9/253k/252818/722864599213696/252818_336509-2_IMG_09_0000_max_476x317.jpeg; https://media.rightmove.co.uk:443/dir/crop/10:9-16:9/253k/252818/722864599213696/252818_336509-2_IMG_10_0000_max_476x317.jpeg; https://media.rightmove.co.uk:443/dir/crop/10:9-16:9/253k/252818/722864599213696/252818_336509-2_IMG_11_0000_max_476x317.jpeg; https://media.rightmove.co.uk:443/dir/crop/10:9-16:9/253k/252818/722864599213696/252818_336509-2_IMG_12_0000_max_476x317.jpeg; https://media.rightmove.co.uk:443/dir/crop/10:9-16:9/253k/252818/722864599213696/252818_336509-2_IMG_13_0000_max_476x317.jpeg; https://media.rightmove.co.uk:443/dir/crop/10:9-16:9/253k/252818/722864599213696/252818_336509-2_IMG_14_0000_max_476x317.jpeg"
"722864595021425","Newcastle","Office","1 Citygate, Newcastle upon Tyne, NE1 4XQ","£4,326 pcm","","","","1,442 sq ft fully fitted suite. Ideal for businesses looking for a turnkey solution in the heart of the city centre with parking.","https://www.rightmove.co.uk/properties/722864595021425#/?channel=COM_LET","2025-12-03T10:58:08Z","","new","Marketed by Parker Knights, Newcastle","","54.97338","-1.620844","https://media.rightmove.co.uk:443/dir/crop/10:9-16:9/253k/252818/722864595021425/252818_336483-2_IMG_00_0000_max_476x317.jpeg; https://media.rightmove.co.uk:443/dir/crop/10:9-16:9/253k/252818/722864595021425/252818_336483-2_IMG_01_0000_max_476x317.jpeg; https://media.rightmove.co.uk:443/dir/crop/10:9-16:9/253k/252818/722864595021425/252818_336483-2_IMG_02_0000_max_476x317.jpeg; https://media.rightmove.co.uk:443/dir/crop/10:9-16:9/253k/252818/722864595021425/252818_336483-2_IMG_03_0000_max_476x317.jpeg; https://media.rightmove.co.uk:443/dir/crop/10:9-16:9/253k/252818/722864595021425/252818_336483-2_IMG_04_0000_max_476x317.jpeg; https://media.rightmove.co.uk:443/dir/crop/10:9-16:9/253k/252818/722864595021425/252818_336483-2_IMG_05_0000_max_476x317.jpeg; https://media.rightmove.co.uk:443/dir/crop/10:9-16:9/253k/252818/722864595021425/252818_336483-2_IMG_06_0000_max_476x317.jpeg; https://media.rightmove.co.uk:443/dir/crop/10:9-16:9/253k/252818/722864595021425/252818_336483-2_IMG_07_0000_max_476x317.jpeg; https://media.rightmove.co.uk:443/dir/crop/10:9-16:9/253k/252818/722864595021425/252818_336483-2_IMG_08_0000_max_476x317.jpeg; https://media.rightmove.co.uk:443/dir/crop/10:9-16:9/253k/252818/722864595021425/252818_336483-2_IMG_09_0000_max_476x317.jpeg; https://media.rightmove.co.uk:443/dir/crop/10:9-16:9/253k/252818/722864595021425/252818_336483-2_IMG_10_0000_max_476x317.jpeg; https://media.rightmove.co.uk:443/dir/crop/10:9-16:9/253k/252818/722864595021425/252818_336483-2_IMG_11_0000_max_476x317.jpeg; https://media.rightmove.co.uk:443/dir/crop/10:9-16:9/253k/252818/722864595021425/252818_336483-2_IMG_12_0000_max_476x317.jpeg; https://media.rightmove.co.uk:443/dir/crop/10:9-16:9/253k/252818/722864595021425/252818_336483-2_IMG_13_0000_max_476x317.jpeg"
"169004783","Newcastle","Land","Heddon-On-The-Wall, Northumberland, NE15","£1,200 pcm","","","","The porperty lies in the village of Heddon-on-the-Wall in Northumberland, just west of Newcastle upon Tyne. The property lies immediately adjacent to the major A69 road, which provides direct links eastwards towards Newcastle and westwards towards Hexham and Carlisle. The ta...","https://www.rightmove.co.uk/properties/169004783#/?channel=COM_LET","2025-11-05T11:01:45Z","","new","Marketed by Bradley Hall, Newcastle Upon Tyne","","55.01639","-1.787801","https://media.rightmove.co.uk:443/dir/crop/10:9-16:9/283k/282893/169004783/282893_CMR250193_L_IMG_01_0000_max_476x317.jpeg; https://media.rightmove.co.uk:443/dir/crop/10:9-16:9/283k/282893/169004783/282893_CMR250193_L_IMG_02_0000_max_476x317.jpeg; https://media.rightmove.co.uk:443/dir/crop/10:9-16:9/283k/282893/169004783/282893_CMR250193_L_IMG_00_0000_max_476x317.jpeg; https://media.rightmove.co.uk:443/dir/crop/10:9-16:9/283k/282893/169004783/282893_CMR250193_L_IMG_03_0000_max_476x317.jpeg; https://media.rightmove.co.uk:443/dir/crop/10:9-16:9/283k/282893/169004783/282893_CMR250193_L_IMG_04_0000_max_476x317.jpeg"
"162980537","Newcastle","Light Industrial","Dunston Enterprise Park, Gateshead, Tyne & Wear NE11 9EL","£575 pcm","From","","","Industrial unit available to let in Gateshead, with on-site parking, three-phase electricity and roller shutter doors. ","https://www.rightmove.co.uk/properties/162980537#/?channel=COM_LET","2025-06-06T17:25:07Z","","size_change","Marketed by Mileway Real Estate UK Limited, Newcastle","","54.9583","-1.6516","https://media.rightmove.co.uk:443/dir/crop/10:9-16:9/107k/106865/162980537/106865_3Od5U6JP7yOzK8YWnWhxFP_IMG_00_0000_max_476x317.jpeg; https://media.rightmove.co.uk:443/dir/crop/10:9-16:9/107k/106865/162980537/106865_3Od5U6JP7yOzK8YWnWhxFP_IMG_01_0000_max_476x317.jpeg; https://media.rightmove.co.uk:443/dir/crop/10:9-16:9/107k/106865/162980537/106865_3Od5U6JP7yOzK8YWnWhxFP_IMG_02_0000_max_476x317.jpeg"
"722864366452833","Newcastle","Office","Collingwood House, 3 Collingwood Street, Newcastle upon Tyne, NE1 1JW","£2,398 pcm","","","","Last 2,398 sq ft suite available on fifth floor at Collingwood House.","https://www.rightmove.co.uk/properties/722864366452833#/?channel=COM_LET","2025-12-03T10:52:09Z","","size_change","Marketed by Parker Knights, Newcastle","","54.970045","-1.612294","https://media.rightmove.co.uk:443/dir/crop/10:9-16:9/253k/252818/722864366452833/252818_273379-2_IMG_00_0000_max_476x317.jpeg; https://media.rightmove.co.uk:443/dir/crop/10:9-16:9/253k/252818/722864366452833/252818_273379-2_IMG_01_0000_max_476x317.jpeg; https://media.rightmove.co.uk:443/dir/crop/10:9-16:9/253k/252818/722864366452833/252818_273379-2_IMG_02_0000_max_476x317.jpeg; https://media.rightmove.co.uk:443/dir/crop/10:9-16:9/253k/252818/722864366452833/252818_273379-2_IMG_03_0000_max_476x317.jpeg; https://media.rightmove.co.uk:443/dir/crop/10:9-16:9/253k/252818/722864366452833/252818_273379-2_IMG_04_0000_max_476x317.jpeg; https://media.rightmove.co.uk:443/dir/crop/10:9-16:9/253k/252818/722864366452833/252818_273379-2_IMG_05_0000_max_476x317.jpeg; https://media.rightmove.co.uk:443/dir/crop/10:9-16:9/253k/252818/722864366452833/252818_273379-2_IMG_06_0000_max_476x317.jpeg; https://media.rightmove.co.uk:443/dir/crop/10:9-16:9/253k/252818/722864366452833/252818_273379-2_IMG_07_0000_max_476x317.jpeg; https://media.rightmove.co.uk:443/dir/crop/10:9-16:9/253k/252818/722864366452833/252818_273379-2_IMG_08_0000_max_476x317.jpeg; https://media.rightmove.co.uk:443/dir/crop/10:9-16:9/253k/252818/722864366452833/252818_273379-2_IMG_09_0000_max_476x317.jpeg; https://media.rightmove.co.uk:443/dir/crop/10:9-16:9/253k/252818/722864366452833/252818_273379-2_IMG_10_0000_max_476x317.jpeg; https://media.rightmove.co.uk:443/dir/crop/10:9-16:9/253k/252818/722864366452833/252818_273379-2_IMG_11_0000_max_476x317.jpeg; https://media.rightmove.co.uk:443/dir/crop/10:9-16:9/253k/252818/722864366452833/252818_273379-2_IMG_12_0000_max_476x317.jpeg; https://media.rightmove.co.uk:443/dir/crop/10:9-16:9/253k/252818/722864366452833/252818_273379-2_IMG_13_0000_max_476x317.jpeg; https://media.rightmove.co.uk:443/dir/crop/10:9-16:9/253k/252818/722864366452833/252818_273379-2_IMG_14_0000_max_476x317.jpeg; https://media.rightmove.co.uk:443/dir/crop/10:9-16:9/253k/252818/722864366452833/252818_273379-2_IMG_15_0000_max_476x317.jpeg; https://media.rightmove.co.uk:443/dir/crop/10:9-16:9/253k/252818/722864366452833/252818_273379-2_IMG_16_0000_max_476x317.jpeg"
"721245679738880","Newcastle","Leisure Facility","Leisure Premises To Let in Newcastle City Centre, 1-3 Market Lane, Newcastle upon Tyne, NE1 6QQ","£6,250 pcm","","","","City Centre Leisure Premises To Let","https://www.rightmove.co.uk/properties/721245679738880#/?channel=COM_LET","2025-11-24T12:26:02Z","","new","Marketed by Sanderson Weatherall, Newcastle","","54.971829","-1.610996","https://media.rightmove.co.uk:443/dir/crop/10:9-16:9/property-photo/b0bfeb316/721245679738880/b0bfeb316cce4df00500d619fc2666ca_max_476x317.jpeg; https://media.rightmove.co.uk:443/dir/crop/10:9-16:9/property-photo/77ddc9866/721245679738880/77ddc986610c5931f066ce0aba598fdd_max_476x317.jpeg; https://media.rightmove.co.uk:443/dir/crop/10:9-16:9/property-photo/07e31f6e4/721245679738880/07e31f6e417371192a393e25f858af9b_max_476x317.jpeg; https://media.rightmove.co.uk:443/dir/crop/10:9-16:9/property-photo/59f760e9d/721245679738880/59f760e9d96f5940ec43fef2a7412666_max_476x317.jpeg; https://media.rightmove.co.uk:443/dir/crop/10:9-16:9/property-photo/57906fe72/721245679738880/57906fe72daf8528c911dd138e725651_max_476x317.jpeg"
"722864580338976","Newcastle","Office","Kelburn Point, 7-19 Mosley Street, Newcastle upon Tyne, NE1 1YE","£36,148 pcm","","","","Kelburn Point will be a unique office development with strong amenity provision, car parking and floorplates extending to 18,074 sq ft.","https://www.rightmove.co.uk/properties/722864580338976#/?channel=COM_LET","2025-12-03T10:58:08Z","","new","Marketed by Parker Knights, Newcastle","","54.971224","-1.610096","https://media.rightmove.co.uk:443/dir/crop/10:9-16:9/253k/252818/722864580338976/252818_335459-2_IMG_00_0000_max_476x317.jpeg; https://media.rightmove.co.uk:443/dir/crop/10:9-16:9/253k/252818/722864580338976/252818_335459-2_IMG_01_0000_max_476x317.jpeg; https://media.rightmove.co.uk:443/dir/crop/10:9-16:9/253k/252818/722864580338976/252818_335459-2_IMG_02_0000_max_476x317.jpeg; https://media.rightmove.co.uk:443/dir/crop/10:9-16:9/253k/252818/722864580338976/252818_335459-2_IMG_03_0000_max_476x317.jpeg"
"168799577","Newcastle","Shop","Kirkwood Drive, Kenton Retail Park, Newcastle Upon Tyne, NE3","£973 pcm","","","","Available now Flexible lease terms Electric roller shutter doors Rent £11,675 per annum","https://www.rightmove.co.uk/properties/168799577#/?channel=COM_LET","2025-10-30T14:55:37Z","","new","Marketed by Youngs RPS Limited, Newcastle","","55","-1.65282","https://media.rightmove.co.uk:443/dir/crop/10:9-16:9/131k/130720/168799577/130720_NEW220030_L_IMG_00_0000_max_476x317.jpeg; https://media.rightmove.co.uk:443/dir/crop/10:9-16:9/131k/130720/168799577/130720_NEW220030_L_IMG_01_0000_max_476x317.jpeg; https://media.rightmove.co.uk:443/dir/crop/10:9-16:9/131k/130720/168799577/130720_NEW220030_L_IMG_02_0000_max_476x317.jpeg; https://media.rightmove.co.uk:443/dir/crop/10:9-16:9/131k/130720/168799577/130720_NEW220030_L_IMG_03_0000_max_476x317.jpeg; https://media.rightmove.co.uk:443/dir/crop/10:9-16:9/131k/130720/168799577/130720_NEW220030_L_IMG_04_0000_max_476x317.jpeg; https://media.rightmove.co.uk:443/dir/crop/10:9-16:9/131k/130720/168799577/130720_NEW220030_L_IMG_05_0000_max_476x317.jpeg"
"168794540","Newcastle","Shop","Bulman Club, Garden Street, Gosforth, Newcastle Upon Tyne, NE3","£917 pcm","","","","Ground floor building with function rooms and kitchen area Guide rent £11,000 per annum","https://www.rightmove.co.uk/properties/168794540#/?channel=COM_LET","2025-10-30T13:45:43Z","","new","Marketed by GFW, Covering North East","","55.021898","-1.630008","https://media.rightmove.co.uk:443/dir/crop/10:9-16:9/285k/284894/168794540/284894_COM250036_L_IMG_00_0000_max_476x317.jpeg; https://media.rightmove.co.uk:443/dir/crop/10:9-16:9/285k/284894/168794540/284894_COM250036_L_IMG_01_0000_max_476x317.jpeg; https://media.rightmove.co.uk:443/dir/crop/10:9-16:9/285k/284894/168794540/284894_COM250036_L_IMG_02_0000_max_476x317.jpeg"
"722864586631297","Newcastle","Office","Cobalt 8, Cobalt Park, Newcastle upon Tyne, NE27 0QJ","£35,030 pcm","","","","Join one of the UK’s premier business parks with flexible office space tailored for growth, innovation, and collaboration.","https://www.rightmove.co.uk/properties/722864586631297#/?channel=COM_LET","2025-12-03T10:58:09Z","","new","Marketed by Parker Knights, Newcastle","","55.020567","-1.507486","https://media.rightmove.co.uk:443/dir/crop/10:9-16:9/253k/252818/722864586631297/252818_336041-2_IMG_00_0000_max_476x317.jpeg; https://media.rightmove.co.uk:443/dir/crop/10:9-16:9/253k/252818/722864586631297/252818_336041-2_IMG_01_0000_max_476x317.jpeg; https://media.rightmove.co.uk:443/dir/crop/10:9-16:9/253k/252818/722864586631297/252818_336041-2_IMG_02_0000_max_476x317.jpeg; https://media.rightmove.co.uk:443/dir/crop/10:9-16:9/253k/252818/722864586631297/252818_336041-2_IMG_03_0000_max_476x317.jpeg; https://media.rightmove.co.uk:443/dir/crop/10:9-16:9/253k/252818/722864586631297/252818_336041-2_IMG_04_0000_max_476x317.jpeg; https://media.rightmove.co.uk:443/dir/crop/10:9-16:9/253k/252818/722864586631297/252818_336041-2_IMG_05_0000_max_476x317.jpeg; https://media.rightmove.co.uk:443/dir/crop/10:9-16:9/253k/252818/722864586631297/252818_336041-2_IMG_06_0000_max_476x317.jpeg; https://media.rightmove.co.uk:443/dir/crop/10:9-16:9/253k/252818/722864586631297/252818_336041-2_IMG_07_0000_max_476x317.jpeg; https://media.rightmove.co.uk:443/dir/crop/10:9-16:9/253k/252818/722864586631297/252818_336041-2_IMG_08_0000_max_476x317.jpeg; https://media.rightmove.co.uk:443/dir/crop/10:9-16:9/253k/252818/722864586631297/252818_336041-2_IMG_09_0000_max_476x317.jpeg"
"722864368525952","Newcastle","Office","Cluny Works, 36 Lime Street, Newcastle upon Tyne, NE1 2PQ","£1,030 pcm","","","","Last remaining 951 sq ft suite at Cluny Works.","https://www.rightmove.co.uk/properties/722864368525952#/?channel=COM_LET","2025-12-03T10:52:04Z","","size_change","Marketed by Parker Knights, Newcastle","","54.974814","-1.592361","https://media.rightmove.co.uk:443/dir/crop/10:9-16:9/253k/252818/722864368525952/252818_273384-2_IMG_00_0000_max_476x317.jpeg; https://media.rightmove.co.uk:443/dir/crop/10:9-16:9/253k/252818/722864368525952/252818_273384-2_IMG_01_0000_max_476x317.jpeg; https://media.rightmove.co.uk:443/dir/crop/10:9-16:9/253k/252818/722864368525952/252818_273384-2_IMG_02_0000_max_476x317.jpeg; https://media.rightmove.co.uk:443/dir/crop/10:9-16:9/253k/252818/722864368525952/252818_273384-2_IMG_03_0000_max_476x317.jpeg; https://media.rightmove.co.uk:443/dir/crop/10:9-16:9/253k/252818/722864368525952/252818_273384-2_IMG_04_0000_max_476x317.jpeg; https://media.rightmove.co.uk:443/dir/crop/10:9-16:9/253k/252818/722864368525952/252818_273384-2_IMG_05_0000_max_476x317.jpeg; https://media.rightmove.co.uk:443/dir/crop/10:9-16:9/253k/252818/722864368525952/252818_273384-2_IMG_06_0000_max_476x317.jpeg; https://media.rightmove.co.uk:443/dir/crop/10:9-16:9/253k/252818/722864368525952/252818_273384-2_IMG_07_0000_max_476x317.jpeg; https://media.rightmove.co.uk:443/dir/crop/10:9-16:9/253k/252818/722864368525952/252818_273384-2_IMG_08_0000_max_476x317.jpeg"
"716555145529504","Newcastle","Retail Property (high street)","Neighbourhood Retail Unit To Let in Walker, 4 Coutts Road, Walker, Newcastle upon Tyne, NE6 4RB","£579 pcm","","","","Neighbourhood Retail Unit To Let","https://www.rightmove.co.uk/properties/716555145529504#/?channel=COM_LET","2025-10-29T15:09:04Z","","new","Marketed by Sanderson Weatherall, Newcastle","","54.984567","-1.558942","https://media.rightmove.co.uk:443/dir/crop/10:9-16:9/262k/261938/716555145529504/261938_335918-2_IMG_00_0000_max_476x317.jpeg; https://media.rightmove.co.uk:443/dir/crop/10:9-16:9/262k/261938/716555145529504/261938_335918-2_IMG_01_0000_max_476x317.jpeg; https://media.rightmove.co.uk:443/dir/crop/10:9-16:9/262k/261938/716555145529504/261938_335918-2_IMG_02_0000_max_476x317.jpeg; https://media.rightmove.co.uk:443/dir/crop/10:9-16:9/262k/261938/716555145529504/261938_335918-2_IMG_03_0000_max_476x317.jpeg"
"168719849","Newcastle","Office","Heaton Road, Heaton , Newcastle upon Tyne, Tyne and Wear, NE6","£1,100 pcm","","","","COMMERCIAL SPACE IN THE HEART OF HEATON This well presented commercial property is in the Heart of Newcastle Heaton suburb, on a thriving high street location. ","https://www.rightmove.co.uk/properties/168719849#/?channel=COM_LET","2025-10-28T17:09:53Z","","new","Marketed by City and Suburb, Heaton","","54.984592","-1.581714","https://media.rightmove.co.uk:443/dir/crop/10:9-16:9/73k/72557/168719849/72557_10725008_IMG_00_0000_max_476x317.jpeg; https://media.rightmove.co.uk:443/dir/crop/10:9-16:9/73k/72557/168719849/72557_10725008_IMG_01_0000_max_476x317.jpeg; https://media.rightmove.co.uk:443/dir/crop/10:9-16:9/73k/72557/168719849/72557_10725008_IMG_02_0000_max_476x317.jpeg; https://media.rightmove.co.uk:443/dir/crop/10:9-16:9/73k/72557/168719849/72557_10725008_IMG_03_0000_max_476x317.jpeg; https://media.rightmove.co.uk:443/dir/crop/10:9-16:9/73k/72557/168719849/72557_10725008_IMG_04_0000_max_476x317.jpeg; https://media.rightmove.co.uk:443/dir/crop/10:9-16:9/73k/72557/168719849/72557_10725008_IMG_05_0000_max_476x317.jpeg; https://media.rightmove.co.uk:443/dir/crop/10:9-16:9/73k/72557/168719849/72557_10725008_IMG_06_0000_max_476x317.jpeg"
"143476244","Newcastle","Office","Two Holland Park, Block C, Holland Park, Newcastle upon Tyne, NE2 4LD","£1,813 pcm","","","","Two Holland Park comprises a modern two storey office building with high quality office space located within Holland Park.","https://www.rightmove.co.uk/properties/143476244#/?channel=COM_LET","2024-01-08T16:19:29Z","","new","Marketed by Savills, Newcastle - Offices","","54.982045","-1.63315","https://media.rightmove.co.uk:443/dir/crop/10:9-16:9/82k/81666/143476244/81666_181390-2_IMG_00_0000_max_476x317.jpeg; https://media.rightmove.co.uk:443/dir/crop/10:9-16:9/82k/81666/143476244/81666_181390-2_IMG_01_0000_max_476x317.jpeg; https://media.rightmove.co.uk:443/dir/crop/10:9-16:9/82k/81666/143476244/81666_181390-2_IMG_02_0000_max_476x317.jpeg; https://media.rightmove.co.uk:443/dir/crop/10:9-16:9/82k/81666/143476244/81666_181390-2_IMG_03_0000_max_476x317.jpeg; https://media.rightmove.co.uk:443/dir/crop/10:9-16:9/82k/81666/143476244/81666_181390-2_IMG_04_0000_max_476x317.jpeg; https://media.rightmove.co.uk:443/dir/crop/10:9-16:9/82k/81666/143476244/81666_181390-2_IMG_05_0000_max_476x317.jpeg"
"722864326585808","Newcastle","Office","Unit 14, Bankside, Gateshead, NE11 9SY","£1,070 pcm","","","","First floor office to let in the Watermark with a low service charge.","https://www.rightmove.co.uk/properties/722864326585808#/?channel=COM_LET","2025-12-03T10:52:06Z","","new","Marketed by Parker Knights, Newcastle","","54.962133","-1.671267","https://media.rightmove.co.uk:443/dir/crop/10:9-16:9/253k/252818/722864326585808/252818_273142-2_IMG_00_0000_max_476x317.jpeg; https://media.rightmove.co.uk:443/dir/crop/10:9-16:9/253k/252818/722864326585808/252818_273142-2_IMG_01_0000_max_476x317.jpeg; https://media.rightmove.co.uk:443/dir/crop/10:9-16:9/253k/252818/722864326585808/252818_273142-2_IMG_02_0000_max_476x317.jpeg; https://media.rightmove.co.uk:443/dir/crop/10:9-16:9/253k/252818/722864326585808/252818_273142-2_IMG_03_0000_max_476x317.jpeg; https://media.rightmove.co.uk:443/dir/crop/10:9-16:9/253k/252818/722864326585808/252818_273142-2_IMG_04_0000_max_476x317.jpeg; https://media.rightmove.co.uk:443/dir/crop/10:9-16:9/253k/252818/722864326585808/252818_273142-2_IMG_05_0000_max_476x317.jpeg"
"168685754","Newcastle","Leisure Facility","Quayside, Newcastle upon Tyne, Tyne and Wear, NE1 3DX","POA","","","","Former Restaurant Premises in a Prominent Location on Newcastle Quayside Quoting Rent £95000 Formerly Gusto, the property has a layout commensurate with an established restaurant operation but could be suitable for a range of alternative uses, subject to planning and other releva...","https://www.rightmove.co.uk/properties/168685754#/?channel=COM_LET","2025-10-28T09:39:47Z","","new","Marketed by Knight Frank, Newcastle - Commercial","","54.970937","-1.599722","https://media.rightmove.co.uk:443/dir/crop/10:9-16:9/156k/155516/168685754/155516_NCC012553056_IMG_00_0000_max_476x317.jpeg; https://media.rightmove.co.uk:443/dir/crop/10:9-16:9/156k/155516/168685754/155516_NCC012553056_IMG_01_0000_max_476x317.jpeg; https://media.rightmove.co.uk:443/dir/crop/10:9-16:9/156k/155516/168685754/155516_NCC012553056_IMG_02_0000_max_476x317.jpeg"
"148476113","Newcastle","Warehouse","Newburn Haugh Industrial Estate, Newcastle upon Tyne, NE15 8SG","POA","","","","Industrial Units to Let","https://www.rightmove.co.uk/properties/148476113#/?channel=COM_LET","2024-05-28T16:46:22Z","","size_change","Marketed by Savills, Newcastle - Industrial","","54.975939","-1.718934","https://media.rightmove.co.uk:443/dir/crop/10:9-16:9/239k/238871/148476113/238871_213370-2_IMG_05_0001_max_476x317.jpeg; https://media.rightmove.co.uk:443/dir/crop/10:9-16:9/239k/238871/148476113/238871_213370-2_IMG_03_0001_max_476x317.jpeg; https://media.rightmove.co.uk:443/dir/crop/10:9-16:9/239k/238871/148476113/238871_213370-2_IMG_01_0001_max_476x317.jpeg; https://media.rightmove.co.uk:443/dir/crop/10:9-16:9/239k/238871/148476113/238871_213370-2_IMG_04_0001_max_476x317.jpeg; https://media.rightmove.co.uk:443/dir/crop/10:9-16:9/239k/238871/148476113/238871_213370-2_IMG_00_0001_max_476x317.jpeg; https://media.rightmove.co.uk:443/dir/crop/10:9-16:9/239k/238871/148476113/238871_213370-2_IMG_07_0001_max_476x317.jpeg"
"722864574049905","Newcastle","Office","St Anns Quay, Newcastle upon Tyne, NE1 3BD","£8,030 pcm","","","","Two suites available at St Ann's Quay, 1,614 sq ft and 2,401 sq ft with parking","https://www.rightmove.co.uk/properties/722864574049905#/?channel=COM_LET","2025-12-03T10:58:09Z","","new","Marketed by Parker Knights, Newcastle","","54.971513","-1.596285","https://media.rightmove.co.uk:443/dir/crop/10:9-16:9/253k/252818/722864574049905/252818_334982-2_IMG_00_0000_max_476x317.jpeg; https://media.rightmove.co.uk:443/dir/crop/10:9-16:9/253k/252818/722864574049905/252818_334982-2_IMG_01_0000_max_476x317.jpeg; https://media.rightmove.co.uk:443/dir/crop/10:9-16:9/253k/252818/722864574049905/252818_334982-2_IMG_02_0000_max_476x317.jpeg; https://media.rightmove.co.uk:443/dir/crop/10:9-16:9/253k/252818/722864574049905/252818_334982-2_IMG_03_0000_max_476x317.jpeg; https://media.rightmove.co.uk:443/dir/crop/10:9-16:9/253k/252818/722864574049905/252818_334982-2_IMG_04_0000_max_476x317.jpeg; https://media.rightmove.co.uk:443/dir/crop/10:9-16:9/253k/252818/722864574049905/252818_334982-2_IMG_05_0000_max_476x317.jpeg; https://media.rightmove.co.uk:443/dir/crop/10:9-16:9/253k/252818/722864574049905/252818_334982-2_IMG_06_0000_max_476x317.jpeg"
"168552473","Newcastle","Land","Land at Shields / Depot Road, Heaton, Newcastle upon Tyne, NE6 2BZ","POA","","","","Secure Storage Site Measuring 0.86 acres (0.35 ha) GENERAL Available either in its entirety or in smaller plots, the site provides excellent external storage opportunities benefitting from the following: - Roadside frontage onto Shields Road - Regular hard core surfaced yard - Secure perimete...","https://www.rightmove.co.uk/properties/168552473#/?channel=COM_LET","2025-10-23T18:32:35Z","","new","Marketed by Knight Frank, Newcastle - Commercial","","54.981953","-1.570498","https://media.rightmove.co.uk:443/dir/crop/10:9-16:9/156k/155516/168552473/155516_NCC012548281_IMG_00_0000_max_476x317.jpeg; https://media.rightmove.co.uk:443/dir/crop/10:9-16:9/156k/155516/168552473/155516_NCC012548281_IMG_01_0000_max_476x317.jpeg; https://media.rightmove.co.uk:443/dir/crop/10:9-16:9/156k/155516/168552473/155516_NCC012548281_IMG_02_0000_max_476x317.jpeg; https://media.rightmove.co.uk:443/dir/crop/10:9-16:9/156k/155516/168552473/155516_NCC012548281_IMG_03_0000_max_476x317.jpeg; https://media.rightmove.co.uk:443/dir/crop/10:9-16:9/156k/155516/168552473/155516_NCC012548281_IMG_04_0000_max_476x317.jpeg; https://media.rightmove.co.uk:443/dir/crop/10:9-16:9/156k/155516/168552473/155516_NCC012548281_IMG_05_0000_max_476x317.jpeg; https://media.rightmove.co.uk:443/dir/crop/10:9-16:9/156k/155516/168552473/155516_NCC012548281_IMG_06_0000_max_476x317.jpeg; https://media.rightmove.co.uk:443/dir/crop/10:9-16:9/156k/155516/168552473/155516_NCC012548281_IMG_07_0000_max_476x317.jpeg; https://media.rightmove.co.uk:443/dir/crop/10:9-16:9/156k/155516/168552473/155516_NCC012548281_IMG_08_0000_max_476x317.jpeg; https://media.rightmove.co.uk:443/dir/crop/10:9-16:9/156k/155516/168552473/155516_NCC012548281_IMG_09_0000_max_476x317.jpeg"
"168537767","Newcastle","Office","Fourth Floor, Dean Street Arch , 22 Dean Street, Newcastle Upon Tyne, Tyne And Wear, NE1 1PG","£3,375 pcm","","","","Located on the Fourth Floor of Dean Street Arch, the property features a welcoming reception area, complemented by a secure entry and intercom system providing direct access to the suite. Internally, the office is finished to a high standard with contemporary décor including exposed ceilings and...","https://www.rightmove.co.uk/properties/168537767#/?channel=COM_LET","2025-10-23T15:00:05Z","","new","Marketed by Naylors Gavin Black LLP, Newcastle Upon Tyne","","54.970493","-1.609822","https://media.rightmove.co.uk:443/dir/crop/10:9-16:9/101k/100681/168537767/100681_3304LH_IMG_00_0000_max_476x317.jpeg; https://media.rightmove.co.uk:443/dir/crop/10:9-16:9/101k/100681/168537767/100681_3304LH_IMG_01_0000_max_476x317.jpeg; https://media.rightmove.co.uk:443/dir/crop/10:9-16:9/101k/100681/168537767/100681_3304LH_IMG_02_0000_max_476x317.jpeg; https://media.rightmove.co.uk:443/dir/crop/10:9-16:9/101k/100681/168537767/100681_3304LH_IMG_03_0000_max_476x317.jpeg; https://media.rightmove.co.uk:443/dir/crop/10:9-16:9/101k/100681/168537767/100681_3304LH_IMG_04_0000_max_476x317.jpeg; https://media.rightmove.co.uk:443/dir/crop/10:9-16:9/101k/100681/168537767/100681_3304LH_IMG_05_0000_max_476x317.jpeg; https://media.rightmove.co.uk:443/dir/crop/10:9-16:9/101k/100681/168537767/100681_3304LH_IMG_06_0000_max_476x317.jpeg; https://media.rightmove.co.uk:443/dir/crop/10:9-16:9/101k/100681/168537767/100681_3304LH_IMG_07_0000_max_476x317.jpeg"
"698589792418961","Newcastle","Mixed Use","Leisure Opportunity To Let/May Sell in Newcastle, Assembly Rooms, Fenkle Street, Newcastle upon Tyne, NE1 5XU","POA","","","","Newcastle City Centre Leisure Opportunity To Let/May Sell","https://www.rightmove.co.uk/properties/698589792418961#/?channel=COM_LET","2025-10-23T12:58:07Z","","new","Marketed by Sanderson Weatherall, Newcastle","","54.970572","-1.617178","https://media.rightmove.co.uk:443/dir/crop/10:9-16:9/262k/261938/698589792418961/261938_208123-2_IMG_00_0001_max_476x317.jpeg; https://media.rightmove.co.uk:443/dir/crop/10:9-16:9/262k/261938/698589792418961/261938_208123-2_IMG_01_0001_max_476x317.jpeg; https://media.rightmove.co.uk:443/dir/crop/10:9-16:9/262k/261938/698589792418961/261938_208123-2_IMG_02_0001_max_476x317.jpeg; https://media.rightmove.co.uk:443/dir/crop/10:9-16:9/262k/261938/698589792418961/261938_208123-2_IMG_03_0001_max_476x317.jpeg; https://media.rightmove.co.uk:443/dir/crop/10:9-16:9/262k/261938/698589792418961/261938_208123-2_IMG_04_0001_max_476x317.jpeg; https://media.rightmove.co.uk:443/dir/crop/10:9-16:9/262k/261938/698589792418961/261938_208123-2_IMG_05_0001_max_476x317.jpeg"
"698589916148033","Newcastle","Office","Office To Let in Jesmond, 75 Osborne Road, Jesmond, Newcastle upon Tyne, NE2 2AN","£5,833 pcm","","","","Office To Let","https://www.rightmove.co.uk/properties/698589916148033#/?channel=COM_LET","2025-10-23T12:48:07Z","","new","Marketed by Sanderson Weatherall, Newcastle","","54.99166","-1.604258","https://media.rightmove.co.uk:443/dir/crop/10:9-16:9/262k/261938/698589916148033/261938_292314-2_IMG_00_0001_max_476x317.jpeg; https://media.rightmove.co.uk:443/dir/crop/10:9-16:9/262k/261938/698589916148033/261938_292314-2_IMG_01_0001_max_476x317.jpeg; https://media.rightmove.co.uk:443/dir/crop/10:9-16:9/262k/261938/698589916148033/261938_292314-2_IMG_02_0001_max_476x317.jpeg; https://media.rightmove.co.uk:443/dir/crop/10:9-16:9/262k/261938/698589916148033/261938_292314-2_IMG_03_0001_max_476x317.jpeg"
"698589150688592","Newcastle","Restaurant","Restaurant Opportunity To Let in Newcastle, Stockbridge House, Newcastle upon Tyne, NE1 2HJ","£10,000 pcm","","","","Restaurant Opportunity To Let","https://www.rightmove.co.uk/properties/698589150688592#/?channel=COM_LET","2025-10-23T12:39:10Z","","new","Marketed by Sanderson Weatherall, Newcastle","","54.971047","-1.605286","https://media.rightmove.co.uk:443/dir/crop/10:9-16:9/262k/261938/698589150688592/261938_224229-2_IMG_00_0001_max_476x317.png; https://media.rightmove.co.uk:443/dir/crop/10:9-16:9/262k/261938/698589150688592/261938_224229-2_IMG_01_0001_max_476x317.jpeg; https://media.rightmove.co.uk:443/dir/crop/10:9-16:9/262k/261938/698589150688592/261938_224229-2_IMG_02_0001_max_476x317.jpeg; https://media.rightmove.co.uk:443/dir/crop/10:9-16:9/262k/261938/698589150688592/261938_224229-2_IMG_03_0001_max_476x317.jpeg"
"718105515639921","Newcastle","Retail Property (high street)","Retail Unit To Let in Shieldfield 34, 34 Wretham Place, Newcastle upon Tyne, NE2 1XU","£708 pcm","","","","Neighbourhood Retail Unit To Let","https://www.rightmove.co.uk/properties/718105515639921#/?channel=COM_LET","2025-11-27T04:32:05Z","","new","Marketed by Sanderson Weatherall, Newcastle","","54.977024","-1.60029","https://media.rightmove.co.uk:443/dir/crop/10:9-16:9/262k/261938/718105515639921/261938_302607-2_IMG_00_0000_max_476x317.png; https://media.rightmove.co.uk:443/dir/crop/10:9-16:9/262k/261938/718105515639921/261938_302607-2_IMG_01_0000_max_476x317.jpeg; https://media.rightmove.co.uk:443/dir/crop/10:9-16:9/262k/261938/718105515639921/261938_302607-2_IMG_02_0000_max_476x317.jpeg; https://media.rightmove.co.uk:443/dir/crop/10:9-16:9/262k/261938/718105515639921/261938_302607-2_IMG_03_0000_max_476x317.jpeg; https://media.rightmove.co.uk:443/dir/crop/10:9-16:9/262k/261938/718105515639921/261938_302607-2_IMG_04_0000_max_476x317.jpeg"
"719269189434752","Newcastle","Retail Property (high street)","Retail Unit To Let at The Arches on Westgate Road, Arch 7, Westgate Road, Newcastle upon Tyne, NE1 1SA","£2,300 pcm","","","","City Centre Retail Unit To Let","https://www.rightmove.co.uk/properties/719269189434752#/?channel=COM_LET","2025-11-13T14:39:06Z","","new","Marketed by Sanderson Weatherall, Newcastle","","54.96949","-1.613034","https://media.rightmove.co.uk:443/dir/crop/10:9-16:9/property-photo/032e1c2c2/719269189434752/032e1c2c26abb54e27354425498425cf_max_476x317.jpeg; https://media.rightmove.co.uk:443/dir/crop/10:9-16:9/property-photo/e8fde0123/719269189434752/e8fde0123d0019d008d430659c73180b_max_476x317.jpeg; https://media.rightmove.co.uk:443/dir/crop/10:9-16:9/property-photo/a3148cef8/719269189434752/a3148cef855dc477757d109c4366afae_max_476x317.jpeg; https://media.rightmove.co.uk:443/dir/crop/10:9-16:9/property-photo/d89720553/719269189434752/d89720553afa26eaf60afe85ea9e1424_max_476x317.jpeg"
"698589001791969","Newcastle","Office","Office Units To Let in Gosforth, Bakers Yard, Christon Road, Gosforth Industrial Estate, Newcastle Upon Tyne, NE3 1XD","£6,667 pcm","","","","Industrial Units To Let Gosforth Newcastle upon Tyne","https://www.rightmove.co.uk/properties/698589001791969#/?channel=COM_LET","2025-10-23T12:39:08Z","","new","Marketed by Sanderson Weatherall, Newcastle","","55.009274","-1.60779","https://media.rightmove.co.uk:443/dir/crop/10:9-16:9/262k/261938/698589001791969/261938_181053-2_IMG_00_0001_max_476x317.jpeg; https://media.rightmove.co.uk:443/dir/crop/10:9-16:9/262k/261938/698589001791969/261938_181053-2_IMG_01_0001_max_476x317.jpeg; https://media.rightmove.co.uk:443/dir/crop/10:9-16:9/262k/261938/698589001791969/261938_181053-2_IMG_02_0001_max_476x317.jpeg; https://media.rightmove.co.uk:443/dir/crop/10:9-16:9/262k/261938/698589001791969/261938_181053-2_IMG_03_0001_max_476x317.jpeg; https://media.rightmove.co.uk:443/dir/crop/10:9-16:9/262k/261938/698589001791969/261938_181053-2_IMG_04_0001_max_476x317.jpeg"
"698589429608193","Newcastle","Retail Property (high street)","Retail Unit To Let in Shieldfield 32, 32 Wretham Place, Newcastle upon Tyne, NE2 1XU","£708 pcm","","","","Neighbourhood Retail Unit To Let","https://www.rightmove.co.uk/properties/698589429608193#/?channel=COM_LET","2025-10-23T12:39:06Z","","new","Marketed by Sanderson Weatherall, Newcastle","","54.976965","-1.600669","https://media.rightmove.co.uk:443/dir/crop/10:9-16:9/262k/261938/698589429608193/261938_302604-2_IMG_00_0001_max_476x317.png; https://media.rightmove.co.uk:443/dir/crop/10:9-16:9/262k/261938/698589429608193/261938_302604-2_IMG_01_0001_max_476x317.jpeg; https://media.rightmove.co.uk:443/dir/crop/10:9-16:9/262k/261938/698589429608193/261938_302604-2_IMG_02_0001_max_476x317.jpeg; https://media.rightmove.co.uk:443/dir/crop/10:9-16:9/262k/261938/698589429608193/261938_302604-2_IMG_03_0001_max_476x317.jpeg; https://media.rightmove.co.uk:443/dir/crop/10:9-16:9/262k/261938/698589429608193/261938_302604-2_IMG_04_0001_max_476x317.jpeg"
"711282972459473","Newcastle","Office","Refurbished Office Suites To Let in Ouseburn, Cluny Annex, 36 Lime Street, Newcastle upon Tyne, NE1 2PQ","£1,576 pcm","","","","Refurbished Office Suites To Let","https://www.rightmove.co.uk/properties/711282972459473#/?channel=COM_LET","2025-10-23T12:12:07Z","","new","Marketed by Sanderson Weatherall, Newcastle","","54.974931","-1.592376","https://media.rightmove.co.uk:443/dir/crop/10:9-16:9/262k/261938/711282972459473/261938_181191-2_IMG_00_0001_max_476x317.jpeg; https://media.rightmove.co.uk:443/dir/crop/10:9-16:9/262k/261938/711282972459473/261938_181191-2_IMG_01_0001_max_476x317.jpeg; https://media.rightmove.co.uk:443/dir/crop/10:9-16:9/262k/261938/711282972459473/261938_181191-2_IMG_02_0001_max_476x317.jpeg; https://media.rightmove.co.uk:443/dir/crop/10:9-16:9/262k/261938/711282972459473/261938_181191-2_IMG_03_0001_max_476x317.jpeg; https://media.rightmove.co.uk:443/dir/crop/10:9-16:9/262k/261938/711282972459473/261938_181191-2_IMG_04_0001_max_476x317.jpeg; https://media.rightmove.co.uk:443/dir/crop/10:9-16:9/262k/261938/711282972459473/261938_181191-2_IMG_05_0001_max_476x317.jpeg; https://media.rightmove.co.uk:443/dir/crop/10:9-16:9/262k/261938/711282972459473/261938_181191-2_IMG_06_0001_max_476x317.jpeg; https://media.rightmove.co.uk:443/dir/crop/10:9-16:9/262k/261938/711282972459473/261938_181191-2_IMG_07_0001_max_476x317.jpeg; https://media.rightmove.co.uk:443/dir/crop/10:9-16:9/262k/261938/711282972459473/261938_181191-2_IMG_08_0001_max_476x317.jpeg"
"145516943","Newcastle","Warehouse","Hawick Crescent Trading Estate, Newcastle upon Tyne, Tyne & Wear, NE6 1AS","£1,670 pcm","From","","","Industrial units available to let in Newcastle. Units include steel portal frame construction and roller shutter doors.","https://www.rightmove.co.uk/properties/145516943#/?channel=COM_LET","2024-03-08T10:59:49Z","","size_change","Marketed by Mileway Real Estate UK Limited, Newcastle","","54.9695","-1.5825","https://media.rightmove.co.uk:443/dir/crop/10:9-16:9/107k/106865/145516943/106865_6RDh3U67pyKMxs9WQVjOW7_IMG_00_0001_max_476x317.jpeg; https://media.rightmove.co.uk:443/dir/crop/10:9-16:9/107k/106865/145516943/106865_6RDh3U67pyKMxs9WQVjOW7_IMG_01_0001_max_476x317.jpeg; https://media.rightmove.co.uk:443/dir/crop/10:9-16:9/107k/106865/145516943/106865_6RDh3U67pyKMxs9WQVjOW7_IMG_02_0001_max_476x317.jpeg; https://media.rightmove.co.uk:443/dir/crop/10:9-16:9/107k/106865/145516943/106865_6RDh3U67pyKMxs9WQVjOW7_IMG_03_0001_max_476x317.jpeg; https://media.rightmove.co.uk:443/dir/crop/10:9-16:9/107k/106865/145516943/106865_6RDh3U67pyKMxs9WQVjOW7_IMG_04_0001_max_476x317.jpeg; https://media.rightmove.co.uk:443/dir/crop/10:9-16:9/107k/106865/145516943/106865_6RDh3U67pyKMxs9WQVjOW7_IMG_05_0001_max_476x317.jpeg; https://media.rightmove.co.uk:443/dir/crop/10:9-16:9/107k/106865/145516943/106865_6RDh3U67pyKMxs9WQVjOW7_IMG_06_0000_max_476x317.jpeg; https://media.rightmove.co.uk:443/dir/crop/10:9-16:9/107k/106865/145516943/106865_6RDh3U67pyKMxs9WQVjOW7_IMG_07_0000_max_476x317.jpeg; https://media.rightmove.co.uk:443/dir/crop/10:9-16:9/107k/106865/145516943/106865_6RDh3U67pyKMxs9WQVjOW7_IMG_08_0000_max_476x317.jpeg; https://media.rightmove.co.uk:443/dir/crop/10:9-16:9/107k/106865/145516943/106865_6RDh3U67pyKMxs9WQVjOW7_IMG_09_0000_max_476x317.jpeg"
"168515756","Newcastle","Retail Property (high street)","Grainger Street, Newcastle Upon Tyne, NE1","£4,875 pcm","","","","The subject property (Grade 1 listed) fronts onto Grainger Street which links Newcastle Central Station and Grey's Monument. Close proximity to the Theatre Royal and Grey Street. Adjacent to one of the entrances to the popular Grainger Market. Potential for basement sales/additional covers.","https://www.rightmove.co.uk/properties/168515756#/?channel=COM_LET","2025-10-23T10:02:34Z","","new","Marketed by BARKER PROUDLOVE LIMITED, Leeds","","54.97262","-1.61443","https://media.rightmove.co.uk:443/dir/crop/10:9-16:9/229k/228959/168515756/228959_111-115_Grainger_Street_IMG_00_0000_max_476x317.jpeg; https://media.rightmove.co.uk:443/dir/crop/10:9-16:9/229k/228959/168515756/228959_111-115_Grainger_Street_IMG_01_0000_max_476x317.jpeg"
"164076533","Newcastle","Commercial Property","Bentinck Road, Fenham, Newcastle upon Tyne, NE4","£1,000 pcm","","","","Price on Application -Luxury Office Space to rent - Contact us for more information or to arrange a viewing.","https://www.rightmove.co.uk/properties/164076533#/?channel=COM_LET","2025-07-02T15:41:55Z","","price_reduced","Marketed by Northwood, Newcastle","","54.97343","-1.64379","https://media.rightmove.co.uk:443/dir/crop/10:9-16:9/12k/11312/164076533/11312_P4249_IMG_05_0000_max_476x317.jpeg; https://media.rightmove.co.uk:443/dir/crop/10:9-16:9/12k/11312/164076533/11312_P4249_IMG_03_0000_max_476x317.jpeg; https://media.rightmove.co.uk:443/dir/crop/10:9-16:9/12k/11312/164076533/11312_P4249_IMG_01_0000_max_476x317.jpeg; https://media.rightmove.co.uk:443/dir/crop/10:9-16:9/12k/11312/164076533/11312_P4249_IMG_02_0000_max_476x317.jpeg; https://media.rightmove.co.uk:443/dir/crop/10:9-16:9/12k/11312/164076533/11312_P4249_IMG_04_0000_max_476x317.jpeg; https://media.rightmove.co.uk:443/dir/crop/10:9-16:9/12k/11312/164076533/11312_P4249_IMG_00_0000_max_476x317.jpeg"
"115524227","Newcastle","Office","St Ann's Quay, Quayside, Newcastle Upon Tyne, NE1","£3,225 pcm","","","1","St Ann's Quay comprises a mixed use building arranged over ground and ten upper floors. The commercial space is over ground, first and second floors. The available suite is located on the First floor, providing circa 1,600 sq ft office space. ","https://www.rightmove.co.uk/properties/115524227#/?channel=COM_LET","2025-10-20T11:01:31Z","","size_change","Marketed by Adderstone Asset Management Limited, Newcastle","","54.9713","-1.59694","https://media.rightmove.co.uk:443/dir/crop/10:9-16:9/181k/180227/115524227/180227_StAnnsGF_IMG_04_0000_max_476x317.jpeg; https://media.rightmove.co.uk:443/dir/crop/10:9-16:9/181k/180227/115524227/180227_StAnnsFF_IMG_05_0001_max_476x317.jpeg; https://media.rightmove.co.uk:443/dir/crop/10:9-16:9/181k/180227/115524227/180227_StAnnsFF_IMG_06_0001_max_476x317.jpeg; https://media.rightmove.co.uk:443/dir/crop/10:9-16:9/181k/180227/115524227/180227_StAnnsFF_IMG_07_0001_max_476x317.jpeg; https://media.rightmove.co.uk:443/dir/crop/10:9-16:9/181k/180227/115524227/180227_StAnnsFF_IMG_08_0001_max_476x317.jpeg; https://media.rightmove.co.uk:443/dir/crop/10:9-16:9/181k/180227/115524227/180227_StAnnsFF_IMG_09_0001_max_476x317.jpeg; https://media.rightmove.co.uk:443/dir/crop/10:9-16:9/181k/180227/115524227/180227_StAnnsFF_IMG_10_0000_max_476x317.jpeg; https://media.rightmove.co.uk:443/dir/crop/10:9-16:9/181k/180227/115524227/180227_StAnnsFF_IMG_11_0000_max_476x317.jpeg; https://media.rightmove.co.uk:443/dir/crop/10:9-16:9/181k/180227/115524227/180227_StAnnsFF_IMG_12_0000_max_476x317.jpeg; https://media.rightmove.co.uk:443/dir/crop/10:9-16:9/181k/180227/115524227/180227_StAnnsFF_IMG_13_0000_max_476x317.jpeg; https://media.rightmove.co.uk:443/dir/crop/10:9-16:9/181k/180227/115524227/180227_StAnnsFF_IMG_14_0000_max_476x317.jpeg; https://media.rightmove.co.uk:443/dir/crop/10:9-16:9/181k/180227/115524227/180227_StAnnsFF_IMG_15_0000_max_476x317.jpeg; https://media.rightmove.co.uk:443/dir/crop/10:9-16:9/181k/180227/115524227/180227_StAnnsFF_IMG_16_0000_max_476x317.jpeg; https://media.rightmove.co.uk:443/dir/crop/10:9-16:9/181k/180227/115524227/180227_StAnnsFF_IMG_17_0000_max_476x317.jpeg"
"123415991","Newcastle","Office","St Ann's Quay, Quayside, Newcastle Upon Tyne, NE1","POA","","","","Grade A, Ground floor office suite in prime Newcastle Quayside location. Providing circa 2,400 sq ft of newly refurbished office space, with stunning views, private balconies & generous parking allocation. ","https://www.rightmove.co.uk/properties/123415991#/?channel=COM_LET","2022-05-16T17:44:12Z","","size_change","Marketed by Adderstone Asset Management Limited, Newcastle","","54.9713","-1.59694","https://media.rightmove.co.uk:443/dir/crop/10:9-16:9/181k/180227/123415991/180227_WestStAnns_IMG_18_0000_max_476x317.jpeg; https://media.rightmove.co.uk:443/dir/crop/10:9-16:9/181k/180227/123415991/180227_WestStAnns_IMG_24_0000_max_476x317.jpeg; https://media.rightmove.co.uk:443/dir/crop/10:9-16:9/181k/180227/123415991/180227_WestStAnns_IMG_25_0000_max_476x317.jpeg; https://media.rightmove.co.uk:443/dir/crop/10:9-16:9/181k/180227/123415991/180227_WestStAnns_IMG_16_0000_max_476x317.jpeg; https://media.rightmove.co.uk:443/dir/crop/10:9-16:9/181k/180227/123415991/180227_WestStAnns_IMG_27_0000_max_476x317.jpeg; https://media.rightmove.co.uk:443/dir/crop/10:9-16:9/181k/180227/123415991/180227_WestStAnns_IMG_01_0000_max_476x317.jpeg; https://media.rightmove.co.uk:443/dir/crop/10:9-16:9/181k/180227/123415991/180227_WestStAnns_IMG_23_0000_max_476x317.jpeg; https://media.rightmove.co.uk:443/dir/crop/10:9-16:9/181k/180227/123415991/180227_WestStAnns_IMG_22_0000_max_476x317.jpeg; https://media.rightmove.co.uk:443/dir/crop/10:9-16:9/181k/180227/123415991/180227_WestStAnns_IMG_00_0000_max_476x317.jpeg; https://media.rightmove.co.uk:443/dir/crop/10:9-16:9/181k/180227/123415991/180227_WestStAnns_IMG_05_0000_max_476x317.jpeg; https://media.rightmove.co.uk:443/dir/crop/10:9-16:9/181k/180227/123415991/180227_WestStAnns_IMG_17_0000_max_476x317.jpeg; https://media.rightmove.co.uk:443/dir/crop/10:9-16:9/181k/180227/123415991/180227_WestStAnns_IMG_26_0000_max_476x317.jpeg; https://media.rightmove.co.uk:443/dir/crop/10:9-16:9/181k/180227/123415991/180227_WestStAnns_IMG_13_0000_max_476x317.jpeg; https://media.rightmove.co.uk:443/dir/crop/10:9-16:9/181k/180227/123415991/180227_WestStAnns_IMG_14_0000_max_476x317.jpeg; https://media.rightmove.co.uk:443/dir/crop/10:9-16:9/181k/180227/123415991/180227_WestStAnns_IMG_15_0000_max_476x317.jpeg; https://media.rightmove.co.uk:443/dir/crop/10:9-16:9/181k/180227/123415991/180227_WestStAnns_IMG_19_0000_max_476x317.jpeg; https://media.rightmove.co.uk:443/dir/crop/10:9-16:9/181k/180227/123415991/180227_WestStAnns_IMG_20_0000_max_476x317.jpeg; https://media.rightmove.co.uk:443/dir/crop/10:9-16:9/181k/180227/123415991/180227_WestStAnns_IMG_21_0000_max_476x317.jpeg; https://media.rightmove.co.uk:443/dir/crop/10:9-16:9/181k/180227/123415991/180227_WestStAnns_IMG_29_0000_max_476x317.jpeg; https://media.rightmove.co.uk:443/dir/crop/10:9-16:9/181k/180227/123415991/180227_WestStAnns_IMG_28_0000_max_476x317.jpeg"
"168280247","Newcastle","Light Industrial","Mylord Crescent, Camperdown Industrial Estate, Killingworth, Tyne and Wear, NE12 5UJ","£13,333 pcm","","","","Detached industrial unit comprising 4 bays of warehouse/workshop plus single storey offices and amenity. The office and amenity are contained within a single storey projection to the front of the building. Externally the secure site has an extensive area of concrete hard standing to the front, wi...","https://www.rightmove.co.uk/properties/168280247#/?channel=COM_LET","2025-10-16T20:01:45Z","","new","Marketed by HTA REAL ESTATE LIMITED, Newcastle","","55.041311","-1.583111","https://media.rightmove.co.uk:443/dir/crop/10:9-16:9/property-photo/7067a7745/168280247/7067a774548e198f7134ab30c294dc52_max_476x317.jpeg; https://media.rightmove.co.uk:443/dir/crop/10:9-16:9/property-photo/f614919f5/168280247/f614919f570965b64dc6a70c367b72cb_max_476x317.jpeg; https://media.rightmove.co.uk:443/dir/crop/10:9-16:9/property-photo/b3adb0053/168280247/b3adb005350da98be73dbe70ecdaf98e_max_476x317.jpeg; https://media.rightmove.co.uk:443/dir/crop/10:9-16:9/property-photo/6244ce250/168280247/6244ce250ed215beec082c3c55131e23_max_476x317.jpeg; https://media.rightmove.co.uk:443/dir/crop/10:9-16:9/property-photo/4cc0d095b/168280247/4cc0d095b57fd9cb6aae5dd371473dff_max_476x317.jpeg; https://media.rightmove.co.uk:443/dir/crop/10:9-16:9/property-photo/98b55bb60/168280247/98b55bb60644e684b2b57e7eb97e832a_max_476x317.jpeg; https://media.rightmove.co.uk:443/dir/crop/10:9-16:9/property-photo/ef3d32cd0/168280247/ef3d32cd0c65e604e00d59efdc903351_max_476x317.jpeg; https://media.rightmove.co.uk:443/dir/crop/10:9-16:9/property-photo/e81d1057e/168280247/e81d1057e17ed3d09aa4504bf007d40d_max_476x317.jpeg; https://media.rightmove.co.uk:443/dir/crop/10:9-16:9/property-photo/b7ee63e16/168280247/b7ee63e1689dca80a462aec6d532c9f8_max_476x317.jpeg; https://media.rightmove.co.uk:443/dir/crop/10:9-16:9/property-photo/f386f3f2f/168280247/f386f3f2f072e332bf0c7dbc12503673_max_476x317.jpeg; https://media.rightmove.co.uk:443/dir/crop/10:9-16:9/property-photo/e5f7e26fa/168280247/e5f7e26fa8dabe9cc97b5aed17944ccb_max_476x317.jpeg; https://media.rightmove.co.uk:443/dir/crop/10:9-16:9/property-photo/efa423644/168280247/efa423644266682b40d81d71af31c0af_max_476x317.jpeg; https://media.rightmove.co.uk:443/dir/crop/10:9-16:9/property-photo/8e2f75e4b/168280247/8e2f75e4b84dbcbf519c28c75de4e5e5_max_476x317.jpeg; https://media.rightmove.co.uk:443/dir/crop/10:9-16:9/property-photo/6949adc75/168280247/6949adc755aed1084b05701be7caded0_max_476x317.jpeg; https://media.rightmove.co.uk:443/dir/crop/10:9-16:9/property-photo/9091a2705/168280247/9091a27051db8a39125ddb0fe7b1826d_max_476x317.jpeg; https://media.rightmove.co.uk:443/dir/crop/10:9-16:9/property-photo/0772a8f8d/168280247/0772a8f8db1d1f85fc0edd410c06a344_max_476x317.jpeg; https://media.rightmove.co.uk:443/dir/crop/10:9-16:9/property-photo/260f94897/168280247/260f9489716f6422dc3b98a42720b530_max_476x317.jpeg; https://media.rightmove.co.uk:443/dir/crop/10:9-16:9/property-photo/fb98859d4/168280247/fb98859d421142611cd1d023324ea4cb_max_476x317.jpeg"
"722864569852481","Newcastle","Office","Media Exchange 2, Coquet Street, Ouseburn, Newcastle upon Tyne, NE1 2QB","£2,284 pcm","","","","2,193 sq ft modern, self-contained office building arranged over two floors with an additional mezzanine level. Available fully fitted.","https://www.rightmove.co.uk/properties/722864569852481#/?channel=COM_LET","2025-12-03T10:58:05Z","","size_change","Marketed by Parker Knights, Newcastle","","54.975092","-1.593942","https://media.rightmove.co.uk:443/dir/crop/10:9-16:9/253k/252818/722864569852481/252818_334740-2_IMG_00_0000_max_476x317.jpeg; https://media.rightmove.co.uk:443/dir/crop/10:9-16:9/253k/252818/722864569852481/252818_334740-2_IMG_01_0000_max_476x317.jpeg; https://media.rightmove.co.uk:443/dir/crop/10:9-16:9/253k/252818/722864569852481/252818_334740-2_IMG_02_0000_max_476x317.jpeg; https://media.rightmove.co.uk:443/dir/crop/10:9-16:9/253k/252818/722864569852481/252818_334740-2_IMG_03_0000_max_476x317.jpeg; https://media.rightmove.co.uk:443/dir/crop/10:9-16:9/253k/252818/722864569852481/252818_334740-2_IMG_04_0000_max_476x317.jpeg; https://media.rightmove.co.uk:443/dir/crop/10:9-16:9/253k/252818/722864569852481/252818_334740-2_IMG_05_0000_max_476x317.jpeg; https://media.rightmove.co.uk:443/dir/crop/10:9-16:9/253k/252818/722864569852481/252818_334740-2_IMG_06_0000_max_476x317.jpeg; https://media.rightmove.co.uk:443/dir/crop/10:9-16:9/253k/252818/722864569852481/252818_334740-2_IMG_07_0000_max_476x317.jpeg; https://media.rightmove.co.uk:443/dir/crop/10:9-16:9/253k/252818/722864569852481/252818_334740-2_IMG_08_0000_max_476x317.jpeg; https://media.rightmove.co.uk:443/dir/crop/10:9-16:9/253k/252818/722864569852481/252818_334740-2_IMG_09_0000_max_476x317.jpeg; https://media.rightmove.co.uk:443/dir/crop/10:9-16:9/253k/252818/722864569852481/252818_334740-2_IMG_10_0000_max_476x317.jpeg; https://media.rightmove.co.uk:443/dir/crop/10:9-16:9/253k/252818/722864569852481/252818_334740-2_IMG_11_0000_max_476x317.jpeg; https://media.rightmove.co.uk:443/dir/crop/10:9-16:9/253k/252818/722864569852481/252818_334740-2_IMG_12_0000_max_476x317.jpeg; https://media.rightmove.co.uk:443/dir/crop/10:9-16:9/253k/252818/722864569852481/252818_334740-2_IMG_13_0000_max_476x317.jpeg; https://media.rightmove.co.uk:443/dir/crop/10:9-16:9/253k/252818/722864569852481/252818_334740-2_IMG_14_0000_max_476x317.jpeg; https://media.rightmove.co.uk:443/dir/crop/10:9-16:9/253k/252818/722864569852481/252818_334740-2_IMG_15_0000_max_476x317.jpeg; https://media.rightmove.co.uk:443/dir/crop/10:9-16:9/253k/252818/722864569852481/252818_334740-2_IMG_16_0000_max_476x317.jpeg; https://media.rightmove.co.uk:443/dir/crop/10:9-16:9/253k/252818/722864569852481/252818_334740-2_IMG_17_0000_max_476x317.jpeg"
"87343962","Newcastle","Office","301 Hive Tree, Newcastle Upon Tyne, NE1","£2,450 pcm","","","","Hive Tree Newcastle offers a fully connected workspace featuring high-speed internet of up to 1Gbps, individual intercom systems, smart app-controlled media, lighting, and heating, as well as private kitchens and kitchenettes. Each office comes fully furnished to a modern, professional standard.<...","https://www.rightmove.co.uk/properties/87343962#/?channel=COM_LET","2025-10-16T14:20:22Z","","size_change","Marketed by Bradley Hall, Newcastle Upon Tyne","","54.971149","-1.614501","https://media.rightmove.co.uk:443/dir/crop/10:9-16:9/283k/282893/87343962/282893_CMR250176_L_IMG_00_0001_max_476x317.jpeg; https://media.rightmove.co.uk:443/dir/crop/10:9-16:9/283k/282893/87343962/282893_CMR250176_L_IMG_01_0001_max_476x317.jpeg; https://media.rightmove.co.uk:443/dir/crop/10:9-16:9/283k/282893/87343962/282893_CMR250176_L_IMG_02_0001_max_476x317.jpeg; https://media.rightmove.co.uk:443/dir/crop/10:9-16:9/283k/282893/87343962/282893_CMR250176_L_IMG_03_0001_max_476x317.jpeg; https://media.rightmove.co.uk:443/dir/crop/10:9-16:9/283k/282893/87343962/282893_CMR250176_L_IMG_04_0001_max_476x317.jpeg; https://media.rightmove.co.uk:443/dir/crop/10:9-16:9/283k/282893/87343962/282893_CMR250176_L_IMG_05_0001_max_476x317.jpeg; https://media.rightmove.co.uk:443/dir/crop/10:9-16:9/283k/282893/87343962/282893_CMR250176_L_IMG_06_0000_max_476x317.jpeg"
"161365097","Newcastle","Serviced Office","St. James Gate, Newcastle Upon Tyne, NE1","£9,390 pcm","From","","","Located in a prestigious city centre address, St James' Gate Newcastle is an ideal location to base your business. St James Gate will be at the heart of an increasingly important business, leisure and residential district of Newcastle City Centre.","https://www.rightmove.co.uk/properties/161365097#/?channel=COM_LET","2025-05-01T10:53:01Z","","new","Marketed by Orega, London","","54.96637","-1.62155","https://media.rightmove.co.uk:443/dir/crop/10:9-16:9/143k/142841/161365097/142841_newcastlev4_IMG_14_0000_max_476x317.jpeg; https://media.rightmove.co.uk:443/dir/crop/10:9-16:9/143k/142841/161365097/142841_newcastlev4_IMG_05_0000_max_476x317.jpeg; https://media.rightmove.co.uk:443/dir/crop/10:9-16:9/143k/142841/161365097/142841_newcastlev4_IMG_03_0000_max_476x317.jpeg; https://media.rightmove.co.uk:443/dir/crop/10:9-16:9/143k/142841/161365097/142841_newcastlev4_IMG_01_0000_max_476x317.jpeg; https://media.rightmove.co.uk:443/dir/crop/10:9-16:9/143k/142841/161365097/142841_newcastlev4_IMG_13_0000_max_476x317.jpeg; https://media.rightmove.co.uk:443/dir/crop/10:9-16:9/143k/142841/161365097/142841_newcastlev4_IMG_12_0000_max_476x317.jpeg; https://media.rightmove.co.uk:443/dir/crop/10:9-16:9/143k/142841/161365097/142841_newcastlev4_IMG_00_0000_max_476x317.jpeg; https://media.rightmove.co.uk:443/dir/crop/10:9-16:9/143k/142841/161365097/142841_newcastlev4_IMG_04_0000_max_476x317.jpeg; https://media.rightmove.co.uk:443/dir/crop/10:9-16:9/143k/142841/161365097/142841_newcastlev4_IMG_10_0000_max_476x317.jpeg; https://media.rightmove.co.uk:443/dir/crop/10:9-16:9/143k/142841/161365097/142841_newcastlev4_IMG_06_0000_max_476x317.jpeg; https://media.rightmove.co.uk:443/dir/crop/10:9-16:9/143k/142841/161365097/142841_newcastlev4_IMG_08_0000_max_476x317.jpeg; https://media.rightmove.co.uk:443/dir/crop/10:9-16:9/143k/142841/161365097/142841_newcastlev4_IMG_02_0000_max_476x317.jpeg; https://media.rightmove.co.uk:443/dir/crop/10:9-16:9/143k/142841/161365097/142841_newcastlev4_IMG_09_0000_max_476x317.jpeg; https://media.rightmove.co.uk:443/dir/crop/10:9-16:9/143k/142841/161365097/142841_newcastlev4_IMG_11_0000_max_476x317.jpeg; https://media.rightmove.co.uk:443/dir/crop/10:9-16:9/143k/142841/161365097/142841_newcastlev4_IMG_07_0000_max_476x317.jpeg"
"160117145","Newcastle","Serviced Office","St. James Gate, Newcastle Upon Tyne, NE1","POA","","","","Located in a prestigious city centre address, St James' Gate Newcastle is an ideal location to base your business. St James Gate will be at the heart of an increasingly important business, leisure and residential district of Newcastle City Centre.","https://www.rightmove.co.uk/properties/160117145#/?channel=COM_LET","2025-04-04T14:54:10Z","","new","Marketed by Orega, London","","54.96637","-1.62155","https://media.rightmove.co.uk:443/dir/crop/10:9-16:9/property-photo/56ae3577e/160117145/56ae3577ee458a8c04c5da0ef6952d05_max_476x317.jpeg; https://media.rightmove.co.uk:443/dir/crop/10:9-16:9/property-photo/55a06cd7f/160117145/55a06cd7ffff51ae24f1021f0cdf1764_max_476x317.jpeg; https://media.rightmove.co.uk:443/dir/crop/10:9-16:9/property-photo/e9791d317/160117145/e9791d31719e8e92241b990c1ea459e9_max_476x317.jpeg; https://media.rightmove.co.uk:443/dir/crop/10:9-16:9/property-photo/e29687476/160117145/e29687476afcd01ff4a277ce24af5d0b_max_476x317.jpeg; https://media.rightmove.co.uk:443/dir/crop/10:9-16:9/property-photo/8e467467e/160117145/8e467467ebea4ae78a0493fad580475a_max_476x317.jpeg; https://media.rightmove.co.uk:443/dir/crop/10:9-16:9/property-photo/919f7ec73/160117145/919f7ec73c799521db213e3701b09c71_max_476x317.jpeg; https://media.rightmove.co.uk:443/dir/crop/10:9-16:9/property-photo/2e999c31d/160117145/2e999c31d0ba267d536569a32d864abc_max_476x317.jpeg; https://media.rightmove.co.uk:443/dir/crop/10:9-16:9/property-photo/5448c9cef/160117145/5448c9cefdc87d260ab3545911303a40_max_476x317.jpeg; https://media.rightmove.co.uk:443/dir/crop/10:9-16:9/property-photo/8e1975af2/160117145/8e1975af29023c0d5385d2a2530ac50f_max_476x317.jpeg; https://media.rightmove.co.uk:443/dir/crop/10:9-16:9/property-photo/90ac06019/160117145/90ac060193de7729086164f58ea7c59e_max_476x317.jpeg; https://media.rightmove.co.uk:443/dir/crop/10:9-16:9/property-photo/edfd21947/160117145/edfd219475dd15886991930046921a31_max_476x317.jpeg; https://media.rightmove.co.uk:443/dir/crop/10:9-16:9/property-photo/a02916eb0/160117145/a02916eb09c93e13a428650430bf8c07_max_476x317.jpeg; https://media.rightmove.co.uk:443/dir/crop/10:9-16:9/property-photo/78a783497/160117145/78a783497d1e5f174094c050f220bee1_max_476x317.jpeg; https://media.rightmove.co.uk:443/dir/crop/10:9-16:9/property-photo/087503321/160117145/08750332152956c0e7764625989f6b63_max_476x317.jpeg; https://media.rightmove.co.uk:443/dir/crop/10:9-16:9/property-photo/ea72ad7e4/160117145/ea72ad7e4f7575877a3cfbf6407c9af2_max_476x317.jpeg"
"137156648","Newcastle","Office","Spire Platinum Suites, Newcastle Upon Tyne, NE1","£1,950 pcm","From","","","Fronting the Tyne Bridge and overlooking the vibrant Quayside, Spire Newcastle offers incredible views and an unbeatable location. The building has been recently fully refurbished to create designer ultra all inclusive workspace with a business lounge hosting a large variety of amenities. ","https://www.rightmove.co.uk/properties/137156648#/?channel=COM_LET","2023-07-10T14:56:25Z","","size_change","Marketed by CENTRAL SPACE LIMITED, Head Office","","54.97001","-1.60764","https://media.rightmove.co.uk:443/dir/crop/10:9-16:9/property-photo/fc3f99428/137156648/fc3f99428e8844f9a49c9caedb320755_max_476x317.jpeg; https://media.rightmove.co.uk:443/dir/crop/10:9-16:9/property-photo/8eca4ce86/137156648/8eca4ce86d31e7e9db9add6d5899ee44_max_476x317.jpeg; https://media.rightmove.co.uk:443/dir/crop/10:9-16:9/property-photo/7c5825428/137156648/7c58254286876c06dd6d07ed0ebd456c_max_476x317.jpeg; https://media.rightmove.co.uk:443/dir/crop/10:9-16:9/property-photo/0d5f0aa86/137156648/0d5f0aa8680aace5317f39441c07746f_max_476x317.jpeg; https://media.rightmove.co.uk:443/dir/crop/10:9-16:9/property-photo/339f7a784/137156648/339f7a784e3d27c772ef821000625499_max_476x317.jpeg; https://media.rightmove.co.uk:443/dir/crop/10:9-16:9/property-photo/f52ff4c36/137156648/f52ff4c36f6f5015c951fb1afe0e54d9_max_476x317.jpeg; https://media.rightmove.co.uk:443/dir/crop/10:9-16:9/property-photo/61b6a722e/137156648/61b6a722e1b04311d345030910cde80d_max_476x317.jpeg; https://media.rightmove.co.uk:443/dir/crop/10:9-16:9/property-photo/9ce6a9dad/137156648/9ce6a9dad07ef1fa8d941f1aedc2b26c_max_476x317.jpeg; https://media.rightmove.co.uk:443/dir/crop/10:9-16:9/property-photo/1cf86ecb2/137156648/1cf86ecb2f516dc50140d65eee0b78eb_max_476x317.jpeg; https://media.rightmove.co.uk:443/dir/crop/10:9-16:9/property-photo/9e1ff6f0b/137156648/9e1ff6f0bd51631cc9b649ddba0f4415_max_476x317.jpeg; https://media.rightmove.co.uk:443/dir/crop/10:9-16:9/property-photo/34a9366cb/137156648/34a9366cb45c0144add1cf858c2b4c13_max_476x317.jpeg; https://media.rightmove.co.uk:443/dir/crop/10:9-16:9/property-photo/caddef384/137156648/caddef3841781c76c06ce644f5a340b2_max_476x317.jpeg; https://media.rightmove.co.uk:443/dir/crop/10:9-16:9/property-photo/0422b203c/137156648/0422b203ca60b66a25cf5196c6d9c251_max_476x317.jpeg; https://media.rightmove.co.uk:443/dir/crop/10:9-16:9/property-photo/0e5f591b4/137156648/0e5f591b44ba3bc7299e08e97b088fdb_max_476x317.jpeg; https://media.rightmove.co.uk:443/dir/crop/10:9-16:9/property-photo/f90dc0471/137156648/f90dc04714ad4c178e2035b678854d6a_max_476x317.jpeg; https://media.rightmove.co.uk:443/dir/crop/10:9-16:9/property-photo/7181b2e76/137156648/7181b2e76fca8b88e6a9fc6f16179837_max_476x317.jpeg; https://media.rightmove.co.uk:443/dir/crop/10:9-16:9/property-photo/0a8e694d2/137156648/0a8e694d2d112ceff05a619a6838d726_max_476x317.jpeg; https://media.rightmove.co.uk:443/dir/crop/10:9-16:9/property-photo/fe2c91a54/137156648/fe2c91a54931ae818eff75cc0cd45b7c_max_476x317.jpeg; https://media.rightmove.co.uk:443/dir/crop/10:9-16:9/property-photo/bc3a2eb0d/137156648/bc3a2eb0da73d09ec2fe567d06bc9fff_max_476x317.jpeg; https://media.rightmove.co.uk:443/dir/crop/10:9-16:9/property-photo/25db4faa8/137156648/25db4faa85a596eaa7f63e8eabfc60a6_max_476x317.jpeg; https://media.rightmove.co.uk:443/dir/crop/10:9-16:9/property-photo/979f4995e/137156648/979f4995eeed82a2c7e7e03215cfccc9_max_476x317.jpeg; https://media.rightmove.co.uk:443/dir/crop/10:9-16:9/property-photo/d5eca1851/137156648/d5eca18516caf05ed10f5ed87a7c4341_max_476x317.jpeg; https://media.rightmove.co.uk:443/dir/crop/10:9-16:9/property-photo/a0b4e0e0b/137156648/a0b4e0e0baf3b55b9a07100037074457_max_476x317.jpeg; https://media.rightmove.co.uk:443/dir/crop/10:9-16:9/property-photo/d80a732e1/137156648/d80a732e19ed1701b114aa52e59411e9_max_476x317.jpeg; https://media.rightmove.co.uk:443/dir/crop/10:9-16:9/property-photo/aadeecaf7/137156648/aadeecaf70eaed7ec74ab32bd34e011e_max_476x317.jpeg; https://media.rightmove.co.uk:443/dir/crop/10:9-16:9/property-photo/4e736ae11/137156648/4e736ae11c264f0d2c77ea54feb0db1d_max_476x317.jpeg"
"160117094","Newcastle","Serviced Office","St. James Gate, Newcastle Upon Tyne, NE1","£14,000 pcm","From","","","Unlock your business potential at Orega St James' Gate, offering flexible workspace just a short walk from Newcastle's Central Station. Choose from private offices, meeting rooms, and dynamic breakout areas, all designed with natural light and premium amenities to keep your team energised.","https://www.rightmove.co.uk/properties/160117094#/?channel=COM_LET","2025-04-04T14:53:57Z","","new","Marketed by Orega, London","","54.96637","-1.62155","https://media.rightmove.co.uk:443/dir/crop/10:9-16:9/143k/142841/160117094/142841_Newcastle800to1200_IMG_01_0000_max_476x317.jpeg; https://media.rightmove.co.uk:443/dir/crop/10:9-16:9/143k/142841/160117094/142841_Newcastle800to1200_IMG_12_0000_max_476x317.jpeg; https://media.rightmove.co.uk:443/dir/crop/10:9-16:9/143k/142841/160117094/142841_Newcastle800to1200_IMG_09_0000_max_476x317.jpeg; https://media.rightmove.co.uk:443/dir/crop/10:9-16:9/143k/142841/160117094/142841_Newcastle800to1200_IMG_02_0000_max_476x317.jpeg; https://media.rightmove.co.uk:443/dir/crop/10:9-16:9/143k/142841/160117094/142841_Newcastle800to1200_IMG_03_0000_max_476x317.jpeg; https://media.rightmove.co.uk:443/dir/crop/10:9-16:9/143k/142841/160117094/142841_Newcastle800to1200_IMG_07_0000_max_476x317.jpeg; https://media.rightmove.co.uk:443/dir/crop/10:9-16:9/143k/142841/160117094/142841_Newcastle800to1200_IMG_14_0000_max_476x317.jpeg; https://media.rightmove.co.uk:443/dir/crop/10:9-16:9/143k/142841/160117094/142841_Newcastle800to1200_IMG_11_0000_max_476x317.jpeg; https://media.rightmove.co.uk:443/dir/crop/10:9-16:9/143k/142841/160117094/142841_Newcastle800to1200_IMG_04_0000_max_476x317.jpeg; https://media.rightmove.co.uk:443/dir/crop/10:9-16:9/143k/142841/160117094/142841_Newcastle800to1200_IMG_10_0000_max_476x317.jpeg; https://media.rightmove.co.uk:443/dir/crop/10:9-16:9/143k/142841/160117094/142841_Newcastle800to1200_IMG_05_0000_max_476x317.jpeg; https://media.rightmove.co.uk:443/dir/crop/10:9-16:9/143k/142841/160117094/142841_Newcastle800to1200_IMG_06_0000_max_476x317.jpeg; https://media.rightmove.co.uk:443/dir/crop/10:9-16:9/143k/142841/160117094/142841_Newcastle800to1200_IMG_00_0000_max_476x317.jpeg; https://media.rightmove.co.uk:443/dir/crop/10:9-16:9/143k/142841/160117094/142841_Newcastle800to1200_IMG_08_0000_max_476x317.jpeg; https://media.rightmove.co.uk:443/dir/crop/10:9-16:9/143k/142841/160117094/142841_Newcastle800to1200_IMG_13_0000_max_476x317.jpeg"
"158975360","Newcastle","Serviced Office","St. James Gate, Newcastle Upon Tyne, NE1","£1,750 pcm","From","","","Located in a prestigious city centre address, St James' Gate Newcastle is an ideal location to base your business. St James Gate will be at the heart of an increasingly important business, leisure and residential district of Newcastle City Centre.","https://www.rightmove.co.uk/properties/158975360#/?channel=COM_LET","2025-04-04T14:53:47Z","","new","Marketed by Orega, London","","54.96637","-1.62155","https://media.rightmove.co.uk:443/dir/crop/10:9-16:9/143k/142841/158975360/142841_Newcastle_IMG_00_0000_max_476x317.jpeg; https://media.rightmove.co.uk:443/dir/crop/10:9-16:9/143k/142841/158975360/142841_Newcastle_IMG_11_0000_max_476x317.jpeg; https://media.rightmove.co.uk:443/dir/crop/10:9-16:9/143k/142841/158975360/142841_Newcastle250to800sqft_IMG_14_0000_max_476x317.jpeg; https://media.rightmove.co.uk:443/dir/crop/10:9-16:9/143k/142841/158975360/142841_Newcastle_IMG_04_0000_max_476x317.jpeg; https://media.rightmove.co.uk:443/dir/crop/10:9-16:9/143k/142841/158975360/142841_Newcastle_IMG_05_0000_max_476x317.jpeg; https://media.rightmove.co.uk:443/dir/crop/10:9-16:9/143k/142841/158975360/142841_Newcastle_IMG_07_0000_max_476x317.jpeg; https://media.rightmove.co.uk:443/dir/crop/10:9-16:9/143k/142841/158975360/142841_Newcastle_IMG_12_0000_max_476x317.jpeg; https://media.rightmove.co.uk:443/dir/crop/10:9-16:9/143k/142841/158975360/142841_Newcastle250to800sqft_IMG_13_0000_max_476x317.jpeg; https://media.rightmove.co.uk:443/dir/crop/10:9-16:9/143k/142841/158975360/142841_Newcastle_IMG_02_0000_max_476x317.jpeg; https://media.rightmove.co.uk:443/dir/crop/10:9-16:9/143k/142841/158975360/142841_Newcastle_IMG_01_0000_max_476x317.jpeg; https://media.rightmove.co.uk:443/dir/crop/10:9-16:9/143k/142841/158975360/142841_Newcastle_IMG_09_0000_max_476x317.jpeg; https://media.rightmove.co.uk:443/dir/crop/10:9-16:9/143k/142841/158975360/142841_Newcastle_IMG_03_0000_max_476x317.jpeg; https://media.rightmove.co.uk:443/dir/crop/10:9-16:9/143k/142841/158975360/142841_Newcastle_IMG_10_0000_max_476x317.jpeg; https://media.rightmove.co.uk:443/dir/crop/10:9-16:9/143k/142841/158975360/142841_Newcastle_IMG_06_0000_max_476x317.jpeg; https://media.rightmove.co.uk:443/dir/crop/10:9-16:9/143k/142841/158975360/142841_Newcastle_IMG_08_0000_max_476x317.jpeg"
"87304698","Newcastle","Office","Mercury House, 2B Silver Fox Way, Cobalt Park, Newcastle upon Tyne, NE27 0BY","POA","","","","Grade A office accommodation occupying a prominent position on Cobalt Park, available from 14,291 sq ft","https://www.rightmove.co.uk/properties/87304698#/?channel=COM_LET","2025-10-14T13:20:53Z","","new","Marketed by Savills, Newcastle - Offices","","55.022916","-1.494831","https://media.rightmove.co.uk:443/dir/crop/10:9-16:9/82k/81666/87304698/81666_334453-2_IMG_00_0000_max_476x317.jpeg"
"87294879","Newcastle","Office","City Quadrant, 11 Waterloo Square, Newcastle Upon Tyne, North East, NE1","£443 pcm","From","","","High quality managed office suites fitted out in a contemporary style . Suites are available on flexible terms and rent is inclusive of service charge, utilities but exclusive of VAT and any rates payable.","https://www.rightmove.co.uk/properties/87294879#/?channel=COM_LET","2025-10-14T11:15:34Z","","new","Marketed by Lambert Smith Hampton, Newcastle","","54.968694","-1.622104","https://media.rightmove.co.uk:443/dir/crop/10:9-16:9/183k/182546/87294879/182546_2078314LH_IMG_00_0000_max_476x317.jpeg; https://media.rightmove.co.uk:443/dir/crop/10:9-16:9/183k/182546/87294879/182546_2078314LH_IMG_01_0000_max_476x317.jpeg; https://media.rightmove.co.uk:443/dir/crop/10:9-16:9/183k/182546/87294879/182546_2078314LH_IMG_02_0000_max_476x317.jpeg; https://media.rightmove.co.uk:443/dir/crop/10:9-16:9/183k/182546/87294879/182546_2078314LH_IMG_03_0000_max_476x317.jpeg; https://media.rightmove.co.uk:443/dir/crop/10:9-16:9/183k/182546/87294879/182546_2078314LH_IMG_04_0000_max_476x317.jpeg; https://media.rightmove.co.uk:443/dir/crop/10:9-16:9/183k/182546/87294879/182546_2078314LH_IMG_05_0000_max_476x317.jpeg; https://media.rightmove.co.uk:443/dir/crop/10:9-16:9/183k/182546/87294879/182546_2078314LH_IMG_06_0000_max_476x317.jpeg; https://media.rightmove.co.uk:443/dir/crop/10:9-16:9/183k/182546/87294879/182546_2078314LH_IMG_07_0000_max_476x317.jpeg; https://media.rightmove.co.uk:443/dir/crop/10:9-16:9/183k/182546/87294879/182546_2078314LH_IMG_08_0000_max_476x317.jpeg; https://media.rightmove.co.uk:443/dir/crop/10:9-16:9/183k/182546/87294879/182546_2078314LH_IMG_09_0000_max_476x317.jpeg"
"168099839","Newcastle","Office","City Quadrant, 11 Waterloo Square, Newcastle Upon Tyne, North East, NE1","£8,333 pcm","","","","Top quality commercial premises fitted out to a high specification with the following amenities; Air conditioning, Floor trunking, LED light fittings, Meeting rooms, attractive kitchen facilities. The accommodation is self contained with its own entrance and could be subdivided into separate un...","https://www.rightmove.co.uk/properties/168099839#/?channel=COM_LET","2025-10-10T16:51:35Z","","new","Marketed by Lambert Smith Hampton, Newcastle","","54.968694","-1.622104","https://media.rightmove.co.uk:443/dir/crop/10:9-16:9/183k/182546/168099839/182546_2078529LH_IMG_00_0000_max_476x317.jpeg; https://media.rightmove.co.uk:443/dir/crop/10:9-16:9/183k/182546/168099839/182546_2078529LH_IMG_01_0000_max_476x317.jpeg; https://media.rightmove.co.uk:443/dir/crop/10:9-16:9/183k/182546/168099839/182546_2078529LH_IMG_02_0000_max_476x317.jpeg; https://media.rightmove.co.uk:443/dir/crop/10:9-16:9/183k/182546/168099839/182546_2078529LH_IMG_03_0000_max_476x317.jpeg; https://media.rightmove.co.uk:443/dir/crop/10:9-16:9/183k/182546/168099839/182546_2078529LH_IMG_04_0000_max_476x317.jpeg; https://media.rightmove.co.uk:443/dir/crop/10:9-16:9/183k/182546/168099839/182546_2078529LH_IMG_05_0000_max_476x317.jpeg; https://media.rightmove.co.uk:443/dir/crop/10:9-16:9/183k/182546/168099839/182546_2078529LH_IMG_06_0000_max_476x317.jpeg; https://media.rightmove.co.uk:443/dir/crop/10:9-16:9/183k/182546/168099839/182546_2078529LH_IMG_07_0000_max_476x317.jpeg; https://media.rightmove.co.uk:443/dir/crop/10:9-16:9/183k/182546/168099839/182546_2078529LH_IMG_08_0000_max_476x317.jpeg; https://media.rightmove.co.uk:443/dir/crop/10:9-16:9/183k/182546/168099839/182546_2078529LH_IMG_09_0000_max_476x317.jpeg; https://media.rightmove.co.uk:443/dir/crop/10:9-16:9/183k/182546/168099839/182546_2078529LH_IMG_10_0000_max_476x317.jpeg; https://media.rightmove.co.uk:443/dir/crop/10:9-16:9/183k/182546/168099839/182546_2078529LH_IMG_11_0000_max_476x317.jpeg"
"168086087","Newcastle","Office","Unit A City Quadrant, 11 Waterloo Square, Newcastle Upon Tyne, NE1 4DP","£8,333 pcm","","","","Top quality commercial premises fitted out to a top specification with the following amenities: Air conditioning Floor trunking LED light fittings Meeting rooms Attractive kitchen facilities The accommodation is self-contained with its own entrance and could be subdivided into separate uni...","https://www.rightmove.co.uk/properties/168086087#/?channel=COM_LET","2025-10-10T14:29:07Z","","new","Marketed by Naylors Gavin Black LLP, Newcastle Upon Tyne","","54.968881","-1.620257","https://media.rightmove.co.uk:443/dir/crop/10:9-16:9/101k/100681/168086087/100681_3300LH_IMG_00_0000_max_476x317.jpeg; https://media.rightmove.co.uk:443/dir/crop/10:9-16:9/101k/100681/168086087/100681_3300LH_IMG_01_0000_max_476x317.jpeg; https://media.rightmove.co.uk:443/dir/crop/10:9-16:9/101k/100681/168086087/100681_3300LH_IMG_02_0000_max_476x317.jpeg; https://media.rightmove.co.uk:443/dir/crop/10:9-16:9/101k/100681/168086087/100681_3300LH_IMG_03_0000_max_476x317.jpeg; https://media.rightmove.co.uk:443/dir/crop/10:9-16:9/101k/100681/168086087/100681_3300LH_IMG_04_0000_max_476x317.jpeg; https://media.rightmove.co.uk:443/dir/crop/10:9-16:9/101k/100681/168086087/100681_3300LH_IMG_05_0000_max_476x317.jpeg"
"168086057","Newcastle","Office","City Quadrant Waterloo Street, Newcastle Upon Tyne, NE1","£443 pcm","From","","","High quality managed office suites fitted out in a contemporary style with the following amenities. Air conditioning Raised floors Bookable meeting rooms Attractive kitchen facilities","https://www.rightmove.co.uk/properties/168086057#/?channel=COM_LET","2025-10-10T14:28:43Z","","new","Marketed by Naylors Gavin Black LLP, Newcastle Upon Tyne","","54.968881","-1.620257","https://media.rightmove.co.uk:443/dir/crop/10:9-16:9/property-photo/c9618a77f/168086057/c9618a77fc8a433189f39710346f5b3d_max_476x317.jpeg; https://media.rightmove.co.uk:443/dir/crop/10:9-16:9/property-photo/3fae00d85/168086057/3fae00d85cee70b147c9bb2f9b8ca5cc_max_476x317.jpeg; https://media.rightmove.co.uk:443/dir/crop/10:9-16:9/property-photo/e0ed1f4e5/168086057/e0ed1f4e54febab7c22dc78205a280ef_max_476x317.jpeg; https://media.rightmove.co.uk:443/dir/crop/10:9-16:9/property-photo/ff2246325/168086057/ff22463250fef8dd22c1b5bc8259d9f4_max_476x317.jpeg; https://media.rightmove.co.uk:443/dir/crop/10:9-16:9/property-photo/978da53e9/168086057/978da53e981cbb730b5e8395e40a1575_max_476x317.jpeg; https://media.rightmove.co.uk:443/dir/crop/10:9-16:9/property-photo/f85dcc21d/168086057/f85dcc21d980d0779dbd65d9fe31184d_max_476x317.jpeg; https://media.rightmove.co.uk:443/dir/crop/10:9-16:9/property-photo/aa2624725/168086057/aa2624725e107d9c3ddc83968a69587b_max_476x317.jpeg; https://media.rightmove.co.uk:443/dir/crop/10:9-16:9/property-photo/fe35f59fa/168086057/fe35f59fa0f296bb25cbd4e98239b9e9_max_476x317.jpeg; https://media.rightmove.co.uk:443/dir/crop/10:9-16:9/property-photo/64b6e7a8b/168086057/64b6e7a8b3b413f04ac89466fc1770df_max_476x317.jpeg; https://media.rightmove.co.uk:443/dir/crop/10:9-16:9/property-photo/8d92d9d8a/168086057/8d92d9d8a6c13fb10c339536fb1d166f_max_476x317.jpeg"
"722864471287073","Newcastle","Serviced Office","Space 402, Hive Tree, 7-9 Bigg Market, Newcastle upon Tyne, NE1 1UN","£6,712 pcm","","","","Fully fitted office located in the heart of the city.","https://www.rightmove.co.uk/properties/722864471287073#/?channel=COM_LET","2025-12-03T10:53:06Z","","size_change","Marketed by Parker Knights, Newcastle","","54.971132","-1.614505","https://media.rightmove.co.uk:443/dir/crop/10:9-16:9/253k/252818/722864471287073/252818_277264-2_IMG_00_0000_max_476x317.jpeg; https://media.rightmove.co.uk:443/dir/crop/10:9-16:9/253k/252818/722864471287073/252818_277264-2_IMG_01_0000_max_476x317.jpeg; https://media.rightmove.co.uk:443/dir/crop/10:9-16:9/253k/252818/722864471287073/252818_277264-2_IMG_02_0000_max_476x317.jpeg; https://media.rightmove.co.uk:443/dir/crop/10:9-16:9/253k/252818/722864471287073/252818_277264-2_IMG_03_0000_max_476x317.jpeg; https://media.rightmove.co.uk:443/dir/crop/10:9-16:9/253k/252818/722864471287073/252818_277264-2_IMG_04_0000_max_476x317.jpeg; https://media.rightmove.co.uk:443/dir/crop/10:9-16:9/253k/252818/722864471287073/252818_277264-2_IMG_05_0000_max_476x317.jpeg"
"148614410","Newcastle","Office","Earl Grey House, 75-85 Grey Street, Newcastle-Upon-Tyne, NE1 6EF","£3,857 pcm","","","","Exceptional office space behind an incredible Grade II listed building facade in the heart of Newcastle City Centre. Per sq ft £26 per sq ft An extensive refurbishment of Earl Grey House has created a classic statement office building with a modern architectural twist to the inte...","https://www.rightmove.co.uk/properties/148614410#/?channel=COM_LET","2024-05-31T16:47:03Z","","size_change","Marketed by Knight Frank, Newcastle - Commercial","","54.972604","-1.612917","https://media.rightmove.co.uk:443/dir/crop/10:9-16:9/156k/155516/148614410/155516_CPD211304_IMG_00_0019_max_476x317.jpeg; https://media.rightmove.co.uk:443/dir/crop/10:9-16:9/156k/155516/148614410/155516_CPD211304_IMG_01_0019_max_476x317.jpeg; https://media.rightmove.co.uk:443/dir/crop/10:9-16:9/156k/155516/148614410/155516_CPD211304_IMG_02_0019_max_476x317.jpeg; https://media.rightmove.co.uk:443/dir/crop/10:9-16:9/156k/155516/148614410/155516_CPD211304_IMG_03_0019_max_476x317.jpeg; https://media.rightmove.co.uk:443/dir/crop/10:9-16:9/156k/155516/148614410/155516_CPD211304_IMG_04_0019_max_476x317.jpeg; https://media.rightmove.co.uk:443/dir/crop/10:9-16:9/156k/155516/148614410/155516_CPD211304_IMG_05_0019_max_476x317.jpeg; https://media.rightmove.co.uk:443/dir/crop/10:9-16:9/156k/155516/148614410/155516_CPD211304_IMG_06_0019_max_476x317.jpeg; https://media.rightmove.co.uk:443/dir/crop/10:9-16:9/156k/155516/148614410/155516_CPD211304_IMG_07_0019_max_476x317.jpeg; https://media.rightmove.co.uk:443/dir/crop/10:9-16:9/156k/155516/148614410/155516_CPD211304_IMG_08_0019_max_476x317.jpeg; https://media.rightmove.co.uk:443/dir/crop/10:9-16:9/156k/155516/148614410/155516_CPD211304_IMG_09_0019_max_476x317.jpeg; https://media.rightmove.co.uk:443/dir/crop/10:9-16:9/156k/155516/148614410/155516_CPD211304_IMG_10_0019_max_476x317.jpeg; https://media.rightmove.co.uk:443/dir/crop/10:9-16:9/156k/155516/148614410/155516_CPD211304_IMG_11_0017_max_476x317.jpeg; https://media.rightmove.co.uk:443/dir/crop/10:9-16:9/156k/155516/148614410/155516_CPD211304_IMG_12_0017_max_476x317.jpeg"
"168002102","Newcastle","Distribution Warehouse","Unit BT99/10, Falstone Close, North Tyne Industrial Estate, Newcastle upon Tyne, Tyne and Wear, NE12","£5,363 pcm","","","","Fully operational cold store with 2,150 pallet capacity Per sq ft £4.10 per sq ft The premises comprise the original warehouse (built 1979) and used primarily as a cash & carry, with more recent modern high bay extension incorporating a cold store facility, as summarised below: ...","https://www.rightmove.co.uk/properties/168002102#/?channel=COM_LET","2025-10-08T17:18:13Z","","new","Marketed by Knight Frank, Newcastle - Commercial","","55.020096","-1.544595","https://media.rightmove.co.uk:443/dir/crop/10:9-16:9/156k/155516/168002102/155516_NCC012322828_IMG_00_0000_max_476x317.jpeg; https://media.rightmove.co.uk:443/dir/crop/10:9-16:9/156k/155516/168002102/155516_NCC012322828_IMG_01_0000_max_476x317.jpeg; https://media.rightmove.co.uk:443/dir/crop/10:9-16:9/156k/155516/168002102/155516_NCC012322828_IMG_02_0000_max_476x317.jpeg; https://media.rightmove.co.uk:443/dir/crop/10:9-16:9/156k/155516/168002102/155516_NCC012322828_IMG_03_0000_max_476x317.jpeg; https://media.rightmove.co.uk:443/dir/crop/10:9-16:9/156k/155516/168002102/155516_NCC012322828_IMG_04_0000_max_476x317.jpeg; https://media.rightmove.co.uk:443/dir/crop/10:9-16:9/156k/155516/168002102/155516_NCC012322828_IMG_05_0000_max_476x317.jpeg; https://media.rightmove.co.uk:443/dir/crop/10:9-16:9/156k/155516/168002102/155516_NCC012322828_IMG_06_0000_max_476x317.jpeg; https://media.rightmove.co.uk:443/dir/crop/10:9-16:9/156k/155516/168002102/155516_NCC012322828_IMG_07_0000_max_476x317.jpeg"
"722864561464049","Newcastle","Office","Keel House, Garth Heads, Newcastle upon Tyne, NE1 2JE","£5,308 pcm","","","","Recently refurbished, Keel House offers 2,831 sq ft of Grade A contemporary office space with exceptional views over Newcastle Quayside.","https://www.rightmove.co.uk/properties/722864561464049#/?channel=COM_LET","2025-12-03T10:58:12Z","","new","Marketed by Parker Knights, Newcastle","","54.971344","-1.603266","https://media.rightmove.co.uk:443/dir/crop/10:9-16:9/253k/252818/722864561464049/252818_332901-2_IMG_00_0000_max_476x317.jpeg; https://media.rightmove.co.uk:443/dir/crop/10:9-16:9/253k/252818/722864561464049/252818_332901-2_IMG_01_0000_max_476x317.jpeg; https://media.rightmove.co.uk:443/dir/crop/10:9-16:9/253k/252818/722864561464049/252818_332901-2_IMG_02_0000_max_476x317.jpeg; https://media.rightmove.co.uk:443/dir/crop/10:9-16:9/253k/252818/722864561464049/252818_332901-2_IMG_03_0000_max_476x317.jpeg; https://media.rightmove.co.uk:443/dir/crop/10:9-16:9/253k/252818/722864561464049/252818_332901-2_IMG_04_0000_max_476x317.jpeg; https://media.rightmove.co.uk:443/dir/crop/10:9-16:9/253k/252818/722864561464049/252818_332901-2_IMG_05_0000_max_476x317.jpeg; https://media.rightmove.co.uk:443/dir/crop/10:9-16:9/253k/252818/722864561464049/252818_332901-2_IMG_06_0000_max_476x317.jpeg; https://media.rightmove.co.uk:443/dir/crop/10:9-16:9/253k/252818/722864561464049/252818_332901-2_IMG_07_0000_max_476x317.jpeg; https://media.rightmove.co.uk:443/dir/crop/10:9-16:9/253k/252818/722864561464049/252818_332901-2_IMG_08_0000_max_476x317.jpeg; https://media.rightmove.co.uk:443/dir/crop/10:9-16:9/253k/252818/722864561464049/252818_332901-2_IMG_09_0000_max_476x317.jpeg; https://media.rightmove.co.uk:443/dir/crop/10:9-16:9/253k/252818/722864561464049/252818_332901-2_IMG_10_0000_max_476x317.jpeg; https://media.rightmove.co.uk:443/dir/crop/10:9-16:9/253k/252818/722864561464049/252818_332901-2_IMG_11_0000_max_476x317.jpeg; https://media.rightmove.co.uk:443/dir/crop/10:9-16:9/253k/252818/722864561464049/252818_332901-2_IMG_12_0000_max_476x317.jpeg; https://media.rightmove.co.uk:443/dir/crop/10:9-16:9/253k/252818/722864561464049/252818_332901-2_IMG_13_0000_max_476x317.jpeg; https://media.rightmove.co.uk:443/dir/crop/10:9-16:9/253k/252818/722864561464049/252818_332901-2_IMG_14_0000_max_476x317.jpeg; https://media.rightmove.co.uk:443/dir/crop/10:9-16:9/253k/252818/722864561464049/252818_332901-2_IMG_15_0000_max_476x317.jpeg; https://media.rightmove.co.uk:443/dir/crop/10:9-16:9/253k/252818/722864561464049/252818_332901-2_IMG_16_0000_max_476x317.jpeg; https://media.rightmove.co.uk:443/dir/crop/10:9-16:9/253k/252818/722864561464049/252818_332901-2_IMG_17_0000_max_476x317.jpeg; https://media.rightmove.co.uk:443/dir/crop/10:9-16:9/253k/252818/722864561464049/252818_332901-2_IMG_18_0000_max_476x317.jpeg; https://media.rightmove.co.uk:443/dir/crop/10:9-16:9/253k/252818/722864561464049/252818_332901-2_IMG_19_0000_max_476x317.jpeg; https://media.rightmove.co.uk:443/dir/crop/10:9-16:9/253k/252818/722864561464049/252818_332901-2_IMG_20_0000_max_476x317.jpeg; https://media.rightmove.co.uk:443/dir/crop/10:9-16:9/253k/252818/722864561464049/252818_332901-2_IMG_21_0000_max_476x317.jpeg"
"712746505815616","Newcastle","Retail Property (high street)","Retail Unit To Let at Arch 2 on Westgate Road, Arch 2, Westgate Road, Newcastle upon Tyne, NE1 1SA","£2,300 pcm","","","","City Centre Retail Unit To Let","https://www.rightmove.co.uk/properties/712746505815616#/?channel=COM_LET","2025-10-23T11:09:18Z","","new","Marketed by Sanderson Weatherall, Newcastle","","54.96949","-1.613034","https://media.rightmove.co.uk:443/dir/crop/10:9-16:9/262k/261938/712746505815616/261938_333828-2_IMG_00_0000_max_476x317.jpeg; https://media.rightmove.co.uk:443/dir/crop/10:9-16:9/262k/261938/712746505815616/261938_333828-2_IMG_01_0000_max_476x317.jpeg; https://media.rightmove.co.uk:443/dir/crop/10:9-16:9/262k/261938/712746505815616/261938_333828-2_IMG_02_0000_max_476x317.jpeg; https://media.rightmove.co.uk:443/dir/crop/10:9-16:9/262k/261938/712746505815616/261938_333828-2_IMG_03_0000_max_476x317.jpeg"
"712736355598897","Newcastle","Retail Property (high street)","Retail Unit To Let at Arch 3 on Westgate Road, Arch 3, Westgate Road, Newcastle upon Tyne, NE1 1SA","£2,300 pcm","","","","City Centre Retail Unit To Let","https://www.rightmove.co.uk/properties/712736355598897#/?channel=COM_LET","2025-10-23T11:09:15Z","","new","Marketed by Sanderson Weatherall, Newcastle","","54.96949","-1.613034","https://media.rightmove.co.uk:443/dir/crop/10:9-16:9/262k/261938/712736355598897/261938_333780-2_IMG_00_0000_max_476x317.jpeg; https://media.rightmove.co.uk:443/dir/crop/10:9-16:9/262k/261938/712736355598897/261938_333780-2_IMG_01_0000_max_476x317.jpeg; https://media.rightmove.co.uk:443/dir/crop/10:9-16:9/262k/261938/712736355598897/261938_333780-2_IMG_02_0000_max_476x317.jpeg; https://media.rightmove.co.uk:443/dir/crop/10:9-16:9/262k/261938/712736355598897/261938_333780-2_IMG_03_0000_max_476x317.jpeg"
"137156648","Newcastle","Office","Spire Platinum Suites, Newcastle Upon Tyne, NE1","£1,950 pcm","From","","","Fronting the Tyne Bridge and overlooking the vibrant Quayside, Spire Newcastle offers incredible views and an unbeatable location. The building has been recently fully refurbished to create designer ultra all inclusive workspace with a business lounge hosting a large variety of amenities. ","https://www.rightmove.co.uk/properties/137156648#/?channel=COM_LET","2023-07-10T14:56:25Z","","size_change","Marketed by CENTRAL SPACE LIMITED, Head Office","","54.97001","-1.60764","https://media.rightmove.co.uk:443/dir/crop/10:9-16:9/property-photo/fc3f99428/137156648/fc3f99428e8844f9a49c9caedb320755_max_476x317.jpeg; https://media.rightmove.co.uk:443/dir/crop/10:9-16:9/property-photo/8eca4ce86/137156648/8eca4ce86d31e7e9db9add6d5899ee44_max_476x317.jpeg; https://media.rightmove.co.uk:443/dir/crop/10:9-16:9/property-photo/7c5825428/137156648/7c58254286876c06dd6d07ed0ebd456c_max_476x317.jpeg; https://media.rightmove.co.uk:443/dir/crop/10:9-16:9/property-photo/0d5f0aa86/137156648/0d5f0aa8680aace5317f39441c07746f_max_476x317.jpeg; https://media.rightmove.co.uk:443/dir/crop/10:9-16:9/property-photo/339f7a784/137156648/339f7a784e3d27c772ef821000625499_max_476x317.jpeg; https://media.rightmove.co.uk:443/dir/crop/10:9-16:9/property-photo/f52ff4c36/137156648/f52ff4c36f6f5015c951fb1afe0e54d9_max_476x317.jpeg; https://media.rightmove.co.uk:443/dir/crop/10:9-16:9/property-photo/61b6a722e/137156648/61b6a722e1b04311d345030910cde80d_max_476x317.jpeg; https://media.rightmove.co.uk:443/dir/crop/10:9-16:9/property-photo/9ce6a9dad/137156648/9ce6a9dad07ef1fa8d941f1aedc2b26c_max_476x317.jpeg; https://media.rightmove.co.uk:443/dir/crop/10:9-16:9/property-photo/1cf86ecb2/137156648/1cf86ecb2f516dc50140d65eee0b78eb_max_476x317.jpeg; https://media.rightmove.co.uk:443/dir/crop/10:9-16:9/property-photo/9e1ff6f0b/137156648/9e1ff6f0bd51631cc9b649ddba0f4415_max_476x317.jpeg; https://media.rightmove.co.uk:443/dir/crop/10:9-16:9/property-photo/34a9366cb/137156648/34a9366cb45c0144add1cf858c2b4c13_max_476x317.jpeg; https://media.rightmove.co.uk:443/dir/crop/10:9-16:9/property-photo/caddef384/137156648/caddef3841781c76c06ce644f5a340b2_max_476x317.jpeg; https://media.rightmove.co.uk:443/dir/crop/10:9-16:9/property-photo/0422b203c/137156648/0422b203ca60b66a25cf5196c6d9c251_max_476x317.jpeg; https://media.rightmove.co.uk:443/dir/crop/10:9-16:9/property-photo/0e5f591b4/137156648/0e5f591b44ba3bc7299e08e97b088fdb_max_476x317.jpeg; https://media.rightmove.co.uk:443/dir/crop/10:9-16:9/property-photo/f90dc0471/137156648/f90dc04714ad4c178e2035b678854d6a_max_476x317.jpeg; https://media.rightmove.co.uk:443/dir/crop/10:9-16:9/property-photo/7181b2e76/137156648/7181b2e76fca8b88e6a9fc6f16179837_max_476x317.jpeg; https://media.rightmove.co.uk:443/dir/crop/10:9-16:9/property-photo/0a8e694d2/137156648/0a8e694d2d112ceff05a619a6838d726_max_476x317.jpeg; https://media.rightmove.co.uk:443/dir/crop/10:9-16:9/property-photo/fe2c91a54/137156648/fe2c91a54931ae818eff75cc0cd45b7c_max_476x317.jpeg; https://media.rightmove.co.uk:443/dir/crop/10:9-16:9/property-photo/bc3a2eb0d/137156648/bc3a2eb0da73d09ec2fe567d06bc9fff_max_476x317.jpeg; https://media.rightmove.co.uk:443/dir/crop/10:9-16:9/property-photo/25db4faa8/137156648/25db4faa85a596eaa7f63e8eabfc60a6_max_476x317.jpeg; https://media.rightmove.co.uk:443/dir/crop/10:9-16:9/property-photo/979f4995e/137156648/979f4995eeed82a2c7e7e03215cfccc9_max_476x317.jpeg; https://media.rightmove.co.uk:443/dir/crop/10:9-16:9/property-photo/d5eca1851/137156648/d5eca18516caf05ed10f5ed87a7c4341_max_476x317.jpeg; https://media.rightmove.co.uk:443/dir/crop/10:9-16:9/property-photo/a0b4e0e0b/137156648/a0b4e0e0baf3b55b9a07100037074457_max_476x317.jpeg; https://media.rightmove.co.uk:443/dir/crop/10:9-16:9/property-photo/d80a732e1/137156648/d80a732e19ed1701b114aa52e59411e9_max_476x317.jpeg; https://media.rightmove.co.uk:443/dir/crop/10:9-16:9/property-photo/aadeecaf7/137156648/aadeecaf70eaed7ec74ab32bd34e011e_max_476x317.jpeg; https://media.rightmove.co.uk:443/dir/crop/10:9-16:9/property-photo/4e736ae11/137156648/4e736ae11c264f0d2c77ea54feb0db1d_max_476x317.jpeg"
"698587187756320","Newcastle","Office","Office Suite To Let Newcastle Business Park, First Floor Unit B1 Eagle House, Asama Court, Newcastle upon Tyne, NE4 7YD","£1,749 pcm","","","","High Quality Office Suite To Let","https://www.rightmove.co.uk/properties/698587187756320#/?channel=COM_LET","2025-10-02T10:21:03Z","","new","Marketed by Sanderson Weatherall, Newcastle","","54.960903","-1.640726","https://media.rightmove.co.uk:443/dir/crop/10:9-16:9/property-photo/db090e29d/698587187756320/db090e29d19e06c7a025f5f8fbdb2f0d_max_476x317.jpeg; https://media.rightmove.co.uk:443/dir/crop/10:9-16:9/property-photo/e62d03d11/698587187756320/e62d03d112c807473260fd84cec3794a_max_476x317.jpeg; https://media.rightmove.co.uk:443/dir/crop/10:9-16:9/property-photo/6a4a80035/698587187756320/6a4a800351f0c4e7b4b4b48970253e31_max_476x317.jpeg; https://media.rightmove.co.uk:443/dir/crop/10:9-16:9/property-photo/55d63cd8a/698587187756320/55d63cd8ad1c34c61d501e8590b3e2ec_max_476x317.jpeg; https://media.rightmove.co.uk:443/dir/crop/10:9-16:9/property-photo/930f72c44/698587187756320/930f72c446a6806627e34fe5e71cab74_max_476x317.jpeg; https://media.rightmove.co.uk:443/dir/crop/10:9-16:9/property-photo/4f03a52e0/698587187756320/4f03a52e049eebb398dc3a088a1a3356_max_476x317.jpeg; https://media.rightmove.co.uk:443/dir/crop/10:9-16:9/property-photo/61b5c7c28/698587187756320/61b5c7c287182c0654c9dfc85b0b2c8d_max_476x317.jpeg; https://media.rightmove.co.uk:443/dir/crop/10:9-16:9/property-photo/6c62ffec3/698587187756320/6c62ffec3cb6b3f1cf191969a35e2d4e_max_476x317.jpeg"
"163521062","Newcastle","Office","Stockbridge House, Trinity Gardens, Newcastle upon Tyne, Tyne and Wear, NE1","£10,780 pcm","","","","Refurbished Grade A office with dedicated balcony - COMING SOON Per sq ft £22.00 per sq ft Stockbridge House is a Grade A office in a prime Quayside location. The building was developed in 2005 and offers a high-quality working environment. The available office is undergoing ref...","https://www.rightmove.co.uk/properties/163521062#/?channel=COM_LET","2025-06-19T10:56:05Z","","new","Marketed by Knight Frank, Newcastle - Commercial","","54.971","-1.6053","https://media.rightmove.co.uk:443/dir/crop/10:9-16:9/156k/155516/163521062/155516_NCC012450498_IMG_00_0003_max_476x317.jpeg"
"167672189","Newcastle","Light Industrial","Invincible Drive, Armstrong Industrial Park, Newcastle upon Tyne, Tyne and Wear, NE4","£1,396 pcm","","","","Industrial unit extending to 2,008 sq ft. Suitable for a variety of industrial and warehouse uses High level of security Refurbished accommodation Close to City centre Rent £16,750 per annum","https://www.rightmove.co.uk/properties/167672189#/?channel=COM_LET","2025-10-01T15:14:34Z","","new","Marketed by Youngs RPS Limited, Newcastle","","54.961975","-1.635042","https://media.rightmove.co.uk:443/dir/crop/10:9-16:9/131k/130720/167672189/130720_NEW250036_L_IMG_00_0000_max_476x317.jpeg; https://media.rightmove.co.uk:443/dir/crop/10:9-16:9/131k/130720/167672189/130720_NEW250036_L_IMG_01_0000_max_476x317.jpeg; https://media.rightmove.co.uk:443/dir/crop/10:9-16:9/131k/130720/167672189/130720_NEW250036_L_IMG_02_0000_max_476x317.jpeg; https://media.rightmove.co.uk:443/dir/crop/10:9-16:9/131k/130720/167672189/130720_NEW250036_L_IMG_03_0000_max_476x317.jpeg"
"167671727","Newcastle","Light Industrial","Invincible Drive, Armstrong Industrial Park, Newcastle upon Tyne, Tyne and Wear, NE4","£1,396 pcm","","","","Industrial unit extending to 2,008 sq ft. Suitable for a variety of industrial and warehouse uses High level of security Refurbished accommodation Close to City centre Rent £16,750 per annum","https://www.rightmove.co.uk/properties/167671727#/?channel=COM_LET","2025-10-01T15:07:48Z","","new","Marketed by Youngs RPS Limited, Newcastle","","54.961975","-1.635042","https://media.rightmove.co.uk:443/dir/crop/10:9-16:9/131k/130720/167671727/130720_NEW250035_L_IMG_00_0000_max_476x317.jpeg; https://media.rightmove.co.uk:443/dir/crop/10:9-16:9/131k/130720/167671727/130720_NEW250035_L_IMG_01_0000_max_476x317.jpeg; https://media.rightmove.co.uk:443/dir/crop/10:9-16:9/131k/130720/167671727/130720_NEW250035_L_IMG_02_0000_max_476x317.jpeg; https://media.rightmove.co.uk:443/dir/crop/10:9-16:9/131k/130720/167671727/130720_NEW250035_L_IMG_03_0000_max_476x317.jpeg"
"163871150","Newcastle","Office","Media Exchange, Coquet Street, Newcastle Upon Tyne, Tyne And Wear, NE1","£2,292 pcm","","","","The building forms part of a development of five buildings, all built to a high architectural standard and with high quality finishes. The estate is a vibrant and exciting mix of architects, creative designers, cultural and service agencies. All other buildings on the estate are fully occupied....","https://www.rightmove.co.uk/properties/163871150#/?channel=COM_LET","2025-06-27T10:43:46Z","","price_reduced","Marketed by Naylors Gavin Black LLP, Newcastle Upon Tyne","","54.974911","-1.5938","https://media.rightmove.co.uk:443/dir/crop/10:9-16:9/101k/100681/163871150/100681_3259LH_IMG_00_0000_max_476x317.jpeg; https://media.rightmove.co.uk:443/dir/crop/10:9-16:9/101k/100681/163871150/100681_3259LH_IMG_01_0000_max_476x317.jpeg; https://media.rightmove.co.uk:443/dir/crop/10:9-16:9/101k/100681/163871150/100681_3259LH_IMG_02_0000_max_476x317.jpeg; https://media.rightmove.co.uk:443/dir/crop/10:9-16:9/101k/100681/163871150/100681_3259LH_IMG_03_0000_max_476x317.jpeg; https://media.rightmove.co.uk:443/dir/crop/10:9-16:9/101k/100681/163871150/100681_3259LH_IMG_04_0000_max_476x317.jpeg"
"168027269","Newcastle","Light Industrial","Invincible Drive, Armstrong Industrial Park, Newcastle Upon Tyne, NE4","£2,692 pcm","","","","Industrial unit/warehouse to let. Close to City centre. High level of security. Rent £32,300. Available end October 2025","https://www.rightmove.co.uk/properties/168027269#/?channel=COM_LET","2025-10-09T12:07:50Z","","new","Marketed by Youngs RPS Limited, Newcastle","","54.962002","-1.63758","https://media.rightmove.co.uk:443/dir/crop/10:9-16:9/131k/130720/168027269/130720_NEW220024_L_IMG_00_0000_max_476x317.jpeg; https://media.rightmove.co.uk:443/dir/crop/10:9-16:9/131k/130720/168027269/130720_NEW220024_L_IMG_01_0000_max_476x317.jpeg; https://media.rightmove.co.uk:443/dir/crop/10:9-16:9/131k/130720/168027269/130720_NEW220024_L_IMG_02_0000_max_476x317.jpeg; https://media.rightmove.co.uk:443/dir/crop/10:9-16:9/131k/130720/168027269/130720_NEW220024_L_IMG_03_0000_max_476x317.jpeg; https://media.rightmove.co.uk:443/dir/crop/10:9-16:9/131k/130720/168027269/130720_NEW220024_L_IMG_04_0000_max_476x317.jpeg; https://media.rightmove.co.uk:443/dir/crop/10:9-16:9/131k/130720/168027269/130720_NEW220024_L_IMG_05_0000_max_476x317.jpeg; https://media.rightmove.co.uk:443/dir/crop/10:9-16:9/131k/130720/168027269/130720_NEW220024_L_IMG_06_0000_max_476x317.jpeg; https://media.rightmove.co.uk:443/dir/crop/10:9-16:9/131k/130720/168027269/130720_NEW220024_L_IMG_07_0000_max_476x317.jpeg; https://media.rightmove.co.uk:443/dir/crop/10:9-16:9/131k/130720/168027269/130720_NEW220024_L_IMG_08_0000_max_476x317.jpeg; https://media.rightmove.co.uk:443/dir/crop/10:9-16:9/131k/130720/168027269/130720_NEW220024_L_IMG_09_0000_max_476x317.jpeg; https://media.rightmove.co.uk:443/dir/crop/10:9-16:9/131k/130720/168027269/130720_NEW220024_L_IMG_10_0000_max_476x317.jpeg"
"167595890","Newcastle","Shop","Pilgrim Street, Newcastle Upon Tyne, NE1","£1,667 pcm","","","","38-40 Pilgrim Street (NE1 6SE) is centrally located in Newcastle upon Tyne, within walking distance of key city landmarks like the Tyneside Cinema and Grey Street. It sits in a vibrant area close to large amounts of shops, restaurants, and historic architecture. The location is except...","https://www.rightmove.co.uk/properties/167595890#/?channel=COM_LET","2025-09-30T10:40:14Z","","new","Marketed by Bradley Hall, Newcastle Upon Tyne","","54.972964","-1.611269","https://media.rightmove.co.uk:443/dir/crop/10:9-16:9/283k/282893/167595890/282893_CMR250143_L_IMG_00_0000_max_476x317.jpeg; https://media.rightmove.co.uk:443/dir/crop/10:9-16:9/283k/282893/167595890/282893_CMR250143_L_IMG_01_0000_max_476x317.jpeg; https://media.rightmove.co.uk:443/dir/crop/10:9-16:9/283k/282893/167595890/282893_CMR250143_L_IMG_02_0000_max_476x317.jpeg; https://media.rightmove.co.uk:443/dir/crop/10:9-16:9/283k/282893/167595890/282893_CMR250143_L_IMG_03_0000_max_476x317.jpeg"
"167575952","Newcastle","Serviced Office","38 Collingwood street, Newcastle upon Tyne","£292 pcm","From","","","This grand building sits in a prominent position and houses top quality office space with many of the original features still intact and on show.","https://www.rightmove.co.uk/properties/167575952#/?channel=COM_LET","2025-09-29T17:05:36Z","","new","Marketed by Office Freedom, Office Freedom Regional","","54.970175","-1.613188","https://media.rightmove.co.uk:443/dir/crop/10:9-16:9/238k/237641/167575952/237641_11960-1_IMG_00_0000_max_476x317.jpeg; https://media.rightmove.co.uk:443/dir/crop/10:9-16:9/238k/237641/167575952/237641_11960-1_IMG_01_0000_max_476x317.jpeg; https://media.rightmove.co.uk:443/dir/crop/10:9-16:9/238k/237641/167575952/237641_11960-1_IMG_02_0000_max_476x317.jpeg; https://media.rightmove.co.uk:443/dir/crop/10:9-16:9/238k/237641/167575952/237641_11960-1_IMG_03_0000_max_476x317.jpeg; https://media.rightmove.co.uk:443/dir/crop/10:9-16:9/238k/237641/167575952/237641_11960-1_IMG_04_0000_max_476x317.jpeg; https://media.rightmove.co.uk:443/dir/crop/10:9-16:9/238k/237641/167575952/237641_11960-1_IMG_05_0000_max_476x317.jpeg; https://media.rightmove.co.uk:443/dir/crop/10:9-16:9/238k/237641/167575952/237641_11960-1_IMG_06_0000_max_476x317.jpeg; https://media.rightmove.co.uk:443/dir/crop/10:9-16:9/238k/237641/167575952/237641_11960-1_IMG_07_0000_max_476x317.jpeg; https://media.rightmove.co.uk:443/dir/crop/10:9-16:9/238k/237641/167575952/237641_11960-1_IMG_08_0000_max_476x317.jpeg; https://media.rightmove.co.uk:443/dir/crop/10:9-16:9/238k/237641/167575952/237641_11960-1_IMG_09_0000_max_476x317.jpeg; https://media.rightmove.co.uk:443/dir/crop/10:9-16:9/238k/237641/167575952/237641_11960-1_IMG_10_0000_max_476x317.jpeg; https://media.rightmove.co.uk:443/dir/crop/10:9-16:9/238k/237641/167575952/237641_11960-1_IMG_11_0000_max_476x317.jpeg"
"722864557294817","Newcastle","Office","5-13 Side, Newcastle upon Tyne, NE1 3JE","£2,540 pcm","","","","A Grade II listed four storey, self-contained office, desirably located on the Newcastle Quayside.","https://www.rightmove.co.uk/properties/722864557294817#/?channel=COM_LET","2025-12-03T10:58:08Z","","size_change","Marketed by Parker Knights, Newcastle","","54.969197","-1.608428","https://media.rightmove.co.uk:443/dir/crop/10:9-16:9/253k/252818/722864557294817/252818_332278-2_IMG_00_0000_max_476x317.jpeg; https://media.rightmove.co.uk:443/dir/crop/10:9-16:9/253k/252818/722864557294817/252818_332278-2_IMG_01_0000_max_476x317.jpeg; https://media.rightmove.co.uk:443/dir/crop/10:9-16:9/253k/252818/722864557294817/252818_332278-2_IMG_02_0000_max_476x317.jpeg; https://media.rightmove.co.uk:443/dir/crop/10:9-16:9/253k/252818/722864557294817/252818_332278-2_IMG_03_0000_max_476x317.jpeg; https://media.rightmove.co.uk:443/dir/crop/10:9-16:9/253k/252818/722864557294817/252818_332278-2_IMG_04_0000_max_476x317.jpeg; https://media.rightmove.co.uk:443/dir/crop/10:9-16:9/253k/252818/722864557294817/252818_332278-2_IMG_05_0000_max_476x317.jpeg; https://media.rightmove.co.uk:443/dir/crop/10:9-16:9/253k/252818/722864557294817/252818_332278-2_IMG_06_0000_max_476x317.jpeg; https://media.rightmove.co.uk:443/dir/crop/10:9-16:9/253k/252818/722864557294817/252818_332278-2_IMG_07_0000_max_476x317.jpeg; https://media.rightmove.co.uk:443/dir/crop/10:9-16:9/253k/252818/722864557294817/252818_332278-2_IMG_08_0000_max_476x317.jpeg; https://media.rightmove.co.uk:443/dir/crop/10:9-16:9/253k/252818/722864557294817/252818_332278-2_IMG_09_0000_max_476x317.jpeg"
"144261521","Newcastle","Serviced Office","Spire Platinum Suites, Newcastle Upon Tyne, NE1","£3,200 pcm","From","","","Fronting the Tyne Bridge and overlooking the vibrant Quayside, Spire Newcastle offers incredible views and an unbeatable location. The building has been recently fully refurbished to create designer ultra all inclusive workspace with a business lounge hosting a large variety of amenities. ","https://www.rightmove.co.uk/properties/144261521#/?channel=COM_LET","2024-02-01T14:57:55Z","","price_reduced","Marketed by CENTRAL SPACE LIMITED, Head Office","","54.97006","-1.60764","https://media.rightmove.co.uk:443/dir/crop/10:9-16:9/81k/80268/144261521/80268_SP003_IMG_30_0000_max_476x317.jpeg; https://media.rightmove.co.uk:443/dir/crop/10:9-16:9/81k/80268/144261521/80268_SP003_IMG_12_0000_max_476x317.jpeg; https://media.rightmove.co.uk:443/dir/crop/10:9-16:9/81k/80268/144261521/80268_SP003_IMG_27_0000_max_476x317.jpeg; https://media.rightmove.co.uk:443/dir/crop/10:9-16:9/81k/80268/144261521/80268_SP003_IMG_23_0000_max_476x317.jpeg; https://media.rightmove.co.uk:443/dir/crop/10:9-16:9/81k/80268/144261521/80268_SP003_IMG_19_0000_max_476x317.jpeg; https://media.rightmove.co.uk:443/dir/crop/10:9-16:9/81k/80268/144261521/80268_SP003_IMG_08_0001_max_476x317.jpeg; https://media.rightmove.co.uk:443/dir/crop/10:9-16:9/81k/80268/144261521/80268_SP003_IMG_16_0000_max_476x317.jpeg; https://media.rightmove.co.uk:443/dir/crop/10:9-16:9/81k/80268/144261521/80268_SP003_IMG_21_0000_max_476x317.jpeg; https://media.rightmove.co.uk:443/dir/crop/10:9-16:9/81k/80268/144261521/80268_SP003_IMG_18_0000_max_476x317.jpeg; https://media.rightmove.co.uk:443/dir/crop/10:9-16:9/81k/80268/144261521/80268_SP003_IMG_26_0000_max_476x317.jpeg; https://media.rightmove.co.uk:443/dir/crop/10:9-16:9/81k/80268/144261521/80268_SP003_IMG_11_0000_max_476x317.jpeg; https://media.rightmove.co.uk:443/dir/crop/10:9-16:9/81k/80268/144261521/80268_SP003_IMG_32_0000_max_476x317.jpeg; https://media.rightmove.co.uk:443/dir/crop/10:9-16:9/81k/80268/144261521/80268_SP003_IMG_14_0000_max_476x317.jpeg; https://media.rightmove.co.uk:443/dir/crop/10:9-16:9/81k/80268/144261521/80268_SP003_IMG_33_0000_max_476x317.jpeg; https://media.rightmove.co.uk:443/dir/crop/10:9-16:9/81k/80268/144261521/80268_SP003_IMG_06_0000_max_476x317.jpeg; https://media.rightmove.co.uk:443/dir/crop/10:9-16:9/81k/80268/144261521/80268_SP003_IMG_07_0000_max_476x317.jpeg; https://media.rightmove.co.uk:443/dir/crop/10:9-16:9/81k/80268/144261521/80268_SP003_IMG_22_0000_max_476x317.jpeg; https://media.rightmove.co.uk:443/dir/crop/10:9-16:9/81k/80268/144261521/80268_SP003_IMG_28_0000_max_476x317.jpeg; https://media.rightmove.co.uk:443/dir/crop/10:9-16:9/81k/80268/144261521/80268_SP003_IMG_13_0000_max_476x317.jpeg; https://media.rightmove.co.uk:443/dir/crop/10:9-16:9/81k/80268/144261521/80268_SP003_IMG_15_0000_max_476x317.jpeg; https://media.rightmove.co.uk:443/dir/crop/10:9-16:9/81k/80268/144261521/80268_SP003_IMG_17_0000_max_476x317.jpeg; https://media.rightmove.co.uk:443/dir/crop/10:9-16:9/81k/80268/144261521/80268_SP003_IMG_20_0000_max_476x317.jpeg; https://media.rightmove.co.uk:443/dir/crop/10:9-16:9/81k/80268/144261521/80268_SP003_IMG_24_0000_max_476x317.jpeg; https://media.rightmove.co.uk:443/dir/crop/10:9-16:9/81k/80268/144261521/80268_SP003_IMG_25_0000_max_476x317.jpeg; https://media.rightmove.co.uk:443/dir/crop/10:9-16:9/81k/80268/144261521/80268_SP003_IMG_29_0000_max_476x317.jpeg; https://media.rightmove.co.uk:443/dir/crop/10:9-16:9/81k/80268/144261521/80268_SP003_IMG_31_0000_max_476x317.jpeg"
"104771714","Newcastle","Office","Q4 | Quorum Business Park, Longbenton, Newcastle, NE12 8EZ","£3,500 pcm","From","","","Grade A Office Space available at Quorum Business Park. Quarter, Half, and Whole floor plates available with fit-out included.","https://www.rightmove.co.uk/properties/104771714#/?channel=COM_LET","2021-03-30T15:17:12Z","","size_change","Marketed by Hurstwood, Manchester","","55.01875","-1.582212","https://media.rightmove.co.uk:443/dir/crop/10:9-16:9/135k/134741/104771714/134741_64773-2_IMG_32_0000_max_476x317.jpeg; https://media.rightmove.co.uk:443/dir/crop/10:9-16:9/135k/134741/104771714/134741_64773-2_IMG_33_0001_max_476x317.jpeg; https://media.rightmove.co.uk:443/dir/crop/10:9-16:9/135k/134741/104771714/134741_64773-2_IMG_07_0005_max_476x317.jpeg; https://media.rightmove.co.uk:443/dir/crop/10:9-16:9/135k/134741/104771714/134741_64773-2_IMG_05_0004_max_476x317.jpeg; https://media.rightmove.co.uk:443/dir/crop/10:9-16:9/135k/134741/104771714/134741_64773-2_IMG_18_0002_max_476x317.jpeg; https://media.rightmove.co.uk:443/dir/crop/10:9-16:9/135k/134741/104771714/134741_64773-2_IMG_04_0005_max_476x317.jpeg; https://media.rightmove.co.uk:443/dir/crop/10:9-16:9/135k/134741/104771714/134741_64773-2_IMG_12_0002_max_476x317.jpeg; https://media.rightmove.co.uk:443/dir/crop/10:9-16:9/135k/134741/104771714/134741_64773-2_IMG_24_0001_max_476x317.jpeg; https://media.rightmove.co.uk:443/dir/crop/10:9-16:9/135k/134741/104771714/134741_64773-2_IMG_15_0002_max_476x317.jpeg; https://media.rightmove.co.uk:443/dir/crop/10:9-16:9/135k/134741/104771714/134741_64773-2_IMG_03_0005_max_476x317.jpeg; https://media.rightmove.co.uk:443/dir/crop/10:9-16:9/135k/134741/104771714/134741_64773-2_IMG_17_0002_max_476x317.jpeg; https://media.rightmove.co.uk:443/dir/crop/10:9-16:9/135k/134741/104771714/134741_64773-2_IMG_08_0005_max_476x317.jpeg; https://media.rightmove.co.uk:443/dir/crop/10:9-16:9/135k/134741/104771714/134741_64773-2_IMG_16_0002_max_476x317.jpeg; https://media.rightmove.co.uk:443/dir/crop/10:9-16:9/135k/134741/104771714/134741_64773-2_IMG_25_0001_max_476x317.jpeg; https://media.rightmove.co.uk:443/dir/crop/10:9-16:9/135k/134741/104771714/134741_64773-2_IMG_19_0002_max_476x317.jpeg; https://media.rightmove.co.uk:443/dir/crop/10:9-16:9/135k/134741/104771714/134741_64773-2_IMG_20_0002_max_476x317.jpeg; https://media.rightmove.co.uk:443/dir/crop/10:9-16:9/135k/134741/104771714/134741_64773-2_IMG_28_0001_max_476x317.jpeg; https://media.rightmove.co.uk:443/dir/crop/10:9-16:9/135k/134741/104771714/134741_64773-2_IMG_22_0002_max_476x317.jpeg"
"167119415","Newcastle","Office","10 Riverside Studios, Amethyst Way, Newcastle Upon Tyne, NE4","£1,417 pcm","","3","","Riverside Studios, Amethyst Road is situated within the well-established Newcastle Business Park, located to the west of Newcastle city centre. The park lies approximately 1.9 miles from the Tyne Bridge and 1.2 miles from the Redheugh Bridge, with the property enjoying a riverside position overlo...","https://www.rightmove.co.uk/properties/167119415#/?channel=COM_LET","2025-09-17T20:08:13Z","","new","Marketed by Bradley Hall, Newcastle Upon Tyne","","54.961824","-1.642639","https://media.rightmove.co.uk:443/dir/crop/10:9-16:9/283k/282893/167119415/282893_CMR250139_L_IMG_00_0000_max_476x317.jpeg; https://media.rightmove.co.uk:443/dir/crop/10:9-16:9/283k/282893/167119415/282893_CMR250139_L_IMG_01_0000_max_476x317.jpeg; https://media.rightmove.co.uk:443/dir/crop/10:9-16:9/283k/282893/167119415/282893_CMR250139_L_IMG_02_0000_max_476x317.jpeg; https://media.rightmove.co.uk:443/dir/crop/10:9-16:9/283k/282893/167119415/282893_CMR250139_L_IMG_03_0000_max_476x317.jpeg; https://media.rightmove.co.uk:443/dir/crop/10:9-16:9/283k/282893/167119415/282893_CMR250139_L_IMG_04_0000_max_476x317.jpeg; https://media.rightmove.co.uk:443/dir/crop/10:9-16:9/283k/282893/167119415/282893_CMR250139_L_IMG_05_0000_max_476x317.jpeg; https://media.rightmove.co.uk:443/dir/crop/10:9-16:9/283k/282893/167119415/282893_CMR250139_L_IMG_06_0000_max_476x317.jpeg; https://media.rightmove.co.uk:443/dir/crop/10:9-16:9/283k/282893/167119415/282893_CMR250139_L_IMG_07_0000_max_476x317.jpeg"
"167110070","Newcastle","Storage","Basement Dean Street, Newcastle Upon Tyne, NE1","£215 pcm","","","","£215 pcm. Secure Basement storage in City Centre location. 500 sq ft total space including large working banking safe of 100 sq ft.","https://www.rightmove.co.uk/properties/167110070#/?channel=COM_LET","2025-09-17T16:42:38Z","","new","Marketed by Ridley Properties, Newcastle Upon Tyne","","54.97045","-1.60992","https://media.rightmove.co.uk:443/dir/crop/10:9-16:9/107k/106778/167110070/106778_52DBASE_IMG_00_0000_max_476x317.jpeg"
"167078714","Newcastle","Office","I6 Charlotte Square, Newcastle Enterprise Centres, Charlotte Square, Newcastle Upon Tyne, Tyne And Wear, NE1 4XF","£625 pcm","From","","","I6 Charlotte Square - A Premier Business Location in the Heart of Newcastle i6 Charlotte Square offers stylish and flexible office spaces tailored for a range of businesses. Set within a charming historic Newcastle environment, the centre also features a professionally managed central reception ...","https://www.rightmove.co.uk/properties/167078714#/?channel=COM_LET","2025-09-17T09:33:35Z","","new","Marketed by Naylors Gavin Black LLP, Newcastle Upon Tyne","","54.971291","-1.619905","https://media.rightmove.co.uk:443/dir/crop/10:9-16:9/101k/100681/167078714/100681_3279LH_IMG_00_0000_max_476x317.jpeg; https://media.rightmove.co.uk:443/dir/crop/10:9-16:9/101k/100681/167078714/100681_3279LH_IMG_01_0000_max_476x317.jpeg; https://media.rightmove.co.uk:443/dir/crop/10:9-16:9/101k/100681/167078714/100681_3279LH_IMG_02_0000_max_476x317.jpeg; https://media.rightmove.co.uk:443/dir/crop/10:9-16:9/101k/100681/167078714/100681_3279LH_IMG_03_0000_max_476x317.jpeg; https://media.rightmove.co.uk:443/dir/crop/10:9-16:9/101k/100681/167078714/100681_3279LH_IMG_04_0000_max_476x317.jpeg; https://media.rightmove.co.uk:443/dir/crop/10:9-16:9/101k/100681/167078714/100681_3279LH_IMG_05_0000_max_476x317.jpeg; https://media.rightmove.co.uk:443/dir/crop/10:9-16:9/101k/100681/167078714/100681_3279LH_IMG_06_0000_max_476x317.jpeg; https://media.rightmove.co.uk:443/dir/crop/10:9-16:9/101k/100681/167078714/100681_3279LH_IMG_07_0000_max_476x317.jpeg; https://media.rightmove.co.uk:443/dir/crop/10:9-16:9/101k/100681/167078714/100681_3279LH_IMG_08_0000_max_476x317.jpeg; https://media.rightmove.co.uk:443/dir/crop/10:9-16:9/101k/100681/167078714/100681_3279LH_IMG_09_0000_max_476x317.jpeg; https://media.rightmove.co.uk:443/dir/crop/10:9-16:9/101k/100681/167078714/100681_3279LH_IMG_10_0000_max_476x317.jpeg"
"155011919","Newcastle","Office","The Toffee Factory, Lower Steenbergs Yard, Ouseburn, Newcastle upon Tyne, Tyne and Wear, NE1","£1,289 pcm","","","","Serviced Office Space in the Heart of Ouseburn Per sq ft £34.00 - £39.00 per sq ft Toffee Factory offers high-quality refurbished office space. The contemporary serviced accommodation attracts attention from new start-ups through to established businesses. The co-working setup, f...","https://www.rightmove.co.uk/properties/155011919#/?channel=COM_LET","2024-11-15T10:22:01Z","","size_change","Marketed by Knight Frank, Newcastle - Commercial","","54.971966","-1.589598","https://media.rightmove.co.uk:443/dir/crop/10:9-16:9/156k/155516/155011919/155516_NCC012492035_IMG_00_0003_max_476x317.jpeg; https://media.rightmove.co.uk:443/dir/crop/10:9-16:9/156k/155516/155011919/155516_NCC012492035_IMG_01_0003_max_476x317.jpeg; https://media.rightmove.co.uk:443/dir/crop/10:9-16:9/156k/155516/155011919/155516_NCC012492035_IMG_02_0003_max_476x317.jpeg; https://media.rightmove.co.uk:443/dir/crop/10:9-16:9/156k/155516/155011919/155516_NCC012492035_IMG_03_0003_max_476x317.jpeg"
"148466207","Newcastle","Office","Shakespeare House, 18 Shakespeare Street, Newcastle Upon Tyne, NE1 6AQ","£740 pcm","","","","Office To Let, Newcastle Upon Tyne","https://www.rightmove.co.uk/properties/148466207#/?channel=COM_LET","2024-05-28T14:30:13Z","","size_change","Marketed by Avison Young (UK) Limited, Offices","","54.97258","-1.611382","https://media.rightmove.co.uk:443/dir/crop/10:9-16:9/57k/56478/148466207/56478_211725-2_IMG_00_0000_max_476x317.jpeg; https://media.rightmove.co.uk:443/dir/crop/10:9-16:9/57k/56478/148466207/56478_211725-2_IMG_01_0000_max_476x317.jpeg; https://media.rightmove.co.uk:443/dir/crop/10:9-16:9/57k/56478/148466207/56478_211725-2_IMG_02_0000_max_476x317.jpeg; https://media.rightmove.co.uk:443/dir/crop/10:9-16:9/57k/56478/148466207/56478_211725-2_IMG_03_0000_max_476x317.jpeg; https://media.rightmove.co.uk:443/dir/crop/10:9-16:9/57k/56478/148466207/56478_211725-2_IMG_04_0000_max_476x317.jpeg; https://media.rightmove.co.uk:443/dir/crop/10:9-16:9/57k/56478/148466207/56478_211725-2_IMG_05_0000_max_476x317.jpeg"
"166876475","Newcastle","Serviced Office","Q11 Benton Lane, Newcastle upon Tyne","£449 pcm","From","","","Located in the hub of Quorum Business Park, Q16 offers highly-functional breakout and communal areas, modern plug and play meeting room facilities and work space to suit a wide range of businesses.","https://www.rightmove.co.uk/properties/166876475#/?channel=COM_LET","2025-09-11T13:20:55Z","","new","Marketed by Office Freedom, Office Freedom - Major Cities","","55.022389","-1.577117","https://media.rightmove.co.uk:443/dir/crop/10:9-16:9/246k/245114/166876475/245114_114819-1_IMG_00_0000_max_476x317.jpeg; https://media.rightmove.co.uk:443/dir/crop/10:9-16:9/246k/245114/166876475/245114_114819-1_IMG_01_0000_max_476x317.jpeg; https://media.rightmove.co.uk:443/dir/crop/10:9-16:9/246k/245114/166876475/245114_114819-1_IMG_02_0000_max_476x317.jpeg; https://media.rightmove.co.uk:443/dir/crop/10:9-16:9/246k/245114/166876475/245114_114819-1_IMG_03_0000_max_476x317.jpeg; https://media.rightmove.co.uk:443/dir/crop/10:9-16:9/246k/245114/166876475/245114_114819-1_IMG_04_0000_max_476x317.jpeg; https://media.rightmove.co.uk:443/dir/crop/10:9-16:9/246k/245114/166876475/245114_114819-1_IMG_05_0000_max_476x317.jpeg; https://media.rightmove.co.uk:443/dir/crop/10:9-16:9/246k/245114/166876475/245114_114819-1_IMG_06_0000_max_476x317.jpeg; https://media.rightmove.co.uk:443/dir/crop/10:9-16:9/246k/245114/166876475/245114_114819-1_IMG_07_0000_max_476x317.jpeg; https://media.rightmove.co.uk:443/dir/crop/10:9-16:9/246k/245114/166876475/245114_114819-1_IMG_08_0000_max_476x317.jpeg; https://media.rightmove.co.uk:443/dir/crop/10:9-16:9/246k/245114/166876475/245114_114819-1_IMG_09_0000_max_476x317.jpeg"
"134449055","Newcastle","Light Industrial","Unit 13B Airport Industrial Estate, Newcastle upon Tyne, NE3 2EF","£1,207 pcm","","","","LIGHT INDUSTRIAL/WORKSHOP unit within the POPULAR and WELL ESTABLISHED Airport Industrial Estate. Situated adjacent to the A1 Western Bypass with GOOD access to major road networks & Newcastle City Centre just 4 miles away. Kingston Park Metro nearby with good transport links to Newcastle Airport. ","https://www.rightmove.co.uk/properties/134449055#/?channel=COM_LET","2023-05-04T16:53:53Z","","size_change","Marketed by Northern Trust, North East","","55.01167","-1.66315","https://media.rightmove.co.uk:443/dir/crop/10:9-16:9/88k/87511/134449055/87511_NEN_03113_Airport_10to19_IMG_61_0000_max_476x317.jpeg; https://media.rightmove.co.uk:443/dir/crop/10:9-16:9/88k/87511/134449055/87511_NEN_03113_Airport_10to20_IMG_72_0000_max_476x317.jpeg; https://media.rightmove.co.uk:443/dir/crop/10:9-16:9/88k/87511/134449055/87511_NEN_03113_Airport_10to20_IMG_73_0000_max_476x317.jpeg; https://media.rightmove.co.uk:443/dir/crop/10:9-16:9/88k/87511/134449055/87511_NEN_03113_Airport_10to20_IMG_71_0000_max_476x317.jpeg; https://media.rightmove.co.uk:443/dir/crop/10:9-16:9/88k/87511/134449055/87511_NEN_03113_Airport_10to19_IMG_68_0002_max_476x317.jpeg; https://media.rightmove.co.uk:443/dir/crop/10:9-16:9/88k/87511/134449055/87511_NEN_03113_Airport_10to19_IMG_34_0000_max_476x317.jpeg; https://media.rightmove.co.uk:443/dir/crop/10:9-16:9/88k/87511/134449055/87511_NEN_03113_Airport_10to19_IMG_47_0000_max_476x317.jpeg; https://media.rightmove.co.uk:443/dir/crop/10:9-16:9/88k/87511/134449055/87511_03113_Airport_10to16_IMG_05_0000_max_476x317.jpeg; https://media.rightmove.co.uk:443/dir/crop/10:9-16:9/88k/87511/134449055/87511_03113_Airport_10to16_IMG_07_0000_max_476x317.jpeg; https://media.rightmove.co.uk:443/dir/crop/10:9-16:9/88k/87511/134449055/87511_03113_Airport_10to16_IMG_08_0000_max_476x317.jpeg; https://media.rightmove.co.uk:443/dir/crop/10:9-16:9/88k/87511/134449055/87511_03113_Airport_10to16_IMG_09_0000_max_476x317.jpeg"
"166747133","Newcastle","Retail Property (high street)","Generation House, 32 Station Road, Gosforth, NE3","£2,500 pcm","","","","The property is located in South Gosforth, a well-connected and vibrant suburb of Newcastle upon Tyne. Positioned within a popular local shopping area, the unit benefits from a strong mix of independent retailers, cafés, and service providers, attracting consistent footfall from both resid...","https://www.rightmove.co.uk/properties/166747133#/?channel=COM_LET","2025-09-08T22:46:47Z","","new","Marketed by Bradley Hall, Newcastle Upon Tyne","","55.006994","-1.604284","https://media.rightmove.co.uk:443/dir/crop/10:9-16:9/283k/282893/166747133/282893_CMR250138_L_IMG_00_0000_max_476x317.jpeg; https://media.rightmove.co.uk:443/dir/crop/10:9-16:9/283k/282893/166747133/282893_CMR250138_L_IMG_01_0000_max_476x317.jpeg; https://media.rightmove.co.uk:443/dir/crop/10:9-16:9/283k/282893/166747133/282893_CMR250138_L_IMG_02_0000_max_476x317.jpeg; https://media.rightmove.co.uk:443/dir/crop/10:9-16:9/283k/282893/166747133/282893_CMR250138_L_IMG_03_0000_max_476x317.jpeg; https://media.rightmove.co.uk:443/dir/crop/10:9-16:9/283k/282893/166747133/282893_CMR250138_L_IMG_04_0000_max_476x317.jpeg; https://media.rightmove.co.uk:443/dir/crop/10:9-16:9/283k/282893/166747133/282893_CMR250138_L_IMG_05_0000_max_476x317.jpeg"
"163726208","Newcastle","Retail Property (high street)","The Grainger Suite, Regent Centre, Gosforth, Newcastle upon Tyne, NE3 3PW","£2,354 pcm","","","","High-footfall Leisure/Retail opportunity in well-established Regent Centre Business Park, Gosforth.","https://www.rightmove.co.uk/properties/163726208#/?channel=COM_LET","2025-06-24T12:57:52Z","","size_change","Marketed by BNP Paribas Real Estate Advisory & Property Management UK Limited, Newcastle","","55.011105","-1.623719","https://media.rightmove.co.uk:443/dir/crop/10:9-16:9/242k/241244/163726208/241244_195091-2_IMG_09_0000_max_476x317.jpeg; https://media.rightmove.co.uk:443/dir/crop/10:9-16:9/242k/241244/163726208/241244_195091-2_IMG_00_0000_max_476x317.jpeg; https://media.rightmove.co.uk:443/dir/crop/10:9-16:9/242k/241244/163726208/241244_195091-2_IMG_01_0000_max_476x317.jpeg; https://media.rightmove.co.uk:443/dir/crop/10:9-16:9/242k/241244/163726208/241244_195091-2_IMG_02_0000_max_476x317.jpeg; https://media.rightmove.co.uk:443/dir/crop/10:9-16:9/242k/241244/163726208/241244_195091-2_IMG_03_0000_max_476x317.jpeg; https://media.rightmove.co.uk:443/dir/crop/10:9-16:9/242k/241244/163726208/241244_195091-2_IMG_04_0000_max_476x317.jpeg; https://media.rightmove.co.uk:443/dir/crop/10:9-16:9/242k/241244/163726208/241244_195091-2_IMG_05_0000_max_476x317.jpeg; https://media.rightmove.co.uk:443/dir/crop/10:9-16:9/242k/241244/163726208/241244_195091-2_IMG_06_0000_max_476x317.jpeg; https://media.rightmove.co.uk:443/dir/crop/10:9-16:9/242k/241244/163726208/241244_195091-2_IMG_07_0000_max_476x317.jpeg; https://media.rightmove.co.uk:443/dir/crop/10:9-16:9/242k/241244/163726208/241244_195091-2_IMG_08_0000_max_476x317.jpeg"
"75114609","Newcastle","Storage","Armadillo Self Storage Newcastle, Industry Road, Heaton, Newcastle Upon Tyne, Tyne And Wear, NE6","POA","","","","We have lot of different storage room sizes, from 50 sq ft to 500+ sq ft. Prices vary depending on size and availability. Please contact your local store for further details and the latest prices.","https://www.rightmove.co.uk/properties/75114609#/?channel=COM_LET","2020-11-09T12:43:46Z","","size_change","Marketed by Armadillo Self Storage, Newcastle","","54.994249","-1.562999","https://media.rightmove.co.uk:443/dir/crop/10:9-16:9/201k/200606/75114609/200606_121LH_IMG_00_0000_max_476x317.jpeg; https://media.rightmove.co.uk:443/dir/crop/10:9-16:9/201k/200606/75114609/200606_121LH_IMG_01_0002_max_476x317.jpeg; https://media.rightmove.co.uk:443/dir/crop/10:9-16:9/201k/200606/75114609/200606_121LH_IMG_02_0001_max_476x317.jpeg; https://media.rightmove.co.uk:443/dir/crop/10:9-16:9/201k/200606/75114609/200606_121LH_IMG_03_0001_max_476x317.jpeg; https://media.rightmove.co.uk:443/dir/crop/10:9-16:9/201k/200606/75114609/200606_121LH_IMG_04_0001_max_476x317.jpeg; https://media.rightmove.co.uk:443/dir/crop/10:9-16:9/201k/200606/75114609/200606_121LH_IMG_05_0001_max_476x317.jpeg; https://media.rightmove.co.uk:443/dir/crop/10:9-16:9/201k/200606/75114609/200606_121LH_IMG_06_0001_max_476x317.jpeg"
"148622018","Newcastle","Office","City centre office space fitted with a kitchen, large meeting room and a private office, NE1","£2,617 pcm","","","","City centre office space fitted with a kitchen, large meeting room and a private office - available with on site parking Per sq ft £14.50 per sq ft A major refurbishment completed in October 2020, which includes a remodelled reception providing a striking arrival to the buildi...","https://www.rightmove.co.uk/properties/148622018#/?channel=COM_LET","2024-05-31T18:01:17Z","","size_change","Marketed by Knight Frank, Newcastle - Commercial","","54.9695","-1.6088","https://media.rightmove.co.uk:443/dir/crop/10:9-16:9/156k/155516/148622018/155516_NCC012176287_IMG_00_0011_max_476x317.jpeg; https://media.rightmove.co.uk:443/dir/crop/10:9-16:9/156k/155516/148622018/155516_NCC012176287_IMG_01_0011_max_476x317.jpeg; https://media.rightmove.co.uk:443/dir/crop/10:9-16:9/156k/155516/148622018/155516_NCC012176287_IMG_02_0011_max_476x317.jpeg; https://media.rightmove.co.uk:443/dir/crop/10:9-16:9/156k/155516/148622018/155516_NCC012176287_IMG_03_0011_max_476x317.jpeg; https://media.rightmove.co.uk:443/dir/crop/10:9-16:9/156k/155516/148622018/155516_NCC012176287_IMG_04_0011_max_476x317.jpeg; https://media.rightmove.co.uk:443/dir/crop/10:9-16:9/156k/155516/148622018/155516_NCC012176287_IMG_05_0011_max_476x317.jpeg; https://media.rightmove.co.uk:443/dir/crop/10:9-16:9/156k/155516/148622018/155516_NCC012176287_IMG_06_0011_max_476x317.jpeg; https://media.rightmove.co.uk:443/dir/crop/10:9-16:9/156k/155516/148622018/155516_NCC012176287_IMG_07_0011_max_476x317.jpeg; https://media.rightmove.co.uk:443/dir/crop/10:9-16:9/156k/155516/148622018/155516_NCC012176287_IMG_08_0011_max_476x317.jpeg"
"706395683678352","Newcastle","Office","Contemporary Office Suite To Let in Newcastle, Suite 6-7 St Nicholas Chambers, Amen Corner, Newcastle upon Tyne, NE1 1PE","£1,542 pcm","","","","Contemporary Office Suite To Let","https://www.rightmove.co.uk/properties/706395683678352#/?channel=COM_LET","2025-10-23T11:16:15Z","","new","Marketed by Sanderson Weatherall, Newcastle","","54.969736","-1.611157","https://media.rightmove.co.uk:443/dir/crop/10:9-16:9/262k/261938/706395683678352/261938_328196-2_IMG_00_0000_max_476x317.jpeg; https://media.rightmove.co.uk:443/dir/crop/10:9-16:9/262k/261938/706395683678352/261938_328196-2_IMG_01_0000_max_476x317.jpeg; https://media.rightmove.co.uk:443/dir/crop/10:9-16:9/262k/261938/706395683678352/261938_328196-2_IMG_02_0000_max_476x317.jpeg; https://media.rightmove.co.uk:443/dir/crop/10:9-16:9/262k/261938/706395683678352/261938_328196-2_IMG_03_0000_max_476x317.jpeg; https://media.rightmove.co.uk:443/dir/crop/10:9-16:9/262k/261938/706395683678352/261938_328196-2_IMG_04_0000_max_476x317.jpeg"
"166507016","Newcastle","Office","5C Elmfield Road, Gosforth, Newcastle Upon Tyne, NE3","£875 pcm","","","","The property is located on Elmfield Road, just off Gosforth High Street, in the heart of Gosforth. The property is two miles to the north of Newcastle City Centre, which is accessed via the B1318 Great North Road. Access to the A1 (M) and the south via the Tyne Bridge is only 3 miles from the sub...","https://www.rightmove.co.uk/properties/166507016#/?channel=COM_LET","2025-09-02T17:43:45Z","","new","Marketed by Bradley Hall, Newcastle Upon Tyne","","55.001954","-1.621214","https://media.rightmove.co.uk:443/dir/crop/10:9-16:9/283k/282893/166507016/282893_CMR250131_L_IMG_00_0001_max_476x317.jpeg; https://media.rightmove.co.uk:443/dir/crop/10:9-16:9/283k/282893/166507016/282893_CMR250131_L_IMG_01_0000_max_476x317.jpeg"
"166502741","Newcastle","Shop","Grainger Market, Newcastle upon Tyne, Tyne and Wear, NE1","£485 pcm","","","","Retail units to let Per sq ft £44.79 - £45.00 per sq ft Grainger Market is a Grade I listed, covered Victorian market located in the heart of Newcastle City Centre, close to Monument Metro Station and opposite Eldon Square Shopping Centre. The market is...","https://www.rightmove.co.uk/properties/166502741#/?channel=COM_LET","2025-09-02T16:41:32Z","","new","Marketed by Knight Frank, Newcastle - Commercial","","54.972777","-1.614166","https://media.rightmove.co.uk:443/dir/crop/10:9-16:9/156k/155516/166502741/155516_NCC012458279_IMG_00_0000_max_476x317.jpeg; https://media.rightmove.co.uk:443/dir/crop/10:9-16:9/156k/155516/166502741/155516_NCC012458279_IMG_01_0000_max_476x317.jpeg; https://media.rightmove.co.uk:443/dir/crop/10:9-16:9/156k/155516/166502741/155516_NCC012458279_IMG_02_0000_max_476x317.jpeg"
"706034533087632","Newcastle","Retail Property (high street)","Retail Unit To Let Unit 6 High Level Parade, Arch 6, High Level Parade, Wellington Street, Gateshead, NE8 2AJ","£750 pcm","","","","Retail Unit To Let","https://www.rightmove.co.uk/properties/706034533087632#/?channel=COM_LET","2025-10-23T11:16:12Z","","new","Marketed by Sanderson Weatherall, Newcastle","","54.967012","-1.608605","https://media.rightmove.co.uk:443/dir/crop/10:9-16:9/262k/261938/706034533087632/261938_327950-2_IMG_00_0000_max_476x317.jpeg; https://media.rightmove.co.uk:443/dir/crop/10:9-16:9/262k/261938/706034533087632/261938_327950-2_IMG_01_0000_max_476x317.jpeg; https://media.rightmove.co.uk:443/dir/crop/10:9-16:9/262k/261938/706034533087632/261938_327950-2_IMG_02_0000_max_476x317.jpeg; https://media.rightmove.co.uk:443/dir/crop/10:9-16:9/262k/261938/706034533087632/261938_327950-2_IMG_03_0000_max_476x317.jpeg"
"722864553100704","Newcastle","Office","19a, The Chiller, Bakers Yard, Gosforth, NE3 1XD","£2,163 pcm","","","","Two storey, self contained office with roof terrace available at Baker's Yard development in the heart of Gosforth.","https://www.rightmove.co.uk/properties/722864553100704#/?channel=COM_LET","2025-12-03T10:58:09Z","","new","Marketed by Parker Knights, Newcastle","","55.008995","-1.607271","https://media.rightmove.co.uk:443/dir/crop/10:9-16:9/253k/252818/722864553100704/252818_327657-2_IMG_00_0000_max_476x317.jpeg; https://media.rightmove.co.uk:443/dir/crop/10:9-16:9/253k/252818/722864553100704/252818_327657-2_IMG_01_0000_max_476x317.jpeg; https://media.rightmove.co.uk:443/dir/crop/10:9-16:9/253k/252818/722864553100704/252818_327657-2_IMG_02_0000_max_476x317.jpeg; https://media.rightmove.co.uk:443/dir/crop/10:9-16:9/253k/252818/722864553100704/252818_327657-2_IMG_03_0000_max_476x317.jpeg; https://media.rightmove.co.uk:443/dir/crop/10:9-16:9/253k/252818/722864553100704/252818_327657-2_IMG_04_0000_max_476x317.jpeg; https://media.rightmove.co.uk:443/dir/crop/10:9-16:9/253k/252818/722864553100704/252818_327657-2_IMG_05_0000_max_476x317.jpeg; https://media.rightmove.co.uk:443/dir/crop/10:9-16:9/253k/252818/722864553100704/252818_327657-2_IMG_06_0000_max_476x317.jpeg; https://media.rightmove.co.uk:443/dir/crop/10:9-16:9/253k/252818/722864553100704/252818_327657-2_IMG_07_0000_max_476x317.jpeg; https://media.rightmove.co.uk:443/dir/crop/10:9-16:9/253k/252818/722864553100704/252818_327657-2_IMG_08_0000_max_476x317.jpeg; https://media.rightmove.co.uk:443/dir/crop/10:9-16:9/253k/252818/722864553100704/252818_327657-2_IMG_09_0000_max_476x317.jpeg; https://media.rightmove.co.uk:443/dir/crop/10:9-16:9/253k/252818/722864553100704/252818_327657-2_IMG_10_0000_max_476x317.jpeg; https://media.rightmove.co.uk:443/dir/crop/10:9-16:9/253k/252818/722864553100704/252818_327657-2_IMG_11_0000_max_476x317.jpeg; https://media.rightmove.co.uk:443/dir/crop/10:9-16:9/253k/252818/722864553100704/252818_327657-2_IMG_12_0000_max_476x317.jpeg; https://media.rightmove.co.uk:443/dir/crop/10:9-16:9/253k/252818/722864553100704/252818_327657-2_IMG_13_0000_max_476x317.jpeg; https://media.rightmove.co.uk:443/dir/crop/10:9-16:9/253k/252818/722864553100704/252818_327657-2_IMG_14_0000_max_476x317.jpeg; https://media.rightmove.co.uk:443/dir/crop/10:9-16:9/253k/252818/722864553100704/252818_327657-2_IMG_15_0000_max_476x317.jpeg; https://media.rightmove.co.uk:443/dir/crop/10:9-16:9/253k/252818/722864553100704/252818_327657-2_IMG_16_0000_max_476x317.jpeg; https://media.rightmove.co.uk:443/dir/crop/10:9-16:9/253k/252818/722864553100704/252818_327657-2_IMG_17_0000_max_476x317.jpeg; https://media.rightmove.co.uk:443/dir/crop/10:9-16:9/253k/252818/722864553100704/252818_327657-2_IMG_18_0000_max_476x317.jpeg; https://media.rightmove.co.uk:443/dir/crop/10:9-16:9/253k/252818/722864553100704/252818_327657-2_IMG_19_0000_max_476x317.jpeg; https://media.rightmove.co.uk:443/dir/crop/10:9-16:9/253k/252818/722864553100704/252818_327657-2_IMG_20_0000_max_476x317.jpeg; https://media.rightmove.co.uk:443/dir/crop/10:9-16:9/253k/252818/722864553100704/252818_327657-2_IMG_21_0000_max_476x317.jpeg; https://media.rightmove.co.uk:443/dir/crop/10:9-16:9/253k/252818/722864553100704/252818_327657-2_IMG_22_0000_max_476x317.jpeg; https://media.rightmove.co.uk:443/dir/crop/10:9-16:9/253k/252818/722864553100704/252818_327657-2_IMG_23_0000_max_476x317.jpeg; https://media.rightmove.co.uk:443/dir/crop/10:9-16:9/253k/252818/722864553100704/252818_327657-2_IMG_24_0000_max_476x317.jpeg"
"70353332","Newcastle","Office","Baker's Yard, Christon Road, Newcastle Upon Tyne, NE3 1XD","£2,153 pcm","From","","","1,298sq. ft of newly refurbished space available at Baker's Yard, Gosforth. Can be refurbished to suit requirements, complete with kitchen W/cs and its own dedicated roof terrace.","https://www.rightmove.co.uk/properties/70353332#/?channel=COM_LET","2017-12-20T16:51:54Z","","size_change","Marketed by Adderstone Asset Management Limited, Newcastle","","55.0089","-1.60767","https://media.rightmove.co.uk:443/dir/crop/10:9-16:9/181k/180227/70353332/180227_19a_IMG_00_0001_max_476x317.jpeg; https://media.rightmove.co.uk:443/dir/crop/10:9-16:9/181k/180227/70353332/180227_19a_IMG_01_0001_max_476x317.jpeg; https://media.rightmove.co.uk:443/dir/crop/10:9-16:9/181k/180227/70353332/180227_19a_IMG_02_0001_max_476x317.jpeg; https://media.rightmove.co.uk:443/dir/crop/10:9-16:9/181k/180227/70353332/180227_19a_IMG_03_0001_max_476x317.jpeg; https://media.rightmove.co.uk:443/dir/crop/10:9-16:9/181k/180227/70353332/180227_19a_IMG_04_0001_max_476x317.jpeg; https://media.rightmove.co.uk:443/dir/crop/10:9-16:9/181k/180227/70353332/180227_19a_IMG_05_0001_max_476x317.jpeg; https://media.rightmove.co.uk:443/dir/crop/10:9-16:9/181k/180227/70353332/180227_19a_IMG_06_0001_max_476x317.jpeg; https://media.rightmove.co.uk:443/dir/crop/10:9-16:9/181k/180227/70353332/180227_19a_IMG_07_0001_max_476x317.jpeg; https://media.rightmove.co.uk:443/dir/crop/10:9-16:9/181k/180227/70353332/180227_19a_IMG_08_0001_max_476x317.jpeg; https://media.rightmove.co.uk:443/dir/crop/10:9-16:9/181k/180227/70353332/180227_19a_IMG_09_0001_max_476x317.jpeg; https://media.rightmove.co.uk:443/dir/crop/10:9-16:9/181k/180227/70353332/180227_19a_IMG_10_0001_max_476x317.jpeg; https://media.rightmove.co.uk:443/dir/crop/10:9-16:9/181k/180227/70353332/180227_19a_IMG_11_0001_max_476x317.jpeg; https://media.rightmove.co.uk:443/dir/crop/10:9-16:9/181k/180227/70353332/180227_19a_IMG_12_0001_max_476x317.jpeg; https://media.rightmove.co.uk:443/dir/crop/10:9-16:9/181k/180227/70353332/180227_19a_IMG_13_0001_max_476x317.jpeg; https://media.rightmove.co.uk:443/dir/crop/10:9-16:9/181k/180227/70353332/180227_19a_IMG_14_0001_max_476x317.jpeg"
"166093622","Newcastle","Light Industrial","20/21 & 22 Brough Park Way, Newcastle Upon Tyne, Tyne And Wear, NE6 2YF","POA","","","","The units are constructed with cavity brickwork walls with high level insulated cladding. The roof areas are double pitched with an insulated profile sheeted covering incorporating translucent rooflights. Internally the units have a clear height of 7m and incorporates both male and female WC fac...","https://www.rightmove.co.uk/properties/166093622#/?channel=COM_LET","2025-08-22T11:02:37Z","","new","Marketed by Naylors Gavin Black LLP, Newcastle Upon Tyne","","54.978539","-1.567153","https://media.rightmove.co.uk:443/dir/crop/10:9-16:9/101k/100681/166093622/100681_3277LH_IMG_00_0000_max_476x317.jpeg; https://media.rightmove.co.uk:443/dir/crop/10:9-16:9/101k/100681/166093622/100681_3277LH_IMG_01_0000_max_476x317.jpeg; https://media.rightmove.co.uk:443/dir/crop/10:9-16:9/101k/100681/166093622/100681_3277LH_IMG_02_0000_max_476x317.jpeg"
"166090877","Newcastle","Light Industrial","Airlink, Newcastle International Airport, Newcastle Upon Tyne, NE13 8BZ","POA","","","","Airlink comprises a new Grade A industrial and warehouse development providing a range of high specification units from 5,000 sq. ft up to 300,000 sq. ft designed to suit a variety of businesses bespoke to occupier requirements for: -	Air Freight -	Pharmaceutical -	Cargo and Logistics -	Advanc...","https://www.rightmove.co.uk/properties/166090877#/?channel=COM_LET","2025-08-22T10:35:11Z","","size_change","Marketed by Naylors Gavin Black LLP, Newcastle Upon Tyne","","55.036915","-1.710037","https://media.rightmove.co.uk:443/dir/crop/10:9-16:9/101k/100681/166090877/100681_3276LH_IMG_00_0000_max_476x317.jpeg"
"166073723","Newcastle","Office","The Core, St James Boulevard, Newcastle upon Tyne, Tyne and Wear, NE4","£324 pcm","","","","Grade A Office On Newcastle Helix Per sq ft £35.00 per sq ft The Core was developed in 2014 and offers a high quality Grade A office space within Newcastle Helix. The office has suites ranging in size from 200 sq. ft - 3,500 sq. ft, which benefit from communal meetin...","https://www.rightmove.co.uk/properties/166073723#/?channel=COM_LET","2025-08-21T17:23:28Z","","new","Marketed by Knight Frank, Newcastle - Commercial","","54.967828","-1.623252","https://media.rightmove.co.uk:443/dir/crop/10:9-16:9/156k/155516/166073723/155516_NCC012401462_IMG_00_0000_max_476x317.jpeg; https://media.rightmove.co.uk:443/dir/crop/10:9-16:9/156k/155516/166073723/155516_NCC012401462_IMG_01_0000_max_476x317.jpeg; https://media.rightmove.co.uk:443/dir/crop/10:9-16:9/156k/155516/166073723/155516_NCC012401462_IMG_02_0000_max_476x317.jpeg; https://media.rightmove.co.uk:443/dir/crop/10:9-16:9/156k/155516/166073723/155516_NCC012401462_IMG_03_0000_max_476x317.jpeg; https://media.rightmove.co.uk:443/dir/crop/10:9-16:9/156k/155516/166073723/155516_NCC012401462_IMG_04_0000_max_476x317.jpeg; https://media.rightmove.co.uk:443/dir/crop/10:9-16:9/156k/155516/166073723/155516_NCC012401462_IMG_05_0000_max_476x317.jpeg; https://media.rightmove.co.uk:443/dir/crop/10:9-16:9/156k/155516/166073723/155516_NCC012401462_IMG_06_0000_max_476x317.jpeg; https://media.rightmove.co.uk:443/dir/crop/10:9-16:9/156k/155516/166073723/155516_NCC012401462_IMG_07_0000_max_476x317.jpeg; https://media.rightmove.co.uk:443/dir/crop/10:9-16:9/156k/155516/166073723/155516_NCC012401462_IMG_08_0000_max_476x317.jpeg; https://media.rightmove.co.uk:443/dir/crop/10:9-16:9/156k/155516/166073723/155516_NCC012401462_IMG_09_0000_max_476x317.jpeg; https://media.rightmove.co.uk:443/dir/crop/10:9-16:9/156k/155516/166073723/155516_NCC012401462_IMG_10_0000_max_476x317.jpeg; https://media.rightmove.co.uk:443/dir/crop/10:9-16:9/156k/155516/166073723/155516_NCC012401462_IMG_11_0000_max_476x317.jpeg; https://media.rightmove.co.uk:443/dir/crop/10:9-16:9/156k/155516/166073723/155516_NCC012401462_IMG_12_0000_max_476x317.jpeg; https://media.rightmove.co.uk:443/dir/crop/10:9-16:9/156k/155516/166073723/155516_NCC012401462_IMG_13_0000_max_476x317.jpeg; https://media.rightmove.co.uk:443/dir/crop/10:9-16:9/156k/155516/166073723/155516_NCC012401462_IMG_14_0000_max_476x317.jpeg; https://media.rightmove.co.uk:443/dir/crop/10:9-16:9/156k/155516/166073723/155516_NCC012401462_IMG_15_0000_max_476x317.jpeg; https://media.rightmove.co.uk:443/dir/crop/10:9-16:9/156k/155516/166073723/155516_NCC012401462_IMG_16_0000_max_476x317.jpeg; https://media.rightmove.co.uk:443/dir/crop/10:9-16:9/156k/155516/166073723/155516_NCC012401462_IMG_17_0000_max_476x317.jpeg; https://media.rightmove.co.uk:443/dir/crop/10:9-16:9/156k/155516/166073723/155516_NCC012401462_IMG_18_0000_max_476x317.jpeg"
"166073435","Newcastle","Office","Arden House, Regent Centre, Gosforth, Newcastle upon Tyne, NE3","£7,122 pcm","","","","5th Floor office suite fitted with meeting rooms and kitchen facilities Per sq ft £12.50 per sq ft The available suite is located on the 5th floor of Arden House, benefiting from several fitted meeting rooms, private offices and a large kitchen facility. Regent Centre is a well-...","https://www.rightmove.co.uk/properties/166073435#/?channel=COM_LET","2025-08-21T17:21:16Z","","new","Marketed by Knight Frank, Newcastle - Commercial","","55.011003","-1.622827","https://media.rightmove.co.uk:443/dir/crop/10:9-16:9/156k/155516/166073435/155516_NCC012551156_IMG_00_0002_max_476x317.jpeg; https://media.rightmove.co.uk:443/dir/crop/10:9-16:9/156k/155516/166073435/155516_NCC012551156_IMG_01_0002_max_476x317.jpeg; https://media.rightmove.co.uk:443/dir/crop/10:9-16:9/156k/155516/166073435/155516_NCC012551156_IMG_02_0002_max_476x317.jpeg; https://media.rightmove.co.uk:443/dir/crop/10:9-16:9/156k/155516/166073435/155516_NCC012551156_IMG_03_0002_max_476x317.jpeg"
"168289046","Newcastle","Retail Property (high street)","11 Station Road North, Forest Hall, Newcastle Upon Tyne","£1,250 pcm","","","","Three storey retail unit. Floor area 137 sq. m. (1,483 sq. ft.). Planning permission to convert to restaurant & new shop front. Prominent main road position next to Sainsbury's, Greggs, Subway & Domino's. 3 Designated parking bays to rear. Rent free Incentives available. Suitable for a variet...","https://www.rightmove.co.uk/properties/168289046#/?channel=COM_LET","2025-10-17T09:40:32Z","","price_reduced","Marketed by Rook Matthews Sayer, Newcastle Upon Tyne - Commercial Properties","","55.02155","-1.566563","https://media.rightmove.co.uk:443/dir/crop/10:9-16:9/64k/63935/168289046/63935_11926531_IMG_00_0000_max_476x317.jpeg; https://media.rightmove.co.uk:443/dir/crop/10:9-16:9/64k/63935/168289046/63935_11926531_IMG_01_0000_max_476x317.jpeg; https://media.rightmove.co.uk:443/dir/crop/10:9-16:9/64k/63935/168289046/63935_11926531_IMG_02_0000_max_476x317.jpeg; https://media.rightmove.co.uk:443/dir/crop/10:9-16:9/64k/63935/168289046/63935_11926531_IMG_03_0000_max_476x317.jpeg; https://media.rightmove.co.uk:443/dir/crop/10:9-16:9/64k/63935/168289046/63935_11926531_IMG_04_0000_max_476x317.jpeg; https://media.rightmove.co.uk:443/dir/crop/10:9-16:9/64k/63935/168289046/63935_11926531_IMG_05_0000_max_476x317.jpeg; https://media.rightmove.co.uk:443/dir/crop/10:9-16:9/64k/63935/168289046/63935_11926531_IMG_06_0000_max_476x317.jpeg; https://media.rightmove.co.uk:443/dir/crop/10:9-16:9/64k/63935/168289046/63935_11926531_IMG_07_0000_max_476x317.jpeg; https://media.rightmove.co.uk:443/dir/crop/10:9-16:9/64k/63935/168289046/63935_11926531_IMG_08_0000_max_476x317.jpeg; https://media.rightmove.co.uk:443/dir/crop/10:9-16:9/64k/63935/168289046/63935_11926531_IMG_09_0000_max_476x317.jpeg; https://media.rightmove.co.uk:443/dir/crop/10:9-16:9/64k/63935/168289046/63935_11926531_IMG_10_0000_max_476x317.jpeg; https://media.rightmove.co.uk:443/dir/crop/10:9-16:9/64k/63935/168289046/63935_11926531_IMG_11_0000_max_476x317.jpeg; https://media.rightmove.co.uk:443/dir/crop/10:9-16:9/64k/63935/168289046/63935_11926531_IMG_12_0000_max_476x317.jpeg; https://media.rightmove.co.uk:443/dir/crop/10:9-16:9/64k/63935/168289046/63935_11926531_IMG_13_0000_max_476x317.jpeg; https://media.rightmove.co.uk:443/dir/crop/10:9-16:9/64k/63935/168289046/63935_11926531_IMG_14_0000_max_476x317.jpeg; https://media.rightmove.co.uk:443/dir/crop/10:9-16:9/64k/63935/168289046/63935_11926531_IMG_15_0000_max_476x317.jpeg; https://media.rightmove.co.uk:443/dir/crop/10:9-16:9/64k/63935/168289046/63935_11926531_IMG_16_0000_max_476x317.jpeg; https://media.rightmove.co.uk:443/dir/crop/10:9-16:9/64k/63935/168289046/63935_11926531_IMG_17_0000_max_476x317.jpeg"
"166002668","Newcastle","Office","Unit D, Benfield Business Park, Benfield Road, Newcastle Upon Tyne, NE6 4NQ","£2,917 pcm","","","","A detached office / storage unit with double doors for loading, with external car parking and secure hardstanding. Double gates provide access, and the site will be provided with electricity and water supplies.","https://www.rightmove.co.uk/properties/166002668#/?channel=COM_LET","2025-08-20T11:57:48Z","","new","Marketed by Naylors Gavin Black LLP, Newcastle Upon Tyne","","54.985764","-1.562466","https://media.rightmove.co.uk:443/dir/crop/10:9-16:9/property-photo/936c4a3b1/166002668/936c4a3b13550e3d55751d18aa02f6aa_max_476x317.jpeg; https://media.rightmove.co.uk:443/dir/crop/10:9-16:9/property-photo/24748fc7f/166002668/24748fc7f7d8b9ab43485a1240e303df_max_476x317.jpeg; https://media.rightmove.co.uk:443/dir/crop/10:9-16:9/property-photo/f56f4b38f/166002668/f56f4b38fd5bade7769bacfe6b331b25_max_476x317.jpeg; https://media.rightmove.co.uk:443/dir/crop/10:9-16:9/property-photo/a9061fbf3/166002668/a9061fbf3d5d9ab50d9f301be9054ba9_max_476x317.jpeg; https://media.rightmove.co.uk:443/dir/crop/10:9-16:9/property-photo/1b19e463f/166002668/1b19e463f06dec6edf7f5dd4115ab00f_max_476x317.jpeg"
"165953609","Newcastle","Office","18-24 Grey Street, Newcastle upon Tyne, NE1 6AE","POA","","","","Serviced offices in prime city centre location","https://www.rightmove.co.uk/properties/165953609#/?channel=COM_LET","2025-08-19T14:29:32Z","","new","Marketed by Savills, Newcastle - Offices","","54.971397","-1.610844","https://media.rightmove.co.uk:443/dir/crop/10:9-16:9/82k/81666/165953609/81666_326658-2_IMG_00_0000_max_476x317.jpeg; https://media.rightmove.co.uk:443/dir/crop/10:9-16:9/82k/81666/165953609/81666_326658-2_IMG_01_0000_max_476x317.jpeg; https://media.rightmove.co.uk:443/dir/crop/10:9-16:9/82k/81666/165953609/81666_326658-2_IMG_02_0000_max_476x317.jpeg; https://media.rightmove.co.uk:443/dir/crop/10:9-16:9/82k/81666/165953609/81666_326658-2_IMG_03_0000_max_476x317.jpeg"
"132844376","Newcastle","Office","Baker's Yard, Christon Road, Newcastle Upon Tyne, NE3 1XD","POA","","","","Flexible workspace in new unit, featuring mezzanine level, high ceilings, crittal glazed partitions. Suitable for office, leisure, gym, health and fitness studios. ","https://www.rightmove.co.uk/properties/132844376#/?channel=COM_LET","2023-03-22T16:52:25Z","","new","Marketed by Adderstone Asset Management Limited, Newcastle","","55.0089","-1.60767","https://media.rightmove.co.uk:443/dir/crop/10:9-16:9/181k/180227/132844376/180227_BakersYardTheChiller19b_IMG_03_0000_max_476x317.jpeg; https://media.rightmove.co.uk:443/dir/crop/10:9-16:9/181k/180227/132844376/180227_BakersYardTheChiller19b_IMG_02_0000_max_476x317.jpeg; https://media.rightmove.co.uk:443/dir/crop/10:9-16:9/181k/180227/132844376/180227_BakersYardTheChiller19b_IMG_07_0000_max_476x317.jpeg; https://media.rightmove.co.uk:443/dir/crop/10:9-16:9/181k/180227/132844376/180227_BakersYardTheChiller19b_IMG_00_0000_max_476x317.jpeg; https://media.rightmove.co.uk:443/dir/crop/10:9-16:9/181k/180227/132844376/180227_BakersYardTheChiller19b_IMG_01_0000_max_476x317.jpeg; https://media.rightmove.co.uk:443/dir/crop/10:9-16:9/181k/180227/132844376/180227_BakersYardTheChiller19b_IMG_06_0000_max_476x317.jpeg; https://media.rightmove.co.uk:443/dir/crop/10:9-16:9/181k/180227/132844376/180227_BakersYardTheChiller19b_IMG_04_0000_max_476x317.jpeg"
"145723610","Newcastle","Serviced Office","Gateshead, Metro Shopping Centre, NE11 9YG","£149 pcm","From","","4","Flexible coworking in Gateshead, Metro Centre. Work surrounded by green space, with sleek interiors and a collaborative business vibe.","https://www.rightmove.co.uk/properties/145723610#/?channel=COM_LET","2024-03-14T10:34:51Z","","size_change","Marketed by IW Group Services (UK) Limited, Regus","","54.95588","-1.66893","https://media.rightmove.co.uk:443/dir/crop/10:9-16:9/130k/129853/145723610/129853_UKcw7694_IMG_01_0000_max_476x317.jpeg; https://media.rightmove.co.uk:443/dir/crop/10:9-16:9/130k/129853/145723610/129853_UKcw7694_IMG_02_0000_max_476x317.jpeg; https://media.rightmove.co.uk:443/dir/crop/10:9-16:9/130k/129853/145723610/129853_UKcw7694_IMG_03_0000_max_476x317.jpeg; https://media.rightmove.co.uk:443/dir/crop/10:9-16:9/130k/129853/145723610/129853_UKcw7694_IMG_00_0000_max_476x317.jpeg; https://media.rightmove.co.uk:443/dir/crop/10:9-16:9/130k/129853/145723610/129853_UKcw7694_IMG_04_0000_max_476x317.jpeg; https://media.rightmove.co.uk:443/dir/crop/10:9-16:9/130k/129853/145723610/129853_UKcw7694_IMG_05_0000_max_476x317.jpeg"
"145722674","Newcastle","Serviced Office","Gateshead, Metro Shopping Centre, NE11 9YG","£489 pcm","From","","4","Private workspace for up to 3 in Gateshead, Metro Centre. Fully flexible, with ergonomic furniture and fast Wi-Fi included.","https://www.rightmove.co.uk/properties/145722674#/?channel=COM_LET","2024-03-14T10:21:32Z","","size_change","Marketed by IW Group Services (UK) Limited, Regus","","54.95588","-1.66893","https://media.rightmove.co.uk:443/dir/crop/10:9-16:9/130k/129853/145722674/129853_UK3ws7694_IMG_01_0000_max_476x317.jpeg; https://media.rightmove.co.uk:443/dir/crop/10:9-16:9/130k/129853/145722674/129853_UK3ws7694_IMG_02_0000_max_476x317.jpeg; https://media.rightmove.co.uk:443/dir/crop/10:9-16:9/130k/129853/145722674/129853_UK3ws7694_IMG_03_0000_max_476x317.jpeg; https://media.rightmove.co.uk:443/dir/crop/10:9-16:9/130k/129853/145722674/129853_UK3ws7694_IMG_00_0000_max_476x317.jpeg; https://media.rightmove.co.uk:443/dir/crop/10:9-16:9/130k/129853/145722674/129853_UK3ws7694_IMG_04_0000_max_476x317.jpeg; https://media.rightmove.co.uk:443/dir/crop/10:9-16:9/130k/129853/145722674/129853_UK3ws7694_IMG_05_0000_max_476x317.jpeg; https://media.rightmove.co.uk:443/dir/crop/10:9-16:9/130k/129853/145722674/129853_UK3ws7694_IMG_06_0000_max_476x317.jpeg; https://media.rightmove.co.uk:443/dir/crop/10:9-16:9/130k/129853/145722674/129853_UK3ws7694_IMG_07_0000_max_476x317.jpeg"
"51810675","Newcastle","Serviced Office","Merchant House, 30 Cloth Market, Newcastle upon Tyne, Newcastle, NE1 1EE","£219 pcm","From","","4","Flexible coworking in Cloth Market. Work surrounded by green space, with sleek interiors and a collaborative business vibe.","https://www.rightmove.co.uk/properties/51810675#/?channel=COM_LET","2017-11-24T07:42:48Z","","size_change","Marketed by IW Group Services (UK) Limited, Regus","","54.97099","-1.61257","https://media.rightmove.co.uk:443/dir/crop/10:9-16:9/130k/129853/51810675/129853_UKcw3621_IMG_10_0000_max_476x317.jpeg; https://media.rightmove.co.uk:443/dir/crop/10:9-16:9/130k/129853/51810675/129853_UKcw3621_IMG_05_0000_max_476x317.jpeg; https://media.rightmove.co.uk:443/dir/crop/10:9-16:9/130k/129853/51810675/129853_UKcw3621_IMG_08_0000_max_476x317.jpeg; https://media.rightmove.co.uk:443/dir/crop/10:9-16:9/130k/129853/51810675/129853_UKcw3621_IMG_09_0000_max_476x317.jpeg; https://media.rightmove.co.uk:443/dir/crop/10:9-16:9/130k/129853/51810675/129853_UKcw3621_IMG_04_0001_max_476x317.jpeg; https://media.rightmove.co.uk:443/dir/crop/10:9-16:9/130k/129853/51810675/129853_UKcw3621_IMG_07_0000_max_476x317.jpeg; https://media.rightmove.co.uk:443/dir/crop/10:9-16:9/130k/129853/51810675/129853_UKcw3621_IMG_06_0000_max_476x317.jpeg"
"83316257","Newcastle","Serviced Office","Merchant House, 30 Cloth Market, Newcastle upon Tyne, Newcastle,  NE1 1EE","£689 pcm","From","","4","Private workspace for up to 3 in Cloth Market. Fully flexible, with ergonomic furniture and fast Wi-Fi included.","https://www.rightmove.co.uk/properties/83316257#/?channel=COM_LET","2019-07-15T08:10:28Z","","size_change","Marketed by IW Group Services (UK) Limited, Regus","","54.97099","-1.61257","https://media.rightmove.co.uk:443/dir/crop/10:9-16:9/130k/129853/83316257/129853_UK3ws3621_IMG_09_0000_max_476x317.jpeg; https://media.rightmove.co.uk:443/dir/crop/10:9-16:9/130k/129853/83316257/129853_UK3ws3621_IMG_02_0001_max_476x317.jpeg; https://media.rightmove.co.uk:443/dir/crop/10:9-16:9/130k/129853/83316257/129853_UK3ws3621_IMG_14_0000_max_476x317.jpeg; https://media.rightmove.co.uk:443/dir/crop/10:9-16:9/130k/129853/83316257/129853_UK3ws3621_IMG_10_0000_max_476x317.jpeg; https://media.rightmove.co.uk:443/dir/crop/10:9-16:9/130k/129853/83316257/129853_UK3ws3621_IMG_06_0001_max_476x317.jpeg; https://media.rightmove.co.uk:443/dir/crop/10:9-16:9/130k/129853/83316257/129853_UK3ws3621_IMG_05_0001_max_476x317.jpeg; https://media.rightmove.co.uk:443/dir/crop/10:9-16:9/130k/129853/83316257/129853_UK3ws3621_IMG_00_0001_max_476x317.jpeg; https://media.rightmove.co.uk:443/dir/crop/10:9-16:9/130k/129853/83316257/129853_UK3ws3621_IMG_13_0000_max_476x317.jpeg; https://media.rightmove.co.uk:443/dir/crop/10:9-16:9/130k/129853/83316257/129853_UK3ws3621_IMG_07_0001_max_476x317.jpeg; https://media.rightmove.co.uk:443/dir/crop/10:9-16:9/130k/129853/83316257/129853_UK3ws3621_IMG_08_0001_max_476x317.jpeg; https://media.rightmove.co.uk:443/dir/crop/10:9-16:9/130k/129853/83316257/129853_UK3ws3621_IMG_12_0000_max_476x317.jpeg; https://media.rightmove.co.uk:443/dir/crop/10:9-16:9/130k/129853/83316257/129853_UK3ws3621_IMG_03_0001_max_476x317.jpeg; https://media.rightmove.co.uk:443/dir/crop/10:9-16:9/130k/129853/83316257/129853_UK3ws3621_IMG_01_0001_max_476x317.jpeg"
"165635663","Newcastle","Office","Portland House, Newcastle Upon Tyne, NE1","£14,840 pcm","","","","Portland House is a newly refurbished Grade A office extending to over 60,000 sq ft. The inspiring workspaces, set over five floors, are designed with quality, productivity, sustainability and wellbeing at their core. The building will contain innovative communal space in a ...","https://www.rightmove.co.uk/properties/165635663#/?channel=COM_LET","2025-08-12T08:54:13Z","","new","Marketed by Bradley Hall, Newcastle Upon Tyne","","54.975335","-1.610048","https://media.rightmove.co.uk:443/dir/crop/10:9-16:9/283k/282893/165635663/282893_CMR250124_L_IMG_00_0000_max_476x317.jpeg; https://media.rightmove.co.uk:443/dir/crop/10:9-16:9/283k/282893/165635663/282893_CMR250124_L_IMG_01_0000_max_476x317.jpeg; https://media.rightmove.co.uk:443/dir/crop/10:9-16:9/283k/282893/165635663/282893_CMR250124_L_IMG_02_0000_max_476x317.jpeg; https://media.rightmove.co.uk:443/dir/crop/10:9-16:9/283k/282893/165635663/282893_CMR250124_L_IMG_03_0000_max_476x317.jpeg; https://media.rightmove.co.uk:443/dir/crop/10:9-16:9/283k/282893/165635663/282893_CMR250124_L_IMG_04_0000_max_476x317.jpeg; https://media.rightmove.co.uk:443/dir/crop/10:9-16:9/283k/282893/165635663/282893_CMR250124_L_IMG_05_0000_max_476x317.jpeg; https://media.rightmove.co.uk:443/dir/crop/10:9-16:9/283k/282893/165635663/282893_CMR250124_L_IMG_06_0000_max_476x317.jpeg; https://media.rightmove.co.uk:443/dir/crop/10:9-16:9/283k/282893/165635663/282893_CMR250124_L_IMG_07_0000_max_476x317.jpeg; https://media.rightmove.co.uk:443/dir/crop/10:9-16:9/283k/282893/165635663/282893_CMR250124_L_IMG_08_0000_max_476x317.jpeg; https://media.rightmove.co.uk:443/dir/crop/10:9-16:9/283k/282893/165635663/282893_CMR250124_L_IMG_09_0000_max_476x317.jpeg"
"149554172","Newcastle","Serviced Office","Rotterdam House, 116 Quayside, Newcastle, Northumberland, United Kingdom NE1 3DY","£619 pcm","From","","4","Private workspace for up to 2 in Quayside. Fully flexible, with ergonomic furniture and fast Wi-Fi included.","https://www.rightmove.co.uk/properties/149554172#/?channel=COM_LET","2024-06-25T14:25:01Z","","size_change","Marketed by IW Group Services (UK) Limited, Regus","","54.9713","-1.59757","https://media.rightmove.co.uk:443/dir/crop/10:9-16:9/130k/129853/149554172/129853_UK2ws250_IMG_02_0000_max_476x317.jpeg; https://media.rightmove.co.uk:443/dir/crop/10:9-16:9/130k/129853/149554172/129853_UK2ws250_IMG_03_0000_max_476x317.jpeg; https://media.rightmove.co.uk:443/dir/crop/10:9-16:9/130k/129853/149554172/129853_UK2ws250_IMG_04_0000_max_476x317.jpeg; https://media.rightmove.co.uk:443/dir/crop/10:9-16:9/130k/129853/149554172/129853_UK2ws250_IMG_00_0000_max_476x317.jpeg; https://media.rightmove.co.uk:443/dir/crop/10:9-16:9/130k/129853/149554172/129853_UK2ws250_IMG_01_0000_max_476x317.jpeg"
"83316242","Newcastle","Serviced Office","Rotterdam House, 116 Quayside, Newcastle, Northumberland, United Kingdom NE1 3DY","£619 pcm","From","","4","Private workspace for up to 3 in Quayside. Fully flexible, with ergonomic furniture and fast Wi-Fi included.","https://www.rightmove.co.uk/properties/83316242#/?channel=COM_LET","2019-07-15T08:04:36Z","","size_change","Marketed by IW Group Services (UK) Limited, Regus","","54.9713","-1.59757","https://media.rightmove.co.uk:443/dir/crop/10:9-16:9/130k/129853/83316242/129853_UK3ws250_IMG_10_0000_max_476x317.jpeg; https://media.rightmove.co.uk:443/dir/crop/10:9-16:9/130k/129853/83316242/129853_UK3ws250_IMG_05_0000_max_476x317.jpg; https://media.rightmove.co.uk:443/dir/crop/10:9-16:9/130k/129853/83316242/129853_UK3ws250_IMG_11_0000_max_476x317.jpeg; https://media.rightmove.co.uk:443/dir/crop/10:9-16:9/130k/129853/83316242/129853_UK3ws250_IMG_08_0000_max_476x317.jpg; https://media.rightmove.co.uk:443/dir/crop/10:9-16:9/130k/129853/83316242/129853_UK3ws250_IMG_07_0000_max_476x317.jpg; https://media.rightmove.co.uk:443/dir/crop/10:9-16:9/130k/129853/83316242/129853_UK3ws250_IMG_09_0000_max_476x317.jpg"
"149554709","Newcastle","Serviced Office","Rotterdam House, 116 Quayside, Newcastle, Northumberland, United Kingdom NE1 3DY","£759 pcm","From","","4","Private workspace for up to 4 in Quayside. Fully flexible, with ergonomic furniture and fast Wi-Fi included.","https://www.rightmove.co.uk/properties/149554709#/?channel=COM_LET","2024-06-25T14:30:19Z","","size_change","Marketed by IW Group Services (UK) Limited, Regus","","54.9713","-1.59757","https://media.rightmove.co.uk:443/dir/crop/10:9-16:9/130k/129853/149554709/129853_UK4ws250_IMG_02_0000_max_476x317.jpeg; https://media.rightmove.co.uk:443/dir/crop/10:9-16:9/130k/129853/149554709/129853_UK4ws250_IMG_04_0000_max_476x317.jpeg; https://media.rightmove.co.uk:443/dir/crop/10:9-16:9/130k/129853/149554709/129853_UK4ws250_IMG_05_0000_max_476x317.jpeg; https://media.rightmove.co.uk:443/dir/crop/10:9-16:9/130k/129853/149554709/129853_UK4ws250_IMG_00_0000_max_476x317.jpeg; https://media.rightmove.co.uk:443/dir/crop/10:9-16:9/130k/129853/149554709/129853_UK4ws250_IMG_01_0000_max_476x317.jpeg; https://media.rightmove.co.uk:443/dir/crop/10:9-16:9/130k/129853/149554709/129853_UK4ws250_IMG_03_0000_max_476x317.jpeg"
"135331349","Newcastle","Serviced Office","Colbalt 15A, Quick Silver Way, Cobalt Business Park NE27 0QQ","£219 pcm","From","","4","Private office space for 1 person in Cobalt Business Park Newcastle. Fully flexible, 24/7 access, secure, ergonomic furniture and all-inclusive services included.","https://www.rightmove.co.uk/properties/135331349#/?channel=COM_LET","2023-05-26T12:35:16Z","","size_change","Marketed by IW Group Services (UK) Limited, Regus","","55.02249","-1.51291","https://media.rightmove.co.uk:443/dir/crop/10:9-16:9/130k/129853/135331349/129853_UK1ws6304_IMG_02_0001_max_476x317.jpeg; https://media.rightmove.co.uk:443/dir/crop/10:9-16:9/130k/129853/135331349/129853_UK1ws6304_IMG_05_0000_max_476x317.jpeg; https://media.rightmove.co.uk:443/dir/crop/10:9-16:9/130k/129853/135331349/129853_UK1ws6304_IMG_03_0001_max_476x317.jpeg; https://media.rightmove.co.uk:443/dir/crop/10:9-16:9/130k/129853/135331349/129853_UK1ws6304_IMG_07_0000_max_476x317.jpeg; https://media.rightmove.co.uk:443/dir/crop/10:9-16:9/130k/129853/135331349/129853_UK1ws6304_IMG_00_0001_max_476x317.jpeg; https://media.rightmove.co.uk:443/dir/crop/10:9-16:9/130k/129853/135331349/129853_UK1ws6304_IMG_04_0001_max_476x317.jpeg; https://media.rightmove.co.uk:443/dir/crop/10:9-16:9/130k/129853/135331349/129853_UK1ws6304_IMG_06_0000_max_476x317.jpeg; https://media.rightmove.co.uk:443/dir/crop/10:9-16:9/130k/129853/135331349/129853_UK1ws6304_IMG_01_0001_max_476x317.jpeg"
"135331127","Newcastle","Serviced Office","Colbalt 15A, Quick Silver Way, Cobalt Business Park NE27 0QQ","£409 pcm","From","","4","Private workspace for up to 3 in Cobalt Business Park Newcastle. Fully flexible, with ergonomic furniture and fast Wi-Fi included.","https://www.rightmove.co.uk/properties/135331127#/?channel=COM_LET","2023-05-26T12:30:41Z","","size_change","Marketed by IW Group Services (UK) Limited, Regus","","55.02249","-1.51291","https://media.rightmove.co.uk:443/dir/crop/10:9-16:9/130k/129853/135331127/129853_UK3ws6304_IMG_10_0000_max_476x317.jpeg; https://media.rightmove.co.uk:443/dir/crop/10:9-16:9/130k/129853/135331127/129853_UK3ws6304_IMG_03_0001_max_476x317.jpeg; https://media.rightmove.co.uk:443/dir/crop/10:9-16:9/130k/129853/135331127/129853_UK3ws6304_IMG_09_0000_max_476x317.jpeg; https://media.rightmove.co.uk:443/dir/crop/10:9-16:9/130k/129853/135331127/129853_UK3ws6304_IMG_08_0000_max_476x317.jpeg; https://media.rightmove.co.uk:443/dir/crop/10:9-16:9/130k/129853/135331127/129853_UK3ws6304_IMG_06_0001_max_476x317.jpeg; https://media.rightmove.co.uk:443/dir/crop/10:9-16:9/130k/129853/135331127/129853_UK3ws6304_IMG_05_0001_max_476x317.jpeg; https://media.rightmove.co.uk:443/dir/crop/10:9-16:9/130k/129853/135331127/129853_UK3ws6304_IMG_00_0001_max_476x317.jpeg; https://media.rightmove.co.uk:443/dir/crop/10:9-16:9/130k/129853/135331127/129853_UK3ws6304_IMG_04_0001_max_476x317.jpeg; https://media.rightmove.co.uk:443/dir/crop/10:9-16:9/130k/129853/135331127/129853_UK3ws6304_IMG_11_0000_max_476x317.jpeg; https://media.rightmove.co.uk:443/dir/crop/10:9-16:9/130k/129853/135331127/129853_UK3ws6304_IMG_07_0001_max_476x317.jpeg; https://media.rightmove.co.uk:443/dir/crop/10:9-16:9/130k/129853/135331127/129853_UK3ws6304_IMG_01_0001_max_476x317.jpeg; https://media.rightmove.co.uk:443/dir/crop/10:9-16:9/130k/129853/135331127/129853_UK3ws6304_IMG_02_0001_max_476x317.jpeg"
"135330689","Newcastle","Serviced Office","Colbalt 15A, Quick Silver Way, Cobalt Business Park NE27 0QQ","£639 pcm","From","","4","Private workspace for up to 5 in Cobalt Business Park Newcastle. Fully flexible, with ergonomic furniture and fast Wi-Fi included.","https://www.rightmove.co.uk/properties/135330689#/?channel=COM_LET","2023-05-26T12:24:12Z","","size_change","Marketed by IW Group Services (UK) Limited, Regus","","55.02249","-1.51291","https://media.rightmove.co.uk:443/dir/crop/10:9-16:9/property-photo/bea7e3ad3/135330689/bea7e3ad3918de47c12cd1a6ff99e389_max_476x317.jpeg; https://media.rightmove.co.uk:443/dir/crop/10:9-16:9/property-photo/d15c40d2b/135330689/d15c40d2bf0784e519cf67bc4e45f4a4_max_476x317.jpeg; https://media.rightmove.co.uk:443/dir/crop/10:9-16:9/property-photo/8a7ecf8f8/135330689/8a7ecf8f8b728e44a6f2f74b2fdc4a2b_max_476x317.jpeg; https://media.rightmove.co.uk:443/dir/crop/10:9-16:9/property-photo/9cba707bd/135330689/9cba707bdc5c33ffb02a5676ecb8c8f6_max_476x317.jpeg; https://media.rightmove.co.uk:443/dir/crop/10:9-16:9/property-photo/6c685db01/135330689/6c685db0147b4bf4542263144af9a2b3_max_476x317.jpeg; https://media.rightmove.co.uk:443/dir/crop/10:9-16:9/property-photo/c0b6322f1/135330689/c0b6322f172582299d3abde1b60d01c6_max_476x317.jpeg; https://media.rightmove.co.uk:443/dir/crop/10:9-16:9/property-photo/7536b4ad5/135330689/7536b4ad5b015b32d9d13ba6d1ff46d5_max_476x317.jpeg; https://media.rightmove.co.uk:443/dir/crop/10:9-16:9/property-photo/2bec12833/135330689/2bec12833b09bc4741966be29f8d0fd6_max_476x317.jpeg"
"165599582","Newcastle","Office","Sunrise House, Collingwood Street, Newcastle Upon Tyne, Tyne And Wear, NE1","£2,421 pcm","","","","The office suite forms part of Sunrise House, 25 Collingwood Street with the accommodation arranged over three floors. The suite provides a mix of open plan and cellular offices with the benefit of the following specification: Comfort cooling LED lighting New decorations and carpeting Privat...","https://www.rightmove.co.uk/properties/165599582#/?channel=COM_LET","2025-08-11T11:58:29Z","","new","Marketed by Naylors Gavin Black LLP, Newcastle Upon Tyne","","54.969719","-1.613268","https://media.rightmove.co.uk:443/dir/crop/10:9-16:9/101k/100681/165599582/100681_2833LH_IMG_00_0000_max_476x317.jpeg; https://media.rightmove.co.uk:443/dir/crop/10:9-16:9/101k/100681/165599582/100681_2833LH_IMG_01_0000_max_476x317.jpeg; https://media.rightmove.co.uk:443/dir/crop/10:9-16:9/101k/100681/165599582/100681_2833LH_IMG_02_0000_max_476x317.jpeg; https://media.rightmove.co.uk:443/dir/crop/10:9-16:9/101k/100681/165599582/100681_2833LH_IMG_03_0000_max_476x317.jpeg; https://media.rightmove.co.uk:443/dir/crop/10:9-16:9/101k/100681/165599582/100681_2833LH_IMG_04_0000_max_476x317.jpeg; https://media.rightmove.co.uk:443/dir/crop/10:9-16:9/101k/100681/165599582/100681_2833LH_IMG_05_0000_max_476x317.jpeg; https://media.rightmove.co.uk:443/dir/crop/10:9-16:9/101k/100681/165599582/100681_2833LH_IMG_06_0000_max_476x317.jpeg"
"165599495","Newcastle","Distribution Warehouse","Unit 21, Bells Close Industrial Estate, Newcastle upon Tyne, Tyne and Wear, NE15 6UG","POA","","","","Terraced Workshop Unit Measuring 416.5m² (4,483 sq.ft) Quoting Rent £33650.00  GENERAL The estate comprises a series of single storey steel framed units constructed of brick and blockwork cavity walls under a pitched roof of insulated metal sheet covering. Unit 21 benefits from t...","https://www.rightmove.co.uk/properties/165599495#/?channel=COM_LET","2025-08-11T11:57:04Z","","new","Marketed by Knight Frank, Newcastle - Commercial","","54.973306","-1.700449","https://media.rightmove.co.uk:443/dir/crop/10:9-16:9/156k/155516/165599495/155516_NCC012540922_IMG_00_0002_max_476x317.jpeg"
"165591869","Newcastle","Office","Honeycomb The Watermark, Gateshead, Tyne And Wear, NE11","£5,472 pcm","","","","FULLY FITTED SUITE INCLUDING 15 CAR PARKING SPACES Honeycomb, located at The Watermark, is a premium, modern office building offering a dynamic and flexible workspace in a prime location. Set on the southern banks of the River Tyne, the building boasts breathtaking views over the river, creating...","https://www.rightmove.co.uk/properties/165591869#/?channel=COM_LET","2025-08-11T10:08:55Z","","new","Marketed by Naylors Gavin Black LLP, Newcastle Upon Tyne","","54.963691","-1.67468","https://media.rightmove.co.uk:443/dir/crop/10:9-16:9/101k/100681/165591869/100681_2238LH_IMG_00_0000_max_476x317.jpeg; https://media.rightmove.co.uk:443/dir/crop/10:9-16:9/101k/100681/165591869/100681_2238LH_IMG_01_0000_max_476x317.jpeg; https://media.rightmove.co.uk:443/dir/crop/10:9-16:9/101k/100681/165591869/100681_2238LH_IMG_02_0000_max_476x317.jpeg; https://media.rightmove.co.uk:443/dir/crop/10:9-16:9/101k/100681/165591869/100681_2238LH_IMG_03_0000_max_476x317.jpeg; https://media.rightmove.co.uk:443/dir/crop/10:9-16:9/101k/100681/165591869/100681_2238LH_IMG_04_0000_max_476x317.jpeg; https://media.rightmove.co.uk:443/dir/crop/10:9-16:9/101k/100681/165591869/100681_2238LH_IMG_05_0000_max_476x317.jpeg; https://media.rightmove.co.uk:443/dir/crop/10:9-16:9/101k/100681/165591869/100681_2238LH_IMG_06_0000_max_476x317.jpeg; https://media.rightmove.co.uk:443/dir/crop/10:9-16:9/101k/100681/165591869/100681_2238LH_IMG_07_0000_max_476x317.jpeg; https://media.rightmove.co.uk:443/dir/crop/10:9-16:9/101k/100681/165591869/100681_2238LH_IMG_08_0000_max_476x317.jpeg; https://media.rightmove.co.uk:443/dir/crop/10:9-16:9/101k/100681/165591869/100681_2238LH_IMG_09_0000_max_476x317.jpeg; https://media.rightmove.co.uk:443/dir/crop/10:9-16:9/101k/100681/165591869/100681_2238LH_IMG_10_0000_max_476x317.jpeg"
"165548597","Newcastle","Office","Nexus House, 33 St. James Boulevard, Newcastle upon Tyne, Tyne and Wear, NE1","POA","","","","City Centre Office Nexus House is a 5 storey, circa 29,000 sq. ft office building located in the heart of Newcastle City Centre. Nexus House is situated West of Newcastle City Centre. The property is easily accessible and benefits from being a short walk from Newc...","https://www.rightmove.co.uk/properties/165548597#/?channel=COM_LET","2025-08-08T16:16:42Z","","new","Marketed by Knight Frank, Newcastle - Commercial","","54.971","-1.6221","https://media.rightmove.co.uk:443/dir/crop/10:9-16:9/156k/155516/165548597/155516_NCC012542658_IMG_00_0000_max_476x317.jpeg"
"165067751","Newcastle","Office","Dean Street, Newcastle Upon Tyne, NE1","£3,833 pcm","","","","Dean Court is a fully refurbished, airconditioned office building providing occupiers with a light, secure, comfortable and convenient workplace on one of the most sought-after commercial streets, in the heart of Newcastle city centre. ","https://www.rightmove.co.uk/properties/165067751#/?channel=COM_LET","2025-08-07T09:23:55Z","","new","Marketed by Adderstone Asset Management Limited, Newcastle","","54.97045","-1.60992","https://media.rightmove.co.uk:443/dir/crop/10:9-16:9/181k/180227/165067751/180227_DeanStreet_IMG_00_0000_max_476x317.jpeg; https://media.rightmove.co.uk:443/dir/crop/10:9-16:9/181k/180227/165067751/180227_DeanStreet_IMG_01_0000_max_476x317.jpeg; https://media.rightmove.co.uk:443/dir/crop/10:9-16:9/181k/180227/165067751/180227_DeanStreet_IMG_02_0000_max_476x317.jpeg; https://media.rightmove.co.uk:443/dir/crop/10:9-16:9/181k/180227/165067751/180227_DeanStreet_IMG_03_0000_max_476x317.jpeg; https://media.rightmove.co.uk:443/dir/crop/10:9-16:9/181k/180227/165067751/180227_DeanStreet_IMG_04_0000_max_476x317.jpeg; https://media.rightmove.co.uk:443/dir/crop/10:9-16:9/181k/180227/165067751/180227_DeanStreet_IMG_05_0000_max_476x317.jpeg"
"701311421521312","Newcastle","Office","City Centre Offices To Let in Newcastle, 1 Charlotte Square, Newcastle upon Tyne, NE1 4XF","£720 pcm","","","","City Centre Offices To Let","https://www.rightmove.co.uk/properties/701311421521312#/?channel=COM_LET","2025-10-23T11:16:12Z","","new","Marketed by Sanderson Weatherall, Newcastle","","54.971291","-1.619905","https://media.rightmove.co.uk:443/dir/crop/10:9-16:9/262k/261938/701311421521312/261938_318442-2_IMG_00_0000_max_476x317.jpeg; https://media.rightmove.co.uk:443/dir/crop/10:9-16:9/262k/261938/701311421521312/261938_318442-2_IMG_01_0000_max_476x317.jpeg; https://media.rightmove.co.uk:443/dir/crop/10:9-16:9/262k/261938/701311421521312/261938_318442-2_IMG_02_0000_max_476x317.jpeg; https://media.rightmove.co.uk:443/dir/crop/10:9-16:9/262k/261938/701311421521312/261938_318442-2_IMG_03_0000_max_476x317.jpeg"
"722864540493312","Newcastle","Office","Pandon Building, Newcastle upon Tyne, Newcastle upon Tyne, NE1 2HH","£7,905 pcm","","","","5,929 sq ft first floor Grade A office located on the sought after Newcastle Quayside.","https://www.rightmove.co.uk/properties/722864540493312#/?channel=COM_LET","2025-12-03T10:58:11Z","","new","Marketed by Parker Knights, Newcastle","","54.970519","-1.604586","https://media.rightmove.co.uk:443/dir/crop/10:9-16:9/253k/252818/722864540493312/252818_318002-2_IMG_00_0000_max_476x317.jpeg; https://media.rightmove.co.uk:443/dir/crop/10:9-16:9/253k/252818/722864540493312/252818_318002-2_IMG_01_0000_max_476x317.jpeg; https://media.rightmove.co.uk:443/dir/crop/10:9-16:9/253k/252818/722864540493312/252818_318002-2_IMG_02_0000_max_476x317.jpeg; https://media.rightmove.co.uk:443/dir/crop/10:9-16:9/253k/252818/722864540493312/252818_318002-2_IMG_03_0000_max_476x317.jpeg; https://media.rightmove.co.uk:443/dir/crop/10:9-16:9/253k/252818/722864540493312/252818_318002-2_IMG_04_0000_max_476x317.jpeg; https://media.rightmove.co.uk:443/dir/crop/10:9-16:9/253k/252818/722864540493312/252818_318002-2_IMG_05_0000_max_476x317.jpeg; https://media.rightmove.co.uk:443/dir/crop/10:9-16:9/253k/252818/722864540493312/252818_318002-2_IMG_06_0000_max_476x317.jpeg; https://media.rightmove.co.uk:443/dir/crop/10:9-16:9/253k/252818/722864540493312/252818_318002-2_IMG_07_0000_max_476x317.jpeg; https://media.rightmove.co.uk:443/dir/crop/10:9-16:9/253k/252818/722864540493312/252818_318002-2_IMG_08_0000_max_476x317.jpeg; https://media.rightmove.co.uk:443/dir/crop/10:9-16:9/253k/252818/722864540493312/252818_318002-2_IMG_09_0000_max_476x317.jpeg; https://media.rightmove.co.uk:443/dir/crop/10:9-16:9/253k/252818/722864540493312/252818_318002-2_IMG_10_0000_max_476x317.jpeg; https://media.rightmove.co.uk:443/dir/crop/10:9-16:9/253k/252818/722864540493312/252818_318002-2_IMG_11_0000_max_476x317.jpeg; https://media.rightmove.co.uk:443/dir/crop/10:9-16:9/253k/252818/722864540493312/252818_318002-2_IMG_12_0000_max_476x317.jpeg; https://media.rightmove.co.uk:443/dir/crop/10:9-16:9/253k/252818/722864540493312/252818_318002-2_IMG_13_0000_max_476x317.jpeg; https://media.rightmove.co.uk:443/dir/crop/10:9-16:9/253k/252818/722864540493312/252818_318002-2_IMG_14_0000_max_476x317.jpeg; https://media.rightmove.co.uk:443/dir/crop/10:9-16:9/253k/252818/722864540493312/252818_318002-2_IMG_15_0000_max_476x317.jpeg; https://media.rightmove.co.uk:443/dir/crop/10:9-16:9/253k/252818/722864540493312/252818_318002-2_IMG_16_0000_max_476x317.jpeg; https://media.rightmove.co.uk:443/dir/crop/10:9-16:9/253k/252818/722864540493312/252818_318002-2_IMG_17_0000_max_476x317.jpeg; https://media.rightmove.co.uk:443/dir/crop/10:9-16:9/253k/252818/722864540493312/252818_318002-2_IMG_18_0000_max_476x317.jpeg"
"165313430","Newcastle","Light Industrial","Bells Close Industrial Estate, Newcastle Upon Tyne, Tyne And Wear, NE15 6UF","POA","","","","The properties are of brickwork construction elevations. The units form part of a terrace and are of steel portal frame construction with blockwork walls and profile sheet roofs incorporating skylights. Internally the units benefit from concrete flooring, florescent tube lighting, W.C facilities ...","https://www.rightmove.co.uk/properties/165313430#/?channel=COM_LET","2025-08-04T09:43:21Z","","size_change","Marketed by Naylors Gavin Black LLP, Newcastle Upon Tyne","","54.972878","-1.698734","https://media.rightmove.co.uk:443/dir/crop/10:9-16:9/101k/100681/165313430/100681_3272LH_IMG_16_0000_max_476x317.jpeg; https://media.rightmove.co.uk:443/dir/crop/10:9-16:9/101k/100681/165313430/100681_3272LH_IMG_05_0000_max_476x317.jpeg; https://media.rightmove.co.uk:443/dir/crop/10:9-16:9/101k/100681/165313430/100681_3272LH_IMG_06_0000_max_476x317.jpeg; https://media.rightmove.co.uk:443/dir/crop/10:9-16:9/101k/100681/165313430/100681_3272LH_IMG_12_0000_max_476x317.jpeg; https://media.rightmove.co.uk:443/dir/crop/10:9-16:9/101k/100681/165313430/100681_3272LH_IMG_13_0000_max_476x317.jpeg; https://media.rightmove.co.uk:443/dir/crop/10:9-16:9/101k/100681/165313430/100681_3272LH_IMG_14_0000_max_476x317.jpeg; https://media.rightmove.co.uk:443/dir/crop/10:9-16:9/101k/100681/165313430/100681_3272LH_IMG_15_0000_max_476x317.jpeg"
"165312971","Newcastle","Light Industrial","Unit 1, Chillingham Industrial Estate, Heaton, Newcastle Upon Tyne, Tyne And Wear, NE6 2XX","£1,583 pcm","","","","The estate comprises terraced industrial units of steel portal frame construction. The external elevations are of both brick and profile cladding construction under a pitched roof. All units benefit from W/C facilities and a roller shutter door to the front elevation. Each property benefits from ...","https://www.rightmove.co.uk/properties/165312971#/?channel=COM_LET","2025-08-04T09:35:19Z","","new","Marketed by Naylors Gavin Black LLP, Newcastle Upon Tyne","","54.981815","-1.571884","https://media.rightmove.co.uk:443/dir/crop/10:9-16:9/101k/100681/165312971/100681_3271LH_IMG_00_0000_max_476x317.jpeg; https://media.rightmove.co.uk:443/dir/crop/10:9-16:9/101k/100681/165312971/100681_3271LH_IMG_01_0000_max_476x317.jpeg; https://media.rightmove.co.uk:443/dir/crop/10:9-16:9/101k/100681/165312971/100681_3271LH_IMG_02_0000_max_476x317.jpeg; https://media.rightmove.co.uk:443/dir/crop/10:9-16:9/101k/100681/165312971/100681_3271LH_IMG_03_0000_max_476x317.jpeg; https://media.rightmove.co.uk:443/dir/crop/10:9-16:9/101k/100681/165312971/100681_3271LH_IMG_04_0000_max_476x317.jpeg"
"148465862","Newcastle","Office","Bank House, Pilgrim Street, Newcastle Upon Tyne, NE1 6SQ","£13,435 pcm","From","","","Office To Let, Newcastle Upon Tyne","https://www.rightmove.co.uk/properties/148465862#/?channel=COM_LET","2024-05-28T14:27:23Z","","size_change","Marketed by Avison Young (UK) Limited, Offices","","54.972159","-1.609922","https://media.rightmove.co.uk:443/dir/crop/10:9-16:9/57k/56478/148465862/56478_109764-2_IMG_00_0000_max_476x317.jpeg; https://media.rightmove.co.uk:443/dir/crop/10:9-16:9/57k/56478/148465862/56478_109764-2_IMG_01_0000_max_476x317.jpeg; https://media.rightmove.co.uk:443/dir/crop/10:9-16:9/57k/56478/148465862/56478_109764-2_IMG_02_0000_max_476x317.jpeg; https://media.rightmove.co.uk:443/dir/crop/10:9-16:9/57k/56478/148465862/56478_109764-2_IMG_03_0000_max_476x317.jpeg; https://media.rightmove.co.uk:443/dir/crop/10:9-16:9/57k/56478/148465862/56478_109764-2_IMG_04_0000_max_476x317.jpeg; https://media.rightmove.co.uk:443/dir/crop/10:9-16:9/57k/56478/148465862/56478_109764-2_IMG_05_0000_max_476x317.jpeg; https://media.rightmove.co.uk:443/dir/crop/10:9-16:9/57k/56478/148465862/56478_109764-2_IMG_06_0000_max_476x317.jpeg; https://media.rightmove.co.uk:443/dir/crop/10:9-16:9/57k/56478/148465862/56478_109764-2_IMG_07_0000_max_476x317.jpeg; https://media.rightmove.co.uk:443/dir/crop/10:9-16:9/57k/56478/148465862/56478_109764-2_IMG_08_0000_max_476x317.jpeg; https://media.rightmove.co.uk:443/dir/crop/10:9-16:9/57k/56478/148465862/56478_109764-2_IMG_09_0000_max_476x317.jpeg"
"722864536298144","Newcastle","Office","22-28 Dean Street Arch, Dean Street, Newcastle upon Tyne, NE1 1PG","£3,816 pcm","","","","22-28 Dean Street Arch is a fully refurbished, airconditioned office building in the heart of Newcastle city centre.","https://www.rightmove.co.uk/properties/722864536298144#/?channel=COM_LET","2025-12-03T10:58:06Z","","new","Marketed by Parker Knights, Newcastle","","54.970122","-1.609652","https://media.rightmove.co.uk:443/dir/crop/10:9-16:9/253k/252818/722864536298144/252818_317635-2_IMG_00_0000_max_476x317.jpeg; https://media.rightmove.co.uk:443/dir/crop/10:9-16:9/253k/252818/722864536298144/252818_317635-2_IMG_01_0000_max_476x317.jpeg; https://media.rightmove.co.uk:443/dir/crop/10:9-16:9/253k/252818/722864536298144/252818_317635-2_IMG_02_0000_max_476x317.jpeg; https://media.rightmove.co.uk:443/dir/crop/10:9-16:9/253k/252818/722864536298144/252818_317635-2_IMG_03_0000_max_476x317.jpeg; https://media.rightmove.co.uk:443/dir/crop/10:9-16:9/253k/252818/722864536298144/252818_317635-2_IMG_04_0000_max_476x317.jpeg; https://media.rightmove.co.uk:443/dir/crop/10:9-16:9/253k/252818/722864536298144/252818_317635-2_IMG_05_0000_max_476x317.jpeg; https://media.rightmove.co.uk:443/dir/crop/10:9-16:9/253k/252818/722864536298144/252818_317635-2_IMG_06_0000_max_476x317.jpeg; https://media.rightmove.co.uk:443/dir/crop/10:9-16:9/253k/252818/722864536298144/252818_317635-2_IMG_07_0000_max_476x317.jpeg; https://media.rightmove.co.uk:443/dir/crop/10:9-16:9/253k/252818/722864536298144/252818_317635-2_IMG_08_0000_max_476x317.jpeg; https://media.rightmove.co.uk:443/dir/crop/10:9-16:9/253k/252818/722864536298144/252818_317635-2_IMG_09_0000_max_476x317.jpeg; https://media.rightmove.co.uk:443/dir/crop/10:9-16:9/253k/252818/722864536298144/252818_317635-2_IMG_10_0000_max_476x317.jpeg; https://media.rightmove.co.uk:443/dir/crop/10:9-16:9/253k/252818/722864536298144/252818_317635-2_IMG_11_0000_max_476x317.jpeg; https://media.rightmove.co.uk:443/dir/crop/10:9-16:9/253k/252818/722864536298144/252818_317635-2_IMG_12_0000_max_476x317.jpeg; https://media.rightmove.co.uk:443/dir/crop/10:9-16:9/253k/252818/722864536298144/252818_317635-2_IMG_13_0000_max_476x317.jpeg; https://media.rightmove.co.uk:443/dir/crop/10:9-16:9/253k/252818/722864536298144/252818_317635-2_IMG_14_0000_max_476x317.jpeg; https://media.rightmove.co.uk:443/dir/crop/10:9-16:9/253k/252818/722864536298144/252818_317635-2_IMG_15_0000_max_476x317.jpeg; https://media.rightmove.co.uk:443/dir/crop/10:9-16:9/253k/252818/722864536298144/252818_317635-2_IMG_16_0000_max_476x317.jpeg; https://media.rightmove.co.uk:443/dir/crop/10:9-16:9/253k/252818/722864536298144/252818_317635-2_IMG_17_0000_max_476x317.jpeg; https://media.rightmove.co.uk:443/dir/crop/10:9-16:9/253k/252818/722864536298144/252818_317635-2_IMG_18_0000_max_476x317.jpeg; https://media.rightmove.co.uk:443/dir/crop/10:9-16:9/253k/252818/722864536298144/252818_317635-2_IMG_19_0000_max_476x317.jpeg; https://media.rightmove.co.uk:443/dir/crop/10:9-16:9/253k/252818/722864536298144/252818_317635-2_IMG_20_0000_max_476x317.jpeg; https://media.rightmove.co.uk:443/dir/crop/10:9-16:9/253k/252818/722864536298144/252818_317635-2_IMG_21_0000_max_476x317.jpeg; https://media.rightmove.co.uk:443/dir/crop/10:9-16:9/253k/252818/722864536298144/252818_317635-2_IMG_22_0000_max_476x317.jpeg; https://media.rightmove.co.uk:443/dir/crop/10:9-16:9/253k/252818/722864536298144/252818_317635-2_IMG_23_0000_max_476x317.jpeg; https://media.rightmove.co.uk:443/dir/crop/10:9-16:9/253k/252818/722864536298144/252818_317635-2_IMG_24_0000_max_476x317.jpeg; https://media.rightmove.co.uk:443/dir/crop/10:9-16:9/253k/252818/722864536298144/252818_317635-2_IMG_25_0000_max_476x317.jpeg; https://media.rightmove.co.uk:443/dir/crop/10:9-16:9/253k/252818/722864536298144/252818_317635-2_IMG_26_0000_max_476x317.jpeg; https://media.rightmove.co.uk:443/dir/crop/10:9-16:9/253k/252818/722864536298144/252818_317635-2_IMG_27_0000_max_476x317.jpeg; https://media.rightmove.co.uk:443/dir/crop/10:9-16:9/253k/252818/722864536298144/252818_317635-2_IMG_28_0000_max_476x317.jpeg; https://media.rightmove.co.uk:443/dir/crop/10:9-16:9/253k/252818/722864536298144/252818_317635-2_IMG_29_0000_max_476x317.jpeg; https://media.rightmove.co.uk:443/dir/crop/10:9-16:9/253k/252818/722864536298144/252818_317635-2_IMG_30_0000_max_476x317.jpeg; https://media.rightmove.co.uk:443/dir/crop/10:9-16:9/253k/252818/722864536298144/252818_317635-2_IMG_31_0000_max_476x317.jpeg"
"128108909","Newcastle","Office","Blackfriars Court, Dispensary Lane, Newcastle Upon Tyne, Tyne And Wear, NE1 4XB","£959 pcm","From","","","The accommodation offers recently refurbished suites which incorporate: Carpeted floors Gas central heating Kitchen facilities Communal WC facilities Intercom system Perimeter Trunking The property also benefits from one dedicated car parking space per suite which is available at an extr...","https://www.rightmove.co.uk/properties/128108909#/?channel=COM_LET","2022-10-17T13:18:51Z","","size_change","Marketed by Naylors Gavin Black LLP, Newcastle Upon Tyne","","54.971519","-1.620312","https://media.rightmove.co.uk:443/dir/crop/10:9-16:9/101k/100681/128108909/100681_2905LH_IMG_03_0002_max_476x317.jpeg; https://media.rightmove.co.uk:443/dir/crop/10:9-16:9/101k/100681/128108909/100681_2905LH_IMG_06_0000_max_476x317.jpeg; https://media.rightmove.co.uk:443/dir/crop/10:9-16:9/101k/100681/128108909/100681_2905LH_IMG_05_0000_max_476x317.jpeg; https://media.rightmove.co.uk:443/dir/crop/10:9-16:9/101k/100681/128108909/100681_2905LH_IMG_07_0000_max_476x317.jpeg; https://media.rightmove.co.uk:443/dir/crop/10:9-16:9/101k/100681/128108909/100681_2905LH_IMG_02_0001_max_476x317.jpeg; https://media.rightmove.co.uk:443/dir/crop/10:9-16:9/101k/100681/128108909/100681_2905LH_IMG_04_0000_max_476x317.jpeg"
"165015557","Newcastle","Light Industrial","Nixon Hire, Water Street, Newcastle Upon Tyne, NE4 7AX","£13,333 pcm","","","","The property is a self-contained site which comprises a warehouse with office space with extensive concrete yard. The warehouse is part brick and clad elevations of steel portal frame construction under a pitched asbestos clad roof. The warehouse has LED lighting, gas blower heaters, staff amen...","https://www.rightmove.co.uk/properties/165015557#/?channel=COM_LET","2025-07-28T09:51:55Z","","size_change","Marketed by Naylors Gavin Black LLP, Newcastle Upon Tyne","","54.961533","-1.631913","https://media.rightmove.co.uk:443/dir/crop/10:9-16:9/101k/100681/165015557/100681_3265LH_IMG_00_0000_max_476x317.jpeg; https://media.rightmove.co.uk:443/dir/crop/10:9-16:9/101k/100681/165015557/100681_3265LH_IMG_01_0000_max_476x317.jpeg; https://media.rightmove.co.uk:443/dir/crop/10:9-16:9/101k/100681/165015557/100681_3265LH_IMG_02_0000_max_476x317.jpeg; https://media.rightmove.co.uk:443/dir/crop/10:9-16:9/101k/100681/165015557/100681_3265LH_IMG_03_0000_max_476x317.jpeg; https://media.rightmove.co.uk:443/dir/crop/10:9-16:9/101k/100681/165015557/100681_3265LH_IMG_04_0000_max_476x317.jpeg; https://media.rightmove.co.uk:443/dir/crop/10:9-16:9/101k/100681/165015557/100681_3265LH_IMG_05_0000_max_476x317.jpeg; https://media.rightmove.co.uk:443/dir/crop/10:9-16:9/101k/100681/165015557/100681_3265LH_IMG_06_0000_max_476x317.jpeg; https://media.rightmove.co.uk:443/dir/crop/10:9-16:9/101k/100681/165015557/100681_3265LH_IMG_07_0000_max_476x317.jpeg"
"149554709","Newcastle","Serviced Office","Rotterdam House, 116 Quayside, Newcastle, Northumberland, United Kingdom NE1 3DY","£759 pcm","From","","4","Private workspace for up to 4 in Quayside. Fully flexible, with ergonomic furniture and fast Wi-Fi included.","https://www.rightmove.co.uk/properties/149554709#/?channel=COM_LET","2024-06-25T14:30:19Z","","size_change","Marketed by IW Group Services (UK) Limited, Regus","","54.9713","-1.59757","https://media.rightmove.co.uk:443/dir/crop/10:9-16:9/130k/129853/149554709/129853_UK4ws250_IMG_02_0000_max_476x317.jpeg; https://media.rightmove.co.uk:443/dir/crop/10:9-16:9/130k/129853/149554709/129853_UK4ws250_IMG_04_0000_max_476x317.jpeg; https://media.rightmove.co.uk:443/dir/crop/10:9-16:9/130k/129853/149554709/129853_UK4ws250_IMG_05_0000_max_476x317.jpeg; https://media.rightmove.co.uk:443/dir/crop/10:9-16:9/130k/129853/149554709/129853_UK4ws250_IMG_00_0000_max_476x317.jpeg; https://media.rightmove.co.uk:443/dir/crop/10:9-16:9/130k/129853/149554709/129853_UK4ws250_IMG_01_0000_max_476x317.jpeg; https://media.rightmove.co.uk:443/dir/crop/10:9-16:9/130k/129853/149554709/129853_UK4ws250_IMG_03_0000_max_476x317.jpeg"
"164938733","Newcastle","Office","Former Winnovation Training Centre, Shields Road, Newcastle Upon Tyne, NE6 2YP","£2,083 pcm","","","","Self contained office over two levels. Close to city centre with car parking.","https://www.rightmove.co.uk/properties/164938733#/?channel=COM_LET","2025-07-25T10:33:09Z","","new","Marketed by Avison Young (UK) Limited, Offices","","54.982933","-1.563963","https://media.rightmove.co.uk:443/dir/crop/10:9-16:9/57k/56478/164938733/56478_316923-2_IMG_00_0000_max_476x317.jpeg; https://media.rightmove.co.uk:443/dir/crop/10:9-16:9/57k/56478/164938733/56478_316923-2_IMG_01_0000_max_476x317.jpeg; https://media.rightmove.co.uk:443/dir/crop/10:9-16:9/57k/56478/164938733/56478_316923-2_IMG_02_0000_max_476x317.jpeg; https://media.rightmove.co.uk:443/dir/crop/10:9-16:9/57k/56478/164938733/56478_316923-2_IMG_03_0000_max_476x317.jpeg; https://media.rightmove.co.uk:443/dir/crop/10:9-16:9/57k/56478/164938733/56478_316923-2_IMG_04_0000_max_476x317.jpeg; https://media.rightmove.co.uk:443/dir/crop/10:9-16:9/57k/56478/164938733/56478_316923-2_IMG_05_0000_max_476x317.jpeg; https://media.rightmove.co.uk:443/dir/crop/10:9-16:9/57k/56478/164938733/56478_316923-2_IMG_06_0000_max_476x317.jpeg; https://media.rightmove.co.uk:443/dir/crop/10:9-16:9/57k/56478/164938733/56478_316923-2_IMG_07_0000_max_476x317.jpeg"
"164843852","Newcastle","Shop","Denton Park Shopping Centre, West Denton, NE5","£2,667 pcm","","","","Unit 1 Denton Park Shopping Centre, NE5 2QZ, is a well-positioned retail unit located approximately 5 miles northwest of Newcastle city centre, adjacent to an 80,000 sq ft Morrisons supermarket. The unit offers around 2,365 sq ft of ground-floor space with rear WC facilities and is p...","https://www.rightmove.co.uk/properties/164843852#/?channel=COM_LET","2025-07-23T10:44:22Z","","new","Marketed by Bradley Hall, Newcastle Upon Tyne","","54.993026","-1.699257","https://media.rightmove.co.uk:443/dir/crop/10:9-16:9/283k/282893/164843852/282893_CMR250112_L_IMG_01_0001_max_476x317.jpeg; https://media.rightmove.co.uk:443/dir/crop/10:9-16:9/283k/282893/164843852/282893_CMR250112_L_IMG_00_0000_max_476x317.jpeg; https://media.rightmove.co.uk:443/dir/crop/10:9-16:9/283k/282893/164843852/282893_CMR250112_L_IMG_02_0000_max_476x317.jpeg; https://media.rightmove.co.uk:443/dir/crop/10:9-16:9/283k/282893/164843852/282893_CMR250112_L_IMG_03_0000_max_476x317.jpeg; https://media.rightmove.co.uk:443/dir/crop/10:9-16:9/283k/282893/164843852/282893_CMR250112_L_IMG_04_0000_max_476x317.jpeg"
"148465559","Newcastle","Office","Lightbox, Quorum Park, Benton Lane, Longbenton, Newcastle Upon Tyne, NE12 8EX","£5,596 pcm","","","","Office To Let, Newcastle Upon Tyne","https://www.rightmove.co.uk/properties/148465559#/?channel=COM_LET","2024-05-28T14:24:16Z","","size_change","Marketed by Avison Young (UK) Limited, Offices","","55.019535","-1.582739","https://media.rightmove.co.uk:443/dir/crop/10:9-16:9/57k/56478/148465559/56478_109421-2_IMG_00_0000_max_476x317.jpeg; https://media.rightmove.co.uk:443/dir/crop/10:9-16:9/57k/56478/148465559/56478_109421-2_IMG_01_0000_max_476x317.jpeg; https://media.rightmove.co.uk:443/dir/crop/10:9-16:9/57k/56478/148465559/56478_109421-2_IMG_02_0000_max_476x317.jpeg; https://media.rightmove.co.uk:443/dir/crop/10:9-16:9/57k/56478/148465559/56478_109421-2_IMG_03_0000_max_476x317.jpeg; https://media.rightmove.co.uk:443/dir/crop/10:9-16:9/57k/56478/148465559/56478_109421-2_IMG_04_0000_max_476x317.jpeg; https://media.rightmove.co.uk:443/dir/crop/10:9-16:9/57k/56478/148465559/56478_109421-2_IMG_05_0000_max_476x317.jpeg; https://media.rightmove.co.uk:443/dir/crop/10:9-16:9/57k/56478/148465559/56478_109421-2_IMG_06_0000_max_476x317.jpeg; https://media.rightmove.co.uk:443/dir/crop/10:9-16:9/57k/56478/148465559/56478_109421-2_IMG_07_0000_max_476x317.jpeg; https://media.rightmove.co.uk:443/dir/crop/10:9-16:9/57k/56478/148465559/56478_109421-2_IMG_08_0000_max_476x317.jpeg; https://media.rightmove.co.uk:443/dir/crop/10:9-16:9/57k/56478/148465559/56478_109421-2_IMG_09_0000_max_476x317.jpeg; https://media.rightmove.co.uk:443/dir/crop/10:9-16:9/57k/56478/148465559/56478_109421-2_IMG_10_0000_max_476x317.jpeg; https://media.rightmove.co.uk:443/dir/crop/10:9-16:9/57k/56478/148465559/56478_109421-2_IMG_11_0000_max_476x317.jpeg; https://media.rightmove.co.uk:443/dir/crop/10:9-16:9/57k/56478/148465559/56478_109421-2_IMG_12_0000_max_476x317.jpeg; https://media.rightmove.co.uk:443/dir/crop/10:9-16:9/57k/56478/148465559/56478_109421-2_IMG_13_0000_max_476x317.jpeg; https://media.rightmove.co.uk:443/dir/crop/10:9-16:9/57k/56478/148465559/56478_109421-2_IMG_14_0000_max_476x317.jpeg"
"163838045","Newcastle","Office","West One, Forth Banks, Newcastle upon Tyne, Tyne and Wear, NE1","£2,273 pcm","","","","Fully Fitted Suites and Open Plan offices close to Newcastle Quayside and Central Station - lease flexibility available Per sq ft £22 per sq ft West One provides high quality Grade A office accommodation with fantastic views of the River Tyne.8th floor offers new","https://www.rightmove.co.uk/properties/163838045#/?channel=COM_LET","2025-06-26T14:49:43Z","","size_change","Marketed by Knight Frank, Newcastle - Commercial","","54.9655","-1.6165","https://media.rightmove.co.uk:443/dir/crop/10:9-16:9/property-photo/7d1527161/163838045/7d1527161b31304e16d5564e7d1deb6e_max_476x317.jpeg; https://media.rightmove.co.uk:443/dir/crop/10:9-16:9/property-photo/481a2ba59/163838045/481a2ba59d1bf07b7204662b897588d5_max_476x317.jpeg; https://media.rightmove.co.uk:443/dir/crop/10:9-16:9/property-photo/259289b4e/163838045/259289b4ee60037f404a3a3589fca5e4_max_476x317.jpeg; https://media.rightmove.co.uk:443/dir/crop/10:9-16:9/property-photo/06998bba6/163838045/06998bba64fe9d30b67d9e15434586d4_max_476x317.jpeg; https://media.rightmove.co.uk:443/dir/crop/10:9-16:9/property-photo/6cb659ecf/163838045/6cb659ecff08ede4f832acd2a4c91cf3_max_476x317.jpeg; https://media.rightmove.co.uk:443/dir/crop/10:9-16:9/property-photo/bb01182af/163838045/bb01182afc52184068a59329dec1c048_max_476x317.jpeg"
"722864517449505","Newcastle","Office","21 Portland Terrace, Jesmond, Newcastle upon Tyne, NE2 1QQ","£3,331 pcm","","","","A self contained, 4 storey office building located in the desirable suburb of Jesmond.","https://www.rightmove.co.uk/properties/722864517449505#/?channel=COM_LET","2025-12-03T10:53:09Z","","new","Marketed by Parker Knights, Newcastle","","54.981507","-1.602646","https://media.rightmove.co.uk:443/dir/crop/10:9-16:9/253k/252818/722864517449505/252818_308154-2_IMG_00_0000_max_476x317.jpeg; https://media.rightmove.co.uk:443/dir/crop/10:9-16:9/253k/252818/722864517449505/252818_308154-2_IMG_01_0000_max_476x317.jpeg; https://media.rightmove.co.uk:443/dir/crop/10:9-16:9/253k/252818/722864517449505/252818_308154-2_IMG_02_0000_max_476x317.jpeg; https://media.rightmove.co.uk:443/dir/crop/10:9-16:9/253k/252818/722864517449505/252818_308154-2_IMG_03_0000_max_476x317.jpeg; https://media.rightmove.co.uk:443/dir/crop/10:9-16:9/253k/252818/722864517449505/252818_308154-2_IMG_04_0000_max_476x317.jpeg; https://media.rightmove.co.uk:443/dir/crop/10:9-16:9/253k/252818/722864517449505/252818_308154-2_IMG_05_0000_max_476x317.jpeg; https://media.rightmove.co.uk:443/dir/crop/10:9-16:9/253k/252818/722864517449505/252818_308154-2_IMG_06_0000_max_476x317.jpeg; https://media.rightmove.co.uk:443/dir/crop/10:9-16:9/253k/252818/722864517449505/252818_308154-2_IMG_07_0000_max_476x317.jpeg; https://media.rightmove.co.uk:443/dir/crop/10:9-16:9/253k/252818/722864517449505/252818_308154-2_IMG_08_0000_max_476x317.jpeg; https://media.rightmove.co.uk:443/dir/crop/10:9-16:9/253k/252818/722864517449505/252818_308154-2_IMG_09_0000_max_476x317.jpeg; https://media.rightmove.co.uk:443/dir/crop/10:9-16:9/253k/252818/722864517449505/252818_308154-2_IMG_10_0000_max_476x317.jpeg; https://media.rightmove.co.uk:443/dir/crop/10:9-16:9/253k/252818/722864517449505/252818_308154-2_IMG_11_0000_max_476x317.jpeg"
"698589983254545","Newcastle","Retail Property (high street)","Prime Newcastle City Centre Retail Unit with Offices, 107-109 Northumberland Street, Newcastle upon Tyne, NE1 7AG","POA","","","","To Let / May Sell - Prime City Centre Retail Premises with Offices","https://www.rightmove.co.uk/properties/698589983254545#/?channel=COM_LET","2025-10-23T11:21:07Z","","new","Marketed by Sanderson Weatherall, Newcastle","","54.97656","-1.613412","https://media.rightmove.co.uk:443/dir/crop/10:9-16:9/262k/261938/698589983254545/261938_308840-2_IMG_00_0000_max_476x317.png; https://media.rightmove.co.uk:443/dir/crop/10:9-16:9/262k/261938/698589983254545/261938_308840-2_IMG_01_0000_max_476x317.png; https://media.rightmove.co.uk:443/dir/crop/10:9-16:9/262k/261938/698589983254545/261938_308840-2_IMG_02_0000_max_476x317.jpeg; https://media.rightmove.co.uk:443/dir/crop/10:9-16:9/262k/261938/698589983254545/261938_308840-2_IMG_03_0000_max_476x317.jpeg; https://media.rightmove.co.uk:443/dir/crop/10:9-16:9/262k/261938/698589983254545/261938_308840-2_IMG_04_0000_max_476x317.jpeg"
"83984849","Newcastle","Office","Haymarket Hub Haymarket Hub, Newcastle Upon Tyne, Tyne And Wear, NE1 7PF","£7,020 pcm","From","","","The Hub is an exciting office development totalling 41,344 sq ft (3,841 sq m) situated over the redeveloped Haymarket Metro Station at the heart of Newcastle City centre's retail quarter, Northumberland Street and Eldon Square. The Hub provides superb Grade A office accommodation over four floo...","https://www.rightmove.co.uk/properties/83984849#/?channel=COM_LET","2019-08-13T16:40:59Z","","new","Marketed by Lambert Smith Hampton, Newcastle","","54.977098","-1.612476","https://media.rightmove.co.uk:443/dir/crop/10:9-16:9/183k/182546/83984849/182546_60266LH_IMG_00_0000_max_476x317.jpeg; https://media.rightmove.co.uk:443/dir/crop/10:9-16:9/183k/182546/83984849/182546_60266LH_IMG_01_0001_max_476x317.jpeg; https://media.rightmove.co.uk:443/dir/crop/10:9-16:9/183k/182546/83984849/182546_60266LH_IMG_02_0001_max_476x317.jpeg; https://media.rightmove.co.uk:443/dir/crop/10:9-16:9/183k/182546/83984849/182546_60266LH_IMG_03_0001_max_476x317.jpeg; https://media.rightmove.co.uk:443/dir/crop/10:9-16:9/183k/182546/83984849/182546_60266LH_IMG_04_0001_max_476x317.jpeg; https://media.rightmove.co.uk:443/dir/crop/10:9-16:9/183k/182546/83984849/182546_60266LH_IMG_05_0001_max_476x317.jpeg; https://media.rightmove.co.uk:443/dir/crop/10:9-16:9/183k/182546/83984849/182546_60266LH_IMG_06_0001_max_476x317.jpeg; https://media.rightmove.co.uk:443/dir/crop/10:9-16:9/183k/182546/83984849/182546_60266LH_IMG_07_0001_max_476x317.jpeg; https://media.rightmove.co.uk:443/dir/crop/10:9-16:9/183k/182546/83984849/182546_60266LH_IMG_08_0001_max_476x317.jpeg; https://media.rightmove.co.uk:443/dir/crop/10:9-16:9/183k/182546/83984849/182546_60266LH_IMG_09_0001_max_476x317.jpeg"
"153568349","Newcastle","Office","Pandon, Newcastle Upon Tyne, NE1","POA","","","","Grade A office space to rent with a private front door (with prominent branding/signage opportunities), a foyer leading to an elevator which will take you to the First Floor office level. ","https://www.rightmove.co.uk/properties/153568349#/?channel=COM_LET","2024-11-18T11:56:18Z","","new","Marketed by Adderstone Asset Management Limited, Newcastle","","54.97052","-1.60445","https://media.rightmove.co.uk:443/dir/crop/10:9-16:9/181k/180227/153568349/180227_PandonOffice_IMG_00_0000_max_476x317.jpeg; https://media.rightmove.co.uk:443/dir/crop/10:9-16:9/181k/180227/153568349/180227_PandonOffice_IMG_01_0000_max_476x317.jpeg; https://media.rightmove.co.uk:443/dir/crop/10:9-16:9/181k/180227/153568349/180227_PandonOffice_IMG_02_0000_max_476x317.jpeg; https://media.rightmove.co.uk:443/dir/crop/10:9-16:9/181k/180227/153568349/180227_PandonOffice_IMG_03_0000_max_476x317.jpeg; https://media.rightmove.co.uk:443/dir/crop/10:9-16:9/181k/180227/153568349/180227_PandonOffice_IMG_04_0000_max_476x317.jpeg; https://media.rightmove.co.uk:443/dir/crop/10:9-16:9/181k/180227/153568349/180227_PandonOffice_IMG_05_0000_max_476x317.jpeg; https://media.rightmove.co.uk:443/dir/crop/10:9-16:9/181k/180227/153568349/180227_PandonOffice_IMG_06_0000_max_476x317.jpeg; https://media.rightmove.co.uk:443/dir/crop/10:9-16:9/181k/180227/153568349/180227_PandonOffice_IMG_07_0000_max_476x317.jpeg"
"164510123","Newcastle","Retail Property (high street)","Dobson House, Regent Farm Road","£4,581 pcm","","","","Located at The Grainger Suite, Regent Centre (NE3 3PF), this retail unit, which is currently configured as a specialist gym and physiotherapy facility, but ideal for a variety of leisure and retail business, is now available! After some initial landlord works, the space has everything ne...","https://www.rightmove.co.uk/properties/164510123#/?channel=COM_LET","2025-07-15T10:24:26Z","","new","Marketed by Mays Management, London","","55.011489","-1.623366","https://media.rightmove.co.uk:443/dir/crop/10:9-16:9/230k/229781/164510123/229781_34036598_IMG_00_0000_max_476x317.jpeg; https://media.rightmove.co.uk:443/dir/crop/10:9-16:9/230k/229781/164510123/229781_34036598_IMG_01_0000_max_476x317.jpeg; https://media.rightmove.co.uk:443/dir/crop/10:9-16:9/230k/229781/164510123/229781_34036598_IMG_02_0000_max_476x317.jpeg; https://media.rightmove.co.uk:443/dir/crop/10:9-16:9/230k/229781/164510123/229781_34036598_IMG_03_0000_max_476x317.jpeg; https://media.rightmove.co.uk:443/dir/crop/10:9-16:9/230k/229781/164510123/229781_34036598_IMG_04_0000_max_476x317.jpeg; https://media.rightmove.co.uk:443/dir/crop/10:9-16:9/230k/229781/164510123/229781_34036598_IMG_05_0000_max_476x317.jpeg; https://media.rightmove.co.uk:443/dir/crop/10:9-16:9/230k/229781/164510123/229781_34036598_IMG_06_0000_max_476x317.jpeg; https://media.rightmove.co.uk:443/dir/crop/10:9-16:9/230k/229781/164510123/229781_34036598_IMG_07_0000_max_476x317.jpeg; https://media.rightmove.co.uk:443/dir/crop/10:9-16:9/230k/229781/164510123/229781_34036598_IMG_08_0000_max_476x317.jpeg; https://media.rightmove.co.uk:443/dir/crop/10:9-16:9/230k/229781/164510123/229781_34036598_IMG_09_0000_max_476x317.jpeg; https://media.rightmove.co.uk:443/dir/crop/10:9-16:9/230k/229781/164510123/229781_34036598_IMG_10_0000_max_476x317.jpeg; https://media.rightmove.co.uk:443/dir/crop/10:9-16:9/230k/229781/164510123/229781_34036598_IMG_11_0000_max_476x317.jpeg; https://media.rightmove.co.uk:443/dir/crop/10:9-16:9/230k/229781/164510123/229781_34036598_IMG_12_0000_max_476x317.jpeg; https://media.rightmove.co.uk:443/dir/crop/10:9-16:9/230k/229781/164510123/229781_34036598_IMG_13_0000_max_476x317.jpeg; https://media.rightmove.co.uk:443/dir/crop/10:9-16:9/230k/229781/164510123/229781_34036598_IMG_14_0000_max_476x317.jpeg; https://media.rightmove.co.uk:443/dir/crop/10:9-16:9/230k/229781/164510123/229781_34036598_IMG_15_0000_max_476x317.jpeg; https://media.rightmove.co.uk:443/dir/crop/10:9-16:9/230k/229781/164510123/229781_34036598_IMG_16_0000_max_476x317.jpeg; https://media.rightmove.co.uk:443/dir/crop/10:9-16:9/230k/229781/164510123/229781_34036598_IMG_17_0000_max_476x317.jpeg"
"155479175","Newcastle","Office","First Floor, 8A Saville Row , 8A Saville Row, Newcastle Upon Tyne, Tyne and Wear, NE1 8JE","£1,250 pcm","","","","The first floor office has a shared entrance with the other tenants in the building. The office has been partitioned into smaller offices and meeting rooms and a large open plan office area. The property benefits from the following specifications: WC and shower facilities Small kitchen Meet...","https://www.rightmove.co.uk/properties/155479175#/?channel=COM_LET","2024-11-28T14:16:54Z","","price_reduced","Marketed by Naylors Gavin Black LLP, Newcastle Upon Tyne","","54.975643","-1.61143","https://media.rightmove.co.uk:443/dir/crop/10:9-16:9/property-photo/108141dd7/155479175/108141dd7557870d3cee2960cea0ae0c_max_476x317.jpeg; https://media.rightmove.co.uk:443/dir/crop/10:9-16:9/property-photo/434b28286/155479175/434b28286cf4532c58aa93fc84692fc4_max_476x317.jpeg; https://media.rightmove.co.uk:443/dir/crop/10:9-16:9/property-photo/9b04fd2b1/155479175/9b04fd2b16cda369155c06975f7686b1_max_476x317.jpeg; https://media.rightmove.co.uk:443/dir/crop/10:9-16:9/property-photo/d1242bbc2/155479175/d1242bbc2b5fb17a22a0640532bdedc0_max_476x317.jpeg; https://media.rightmove.co.uk:443/dir/crop/10:9-16:9/property-photo/5aee356f7/155479175/5aee356f7ed11b4f8dd9347e225cd77e_max_476x317.jpeg; https://media.rightmove.co.uk:443/dir/crop/10:9-16:9/property-photo/1cc6f4905/155479175/1cc6f4905b74585e344031126b91782f_max_476x317.jpeg; https://media.rightmove.co.uk:443/dir/crop/10:9-16:9/property-photo/7dbbf5741/155479175/7dbbf574141be55a17a5398d811c7809_max_476x317.jpeg; https://media.rightmove.co.uk:443/dir/crop/10:9-16:9/property-photo/3f4035565/155479175/3f4035565ee9eb9eb42e253dc12ebc8c_max_476x317.jpeg; https://media.rightmove.co.uk:443/dir/crop/10:9-16:9/property-photo/452dc445a/155479175/452dc445abb972cecac393c4e30a56c2_max_476x317.jpeg; https://media.rightmove.co.uk:443/dir/crop/10:9-16:9/property-photo/3c6e5c3ca/155479175/3c6e5c3ca9dcb50d88b9e799277aad14_max_476x317.jpeg; https://media.rightmove.co.uk:443/dir/crop/10:9-16:9/property-photo/059e60a51/155479175/059e60a517e5afe5fdfa2bbfc7787c07_max_476x317.jpeg; https://media.rightmove.co.uk:443/dir/crop/10:9-16:9/property-photo/4444ff637/155479175/4444ff637a873e168642d038d39bf93a_max_476x317.jpeg"
"164390798","Newcastle","Office","Metro House, Metro Centre, Gateshead, Tyne And Wear, NE11","£938 pcm","From","","","Metro House is a highly prominent multi-occupied office building located alongside the north and south A1 arterial routes with suites ranging from 1,500 to 24,378 sq ft with generous parking. Service charge from £3 per sq ft.","https://www.rightmove.co.uk/properties/164390798#/?channel=COM_LET","2025-07-11T11:30:39Z","","size_change","Marketed by Lambert Smith Hampton, Newcastle","","54.957207","-1.676575","https://media.rightmove.co.uk:443/dir/crop/10:9-16:9/183k/182546/164390798/182546_2074407LH_IMG_14_0000_max_476x317.jpeg; https://media.rightmove.co.uk:443/dir/crop/10:9-16:9/183k/182546/164390798/182546_2074407LH_IMG_03_0000_max_476x317.jpeg; https://media.rightmove.co.uk:443/dir/crop/10:9-16:9/183k/182546/164390798/182546_2074407LH_IMG_04_0000_max_476x317.jpeg; https://media.rightmove.co.uk:443/dir/crop/10:9-16:9/183k/182546/164390798/182546_2074407LH_IMG_05_0000_max_476x317.jpeg; https://media.rightmove.co.uk:443/dir/crop/10:9-16:9/183k/182546/164390798/182546_2074407LH_IMG_06_0000_max_476x317.jpeg; https://media.rightmove.co.uk:443/dir/crop/10:9-16:9/183k/182546/164390798/182546_2074407LH_IMG_07_0000_max_476x317.jpeg; https://media.rightmove.co.uk:443/dir/crop/10:9-16:9/183k/182546/164390798/182546_2074407LH_IMG_08_0000_max_476x317.jpeg; https://media.rightmove.co.uk:443/dir/crop/10:9-16:9/183k/182546/164390798/182546_2074407LH_IMG_09_0000_max_476x317.jpeg; https://media.rightmove.co.uk:443/dir/crop/10:9-16:9/183k/182546/164390798/182546_2074407LH_IMG_10_0000_max_476x317.jpeg; https://media.rightmove.co.uk:443/dir/crop/10:9-16:9/183k/182546/164390798/182546_2074407LH_IMG_11_0000_max_476x317.jpeg; https://media.rightmove.co.uk:443/dir/crop/10:9-16:9/183k/182546/164390798/182546_2074407LH_IMG_12_0000_max_476x317.jpeg; https://media.rightmove.co.uk:443/dir/crop/10:9-16:9/183k/182546/164390798/182546_2074407LH_IMG_13_0000_max_476x317.jpeg; https://media.rightmove.co.uk:443/dir/crop/10:9-16:9/183k/182546/164390798/182546_2074407LH_IMG_15_0000_max_476x317.jpeg; https://media.rightmove.co.uk:443/dir/crop/10:9-16:9/183k/182546/164390798/182546_2074407LH_IMG_16_0000_max_476x317.jpeg; https://media.rightmove.co.uk:443/dir/crop/10:9-16:9/183k/182546/164390798/182546_2074407LH_IMG_17_0000_max_476x317.jpeg"
"148617317","Newcastle","Office","Coronation Buildings, 65 Quayside, Newcastle-Upon-Tyne, NE1 3DE","£597 pcm","","","","Ground and Third floor office suites in the heart of the Quayside Per sq ft £17.25 per sq ft The property is a traditional, multi-occupied office building, with a ground floor entrance and reception directly off the Quayside. Each of the floors is serviced by the central stairca...","https://www.rightmove.co.uk/properties/148617317#/?channel=COM_LET","2024-05-31T17:10:57Z","","new","Marketed by Knight Frank, Newcastle - Commercial","","54.9694","-1.6042","https://media.rightmove.co.uk:443/dir/crop/10:9-16:9/156k/155516/148617317/155516_CPD251684_IMG_00_0002_max_476x317.jpeg"
"144957386","Newcastle","Light Industrial","Leeholme Road, Billingham, Stockton on Tees, TS23","£2,100 pcm","Guide Price","","3","Perfect for businesses looking for a flexible light industrial space with strong road and rail connectivity, modern warehouse facilities, office accommodation, and trade counter opportunity, all within a reliable business park environment.","https://www.rightmove.co.uk/properties/144957386#/?channel=COM_LET","2024-02-21T11:22:41Z","","size_change","Marketed by Whitehalluk, Gateshead","","54.95875","-1.67769","https://media.rightmove.co.uk:443/dir/crop/10:9-16:9/270k/269339/144957386/269339_Towngate_IMG_01_0001_max_476x317.jpeg; https://media.rightmove.co.uk:443/dir/crop/10:9-16:9/270k/269339/144957386/269339_Towngate_IMG_00_0002_max_476x317.jpeg; https://media.rightmove.co.uk:443/dir/crop/10:9-16:9/270k/269339/144957386/269339_Towngate_IMG_03_0001_max_476x317.jpeg; https://media.rightmove.co.uk:443/dir/crop/10:9-16:9/270k/269339/144957386/269339_Towngate_IMG_02_0001_max_476x317.jpeg; https://media.rightmove.co.uk:443/dir/crop/10:9-16:9/270k/269339/144957386/269339_Towngate_IMG_05_0001_max_476x317.jpeg; https://media.rightmove.co.uk:443/dir/crop/10:9-16:9/270k/269339/144957386/269339_Towngate_IMG_04_0001_max_476x317.jpeg"
"164150648","Newcastle","Leisure Facility","32 Pudding Chare, Newcastle Upon Tyne, NE1","£3,333 pcm","","","","The premises is arranged over ground floor and basement. The ground floor comprises the main trading area, including a dining space, bar area, and a section formerly accommodating a commercial kitchen. The basement provides storage areas along with male and female WC facilities. Internally,...","https://www.rightmove.co.uk/properties/164150648#/?channel=COM_LET","2025-07-04T09:06:19Z","","new","Marketed by Bradley Hall, Newcastle Upon Tyne","","54.970717","-1.613984","https://media.rightmove.co.uk:443/dir/crop/10:9-16:9/283k/282893/164150648/282893_CMR250093_L_IMG_00_0000_max_476x317.jpeg; https://media.rightmove.co.uk:443/dir/crop/10:9-16:9/283k/282893/164150648/282893_CMR250093_L_IMG_01_0000_max_476x317.jpeg; https://media.rightmove.co.uk:443/dir/crop/10:9-16:9/283k/282893/164150648/282893_CMR250093_L_IMG_02_0000_max_476x317.jpeg; https://media.rightmove.co.uk:443/dir/crop/10:9-16:9/283k/282893/164150648/282893_CMR250093_L_IMG_03_0000_max_476x317.jpeg; https://media.rightmove.co.uk:443/dir/crop/10:9-16:9/283k/282893/164150648/282893_CMR250093_L_IMG_04_0000_max_476x317.jpeg; https://media.rightmove.co.uk:443/dir/crop/10:9-16:9/283k/282893/164150648/282893_CMR250093_L_IMG_05_0000_max_476x317.jpeg; https://media.rightmove.co.uk:443/dir/crop/10:9-16:9/283k/282893/164150648/282893_CMR250093_L_IMG_06_0000_max_476x317.jpeg"
"164096969","Newcastle","Distribution Warehouse","11 Tundry Business Park, Tundry Way, Blaydon-on-Tyne, Tyne and Wear, NE21 5SJ","POA","","","","Showroom/Warehouse Facility Measuring 614.3m² (6,612 sq ft) Quoting Rent £33000.00  GENERAL Unit 11 is a mid-terraced showroom / warehouse unit situated immediately off Tundry Way and benefits from the following specification: - Steel portal frame construction - Clear internal ...","https://www.rightmove.co.uk/properties/164096969#/?channel=COM_LET","2025-07-03T08:12:20Z","","new","Marketed by Knight Frank, Newcastle - Commercial","","54.9668","-1.693287","https://media.rightmove.co.uk:443/dir/crop/10:9-16:9/156k/155516/164096969/155516_NCC012527111_IMG_00_0000_max_476x317.jpeg; https://media.rightmove.co.uk:443/dir/crop/10:9-16:9/156k/155516/164096969/155516_NCC012527111_IMG_01_0000_max_476x317.jpeg; https://media.rightmove.co.uk:443/dir/crop/10:9-16:9/156k/155516/164096969/155516_NCC012527111_IMG_02_0000_max_476x317.jpeg"
"164018153","Newcastle","Office","Union Street, Newcastle Upon Tyne, NE2","POA","","","3","Generous Rental Incentives Available. Ground floor office available within high specification development. Providing air-con and additional glazed cellular offices. Eligible for 75% business rates discount.","https://www.rightmove.co.uk/properties/164018153#/?channel=COM_LET","2025-07-01T16:01:23Z","","new","Marketed by Adderstone Asset Management Limited, Newcastle","","54.97579","-1.59628","https://media.rightmove.co.uk:443/dir/crop/10:9-16:9/property-photo/39f1442bd/164018153/39f1442bdd0afb47db17ef68b38925e2_max_476x317.jpeg; https://media.rightmove.co.uk:443/dir/crop/10:9-16:9/property-photo/5858e247f/164018153/5858e247f98c43a0870859febd32f86b_max_476x317.jpeg; https://media.rightmove.co.uk:443/dir/crop/10:9-16:9/property-photo/a4bf302cc/164018153/a4bf302cce844bc9c306f36923d688d0_max_476x317.jpeg; https://media.rightmove.co.uk:443/dir/crop/10:9-16:9/property-photo/aff625298/164018153/aff625298a6119a78825d6be3cd9af37_max_476x317.jpeg; https://media.rightmove.co.uk:443/dir/crop/10:9-16:9/property-photo/42823f0b5/164018153/42823f0b5cb64b731526cb53b5354b02_max_476x317.jpeg"
"157278260","Newcastle","Retail Property (high street)","51 Shields Road, Byker, Newcastle Upon Tyne, NE6","£700 pcm","","","","The subject property is well situated on Shields Road in the Newcastle upon Tyne suburb of Byker. Shields Road is predominantly a retail location with elements of leisure and hospitality and also in close proximity to dense residential areas. The subject property comprises a mid-terra...","https://www.rightmove.co.uk/properties/157278260#/?channel=COM_LET","2025-01-23T16:52:55Z","","price_reduced","Marketed by Bradley Hall, Newcastle Upon Tyne","","54.976674","-1.584766","https://media.rightmove.co.uk:443/dir/crop/10:9-16:9/283k/282893/157278260/282893_NUT250042_L_IMG_00_0001_max_476x317.jpeg; https://media.rightmove.co.uk:443/dir/crop/10:9-16:9/283k/282893/157278260/282893_NUT250042_L_IMG_01_0000_max_476x317.jpeg; https://media.rightmove.co.uk:443/dir/crop/10:9-16:9/283k/282893/157278260/282893_NUT250042_L_IMG_02_0000_max_476x317.jpeg; https://media.rightmove.co.uk:443/dir/crop/10:9-16:9/283k/282893/157278260/282893_NUT250042_L_IMG_03_0000_max_476x317.jpeg; https://media.rightmove.co.uk:443/dir/crop/10:9-16:9/283k/282893/157278260/282893_NUT250042_L_IMG_04_0000_max_476x317.jpeg; https://media.rightmove.co.uk:443/dir/crop/10:9-16:9/283k/282893/157278260/282893_NUT250042_L_IMG_06_0000_max_476x317.jpeg; https://media.rightmove.co.uk:443/dir/crop/10:9-16:9/283k/282893/157278260/282893_NUT250042_L_IMG_05_0000_max_476x317.jpeg"
"698587122515665","Newcastle","Pub","Leisure Opportunity Available To Let in Newcastle, Pravda, 68-72 The Close, Quayside, Newcastle upon Tyne, NE1 3RF","POA","","","","Available To Let","https://www.rightmove.co.uk/properties/698587122515665#/?channel=COM_LET","2025-10-23T11:32:12Z","","new","Marketed by Sanderson Weatherall, Newcastle","","54.967671","-1.611054","https://media.rightmove.co.uk:443/dir/crop/10:9-16:9/262k/261938/698587122515665/261938_186501-2_IMG_00_0000_max_476x317.jpeg; https://media.rightmove.co.uk:443/dir/crop/10:9-16:9/262k/261938/698587122515665/261938_186501-2_IMG_01_0000_max_476x317.jpeg; https://media.rightmove.co.uk:443/dir/crop/10:9-16:9/262k/261938/698587122515665/261938_186501-2_IMG_02_0000_max_476x317.jpeg; https://media.rightmove.co.uk:443/dir/crop/10:9-16:9/262k/261938/698587122515665/261938_186501-2_IMG_03_0000_max_476x317.jpeg; https://media.rightmove.co.uk:443/dir/crop/10:9-16:9/262k/261938/698587122515665/261938_186501-2_IMG_04_0000_max_476x317.jpeg"
"86968743","Newcastle","Office","Victoria House, Hampshire Court, Newcastle Business Park, Newcastle, NE4 7YJ","£9,365 pcm","","","","Newly Refurbished Grade A Office Space","https://www.rightmove.co.uk/properties/86968743#/?channel=COM_LET","2024-09-06T10:50:55Z","","size_change","Marketed by JLL, Leeds - Offices","","54.960698","-1.633982","https://media.rightmove.co.uk:443/dir/crop/10:9-16:9/262k/261371/86968743/261371_158755-2_IMG_00_0000_max_476x317.jpeg; https://media.rightmove.co.uk:443/dir/crop/10:9-16:9/262k/261371/86968743/261371_158755-2_IMG_01_0000_max_476x317.jpeg; https://media.rightmove.co.uk:443/dir/crop/10:9-16:9/262k/261371/86968743/261371_158755-2_IMG_02_0000_max_476x317.jpeg"
"722864353847793","Newcastle","Office","Earl Grey House, 75-85 Grey Street, Newcastle upon Tyne, NE1 6EF","£8,658 pcm","","","","Last two remaining suites available extending to 1,950 and 2,266 sq ft","https://www.rightmove.co.uk/properties/722864353847793#/?channel=COM_LET","2025-12-03T10:52:04Z","","size_change","Marketed by Parker Knights, Newcastle","","54.972581","-1.612863","https://media.rightmove.co.uk:443/dir/crop/10:9-16:9/253k/252818/722864353847793/252818_273266-2_IMG_00_0000_max_476x317.jpeg; https://media.rightmove.co.uk:443/dir/crop/10:9-16:9/253k/252818/722864353847793/252818_273266-2_IMG_01_0000_max_476x317.jpeg; https://media.rightmove.co.uk:443/dir/crop/10:9-16:9/253k/252818/722864353847793/252818_273266-2_IMG_02_0000_max_476x317.jpeg; https://media.rightmove.co.uk:443/dir/crop/10:9-16:9/253k/252818/722864353847793/252818_273266-2_IMG_03_0000_max_476x317.jpeg; https://media.rightmove.co.uk:443/dir/crop/10:9-16:9/253k/252818/722864353847793/252818_273266-2_IMG_04_0000_max_476x317.jpeg; https://media.rightmove.co.uk:443/dir/crop/10:9-16:9/253k/252818/722864353847793/252818_273266-2_IMG_05_0000_max_476x317.jpeg; https://media.rightmove.co.uk:443/dir/crop/10:9-16:9/253k/252818/722864353847793/252818_273266-2_IMG_06_0000_max_476x317.jpeg; https://media.rightmove.co.uk:443/dir/crop/10:9-16:9/253k/252818/722864353847793/252818_273266-2_IMG_07_0000_max_476x317.jpeg; https://media.rightmove.co.uk:443/dir/crop/10:9-16:9/253k/252818/722864353847793/252818_273266-2_IMG_08_0000_max_476x317.jpeg; https://media.rightmove.co.uk:443/dir/crop/10:9-16:9/253k/252818/722864353847793/252818_273266-2_IMG_09_0000_max_476x317.jpeg; https://media.rightmove.co.uk:443/dir/crop/10:9-16:9/253k/252818/722864353847793/252818_273266-2_IMG_10_0000_max_476x317.jpeg; https://media.rightmove.co.uk:443/dir/crop/10:9-16:9/253k/252818/722864353847793/252818_273266-2_IMG_11_0000_max_476x317.jpeg; https://media.rightmove.co.uk:443/dir/crop/10:9-16:9/253k/252818/722864353847793/252818_273266-2_IMG_12_0000_max_476x317.jpeg; https://media.rightmove.co.uk:443/dir/crop/10:9-16:9/253k/252818/722864353847793/252818_273266-2_IMG_13_0000_max_476x317.jpeg; https://media.rightmove.co.uk:443/dir/crop/10:9-16:9/253k/252818/722864353847793/252818_273266-2_IMG_14_0000_max_476x317.jpeg; https://media.rightmove.co.uk:443/dir/crop/10:9-16:9/253k/252818/722864353847793/252818_273266-2_IMG_15_0000_max_476x317.jpeg; https://media.rightmove.co.uk:443/dir/crop/10:9-16:9/253k/252818/722864353847793/252818_273266-2_IMG_16_0000_max_476x317.jpeg; https://media.rightmove.co.uk:443/dir/crop/10:9-16:9/253k/252818/722864353847793/252818_273266-2_IMG_17_0000_max_476x317.jpeg; https://media.rightmove.co.uk:443/dir/crop/10:9-16:9/253k/252818/722864353847793/252818_273266-2_IMG_18_0000_max_476x317.jpeg; https://media.rightmove.co.uk:443/dir/crop/10:9-16:9/253k/252818/722864353847793/252818_273266-2_IMG_19_0000_max_476x317.jpeg; https://media.rightmove.co.uk:443/dir/crop/10:9-16:9/253k/252818/722864353847793/252818_273266-2_IMG_20_0000_max_476x317.jpeg; https://media.rightmove.co.uk:443/dir/crop/10:9-16:9/253k/252818/722864353847793/252818_273266-2_IMG_21_0000_max_476x317.jpeg; https://media.rightmove.co.uk:443/dir/crop/10:9-16:9/253k/252818/722864353847793/252818_273266-2_IMG_22_0000_max_476x317.jpeg; https://media.rightmove.co.uk:443/dir/crop/10:9-16:9/253k/252818/722864353847793/252818_273266-2_IMG_23_0000_max_476x317.jpeg; https://media.rightmove.co.uk:443/dir/crop/10:9-16:9/253k/252818/722864353847793/252818_273266-2_IMG_24_0000_max_476x317.jpeg"
"125425094","Newcastle","Storage","Safestore Self Storage, Forth Street, Newcastle Upon Tyne, NE1","£186 pcm","From","","","Each store at Safestore Self Storage has 100's of individual units offering space to a range of customers for both business & domestic uses. Price shown is for a 100sqft unit in June 2024 ex. VAT. Please contact us for the latest prices and availability.","https://www.rightmove.co.uk/properties/125425094#/?channel=COM_LET","2022-07-27T14:26:32Z","","size_change","Marketed by Safestore Limited, National","","54.96626","-1.61987","https://media.rightmove.co.uk:443/dir/crop/10:9-16:9/131k/130990/125425094/130990_New_Storage_Newcastle_Central_IMG_03_0000_max_476x317.jpeg; https://media.rightmove.co.uk:443/dir/crop/10:9-16:9/131k/130990/125425094/130990_New_Storage_Newcastle_Central_IMG_04_0001_max_476x317.jpeg; https://media.rightmove.co.uk:443/dir/crop/10:9-16:9/131k/130990/125425094/130990_New_Storage_Newcastle_Central_IMG_05_0000_max_476x317.jpeg; https://media.rightmove.co.uk:443/dir/crop/10:9-16:9/131k/130990/125425094/130990_New_Storage_Newcastle_Central_IMG_06_0000_max_476x317.jpeg; https://media.rightmove.co.uk:443/dir/crop/10:9-16:9/131k/130990/125425094/130990_New_Storage_Newcastle_Central_IMG_07_0000_max_476x317.jpeg; https://media.rightmove.co.uk:443/dir/crop/10:9-16:9/131k/130990/125425094/130990_New_Storage_Newcastle_Central_IMG_08_0000_max_476x317.jpeg; https://media.rightmove.co.uk:443/dir/crop/10:9-16:9/131k/130990/125425094/130990_New_Storage_Newcastle_Central_IMG_09_0000_max_476x317.jpeg; https://media.rightmove.co.uk:443/dir/crop/10:9-16:9/131k/130990/125425094/130990_New_Storage_Newcastle_Central_IMG_10_0000_max_476x317.jpeg; https://media.rightmove.co.uk:443/dir/crop/10:9-16:9/131k/130990/125425094/130990_New_Storage_Newcastle_Central_IMG_01_0000_max_476x317.jpeg"
"161843096","Newcastle","Light Industrial","Trend House, Newcastle Upon Tyne, Tyne and Wear, NE12","£1,145 pcm","Guide Price","","1","Galaxy Real Estate HQ presents A Unit To Be Refurbished Located In Trend House, Newcastle Upon Tyne, NE12: Size: 1,375 SQ FT New Electric Shutter New Toilets Located in an incredible location 3 Phase Electric Supply - Nicely painted and new lighting","https://www.rightmove.co.uk/properties/161843096#/?channel=COM_LET","2025-05-12T18:48:11Z","","new","Marketed by GALAXY REAL ESTATE LIMITED, Hayes","","55.043","-1.58248","https://media.rightmove.co.uk:443/dir/crop/10:9-16:9/258k/257963/161843096/257963_3353_IMG_05_0000_max_476x317.jpeg"
"163573208","Newcastle","Shop","Nelson Street, Newcastle upon Tyne, Tyne and Wear, NE1","£4,167 pcm","","","","City centre location Ground floor retail unit Available now Rent £50,000 per annum","https://www.rightmove.co.uk/properties/163573208#/?channel=COM_LET","2025-06-20T09:29:32Z","","new","Marketed by Youngs RPS Limited, Newcastle","","54.973491","-1.614848","https://media.rightmove.co.uk:443/dir/crop/10:9-16:9/131k/130720/163573208/130720_NEW250025_L_IMG_00_0000_max_476x317.jpeg; https://media.rightmove.co.uk:443/dir/crop/10:9-16:9/131k/130720/163573208/130720_NEW250025_L_IMG_01_0000_max_476x317.jpeg; https://media.rightmove.co.uk:443/dir/crop/10:9-16:9/131k/130720/163573208/130720_NEW250025_L_IMG_02_0000_max_476x317.jpeg; https://media.rightmove.co.uk:443/dir/crop/10:9-16:9/131k/130720/163573208/130720_NEW250025_L_IMG_03_0000_max_476x317.jpeg; https://media.rightmove.co.uk:443/dir/crop/10:9-16:9/131k/130720/163573208/130720_NEW250025_L_IMG_04_0000_max_476x317.jpeg; https://media.rightmove.co.uk:443/dir/crop/10:9-16:9/131k/130720/163573208/130720_NEW250025_L_IMG_05_0000_max_476x317.jpeg; https://media.rightmove.co.uk:443/dir/crop/10:9-16:9/131k/130720/163573208/130720_NEW250025_L_IMG_06_0000_max_476x317.jpeg"
"128092211","Newcastle","Retail Property (high street)","Unit 4, Newcastle Railway Station, Neville Street, Newcastle Upon Tyne, NE1 5DL","POA","","","","The purpose built serve over counter, copper clad kiosk benefits from a security roller shutter and mains services. The kiosk also has a dedicated area for customer seating. Remote storage / prep is available if required.","https://www.rightmove.co.uk/properties/128092211#/?channel=COM_LET","2022-10-17T07:21:21Z","","new","Marketed by Lambert Smith Hampton, London","","54.968874","-1.617069","https://media.rightmove.co.uk:443/dir/crop/10:9-16:9/183k/182516/128092211/182516_2045795LH_IMG_00_0001_max_476x317.jpeg; https://media.rightmove.co.uk:443/dir/crop/10:9-16:9/183k/182516/128092211/182516_2045795LH_IMG_01_0001_max_476x317.jpeg; https://media.rightmove.co.uk:443/dir/crop/10:9-16:9/183k/182516/128092211/182516_2045795LH_IMG_03_0001_max_476x317.jpeg; https://media.rightmove.co.uk:443/dir/crop/10:9-16:9/183k/182516/128092211/182516_2045795LH_IMG_02_0001_max_476x317.jpeg"
"169056197","Newcastle","Office","Prestwick Park, Newcastle Upon Tyne, NE20","£2,318 pcm","","","","Prestwick Park has prestigious offices to let only minutes from the centre of Newcastle and the AI and right next to Newcastle International Airport.","https://www.rightmove.co.uk/properties/169056197#/?channel=COM_LET","2025-11-06T12:58:51Z","","new","Marketed by Prestwick Park, Newcastle Upon Tyne","","55.04551","-1.71733","https://media.rightmove.co.uk:443/dir/crop/10:9-16:9/77k/76056/169056197/76056_prestwickpark_IMG_05_0000_max_476x317.jpeg; https://media.rightmove.co.uk:443/dir/crop/10:9-16:9/77k/76056/169056197/76056_prestwickpark_IMG_06_0001_max_476x317.png; https://media.rightmove.co.uk:443/dir/crop/10:9-16:9/77k/76056/169056197/76056_prestwickpark_IMG_07_0001_max_476x317.png; https://media.rightmove.co.uk:443/dir/crop/10:9-16:9/77k/76056/169056197/76056_prestwickpark_IMG_08_0001_max_476x317.png; https://media.rightmove.co.uk:443/dir/crop/10:9-16:9/77k/76056/169056197/76056_prestwickpark_IMG_09_0001_max_476x317.png"
"163442378","Newcastle","Office","No2 St James Gate, Newcastle-Upon-Tyne, NE1 4AD","£5,545 pcm","","","","City Centre offices within 10 minutes of Central Station. Major refurbishment recently completed, including remodelled reception and Grade A finish Per sq ft £19.50 per sq ft No 2 St James Gate benefits from a stylish double height glazed reception area, with an on-site concier...","https://www.rightmove.co.uk/properties/163442378#/?channel=COM_LET","2025-06-17T16:59:49Z","","price_reduced","Marketed by Knight Frank, Newcastle - Commercial","","54.9663","-1.6224","https://media.rightmove.co.uk:443/dir/crop/10:9-16:9/156k/155516/163442378/155516_CPD248226_IMG_00_0008_max_476x317.jpeg; https://media.rightmove.co.uk:443/dir/crop/10:9-16:9/156k/155516/163442378/155516_CPD248226_IMG_01_0008_max_476x317.jpeg; https://media.rightmove.co.uk:443/dir/crop/10:9-16:9/156k/155516/163442378/155516_CPD248226_IMG_02_0008_max_476x317.jpeg; https://media.rightmove.co.uk:443/dir/crop/10:9-16:9/156k/155516/163442378/155516_CPD248226_IMG_03_0008_max_476x317.jpeg; https://media.rightmove.co.uk:443/dir/crop/10:9-16:9/156k/155516/163442378/155516_CPD248226_IMG_04_0008_max_476x317.jpeg; https://media.rightmove.co.uk:443/dir/crop/10:9-16:9/156k/155516/163442378/155516_CPD248226_IMG_05_0008_max_476x317.jpeg; https://media.rightmove.co.uk:443/dir/crop/10:9-16:9/156k/155516/163442378/155516_CPD248226_IMG_06_0008_max_476x317.jpeg; https://media.rightmove.co.uk:443/dir/crop/10:9-16:9/156k/155516/163442378/155516_CPD248226_IMG_07_0008_max_476x317.jpeg; https://media.rightmove.co.uk:443/dir/crop/10:9-16:9/156k/155516/163442378/155516_CPD248226_IMG_08_0008_max_476x317.jpeg"
"163483634","Newcastle","Office","1 Citygate, Bath Lane, Newcastle upon Tyne, Tyne and Wear, NE1","£3,124 pcm","","","","State of the art, refurbished offices in Newcastle City Centre Per sq ft £26 - £36 per sq ft Citygate provides from 1,442 sq.ft to 25,262 sq. ft of Grade A office space, including one of the largest available single floor plates in the City. The Ground Floor suite of 1,442 sq.f...","https://www.rightmove.co.uk/properties/163483634#/?channel=COM_LET","2025-06-18T14:32:54Z","","new","Marketed by Knight Frank, Newcastle - Commercial","","54.973216","-1.620516","https://media.rightmove.co.uk:443/dir/crop/10:9-16:9/156k/155516/163483634/155516_NCC012583500_IMG_00_0007_max_476x317.jpeg; https://media.rightmove.co.uk:443/dir/crop/10:9-16:9/156k/155516/163483634/155516_NCC012583500_IMG_01_0007_max_476x317.jpeg; https://media.rightmove.co.uk:443/dir/crop/10:9-16:9/156k/155516/163483634/155516_NCC012583500_IMG_02_0007_max_476x317.jpeg; https://media.rightmove.co.uk:443/dir/crop/10:9-16:9/156k/155516/163483634/155516_NCC012583500_IMG_03_0007_max_476x317.jpeg; https://media.rightmove.co.uk:443/dir/crop/10:9-16:9/156k/155516/163483634/155516_NCC012583500_IMG_04_0001_max_476x317.jpeg"
"88106866","Newcastle","Office","Q5, Quorum Business Park, Newcastle Upon Tyne, NE12","£3,834 pcm","From","","","Quorum is one of the UK's leading business parks offering a vibrant environment which is designed to enhance productivity and well-being. On-site amenities include a Children's Nursery, Gym and Sports club, allotments and various food and drink outlets which creates the perfect balance between wo...","https://www.rightmove.co.uk/properties/88106866#/?channel=COM_LET","2021-01-05T14:12:36Z","","size_change","Marketed by Naylors Gavin Black LLP, Newcastle Upon Tyne","","55.02087","-1.583826","https://media.rightmove.co.uk:443/dir/crop/10:9-16:9/101k/100681/88106866/100681_2582LH_IMG_04_0002_max_476x317.jpeg; https://media.rightmove.co.uk:443/dir/crop/10:9-16:9/101k/100681/88106866/100681_2582LH_IMG_05_0002_max_476x317.jpeg; https://media.rightmove.co.uk:443/dir/crop/10:9-16:9/101k/100681/88106866/100681_2582LH_IMG_15_0001_max_476x317.jpeg; https://media.rightmove.co.uk:443/dir/crop/10:9-16:9/101k/100681/88106866/100681_2582LH_IMG_14_0002_max_476x317.jpeg; https://media.rightmove.co.uk:443/dir/crop/10:9-16:9/101k/100681/88106866/100681_2582LH_IMG_07_0002_max_476x317.jpeg; https://media.rightmove.co.uk:443/dir/crop/10:9-16:9/101k/100681/88106866/100681_2582LH_IMG_08_0002_max_476x317.jpeg; https://media.rightmove.co.uk:443/dir/crop/10:9-16:9/101k/100681/88106866/100681_2582LH_IMG_09_0002_max_476x317.jpeg; https://media.rightmove.co.uk:443/dir/crop/10:9-16:9/101k/100681/88106866/100681_2582LH_IMG_10_0002_max_476x317.jpeg; https://media.rightmove.co.uk:443/dir/crop/10:9-16:9/101k/100681/88106866/100681_2582LH_IMG_12_0002_max_476x317.jpeg; https://media.rightmove.co.uk:443/dir/crop/10:9-16:9/101k/100681/88106866/100681_2582LH_IMG_00_0000_max_476x317.jpeg; https://media.rightmove.co.uk:443/dir/crop/10:9-16:9/101k/100681/88106866/100681_2582LH_IMG_16_0000_max_476x317.jpeg"
"155732699","Newcastle","Industrial Park","Trembles Yard, Whitley Road, Newcastle Upon Tyne, NE12","£1,000 pcm","","","","One hard standing yard available with an area of 0.28 acres. ACCOMMODATION We calculate the approximate net internal floor areas to be as follows: Total 0.28 acres 0.11 hectares RATING ASSESSMENT Interested parties should confirm the current posit...","https://www.rightmove.co.uk/properties/155732699#/?channel=COM_LET","2024-12-06T12:24:15Z","","size_change","Marketed by Bradley Hall, Newcastle Upon Tyne","","55.011414","-1.557821","https://media.rightmove.co.uk:443/dir/crop/10:9-16:9/283k/282893/155732699/282893_NUT240172_L_IMG_00_0001_max_476x317.jpeg"
"163158650","Newcastle","Retail Property (high street)","13A Mallowburn Crescent, Newcastle Upon Tyne, Tyne and Wear, NE3 3YL","£625 pcm","","","","The premises comprise a ground floor retail unit positioned within a small parade of local shops. Nearby occupiers include Pizza King takeaway, a hair salon, and a newsagent, all of which help to generate a steady and reliable level of local footfall. The unit is ideally suited for a variety of r...","https://www.rightmove.co.uk/properties/163158650#/?channel=COM_LET","2025-06-11T13:37:45Z","","new","Marketed by Naylors Gavin Black LLP, Newcastle Upon Tyne","","55.005817","-1.665344","https://media.rightmove.co.uk:443/dir/crop/10:9-16:9/101k/100681/163158650/100681_3247LH_IMG_00_0000_max_476x317.jpeg; https://media.rightmove.co.uk:443/dir/crop/10:9-16:9/101k/100681/163158650/100681_3247LH_IMG_01_0000_max_476x317.jpeg; https://media.rightmove.co.uk:443/dir/crop/10:9-16:9/101k/100681/163158650/100681_3247LH_IMG_02_0000_max_476x317.jpeg; https://media.rightmove.co.uk:443/dir/crop/10:9-16:9/101k/100681/163158650/100681_3247LH_IMG_03_0000_max_476x317.jpeg; https://media.rightmove.co.uk:443/dir/crop/10:9-16:9/101k/100681/163158650/100681_3247LH_IMG_04_0000_max_476x317.jpeg"
"163158623","Newcastle","Office","27 Fawdon Park Road, Newcastle Upon Tyne, Tyne and Wear, NE3 2PE","£750 pcm","","","","This ground floor unit offers a compact open-plan layout, ideal for a range of small business or service-oriented uses. Internally, the space comprises: - Open plan floor area - Small kitchenette - WC Facilities -A separate room, suitable for use as an office, treatment room, or meeting space ...","https://www.rightmove.co.uk/properties/163158623#/?channel=COM_LET","2025-06-11T13:37:32Z","","new","Marketed by Naylors Gavin Black LLP, Newcastle Upon Tyne","","55.013927","-1.64537","https://media.rightmove.co.uk:443/dir/crop/10:9-16:9/101k/100681/163158623/100681_3248LH_IMG_00_0000_max_476x317.jpeg; https://media.rightmove.co.uk:443/dir/crop/10:9-16:9/101k/100681/163158623/100681_3248LH_IMG_01_0000_max_476x317.jpeg; https://media.rightmove.co.uk:443/dir/crop/10:9-16:9/101k/100681/163158623/100681_3248LH_IMG_02_0000_max_476x317.jpeg; https://media.rightmove.co.uk:443/dir/crop/10:9-16:9/101k/100681/163158623/100681_3248LH_IMG_03_0000_max_476x317.jpeg; https://media.rightmove.co.uk:443/dir/crop/10:9-16:9/101k/100681/163158623/100681_3248LH_IMG_04_0000_max_476x317.jpeg; https://media.rightmove.co.uk:443/dir/crop/10:9-16:9/101k/100681/163158623/100681_3248LH_IMG_05_0000_max_476x317.jpeg"
"118811210","Newcastle","Office","The Beacon, Westgate Road, Newcastle Upon Tyne, Tyne And Wear, NE4","POA","","","","TO LET - ALL INCLUSIVE - FLEXIBLE OFFICE SPACE - ON SITE CAR PARKING - GREAT TRANSPORT LINKS NOW AVAILABLE - THE PORTAL - SUITABLE FOR RETAIL AND MEDICAL OCCUPIERS The Beacon is a short 10-minute bus journey from the city centre and only a 5 minute drive from the A1 (M). Description The Beacon...","https://www.rightmove.co.uk/properties/118811210#/?channel=COM_LET","2022-01-17T12:45:20Z","","size_change","Marketed by Naylors Gavin Black LLP, Newcastle Upon Tyne","","54.974525","-1.649417","https://media.rightmove.co.uk:443/dir/crop/10:9-16:9/101k/100681/118811210/100681_2822LH_IMG_00_0001_max_476x317.jpeg; https://media.rightmove.co.uk:443/dir/crop/10:9-16:9/101k/100681/118811210/100681_2822LH_IMG_04_0000_max_476x317.jpeg; https://media.rightmove.co.uk:443/dir/crop/10:9-16:9/101k/100681/118811210/100681_2822LH_IMG_05_0000_max_476x317.jpeg"
"138894314","Newcastle","Office","Metro House, Metrocentre, Gateshead, Tyne And Wear, NE11","£938 pcm","From","","","Metro House is a highly prominent multi-occupied office building located alongside the north and south A1 arterial routes with suites ranging from 1,500 to 24,378sq ft with generous car parking. Metro House has been refurbished and benefits from: Flexible floor plates 2x passenger lifts Refurbi...","https://www.rightmove.co.uk/properties/138894314#/?channel=COM_LET","2023-08-21T14:36:47Z","","price_reduced","Marketed by Naylors Gavin Black LLP, Newcastle Upon Tyne","","54.957439","-1.678297","https://media.rightmove.co.uk:443/dir/crop/10:9-16:9/101k/100681/138894314/100681_3007LH_IMG_06_0001_max_476x317.jpeg; https://media.rightmove.co.uk:443/dir/crop/10:9-16:9/101k/100681/138894314/100681_3007LH_IMG_01_0001_max_476x317.jpeg; https://media.rightmove.co.uk:443/dir/crop/10:9-16:9/101k/100681/138894314/100681_3007LH_IMG_02_0001_max_476x317.jpeg; https://media.rightmove.co.uk:443/dir/crop/10:9-16:9/101k/100681/138894314/100681_3007LH_IMG_03_0001_max_476x317.jpeg; https://media.rightmove.co.uk:443/dir/crop/10:9-16:9/101k/100681/138894314/100681_3007LH_IMG_04_0001_max_476x317.jpeg"
"123346880","Newcastle","Office","2 St James Gate, Newcastle Upon Tyne, NE1","POA","","","","St. James Gate's recent refurbishment delivers some of the best space in the city including a contemporary and stylish reception area, ideal for welcoming guests and clients, plus open plan Grade A office space with panoramic views of the city. No2 St James Gate offers one of the only column fre...","https://www.rightmove.co.uk/properties/123346880#/?channel=COM_LET","2022-05-13T17:01:40Z","","size_change","Marketed by Naylors Gavin Black LLP, Newcastle Upon Tyne","","54.966347","-1.622716","https://media.rightmove.co.uk:443/dir/crop/10:9-16:9/101k/100681/123346880/100681_2874LH_IMG_13_0011_max_476x317.jpeg; https://media.rightmove.co.uk:443/dir/crop/10:9-16:9/101k/100681/123346880/100681_2874LH_IMG_00_0001_max_476x317.jpeg; https://media.rightmove.co.uk:443/dir/crop/10:9-16:9/101k/100681/123346880/100681_2874LH_IMG_01_0001_max_476x317.jpeg; https://media.rightmove.co.uk:443/dir/crop/10:9-16:9/101k/100681/123346880/100681_2874LH_IMG_02_0001_max_476x317.jpeg; https://media.rightmove.co.uk:443/dir/crop/10:9-16:9/101k/100681/123346880/100681_2874LH_IMG_03_0001_max_476x317.jpeg; https://media.rightmove.co.uk:443/dir/crop/10:9-16:9/101k/100681/123346880/100681_2874LH_IMG_04_0001_max_476x317.jpeg; https://media.rightmove.co.uk:443/dir/crop/10:9-16:9/101k/100681/123346880/100681_2874LH_IMG_05_0001_max_476x317.jpeg; https://media.rightmove.co.uk:443/dir/crop/10:9-16:9/101k/100681/123346880/100681_2874LH_IMG_06_0001_max_476x317.jpeg; https://media.rightmove.co.uk:443/dir/crop/10:9-16:9/101k/100681/123346880/100681_2874LH_IMG_07_0001_max_476x317.jpeg; https://media.rightmove.co.uk:443/dir/crop/10:9-16:9/101k/100681/123346880/100681_2874LH_IMG_08_0001_max_476x317.jpeg; https://media.rightmove.co.uk:443/dir/crop/10:9-16:9/101k/100681/123346880/100681_2874LH_IMG_14_0000_max_476x317.jpeg; https://media.rightmove.co.uk:443/dir/crop/10:9-16:9/101k/100681/123346880/100681_2874LH_IMG_15_0000_max_476x317.jpeg; https://media.rightmove.co.uk:443/dir/crop/10:9-16:9/101k/100681/123346880/100681_2874LH_IMG_16_0000_max_476x317.jpeg; https://media.rightmove.co.uk:443/dir/crop/10:9-16:9/101k/100681/123346880/100681_2874LH_IMG_17_0000_max_476x317.jpeg; https://media.rightmove.co.uk:443/dir/crop/10:9-16:9/101k/100681/123346880/100681_2874LH_IMG_18_0000_max_476x317.jpeg; https://media.rightmove.co.uk:443/dir/crop/10:9-16:9/101k/100681/123346880/100681_2874LH_IMG_19_0000_max_476x317.jpeg; https://media.rightmove.co.uk:443/dir/crop/10:9-16:9/101k/100681/123346880/100681_2874LH_IMG_20_0000_max_476x317.jpeg"
"162857018","Newcastle","Light Industrial","Unit 11B Airport Industrial Estate, Newcastle upon Tyne, NE3 2EF","£1,661 pcm","","","","LIGHT INDUSTRIAL/WORKSHOP unit within the POPULAR and WELL ESTABLISHED Airport Industrial Estate. Situated adjacent to the A1 Western Bypass with GOOD access to major road networks & Newcastle City Centre just 4 miles away. Kingston Park Metro nearby with good transport links to Newcastle Airport. ","https://www.rightmove.co.uk/properties/162857018#/?channel=COM_LET","2025-06-04T16:39:40Z","","new","Marketed by Northern Trust, North East","","55.01167","-1.66236","https://media.rightmove.co.uk:443/dir/crop/10:9-16:9/88k/87511/162857018/87511_03113_Airport_U11B_IMG_17_0000_max_476x317.jpeg; https://media.rightmove.co.uk:443/dir/crop/10:9-16:9/88k/87511/162857018/87511_03113_Airport_U11B_IMG_18_0000_max_476x317.jpeg; https://media.rightmove.co.uk:443/dir/crop/10:9-16:9/88k/87511/162857018/87511_03113_Airport_U11B_IMG_19_0000_max_476x317.jpeg; https://media.rightmove.co.uk:443/dir/crop/10:9-16:9/88k/87511/162857018/87511_03113_Airport_U11B_IMG_06_0000_max_476x317.jpeg; https://media.rightmove.co.uk:443/dir/crop/10:9-16:9/88k/87511/162857018/87511_03113_Airport_U11B_IMG_14_0000_max_476x317.jpeg; https://media.rightmove.co.uk:443/dir/crop/10:9-16:9/88k/87511/162857018/87511_03113_Airport_U11B_IMG_00_0000_max_476x317.jpeg; https://media.rightmove.co.uk:443/dir/crop/10:9-16:9/88k/87511/162857018/87511_03113_Airport_U11B_IMG_01_0000_max_476x317.jpeg; https://media.rightmove.co.uk:443/dir/crop/10:9-16:9/88k/87511/162857018/87511_03113_Airport_U11B_IMG_02_0000_max_476x317.jpeg; https://media.rightmove.co.uk:443/dir/crop/10:9-16:9/88k/87511/162857018/87511_03113_Airport_U11B_IMG_03_0000_max_476x317.jpeg; https://media.rightmove.co.uk:443/dir/crop/10:9-16:9/88k/87511/162857018/87511_03113_Airport_U11B_IMG_04_0000_max_476x317.jpeg"
"162763661","Newcastle","Office","Studio D & H , Fenham Hall Studios, Fenham Hall Drive, Newcastle Upon Tyne, NE4 9YL","£1,542 pcm","From","","","The studios occupy a modern building providing good quality ground floor studio accommodation with shared facilities. This detached building lies in an attractive setting with a good provision of on-site dedicated car parking with unrestricted access. There are a total of five individual studio ...","https://www.rightmove.co.uk/properties/162763661#/?channel=COM_LET","2025-06-03T08:27:06Z","","new","Marketed by Naylors Gavin Black LLP, Newcastle Upon Tyne","","54.982838","-1.656455","https://media.rightmove.co.uk:443/dir/crop/10:9-16:9/101k/100681/162763661/100681_3243LH_IMG_00_0000_max_476x317.jpeg; https://media.rightmove.co.uk:443/dir/crop/10:9-16:9/101k/100681/162763661/100681_3243LH_IMG_01_0000_max_476x317.jpeg; https://media.rightmove.co.uk:443/dir/crop/10:9-16:9/101k/100681/162763661/100681_3243LH_IMG_02_0000_max_476x317.jpeg; https://media.rightmove.co.uk:443/dir/crop/10:9-16:9/101k/100681/162763661/100681_3243LH_IMG_03_0000_max_476x317.jpeg; https://media.rightmove.co.uk:443/dir/crop/10:9-16:9/101k/100681/162763661/100681_3243LH_IMG_04_0000_max_476x317.jpeg; https://media.rightmove.co.uk:443/dir/crop/10:9-16:9/101k/100681/162763661/100681_3243LH_IMG_05_0000_max_476x317.jpeg; https://media.rightmove.co.uk:443/dir/crop/10:9-16:9/101k/100681/162763661/100681_3243LH_IMG_06_0000_max_476x317.jpeg; https://media.rightmove.co.uk:443/dir/crop/10:9-16:9/101k/100681/162763661/100681_3243LH_IMG_07_0000_max_476x317.jpeg; https://media.rightmove.co.uk:443/dir/crop/10:9-16:9/101k/100681/162763661/100681_3243LH_IMG_08_0000_max_476x317.jpeg"
"151787489","Newcastle","Office","Studio I, Fenham Hall Studio Offices, Fenham Hall Drive, Newcastle Upon Tyne, Tyne and Wear, NE4 9YL","£1,654 pcm","From","","","The newly available Studio I comprises of First Floor open plan office accommodation which is part of a brand new conversion of a Grade II historic building featuring exposed timber trusses and available for immediate occupation. The premises extend to 1,250 sq. ft. (116.10 sq. m.) and benefit fr...","https://www.rightmove.co.uk/properties/151787489#/?channel=COM_LET","2024-08-28T09:17:43Z","","size_change","Marketed by Naylors Gavin Black LLP, Newcastle Upon Tyne","","54.982838","-1.656455","https://media.rightmove.co.uk:443/dir/crop/10:9-16:9/101k/100681/151787489/100681_3097LH_IMG_17_0000_max_476x317.jpeg; https://media.rightmove.co.uk:443/dir/crop/10:9-16:9/101k/100681/151787489/100681_3097LH_IMG_05_0000_max_476x317.jpeg; https://media.rightmove.co.uk:443/dir/crop/10:9-16:9/101k/100681/151787489/100681_3097LH_IMG_07_0000_max_476x317.jpeg; https://media.rightmove.co.uk:443/dir/crop/10:9-16:9/101k/100681/151787489/100681_3097LH_IMG_06_0000_max_476x317.jpeg; https://media.rightmove.co.uk:443/dir/crop/10:9-16:9/101k/100681/151787489/100681_3097LH_IMG_09_0000_max_476x317.jpeg; https://media.rightmove.co.uk:443/dir/crop/10:9-16:9/101k/100681/151787489/100681_3097LH_IMG_12_0000_max_476x317.jpeg; https://media.rightmove.co.uk:443/dir/crop/10:9-16:9/101k/100681/151787489/100681_3097LH_IMG_13_0000_max_476x317.jpeg; https://media.rightmove.co.uk:443/dir/crop/10:9-16:9/101k/100681/151787489/100681_3097LH_IMG_14_0000_max_476x317.jpeg; https://media.rightmove.co.uk:443/dir/crop/10:9-16:9/101k/100681/151787489/100681_3097LH_IMG_16_0000_max_476x317.jpeg; https://media.rightmove.co.uk:443/dir/crop/10:9-16:9/101k/100681/151787489/100681_3097LH_IMG_18_0000_max_476x317.jpeg"
"131395658","Newcastle","Commercial Property","Cameron House, Suite 4, East Wing, Pinetree Way, MetroCentre","£2,292 pcm","","","","Unit to let. First floor office space. Floor area circa 221.49 sq.m. (2,384.09 sq.ft.). New lease terms available. Well presented large open plan office space, located within the popular MetroCentre area. Excellent transport links. Lift access & communal lobby area. Suspended ceilings and recede...","https://www.rightmove.co.uk/properties/131395658#/?channel=COM_LET","2023-02-03T16:22:38Z","","price_reduced","Marketed by Rook Matthews Sayer, Newcastle Upon Tyne - Commercial Properties","","54.958679","-1.677807","https://media.rightmove.co.uk:443/dir/crop/10:9-16:9/property-photo/f3851a904/131395658/f3851a904303e987652bb123dd9ef8b2_max_476x317.jpeg; https://media.rightmove.co.uk:443/dir/crop/10:9-16:9/property-photo/48f9ca20f/131395658/48f9ca20f73a9342913d6a10db092264_max_476x317.jpeg; https://media.rightmove.co.uk:443/dir/crop/10:9-16:9/property-photo/6dde4e81a/131395658/6dde4e81a11c6c0bbcf3fda250a0b20b_max_476x317.jpeg; https://media.rightmove.co.uk:443/dir/crop/10:9-16:9/property-photo/d34c46862/131395658/d34c468621523f7fc203b1c52949a711_max_476x317.jpeg; https://media.rightmove.co.uk:443/dir/crop/10:9-16:9/property-photo/7635a71a4/131395658/7635a71a47bbe8d84ea947446ec44f5d_max_476x317.jpeg"
"162732176","Newcastle","Light Industrial","11 Noble Street Industrial Estate, Scotswood Road, Newcastle upon Tyne, Tyne and Wear, NE4","£1,563 pcm","","","","The property comprises a terraced industrial units of steel portal frame construction under a dual pitched roof which benefit from mains supplies of gas, electricity, water and drainage. Internally the unit benefits from strip fluorescent lighting and gas fired blower heating systems. The proper...","https://www.rightmove.co.uk/properties/162732176#/?channel=COM_LET","2025-06-02T14:34:39Z","","new","Marketed by Naylors Gavin Black LLP, Newcastle Upon Tyne","","54.964277","-1.643215","https://media.rightmove.co.uk:443/dir/crop/10:9-16:9/101k/100681/162732176/100681_3237LH_IMG_06_0000_max_476x317.jpeg; https://media.rightmove.co.uk:443/dir/crop/10:9-16:9/101k/100681/162732176/100681_3237LH_IMG_00_0000_max_476x317.jpeg; https://media.rightmove.co.uk:443/dir/crop/10:9-16:9/101k/100681/162732176/100681_3237LH_IMG_05_0000_max_476x317.jpeg"
"698589419121760","Newcastle","Retail Property (high street)","City Centre Retail/Workshop To Let at Arch 8, Arch 8, Forth Banks, Newcastle upon Tyne, NE1 3PG","£1,250 pcm","","","","City Centre Retail/Workshop To Let","https://www.rightmove.co.uk/properties/698589419121760#/?channel=COM_LET","2025-10-23T11:28:14Z","","new","Marketed by Sanderson Weatherall, Newcastle","","54.966229","-1.620012","https://media.rightmove.co.uk:443/dir/crop/10:9-16:9/262k/261938/698589419121760/261938_302274-2_IMG_00_0000_max_476x317.jpeg; https://media.rightmove.co.uk:443/dir/crop/10:9-16:9/262k/261938/698589419121760/261938_302274-2_IMG_01_0000_max_476x317.jpeg; https://media.rightmove.co.uk:443/dir/crop/10:9-16:9/262k/261938/698589419121760/261938_302274-2_IMG_02_0000_max_476x317.jpeg; https://media.rightmove.co.uk:443/dir/crop/10:9-16:9/262k/261938/698589419121760/261938_302274-2_IMG_03_0000_max_476x317.jpeg"
"159426194","Newcastle","Office","Brunswick Industrial Estate, Newcastle Upon Tyne, NE13","£220 pcm","Fixed Price","","","Office/storage to rent immediatelyClose to A1/A19On sites parkingSmall office: £220.00 pcm Large office: £300.00 pcm","https://www.rightmove.co.uk/properties/159426194#/?channel=COM_LET","2025-03-14T14:59:20Z","","new","Marketed by Yu Lets, Newcastle Upon Tyne","","55.0465","-1.64366","https://media.rightmove.co.uk:443/dir/crop/10:9-16:9/154k/153764/159426194/153764_office_IMG_00_0000_max_476x317.jpeg; https://media.rightmove.co.uk:443/dir/crop/10:9-16:9/154k/153764/159426194/153764_office_IMG_01_0000_max_476x317.jpeg; https://media.rightmove.co.uk:443/dir/crop/10:9-16:9/154k/153764/159426194/153764_office_IMG_08_0000_max_476x317.jpeg; https://media.rightmove.co.uk:443/dir/crop/10:9-16:9/154k/153764/159426194/153764_office_IMG_04_0000_max_476x317.jpeg; https://media.rightmove.co.uk:443/dir/crop/10:9-16:9/154k/153764/159426194/153764_office_IMG_05_0000_max_476x317.jpeg; https://media.rightmove.co.uk:443/dir/crop/10:9-16:9/154k/153764/159426194/153764_office_IMG_06_0000_max_476x317.jpeg; https://media.rightmove.co.uk:443/dir/crop/10:9-16:9/154k/153764/159426194/153764_office_IMG_07_0000_max_476x317.jpeg"
"162598688","Newcastle","Shop","Denton Park Shopping Centre, West Denton, Newcastle Upon Tyne, NE5","£1,416 pcm","","","","The property is located approximately five miles northwest of Newcastle City Centre, positioned within a busy retail parade adjacent to the Morrisons Shopping Centre. A new Leisure Centre is currently under development nearby, which will offer a range of facilities including swimming p...","https://www.rightmove.co.uk/properties/162598688#/?channel=COM_LET","2025-05-29T17:31:50Z","","new","Marketed by Bradley Hall, Newcastle Upon Tyne","","54.993026","-1.699257","https://media.rightmove.co.uk:443/dir/crop/10:9-16:9/283k/282893/162598688/282893_CMR250065_L_IMG_00_0000_max_476x317.jpeg"
"162374960","Newcastle","Industrial Development","Bellway Industrial Estate, Longbenton, Tyne and Wear, NE12 9SW","POA","","","","Terraced Workshop Unit Measuring 351 m² (3,768 sq ft) Quoting Rent £27540.00  GENERAL Unit 11 benefits from the following specification: Steel portal frame construction providing open plan storage / production space Brick/blockwork to dado level with insulated steel cladding to ...","https://www.rightmove.co.uk/properties/162374960#/?channel=COM_LET","2025-05-23T15:45:46Z","","new","Marketed by Knight Frank, Newcastle - Commercial","","55.016355","-1.551374","https://media.rightmove.co.uk:443/dir/crop/10:9-16:9/property-photo/755045ff2/162374960/755045ff265610ec44f5e4ee712c0f6c_max_476x317.jpeg; https://media.rightmove.co.uk:443/dir/crop/10:9-16:9/property-photo/76778bb07/162374960/76778bb07624bf1f55fa9ba828a20876_max_476x317.jpeg; https://media.rightmove.co.uk:443/dir/crop/10:9-16:9/property-photo/aba6bdba0/162374960/aba6bdba0ae1423a8724b10c830d60ef_max_476x317.jpeg; https://media.rightmove.co.uk:443/dir/crop/10:9-16:9/property-photo/855a131fb/162374960/855a131fba1210cce394f62ade648e44_max_476x317.jpeg"
"121686437","Newcastle","Office","High Bridge Works, Newcastle Upon Tyne, Tyne And Wear, NE1","£5,210 pcm","","","","TO LET - CONTEMPORARY STYLE OFFICE ACCOMMODATION - PROMINENT CITY CENTRE LOCATIO High Bridge works opened in 2011 and the majority of occupiers within the building include artists or makers and a wider constituency of creative and digital business. The subject office suites are located on the ...","https://www.rightmove.co.uk/properties/121686437#/?channel=COM_LET","2022-03-29T14:18:27Z","","size_change","Marketed by Naylors Gavin Black LLP, Newcastle Upon Tyne","","54.971809","-1.612827","https://media.rightmove.co.uk:443/dir/crop/10:9-16:9/property-photo/2edf678c7/121686437/2edf678c7751dfb5253e39e0937e1852_max_476x317.jpeg; https://media.rightmove.co.uk:443/dir/crop/10:9-16:9/property-photo/42ef60fe1/121686437/42ef60fe16ce81ca170874d7b966c384_max_476x317.jpeg; https://media.rightmove.co.uk:443/dir/crop/10:9-16:9/property-photo/cfe68d041/121686437/cfe68d041a265ae4e551f3b1fa0c44d3_max_476x317.jpeg; https://media.rightmove.co.uk:443/dir/crop/10:9-16:9/property-photo/b7c2565fa/121686437/b7c2565faf96ebd8f0ec11d58c5ff613_max_476x317.jpeg; https://media.rightmove.co.uk:443/dir/crop/10:9-16:9/property-photo/50edfe13b/121686437/50edfe13bf57370b12b23ac514410f27_max_476x317.jpeg; https://media.rightmove.co.uk:443/dir/crop/10:9-16:9/property-photo/87552298a/121686437/87552298abfb9b1a87155b0ad10c9641_max_476x317.jpeg; https://media.rightmove.co.uk:443/dir/crop/10:9-16:9/property-photo/9ff184bb1/121686437/9ff184bb105188004906e69df9d16b1c_max_476x317.jpeg"
"698589389762976","Newcastle","Retail Property (high street)","Retail Unit To Let on Westmorland Road, 10 Cruddas Park Shopping Centre, Westmorland Road, Newcastle upon Tyne, NE4 7QY","£1,042 pcm","","","","Retail Unit To Let","https://www.rightmove.co.uk/properties/698589389762976#/?channel=COM_LET","2025-10-23T11:28:17Z","","new","Marketed by Sanderson Weatherall, Newcastle","","54.965775","-1.636335","https://media.rightmove.co.uk:443/dir/crop/10:9-16:9/262k/261938/698589389762976/261938_301519-2_IMG_00_0000_max_476x317.jpeg; https://media.rightmove.co.uk:443/dir/crop/10:9-16:9/262k/261938/698589389762976/261938_301519-2_IMG_01_0000_max_476x317.jpeg; https://media.rightmove.co.uk:443/dir/crop/10:9-16:9/262k/261938/698589389762976/261938_301519-2_IMG_02_0000_max_476x317.jpeg; https://media.rightmove.co.uk:443/dir/crop/10:9-16:9/262k/261938/698589389762976/261938_301519-2_IMG_03_0000_max_476x317.jpeg"
"698589385571889","Newcastle","Commercial Property","Fully Fitted Restaurant To Let on Quayside, The Silk Room Unit 1, Trinity Gardens, Newcastle upon Tyne, NE1 2HF","£2,021 pcm","","","","Fully Fitted Restaurant To Let","https://www.rightmove.co.uk/properties/698589385571889#/?channel=COM_LET","2025-10-23T11:28:13Z","","new","Marketed by Sanderson Weatherall, Newcastle","","54.970665","-1.604741","https://media.rightmove.co.uk:443/dir/crop/10:9-16:9/property-photo/6e5265016/698589385571889/6e5265016a115de8f63353540b431ce1_max_476x317.png; https://media.rightmove.co.uk:443/dir/crop/10:9-16:9/property-photo/3d69b7f34/698589385571889/3d69b7f34f1899e8b4c863a71f36fd10_max_476x317.jpeg; https://media.rightmove.co.uk:443/dir/crop/10:9-16:9/property-photo/824af94bc/698589385571889/824af94bc28538f39d8e042d5c4730f0_max_476x317.jpeg; https://media.rightmove.co.uk:443/dir/crop/10:9-16:9/property-photo/aa245ed5f/698589385571889/aa245ed5fa55b4b9edb0d04b17d355c7_max_476x317.jpeg; https://media.rightmove.co.uk:443/dir/crop/10:9-16:9/property-photo/b17c2b3fa/698589385571889/b17c2b3faf12dae9647e64756ab790e3_max_476x317.jpeg"
"153630122","Newcastle","Office","Citygate II, St James Boulevard, Newcastle Upon Tyne, NE1 4JE","£3,955 pcm","","","","Grade A Fully Fitted Office Suite - Available Now United Kingdom","https://www.rightmove.co.uk/properties/153630122#/?channel=COM_LET","2024-10-11T08:02:05Z","","size_change","Marketed by Savills, Newcastle - Offices","","54.972449","-1.621475","https://media.rightmove.co.uk:443/dir/crop/10:9-16:9/82k/81666/153630122/81666_226549-2_IMG_00_0000_max_476x317.jpeg; https://media.rightmove.co.uk:443/dir/crop/10:9-16:9/82k/81666/153630122/81666_226549-2_IMG_01_0001_max_476x317.jpeg; https://media.rightmove.co.uk:443/dir/crop/10:9-16:9/82k/81666/153630122/81666_226549-2_IMG_03_0001_max_476x317.jpeg; https://media.rightmove.co.uk:443/dir/crop/10:9-16:9/82k/81666/153630122/81666_226549-2_IMG_02_0001_max_476x317.jpeg; https://media.rightmove.co.uk:443/dir/crop/10:9-16:9/82k/81666/153630122/81666_226549-2_IMG_10_0000_max_476x317.jpeg; https://media.rightmove.co.uk:443/dir/crop/10:9-16:9/82k/81666/153630122/81666_226549-2_IMG_15_0000_max_476x317.jpeg; https://media.rightmove.co.uk:443/dir/crop/10:9-16:9/82k/81666/153630122/81666_226549-2_IMG_16_0000_max_476x317.jpeg; https://media.rightmove.co.uk:443/dir/crop/10:9-16:9/82k/81666/153630122/81666_226549-2_IMG_18_0000_max_476x317.jpeg; https://media.rightmove.co.uk:443/dir/crop/10:9-16:9/82k/81666/153630122/81666_226549-2_IMG_17_0000_max_476x317.jpeg; https://media.rightmove.co.uk:443/dir/crop/10:9-16:9/82k/81666/153630122/81666_226549-2_IMG_19_0000_max_476x317.jpeg; https://media.rightmove.co.uk:443/dir/crop/10:9-16:9/82k/81666/153630122/81666_226549-2_IMG_20_0000_max_476x317.jpeg; https://media.rightmove.co.uk:443/dir/crop/10:9-16:9/82k/81666/153630122/81666_226549-2_IMG_21_0000_max_476x317.jpeg; https://media.rightmove.co.uk:443/dir/crop/10:9-16:9/82k/81666/153630122/81666_226549-2_IMG_22_0000_max_476x317.jpeg"
"161985980","Newcastle","Office","41-51 Grey Street, Newcastle upon Tyne, NE1 6EE","£4,402 pcm","From","","","41-51 Grey Street provides a multi-let five storey office building with the available accommodation on the 3rd and 4th floors.","https://www.rightmove.co.uk/properties/161985980#/?channel=COM_LET","2025-05-15T13:12:16Z","","size_change","Marketed by BNP Paribas Real Estate Advisory & Property Management UK Limited, Newcastle","","54.971553","-1.61178","https://media.rightmove.co.uk:443/dir/crop/10:9-16:9/242k/241244/161985980/241244_299406-2_IMG_00_0000_max_476x317.jpeg; https://media.rightmove.co.uk:443/dir/crop/10:9-16:9/242k/241244/161985980/241244_299406-2_IMG_01_0000_max_476x317.jpeg; https://media.rightmove.co.uk:443/dir/crop/10:9-16:9/242k/241244/161985980/241244_299406-2_IMG_02_0000_max_476x317.jpeg; https://media.rightmove.co.uk:443/dir/crop/10:9-16:9/242k/241244/161985980/241244_299406-2_IMG_03_0000_max_476x317.jpeg; https://media.rightmove.co.uk:443/dir/crop/10:9-16:9/242k/241244/161985980/241244_299406-2_IMG_04_0000_max_476x317.jpeg; https://media.rightmove.co.uk:443/dir/crop/10:9-16:9/242k/241244/161985980/241244_299406-2_IMG_05_0000_max_476x317.jpeg"
"161974871","Newcastle","Office","The Former Squash Court, Gosforth, NE3","£1,666 pcm","","","","A unique opportunity to lease versatile commercial premises in the heart of Gosforth, ideally suited for retail, leisure, or fitness use. Formerly operating as a squash court, the property offers open-plan space spread across three upper floors (first, second, and third), allowing for flexible co...","https://www.rightmove.co.uk/properties/161974871#/?channel=COM_LET","2025-05-15T11:07:33Z","","new","Marketed by Bradley Hall, Newcastle Upon Tyne","","54.995836","-1.627607","https://media.rightmove.co.uk:443/dir/crop/10:9-16:9/283k/282893/161974871/282893_CMR250047_L_IMG_00_0000_max_476x317.jpeg; https://media.rightmove.co.uk:443/dir/crop/10:9-16:9/283k/282893/161974871/282893_CMR250047_L_IMG_01_0000_max_476x317.jpeg; https://media.rightmove.co.uk:443/dir/crop/10:9-16:9/283k/282893/161974871/282893_CMR250047_L_IMG_02_0000_max_476x317.jpeg; https://media.rightmove.co.uk:443/dir/crop/10:9-16:9/283k/282893/161974871/282893_CMR250047_L_IMG_03_0000_max_476x317.jpeg"
"168685754","Newcastle","Leisure Facility","Quayside, Newcastle upon Tyne, Tyne and Wear, NE1 3DX","POA","","","","Former Restaurant Premises in a Prominent Location on Newcastle Quayside Quoting Rent £95000 Formerly Gusto, the property has a layout commensurate with an established restaurant operation but could be suitable for a range of alternative uses, subject to planning and other releva...","https://www.rightmove.co.uk/properties/168685754#/?channel=COM_LET","2025-10-28T09:39:47Z","","new","Marketed by Knight Frank, Newcastle - Commercial","","54.970937","-1.599722","https://media.rightmove.co.uk:443/dir/crop/10:9-16:9/156k/155516/168685754/155516_NCC012553056_IMG_00_0000_max_476x317.jpeg; https://media.rightmove.co.uk:443/dir/crop/10:9-16:9/156k/155516/168685754/155516_NCC012553056_IMG_01_0000_max_476x317.jpeg; https://media.rightmove.co.uk:443/dir/crop/10:9-16:9/156k/155516/168685754/155516_NCC012553056_IMG_02_0000_max_476x317.jpeg"
"155837258","Newcastle","Storage","Unit 10 & 35, Back Goldspink Lane, Newcastle Upon Tyne, NE2","£1,000 pcm","","","","Location The unit is located on Back Goldspink Road which is a busy industrial road with many operators. This is a busy residential area as well with many students. Description The property compromises of a brick built garage with a large industrial area on the ground floor...","https://www.rightmove.co.uk/properties/155837258#/?channel=COM_LET","2024-12-10T17:16:36Z","","price_reduced","Marketed by Bradley Hall, Newcastle Upon Tyne","","54.983149","-1.596434","https://media.rightmove.co.uk:443/dir/crop/10:9-16:9/283k/282893/155837258/282893_NUT240278_L_IMG_00_0000_max_476x317.jpeg; https://media.rightmove.co.uk:443/dir/crop/10:9-16:9/283k/282893/155837258/282893_NUT240278_L_IMG_01_0000_max_476x317.jpeg; https://media.rightmove.co.uk:443/dir/crop/10:9-16:9/283k/282893/155837258/282893_NUT240278_L_IMG_02_0000_max_476x317.jpeg; https://media.rightmove.co.uk:443/dir/crop/10:9-16:9/283k/282893/155837258/282893_NUT240278_L_IMG_03_0000_max_476x317.jpeg; https://media.rightmove.co.uk:443/dir/crop/10:9-16:9/283k/282893/155837258/282893_NUT240278_L_IMG_04_0000_max_476x317.jpeg"
"160114607","Newcastle","Office","Saville Place, Newcastle Upon Tyne, NE1","£583 pcm","","","","The property is situated within Newcastle City Centre on Saville Place just a short distance from the City’s retail core including the renowned Northumberland Street and Eldon Square. The accommodation lies immediately adjacent to the Northumbria University City Campus whilst the A167 (M) p...","https://www.rightmove.co.uk/properties/160114607#/?channel=COM_LET","2025-04-01T17:11:30Z","","size_change","Marketed by Bradley Hall, Newcastle Upon Tyne","","54.976081","-1.609569","https://media.rightmove.co.uk:443/dir/crop/10:9-16:9/283k/282893/160114607/282893_CMR250018_L_IMG_00_0000_max_476x317.jpeg; https://media.rightmove.co.uk:443/dir/crop/10:9-16:9/283k/282893/160114607/282893_CMR250018_L_IMG_01_0000_max_476x317.jpeg; https://media.rightmove.co.uk:443/dir/crop/10:9-16:9/283k/282893/160114607/282893_CMR250018_L_IMG_02_0000_max_476x317.jpeg"
"157022555","Newcastle","Office","6 Saville Place , 6 Saville Place , Newcastle Upon Tyne, Tyne and Wear, NE1 8DQ","£560 pcm","From","","","The property has recently undergone a comprehensive refurbishment, is arranged over ground, first, second and third floors. The third floor is available by a new lease and has the following specification: -	Newly decorated -	Carpeted floors -	LED lighting -	Own WC Facility Car parking is av...","https://www.rightmove.co.uk/properties/157022555#/?channel=COM_LET","2025-01-17T14:40:38Z","","size_change","Marketed by Naylors Gavin Black LLP, Newcastle Upon Tyne","","54.976093","-1.609598","https://media.rightmove.co.uk:443/dir/crop/10:9-16:9/101k/100681/157022555/100681_3187LH_IMG_00_0000_max_476x317.jpeg; https://media.rightmove.co.uk:443/dir/crop/10:9-16:9/101k/100681/157022555/100681_3187LH_IMG_06_0000_max_476x317.jpeg; https://media.rightmove.co.uk:443/dir/crop/10:9-16:9/101k/100681/157022555/100681_3187LH_IMG_01_0000_max_476x317.jpeg; https://media.rightmove.co.uk:443/dir/crop/10:9-16:9/101k/100681/157022555/100681_3187LH_IMG_07_0000_max_476x317.jpeg; https://media.rightmove.co.uk:443/dir/crop/10:9-16:9/101k/100681/157022555/100681_3187LH_IMG_02_0000_max_476x317.jpeg; https://media.rightmove.co.uk:443/dir/crop/10:9-16:9/101k/100681/157022555/100681_3187LH_IMG_03_0000_max_476x317.jpeg; https://media.rightmove.co.uk:443/dir/crop/10:9-16:9/101k/100681/157022555/100681_3187LH_IMG_04_0000_max_476x317.jpeg; https://media.rightmove.co.uk:443/dir/crop/10:9-16:9/101k/100681/157022555/100681_3187LH_IMG_05_0000_max_476x317.jpeg"
"161752430","Newcastle","Shop","Nun Street, Newcastle Upon Tyne, NE1","£3,750 pcm","","","","The property is located on Nun Street in the heart of Newcastle upon Tyne which is a popular location for leisure operators. The property is just a short walk from a number of famous landmarks including Grey’s Monument, Grainger Market and Grey Street. The property is well conne...","https://www.rightmove.co.uk/properties/161752430#/?channel=COM_LET","2025-05-09T16:03:17Z","","new","Marketed by Bradley Hall, Newcastle Upon Tyne","","54.972049","-1.61529","https://media.rightmove.co.uk:443/dir/crop/10:9-16:9/283k/282893/161752430/282893_CMR250049_L_IMG_00_0000_max_476x317.jpeg; https://media.rightmove.co.uk:443/dir/crop/10:9-16:9/283k/282893/161752430/282893_CMR250049_L_IMG_01_0000_max_476x317.jpeg; https://media.rightmove.co.uk:443/dir/crop/10:9-16:9/283k/282893/161752430/282893_CMR250049_L_IMG_02_0000_max_476x317.jpeg"
"161741528","Newcastle","Commercial Property","Westmorland Road, Newcastle Upon Tyne NE4","POA","","38","1","For Lease: Summerhill House 38-Bedroom Multi-Unit Property 214 216 Westmorland Road, Newcastle upon Tyne, NE4 6QZ Presented by Lightning Estates","https://www.rightmove.co.uk/properties/161741528#/?channel=COM_LET","2025-05-09T14:15:57Z","","new","Marketed by Lightning Estates, Gateshead","","54.96691","-1.635381","https://media.rightmove.co.uk:443/dir/crop/10:9-16:9/265k/264578/161741528/264578_408_LIGE_IMG_00_0000_max_476x317.jpeg; https://media.rightmove.co.uk:443/dir/crop/10:9-16:9/265k/264578/161741528/264578_408_LIGE_IMG_01_0000_max_476x317.jpeg; https://media.rightmove.co.uk:443/dir/crop/10:9-16:9/265k/264578/161741528/264578_408_LIGE_IMG_02_0000_max_476x317.jpeg; https://media.rightmove.co.uk:443/dir/crop/10:9-16:9/265k/264578/161741528/264578_408_LIGE_IMG_03_0000_max_476x317.jpeg; https://media.rightmove.co.uk:443/dir/crop/10:9-16:9/265k/264578/161741528/264578_408_LIGE_IMG_04_0000_max_476x317.jpeg; https://media.rightmove.co.uk:443/dir/crop/10:9-16:9/265k/264578/161741528/264578_408_LIGE_IMG_05_0000_max_476x317.jpeg; https://media.rightmove.co.uk:443/dir/crop/10:9-16:9/265k/264578/161741528/264578_408_LIGE_IMG_06_0000_max_476x317.jpeg; https://media.rightmove.co.uk:443/dir/crop/10:9-16:9/265k/264578/161741528/264578_408_LIGE_IMG_07_0000_max_476x317.jpeg; https://media.rightmove.co.uk:443/dir/crop/10:9-16:9/265k/264578/161741528/264578_408_LIGE_IMG_08_0000_max_476x317.jpeg; https://media.rightmove.co.uk:443/dir/crop/10:9-16:9/265k/264578/161741528/264578_408_LIGE_IMG_09_0000_max_476x317.jpeg; https://media.rightmove.co.uk:443/dir/crop/10:9-16:9/265k/264578/161741528/264578_408_LIGE_IMG_10_0000_max_476x317.jpeg"
"161684120","Newcastle","Serviced Office","Alderman Fenwick's House, Pilgrim Street, Newcastle Upon Tyne, NE1","£767 pcm","From","","","Prominently located on Pilgrim Street next to the landmark Bank House development, occupants benefit from a thriving business location in a Grade 1 listed building. ","https://www.rightmove.co.uk/properties/161684120#/?channel=COM_LET","2025-05-08T15:19:23Z","","new","Marketed by CENTRAL SPACE LIMITED, Head Office","","54.97171","-1.61053","https://media.rightmove.co.uk:443/dir/crop/10:9-16:9/81k/80268/161684120/80268_AF004_IMG_01_0000_max_476x317.jpeg; https://media.rightmove.co.uk:443/dir/crop/10:9-16:9/81k/80268/161684120/80268_AF004_IMG_10_0000_max_476x317.jpeg; https://media.rightmove.co.uk:443/dir/crop/10:9-16:9/81k/80268/161684120/80268_AF004_IMG_00_0000_max_476x317.jpeg; https://media.rightmove.co.uk:443/dir/crop/10:9-16:9/81k/80268/161684120/80268_AF004_IMG_02_0000_max_476x317.jpeg; https://media.rightmove.co.uk:443/dir/crop/10:9-16:9/81k/80268/161684120/80268_AF004_IMG_03_0000_max_476x317.jpeg; https://media.rightmove.co.uk:443/dir/crop/10:9-16:9/81k/80268/161684120/80268_AF004_IMG_04_0000_max_476x317.jpeg; https://media.rightmove.co.uk:443/dir/crop/10:9-16:9/81k/80268/161684120/80268_AF004_IMG_05_0000_max_476x317.jpeg; https://media.rightmove.co.uk:443/dir/crop/10:9-16:9/81k/80268/161684120/80268_AF004_IMG_06_0000_max_476x317.jpeg; https://media.rightmove.co.uk:443/dir/crop/10:9-16:9/81k/80268/161684120/80268_AF004_IMG_07_0000_max_476x317.jpeg; https://media.rightmove.co.uk:443/dir/crop/10:9-16:9/81k/80268/161684120/80268_AF004_IMG_08_0000_max_476x317.jpeg; https://media.rightmove.co.uk:443/dir/crop/10:9-16:9/81k/80268/161684120/80268_AF004_IMG_09_0000_max_476x317.jpeg; https://media.rightmove.co.uk:443/dir/crop/10:9-16:9/81k/80268/161684120/80268_AF004_IMG_11_0000_max_476x317.jpeg; https://media.rightmove.co.uk:443/dir/crop/10:9-16:9/81k/80268/161684120/80268_AF004_IMG_12_0000_max_476x317.jpeg"
"161530940","Newcastle","Shop","Stack Newcastle, Worswick Chambers, NE1","£1,666 pcm","","","","STACK represents a versatile leisure venue concept that takes shape through repurposed shipping containers or by transforming expansive retail units. Each of our dynamic venues offers a delightful fusion of independent street food vendors and an exciting lineup of events and live entertainme...","https://www.rightmove.co.uk/properties/161530940#/?channel=COM_LET","2025-05-06T09:39:42Z","","new","Marketed by Bradley Hall, Newcastle Upon Tyne","","54.972203","-1.609852","https://media.rightmove.co.uk:443/dir/crop/10:9-16:9/property-photo/1b157c2fd/161530940/1b157c2fd3ccd645ba1d8b2812a23455_max_476x317.jpeg; https://media.rightmove.co.uk:443/dir/crop/10:9-16:9/property-photo/e51759cd9/161530940/e51759cd9c7b39e93a7fb5a11586ab92_max_476x317.jpeg"
"161408972","Newcastle","Shop","Shields Road,, Byker,, Newcastle Upon Tyne,, NE6","£666 pcm","","","","LOCATION The subject property is conveniently located on Shields Road in the Byker suburb of Newcastle upon Tyne. Shields Road primarily serves as a retail area which is also in close proximity to densely populated residential areas making the property ideal for retail use. The p...","https://www.rightmove.co.uk/properties/161408972#/?channel=COM_LET","2025-05-01T20:08:10Z","","new","Marketed by Bradley Hall, Newcastle Upon Tyne","","54.976301","-1.587489","https://media.rightmove.co.uk:443/dir/crop/10:9-16:9/283k/282893/161408972/282893_NUT230182_L_IMG_00_0000_max_476x317.jpeg; https://media.rightmove.co.uk:443/dir/crop/10:9-16:9/283k/282893/161408972/282893_NUT230182_L_IMG_01_0000_max_476x317.jpeg; https://media.rightmove.co.uk:443/dir/crop/10:9-16:9/283k/282893/161408972/282893_NUT230182_L_IMG_02_0000_max_476x317.jpeg; https://media.rightmove.co.uk:443/dir/crop/10:9-16:9/283k/282893/161408972/282893_NUT230182_L_IMG_03_0000_max_476x317.jpeg; https://media.rightmove.co.uk:443/dir/crop/10:9-16:9/283k/282893/161408972/282893_NUT230182_L_IMG_04_0000_max_476x317.jpeg; https://media.rightmove.co.uk:443/dir/crop/10:9-16:9/283k/282893/161408972/282893_NUT230182_L_IMG_05_0000_max_476x317.jpeg"
"161369339","Newcastle","Office","The Spire, Pilgrim Street, Newcastle Upon Tyne, North East, NE1","POA","","","","Newly refurbished to provide occupiers with high end office space and premium business facilities, the Spire offers unrivalled amenities for occupiers and visitors alike including a Barista station, business lounge and fully managed reception. The Spire comprises 38,566 sq ft of Grade A plus off...","https://www.rightmove.co.uk/properties/161369339#/?channel=COM_LET","2025-05-01T11:44:01Z","","new","Marketed by Lambert Smith Hampton, Newcastle","","54.970086","-1.607563","https://media.rightmove.co.uk:443/dir/crop/10:9-16:9/183k/182546/161369339/182546_2072163LH_IMG_00_0000_max_476x317.jpeg; https://media.rightmove.co.uk:443/dir/crop/10:9-16:9/183k/182546/161369339/182546_2072163LH_IMG_01_0000_max_476x317.jpeg; https://media.rightmove.co.uk:443/dir/crop/10:9-16:9/183k/182546/161369339/182546_2072163LH_IMG_05_0000_max_476x317.jpeg; https://media.rightmove.co.uk:443/dir/crop/10:9-16:9/183k/182546/161369339/182546_2072163LH_IMG_09_0000_max_476x317.jpeg; https://media.rightmove.co.uk:443/dir/crop/10:9-16:9/183k/182546/161369339/182546_2072163LH_IMG_08_0000_max_476x317.jpeg; https://media.rightmove.co.uk:443/dir/crop/10:9-16:9/183k/182546/161369339/182546_2072163LH_IMG_02_0000_max_476x317.jpeg; https://media.rightmove.co.uk:443/dir/crop/10:9-16:9/183k/182546/161369339/182546_2072163LH_IMG_04_0000_max_476x317.jpeg; https://media.rightmove.co.uk:443/dir/crop/10:9-16:9/183k/182546/161369339/182546_2072163LH_IMG_06_0000_max_476x317.jpeg; https://media.rightmove.co.uk:443/dir/crop/10:9-16:9/183k/182546/161369339/182546_2072163LH_IMG_07_0000_max_476x317.jpeg; https://media.rightmove.co.uk:443/dir/crop/10:9-16:9/183k/182546/161369339/182546_2072163LH_IMG_10_0000_max_476x317.jpeg; https://media.rightmove.co.uk:443/dir/crop/10:9-16:9/183k/182546/161369339/182546_2072163LH_IMG_11_0000_max_476x317.jpeg; https://media.rightmove.co.uk:443/dir/crop/10:9-16:9/183k/182546/161369339/182546_2072163LH_IMG_12_0000_max_476x317.jpeg; https://media.rightmove.co.uk:443/dir/crop/10:9-16:9/183k/182546/161369339/182546_2072163LH_IMG_13_0000_max_476x317.jpeg; https://media.rightmove.co.uk:443/dir/crop/10:9-16:9/183k/182546/161369339/182546_2072163LH_IMG_14_0000_max_476x317.jpeg; https://media.rightmove.co.uk:443/dir/crop/10:9-16:9/183k/182546/161369339/182546_2072163LH_IMG_15_0000_max_476x317.jpeg; https://media.rightmove.co.uk:443/dir/crop/10:9-16:9/183k/182546/161369339/182546_2072163LH_IMG_16_0000_max_476x317.jpeg; https://media.rightmove.co.uk:443/dir/crop/10:9-16:9/183k/182546/161369339/182546_2072163LH_IMG_17_0000_max_476x317.jpeg; https://media.rightmove.co.uk:443/dir/crop/10:9-16:9/183k/182546/161369339/182546_2072163LH_IMG_18_0000_max_476x317.jpeg; https://media.rightmove.co.uk:443/dir/crop/10:9-16:9/183k/182546/161369339/182546_2072163LH_IMG_19_0000_max_476x317.jpeg; https://media.rightmove.co.uk:443/dir/crop/10:9-16:9/183k/182546/161369339/182546_2072163LH_IMG_20_0000_max_476x317.jpeg; https://media.rightmove.co.uk:443/dir/crop/10:9-16:9/183k/182546/161369339/182546_2072163LH_IMG_21_0000_max_476x317.jpeg; https://media.rightmove.co.uk:443/dir/crop/10:9-16:9/183k/182546/161369339/182546_2072163LH_IMG_22_0000_max_476x317.jpeg; https://media.rightmove.co.uk:443/dir/crop/10:9-16:9/183k/182546/161369339/182546_2072163LH_IMG_23_0000_max_476x317.jpeg; https://media.rightmove.co.uk:443/dir/crop/10:9-16:9/183k/182546/161369339/182546_2072163LH_IMG_24_0000_max_476x317.jpeg; https://media.rightmove.co.uk:443/dir/crop/10:9-16:9/183k/182546/161369339/182546_2072163LH_IMG_25_0000_max_476x317.jpeg; https://media.rightmove.co.uk:443/dir/crop/10:9-16:9/183k/182546/161369339/182546_2072163LH_IMG_26_0000_max_476x317.jpeg; https://media.rightmove.co.uk:443/dir/crop/10:9-16:9/183k/182546/161369339/182546_2072163LH_IMG_27_0000_max_476x317.jpeg; https://media.rightmove.co.uk:443/dir/crop/10:9-16:9/183k/182546/161369339/182546_2072163LH_IMG_28_0000_max_476x317.jpeg; https://media.rightmove.co.uk:443/dir/crop/10:9-16:9/183k/182546/161369339/182546_2072163LH_IMG_29_0000_max_476x317.jpeg"
"152777735","Newcastle","Office","125 New Bridge Street, Newcastle Upon Tyne, North East, NE1","£1,250 pcm","","","","The subject property is a semi-detached office building that benefits from its own onsite car parking. Inside, the property offers a fully self-contained space, primarily comprising cellular office accommodation spread across three floors. Additionally, there is a workshop located at the rear of ...","https://www.rightmove.co.uk/properties/152777735#/?channel=COM_LET","2024-09-23T09:20:24Z","","price_reduced","Marketed by Lambert Smith Hampton, Newcastle","","54.974648","-1.601004","https://media.rightmove.co.uk:443/dir/crop/10:9-16:9/183k/182546/152777735/182546_2057154LH_IMG_00_0000_max_476x317.jpeg; https://media.rightmove.co.uk:443/dir/crop/10:9-16:9/183k/182546/152777735/182546_2057154LH_IMG_01_0000_max_476x317.jpeg; https://media.rightmove.co.uk:443/dir/crop/10:9-16:9/183k/182546/152777735/182546_2057154LH_IMG_02_0000_max_476x317.jpeg; https://media.rightmove.co.uk:443/dir/crop/10:9-16:9/183k/182546/152777735/182546_2057154LH_IMG_03_0000_max_476x317.jpeg; https://media.rightmove.co.uk:443/dir/crop/10:9-16:9/183k/182546/152777735/182546_2057154LH_IMG_04_0000_max_476x317.jpeg; https://media.rightmove.co.uk:443/dir/crop/10:9-16:9/183k/182546/152777735/182546_2057154LH_IMG_05_0000_max_476x317.jpeg; https://media.rightmove.co.uk:443/dir/crop/10:9-16:9/183k/182546/152777735/182546_2057154LH_IMG_06_0000_max_476x317.jpeg; https://media.rightmove.co.uk:443/dir/crop/10:9-16:9/183k/182546/152777735/182546_2057154LH_IMG_07_0000_max_476x317.jpeg"
"161238440","Newcastle","Office","33 Grey Street, Newcastle Upon Tyne, NE1","£2,083 pcm","","","","33 Grey Street is prominently situated in Newcastle City Centre's Business District. Grey Street is one of the city’s most sought-after addresses, known for its distinguished character and excellent central positioning. This prestigious building offers a prime business location, combining t...","https://www.rightmove.co.uk/properties/161238440#/?channel=COM_LET","2025-04-28T18:47:56Z","","size_change","Marketed by Bradley Hall, Newcastle Upon Tyne","","54.971499","-1.61173","https://media.rightmove.co.uk:443/dir/crop/10:9-16:9/283k/282893/161238440/282893_CMR250044_L_IMG_04_0000_max_476x317.jpeg; https://media.rightmove.co.uk:443/dir/crop/10:9-16:9/283k/282893/161238440/282893_CMR250044_L_IMG_05_0002_max_476x317.jpeg; https://media.rightmove.co.uk:443/dir/crop/10:9-16:9/283k/282893/161238440/282893_CMR250044_L_IMG_06_0000_max_476x317.jpeg; https://media.rightmove.co.uk:443/dir/crop/10:9-16:9/283k/282893/161238440/282893_CMR250044_L_IMG_07_0000_max_476x317.jpeg; https://media.rightmove.co.uk:443/dir/crop/10:9-16:9/283k/282893/161238440/282893_CMR250044_L_IMG_08_0000_max_476x317.jpeg"
"698587768666160","Newcastle","Retail Property (high street)","Prominent Retail Unit To Let in Heaton 79/81, 79/81 Stephenson Road, High Heaton, Newcastle upon Tyne, NE7 7SA","£1,250 pcm","","","","Prominent Retail Unit To Let","https://www.rightmove.co.uk/properties/698587768666160#/?channel=COM_LET","2025-10-23T11:28:16Z","","new","Marketed by Sanderson Weatherall, Newcastle","","54.992541","-1.580471","https://media.rightmove.co.uk:443/dir/crop/10:9-16:9/262k/261938/698587768666160/261938_296068-2_IMG_00_0000_max_476x317.jpeg; https://media.rightmove.co.uk:443/dir/crop/10:9-16:9/262k/261938/698587768666160/261938_296068-2_IMG_01_0000_max_476x317.jpeg; https://media.rightmove.co.uk:443/dir/crop/10:9-16:9/262k/261938/698587768666160/261938_296068-2_IMG_02_0000_max_476x317.jpeg; https://media.rightmove.co.uk:443/dir/crop/10:9-16:9/262k/261938/698587768666160/261938_296068-2_IMG_03_0000_max_476x317.jpeg"
"698587764243409","Newcastle","Retail Property (high street)","Retail Unit To Let in Shieldfield, 260 St. Anns Close, Newcastle upon Tyne, NE1 2QX","£542 pcm","","","","Retail Unit To Let","https://www.rightmove.co.uk/properties/698587764243409#/?channel=COM_LET","2025-10-23T11:28:13Z","","new","Marketed by Sanderson Weatherall, Newcastle","","54.973768","-1.596259","https://media.rightmove.co.uk:443/dir/crop/10:9-16:9/262k/261938/698587764243409/261938_296011-2_IMG_00_0000_max_476x317.jpeg; https://media.rightmove.co.uk:443/dir/crop/10:9-16:9/262k/261938/698587764243409/261938_296011-2_IMG_01_0000_max_476x317.jpeg; https://media.rightmove.co.uk:443/dir/crop/10:9-16:9/262k/261938/698587764243409/261938_296011-2_IMG_02_0000_max_476x317.jpeg; https://media.rightmove.co.uk:443/dir/crop/10:9-16:9/262k/261938/698587764243409/261938_296011-2_IMG_03_0000_max_476x317.jpeg"
"722864494354577","Newcastle","Office","Forth Banks, Newcastle upon Tyne, NE1 3PA","£1,458 pcm","","","","Forth Banks is a refurbished office building within Newcastle city centre, close to the Quayside.","https://www.rightmove.co.uk/properties/722864494354577#/?channel=COM_LET","2025-12-03T10:53:12Z","","new","Marketed by Parker Knights, Newcastle","","54.965476","-1.615708","https://media.rightmove.co.uk:443/dir/crop/10:9-16:9/253k/252818/722864494354577/252818_295450-2_IMG_00_0000_max_476x317.jpeg; https://media.rightmove.co.uk:443/dir/crop/10:9-16:9/253k/252818/722864494354577/252818_295450-2_IMG_01_0000_max_476x317.jpeg; https://media.rightmove.co.uk:443/dir/crop/10:9-16:9/253k/252818/722864494354577/252818_295450-2_IMG_02_0000_max_476x317.jpeg; https://media.rightmove.co.uk:443/dir/crop/10:9-16:9/253k/252818/722864494354577/252818_295450-2_IMG_03_0000_max_476x317.jpeg; https://media.rightmove.co.uk:443/dir/crop/10:9-16:9/253k/252818/722864494354577/252818_295450-2_IMG_04_0000_max_476x317.jpeg; https://media.rightmove.co.uk:443/dir/crop/10:9-16:9/253k/252818/722864494354577/252818_295450-2_IMG_05_0000_max_476x317.jpeg; https://media.rightmove.co.uk:443/dir/crop/10:9-16:9/253k/252818/722864494354577/252818_295450-2_IMG_06_0000_max_476x317.jpeg"
"160692728","Newcastle","Office","Partnership House, Regent Centre, Gosforth, Newcastle Upon Tyne, Tyne & Wear, NE3 4PL","£11,828 pcm","From","","","Partnership House is a landmark Grade A office building in a firmly established business location, offering superb public transport connectivity. - On site café and internet hub - Centrally-fed energy efficient air conditioning system - Low energy, intelligent presence detector based office ligh...","https://www.rightmove.co.uk/properties/160692728#/?channel=COM_LET","2025-04-15T08:40:10Z","","size_change","Marketed by Naylors Gavin Black LLP, Newcastle Upon Tyne","","55.010315","-1.626716","https://media.rightmove.co.uk:443/dir/crop/10:9-16:9/101k/100681/160692728/100681_3220LH_IMG_00_0000_max_476x317.jpeg; https://media.rightmove.co.uk:443/dir/crop/10:9-16:9/101k/100681/160692728/100681_3220LH_IMG_01_0000_max_476x317.jpeg; https://media.rightmove.co.uk:443/dir/crop/10:9-16:9/101k/100681/160692728/100681_3220LH_IMG_02_0000_max_476x317.jpeg; https://media.rightmove.co.uk:443/dir/crop/10:9-16:9/101k/100681/160692728/100681_3220LH_IMG_03_0000_max_476x317.jpeg; https://media.rightmove.co.uk:443/dir/crop/10:9-16:9/101k/100681/160692728/100681_3220LH_IMG_04_0000_max_476x317.jpeg"
"114545816","Newcastle","Office","Serviced Offices - The Grainger Suite, Dobson House, Regent Centre, Gosforth, Newcastle Upon Tyne, NE3 3PF","POA","","","","Office Accommodation Suites To Let from 17 sq m (183 sq ft) to 1,022 sq m (11,000 sq ft)","https://www.rightmove.co.uk/properties/114545816#/?channel=COM_LET","2021-10-08T11:54:34Z","","size_change","Marketed by BNP Paribas Real Estate Advisory & Property Management UK Limited, Newcastle","","55.0114","-1.62353","https://media.rightmove.co.uk:443/dir/crop/10:9-16:9/242k/241244/114545816/241244_70044-2_IMG_03_0002_max_476x317.jpeg; https://media.rightmove.co.uk:443/dir/crop/10:9-16:9/242k/241244/114545816/241244_70044-2_IMG_04_0002_max_476x317.jpeg; https://media.rightmove.co.uk:443/dir/crop/10:9-16:9/242k/241244/114545816/241244_70044-2_IMG_05_0002_max_476x317.jpeg; https://media.rightmove.co.uk:443/dir/crop/10:9-16:9/242k/241244/114545816/241244_70044-2_IMG_06_0002_max_476x317.jpeg; https://media.rightmove.co.uk:443/dir/crop/10:9-16:9/242k/241244/114545816/241244_70044-2_IMG_12_0002_max_476x317.jpeg; https://media.rightmove.co.uk:443/dir/crop/10:9-16:9/242k/241244/114545816/241244_70044-2_IMG_09_0002_max_476x317.jpeg; https://media.rightmove.co.uk:443/dir/crop/10:9-16:9/242k/241244/114545816/241244_70044-2_IMG_10_0002_max_476x317.jpeg; https://media.rightmove.co.uk:443/dir/crop/10:9-16:9/242k/241244/114545816/241244_70044-2_IMG_07_0002_max_476x317.jpeg; https://media.rightmove.co.uk:443/dir/crop/10:9-16:9/242k/241244/114545816/241244_70044-2_IMG_11_0002_max_476x317.jpeg; https://media.rightmove.co.uk:443/dir/crop/10:9-16:9/242k/241244/114545816/241244_70044-2_IMG_14_0002_max_476x317.jpeg; https://media.rightmove.co.uk:443/dir/crop/10:9-16:9/242k/241244/114545816/241244_70044-2_IMG_13_0002_max_476x317.jpeg; https://media.rightmove.co.uk:443/dir/crop/10:9-16:9/242k/241244/114545816/241244_70044-2_IMG_08_0002_max_476x317.jpeg; https://media.rightmove.co.uk:443/dir/crop/10:9-16:9/242k/241244/114545816/241244_70044-2_IMG_15_0002_max_476x317.jpeg; https://media.rightmove.co.uk:443/dir/crop/10:9-16:9/242k/241244/114545816/241244_70044-2_IMG_02_0002_max_476x317.jpeg; https://media.rightmove.co.uk:443/dir/crop/10:9-16:9/242k/241244/114545816/241244_70044-2_IMG_01_0002_max_476x317.jpeg"
"138980990","Newcastle","Office","Portland House, New Bridge Street West, Newcastle Upon Tyne, NE1 8AL","£4,813 pcm","","","","FINAL SUITE REMAINING - Portland House is a Newly Refurbished Grade A Office Extending to over 60,000 SQ FT","https://www.rightmove.co.uk/properties/138980990#/?channel=COM_LET","2023-08-23T09:49:30Z","","size_change","Marketed by BNP Paribas Real Estate Advisory & Property Management UK Limited, Newcastle","","54.974104","-1.608743","https://media.rightmove.co.uk:443/dir/crop/10:9-16:9/242k/241244/138980990/241244_70716-2_IMG_00_0000_max_476x317.jpeg; https://media.rightmove.co.uk:443/dir/crop/10:9-16:9/242k/241244/138980990/241244_70716-2_IMG_01_0000_max_476x317.jpeg; https://media.rightmove.co.uk:443/dir/crop/10:9-16:9/242k/241244/138980990/241244_70716-2_IMG_02_0000_max_476x317.jpeg; https://media.rightmove.co.uk:443/dir/crop/10:9-16:9/242k/241244/138980990/241244_70716-2_IMG_16_0001_max_476x317.jpeg; https://media.rightmove.co.uk:443/dir/crop/10:9-16:9/242k/241244/138980990/241244_70716-2_IMG_17_0000_max_476x317.jpeg; https://media.rightmove.co.uk:443/dir/crop/10:9-16:9/242k/241244/138980990/241244_70716-2_IMG_04_0001_max_476x317.jpeg; https://media.rightmove.co.uk:443/dir/crop/10:9-16:9/242k/241244/138980990/241244_70716-2_IMG_05_0001_max_476x317.jpeg; https://media.rightmove.co.uk:443/dir/crop/10:9-16:9/242k/241244/138980990/241244_70716-2_IMG_07_0001_max_476x317.jpeg; https://media.rightmove.co.uk:443/dir/crop/10:9-16:9/242k/241244/138980990/241244_70716-2_IMG_08_0001_max_476x317.jpeg; https://media.rightmove.co.uk:443/dir/crop/10:9-16:9/242k/241244/138980990/241244_70716-2_IMG_09_0001_max_476x317.jpeg; https://media.rightmove.co.uk:443/dir/crop/10:9-16:9/242k/241244/138980990/241244_70716-2_IMG_18_0000_max_476x317.jpeg; https://media.rightmove.co.uk:443/dir/crop/10:9-16:9/242k/241244/138980990/241244_70716-2_IMG_19_0000_max_476x317.jpeg; https://media.rightmove.co.uk:443/dir/crop/10:9-16:9/242k/241244/138980990/241244_70716-2_IMG_20_0000_max_476x317.jpeg; https://media.rightmove.co.uk:443/dir/crop/10:9-16:9/242k/241244/138980990/241244_70716-2_IMG_21_0000_max_476x317.jpeg; https://media.rightmove.co.uk:443/dir/crop/10:9-16:9/242k/241244/138980990/241244_70716-2_IMG_22_0000_max_476x317.jpeg; https://media.rightmove.co.uk:443/dir/crop/10:9-16:9/242k/241244/138980990/241244_70716-2_IMG_11_0001_max_476x317.jpeg; https://media.rightmove.co.uk:443/dir/crop/10:9-16:9/242k/241244/138980990/241244_70716-2_IMG_14_0001_max_476x317.jpeg; https://media.rightmove.co.uk:443/dir/crop/10:9-16:9/242k/241244/138980990/241244_70716-2_IMG_15_0001_max_476x317.jpeg; https://media.rightmove.co.uk:443/dir/crop/10:9-16:9/242k/241244/138980990/241244_70716-2_IMG_12_0001_max_476x317.jpeg; https://media.rightmove.co.uk:443/dir/crop/10:9-16:9/242k/241244/138980990/241244_70716-2_IMG_13_0001_max_476x317.jpeg"
"160746503","Newcastle","Office","Workspace At The Fed, Lancaster Road, Dunston, Gateshead, NE11","£375 pcm","","","","Workspace at The Fed presents a newly refurbished serviced office accommodation designed to provide a modern working environment. The facilities include collaborative spaces, contemporary kitchens and breakout areas, meeting rooms, shower and free onsite parking for added convenience. Each suite ...","https://www.rightmove.co.uk/properties/160746503#/?channel=COM_LET","2025-04-16T08:06:03Z","","new","Marketed by Bradley Hall, Newcastle Upon Tyne","","54.954062","-1.657259","https://media.rightmove.co.uk:443/dir/crop/10:9-16:9/283k/282893/160746503/282893_NUT240036_L_IMG_00_0000_max_476x317.jpeg; https://media.rightmove.co.uk:443/dir/crop/10:9-16:9/283k/282893/160746503/282893_NUT240036_L_IMG_01_0000_max_476x317.jpeg; https://media.rightmove.co.uk:443/dir/crop/10:9-16:9/283k/282893/160746503/282893_NUT240036_L_IMG_02_0000_max_476x317.jpeg; https://media.rightmove.co.uk:443/dir/crop/10:9-16:9/283k/282893/160746503/282893_NUT240036_L_IMG_03_0000_max_476x317.jpeg; https://media.rightmove.co.uk:443/dir/crop/10:9-16:9/283k/282893/160746503/282893_NUT240036_L_IMG_04_0000_max_476x317.jpeg; https://media.rightmove.co.uk:443/dir/crop/10:9-16:9/283k/282893/160746503/282893_NUT240036_L_IMG_05_0000_max_476x317.jpeg; https://media.rightmove.co.uk:443/dir/crop/10:9-16:9/283k/282893/160746503/282893_NUT240036_L_IMG_06_0000_max_476x317.jpeg; https://media.rightmove.co.uk:443/dir/crop/10:9-16:9/283k/282893/160746503/282893_NUT240036_L_IMG_07_0000_max_476x317.jpeg; https://media.rightmove.co.uk:443/dir/crop/10:9-16:9/283k/282893/160746503/282893_NUT240036_L_IMG_08_0000_max_476x317.jpeg; https://media.rightmove.co.uk:443/dir/crop/10:9-16:9/283k/282893/160746503/282893_NUT240036_L_IMG_09_0000_max_476x317.jpeg; https://media.rightmove.co.uk:443/dir/crop/10:9-16:9/283k/282893/160746503/282893_NUT240036_L_IMG_10_0000_max_476x317.jpeg; https://media.rightmove.co.uk:443/dir/crop/10:9-16:9/283k/282893/160746503/282893_NUT240036_L_IMG_11_0000_max_476x317.jpeg; https://media.rightmove.co.uk:443/dir/crop/10:9-16:9/283k/282893/160746503/282893_NUT240036_L_IMG_12_0000_max_476x317.jpeg; https://media.rightmove.co.uk:443/dir/crop/10:9-16:9/283k/282893/160746503/282893_NUT240036_L_IMG_13_0000_max_476x317.jpeg; https://media.rightmove.co.uk:443/dir/crop/10:9-16:9/283k/282893/160746503/282893_NUT240036_L_IMG_14_0000_max_476x317.jpeg; https://media.rightmove.co.uk:443/dir/crop/10:9-16:9/283k/282893/160746503/282893_NUT240036_L_IMG_15_0000_max_476x317.jpeg; https://media.rightmove.co.uk:443/dir/crop/10:9-16:9/283k/282893/160746503/282893_NUT240036_L_IMG_16_0000_max_476x317.jpeg; https://media.rightmove.co.uk:443/dir/crop/10:9-16:9/283k/282893/160746503/282893_NUT240036_L_IMG_17_0000_max_476x317.jpeg"
"698589953899312","Newcastle","Office","City Centre Retail Unit To Let at Arch 11, Arch 11, Forth Street, Newcastle upon Tyne, NE1 3NZ","£1,292 pcm","","","","City Centre Retail/Office Unit To Let","https://www.rightmove.co.uk/properties/698589953899312#/?channel=COM_LET","2025-10-23T11:21:09Z","","new","Marketed by Sanderson Weatherall, Newcastle","","54.96848","-1.613061","https://media.rightmove.co.uk:443/dir/crop/10:9-16:9/262k/261938/698589953899312/261938_293889-2_IMG_00_0000_max_476x317.jpeg; https://media.rightmove.co.uk:443/dir/crop/10:9-16:9/262k/261938/698589953899312/261938_293889-2_IMG_01_0000_max_476x317.jpeg; https://media.rightmove.co.uk:443/dir/crop/10:9-16:9/262k/261938/698589953899312/261938_293889-2_IMG_02_0000_max_476x317.jpeg; https://media.rightmove.co.uk:443/dir/crop/10:9-16:9/262k/261938/698589953899312/261938_293889-2_IMG_03_0000_max_476x317.jpeg"
"87071421","Newcastle","Office","Newcastle Business Park, Newcastle Upon Tyne, NE4","£4,166 pcm","","","","Albany Court provides modern, flexible office accommodation on a 2nd floor suite, with a quality ground floor reception and central service core. The offices provide open plan accommodation, fixtures and fittings if required. Accommodation We calculate the approximate net ...","https://www.rightmove.co.uk/properties/87071421#/?channel=COM_LET","2025-01-21T11:11:41Z","","price_reduced","Marketed by Bradley Hall, Newcastle Upon Tyne","","54.96204","-1.640585","https://media.rightmove.co.uk:443/dir/crop/10:9-16:9/283k/282893/87071421/282893_NUT250043_L_IMG_00_0000_max_476x317.jpeg; https://media.rightmove.co.uk:443/dir/crop/10:9-16:9/283k/282893/87071421/282893_NUT250043_L_IMG_01_0000_max_476x317.jpeg; https://media.rightmove.co.uk:443/dir/crop/10:9-16:9/283k/282893/87071421/282893_NUT250043_L_IMG_02_0000_max_476x317.jpeg; https://media.rightmove.co.uk:443/dir/crop/10:9-16:9/283k/282893/87071421/282893_NUT250043_L_IMG_03_0000_max_476x317.jpeg; https://media.rightmove.co.uk:443/dir/crop/10:9-16:9/283k/282893/87071421/282893_NUT250043_L_IMG_04_0000_max_476x317.jpeg; https://media.rightmove.co.uk:443/dir/crop/10:9-16:9/283k/282893/87071421/282893_NUT250043_L_IMG_05_0000_max_476x317.jpeg"
"127858244","Newcastle","Office","The Lumen, St. James Boulevard, Newcastle Upon Tyne, NE4 5BZ","£6,127 pcm","From","","","Unrivalled specification and stunning panoramic views","https://www.rightmove.co.uk/properties/127858244#/?channel=COM_LET","2022-10-07T16:55:52Z","","size_change","Marketed by Savills, Newcastle - Offices","","54.971949","-1.623351","https://media.rightmove.co.uk:443/dir/crop/10:9-16:9/82k/81666/127858244/81666_119988-2_IMG_00_0001_max_476x317.jpeg; https://media.rightmove.co.uk:443/dir/crop/10:9-16:9/82k/81666/127858244/81666_119988-2_IMG_02_0000_max_476x317.jpeg; https://media.rightmove.co.uk:443/dir/crop/10:9-16:9/82k/81666/127858244/81666_119988-2_IMG_04_0000_max_476x317.jpeg; https://media.rightmove.co.uk:443/dir/crop/10:9-16:9/82k/81666/127858244/81666_119988-2_IMG_05_0000_max_476x317.jpeg; https://media.rightmove.co.uk:443/dir/crop/10:9-16:9/82k/81666/127858244/81666_119988-2_IMG_03_0000_max_476x317.jpeg; https://media.rightmove.co.uk:443/dir/crop/10:9-16:9/82k/81666/127858244/81666_119988-2_IMG_01_0000_max_476x317.jpeg"
"148466804","Newcastle","Office","The Lumen, Newcastle Helix, Newcastle Upon Tyne, NE1 4BZ","£6,127 pcm","From","","","Office To Let, Newcastle Upon Tyne","https://www.rightmove.co.uk/properties/148466804#/?channel=COM_LET","2024-05-28T14:35:43Z","","size_change","Marketed by Avison Young (UK) Limited, Offices","","54.971806","-1.623666","https://media.rightmove.co.uk:443/dir/crop/10:9-16:9/57k/56478/148466804/56478_211967-2_IMG_00_0000_max_476x317.jpeg; https://media.rightmove.co.uk:443/dir/crop/10:9-16:9/57k/56478/148466804/56478_211967-2_IMG_01_0000_max_476x317.jpeg; https://media.rightmove.co.uk:443/dir/crop/10:9-16:9/57k/56478/148466804/56478_211967-2_IMG_02_0000_max_476x317.jpeg; https://media.rightmove.co.uk:443/dir/crop/10:9-16:9/57k/56478/148466804/56478_211967-2_IMG_03_0000_max_476x317.jpeg; https://media.rightmove.co.uk:443/dir/crop/10:9-16:9/57k/56478/148466804/56478_211967-2_IMG_04_0000_max_476x317.jpeg; https://media.rightmove.co.uk:443/dir/crop/10:9-16:9/57k/56478/148466804/56478_211967-2_IMG_05_0000_max_476x317.jpeg; https://media.rightmove.co.uk:443/dir/crop/10:9-16:9/57k/56478/148466804/56478_211967-2_IMG_06_0000_max_476x317.jpeg; https://media.rightmove.co.uk:443/dir/crop/10:9-16:9/57k/56478/148466804/56478_211967-2_IMG_07_0000_max_476x317.jpeg; https://media.rightmove.co.uk:443/dir/crop/10:9-16:9/57k/56478/148466804/56478_211967-2_IMG_08_0000_max_476x317.jpeg; https://media.rightmove.co.uk:443/dir/crop/10:9-16:9/57k/56478/148466804/56478_211967-2_IMG_09_0000_max_476x317.jpeg; https://media.rightmove.co.uk:443/dir/crop/10:9-16:9/57k/56478/148466804/56478_211967-2_IMG_10_0000_max_476x317.jpeg; https://media.rightmove.co.uk:443/dir/crop/10:9-16:9/57k/56478/148466804/56478_211967-2_IMG_11_0000_max_476x317.jpeg"
"148465844","Newcastle","Office","Neon, Quorum Business Park, Benton Lane, Longbenton, Newcastle Upon Tyne, NE12 8BU","£2,791 pcm","From","","","Office To Let, Newcastle Upon Tyne","https://www.rightmove.co.uk/properties/148465844#/?channel=COM_LET","2024-05-28T14:27:12Z","","size_change","Marketed by Avison Young (UK) Limited, Offices","","55.022059","-1.576017","https://media.rightmove.co.uk:443/dir/crop/10:9-16:9/57k/56478/148465844/56478_109720-2_IMG_00_0000_max_476x317.jpeg; https://media.rightmove.co.uk:443/dir/crop/10:9-16:9/57k/56478/148465844/56478_109720-2_IMG_01_0000_max_476x317.jpeg; https://media.rightmove.co.uk:443/dir/crop/10:9-16:9/57k/56478/148465844/56478_109720-2_IMG_02_0000_max_476x317.jpeg; https://media.rightmove.co.uk:443/dir/crop/10:9-16:9/57k/56478/148465844/56478_109720-2_IMG_03_0000_max_476x317.jpeg"
"154192823","Newcastle","Office","Shakespeare House, 18 Shakespeare Street, Newcastle upon Tyne, Tyne and Wear, NE1","£875 pcm","","","","Superb central location. Rent only £13.50 per sq ft per annum exclusive. Newly refurbished suites. Eight person passenger lift. ","https://www.rightmove.co.uk/properties/154192823#/?channel=COM_LET","2024-10-25T11:30:03Z","","size_change","Marketed by Youngs RPS Limited, Newcastle","","54.972596","-1.611524","https://media.rightmove.co.uk:443/dir/crop/10:9-16:9/131k/130720/154192823/130720_NEW220045_L_IMG_00_0000_max_476x317.jpeg; https://media.rightmove.co.uk:443/dir/crop/10:9-16:9/131k/130720/154192823/130720_NEW220045_L_IMG_01_0000_max_476x317.jpeg; https://media.rightmove.co.uk:443/dir/crop/10:9-16:9/131k/130720/154192823/130720_NEW220045_L_IMG_02_0000_max_476x317.jpeg; https://media.rightmove.co.uk:443/dir/crop/10:9-16:9/131k/130720/154192823/130720_NEW220045_L_IMG_03_0000_max_476x317.jpeg; https://media.rightmove.co.uk:443/dir/crop/10:9-16:9/131k/130720/154192823/130720_NEW220045_L_IMG_04_0000_max_476x317.jpeg; https://media.rightmove.co.uk:443/dir/crop/10:9-16:9/131k/130720/154192823/130720_NEW220045_L_IMG_05_0000_max_476x317.jpeg; https://media.rightmove.co.uk:443/dir/crop/10:9-16:9/131k/130720/154192823/130720_NEW220045_L_IMG_06_0000_max_476x317.jpeg; https://media.rightmove.co.uk:443/dir/crop/10:9-16:9/131k/130720/154192823/130720_NEW220045_L_IMG_07_0000_max_476x317.jpeg; https://media.rightmove.co.uk:443/dir/crop/10:9-16:9/131k/130720/154192823/130720_NEW220045_L_IMG_08_0000_max_476x317.jpeg; https://media.rightmove.co.uk:443/dir/crop/10:9-16:9/131k/130720/154192823/130720_NEW220045_L_IMG_09_0000_max_476x317.jpeg; https://media.rightmove.co.uk:443/dir/crop/10:9-16:9/131k/130720/154192823/130720_NEW220045_L_IMG_10_0000_max_476x317.jpeg; https://media.rightmove.co.uk:443/dir/crop/10:9-16:9/131k/130720/154192823/130720_NEW220045_L_IMG_11_0000_max_476x317.jpeg; https://media.rightmove.co.uk:443/dir/crop/10:9-16:9/131k/130720/154192823/130720_NEW220045_L_IMG_12_0000_max_476x317.jpeg; https://media.rightmove.co.uk:443/dir/crop/10:9-16:9/131k/130720/154192823/130720_NEW220045_L_IMG_13_0000_max_476x317.jpeg; https://media.rightmove.co.uk:443/dir/crop/10:9-16:9/131k/130720/154192823/130720_NEW220045_L_IMG_14_0000_max_476x317.jpeg; https://media.rightmove.co.uk:443/dir/crop/10:9-16:9/131k/130720/154192823/130720_NEW220045_L_IMG_15_0000_max_476x317.jpeg; https://media.rightmove.co.uk:443/dir/crop/10:9-16:9/131k/130720/154192823/130720_NEW220045_L_IMG_16_0000_max_476x317.jpeg; https://media.rightmove.co.uk:443/dir/crop/10:9-16:9/131k/130720/154192823/130720_NEW220045_L_IMG_17_0000_max_476x317.jpeg; https://media.rightmove.co.uk:443/dir/crop/10:9-16:9/131k/130720/154192823/130720_NEW220045_L_IMG_18_0000_max_476x317.jpeg; https://media.rightmove.co.uk:443/dir/crop/10:9-16:9/131k/130720/154192823/130720_NEW220045_L_IMG_19_0000_max_476x317.jpeg; https://media.rightmove.co.uk:443/dir/crop/10:9-16:9/131k/130720/154192823/130720_NEW220045_L_IMG_20_0000_max_476x317.jpeg; https://media.rightmove.co.uk:443/dir/crop/10:9-16:9/131k/130720/154192823/130720_NEW220045_L_IMG_21_0000_max_476x317.jpeg"
"168685754","Newcastle","Leisure Facility","Quayside, Newcastle upon Tyne, Tyne and Wear, NE1 3DX","POA","","","","Former Restaurant Premises in a Prominent Location on Newcastle Quayside Quoting Rent £95000 Formerly Gusto, the property has a layout commensurate with an established restaurant operation but could be suitable for a range of alternative uses, subject to planning and other releva...","https://www.rightmove.co.uk/properties/168685754#/?channel=COM_LET","2025-10-28T09:39:47Z","","new","Marketed by Knight Frank, Newcastle - Commercial","","54.970937","-1.599722","https://media.rightmove.co.uk:443/dir/crop/10:9-16:9/156k/155516/168685754/155516_NCC012553056_IMG_00_0000_max_476x317.jpeg; https://media.rightmove.co.uk:443/dir/crop/10:9-16:9/156k/155516/168685754/155516_NCC012553056_IMG_01_0000_max_476x317.jpeg; https://media.rightmove.co.uk:443/dir/crop/10:9-16:9/156k/155516/168685754/155516_NCC012553056_IMG_02_0000_max_476x317.jpeg"
"163484750","Newcastle","Office","Highly sustainable offices on Newcastle Quayside, NE1","£10,000 pcm","","","","Superb, highly sustainable offices on Newcastle Quayside Per sq ft £24.00 per sq ft East Quay 5 has been transformed into highly sustainable grade A office accommodation, offering a superb location on Newcastle's famous Quayside. A major refurbishment in 2024 has delivered some ...","https://www.rightmove.co.uk/properties/163484750#/?channel=COM_LET","2025-06-18T14:46:27Z","","new","Marketed by Knight Frank, Newcastle - Commercial","","54.972","-1.59709","https://media.rightmove.co.uk:443/dir/crop/10:9-16:9/156k/155516/163484750/155516_NCC012471074_IMG_00_0001_max_476x317.jpeg; https://media.rightmove.co.uk:443/dir/crop/10:9-16:9/156k/155516/163484750/155516_NCC012471074_IMG_01_0001_max_476x317.jpeg; https://media.rightmove.co.uk:443/dir/crop/10:9-16:9/156k/155516/163484750/155516_NCC012471074_IMG_02_0001_max_476x317.jpeg; https://media.rightmove.co.uk:443/dir/crop/10:9-16:9/156k/155516/163484750/155516_NCC012471074_IMG_03_0001_max_476x317.jpeg; https://media.rightmove.co.uk:443/dir/crop/10:9-16:9/156k/155516/163484750/155516_NCC012471074_IMG_04_0001_max_476x317.jpeg; https://media.rightmove.co.uk:443/dir/crop/10:9-16:9/156k/155516/163484750/155516_NCC012471074_IMG_05_0001_max_476x317.jpeg; https://media.rightmove.co.uk:443/dir/crop/10:9-16:9/156k/155516/163484750/155516_NCC012471074_IMG_06_0001_max_476x317.jpeg"
"159365720","Newcastle","Office","Grey Street, Newcastle Upon Tyne, NE1","£5,846 pcm","","","","*Grade A office space* *Third Floor Suite* This suite is available with no refurbishment required. Furnished or unfurnished options available. **FLEXIBLE TERMS**","https://www.rightmove.co.uk/properties/159365720#/?channel=COM_LET","2025-03-13T12:54:17Z","","price_reduced","Marketed by Adderstone Asset Management Limited, Newcastle","","54.97135","-1.61085","https://media.rightmove.co.uk:443/dir/crop/10:9-16:9/181k/180227/159365720/180227_GHouse3F_IMG_17_0000_max_476x317.jpeg; https://media.rightmove.co.uk:443/dir/crop/10:9-16:9/181k/180227/159365720/180227_GHouse3F_IMG_13_0000_max_476x317.jpeg; https://media.rightmove.co.uk:443/dir/crop/10:9-16:9/181k/180227/159365720/180227_GHouse3F_IMG_00_0000_max_476x317.jpeg; https://media.rightmove.co.uk:443/dir/crop/10:9-16:9/181k/180227/159365720/180227_GHouse3F_IMG_01_0000_max_476x317.jpeg; https://media.rightmove.co.uk:443/dir/crop/10:9-16:9/181k/180227/159365720/180227_GHouse3F_IMG_09_0000_max_476x317.jpeg; https://media.rightmove.co.uk:443/dir/crop/10:9-16:9/181k/180227/159365720/180227_GHouse3F_IMG_06_0000_max_476x317.jpeg; https://media.rightmove.co.uk:443/dir/crop/10:9-16:9/181k/180227/159365720/180227_GHouse3F_IMG_10_0000_max_476x317.jpeg; https://media.rightmove.co.uk:443/dir/crop/10:9-16:9/181k/180227/159365720/180227_GHouse3F_IMG_12_0000_max_476x317.jpeg; https://media.rightmove.co.uk:443/dir/crop/10:9-16:9/181k/180227/159365720/180227_GHouse3F_IMG_11_0000_max_476x317.jpeg; https://media.rightmove.co.uk:443/dir/crop/10:9-16:9/181k/180227/159365720/180227_GHouse3F_IMG_08_0000_max_476x317.jpeg; https://media.rightmove.co.uk:443/dir/crop/10:9-16:9/181k/180227/159365720/180227_GHouse3F_IMG_07_0000_max_476x317.jpeg; https://media.rightmove.co.uk:443/dir/crop/10:9-16:9/181k/180227/159365720/180227_GHouse3F_IMG_05_0000_max_476x317.jpeg; https://media.rightmove.co.uk:443/dir/crop/10:9-16:9/181k/180227/159365720/180227_GHouse3F_IMG_02_0000_max_476x317.jpeg; https://media.rightmove.co.uk:443/dir/crop/10:9-16:9/181k/180227/159365720/180227_GHouse3F_IMG_04_0000_max_476x317.jpeg; https://media.rightmove.co.uk:443/dir/crop/10:9-16:9/181k/180227/159365720/180227_GHouse3F_IMG_14_0000_max_476x317.jpeg; https://media.rightmove.co.uk:443/dir/crop/10:9-16:9/181k/180227/159365720/180227_GHouse3F_IMG_15_0000_max_476x317.jpeg; https://media.rightmove.co.uk:443/dir/crop/10:9-16:9/181k/180227/159365720/180227_GHouse3F_IMG_16_0000_max_476x317.jpeg; https://media.rightmove.co.uk:443/dir/crop/10:9-16:9/181k/180227/159365720/180227_GHouse3F_IMG_18_0000_max_476x317.jpeg"
"158699237","Newcastle","Office","High Street, Gosforth, Newcastle Upon Tyne, NE3","£1,000 pcm","","","","The property occupies first and second floor office space in a prominent position on Gosforth High Street.","https://www.rightmove.co.uk/properties/158699237#/?channel=COM_LET","2025-02-25T20:36:14Z","","size_change","Marketed by GFW, Covering North East","","55.004353","-1.619945","https://media.rightmove.co.uk:443/dir/crop/10:9-16:9/285k/284894/158699237/284894_DSA240051_L_IMG_00_0001_max_476x317.jpeg"
"135331646","Newcastle","Serviced Office","Quick Silver Way, Newcastle Upon Tyne, NE27","£95 pcm","From","","4","Join a vibrant community in our shared office space at Cobalt 15a, Newcastle. Just 10 minutes from the city center, our modern offices offer superfast WiFi, meeting rooms, and relaxed breakout areas. Enjoy flexible coworking options and network in the thriving business park. Prices start at £95.","https://www.rightmove.co.uk/properties/135331646#/?channel=COM_LET","2023-05-26T12:40:50Z","","price_reduced","Marketed by IW Group Services (UK) Limited, Regus","","55.02249","-1.51291","https://media.rightmove.co.uk:443/dir/crop/10:9-16:9/130k/129853/135331646/129853_UKcw6304_IMG_04_0001_max_476x317.jpeg; https://media.rightmove.co.uk:443/dir/crop/10:9-16:9/130k/129853/135331646/129853_UKcw6304_IMG_01_0001_max_476x317.jpeg; https://media.rightmove.co.uk:443/dir/crop/10:9-16:9/130k/129853/135331646/129853_UKcw6304_IMG_02_0001_max_476x317.jpeg; https://media.rightmove.co.uk:443/dir/crop/10:9-16:9/130k/129853/135331646/129853_UKcw6304_IMG_05_0001_max_476x317.jpeg; https://media.rightmove.co.uk:443/dir/crop/10:9-16:9/130k/129853/135331646/129853_UKcw6304_IMG_00_0001_max_476x317.jpeg; https://media.rightmove.co.uk:443/dir/crop/10:9-16:9/130k/129853/135331646/129853_UKcw6304_IMG_03_0001_max_476x317.jpeg; https://media.rightmove.co.uk:443/dir/crop/10:9-16:9/130k/129853/135331646/129853_UKcw6304_IMG_06_0000_max_476x317.jpeg"
"155929493","Newcastle","Office","Unit 3 Northumberland Street, Newcastle Upon Tyne, NE1","£2,000 pcm","","","","The space is available for lease as a self-contained suite spanning the ground and first floors, if desired. The unit features pre-built cellular office and consultation rooms, offering immediate occupancy and a turnkey solution. The suite can be further subdivided into smaller, more ...","https://www.rightmove.co.uk/properties/155929493#/?channel=COM_LET","2024-12-13T14:19:55Z","","price_reduced","Marketed by Bradley Hall, Newcastle Upon Tyne","","54.975056","-1.611184","https://media.rightmove.co.uk:443/dir/crop/10:9-16:9/283k/282893/155929493/282893_NUT240150_L_IMG_09_0000_max_476x317.jpeg; https://media.rightmove.co.uk:443/dir/crop/10:9-16:9/283k/282893/155929493/282893_NUT240150_L_IMG_10_0000_max_476x317.jpeg; https://media.rightmove.co.uk:443/dir/crop/10:9-16:9/283k/282893/155929493/282893_NUT240150_L_IMG_11_0000_max_476x317.jpeg; https://media.rightmove.co.uk:443/dir/crop/10:9-16:9/283k/282893/155929493/282893_NUT240150_L_IMG_12_0000_max_476x317.jpeg; https://media.rightmove.co.uk:443/dir/crop/10:9-16:9/283k/282893/155929493/282893_NUT240150_L_IMG_13_0000_max_476x317.jpeg; https://media.rightmove.co.uk:443/dir/crop/10:9-16:9/283k/282893/155929493/282893_NUT240150_L_IMG_14_0000_max_476x317.jpeg; https://media.rightmove.co.uk:443/dir/crop/10:9-16:9/283k/282893/155929493/282893_NUT240150_L_IMG_03_0000_max_476x317.jpeg; https://media.rightmove.co.uk:443/dir/crop/10:9-16:9/283k/282893/155929493/282893_NUT240150_L_IMG_05_0000_max_476x317.jpeg; https://media.rightmove.co.uk:443/dir/crop/10:9-16:9/283k/282893/155929493/282893_NUT240150_L_IMG_06_0000_max_476x317.jpeg; https://media.rightmove.co.uk:443/dir/crop/10:9-16:9/283k/282893/155929493/282893_NUT240150_L_IMG_07_0000_max_476x317.jpeg; https://media.rightmove.co.uk:443/dir/crop/10:9-16:9/283k/282893/155929493/282893_NUT240150_L_IMG_08_0000_max_476x317.jpeg"
"159747590","Newcastle","Light Industrial","Studio 7, Benfield Business Park, Benfield Road, Newcastle Upon Tyne, NE6 4NQ","£2,000 pcm","","","","The unit is currently undergoing a comprehensive refurbishment with planned availability Summer 2025. It is accessed via double doors and will benefit from large windows to allow in plenty of light. An ideal space for a variety of leisure and workshop operators.","https://www.rightmove.co.uk/properties/159747590#/?channel=COM_LET","2025-03-24T07:55:20Z","","new","Marketed by Naylors Gavin Black LLP, Newcastle Upon Tyne","","54.985764","-1.562466","https://media.rightmove.co.uk:443/dir/crop/10:9-16:9/property-photo/49777ddb3/159747590/49777ddb323412ee605cf06c67c88528_max_476x317.jpeg; https://media.rightmove.co.uk:443/dir/crop/10:9-16:9/property-photo/b73214a2e/159747590/b73214a2efea4091cf48f88a1d8d9f49_max_476x317.jpeg; https://media.rightmove.co.uk:443/dir/crop/10:9-16:9/property-photo/cefdd05e1/159747590/cefdd05e1d5f390ba3f2649f499ec8b0_max_476x317.jpeg"
"159699797","Newcastle","Office","New Bridge Street, Newcastle Upon Tyne","£3,734 pcm","","","","PORTLAND HOUSE IS AN AWARD WINNING NEWLY REFURBISHED GRADE A OFFICE. The inspiring workspaces, set over five floors, are designed with quality, productivity, sustainability and wellbeing at their core. The building contains an innovative communal hub in a Grade II listed building, exten...","https://www.rightmove.co.uk/properties/159699797#/?channel=COM_LET","2025-03-21T14:24:44Z","","size_change","Marketed by R A JACKSON & SON LLP, North Shields","","54.974739","-1.608607","https://media.rightmove.co.uk:443/dir/crop/10:9-16:9/244k/243566/159699797/243566_33757970_IMG_00_0000_max_476x317.jpeg; https://media.rightmove.co.uk:443/dir/crop/10:9-16:9/244k/243566/159699797/243566_33757970_IMG_01_0000_max_476x317.jpeg; https://media.rightmove.co.uk:443/dir/crop/10:9-16:9/244k/243566/159699797/243566_33757970_IMG_02_0000_max_476x317.jpeg; https://media.rightmove.co.uk:443/dir/crop/10:9-16:9/244k/243566/159699797/243566_33757970_IMG_03_0000_max_476x317.jpeg; https://media.rightmove.co.uk:443/dir/crop/10:9-16:9/244k/243566/159699797/243566_33757970_IMG_04_0000_max_476x317.jpeg; https://media.rightmove.co.uk:443/dir/crop/10:9-16:9/244k/243566/159699797/243566_33757970_IMG_05_0000_max_476x317.jpeg; https://media.rightmove.co.uk:443/dir/crop/10:9-16:9/244k/243566/159699797/243566_33757970_IMG_06_0000_max_476x317.jpeg; https://media.rightmove.co.uk:443/dir/crop/10:9-16:9/244k/243566/159699797/243566_33757970_IMG_07_0000_max_476x317.jpeg; https://media.rightmove.co.uk:443/dir/crop/10:9-16:9/244k/243566/159699797/243566_33757970_IMG_08_0000_max_476x317.jpeg; https://media.rightmove.co.uk:443/dir/crop/10:9-16:9/244k/243566/159699797/243566_33757970_IMG_09_0000_max_476x317.jpeg; https://media.rightmove.co.uk:443/dir/crop/10:9-16:9/244k/243566/159699797/243566_33757970_IMG_10_0000_max_476x317.jpeg; https://media.rightmove.co.uk:443/dir/crop/10:9-16:9/244k/243566/159699797/243566_33757970_IMG_11_0000_max_476x317.jpeg; https://media.rightmove.co.uk:443/dir/crop/10:9-16:9/244k/243566/159699797/243566_33757970_IMG_12_0000_max_476x317.jpeg; https://media.rightmove.co.uk:443/dir/crop/10:9-16:9/244k/243566/159699797/243566_33757970_IMG_13_0000_max_476x317.jpeg; https://media.rightmove.co.uk:443/dir/crop/10:9-16:9/244k/243566/159699797/243566_33757970_IMG_14_0000_max_476x317.jpeg; https://media.rightmove.co.uk:443/dir/crop/10:9-16:9/244k/243566/159699797/243566_33757970_IMG_15_0000_max_476x317.jpeg; https://media.rightmove.co.uk:443/dir/crop/10:9-16:9/244k/243566/159699797/243566_33757970_IMG_16_0000_max_476x317.jpeg; https://media.rightmove.co.uk:443/dir/crop/10:9-16:9/244k/243566/159699797/243566_33757970_IMG_17_0000_max_476x317.jpeg; https://media.rightmove.co.uk:443/dir/crop/10:9-16:9/244k/243566/159699797/243566_33757970_IMG_18_0000_max_476x317.jpeg"
"159630296","Newcastle","Land","Ambergate Close, Westerhope, Newcastle upon Tyne, Tyne and Wear, NE5 4AG","£650 pcm","","","","Available to let is approximately 0.29 Acres of land. Rental offers are invited based on £7800 per annum with terms to be agreed. Easily accessible location just off Stamfordham Road, Westerhope. The property comprises of a predominantly open compound with secure perimeter fencing and pre...","https://www.rightmove.co.uk/properties/159630296#/?channel=COM_LET","2025-03-19T16:49:06Z","","new","Marketed by Pattinson Estate Agents, West Road","","54.999","-1.6873","https://media.rightmove.co.uk:443/dir/crop/10:9-16:9/75k/74696/159630296/74696_477003_IMG_00_0000_max_476x317.jpeg"
"722864485993584","Newcastle","Office","Northumberland House, Northumberland House, Princess Square, Newcastle upon Tyne, NE1 8ER","£18,654 pcm","","","","Centrally located offices providing affordable suites from 1,000 sq. ft to 5,000 sq. ft","https://www.rightmove.co.uk/properties/722864485993584#/?channel=COM_LET","2025-12-03T10:53:07Z","","new","Marketed by Parker Knights, Newcastle","","54.975056","-1.611184","https://media.rightmove.co.uk:443/dir/crop/10:9-16:9/253k/252818/722864485993584/252818_288968-2_IMG_00_0000_max_476x317.jpeg; https://media.rightmove.co.uk:443/dir/crop/10:9-16:9/253k/252818/722864485993584/252818_288968-2_IMG_01_0000_max_476x317.jpeg; https://media.rightmove.co.uk:443/dir/crop/10:9-16:9/253k/252818/722864485993584/252818_288968-2_IMG_02_0000_max_476x317.jpeg; https://media.rightmove.co.uk:443/dir/crop/10:9-16:9/253k/252818/722864485993584/252818_288968-2_IMG_03_0000_max_476x317.jpeg; https://media.rightmove.co.uk:443/dir/crop/10:9-16:9/253k/252818/722864485993584/252818_288968-2_IMG_04_0000_max_476x317.jpeg"
"51809979","Newcastle","Serviced Office","Merchant House, 30 Cloth Market, Newcastle upon Tyne,, Newcastle, United Kingdom NE1 1EE","£449 pcm","From","","4","All-inclusive access to professional office space for 1 person in Regus Cloth Market","https://www.rightmove.co.uk/properties/51809979#/?channel=COM_LET","2017-11-24T07:27:11Z","","price_reduced","Marketed by IW Group Services (UK) Limited, Regus","","54.97099","-1.61257","https://media.rightmove.co.uk:443/dir/crop/10:9-16:9/130k/129853/51809979/129853_UK1ws3621_IMG_05_0000_max_476x317.jpeg; https://media.rightmove.co.uk:443/dir/crop/10:9-16:9/130k/129853/51809979/129853_UK1ws3621_IMG_01_0001_max_476x317.jpeg; https://media.rightmove.co.uk:443/dir/crop/10:9-16:9/130k/129853/51809979/129853_UK1ws3621_IMG_03_0001_max_476x317.jpeg; https://media.rightmove.co.uk:443/dir/crop/10:9-16:9/130k/129853/51809979/129853_UK1ws3621_IMG_06_0000_max_476x317.jpeg; https://media.rightmove.co.uk:443/dir/crop/10:9-16:9/130k/129853/51809979/129853_UK1ws3621_IMG_00_0001_max_476x317.jpeg; https://media.rightmove.co.uk:443/dir/crop/10:9-16:9/130k/129853/51809979/129853_UK1ws3621_IMG_08_0000_max_476x317.jpeg; https://media.rightmove.co.uk:443/dir/crop/10:9-16:9/130k/129853/51809979/129853_UK1ws3621_IMG_04_0001_max_476x317.jpeg; https://media.rightmove.co.uk:443/dir/crop/10:9-16:9/130k/129853/51809979/129853_UK1ws3621_IMG_07_0000_max_476x317.jpeg; https://media.rightmove.co.uk:443/dir/crop/10:9-16:9/130k/129853/51809979/129853_UK1ws3621_IMG_02_0001_max_476x317.jpeg"
"51810813","Newcastle","Serviced Office","Merchant House, 30 Cloth Market, Newcastle upon Tyne,, Newcastle, United Kingdom NE1 1EE","£3,139 pcm","From","","4","Move into ready-to-use open plan office space for 10 people in Regus Cloth Market","https://www.rightmove.co.uk/properties/51810813#/?channel=COM_LET","2017-11-24T07:48:01Z","","price_reduced","Marketed by IW Group Services (UK) Limited, Regus","","54.97099","-1.61257","https://media.rightmove.co.uk:443/dir/crop/10:9-16:9/130k/129853/51810813/129853_UKop3621_IMG_00_0001_max_476x317.jpeg; https://media.rightmove.co.uk:443/dir/crop/10:9-16:9/130k/129853/51810813/129853_UKop3621_IMG_01_0001_max_476x317.jpeg; https://media.rightmove.co.uk:443/dir/crop/10:9-16:9/130k/129853/51810813/129853_UKop3621_IMG_03_0001_max_476x317.jpeg; https://media.rightmove.co.uk:443/dir/crop/10:9-16:9/130k/129853/51810813/129853_UKop3621_IMG_04_0001_max_476x317.jpeg; https://media.rightmove.co.uk:443/dir/crop/10:9-16:9/130k/129853/51810813/129853_UKop3621_IMG_05_0001_max_476x317.jpeg; https://media.rightmove.co.uk:443/dir/crop/10:9-16:9/130k/129853/51810813/129853_UKop3621_IMG_07_0000_max_476x317.jpeg; https://media.rightmove.co.uk:443/dir/crop/10:9-16:9/130k/129853/51810813/129853_UKop3621_IMG_02_0001_max_476x317.jpeg; https://media.rightmove.co.uk:443/dir/crop/10:9-16:9/130k/129853/51810813/129853_UKop3621_IMG_06_0000_max_476x317.jpeg"
"159335519","Newcastle","Shop","Denton Park Shopping Centre, West Denton, Newcastle Upon Tyne, NE5","£1,208 pcm","","","","The property is located approximately five miles northwest of Newcastle City Centre, positioned within a busy retail parade adjacent to the Morrisons Shopping Centre. A new Leisure Centre is currently under development nearby, which will offer a range of facilities including swimming p...","https://www.rightmove.co.uk/properties/159335519#/?channel=COM_LET","2025-03-12T17:07:27Z","","new","Marketed by Bradley Hall, Newcastle Upon Tyne","","54.993026","-1.699257","https://media.rightmove.co.uk:443/dir/crop/10:9-16:9/283k/282893/159335519/282893_CMR250014_L_IMG_00_0000_max_476x317.jpeg; https://media.rightmove.co.uk:443/dir/crop/10:9-16:9/283k/282893/159335519/282893_CMR250014_L_IMG_01_0000_max_476x317.jpeg; https://media.rightmove.co.uk:443/dir/crop/10:9-16:9/283k/282893/159335519/282893_CMR250014_L_IMG_02_0000_max_476x317.jpeg"
"159318974","Newcastle","Office","Bankside, The Watermark, Gateshead, Tyne and Wear, NE11","£1,083 pcm","","","","The property provides first floor office accommodation which is partitioned to provide one larger space and 3 smaller individual offices. There is also a kitchen and WCs.","https://www.rightmove.co.uk/properties/159318974#/?channel=COM_LET","2025-03-12T13:29:05Z","","new","Marketed by GFW, Covering North East","","54.962147","-1.671294","https://media.rightmove.co.uk:443/dir/crop/10:9-16:9/285k/284894/159318974/284894_COM250003_L_IMG_00_0000_max_476x317.jpeg; https://media.rightmove.co.uk:443/dir/crop/10:9-16:9/285k/284894/159318974/284894_COM250003_L_IMG_01_0000_max_476x317.jpeg"
"148465511","Newcastle","Office","Victoria House, Hampshire Court, Newcastle Business Park, Newcastle Upon Tyne, NE4 7YL","£9,365 pcm","","","","Office To Let, Newcastle Upon Tyne","https://www.rightmove.co.uk/properties/148465511#/?channel=COM_LET","2024-05-28T14:23:39Z","","size_change","Marketed by Avison Young (UK) Limited, Offices","","54.960793","-1.638529","https://media.rightmove.co.uk:443/dir/crop/10:9-16:9/57k/56478/148465511/56478_109281-2_IMG_13_0000_max_476x317.jpeg; https://media.rightmove.co.uk:443/dir/crop/10:9-16:9/57k/56478/148465511/56478_109281-2_IMG_14_0000_max_476x317.jpeg; https://media.rightmove.co.uk:443/dir/crop/10:9-16:9/57k/56478/148465511/56478_109281-2_IMG_08_0000_max_476x317.jpeg; https://media.rightmove.co.uk:443/dir/crop/10:9-16:9/57k/56478/148465511/56478_109281-2_IMG_07_0000_max_476x317.jpeg; https://media.rightmove.co.uk:443/dir/crop/10:9-16:9/57k/56478/148465511/56478_109281-2_IMG_10_0000_max_476x317.jpeg; https://media.rightmove.co.uk:443/dir/crop/10:9-16:9/57k/56478/148465511/56478_109281-2_IMG_00_0000_max_476x317.jpeg; https://media.rightmove.co.uk:443/dir/crop/10:9-16:9/57k/56478/148465511/56478_109281-2_IMG_11_0000_max_476x317.jpeg; https://media.rightmove.co.uk:443/dir/crop/10:9-16:9/57k/56478/148465511/56478_109281-2_IMG_01_0000_max_476x317.jpeg; https://media.rightmove.co.uk:443/dir/crop/10:9-16:9/57k/56478/148465511/56478_109281-2_IMG_06_0000_max_476x317.jpeg; https://media.rightmove.co.uk:443/dir/crop/10:9-16:9/57k/56478/148465511/56478_109281-2_IMG_12_0000_max_476x317.jpeg"
"159192884","Newcastle","Office","The Corner, Newcastle Upon Tyne, NE1","£1,177 pcm","","","","Tenants can benefit from fantastic facilities including; concierge style service, admin support, conference facilities, air conditioning units, meeting rooms and 24 hour access. Fully serviced offices are available to rent front facing over Mosley Street with partial views of Grey Stre...","https://www.rightmove.co.uk/properties/159192884#/?channel=COM_LET","2025-03-10T08:46:10Z","","new","Marketed by Bradley Hall, Newcastle Upon Tyne","","54.970662","-1.610525","https://media.rightmove.co.uk:443/dir/crop/10:9-16:9/283k/282893/159192884/282893_NUT250032_L_IMG_00_0000_max_476x317.jpeg; https://media.rightmove.co.uk:443/dir/crop/10:9-16:9/283k/282893/159192884/282893_NUT250032_L_IMG_01_0000_max_476x317.jpeg; https://media.rightmove.co.uk:443/dir/crop/10:9-16:9/283k/282893/159192884/282893_NUT250032_L_IMG_02_0000_max_476x317.jpeg; https://media.rightmove.co.uk:443/dir/crop/10:9-16:9/283k/282893/159192884/282893_NUT250032_L_IMG_03_0000_max_476x317.jpeg"
"51810951","Newcastle","Serviced Office","Quayside, Newcastle Upon Tyne, NE1","£189 pcm","From","","4","Work in a vibrant coworking space at Rotterdam House, Newcastle. Reserve a desk or hot-desk and enjoy modern offices, stunning views, and excellent amenities.","https://www.rightmove.co.uk/properties/51810951#/?channel=COM_LET","2017-11-24T08:15:00Z","","price_reduced","Marketed by IW Group Services (UK) Limited, Regus","","54.9713","-1.59757","https://media.rightmove.co.uk:443/dir/crop/10:9-16:9/130k/129853/51810951/129853_UKcw250_IMG_13_0000_max_476x317.jpeg; https://media.rightmove.co.uk:443/dir/crop/10:9-16:9/130k/129853/51810951/129853_cwClothMarket_IMG_04_0000_max_476x317.jpg; https://media.rightmove.co.uk:443/dir/crop/10:9-16:9/130k/129853/51810951/129853_UKcw250_IMG_11_0000_max_476x317.jpg; https://media.rightmove.co.uk:443/dir/crop/10:9-16:9/130k/129853/51810951/129853_UKcw250_IMG_05_0000_max_476x317.jpg; https://media.rightmove.co.uk:443/dir/crop/10:9-16:9/130k/129853/51810951/129853_UKcw250_IMG_12_0000_max_476x317.jpg"
"51810831","Newcastle","Serviced Office","Quayside, Newcastle Upon Tyne, NE1","£289 pcm","From","","4","Find office space in Regus Newcastle Quayside for 1 person with everything taken care of","https://www.rightmove.co.uk/properties/51810831#/?channel=COM_LET","2017-11-24T07:55:01Z","","price_reduced","Marketed by IW Group Services (UK) Limited, Regus","","54.9713","-1.59757","https://media.rightmove.co.uk:443/dir/crop/10:9-16:9/130k/129853/51810831/129853_1wsClothMarket_IMG_02_0000_max_476x317.jpg; https://media.rightmove.co.uk:443/dir/crop/10:9-16:9/130k/129853/51810831/129853_UK1ws250_IMG_03_0000_max_476x317.jpg; https://media.rightmove.co.uk:443/dir/crop/10:9-16:9/130k/129853/51810831/129853_UK1ws250_IMG_04_0000_max_476x317.jpg; https://media.rightmove.co.uk:443/dir/crop/10:9-16:9/130k/129853/51810831/129853_UK1ws250_IMG_06_0000_max_476x317.jpg; https://media.rightmove.co.uk:443/dir/crop/10:9-16:9/130k/129853/51810831/129853_UK1ws250_IMG_05_0000_max_476x317.jpg"
"51810843","Newcastle","Serviced Office","Quayside, Newcastle Upon Tyne, NE1","£929 pcm","From","","4","Find office space in Regus Newcastle Quayside for 5 people with everything taken care of ","https://www.rightmove.co.uk/properties/51810843#/?channel=COM_LET","2017-11-24T08:00:20Z","","price_reduced","Marketed by IW Group Services (UK) Limited, Regus","","54.9713","-1.59757","https://media.rightmove.co.uk:443/dir/crop/10:9-16:9/130k/129853/51810843/129853_UK5ws250_IMG_11_0000_max_476x317.jpeg; https://media.rightmove.co.uk:443/dir/crop/10:9-16:9/130k/129853/51810843/129853_5wsClothMarket_IMG_03_0000_max_476x317.jpg; https://media.rightmove.co.uk:443/dir/crop/10:9-16:9/130k/129853/51810843/129853_UK5ws250_IMG_09_0000_max_476x317.jpg; https://media.rightmove.co.uk:443/dir/crop/10:9-16:9/130k/129853/51810843/129853_UK5ws250_IMG_07_0000_max_476x317.jpg; https://media.rightmove.co.uk:443/dir/crop/10:9-16:9/130k/129853/51810843/129853_UK5ws250_IMG_04_0000_max_476x317.jpg; https://media.rightmove.co.uk:443/dir/crop/10:9-16:9/130k/129853/51810843/129853_UK5ws250_IMG_10_0000_max_476x317.jpg"
"51810972","Newcastle","Serviced Office","Quayside, Newcastle Upon Tyne, NE1","£3,109 pcm","From","","4","Book open plan office space for businesses of all sizes in Regus Newcastle Quayside","https://www.rightmove.co.uk/properties/51810972#/?channel=COM_LET","2017-11-24T08:19:34Z","","price_reduced","Marketed by IW Group Services (UK) Limited, Regus","","54.9713","-1.59757","https://media.rightmove.co.uk:443/dir/crop/10:9-16:9/130k/129853/51810972/129853_UKop250_IMG_05_0000_max_476x317.jpg; https://media.rightmove.co.uk:443/dir/crop/10:9-16:9/130k/129853/51810972/129853_opClothMarket_IMG_04_0000_max_476x317.jpg; https://media.rightmove.co.uk:443/dir/crop/10:9-16:9/130k/129853/51810972/129853_UKop250_IMG_11_0000_max_476x317.jpg; https://media.rightmove.co.uk:443/dir/crop/10:9-16:9/130k/129853/51810972/129853_UKop250_IMG_12_0000_max_476x317.jpg; https://media.rightmove.co.uk:443/dir/crop/10:9-16:9/130k/129853/51810972/129853_UKop250_IMG_14_0000_max_476x317.jpeg; https://media.rightmove.co.uk:443/dir/crop/10:9-16:9/130k/129853/51810972/129853_UKop250_IMG_13_0000_max_476x317.jpeg"
"722864389500496","Newcastle","Office","Portland House, New Bridge Street West, Newcastle upon Tyne, NE1 8AL","£4,792 pcm","","","","Newly refurbished Grade A Office, one suite remaining extending to 2,300 sq ft.","https://www.rightmove.co.uk/properties/722864389500496#/?channel=COM_LET","2025-12-03T10:52:05Z","","size_change","Marketed by Parker Knights, Newcastle","","54.974582","-1.609812","https://media.rightmove.co.uk:443/dir/crop/10:9-16:9/253k/252818/722864389500496/252818_273665-2_IMG_00_0000_max_476x317.jpeg; https://media.rightmove.co.uk:443/dir/crop/10:9-16:9/253k/252818/722864389500496/252818_273665-2_IMG_01_0000_max_476x317.jpeg; https://media.rightmove.co.uk:443/dir/crop/10:9-16:9/253k/252818/722864389500496/252818_273665-2_IMG_02_0000_max_476x317.jpeg; https://media.rightmove.co.uk:443/dir/crop/10:9-16:9/253k/252818/722864389500496/252818_273665-2_IMG_03_0000_max_476x317.jpeg; https://media.rightmove.co.uk:443/dir/crop/10:9-16:9/253k/252818/722864389500496/252818_273665-2_IMG_04_0000_max_476x317.jpeg; https://media.rightmove.co.uk:443/dir/crop/10:9-16:9/253k/252818/722864389500496/252818_273665-2_IMG_05_0000_max_476x317.jpeg; https://media.rightmove.co.uk:443/dir/crop/10:9-16:9/253k/252818/722864389500496/252818_273665-2_IMG_06_0000_max_476x317.jpeg; https://media.rightmove.co.uk:443/dir/crop/10:9-16:9/253k/252818/722864389500496/252818_273665-2_IMG_07_0000_max_476x317.jpeg; https://media.rightmove.co.uk:443/dir/crop/10:9-16:9/253k/252818/722864389500496/252818_273665-2_IMG_08_0000_max_476x317.jpeg; https://media.rightmove.co.uk:443/dir/crop/10:9-16:9/253k/252818/722864389500496/252818_273665-2_IMG_09_0000_max_476x317.jpeg; https://media.rightmove.co.uk:443/dir/crop/10:9-16:9/253k/252818/722864389500496/252818_273665-2_IMG_10_0000_max_476x317.jpeg; https://media.rightmove.co.uk:443/dir/crop/10:9-16:9/253k/252818/722864389500496/252818_273665-2_IMG_11_0000_max_476x317.jpeg; https://media.rightmove.co.uk:443/dir/crop/10:9-16:9/253k/252818/722864389500496/252818_273665-2_IMG_12_0000_max_476x317.jpeg; https://media.rightmove.co.uk:443/dir/crop/10:9-16:9/253k/252818/722864389500496/252818_273665-2_IMG_13_0000_max_476x317.jpeg; https://media.rightmove.co.uk:443/dir/crop/10:9-16:9/253k/252818/722864389500496/252818_273665-2_IMG_14_0000_max_476x317.jpeg; https://media.rightmove.co.uk:443/dir/crop/10:9-16:9/253k/252818/722864389500496/252818_273665-2_IMG_15_0000_max_476x317.jpeg; https://media.rightmove.co.uk:443/dir/crop/10:9-16:9/253k/252818/722864389500496/252818_273665-2_IMG_16_0000_max_476x317.jpeg; https://media.rightmove.co.uk:443/dir/crop/10:9-16:9/253k/252818/722864389500496/252818_273665-2_IMG_17_0000_max_476x317.jpeg; https://media.rightmove.co.uk:443/dir/crop/10:9-16:9/253k/252818/722864389500496/252818_273665-2_IMG_18_0000_max_476x317.jpeg; https://media.rightmove.co.uk:443/dir/crop/10:9-16:9/253k/252818/722864389500496/252818_273665-2_IMG_19_0000_max_476x317.jpeg; https://media.rightmove.co.uk:443/dir/crop/10:9-16:9/253k/252818/722864389500496/252818_273665-2_IMG_20_0000_max_476x317.jpeg; https://media.rightmove.co.uk:443/dir/crop/10:9-16:9/253k/252818/722864389500496/252818_273665-2_IMG_21_0000_max_476x317.jpeg; https://media.rightmove.co.uk:443/dir/crop/10:9-16:9/253k/252818/722864389500496/252818_273665-2_IMG_22_0000_max_476x317.jpeg"
"158699240","Newcastle","Office","Cragside Business Centre, 2nd Floor, Cragside House, Heaton Road, Newcastle Upon Tyne, NE6","£243 pcm","","","","Serviced offices suites from 85 sq ft upwards Flexible terms available ","https://www.rightmove.co.uk/properties/158699240#/?channel=COM_LET","2025-02-25T20:36:16Z","","new","Marketed by GFW, Covering North East","","54.979579","-1.579704","https://media.rightmove.co.uk:443/dir/crop/10:9-16:9/285k/284894/158699240/284894_DSA240055_L_IMG_00_0000_max_476x317.jpeg; https://media.rightmove.co.uk:443/dir/crop/10:9-16:9/285k/284894/158699240/284894_DSA240055_L_IMG_01_0000_max_476x317.jpeg; https://media.rightmove.co.uk:443/dir/crop/10:9-16:9/285k/284894/158699240/284894_DSA240055_L_IMG_02_0000_max_476x317.jpeg; https://media.rightmove.co.uk:443/dir/crop/10:9-16:9/285k/284894/158699240/284894_DSA240055_L_IMG_03_0000_max_476x317.jpeg; https://media.rightmove.co.uk:443/dir/crop/10:9-16:9/285k/284894/158699240/284894_DSA240055_L_IMG_04_0000_max_476x317.jpeg; https://media.rightmove.co.uk:443/dir/crop/10:9-16:9/285k/284894/158699240/284894_DSA240055_L_IMG_05_0000_max_476x317.jpeg"
"158629274","Newcastle","Light Industrial","Bellway Industrial Estate - Units 1-17,  Whitley Road, Newcastle-upon-Tyne, NE12 9SW","£2,295 pcm","From","","","The industrial unit is accessed through a roller shutter door and has plenty of clearance space to unload articulated lorries. ","https://www.rightmove.co.uk/properties/158629274#/?channel=COM_LET","2025-02-24T14:03:03Z","","new","Marketed by Mileway Real Estate UK Limited, Newcastle","","55.0164","-1.5506","https://media.rightmove.co.uk:443/dir/crop/10:9-16:9/107k/106865/158629274/106865_63B5GARQCZrDs4tsmyekRv_IMG_06_0000_max_476x317.jpeg; https://media.rightmove.co.uk:443/dir/crop/10:9-16:9/107k/106865/158629274/106865_63B5GARQCZrDs4tsmyekRv_IMG_01_0000_max_476x317.jpeg; https://media.rightmove.co.uk:443/dir/crop/10:9-16:9/107k/106865/158629274/106865_63B5GARQCZrDs4tsmyekRv_IMG_02_0000_max_476x317.jpeg; https://media.rightmove.co.uk:443/dir/crop/10:9-16:9/107k/106865/158629274/106865_63B5GARQCZrDs4tsmyekRv_IMG_03_0000_max_476x317.jpeg; https://media.rightmove.co.uk:443/dir/crop/10:9-16:9/107k/106865/158629274/106865_63B5GARQCZrDs4tsmyekRv_IMG_04_0000_max_476x317.jpeg; https://media.rightmove.co.uk:443/dir/crop/10:9-16:9/107k/106865/158629274/106865_63B5GARQCZrDs4tsmyekRv_IMG_05_0000_max_476x317.jpeg"
"86968719","Newcastle","Office","Weymouth House, Hampshire Court, Newcastle Upon Tyne, Newcastle Business Park, NE4 7YG","£10,849 pcm","","","","Newly Refurbished Grade A Office Space","https://www.rightmove.co.uk/properties/86968719#/?channel=COM_LET","2024-09-06T10:50:55Z","","size_change","Marketed by JLL, Leeds - Offices","","54.960759","-1.636568","https://media.rightmove.co.uk:443/dir/crop/10:9-16:9/property-photo/4a28cc0e5/86968719/4a28cc0e5e4ed05d3b56dbd1cc436b3e_max_476x317.jpeg; https://media.rightmove.co.uk:443/dir/crop/10:9-16:9/property-photo/db8a5c627/86968719/db8a5c6270223b631c58e6e1c78f4853_max_476x317.jpeg; https://media.rightmove.co.uk:443/dir/crop/10:9-16:9/property-photo/eed571a09/86968719/eed571a09c09513237ff013c09d229a2_max_476x317.jpeg; https://media.rightmove.co.uk:443/dir/crop/10:9-16:9/property-photo/d7657f812/86968719/d7657f812aba1d876a6dac01a4ddc236_max_476x317.jpeg"
"148499537","Newcastle","Warehouse","Denmark Street Industrial Estate, Newcastle upon Tyne, NE6 2XF","POA","","","","Industrial Units to Let","https://www.rightmove.co.uk/properties/148499537#/?channel=COM_LET","2024-05-29T11:42:25Z","","size_change","Marketed by Savills, Newcastle - Industrial","","54.978561","-1.578074","https://media.rightmove.co.uk:443/dir/crop/10:9-16:9/239k/238871/148499537/238871_213386-2_IMG_00_0000_max_476x317.jpeg; https://media.rightmove.co.uk:443/dir/crop/10:9-16:9/239k/238871/148499537/238871_213386-2_IMG_02_0000_max_476x317.jpeg; https://media.rightmove.co.uk:443/dir/crop/10:9-16:9/239k/238871/148499537/238871_213386-2_IMG_01_0000_max_476x317.jpeg; https://media.rightmove.co.uk:443/dir/crop/10:9-16:9/239k/238871/148499537/238871_213386-2_IMG_03_0000_max_476x317.jpeg; https://media.rightmove.co.uk:443/dir/crop/10:9-16:9/239k/238871/148499537/238871_213386-2_IMG_04_0000_max_476x317.jpeg"
"99445901","Newcastle","Office","Keel House, Garth Heads, Newcastle Upon Tyne, NE1","POA","","","","EAST SUITE, GROUND FLOOR. 2,831 sq ft grade A office suite to let with bespoke fit-out available. Benefitting from an elevated position with panoramic views of the Quayside and access to a private balcony. ","https://www.rightmove.co.uk/properties/99445901#/?channel=COM_LET","2020-11-04T09:46:36Z","","size_change","Marketed by Adderstone Asset Management Limited, Newcastle","","54.97123","-1.60304","https://media.rightmove.co.uk:443/dir/crop/10:9-16:9/181k/180227/99445901/180227_KeelHouse_IMG_25_0000_max_476x317.jpeg; https://media.rightmove.co.uk:443/dir/crop/10:9-16:9/181k/180227/99445901/180227_KeelHouse_IMG_17_0000_max_476x317.jpeg; https://media.rightmove.co.uk:443/dir/crop/10:9-16:9/181k/180227/99445901/180227_KeelHouse_IMG_19_0000_max_476x317.jpeg; https://media.rightmove.co.uk:443/dir/crop/10:9-16:9/181k/180227/99445901/180227_KeelHouse_IMG_09_0000_max_476x317.jpeg; https://media.rightmove.co.uk:443/dir/crop/10:9-16:9/181k/180227/99445901/180227_KeelHouse_IMG_22_0000_max_476x317.jpeg; https://media.rightmove.co.uk:443/dir/crop/10:9-16:9/181k/180227/99445901/180227_KeelHouse_IMG_26_0000_max_476x317.jpeg; https://media.rightmove.co.uk:443/dir/crop/10:9-16:9/181k/180227/99445901/180227_KeelHouse_IMG_24_0000_max_476x317.jpeg; https://media.rightmove.co.uk:443/dir/crop/10:9-16:9/181k/180227/99445901/180227_KeelHouse_IMG_23_0000_max_476x317.jpeg; https://media.rightmove.co.uk:443/dir/crop/10:9-16:9/181k/180227/99445901/180227_KeelHouse_IMG_18_0000_max_476x317.jpeg; https://media.rightmove.co.uk:443/dir/crop/10:9-16:9/181k/180227/99445901/180227_KeelHouse_IMG_20_0000_max_476x317.jpeg; https://media.rightmove.co.uk:443/dir/crop/10:9-16:9/181k/180227/99445901/180227_KeelHouse_IMG_03_0000_max_476x317.jpeg; https://media.rightmove.co.uk:443/dir/crop/10:9-16:9/181k/180227/99445901/180227_KeelHouse_IMG_15_0000_max_476x317.jpeg; https://media.rightmove.co.uk:443/dir/crop/10:9-16:9/181k/180227/99445901/180227_KeelHouse_IMG_13_0000_max_476x317.jpeg; https://media.rightmove.co.uk:443/dir/crop/10:9-16:9/181k/180227/99445901/180227_KeelHouse_IMG_21_0000_max_476x317.jpeg; https://media.rightmove.co.uk:443/dir/crop/10:9-16:9/181k/180227/99445901/180227_KeelHouse_IMG_10_0000_max_476x317.jpeg; https://media.rightmove.co.uk:443/dir/crop/10:9-16:9/181k/180227/99445901/180227_KeelHouse_IMG_11_0000_max_476x317.jpeg; https://media.rightmove.co.uk:443/dir/crop/10:9-16:9/181k/180227/99445901/180227_KeelHouse_IMG_12_0000_max_476x317.jpeg; https://media.rightmove.co.uk:443/dir/crop/10:9-16:9/181k/180227/99445901/180227_KeelHouse_IMG_14_0000_max_476x317.jpeg; https://media.rightmove.co.uk:443/dir/crop/10:9-16:9/181k/180227/99445901/180227_KeelHouse_IMG_16_0000_max_476x317.jpeg; https://media.rightmove.co.uk:443/dir/crop/10:9-16:9/181k/180227/99445901/180227_KeelHouse_IMG_02_0000_max_476x317.jpeg"
"147704813","Newcastle","Office","New England House, 10 Ridley Place, Newcastle Upon Tyne, Tyne And Wear, NE1 8JW","£736 pcm","From","","","The building is made up of upper floor office suites situated within New England House, which is a modern multi let office building. The main entrance from Ridley Place fronting New England House provides a main lobby together with two 8-person lifts. The property also has the benefit of a sec...","https://www.rightmove.co.uk/properties/147704813#/?channel=COM_LET","2024-05-07T16:59:05Z","","size_change","Marketed by Naylors Gavin Black LLP, Newcastle Upon Tyne","","54.977055","-1.612087","https://media.rightmove.co.uk:443/dir/crop/10:9-16:9/101k/100681/147704813/100681_3085LH_IMG_00_0000_max_476x317.jpeg; https://media.rightmove.co.uk:443/dir/crop/10:9-16:9/101k/100681/147704813/100681_3085LH_IMG_09_0000_max_476x317.jpeg; https://media.rightmove.co.uk:443/dir/crop/10:9-16:9/101k/100681/147704813/100681_3085LH_IMG_10_0000_max_476x317.jpeg; https://media.rightmove.co.uk:443/dir/crop/10:9-16:9/101k/100681/147704813/100681_3085LH_IMG_11_0000_max_476x317.jpeg; https://media.rightmove.co.uk:443/dir/crop/10:9-16:9/101k/100681/147704813/100681_3085LH_IMG_08_0000_max_476x317.jpeg; https://media.rightmove.co.uk:443/dir/crop/10:9-16:9/101k/100681/147704813/100681_3085LH_IMG_12_0000_max_476x317.jpeg; https://media.rightmove.co.uk:443/dir/crop/10:9-16:9/101k/100681/147704813/100681_3085LH_IMG_01_0000_max_476x317.jpeg"
"158224985","Newcastle","Office","Spire Platinum Suites, Newcastle Upon Tyne, NE1","£1,950 pcm","From","","","Fronting the Tyne Bridge and overlooking the vibrant Quayside, Spire Newcastle offers incredible views and an unbeatable location. The building has been recently fully refurbished to create designer ultra all inclusive workspace with a business lounge hosting a large variety of amenities. ","https://www.rightmove.co.uk/properties/158224985#/?channel=COM_LET","2025-02-13T15:25:10Z","","price_reduced","Marketed by CENTRAL SPACE LIMITED, Head Office","","54.97001","-1.60764","https://media.rightmove.co.uk:443/dir/crop/10:9-16:9/property-photo/00d2c0a81/158224985/00d2c0a8105a7132ae52de7a8047afc3_max_476x317.jpeg; https://media.rightmove.co.uk:443/dir/crop/10:9-16:9/property-photo/ce004889c/158224985/ce004889cd5d0664e15e1e4b61fc079e_max_476x317.jpeg; https://media.rightmove.co.uk:443/dir/crop/10:9-16:9/property-photo/b46b6b460/158224985/b46b6b46017b98bc1ea352be9a41aa0c_max_476x317.jpeg; https://media.rightmove.co.uk:443/dir/crop/10:9-16:9/property-photo/9ba24eeb4/158224985/9ba24eeb4d0deb5362fdd33ce627d40a_max_476x317.jpeg; https://media.rightmove.co.uk:443/dir/crop/10:9-16:9/property-photo/718517a05/158224985/718517a05e6565e5e3d8ecd52e9abca3_max_476x317.jpeg; https://media.rightmove.co.uk:443/dir/crop/10:9-16:9/property-photo/fde54b644/158224985/fde54b6448652b40eced285e72b94c45_max_476x317.jpeg; https://media.rightmove.co.uk:443/dir/crop/10:9-16:9/property-photo/8fea2d31c/158224985/8fea2d31c9322058513097e8236369af_max_476x317.jpeg; https://media.rightmove.co.uk:443/dir/crop/10:9-16:9/property-photo/32bb205f4/158224985/32bb205f498291cf35a2cade38626a23_max_476x317.jpeg; https://media.rightmove.co.uk:443/dir/crop/10:9-16:9/property-photo/9db8e561b/158224985/9db8e561bbc716943568bcd6a656a00a_max_476x317.jpeg; https://media.rightmove.co.uk:443/dir/crop/10:9-16:9/property-photo/fe547dda6/158224985/fe547dda61345a8613f69fe16ccb9bf1_max_476x317.jpeg; https://media.rightmove.co.uk:443/dir/crop/10:9-16:9/property-photo/af7689a8f/158224985/af7689a8f110feec2697bf7b89877453_max_476x317.jpeg; https://media.rightmove.co.uk:443/dir/crop/10:9-16:9/property-photo/400a5afe8/158224985/400a5afe8f1caa3c48814dbb83440e08_max_476x317.jpeg; https://media.rightmove.co.uk:443/dir/crop/10:9-16:9/property-photo/880f455dd/158224985/880f455dd2ad71e5de7ba1bde76296e6_max_476x317.jpeg; https://media.rightmove.co.uk:443/dir/crop/10:9-16:9/property-photo/f9fdecc24/158224985/f9fdecc24ea2c603975c651041b34130_max_476x317.jpeg; https://media.rightmove.co.uk:443/dir/crop/10:9-16:9/property-photo/9433577c5/158224985/9433577c53517ec5941b029a9041e561_max_476x317.jpeg; https://media.rightmove.co.uk:443/dir/crop/10:9-16:9/property-photo/835159dcf/158224985/835159dcf6940a507f3246e9e2f0950b_max_476x317.jpeg; https://media.rightmove.co.uk:443/dir/crop/10:9-16:9/property-photo/2dc26f706/158224985/2dc26f706fefc93d78d70264b757a137_max_476x317.jpeg; https://media.rightmove.co.uk:443/dir/crop/10:9-16:9/property-photo/beb53fea8/158224985/beb53fea8e7103d45c291af43de73ac5_max_476x317.jpeg; https://media.rightmove.co.uk:443/dir/crop/10:9-16:9/property-photo/28762873b/158224985/28762873b727096c7a0dc8a84b2bbf4f_max_476x317.jpeg; https://media.rightmove.co.uk:443/dir/crop/10:9-16:9/property-photo/9db8f54d0/158224985/9db8f54d08599757848a6dcfec18ec3e_max_476x317.jpeg; https://media.rightmove.co.uk:443/dir/crop/10:9-16:9/property-photo/7821935a3/158224985/7821935a37677784b6331071b1be937b_max_476x317.jpeg; https://media.rightmove.co.uk:443/dir/crop/10:9-16:9/property-photo/be85b9c63/158224985/be85b9c63f05306ea0d55e9994bcbf8f_max_476x317.jpeg; https://media.rightmove.co.uk:443/dir/crop/10:9-16:9/property-photo/229883cd8/158224985/229883cd8b64dee81edd26aa610036da_max_476x317.jpeg; https://media.rightmove.co.uk:443/dir/crop/10:9-16:9/property-photo/548ebee79/158224985/548ebee793d631438d9330570188832e_max_476x317.jpeg; https://media.rightmove.co.uk:443/dir/crop/10:9-16:9/property-photo/fb0ab48f5/158224985/fb0ab48f5cda48d563d89dd8b2fbfb7d_max_476x317.jpeg; https://media.rightmove.co.uk:443/dir/crop/10:9-16:9/property-photo/582bd1033/158224985/582bd1033ae2fed325c65028e84414f1_max_476x317.jpeg"
"87153456","Newcastle","Office","Spire Platinum Suites, Newcastle Upon Tyne, NE1","POA","","","","Fronting the Tyne Bridge and overlooking the vibrant Quayside, Spire Newcastle offers incredible views and an unbeatable location. The building has been recently fully refurbished to create designer ultra all inclusive workspace with a business lounge hosting a large variety of amenities. ","https://www.rightmove.co.uk/properties/87153456#/?channel=COM_LET","2025-05-12T10:40:25Z","","price_reduced","Marketed by CENTRAL SPACE LIMITED, Head Office","","54.97001","-1.60764","https://media.rightmove.co.uk:443/dir/crop/10:9-16:9/81k/80268/87153456/80268_SP009_IMG_11_0000_max_476x317.jpeg; https://media.rightmove.co.uk:443/dir/crop/10:9-16:9/81k/80268/87153456/80268_SP009_IMG_00_0000_max_476x317.jpeg; https://media.rightmove.co.uk:443/dir/crop/10:9-16:9/81k/80268/87153456/80268_SP009_IMG_01_0000_max_476x317.jpeg; https://media.rightmove.co.uk:443/dir/crop/10:9-16:9/81k/80268/87153456/80268_SP009_IMG_02_0000_max_476x317.jpeg; https://media.rightmove.co.uk:443/dir/crop/10:9-16:9/81k/80268/87153456/80268_SP009_IMG_03_0000_max_476x317.jpeg; https://media.rightmove.co.uk:443/dir/crop/10:9-16:9/81k/80268/87153456/80268_SP009_IMG_04_0000_max_476x317.jpeg; https://media.rightmove.co.uk:443/dir/crop/10:9-16:9/81k/80268/87153456/80268_SP009_IMG_05_0000_max_476x317.jpeg; https://media.rightmove.co.uk:443/dir/crop/10:9-16:9/81k/80268/87153456/80268_SP009_IMG_06_0000_max_476x317.jpeg; https://media.rightmove.co.uk:443/dir/crop/10:9-16:9/81k/80268/87153456/80268_SP009_IMG_07_0000_max_476x317.jpeg; https://media.rightmove.co.uk:443/dir/crop/10:9-16:9/81k/80268/87153456/80268_SP009_IMG_08_0000_max_476x317.jpeg; https://media.rightmove.co.uk:443/dir/crop/10:9-16:9/81k/80268/87153456/80268_SP009_IMG_09_0000_max_476x317.jpeg; https://media.rightmove.co.uk:443/dir/crop/10:9-16:9/81k/80268/87153456/80268_SP009_IMG_10_0000_max_476x317.jpeg; https://media.rightmove.co.uk:443/dir/crop/10:9-16:9/81k/80268/87153456/80268_SP009_IMG_12_0000_max_476x317.jpeg; https://media.rightmove.co.uk:443/dir/crop/10:9-16:9/81k/80268/87153456/80268_SP009_IMG_13_0000_max_476x317.jpeg; https://media.rightmove.co.uk:443/dir/crop/10:9-16:9/81k/80268/87153456/80268_SP009_IMG_14_0000_max_476x317.jpeg; https://media.rightmove.co.uk:443/dir/crop/10:9-16:9/81k/80268/87153456/80268_SP009_IMG_15_0000_max_476x317.jpeg; https://media.rightmove.co.uk:443/dir/crop/10:9-16:9/81k/80268/87153456/80268_SP009_IMG_16_0000_max_476x317.jpeg; https://media.rightmove.co.uk:443/dir/crop/10:9-16:9/81k/80268/87153456/80268_SP009_IMG_17_0000_max_476x317.jpeg; https://media.rightmove.co.uk:443/dir/crop/10:9-16:9/81k/80268/87153456/80268_SP009_IMG_18_0000_max_476x317.jpeg; https://media.rightmove.co.uk:443/dir/crop/10:9-16:9/81k/80268/87153456/80268_SP009_IMG_19_0000_max_476x317.jpeg; https://media.rightmove.co.uk:443/dir/crop/10:9-16:9/81k/80268/87153456/80268_SP009_IMG_20_0000_max_476x317.jpeg; https://media.rightmove.co.uk:443/dir/crop/10:9-16:9/81k/80268/87153456/80268_SP009_IMG_21_0000_max_476x317.jpeg; https://media.rightmove.co.uk:443/dir/crop/10:9-16:9/81k/80268/87153456/80268_SP009_IMG_22_0000_max_476x317.jpeg; https://media.rightmove.co.uk:443/dir/crop/10:9-16:9/81k/80268/87153456/80268_SP009_IMG_23_0000_max_476x317.jpeg; https://media.rightmove.co.uk:443/dir/crop/10:9-16:9/81k/80268/87153456/80268_SP009_IMG_24_0000_max_476x317.jpeg; https://media.rightmove.co.uk:443/dir/crop/10:9-16:9/81k/80268/87153456/80268_SP009_IMG_25_0000_max_476x317.jpeg"
"158104523","Newcastle","Office","Newcastle Upon Tyne, Tyne and Wear, NE6","£417 pcm","","","","A rare chance to let one of a number of park buildings across the city and operate from a lush green setting in Newcastle upon Tyne. Current commercial availability starting from £5,000 (£/annum) - exclusive of rates and utilities.","https://www.rightmove.co.uk/properties/158104523#/?channel=COM_LET","2025-02-11T14:28:36Z","","new","Marketed by GFW, Covering North East","","54.971562","-1.54847","https://media.rightmove.co.uk:443/dir/crop/10:9-16:9/285k/284894/158104523/284894_BAC230289_L_IMG_00_0000_max_476x317.jpeg; https://media.rightmove.co.uk:443/dir/crop/10:9-16:9/285k/284894/158104523/284894_BAC230289_L_IMG_01_0000_max_476x317.jpeg; https://media.rightmove.co.uk:443/dir/crop/10:9-16:9/285k/284894/158104523/284894_BAC230289_L_IMG_02_0000_max_476x317.jpeg; https://media.rightmove.co.uk:443/dir/crop/10:9-16:9/285k/284894/158104523/284894_BAC230289_L_IMG_03_0000_max_476x317.jpeg; https://media.rightmove.co.uk:443/dir/crop/10:9-16:9/285k/284894/158104523/284894_BAC230289_L_IMG_04_0000_max_476x317.jpeg; https://media.rightmove.co.uk:443/dir/crop/10:9-16:9/285k/284894/158104523/284894_BAC230289_L_IMG_05_0000_max_476x317.jpeg"
"159600908","Newcastle","Office","The Spark, Newcastle Helix, St. James Boulevard, Newcastle Upon Tyne, NE4 5DE","£8,095 pcm","","","","Brand new Grade A offices","https://www.rightmove.co.uk/properties/159600908#/?channel=COM_LET","2025-03-19T11:11:03Z","","size_change","Marketed by Savills, Newcastle - Offices","","54.972334","-1.624558","https://media.rightmove.co.uk:443/dir/crop/10:9-16:9/82k/81666/159600908/81666_108313-2_IMG_00_0000_max_476x317.jpeg; https://media.rightmove.co.uk:443/dir/crop/10:9-16:9/82k/81666/159600908/81666_108313-2_IMG_01_0000_max_476x317.jpeg; https://media.rightmove.co.uk:443/dir/crop/10:9-16:9/82k/81666/159600908/81666_108313-2_IMG_02_0000_max_476x317.jpeg; https://media.rightmove.co.uk:443/dir/crop/10:9-16:9/82k/81666/159600908/81666_108313-2_IMG_03_0000_max_476x317.jpeg"
"158044601","Newcastle","Office","Metro Centre East Business Park, Gateshead, NE11","£6,667 pcm","","","","The subject property comprises a detached office premises which is arranged over ground and first floor. Internally, there is a shared entrance, leading to both of the suites. The accommodation provides a modern office fit out with dedicated cellular offices and boardrooms. The offices also benef...","https://www.rightmove.co.uk/properties/158044601#/?channel=COM_LET","2025-02-10T14:31:52Z","","new","Marketed by Bradley Hall, Newcastle Upon Tyne","","54.957646","-1.659933","https://media.rightmove.co.uk:443/dir/crop/10:9-16:9/283k/282893/158044601/282893_NUT220054_L_IMG_07_0000_max_476x317.jpeg; https://media.rightmove.co.uk:443/dir/crop/10:9-16:9/283k/282893/158044601/282893_NUT220054_L_IMG_08_0000_max_476x317.jpeg; https://media.rightmove.co.uk:443/dir/crop/10:9-16:9/283k/282893/158044601/282893_NUT220054_L_IMG_09_0000_max_476x317.jpeg; https://media.rightmove.co.uk:443/dir/crop/10:9-16:9/283k/282893/158044601/282893_NUT220054_L_IMG_10_0000_max_476x317.jpeg; https://media.rightmove.co.uk:443/dir/crop/10:9-16:9/283k/282893/158044601/282893_NUT220054_L_IMG_01_0000_max_476x317.jpeg; https://media.rightmove.co.uk:443/dir/crop/10:9-16:9/283k/282893/158044601/282893_NUT220054_L_IMG_11_0000_max_476x317.jpeg; https://media.rightmove.co.uk:443/dir/crop/10:9-16:9/283k/282893/158044601/282893_NUT220054_L_IMG_05_0000_max_476x317.jpeg; https://media.rightmove.co.uk:443/dir/crop/10:9-16:9/283k/282893/158044601/282893_NUT220054_L_IMG_00_0000_max_476x317.jpeg; https://media.rightmove.co.uk:443/dir/crop/10:9-16:9/283k/282893/158044601/282893_NUT220054_L_IMG_06_0000_max_476x317.jpeg"
"158037350","Newcastle","Office","Metro Centre East Business Park, Waterside Drive, NE11","£917 pcm","","","","The subject property comprises a detached office building which is arranged over ground and first floor. There is currently a ground floor suite and a first floor suite available. The office suites comprise of a large open plan area with additional storage space and both suites benefit...","https://www.rightmove.co.uk/properties/158037350#/?channel=COM_LET","2025-02-10T12:49:53Z","","new","Marketed by Bradley Hall, Newcastle Upon Tyne","","54.95735","-1.656273","https://media.rightmove.co.uk:443/dir/crop/10:9-16:9/283k/282893/158037350/282893_NUT220003_L_IMG_00_0001_max_476x317.jpeg; https://media.rightmove.co.uk:443/dir/crop/10:9-16:9/283k/282893/158037350/282893_NUT220003_L_IMG_01_0000_max_476x317.jpeg; https://media.rightmove.co.uk:443/dir/crop/10:9-16:9/283k/282893/158037350/282893_NUT220003_L_IMG_02_0000_max_476x317.jpeg; https://media.rightmove.co.uk:443/dir/crop/10:9-16:9/283k/282893/158037350/282893_NUT220003_L_IMG_03_0000_max_476x317.jpeg"
"158000786","Newcastle","Office","The Racquets Court","£540 pcm","From","","","A rare example in NE1 of a restored iconic building, retaining its most magnificent features. The result is an exceptional, fully managed workspace where your team will thrive. Distinctive and elegant, The Racquets Court is 4 minutes' walk from M&S, Metro and Buses. ","https://www.rightmove.co.uk/properties/158000786#/?channel=COM_LET","2025-02-09T11:15:53Z","","size_change","Marketed by The Racquets Court, Newcastle Upon Tyne","","54.97656","-1.6097","https://media.rightmove.co.uk:443/dir/crop/10:9-16:9/279k/278402/158000786/278402_TRCO24_IMG_30_0000_max_476x317.png; https://media.rightmove.co.uk:443/dir/crop/10:9-16:9/279k/278402/158000786/278402_TRCO24_IMG_09_0000_max_476x317.jpeg; https://media.rightmove.co.uk:443/dir/crop/10:9-16:9/279k/278402/158000786/278402_TRCO24_IMG_15_0000_max_476x317.jpeg; https://media.rightmove.co.uk:443/dir/crop/10:9-16:9/279k/278402/158000786/278402_TRCO24_IMG_29_0000_max_476x317.png; https://media.rightmove.co.uk:443/dir/crop/10:9-16:9/279k/278402/158000786/278402_TRCO24_IMG_06_0000_max_476x317.jpeg; https://media.rightmove.co.uk:443/dir/crop/10:9-16:9/279k/278402/158000786/278402_TRCO24_IMG_00_0000_max_476x317.jpeg; https://media.rightmove.co.uk:443/dir/crop/10:9-16:9/279k/278402/158000786/278402_TRCO24_IMG_01_0000_max_476x317.jpeg; https://media.rightmove.co.uk:443/dir/crop/10:9-16:9/279k/278402/158000786/278402_TRCO24_IMG_02_0000_max_476x317.jpeg; https://media.rightmove.co.uk:443/dir/crop/10:9-16:9/279k/278402/158000786/278402_TRCO24_IMG_03_0000_max_476x317.jpeg; https://media.rightmove.co.uk:443/dir/crop/10:9-16:9/279k/278402/158000786/278402_TRCO24_IMG_04_0000_max_476x317.jpeg; https://media.rightmove.co.uk:443/dir/crop/10:9-16:9/279k/278402/158000786/278402_TRCO24_IMG_07_0000_max_476x317.jpeg; https://media.rightmove.co.uk:443/dir/crop/10:9-16:9/279k/278402/158000786/278402_TRCO24_IMG_08_0000_max_476x317.jpeg; https://media.rightmove.co.uk:443/dir/crop/10:9-16:9/279k/278402/158000786/278402_TRCO24_IMG_10_0000_max_476x317.jpeg; https://media.rightmove.co.uk:443/dir/crop/10:9-16:9/279k/278402/158000786/278402_TRCO24_IMG_11_0000_max_476x317.jpeg; https://media.rightmove.co.uk:443/dir/crop/10:9-16:9/279k/278402/158000786/278402_TRCO24_IMG_12_0000_max_476x317.jpeg; https://media.rightmove.co.uk:443/dir/crop/10:9-16:9/279k/278402/158000786/278402_TRCO24_IMG_13_0000_max_476x317.jpeg; https://media.rightmove.co.uk:443/dir/crop/10:9-16:9/279k/278402/158000786/278402_TRCO24_IMG_14_0000_max_476x317.jpeg; https://media.rightmove.co.uk:443/dir/crop/10:9-16:9/279k/278402/158000786/278402_TRCO24_IMG_16_0000_max_476x317.jpeg; https://media.rightmove.co.uk:443/dir/crop/10:9-16:9/279k/278402/158000786/278402_TRCO24_IMG_17_0000_max_476x317.jpeg; https://media.rightmove.co.uk:443/dir/crop/10:9-16:9/279k/278402/158000786/278402_TRCO24_IMG_27_0000_max_476x317.png; https://media.rightmove.co.uk:443/dir/crop/10:9-16:9/279k/278402/158000786/278402_TRCO24_IMG_28_0000_max_476x317.jpeg; https://media.rightmove.co.uk:443/dir/crop/10:9-16:9/279k/278402/158000786/278402_TRCO24_IMG_18_0000_max_476x317.jpeg; https://media.rightmove.co.uk:443/dir/crop/10:9-16:9/279k/278402/158000786/278402_TRCO24_IMG_19_0000_max_476x317.jpeg; https://media.rightmove.co.uk:443/dir/crop/10:9-16:9/279k/278402/158000786/278402_TRCO24_IMG_20_0000_max_476x317.jpeg; https://media.rightmove.co.uk:443/dir/crop/10:9-16:9/279k/278402/158000786/278402_TRCO24_IMG_21_0000_max_476x317.jpeg; https://media.rightmove.co.uk:443/dir/crop/10:9-16:9/279k/278402/158000786/278402_TRCO24_IMG_22_0000_max_476x317.png; https://media.rightmove.co.uk:443/dir/crop/10:9-16:9/279k/278402/158000786/278402_TRCO24_IMG_23_0000_max_476x317.jpeg; https://media.rightmove.co.uk:443/dir/crop/10:9-16:9/279k/278402/158000786/278402_TRCO24_IMG_24_0000_max_476x317.jpeg; https://media.rightmove.co.uk:443/dir/crop/10:9-16:9/279k/278402/158000786/278402_TRCO24_IMG_25_0000_max_476x317.jpeg; https://media.rightmove.co.uk:443/dir/crop/10:9-16:9/279k/278402/158000786/278402_TRCO24_IMG_26_0000_max_476x317.jpeg"
"157965458","Newcastle","Office","The Racquets Court","£270 pcm","From","","","5 minutes' walk from M&S, John Lewis and City Centre amenities, The Racquets Court is a high tech restoration of an 1880's sports hall, retaining its magnificent features. German & Italian furniture, fully fitted kitchen and other amenities enhance productivity in a stunning coworking space.","https://www.rightmove.co.uk/properties/157965458#/?channel=COM_LET","2025-02-07T17:37:16Z","","size_change","Marketed by The Racquets Court, Newcastle Upon Tyne","","54.97656","-1.6097","https://media.rightmove.co.uk:443/dir/crop/10:9-16:9/279k/278402/157965458/278402_TRCOF23_IMG_15_0000_max_476x317.jpeg; https://media.rightmove.co.uk:443/dir/crop/10:9-16:9/279k/278402/157965458/278402_TRCOF23_IMG_00_0000_max_476x317.jpeg; https://media.rightmove.co.uk:443/dir/crop/10:9-16:9/279k/278402/157965458/278402_TRCOF23_IMG_01_0000_max_476x317.jpeg; https://media.rightmove.co.uk:443/dir/crop/10:9-16:9/279k/278402/157965458/278402_TRCOF23_IMG_02_0000_max_476x317.jpeg; https://media.rightmove.co.uk:443/dir/crop/10:9-16:9/279k/278402/157965458/278402_TRCOF23_IMG_03_0000_max_476x317.jpeg; https://media.rightmove.co.uk:443/dir/crop/10:9-16:9/279k/278402/157965458/278402_TRCOF23_IMG_04_0000_max_476x317.jpeg; https://media.rightmove.co.uk:443/dir/crop/10:9-16:9/279k/278402/157965458/278402_TRCOF23_IMG_05_0000_max_476x317.jpeg; https://media.rightmove.co.uk:443/dir/crop/10:9-16:9/279k/278402/157965458/278402_TRCOF23_IMG_06_0000_max_476x317.jpeg; https://media.rightmove.co.uk:443/dir/crop/10:9-16:9/279k/278402/157965458/278402_TRCOF23_IMG_07_0000_max_476x317.jpeg; https://media.rightmove.co.uk:443/dir/crop/10:9-16:9/279k/278402/157965458/278402_TRCOF23_IMG_08_0000_max_476x317.jpeg; https://media.rightmove.co.uk:443/dir/crop/10:9-16:9/279k/278402/157965458/278402_TRCOF23_IMG_09_0000_max_476x317.jpeg; https://media.rightmove.co.uk:443/dir/crop/10:9-16:9/279k/278402/157965458/278402_TRCOF23_IMG_10_0000_max_476x317.jpeg; https://media.rightmove.co.uk:443/dir/crop/10:9-16:9/279k/278402/157965458/278402_TRCOF23_IMG_11_0000_max_476x317.jpeg; https://media.rightmove.co.uk:443/dir/crop/10:9-16:9/279k/278402/157965458/278402_TRCOF23_IMG_12_0000_max_476x317.jpeg; https://media.rightmove.co.uk:443/dir/crop/10:9-16:9/279k/278402/157965458/278402_TRCOF23_IMG_13_0000_max_476x317.jpeg; https://media.rightmove.co.uk:443/dir/crop/10:9-16:9/279k/278402/157965458/278402_TRCOF23_IMG_14_0000_max_476x317.jpeg; https://media.rightmove.co.uk:443/dir/crop/10:9-16:9/279k/278402/157965458/278402_TRCOF23_IMG_16_0000_max_476x317.jpeg; https://media.rightmove.co.uk:443/dir/crop/10:9-16:9/279k/278402/157965458/278402_TRCOF23_IMG_17_0000_max_476x317.jpeg; https://media.rightmove.co.uk:443/dir/crop/10:9-16:9/279k/278402/157965458/278402_TRCOF23_IMG_18_0000_max_476x317.jpeg; https://media.rightmove.co.uk:443/dir/crop/10:9-16:9/279k/278402/157965458/278402_TRCOF23_IMG_19_0000_max_476x317.jpeg; https://media.rightmove.co.uk:443/dir/crop/10:9-16:9/279k/278402/157965458/278402_TRCOF23_IMG_20_0000_max_476x317.jpeg; https://media.rightmove.co.uk:443/dir/crop/10:9-16:9/279k/278402/157965458/278402_TRCOF23_IMG_21_0000_max_476x317.png; https://media.rightmove.co.uk:443/dir/crop/10:9-16:9/279k/278402/157965458/278402_TRCOF23_IMG_22_0000_max_476x317.jpeg; https://media.rightmove.co.uk:443/dir/crop/10:9-16:9/279k/278402/157965458/278402_TRCOF23_IMG_23_0000_max_476x317.jpeg; https://media.rightmove.co.uk:443/dir/crop/10:9-16:9/279k/278402/157965458/278402_TRCOF23_IMG_24_0000_max_476x317.jpeg; https://media.rightmove.co.uk:443/dir/crop/10:9-16:9/279k/278402/157965458/278402_TRCOF23_IMG_25_0000_max_476x317.jpeg; https://media.rightmove.co.uk:443/dir/crop/10:9-16:9/279k/278402/157965458/278402_TRCOF23_IMG_26_0000_max_476x317.png; https://media.rightmove.co.uk:443/dir/crop/10:9-16:9/279k/278402/157965458/278402_TRCOF23_IMG_27_0000_max_476x317.jpeg; https://media.rightmove.co.uk:443/dir/crop/10:9-16:9/279k/278402/157965458/278402_TRCOF23_IMG_28_0000_max_476x317.png; https://media.rightmove.co.uk:443/dir/crop/10:9-16:9/279k/278402/157965458/278402_TRCOF23_IMG_29_0000_max_476x317.jpeg; https://media.rightmove.co.uk:443/dir/crop/10:9-16:9/279k/278402/157965458/278402_TRCOF23_IMG_30_0000_max_476x317.jpeg"
"148622426","Newcastle","Office","Central Square, Forth Street, Newcastle upon Tyne, Tyne and Wear, NE1","£2,967 pcm","","","","Grade A Office Neighbouring Newcastle Central Station Per sq ft £25.00 per sq ft Central Square offers a striking entrance experience with a full height atrium reception which features extensive breakout space and informal meeting facilities. The office itself is scheduled to u...","https://www.rightmove.co.uk/properties/148622426#/?channel=COM_LET","2024-05-31T18:06:12Z","","size_change","Marketed by Knight Frank, Newcastle - Commercial","","54.967723","-1.614598","https://media.rightmove.co.uk:443/dir/crop/10:9-16:9/156k/155516/148622426/155516_NCC012368097_IMG_00_0005_max_476x317.jpeg; https://media.rightmove.co.uk:443/dir/crop/10:9-16:9/156k/155516/148622426/155516_NCC012368097_IMG_01_0005_max_476x317.jpeg; https://media.rightmove.co.uk:443/dir/crop/10:9-16:9/156k/155516/148622426/155516_NCC012368097_IMG_02_0005_max_476x317.jpeg; https://media.rightmove.co.uk:443/dir/crop/10:9-16:9/156k/155516/148622426/155516_NCC012368097_IMG_03_0005_max_476x317.jpeg; https://media.rightmove.co.uk:443/dir/crop/10:9-16:9/156k/155516/148622426/155516_NCC012368097_IMG_04_0005_max_476x317.jpeg"
"155725145","Newcastle","Retail Property (high street)","Metropolitan House, Collingwood Street, Newcastle Upon Tyne, NE1","£10,000 pcm","","","","The subject property is situated on a prominent pitch and is available by way of a lease of the ground floor and basement level. The property is fully stripped and allows an incoming operator to immediately decorate in line with their brand design. The ground floor space presents the main t...","https://www.rightmove.co.uk/properties/155725145#/?channel=COM_LET","2024-12-06T09:47:47Z","","size_change","Marketed by Bradley Hall, Newcastle Upon Tyne","","54.96972","-1.61328","https://media.rightmove.co.uk:443/dir/crop/10:9-16:9/283k/282893/155725145/282893_NUT240272_L_IMG_00_0000_max_476x317.jpeg; https://media.rightmove.co.uk:443/dir/crop/10:9-16:9/283k/282893/155725145/282893_NUT240272_L_IMG_01_0000_max_476x317.jpeg; https://media.rightmove.co.uk:443/dir/crop/10:9-16:9/283k/282893/155725145/282893_NUT240272_L_IMG_02_0000_max_476x317.jpeg; https://media.rightmove.co.uk:443/dir/crop/10:9-16:9/283k/282893/155725145/282893_NUT240272_L_IMG_03_0000_max_476x317.jpeg; https://media.rightmove.co.uk:443/dir/crop/10:9-16:9/283k/282893/155725145/282893_NUT240272_L_IMG_04_0000_max_476x317.jpeg; https://media.rightmove.co.uk:443/dir/crop/10:9-16:9/283k/282893/155725145/282893_NUT240272_L_IMG_05_0000_max_476x317.jpeg; https://media.rightmove.co.uk:443/dir/crop/10:9-16:9/283k/282893/155725145/282893_NUT240272_L_IMG_06_0000_max_476x317.jpeg; https://media.rightmove.co.uk:443/dir/crop/10:9-16:9/283k/282893/155725145/282893_NUT240272_L_IMG_07_0000_max_476x317.jpeg"
"156957857","Newcastle","Retail Property (high street)","St. Marys Place, Newcastle Upon Tyne","£1,250 pcm","","","","TO LET - BASEMENT UNIT","https://www.rightmove.co.uk/properties/156957857#/?channel=COM_LET","2025-01-16T12:44:20Z","","size_change","Marketed by R A JACKSON & SON LLP, North Shields","","54.977699","-1.612492","https://media.rightmove.co.uk:443/dir/crop/10:9-16:9/244k/243566/156957857/243566_33608522_IMG_00_0000_max_476x317.jpeg; https://media.rightmove.co.uk:443/dir/crop/10:9-16:9/244k/243566/156957857/243566_33608522_IMG_01_0000_max_476x317.jpeg; https://media.rightmove.co.uk:443/dir/crop/10:9-16:9/244k/243566/156957857/243566_33608522_IMG_02_0000_max_476x317.jpeg"
"151680206","Newcastle","Office","The Racquets Court","£540 pcm","From","","2","5 minutes' walk from M&S, John Lewis and all City Centre amenities, The Racquets Court is a high tech restoration of an 1850's sports hall, retaining its most magnificent features. German & Italian furniture, fully fitted kitchen and many other amenities enhance productivity and creativity.","https://www.rightmove.co.uk/properties/151680206#/?channel=COM_LET","2024-08-23T15:13:04Z","","size_change","Marketed by The Racquets Court, Newcastle Upon Tyne","","54.97656","-1.6097","https://media.rightmove.co.uk:443/dir/crop/10:9-16:9/279k/278402/151680206/278402_FFTRC_IMG_11_0000_max_476x317.jpeg; https://media.rightmove.co.uk:443/dir/crop/10:9-16:9/279k/278402/151680206/278402_FFTRC_IMG_12_0000_max_476x317.jpeg; https://media.rightmove.co.uk:443/dir/crop/10:9-16:9/279k/278402/151680206/278402_FFTRC_IMG_04_0000_max_476x317.jpeg; https://media.rightmove.co.uk:443/dir/crop/10:9-16:9/279k/278402/151680206/278402_FFTRC_IMG_06_0000_max_476x317.jpeg; https://media.rightmove.co.uk:443/dir/crop/10:9-16:9/279k/278402/151680206/278402_FFTRC_IMG_01_0000_max_476x317.jpeg; https://media.rightmove.co.uk:443/dir/crop/10:9-16:9/279k/278402/151680206/278402_FFTRC_IMG_17_0000_max_476x317.jpeg; https://media.rightmove.co.uk:443/dir/crop/10:9-16:9/279k/278402/151680206/278402_FFTRC_IMG_21_0000_max_476x317.jpeg; https://media.rightmove.co.uk:443/dir/crop/10:9-16:9/279k/278402/151680206/278402_FFTRC_IMG_15_0000_max_476x317.png; https://media.rightmove.co.uk:443/dir/crop/10:9-16:9/279k/278402/151680206/278402_FFTRC_IMG_02_0000_max_476x317.jpeg; https://media.rightmove.co.uk:443/dir/crop/10:9-16:9/279k/278402/151680206/278402_FFTRC_IMG_05_0000_max_476x317.jpeg; https://media.rightmove.co.uk:443/dir/crop/10:9-16:9/279k/278402/151680206/278402_FFTRC_IMG_13_0000_max_476x317.jpeg; https://media.rightmove.co.uk:443/dir/crop/10:9-16:9/279k/278402/151680206/278402_FFTRC_IMG_16_0000_max_476x317.jpeg; https://media.rightmove.co.uk:443/dir/crop/10:9-16:9/279k/278402/151680206/278402_FFTRC_IMG_19_0000_max_476x317.jpeg; https://media.rightmove.co.uk:443/dir/crop/10:9-16:9/279k/278402/151680206/278402_FFTRC_IMG_20_0000_max_476x317.jpeg; https://media.rightmove.co.uk:443/dir/crop/10:9-16:9/279k/278402/151680206/278402_FFTRC_IMG_07_0000_max_476x317.jpeg; https://media.rightmove.co.uk:443/dir/crop/10:9-16:9/279k/278402/151680206/278402_FFTRC_IMG_10_0000_max_476x317.jpeg; https://media.rightmove.co.uk:443/dir/crop/10:9-16:9/279k/278402/151680206/278402_FFTRC_IMG_18_0000_max_476x317.jpeg; https://media.rightmove.co.uk:443/dir/crop/10:9-16:9/279k/278402/151680206/278402_FFTRC_IMG_23_0000_max_476x317.jpeg; https://media.rightmove.co.uk:443/dir/crop/10:9-16:9/279k/278402/151680206/278402_FFTRC_IMG_24_0000_max_476x317.jpeg; https://media.rightmove.co.uk:443/dir/crop/10:9-16:9/279k/278402/151680206/278402_FFTRC_IMG_25_0000_max_476x317.jpeg; https://media.rightmove.co.uk:443/dir/crop/10:9-16:9/279k/278402/151680206/278402_FFTRC_IMG_26_0000_max_476x317.jpeg; https://media.rightmove.co.uk:443/dir/crop/10:9-16:9/279k/278402/151680206/278402_FFTRC_IMG_27_0000_max_476x317.jpeg"
"151671962","Newcastle","Office","The Racquets Court","£1,406 pcm","From","","2","5 minutes' walk from M&S, John Lewis and City Centre amenities, The Racquets Court is a high tech restoration of an 1880's sports hall, retaining its magnificent features. German & Italian furniture, fully fitted kitchen and other amenities enhance productivity in a stunning coworking space.","https://www.rightmove.co.uk/properties/151671962#/?channel=COM_LET","2024-08-23T14:32:54Z","","price_reduced","Marketed by The Racquets Court, Newcastle Upon Tyne","","54.97656","-1.6097","https://media.rightmove.co.uk:443/dir/crop/10:9-16:9/279k/278402/151671962/278402_TRC_IMG_00_0000_max_476x317.jpeg; https://media.rightmove.co.uk:443/dir/crop/10:9-16:9/279k/278402/151671962/278402_TRC_IMG_01_0000_max_476x317.png; https://media.rightmove.co.uk:443/dir/crop/10:9-16:9/279k/278402/151671962/278402_TRC_IMG_10_0001_max_476x317.jpeg; https://media.rightmove.co.uk:443/dir/crop/10:9-16:9/279k/278402/151671962/278402_TRC_IMG_03_0000_max_476x317.jpeg; https://media.rightmove.co.uk:443/dir/crop/10:9-16:9/279k/278402/151671962/278402_TRC_IMG_02_0000_max_476x317.jpeg; https://media.rightmove.co.uk:443/dir/crop/10:9-16:9/279k/278402/151671962/278402_TRC_IMG_04_0000_max_476x317.jpeg; https://media.rightmove.co.uk:443/dir/crop/10:9-16:9/279k/278402/151671962/278402_TRC_IMG_07_0000_max_476x317.jpeg; https://media.rightmove.co.uk:443/dir/crop/10:9-16:9/279k/278402/151671962/278402_TRC_IMG_08_0000_max_476x317.jpeg; https://media.rightmove.co.uk:443/dir/crop/10:9-16:9/279k/278402/151671962/278402_TRC_IMG_09_0000_max_476x317.jpeg; https://media.rightmove.co.uk:443/dir/crop/10:9-16:9/279k/278402/151671962/278402_TRC_IMG_11_0000_max_476x317.jpeg; https://media.rightmove.co.uk:443/dir/crop/10:9-16:9/279k/278402/151671962/278402_TRC_IMG_12_0000_max_476x317.jpeg; https://media.rightmove.co.uk:443/dir/crop/10:9-16:9/279k/278402/151671962/278402_TRC_IMG_13_0000_max_476x317.jpeg; https://media.rightmove.co.uk:443/dir/crop/10:9-16:9/279k/278402/151671962/278402_TRC_IMG_14_0000_max_476x317.jpeg; https://media.rightmove.co.uk:443/dir/crop/10:9-16:9/279k/278402/151671962/278402_TRC_IMG_15_0000_max_476x317.jpeg; https://media.rightmove.co.uk:443/dir/crop/10:9-16:9/279k/278402/151671962/278402_TRC_IMG_16_0000_max_476x317.jpeg; https://media.rightmove.co.uk:443/dir/crop/10:9-16:9/279k/278402/151671962/278402_TRC_IMG_17_0000_max_476x317.jpeg; https://media.rightmove.co.uk:443/dir/crop/10:9-16:9/279k/278402/151671962/278402_TRC_IMG_18_0000_max_476x317.jpeg; https://media.rightmove.co.uk:443/dir/crop/10:9-16:9/279k/278402/151671962/278402_TRC_IMG_34_0000_max_476x317.jpeg; https://media.rightmove.co.uk:443/dir/crop/10:9-16:9/279k/278402/151671962/278402_TRC_IMG_22_0000_max_476x317.jpeg; https://media.rightmove.co.uk:443/dir/crop/10:9-16:9/279k/278402/151671962/278402_TRC_IMG_19_0000_max_476x317.jpeg; https://media.rightmove.co.uk:443/dir/crop/10:9-16:9/279k/278402/151671962/278402_TRC_IMG_20_0000_max_476x317.jpeg; https://media.rightmove.co.uk:443/dir/crop/10:9-16:9/279k/278402/151671962/278402_TRC_IMG_21_0000_max_476x317.jpeg; https://media.rightmove.co.uk:443/dir/crop/10:9-16:9/279k/278402/151671962/278402_TRC_IMG_23_0000_max_476x317.jpeg; https://media.rightmove.co.uk:443/dir/crop/10:9-16:9/279k/278402/151671962/278402_TRC_IMG_24_0000_max_476x317.jpeg; https://media.rightmove.co.uk:443/dir/crop/10:9-16:9/279k/278402/151671962/278402_TRC_IMG_25_0000_max_476x317.jpeg; https://media.rightmove.co.uk:443/dir/crop/10:9-16:9/279k/278402/151671962/278402_TRC_IMG_26_0000_max_476x317.jpeg; https://media.rightmove.co.uk:443/dir/crop/10:9-16:9/279k/278402/151671962/278402_TRC_IMG_27_0000_max_476x317.jpeg; https://media.rightmove.co.uk:443/dir/crop/10:9-16:9/279k/278402/151671962/278402_TRC_IMG_28_0000_max_476x317.jpeg; https://media.rightmove.co.uk:443/dir/crop/10:9-16:9/279k/278402/151671962/278402_TRC_IMG_29_0000_max_476x317.jpeg; https://media.rightmove.co.uk:443/dir/crop/10:9-16:9/279k/278402/151671962/278402_TRC_IMG_30_0000_max_476x317.png; https://media.rightmove.co.uk:443/dir/crop/10:9-16:9/279k/278402/151671962/278402_TRC_IMG_31_0000_max_476x317.jpeg; https://media.rightmove.co.uk:443/dir/crop/10:9-16:9/279k/278402/151671962/278402_TRC_IMG_32_0000_max_476x317.jpeg; https://media.rightmove.co.uk:443/dir/crop/10:9-16:9/279k/278402/151671962/278402_TRC_IMG_33_0000_max_476x317.png"
"157953314","Newcastle","Office","The Racquets Court Coworking","£270 pcm","From","","","5 minutes' walk from M&S, John Lewis and all City Centre amenities, The Racquets Court is a high tech restoration of an 1850's sports hall, retaining its most magnificent features. German & Italian furniture, fully fitted kitchen and many other amenities enhance productivity and creativity.","https://www.rightmove.co.uk/properties/157953314#/?channel=COM_LET","2025-02-07T15:17:49Z","","price_reduced","Marketed by The Racquets Court, Newcastle Upon Tyne","","54.97656","-1.6097","https://media.rightmove.co.uk:443/dir/crop/10:9-16:9/279k/278402/157953314/278402_TRCOF22_IMG_08_0000_max_476x317.jpeg; https://media.rightmove.co.uk:443/dir/crop/10:9-16:9/279k/278402/157953314/278402_TRCOF22_IMG_00_0000_max_476x317.jpeg; https://media.rightmove.co.uk:443/dir/crop/10:9-16:9/279k/278402/157953314/278402_TRCOF22_IMG_01_0000_max_476x317.jpeg; https://media.rightmove.co.uk:443/dir/crop/10:9-16:9/279k/278402/157953314/278402_TRCOF22_IMG_02_0000_max_476x317.jpeg; https://media.rightmove.co.uk:443/dir/crop/10:9-16:9/279k/278402/157953314/278402_TRCOF22_IMG_03_0000_max_476x317.jpeg; https://media.rightmove.co.uk:443/dir/crop/10:9-16:9/279k/278402/157953314/278402_TRCOF22_IMG_04_0000_max_476x317.jpeg; https://media.rightmove.co.uk:443/dir/crop/10:9-16:9/279k/278402/157953314/278402_TRCOF22_IMG_05_0000_max_476x317.jpeg; https://media.rightmove.co.uk:443/dir/crop/10:9-16:9/279k/278402/157953314/278402_TRCOF22_IMG_06_0000_max_476x317.jpeg; https://media.rightmove.co.uk:443/dir/crop/10:9-16:9/279k/278402/157953314/278402_TRCOF22_IMG_07_0000_max_476x317.jpeg; https://media.rightmove.co.uk:443/dir/crop/10:9-16:9/279k/278402/157953314/278402_TRCOF22_IMG_09_0000_max_476x317.jpeg; https://media.rightmove.co.uk:443/dir/crop/10:9-16:9/279k/278402/157953314/278402_TRCOF22_IMG_10_0000_max_476x317.jpeg; https://media.rightmove.co.uk:443/dir/crop/10:9-16:9/279k/278402/157953314/278402_TRCOF22_IMG_11_0000_max_476x317.jpeg; https://media.rightmove.co.uk:443/dir/crop/10:9-16:9/279k/278402/157953314/278402_TRCOF22_IMG_12_0000_max_476x317.jpeg; https://media.rightmove.co.uk:443/dir/crop/10:9-16:9/279k/278402/157953314/278402_TRCOF22_IMG_13_0000_max_476x317.jpeg; https://media.rightmove.co.uk:443/dir/crop/10:9-16:9/279k/278402/157953314/278402_TRCOF22_IMG_14_0000_max_476x317.jpeg; https://media.rightmove.co.uk:443/dir/crop/10:9-16:9/279k/278402/157953314/278402_TRCOF22_IMG_15_0000_max_476x317.jpeg; https://media.rightmove.co.uk:443/dir/crop/10:9-16:9/279k/278402/157953314/278402_TRCOF22_IMG_16_0000_max_476x317.jpeg; https://media.rightmove.co.uk:443/dir/crop/10:9-16:9/279k/278402/157953314/278402_TRCOF22_IMG_17_0000_max_476x317.jpeg; https://media.rightmove.co.uk:443/dir/crop/10:9-16:9/279k/278402/157953314/278402_TRCOF22_IMG_18_0000_max_476x317.jpeg; https://media.rightmove.co.uk:443/dir/crop/10:9-16:9/279k/278402/157953314/278402_TRCOF22_IMG_19_0000_max_476x317.jpeg; https://media.rightmove.co.uk:443/dir/crop/10:9-16:9/279k/278402/157953314/278402_TRCOF22_IMG_20_0000_max_476x317.jpeg; https://media.rightmove.co.uk:443/dir/crop/10:9-16:9/279k/278402/157953314/278402_TRCOF22_IMG_21_0000_max_476x317.png; https://media.rightmove.co.uk:443/dir/crop/10:9-16:9/279k/278402/157953314/278402_TRCOF22_IMG_22_0000_max_476x317.jpeg; https://media.rightmove.co.uk:443/dir/crop/10:9-16:9/279k/278402/157953314/278402_TRCOF22_IMG_23_0000_max_476x317.jpeg; https://media.rightmove.co.uk:443/dir/crop/10:9-16:9/279k/278402/157953314/278402_TRCOF22_IMG_24_0000_max_476x317.jpeg; https://media.rightmove.co.uk:443/dir/crop/10:9-16:9/279k/278402/157953314/278402_TRCOF22_IMG_25_0000_max_476x317.jpeg; https://media.rightmove.co.uk:443/dir/crop/10:9-16:9/279k/278402/157953314/278402_TRCOF22_IMG_26_0000_max_476x317.png; https://media.rightmove.co.uk:443/dir/crop/10:9-16:9/279k/278402/157953314/278402_TRCOF22_IMG_27_0000_max_476x317.jpeg; https://media.rightmove.co.uk:443/dir/crop/10:9-16:9/279k/278402/157953314/278402_TRCOF22_IMG_28_0000_max_476x317.png"
"157845497","Newcastle","Business Park","The Racquets Court","£270 pcm","From","","3","The Racquets Court is a high-tech restoration of an 1880s sports hall, which has retained its original, magnificent features. Located 5 minutes' walk from M&S, John Lewis, city centre amenities, the Metro and buses, the building features award winning Italian, Danish and German furniture","https://www.rightmove.co.uk/properties/157845497#/?channel=COM_LET","2025-02-05T19:53:54Z","","price_reduced","Marketed by The Racquets Court, Newcastle Upon Tyne","","54.97656","-1.6097","https://media.rightmove.co.uk:443/dir/crop/10:9-16:9/279k/278402/157845497/278402_TRCBP_IMG_00_0000_max_476x317.jpeg; https://media.rightmove.co.uk:443/dir/crop/10:9-16:9/279k/278402/157845497/278402_TRCBP_IMG_01_0000_max_476x317.jpeg; https://media.rightmove.co.uk:443/dir/crop/10:9-16:9/279k/278402/157845497/278402_TRCBP_IMG_02_0000_max_476x317.png; https://media.rightmove.co.uk:443/dir/crop/10:9-16:9/279k/278402/157845497/278402_TRCBP_IMG_03_0000_max_476x317.jpeg; https://media.rightmove.co.uk:443/dir/crop/10:9-16:9/279k/278402/157845497/278402_TRCBP_IMG_04_0000_max_476x317.jpeg; https://media.rightmove.co.uk:443/dir/crop/10:9-16:9/279k/278402/157845497/278402_TRCBP_IMG_05_0000_max_476x317.jpeg; https://media.rightmove.co.uk:443/dir/crop/10:9-16:9/279k/278402/157845497/278402_TRCBP_IMG_10_0000_max_476x317.jpeg; https://media.rightmove.co.uk:443/dir/crop/10:9-16:9/279k/278402/157845497/278402_TRCBP_IMG_06_0000_max_476x317.jpeg; https://media.rightmove.co.uk:443/dir/crop/10:9-16:9/279k/278402/157845497/278402_TRCBP_IMG_07_0000_max_476x317.jpeg; https://media.rightmove.co.uk:443/dir/crop/10:9-16:9/279k/278402/157845497/278402_TRCBP_IMG_08_0000_max_476x317.jpeg; https://media.rightmove.co.uk:443/dir/crop/10:9-16:9/279k/278402/157845497/278402_TRCBP_IMG_09_0000_max_476x317.jpeg; https://media.rightmove.co.uk:443/dir/crop/10:9-16:9/279k/278402/157845497/278402_TRCBP_IMG_11_0000_max_476x317.jpeg; https://media.rightmove.co.uk:443/dir/crop/10:9-16:9/279k/278402/157845497/278402_TRCBP_IMG_12_0000_max_476x317.jpeg; https://media.rightmove.co.uk:443/dir/crop/10:9-16:9/279k/278402/157845497/278402_TRCBP_IMG_13_0000_max_476x317.jpeg; https://media.rightmove.co.uk:443/dir/crop/10:9-16:9/279k/278402/157845497/278402_TRCBP_IMG_14_0000_max_476x317.jpeg"
"151684583","Newcastle","Serviced Office","The Racquets Court","£9,000 pcm","","","3","5 minutes' walk from M&S, John Lewis and all City Centre amenities, The Racquets Court is a high tech restoration of an 1850's sports hall, retaining its most magnificent features. German & Italian furniture, fully fitted kitchen and many other amenities enhance productivity and creativity.","https://www.rightmove.co.uk/properties/151684583#/?channel=COM_LET","2024-08-23T16:12:25Z","","size_change","Marketed by The Racquets Court, Newcastle Upon Tyne","","54.97656","-1.6097","https://media.rightmove.co.uk:443/dir/crop/10:9-16:9/279k/278402/151684583/278402_TRCPOD_IMG_01_0000_max_476x317.png; https://media.rightmove.co.uk:443/dir/crop/10:9-16:9/279k/278402/151684583/278402_TRCPOD_IMG_02_0000_max_476x317.jpeg; https://media.rightmove.co.uk:443/dir/crop/10:9-16:9/279k/278402/151684583/278402_TRCPOD_IMG_19_0000_max_476x317.jpeg; https://media.rightmove.co.uk:443/dir/crop/10:9-16:9/279k/278402/151684583/278402_TRCPOD_IMG_09_0000_max_476x317.jpeg; https://media.rightmove.co.uk:443/dir/crop/10:9-16:9/279k/278402/151684583/278402_TRCPOD_IMG_10_0000_max_476x317.jpeg; https://media.rightmove.co.uk:443/dir/crop/10:9-16:9/279k/278402/151684583/278402_TRCPOD_IMG_13_0000_max_476x317.jpeg; https://media.rightmove.co.uk:443/dir/crop/10:9-16:9/279k/278402/151684583/278402_TRCPOD_IMG_04_0000_max_476x317.jpeg; https://media.rightmove.co.uk:443/dir/crop/10:9-16:9/279k/278402/151684583/278402_TRCPOD_IMG_20_0000_max_476x317.jpeg; https://media.rightmove.co.uk:443/dir/crop/10:9-16:9/279k/278402/151684583/278402_TRCPOD_IMG_21_0000_max_476x317.jpeg; https://media.rightmove.co.uk:443/dir/crop/10:9-16:9/279k/278402/151684583/278402_TRCPOD_IMG_23_0000_max_476x317.jpeg; https://media.rightmove.co.uk:443/dir/crop/10:9-16:9/279k/278402/151684583/278402_TRCPOD_IMG_05_0000_max_476x317.jpeg; https://media.rightmove.co.uk:443/dir/crop/10:9-16:9/279k/278402/151684583/278402_TRCPOD_IMG_06_0000_max_476x317.jpeg; https://media.rightmove.co.uk:443/dir/crop/10:9-16:9/279k/278402/151684583/278402_TRCPOD_IMG_07_0000_max_476x317.jpeg; https://media.rightmove.co.uk:443/dir/crop/10:9-16:9/279k/278402/151684583/278402_TRCPOD_IMG_22_0000_max_476x317.jpeg; https://media.rightmove.co.uk:443/dir/crop/10:9-16:9/279k/278402/151684583/278402_TRCPOD_IMG_08_0000_max_476x317.jpeg; https://media.rightmove.co.uk:443/dir/crop/10:9-16:9/279k/278402/151684583/278402_TRCPOD_IMG_11_0000_max_476x317.jpeg; https://media.rightmove.co.uk:443/dir/crop/10:9-16:9/279k/278402/151684583/278402_TRCPOD_IMG_14_0000_max_476x317.jpeg; https://media.rightmove.co.uk:443/dir/crop/10:9-16:9/279k/278402/151684583/278402_TRCPOD_IMG_15_0000_max_476x317.jpeg; https://media.rightmove.co.uk:443/dir/crop/10:9-16:9/279k/278402/151684583/278402_TRCPOD_IMG_24_0000_max_476x317.jpeg; https://media.rightmove.co.uk:443/dir/crop/10:9-16:9/279k/278402/151684583/278402_TRCPOD_IMG_16_0000_max_476x317.jpeg; https://media.rightmove.co.uk:443/dir/crop/10:9-16:9/279k/278402/151684583/278402_TRCPOD_IMG_17_0000_max_476x317.jpeg; https://media.rightmove.co.uk:443/dir/crop/10:9-16:9/279k/278402/151684583/278402_TRCPOD_IMG_18_0000_max_476x317.jpeg"
"722864452438577","Newcastle","Office","The Bruce Building, 115 Percy Street, Newcastle upon Tyne, NE1 7RP","£4,942 pcm","","","","First floor serviced office to let extending to 617 sq ft","https://www.rightmove.co.uk/properties/722864452438577#/?channel=COM_LET","2025-12-03T10:53:05Z","","size_change","Marketed by Parker Knights, Newcastle","","54.977255","-1.614876","https://media.rightmove.co.uk:443/dir/crop/10:9-16:9/253k/252818/722864452438577/252818_273822-2_IMG_00_0000_max_476x317.jpeg; https://media.rightmove.co.uk:443/dir/crop/10:9-16:9/253k/252818/722864452438577/252818_273822-2_IMG_01_0000_max_476x317.jpeg; https://media.rightmove.co.uk:443/dir/crop/10:9-16:9/253k/252818/722864452438577/252818_273822-2_IMG_02_0000_max_476x317.jpeg; https://media.rightmove.co.uk:443/dir/crop/10:9-16:9/253k/252818/722864452438577/252818_273822-2_IMG_03_0000_max_476x317.jpeg; https://media.rightmove.co.uk:443/dir/crop/10:9-16:9/253k/252818/722864452438577/252818_273822-2_IMG_04_0000_max_476x317.jpeg; https://media.rightmove.co.uk:443/dir/crop/10:9-16:9/253k/252818/722864452438577/252818_273822-2_IMG_05_0000_max_476x317.jpeg; https://media.rightmove.co.uk:443/dir/crop/10:9-16:9/253k/252818/722864452438577/252818_273822-2_IMG_06_0000_max_476x317.jpeg; https://media.rightmove.co.uk:443/dir/crop/10:9-16:9/253k/252818/722864452438577/252818_273822-2_IMG_07_0000_max_476x317.jpeg; https://media.rightmove.co.uk:443/dir/crop/10:9-16:9/253k/252818/722864452438577/252818_273822-2_IMG_08_0000_max_476x317.jpeg; https://media.rightmove.co.uk:443/dir/crop/10:9-16:9/253k/252818/722864452438577/252818_273822-2_IMG_09_0000_max_476x317.jpeg; https://media.rightmove.co.uk:443/dir/crop/10:9-16:9/253k/252818/722864452438577/252818_273822-2_IMG_10_0000_max_476x317.jpeg; https://media.rightmove.co.uk:443/dir/crop/10:9-16:9/253k/252818/722864452438577/252818_273822-2_IMG_11_0000_max_476x317.jpeg; https://media.rightmove.co.uk:443/dir/crop/10:9-16:9/253k/252818/722864452438577/252818_273822-2_IMG_12_0000_max_476x317.jpeg; https://media.rightmove.co.uk:443/dir/crop/10:9-16:9/253k/252818/722864452438577/252818_273822-2_IMG_13_0000_max_476x317.jpeg; https://media.rightmove.co.uk:443/dir/crop/10:9-16:9/253k/252818/722864452438577/252818_273822-2_IMG_14_0000_max_476x317.jpeg; https://media.rightmove.co.uk:443/dir/crop/10:9-16:9/253k/252818/722864452438577/252818_273822-2_IMG_15_0000_max_476x317.jpeg"
"126557756","Newcastle","Office","No. 1 St James’ Gate, Newcastle Upon Tyne, NE1 4AD","£4,911 pcm","","","","High Quality Grade A Office space available to let within the heart of Newcastle city centre, from 2,562 sq ft to 16,440sq ft","https://www.rightmove.co.uk/properties/126557756#/?channel=COM_LET","2022-08-31T10:35:23Z","","size_change","Marketed by BNP Paribas Real Estate Advisory & Property Management UK Limited, Newcastle","","54.966348","-1.622716","https://media.rightmove.co.uk:443/dir/crop/10:9-16:9/242k/241244/126557756/241244_115454-2_IMG_00_0002_max_476x317.jpeg; https://media.rightmove.co.uk:443/dir/crop/10:9-16:9/242k/241244/126557756/241244_115454-2_IMG_01_0002_max_476x317.jpeg; https://media.rightmove.co.uk:443/dir/crop/10:9-16:9/242k/241244/126557756/241244_115454-2_IMG_03_0003_max_476x317.jpeg; https://media.rightmove.co.uk:443/dir/crop/10:9-16:9/242k/241244/126557756/241244_115454-2_IMG_05_0002_max_476x317.jpeg; https://media.rightmove.co.uk:443/dir/crop/10:9-16:9/242k/241244/126557756/241244_115454-2_IMG_08_0001_max_476x317.jpeg; https://media.rightmove.co.uk:443/dir/crop/10:9-16:9/242k/241244/126557756/241244_115454-2_IMG_07_0001_max_476x317.jpeg; https://media.rightmove.co.uk:443/dir/crop/10:9-16:9/242k/241244/126557756/241244_115454-2_IMG_10_0000_max_476x317.jpeg; https://media.rightmove.co.uk:443/dir/crop/10:9-16:9/242k/241244/126557756/241244_115454-2_IMG_09_0001_max_476x317.jpeg; https://media.rightmove.co.uk:443/dir/crop/10:9-16:9/242k/241244/126557756/241244_115454-2_IMG_13_0000_max_476x317.jpeg; https://media.rightmove.co.uk:443/dir/crop/10:9-16:9/242k/241244/126557756/241244_115454-2_IMG_16_0000_max_476x317.jpeg; https://media.rightmove.co.uk:443/dir/crop/10:9-16:9/242k/241244/126557756/241244_115454-2_IMG_12_0000_max_476x317.jpeg; https://media.rightmove.co.uk:443/dir/crop/10:9-16:9/242k/241244/126557756/241244_115454-2_IMG_14_0000_max_476x317.jpeg"
"157639157","Newcastle","Office","Pilgrim Place 2, Newcastle-Upon-Tyne, NE1 6QF","POA","","","","90,000 sq.ft of premium Grade A office space Pilgrim Place 2 is currently under construction and will provide occupiers with 90,000 sq.ft of high quality, Grade A office accommodation over 7 floors. The building is accessed through spacious double height ground floor reception. Each each offic...","https://www.rightmove.co.uk/properties/157639157#/?channel=COM_LET","2025-01-31T16:59:24Z","","size_change","Marketed by Knight Frank, Newcastle - Commercial","","54.972491","-1.610788","https://media.rightmove.co.uk:443/dir/crop/10:9-16:9/156k/155516/157639157/155516_CPD260730_IMG_00_0008_max_476x317.jpeg; https://media.rightmove.co.uk:443/dir/crop/10:9-16:9/156k/155516/157639157/155516_CPD260730_IMG_01_0002_max_476x317.jpeg; https://media.rightmove.co.uk:443/dir/crop/10:9-16:9/156k/155516/157639157/155516_CPD260730_IMG_02_0002_max_476x317.jpeg; https://media.rightmove.co.uk:443/dir/crop/10:9-16:9/156k/155516/157639157/155516_CPD260730_IMG_03_0000_max_476x317.jpeg"
"148465838","Newcastle","Office","2 Pilgrim Place, Pilgrim Street, Newcastle Upon Tyne, NE1 6XA","POA","","","","Office To Let, Newcastle Upon Tyne","https://www.rightmove.co.uk/properties/148465838#/?channel=COM_LET","2024-05-28T14:27:05Z","","size_change","Marketed by Avison Young (UK) Limited, Offices","","54.972571","-1.6105","https://media.rightmove.co.uk:443/dir/crop/10:9-16:9/property-photo/bc3353f83/148465838/bc3353f832bfa5918fafd3e29497475c_max_476x317.jpeg; https://media.rightmove.co.uk:443/dir/crop/10:9-16:9/property-photo/153ac529d/148465838/153ac529de00840ab34d71424a4c132a_max_476x317.jpeg; https://media.rightmove.co.uk:443/dir/crop/10:9-16:9/property-photo/ae6002e0d/148465838/ae6002e0d989f65b6476ab12a0263eaa_max_476x317.jpeg; https://media.rightmove.co.uk:443/dir/crop/10:9-16:9/property-photo/154f1419b/148465838/154f1419b5a13e39caa58e95fa42c6b2_max_476x317.jpeg; https://media.rightmove.co.uk:443/dir/crop/10:9-16:9/property-photo/261930405/148465838/261930405c64a02f952abf79a2a0e396_max_476x317.jpeg"
"157468346","Newcastle","Distribution Warehouse","1 Halifax Court, Dunston, Gateshead, NE11 9JT","£2,439 pcm","","","","374 m² (4,031 sq ft) with circa 50% showroom / office Per sq ft £7.26 per sq ft GENERAL Unit 1 forms part of a terrace comprising three units built in 2005 and benefits from the following specification: Steel portal frame construction Insulated steel cladding and roofing Concre...","https://www.rightmove.co.uk/properties/157468346#/?channel=COM_LET","2025-01-28T13:48:40Z","","new","Marketed by Knight Frank, Newcastle - Commercial","","54.954488","-1.653068","https://media.rightmove.co.uk:443/dir/crop/10:9-16:9/156k/155516/157468346/155516_NCC012579749_IMG_00_0002_max_476x317.jpeg; https://media.rightmove.co.uk:443/dir/crop/10:9-16:9/156k/155516/157468346/155516_NCC012579749_IMG_01_0002_max_476x317.jpeg; https://media.rightmove.co.uk:443/dir/crop/10:9-16:9/156k/155516/157468346/155516_NCC012579749_IMG_02_0002_max_476x317.jpeg; https://media.rightmove.co.uk:443/dir/crop/10:9-16:9/156k/155516/157468346/155516_NCC012579749_IMG_03_0002_max_476x317.jpeg; https://media.rightmove.co.uk:443/dir/crop/10:9-16:9/156k/155516/157468346/155516_NCC012579749_IMG_04_0002_max_476x317.jpeg; https://media.rightmove.co.uk:443/dir/crop/10:9-16:9/156k/155516/157468346/155516_NCC012579749_IMG_05_0002_max_476x317.jpeg; https://media.rightmove.co.uk:443/dir/crop/10:9-16:9/156k/155516/157468346/155516_NCC012579749_IMG_06_0002_max_476x317.jpeg; https://media.rightmove.co.uk:443/dir/crop/10:9-16:9/156k/155516/157468346/155516_NCC012579749_IMG_07_0002_max_476x317.jpeg; https://media.rightmove.co.uk:443/dir/crop/10:9-16:9/156k/155516/157468346/155516_NCC012579749_IMG_08_0002_max_476x317.jpeg; https://media.rightmove.co.uk:443/dir/crop/10:9-16:9/156k/155516/157468346/155516_NCC012579749_IMG_09_0002_max_476x317.jpeg"
"122371268","Newcastle","Office","The Curve, Newburn Riverside, Newcastle Upon Tyne, Tyne And Wear, NE15","POA","","","","THE CURVE IS ALL ABOUT INSPIRING COMMUNAL SPACES, NATURAL LIGHT IN ABUNDANCE AND A RANGE OF WORKSPACE TO OFFER A FIRST CLASS OCCUPIER EXPERIENCE LOCATION A modern Business Park uniquely located on the banks of the River Tyne. The CURVE has undergone a comprehensive refurbishment that will boast...","https://www.rightmove.co.uk/properties/122371268#/?channel=COM_LET","2022-04-13T16:44:42Z","","size_change","Marketed by Naylors Gavin Black LLP, Newcastle Upon Tyne","","54.970642","-1.710607","https://media.rightmove.co.uk:443/dir/crop/10:9-16:9/101k/100681/122371268/100681_2865LH_IMG_15_0000_max_476x317.jpeg; https://media.rightmove.co.uk:443/dir/crop/10:9-16:9/101k/100681/122371268/100681_2865LH_IMG_11_0000_max_476x317.jpeg; https://media.rightmove.co.uk:443/dir/crop/10:9-16:9/101k/100681/122371268/100681_2865LH_IMG_16_0000_max_476x317.jpeg; https://media.rightmove.co.uk:443/dir/crop/10:9-16:9/101k/100681/122371268/100681_2865LH_IMG_17_0000_max_476x317.jpeg; https://media.rightmove.co.uk:443/dir/crop/10:9-16:9/101k/100681/122371268/100681_2865LH_IMG_23_0000_max_476x317.jpeg; https://media.rightmove.co.uk:443/dir/crop/10:9-16:9/101k/100681/122371268/100681_2865LH_IMG_25_0000_max_476x317.jpeg; https://media.rightmove.co.uk:443/dir/crop/10:9-16:9/101k/100681/122371268/100681_2865LH_IMG_26_0000_max_476x317.jpeg; https://media.rightmove.co.uk:443/dir/crop/10:9-16:9/101k/100681/122371268/100681_2865LH_IMG_27_0000_max_476x317.jpeg; https://media.rightmove.co.uk:443/dir/crop/10:9-16:9/101k/100681/122371268/100681_2865LH_IMG_28_0000_max_476x317.jpeg; https://media.rightmove.co.uk:443/dir/crop/10:9-16:9/101k/100681/122371268/100681_2865LH_IMG_29_0000_max_476x317.jpeg; https://media.rightmove.co.uk:443/dir/crop/10:9-16:9/101k/100681/122371268/100681_2865LH_IMG_30_0000_max_476x317.jpeg; https://media.rightmove.co.uk:443/dir/crop/10:9-16:9/101k/100681/122371268/100681_2865LH_IMG_31_0000_max_476x317.jpeg; https://media.rightmove.co.uk:443/dir/crop/10:9-16:9/101k/100681/122371268/100681_2865LH_IMG_32_0000_max_476x317.jpeg; https://media.rightmove.co.uk:443/dir/crop/10:9-16:9/101k/100681/122371268/100681_2865LH_IMG_33_0000_max_476x317.jpeg; https://media.rightmove.co.uk:443/dir/crop/10:9-16:9/101k/100681/122371268/100681_2865LH_IMG_34_0000_max_476x317.jpeg"
"148622354","Newcastle","Office","The Bruce Building, 115 Percy Street, Newcastle upon Tyne, Tyne and Wear, NE1","£1,875 pcm","","","","Prime City Centre Location Office Space Per sq ft £12.00 per sq ft Bruce Building comprises a Grade II listed, National Heritage building with exceptional character features. The property was initially designed by Joseph Oswald and was built as the headquarters of Newcastle...","https://www.rightmove.co.uk/properties/148622354#/?channel=COM_LET","2024-05-31T18:05:07Z","","price_reduced","Marketed by Knight Frank, Newcastle - Commercial","","54.9777","-1.6147","https://media.rightmove.co.uk:443/dir/crop/10:9-16:9/156k/155516/148622354/155516_NCC012329917_IMG_00_0007_max_476x317.jpeg; https://media.rightmove.co.uk:443/dir/crop/10:9-16:9/156k/155516/148622354/155516_NCC012329917_IMG_01_0007_max_476x317.jpeg; https://media.rightmove.co.uk:443/dir/crop/10:9-16:9/156k/155516/148622354/155516_NCC012329917_IMG_02_0007_max_476x317.jpeg; https://media.rightmove.co.uk:443/dir/crop/10:9-16:9/156k/155516/148622354/155516_NCC012329917_IMG_03_0007_max_476x317.jpeg; https://media.rightmove.co.uk:443/dir/crop/10:9-16:9/156k/155516/148622354/155516_NCC012329917_IMG_04_0007_max_476x317.jpeg; https://media.rightmove.co.uk:443/dir/crop/10:9-16:9/156k/155516/148622354/155516_NCC012329917_IMG_05_0007_max_476x317.jpeg; https://media.rightmove.co.uk:443/dir/crop/10:9-16:9/156k/155516/148622354/155516_NCC012329917_IMG_06_0007_max_476x317.jpeg; https://media.rightmove.co.uk:443/dir/crop/10:9-16:9/156k/155516/148622354/155516_NCC012329917_IMG_07_0007_max_476x317.jpeg; https://media.rightmove.co.uk:443/dir/crop/10:9-16:9/156k/155516/148622354/155516_NCC012329917_IMG_08_0007_max_476x317.jpeg; https://media.rightmove.co.uk:443/dir/crop/10:9-16:9/156k/155516/148622354/155516_NCC012329917_IMG_09_0007_max_476x317.jpeg; https://media.rightmove.co.uk:443/dir/crop/10:9-16:9/156k/155516/148622354/155516_NCC012329917_IMG_10_0007_max_476x317.jpeg; https://media.rightmove.co.uk:443/dir/crop/10:9-16:9/156k/155516/148622354/155516_NCC012329917_IMG_11_0002_max_476x317.jpeg; https://media.rightmove.co.uk:443/dir/crop/10:9-16:9/156k/155516/148622354/155516_NCC012329917_IMG_12_0002_max_476x317.jpeg; https://media.rightmove.co.uk:443/dir/crop/10:9-16:9/156k/155516/148622354/155516_NCC012329917_IMG_13_0002_max_476x317.jpeg; https://media.rightmove.co.uk:443/dir/crop/10:9-16:9/156k/155516/148622354/155516_NCC012329917_IMG_14_0002_max_476x317.jpeg; https://media.rightmove.co.uk:443/dir/crop/10:9-16:9/156k/155516/148622354/155516_NCC012329917_IMG_15_0002_max_476x317.jpeg; https://media.rightmove.co.uk:443/dir/crop/10:9-16:9/156k/155516/148622354/155516_NCC012329917_IMG_16_0002_max_476x317.jpeg; https://media.rightmove.co.uk:443/dir/crop/10:9-16:9/156k/155516/148622354/155516_NCC012329917_IMG_17_0002_max_476x317.jpeg; https://media.rightmove.co.uk:443/dir/crop/10:9-16:9/156k/155516/148622354/155516_NCC012329917_IMG_18_0002_max_476x317.jpeg; https://media.rightmove.co.uk:443/dir/crop/10:9-16:9/156k/155516/148622354/155516_NCC012329917_IMG_19_0002_max_476x317.jpeg; https://media.rightmove.co.uk:443/dir/crop/10:9-16:9/156k/155516/148622354/155516_NCC012329917_IMG_20_0002_max_476x317.jpeg; https://media.rightmove.co.uk:443/dir/crop/10:9-16:9/156k/155516/148622354/155516_NCC012329917_IMG_21_0002_max_476x317.jpeg; https://media.rightmove.co.uk:443/dir/crop/10:9-16:9/156k/155516/148622354/155516_NCC012329917_IMG_22_0002_max_476x317.jpeg; https://media.rightmove.co.uk:443/dir/crop/10:9-16:9/156k/155516/148622354/155516_NCC012329917_IMG_23_0002_max_476x317.jpeg; https://media.rightmove.co.uk:443/dir/crop/10:9-16:9/156k/155516/148622354/155516_NCC012329917_IMG_24_0002_max_476x317.jpeg"
"126557756","Newcastle","Office","No. 1 St James’ Gate, Newcastle Upon Tyne, NE1 4AD","£4,911 pcm","","","","High Quality Grade A Office space available to let within the heart of Newcastle city centre, from 2,562 sq ft to 16,440sq ft","https://www.rightmove.co.uk/properties/126557756#/?channel=COM_LET","2022-08-31T10:35:23Z","","size_change","Marketed by BNP Paribas Real Estate Advisory & Property Management UK Limited, Newcastle","","54.966348","-1.622716","https://media.rightmove.co.uk:443/dir/crop/10:9-16:9/242k/241244/126557756/241244_115454-2_IMG_00_0002_max_476x317.jpeg; https://media.rightmove.co.uk:443/dir/crop/10:9-16:9/242k/241244/126557756/241244_115454-2_IMG_01_0002_max_476x317.jpeg; https://media.rightmove.co.uk:443/dir/crop/10:9-16:9/242k/241244/126557756/241244_115454-2_IMG_03_0003_max_476x317.jpeg; https://media.rightmove.co.uk:443/dir/crop/10:9-16:9/242k/241244/126557756/241244_115454-2_IMG_05_0002_max_476x317.jpeg; https://media.rightmove.co.uk:443/dir/crop/10:9-16:9/242k/241244/126557756/241244_115454-2_IMG_08_0001_max_476x317.jpeg; https://media.rightmove.co.uk:443/dir/crop/10:9-16:9/242k/241244/126557756/241244_115454-2_IMG_07_0001_max_476x317.jpeg; https://media.rightmove.co.uk:443/dir/crop/10:9-16:9/242k/241244/126557756/241244_115454-2_IMG_10_0000_max_476x317.jpeg; https://media.rightmove.co.uk:443/dir/crop/10:9-16:9/242k/241244/126557756/241244_115454-2_IMG_09_0001_max_476x317.jpeg; https://media.rightmove.co.uk:443/dir/crop/10:9-16:9/242k/241244/126557756/241244_115454-2_IMG_13_0000_max_476x317.jpeg; https://media.rightmove.co.uk:443/dir/crop/10:9-16:9/242k/241244/126557756/241244_115454-2_IMG_16_0000_max_476x317.jpeg; https://media.rightmove.co.uk:443/dir/crop/10:9-16:9/242k/241244/126557756/241244_115454-2_IMG_12_0000_max_476x317.jpeg; https://media.rightmove.co.uk:443/dir/crop/10:9-16:9/242k/241244/126557756/241244_115454-2_IMG_14_0000_max_476x317.jpeg"
"104771714","Newcastle","Office","Q4 | Quorum Business Park, Longbenton, Newcastle, NE12 8EZ","£3,500 pcm","From","","","Grade A Office Space available at Quorum Business Park. Quarter, Half, and Whole floor plates available with fit-out included.","https://www.rightmove.co.uk/properties/104771714#/?channel=COM_LET","2021-03-30T15:17:12Z","","size_change","Marketed by Hurstwood, Manchester","","55.01875","-1.582212","https://media.rightmove.co.uk:443/dir/crop/10:9-16:9/135k/134741/104771714/134741_64773-2_IMG_32_0000_max_476x317.jpeg; https://media.rightmove.co.uk:443/dir/crop/10:9-16:9/135k/134741/104771714/134741_64773-2_IMG_33_0001_max_476x317.jpeg; https://media.rightmove.co.uk:443/dir/crop/10:9-16:9/135k/134741/104771714/134741_64773-2_IMG_07_0005_max_476x317.jpeg; https://media.rightmove.co.uk:443/dir/crop/10:9-16:9/135k/134741/104771714/134741_64773-2_IMG_05_0004_max_476x317.jpeg; https://media.rightmove.co.uk:443/dir/crop/10:9-16:9/135k/134741/104771714/134741_64773-2_IMG_18_0002_max_476x317.jpeg; https://media.rightmove.co.uk:443/dir/crop/10:9-16:9/135k/134741/104771714/134741_64773-2_IMG_04_0005_max_476x317.jpeg; https://media.rightmove.co.uk:443/dir/crop/10:9-16:9/135k/134741/104771714/134741_64773-2_IMG_12_0002_max_476x317.jpeg; https://media.rightmove.co.uk:443/dir/crop/10:9-16:9/135k/134741/104771714/134741_64773-2_IMG_24_0001_max_476x317.jpeg; https://media.rightmove.co.uk:443/dir/crop/10:9-16:9/135k/134741/104771714/134741_64773-2_IMG_15_0002_max_476x317.jpeg; https://media.rightmove.co.uk:443/dir/crop/10:9-16:9/135k/134741/104771714/134741_64773-2_IMG_03_0005_max_476x317.jpeg; https://media.rightmove.co.uk:443/dir/crop/10:9-16:9/135k/134741/104771714/134741_64773-2_IMG_17_0002_max_476x317.jpeg; https://media.rightmove.co.uk:443/dir/crop/10:9-16:9/135k/134741/104771714/134741_64773-2_IMG_08_0005_max_476x317.jpeg; https://media.rightmove.co.uk:443/dir/crop/10:9-16:9/135k/134741/104771714/134741_64773-2_IMG_16_0002_max_476x317.jpeg; https://media.rightmove.co.uk:443/dir/crop/10:9-16:9/135k/134741/104771714/134741_64773-2_IMG_25_0001_max_476x317.jpeg; https://media.rightmove.co.uk:443/dir/crop/10:9-16:9/135k/134741/104771714/134741_64773-2_IMG_19_0002_max_476x317.jpeg; https://media.rightmove.co.uk:443/dir/crop/10:9-16:9/135k/134741/104771714/134741_64773-2_IMG_20_0002_max_476x317.jpeg; https://media.rightmove.co.uk:443/dir/crop/10:9-16:9/135k/134741/104771714/134741_64773-2_IMG_28_0001_max_476x317.jpeg; https://media.rightmove.co.uk:443/dir/crop/10:9-16:9/135k/134741/104771714/134741_64773-2_IMG_22_0002_max_476x317.jpeg"
"148465898","Newcastle","Office","The Spark, Newcastle Helix, Newcastle Upon Tyne, NE4 5DE","£3 pcm","","","","Office To Let, Newcastle Upon Tyne","https://www.rightmove.co.uk/properties/148465898#/?channel=COM_LET","2024-05-28T14:27:41Z","","size_change","Marketed by Avison Young (UK) Limited, Offices","","54.972591","-1.624408","https://media.rightmove.co.uk:443/dir/crop/10:9-16:9/57k/56478/148465898/56478_109797-2_IMG_00_0000_max_476x317.jpeg; https://media.rightmove.co.uk:443/dir/crop/10:9-16:9/57k/56478/148465898/56478_109797-2_IMG_01_0000_max_476x317.jpeg; https://media.rightmove.co.uk:443/dir/crop/10:9-16:9/57k/56478/148465898/56478_109797-2_IMG_02_0000_max_476x317.jpeg; https://media.rightmove.co.uk:443/dir/crop/10:9-16:9/57k/56478/148465898/56478_109797-2_IMG_03_0000_max_476x317.jpeg; https://media.rightmove.co.uk:443/dir/crop/10:9-16:9/57k/56478/148465898/56478_109797-2_IMG_04_0000_max_476x317.jpeg; https://media.rightmove.co.uk:443/dir/crop/10:9-16:9/57k/56478/148465898/56478_109797-2_IMG_05_0000_max_476x317.jpeg; https://media.rightmove.co.uk:443/dir/crop/10:9-16:9/57k/56478/148465898/56478_109797-2_IMG_06_0000_max_476x317.jpeg; https://media.rightmove.co.uk:443/dir/crop/10:9-16:9/57k/56478/148465898/56478_109797-2_IMG_07_0000_max_476x317.jpeg; https://media.rightmove.co.uk:443/dir/crop/10:9-16:9/57k/56478/148465898/56478_109797-2_IMG_08_0000_max_476x317.jpeg"
"156392210","Newcastle","Office","Bioscience Centre, Times Square, Scotswood Road, Newcastle Upon Tyne, Tyne and Wear, NE1 4EP","£2,045 pcm","From","","","The available space is on the part second and third floors in this high specification building with good tenant amenities approached from a communal corridor.The accommodation has the following features:Air conditioning and ventilation LED light fittingsUnder floor trunking with floor boxes...","https://www.rightmove.co.uk/properties/156392210#/?channel=COM_LET","2025-01-02T11:08:06Z","","size_change","Marketed by Naylors Gavin Black LLP, Newcastle Upon Tyne","","54.967663","-1.620548","https://media.rightmove.co.uk:443/dir/crop/10:9-16:9/101k/100681/156392210/100681_3176LH_IMG_00_0000_max_476x317.jpeg; https://media.rightmove.co.uk:443/dir/crop/10:9-16:9/101k/100681/156392210/100681_3176LH_IMG_02_0000_max_476x317.jpeg; https://media.rightmove.co.uk:443/dir/crop/10:9-16:9/101k/100681/156392210/100681_3176LH_IMG_04_0000_max_476x317.jpeg; https://media.rightmove.co.uk:443/dir/crop/10:9-16:9/101k/100681/156392210/100681_3176LH_IMG_01_0000_max_476x317.jpeg; https://media.rightmove.co.uk:443/dir/crop/10:9-16:9/101k/100681/156392210/100681_3176LH_IMG_03_0000_max_476x317.jpeg; https://media.rightmove.co.uk:443/dir/crop/10:9-16:9/101k/100681/156392210/100681_3176LH_IMG_05_0000_max_476x317.jpeg"
"722864467119616","Newcastle","Mixed Use","Unit 8, The Stottie Shed, Unit 8 The Stottie Shed, Bakers Yard, Newcastle upon Tyne, NE3 1XD","£4,175 pcm","","","","Modern self contained hybrid unit comprising industrial and office accommodation","https://www.rightmove.co.uk/properties/722864467119616#/?channel=COM_LET","2025-12-03T10:53:09Z","","size_change","Marketed by Parker Knights, Newcastle","","55.008976","-1.607636","https://media.rightmove.co.uk:443/dir/crop/10:9-16:9/253k/252818/722864467119616/252818_276019-2_IMG_00_0000_max_476x317.jpeg; https://media.rightmove.co.uk:443/dir/crop/10:9-16:9/253k/252818/722864467119616/252818_276019-2_IMG_01_0000_max_476x317.jpeg; https://media.rightmove.co.uk:443/dir/crop/10:9-16:9/253k/252818/722864467119616/252818_276019-2_IMG_02_0000_max_476x317.jpeg; https://media.rightmove.co.uk:443/dir/crop/10:9-16:9/253k/252818/722864467119616/252818_276019-2_IMG_03_0000_max_476x317.jpeg"
"148465925","Newcastle","Office","The Hub, Haymarket, Newcastle Upon Tyne, NE1 7PF","£9,179 pcm","","","","Office To Let, Newcastle Upon Tyne","https://www.rightmove.co.uk/properties/148465925#/?channel=COM_LET","2024-05-28T14:27:54Z","","size_change","Marketed by Avison Young (UK) Limited, Offices","","54.977389","-1.613995","https://media.rightmove.co.uk:443/dir/crop/10:9-16:9/57k/56478/148465925/56478_109830-2_IMG_00_0000_max_476x317.jpeg"
"156725258","Newcastle","Office","Cobalt 9, Silver Fox Way, Cobalt Business Park, Newcastle upon Tyne, NE27 0QQ","£26,968 pcm","","","","Superb headquarters office building featuring a full height atrium at reception and large open floor plates.","https://www.rightmove.co.uk/properties/156725258#/?channel=COM_LET","2025-01-10T13:58:09Z","","new","Marketed by BNP Paribas Real Estate Advisory & Property Management UK Limited, Newcastle","","55.021504","-1.510555","https://media.rightmove.co.uk:443/dir/crop/10:9-16:9/242k/241244/156725258/241244_231793-2_IMG_00_0000_max_476x317.jpeg; https://media.rightmove.co.uk:443/dir/crop/10:9-16:9/242k/241244/156725258/241244_231793-2_IMG_01_0000_max_476x317.jpeg; https://media.rightmove.co.uk:443/dir/crop/10:9-16:9/242k/241244/156725258/241244_231793-2_IMG_02_0000_max_476x317.jpeg; https://media.rightmove.co.uk:443/dir/crop/10:9-16:9/242k/241244/156725258/241244_231793-2_IMG_03_0000_max_476x317.jpeg; https://media.rightmove.co.uk:443/dir/crop/10:9-16:9/242k/241244/156725258/241244_231793-2_IMG_04_0000_max_476x317.jpeg"
"156560663","Newcastle","Office","C Floor Milburn House, Dean Street, Newcastle upon Tyne, NE1 1LF","£1,838 pcm","","","","Grade II listed building that pays homage to the seafaring routes from the River Tyne.","https://www.rightmove.co.uk/properties/156560663#/?channel=COM_LET","2025-01-07T09:41:05Z","","size_change","Marketed by BNP Paribas Real Estate Advisory & Property Management UK Limited, Newcastle","","54.969796","-1.610328","https://media.rightmove.co.uk:443/dir/crop/10:9-16:9/242k/241244/156560663/241244_274569-2_IMG_00_0000_max_476x317.jpeg; https://media.rightmove.co.uk:443/dir/crop/10:9-16:9/242k/241244/156560663/241244_274569-2_IMG_01_0000_max_476x317.jpeg; https://media.rightmove.co.uk:443/dir/crop/10:9-16:9/242k/241244/156560663/241244_274569-2_IMG_02_0000_max_476x317.jpeg; https://media.rightmove.co.uk:443/dir/crop/10:9-16:9/242k/241244/156560663/241244_274569-2_IMG_03_0000_max_476x317.jpeg; https://media.rightmove.co.uk:443/dir/crop/10:9-16:9/242k/241244/156560663/241244_274569-2_IMG_04_0000_max_476x317.jpeg; https://media.rightmove.co.uk:443/dir/crop/10:9-16:9/242k/241244/156560663/241244_274569-2_IMG_05_0000_max_476x317.jpeg; https://media.rightmove.co.uk:443/dir/crop/10:9-16:9/242k/241244/156560663/241244_274569-2_IMG_06_0000_max_476x317.jpeg; https://media.rightmove.co.uk:443/dir/crop/10:9-16:9/242k/241244/156560663/241244_274569-2_IMG_07_0000_max_476x317.jpeg"
"156560582","Newcastle","Office","B Floor Milburn House, Dean Street, Newcastle upon Tyne, NE1 1LF","£2,858 pcm","","","","Grade II listed building that pays homage to the seafaring routes from the River Tyne.","https://www.rightmove.co.uk/properties/156560582#/?channel=COM_LET","2025-01-07T09:39:36Z","","size_change","Marketed by BNP Paribas Real Estate Advisory & Property Management UK Limited, Newcastle","","54.969796","-1.610328","https://media.rightmove.co.uk:443/dir/crop/10:9-16:9/242k/241244/156560582/241244_274728-2_IMG_00_0000_max_476x317.jpeg; https://media.rightmove.co.uk:443/dir/crop/10:9-16:9/242k/241244/156560582/241244_274728-2_IMG_02_0000_max_476x317.jpeg; https://media.rightmove.co.uk:443/dir/crop/10:9-16:9/242k/241244/156560582/241244_274728-2_IMG_04_0000_max_476x317.jpeg; https://media.rightmove.co.uk:443/dir/crop/10:9-16:9/242k/241244/156560582/241244_274728-2_IMG_07_0000_max_476x317.jpeg; https://media.rightmove.co.uk:443/dir/crop/10:9-16:9/242k/241244/156560582/241244_274728-2_IMG_05_0000_max_476x317.jpeg; https://media.rightmove.co.uk:443/dir/crop/10:9-16:9/242k/241244/156560582/241244_274728-2_IMG_03_0000_max_476x317.jpeg; https://media.rightmove.co.uk:443/dir/crop/10:9-16:9/242k/241244/156560582/241244_274728-2_IMG_01_0000_max_476x317.jpeg; https://media.rightmove.co.uk:443/dir/crop/10:9-16:9/242k/241244/156560582/241244_274728-2_IMG_06_0000_max_476x317.jpeg"
"156560279","Newcastle","Office","A Floor Milburn House, Dean Street, Newcastle upon Tyne, NE1 1LF","£4,746 pcm","","","","Grade II listed building that pays homage to the seafaring routes from the River Tyne.","https://www.rightmove.co.uk/properties/156560279#/?channel=COM_LET","2025-01-07T09:34:20Z","","new","Marketed by BNP Paribas Real Estate Advisory & Property Management UK Limited, Newcastle","","54.969796","-1.610328","https://media.rightmove.co.uk:443/dir/crop/10:9-16:9/242k/241244/156560279/241244_274734-2_IMG_02_0000_max_476x317.jpeg; https://media.rightmove.co.uk:443/dir/crop/10:9-16:9/242k/241244/156560279/241244_274734-2_IMG_05_0000_max_476x317.jpeg; https://media.rightmove.co.uk:443/dir/crop/10:9-16:9/242k/241244/156560279/241244_274734-2_IMG_03_0000_max_476x317.jpeg; https://media.rightmove.co.uk:443/dir/crop/10:9-16:9/242k/241244/156560279/241244_274734-2_IMG_04_0000_max_476x317.jpeg; https://media.rightmove.co.uk:443/dir/crop/10:9-16:9/242k/241244/156560279/241244_274734-2_IMG_07_0000_max_476x317.jpeg; https://media.rightmove.co.uk:443/dir/crop/10:9-16:9/242k/241244/156560279/241244_274734-2_IMG_00_0000_max_476x317.jpeg; https://media.rightmove.co.uk:443/dir/crop/10:9-16:9/242k/241244/156560279/241244_274734-2_IMG_01_0000_max_476x317.jpeg; https://media.rightmove.co.uk:443/dir/crop/10:9-16:9/242k/241244/156560279/241244_274734-2_IMG_06_0000_max_476x317.jpeg"
"145721285","Newcastle","Serviced Office","Intu Metrocentre, Newcastle Upon Tyne, NE11","£1,459 pcm","From","","4","Move into ready-to-use open plan office space for 10 people in Regus Gateshead, Metro Centre","https://www.rightmove.co.uk/properties/145721285#/?channel=COM_LET","2024-03-14T10:04:30Z","","price_reduced","Marketed by IW Group Services (UK) Limited, Regus","","54.95588","-1.66893","https://media.rightmove.co.uk:443/dir/crop/10:9-16:9/130k/129853/145721285/129853_UKop7694_IMG_01_0000_max_476x317.jpeg; https://media.rightmove.co.uk:443/dir/crop/10:9-16:9/130k/129853/145721285/129853_UKop7694_IMG_02_0000_max_476x317.jpeg; https://media.rightmove.co.uk:443/dir/crop/10:9-16:9/130k/129853/145721285/129853_UKop7694_IMG_05_0000_max_476x317.jpeg; https://media.rightmove.co.uk:443/dir/crop/10:9-16:9/130k/129853/145721285/129853_UKop7694_IMG_00_0000_max_476x317.jpeg; https://media.rightmove.co.uk:443/dir/crop/10:9-16:9/130k/129853/145721285/129853_UKop7694_IMG_06_0000_max_476x317.jpeg; https://media.rightmove.co.uk:443/dir/crop/10:9-16:9/130k/129853/145721285/129853_UKop7694_IMG_03_0000_max_476x317.jpeg; https://media.rightmove.co.uk:443/dir/crop/10:9-16:9/130k/129853/145721285/129853_UKop7694_IMG_04_0000_max_476x317.jpeg"
"156128312","Newcastle","Shop","Patience Avenue, Seaton Burn, Newcastle Upon Tyne, NE13","£2,250 pcm","","","","Patience Avenue is a residential street located in Seaton Burn, a village within the metropolitan borough of North Tyneside, Tyne and Wear, England. The area is characterized by a mix of housing types, including semi-detached and terraced houses. The new build property can be let as a...","https://www.rightmove.co.uk/properties/156128312#/?channel=COM_LET","2024-12-20T15:52:47Z","","new","Marketed by Bradley Hall, Newcastle Upon Tyne","","55.057083","-1.624468","https://media.rightmove.co.uk:443/dir/crop/10:9-16:9/283k/282893/156128312/282893_NUT240303_L_IMG_01_0000_max_476x317.jpeg; https://media.rightmove.co.uk:443/dir/crop/10:9-16:9/283k/282893/156128312/282893_NUT240303_L_IMG_00_0000_max_476x317.jpeg"
"722864376939520","Newcastle","Office","Q4 Quorum Business Park, Newcastle upon Tyne, NE12 8EZ","£41,993 pcm","","","","Office Space From 12,500 to 71,988 sq ft at Quorum Business Park","https://www.rightmove.co.uk/properties/722864376939520#/?channel=COM_LET","2025-12-03T10:52:07Z","","size_change","Marketed by Parker Knights, Newcastle","","55.022266","-1.577386","https://media.rightmove.co.uk:443/dir/crop/10:9-16:9/property-photo/5f7a53903/722864376939520/5f7a53903b7cff1b38385232eaf7314f_max_476x317.jpeg; https://media.rightmove.co.uk:443/dir/crop/10:9-16:9/property-photo/8d12c0fb6/722864376939520/8d12c0fb623233cbf6372219f447165c_max_476x317.jpeg; https://media.rightmove.co.uk:443/dir/crop/10:9-16:9/property-photo/ed1183196/722864376939520/ed11831962646583323e86340e4beff8_max_476x317.jpeg; https://media.rightmove.co.uk:443/dir/crop/10:9-16:9/property-photo/2cfa6c2eb/722864376939520/2cfa6c2ebe42a29ad2e22a781a8ecd15_max_476x317.jpeg; https://media.rightmove.co.uk:443/dir/crop/10:9-16:9/property-photo/4015c7586/722864376939520/4015c75865cba5e0095964420f26277f_max_476x317.jpeg; https://media.rightmove.co.uk:443/dir/crop/10:9-16:9/property-photo/cd6325476/722864376939520/cd63254764c2d5dcc41ec5b10f18b07f_max_476x317.jpeg; https://media.rightmove.co.uk:443/dir/crop/10:9-16:9/property-photo/4c37f56c4/722864376939520/4c37f56c4ad5871a3f3076e64bc347cb_max_476x317.jpeg; https://media.rightmove.co.uk:443/dir/crop/10:9-16:9/property-photo/be834f447/722864376939520/be834f447d1a8a582504c8897b2e0b7e_max_476x317.jpeg; https://media.rightmove.co.uk:443/dir/crop/10:9-16:9/property-photo/c8f82a16c/722864376939520/c8f82a16ce0881d2a9cb2edd9fad3b6a_max_476x317.jpeg; https://media.rightmove.co.uk:443/dir/crop/10:9-16:9/property-photo/2f134aa9e/722864376939520/2f134aa9e73e1c0f30aa7dc1858cf0c4_max_476x317.jpeg; https://media.rightmove.co.uk:443/dir/crop/10:9-16:9/property-photo/da6c9bbe9/722864376939520/da6c9bbe91ba9da53e562dd1956fd1f4_max_476x317.jpeg; https://media.rightmove.co.uk:443/dir/crop/10:9-16:9/property-photo/7ab3275ab/722864376939520/7ab3275ab8cc80036b7cafaf2e8e74ac_max_476x317.jpeg; https://media.rightmove.co.uk:443/dir/crop/10:9-16:9/property-photo/d1fb311e3/722864376939520/d1fb311e3f00297a92d8d1c5fa0dfa2e_max_476x317.jpeg; https://media.rightmove.co.uk:443/dir/crop/10:9-16:9/property-photo/7ceb1a437/722864376939520/7ceb1a4373fff35e959de50d603a6a50_max_476x317.jpeg"
"722864349678705","Newcastle","Office","4 The Waterfront, Goldcrest Way, Newcastle upon Tyne, NE15 8NY","£40,273 pcm","","","","Self contained office to let extending to 48,496 sq ft. Available as a whole or in part.","https://www.rightmove.co.uk/properties/722864349678705#/?channel=COM_LET","2025-12-03T10:52:04Z","","new","Marketed by Parker Knights, Newcastle","","54.969713","-1.712365","https://media.rightmove.co.uk:443/dir/crop/10:9-16:9/253k/252818/722864349678705/252818_273265-2_IMG_00_0000_max_476x317.jpeg; https://media.rightmove.co.uk:443/dir/crop/10:9-16:9/253k/252818/722864349678705/252818_273265-2_IMG_01_0000_max_476x317.jpeg; https://media.rightmove.co.uk:443/dir/crop/10:9-16:9/253k/252818/722864349678705/252818_273265-2_IMG_02_0000_max_476x317.jpeg; https://media.rightmove.co.uk:443/dir/crop/10:9-16:9/253k/252818/722864349678705/252818_273265-2_IMG_03_0000_max_476x317.jpeg"
"722864345481585","Newcastle","Office","Riverside House, Goldcrest Way, Newcastle upon Tyne, NE15 8NY","£40,273 pcm","","","","46,247 sq ft modern office building to let as a whole or in part","https://www.rightmove.co.uk/properties/722864345481585#/?channel=COM_LET","2025-12-03T10:52:04Z","","price_reduced","Marketed by Parker Knights, Newcastle","","54.969713","-1.712365","https://media.rightmove.co.uk:443/dir/crop/10:9-16:9/253k/252818/722864345481585/252818_273264-2_IMG_00_0000_max_476x317.jpeg; https://media.rightmove.co.uk:443/dir/crop/10:9-16:9/253k/252818/722864345481585/252818_273264-2_IMG_01_0000_max_476x317.jpeg; https://media.rightmove.co.uk:443/dir/crop/10:9-16:9/253k/252818/722864345481585/252818_273264-2_IMG_02_0000_max_476x317.jpeg; https://media.rightmove.co.uk:443/dir/crop/10:9-16:9/253k/252818/722864345481585/252818_273264-2_IMG_03_0000_max_476x317.jpeg"
"722864412590913","Newcastle","Office","Inca, Cobalt 15, Cobalt Buisness Park, North Tyneside, NE27 0BY","£129,305 pcm","","","","Grade A Office At Cobalt Business Park Extending to 94,040 Sq Ft","https://www.rightmove.co.uk/properties/722864412590913#/?channel=COM_LET","2025-12-03T10:53:11Z","","size_change","Marketed by Parker Knights, Newcastle","","55.021198","-1.507506","https://media.rightmove.co.uk:443/dir/crop/10:9-16:9/253k/252818/722864412590913/252818_273738-2_IMG_00_0000_max_476x317.jpeg; https://media.rightmove.co.uk:443/dir/crop/10:9-16:9/253k/252818/722864412590913/252818_273738-2_IMG_01_0000_max_476x317.jpeg; https://media.rightmove.co.uk:443/dir/crop/10:9-16:9/253k/252818/722864412590913/252818_273738-2_IMG_02_0000_max_476x317.jpeg; https://media.rightmove.co.uk:443/dir/crop/10:9-16:9/253k/252818/722864412590913/252818_273738-2_IMG_03_0000_max_476x317.jpeg; https://media.rightmove.co.uk:443/dir/crop/10:9-16:9/253k/252818/722864412590913/252818_273738-2_IMG_04_0000_max_476x317.jpeg; https://media.rightmove.co.uk:443/dir/crop/10:9-16:9/253k/252818/722864412590913/252818_273738-2_IMG_05_0000_max_476x317.jpeg; https://media.rightmove.co.uk:443/dir/crop/10:9-16:9/253k/252818/722864412590913/252818_273738-2_IMG_06_0000_max_476x317.jpeg"
"722864423077857","Newcastle","Office","Central Square South, Orchard Street, Newcastle upon Tyne, NE1 3AZ","£30,417 pcm","","","","Grade A Office In Newcastle City Centre To Rent from 2,790 sq ft to 14,600 sq ft","https://www.rightmove.co.uk/properties/722864423077857#/?channel=COM_LET","2025-12-03T10:53:08Z","","size_change","Marketed by Parker Knights, Newcastle","","54.967259","-1.614588","https://media.rightmove.co.uk:443/dir/crop/10:9-16:9/253k/252818/722864423077857/252818_273741-2_IMG_00_0000_max_476x317.jpeg; https://media.rightmove.co.uk:443/dir/crop/10:9-16:9/253k/252818/722864423077857/252818_273741-2_IMG_01_0000_max_476x317.jpeg; https://media.rightmove.co.uk:443/dir/crop/10:9-16:9/253k/252818/722864423077857/252818_273741-2_IMG_02_0000_max_476x317.jpeg; https://media.rightmove.co.uk:443/dir/crop/10:9-16:9/253k/252818/722864423077857/252818_273741-2_IMG_03_0000_max_476x317.jpeg; https://media.rightmove.co.uk:443/dir/crop/10:9-16:9/253k/252818/722864423077857/252818_273741-2_IMG_04_0000_max_476x317.jpeg; https://media.rightmove.co.uk:443/dir/crop/10:9-16:9/253k/252818/722864423077857/252818_273741-2_IMG_05_0000_max_476x317.jpeg; https://media.rightmove.co.uk:443/dir/crop/10:9-16:9/253k/252818/722864423077857/252818_273741-2_IMG_06_0000_max_476x317.jpeg; https://media.rightmove.co.uk:443/dir/crop/10:9-16:9/253k/252818/722864423077857/252818_273741-2_IMG_07_0000_max_476x317.jpeg; https://media.rightmove.co.uk:443/dir/crop/10:9-16:9/253k/252818/722864423077857/252818_273741-2_IMG_08_0000_max_476x317.jpeg"
"722864446123600","Newcastle","Office","Milburn House, Dean Street, Newcastle upon Tyne, NE1 1LE","£5,000 pcm","","","","Serviced and traditional offices to let in Newcastle city centre.","https://www.rightmove.co.uk/properties/722864446123600#/?channel=COM_LET","2025-12-03T10:53:10Z","","size_change","Marketed by Parker Knights, Newcastle","","54.969789","-1.610315","https://media.rightmove.co.uk:443/dir/crop/10:9-16:9/253k/252818/722864446123600/252818_273755-2_IMG_00_0000_max_476x317.jpeg; https://media.rightmove.co.uk:443/dir/crop/10:9-16:9/253k/252818/722864446123600/252818_273755-2_IMG_01_0000_max_476x317.jpeg; https://media.rightmove.co.uk:443/dir/crop/10:9-16:9/253k/252818/722864446123600/252818_273755-2_IMG_02_0000_max_476x317.jpeg; https://media.rightmove.co.uk:443/dir/crop/10:9-16:9/253k/252818/722864446123600/252818_273755-2_IMG_03_0000_max_476x317.jpeg; https://media.rightmove.co.uk:443/dir/crop/10:9-16:9/253k/252818/722864446123600/252818_273755-2_IMG_04_0000_max_476x317.jpeg; https://media.rightmove.co.uk:443/dir/crop/10:9-16:9/253k/252818/722864446123600/252818_273755-2_IMG_05_0000_max_476x317.jpeg; https://media.rightmove.co.uk:443/dir/crop/10:9-16:9/253k/252818/722864446123600/252818_273755-2_IMG_06_0000_max_476x317.jpeg; https://media.rightmove.co.uk:443/dir/crop/10:9-16:9/253k/252818/722864446123600/252818_273755-2_IMG_07_0000_max_476x317.jpeg; https://media.rightmove.co.uk:443/dir/crop/10:9-16:9/253k/252818/722864446123600/252818_273755-2_IMG_08_0000_max_476x317.jpeg; https://media.rightmove.co.uk:443/dir/crop/10:9-16:9/253k/252818/722864446123600/252818_273755-2_IMG_09_0000_max_476x317.jpeg"
"722864307709056","Newcastle","Office","1 St James Gate, Newcastle upon Tyne, NE1 4BE","£24,489 pcm","","","","Within the heart of Newcastle city centre, the office accommodation provides up to 12,777 sq ft of Grade A office accommodation.","https://www.rightmove.co.uk/properties/722864307709056#/?channel=COM_LET","2025-12-03T10:52:07Z","","new","Marketed by Parker Knights, Newcastle","","54.966807","-1.621996","https://media.rightmove.co.uk:443/dir/crop/10:9-16:9/253k/252818/722864307709056/252818_273074-2_IMG_00_0000_max_476x317.jpeg; https://media.rightmove.co.uk:443/dir/crop/10:9-16:9/253k/252818/722864307709056/252818_273074-2_IMG_01_0000_max_476x317.jpeg; https://media.rightmove.co.uk:443/dir/crop/10:9-16:9/253k/252818/722864307709056/252818_273074-2_IMG_02_0000_max_476x317.jpeg; https://media.rightmove.co.uk:443/dir/crop/10:9-16:9/253k/252818/722864307709056/252818_273074-2_IMG_03_0000_max_476x317.jpeg; https://media.rightmove.co.uk:443/dir/crop/10:9-16:9/253k/252818/722864307709056/252818_273074-2_IMG_04_0000_max_476x317.jpeg; https://media.rightmove.co.uk:443/dir/crop/10:9-16:9/253k/252818/722864307709056/252818_273074-2_IMG_05_0000_max_476x317.jpeg; https://media.rightmove.co.uk:443/dir/crop/10:9-16:9/253k/252818/722864307709056/252818_273074-2_IMG_06_0000_max_476x317.jpeg; https://media.rightmove.co.uk:443/dir/crop/10:9-16:9/253k/252818/722864307709056/252818_273074-2_IMG_07_0000_max_476x317.jpeg; https://media.rightmove.co.uk:443/dir/crop/10:9-16:9/253k/252818/722864307709056/252818_273074-2_IMG_08_0000_max_476x317.jpeg; https://media.rightmove.co.uk:443/dir/crop/10:9-16:9/253k/252818/722864307709056/252818_273074-2_IMG_09_0000_max_476x317.jpeg; https://media.rightmove.co.uk:443/dir/crop/10:9-16:9/253k/252818/722864307709056/252818_273074-2_IMG_10_0000_max_476x317.jpeg; https://media.rightmove.co.uk:443/dir/crop/10:9-16:9/253k/252818/722864307709056/252818_273074-2_IMG_11_0000_max_476x317.jpeg; https://media.rightmove.co.uk:443/dir/crop/10:9-16:9/253k/252818/722864307709056/252818_273074-2_IMG_12_0000_max_476x317.jpeg; https://media.rightmove.co.uk:443/dir/crop/10:9-16:9/253k/252818/722864307709056/252818_273074-2_IMG_13_0000_max_476x317.jpeg; https://media.rightmove.co.uk:443/dir/crop/10:9-16:9/253k/252818/722864307709056/252818_273074-2_IMG_14_0000_max_476x317.jpeg; https://media.rightmove.co.uk:443/dir/crop/10:9-16:9/253k/252818/722864307709056/252818_273074-2_IMG_15_0000_max_476x317.jpeg; https://media.rightmove.co.uk:443/dir/crop/10:9-16:9/253k/252818/722864307709056/252818_273074-2_IMG_16_0000_max_476x317.jpeg; https://media.rightmove.co.uk:443/dir/crop/10:9-16:9/253k/252818/722864307709056/252818_273074-2_IMG_17_0000_max_476x317.jpeg; https://media.rightmove.co.uk:443/dir/crop/10:9-16:9/253k/252818/722864307709056/252818_273074-2_IMG_18_0000_max_476x317.jpeg"
"722864460801777","Newcastle","Office","Percy Place, Eldon Gardens, Newcastle upon Tyne, NE1 7RA","£233,476 pcm","","","","Grade A Offices at Percy Place in Newcastle","https://www.rightmove.co.uk/properties/722864460801777#/?channel=COM_LET","2025-12-03T10:53:09Z","","new","Marketed by Parker Knights, Newcastle","","54.975487","-1.615211","https://media.rightmove.co.uk:443/dir/crop/10:9-16:9/253k/252818/722864460801777/252818_274059-2_IMG_00_0000_max_476x317.jpeg; https://media.rightmove.co.uk:443/dir/crop/10:9-16:9/253k/252818/722864460801777/252818_274059-2_IMG_01_0000_max_476x317.jpeg; https://media.rightmove.co.uk:443/dir/crop/10:9-16:9/253k/252818/722864460801777/252818_274059-2_IMG_02_0000_max_476x317.jpeg; https://media.rightmove.co.uk:443/dir/crop/10:9-16:9/253k/252818/722864460801777/252818_274059-2_IMG_03_0000_max_476x317.jpeg; https://media.rightmove.co.uk:443/dir/crop/10:9-16:9/253k/252818/722864460801777/252818_274059-2_IMG_04_0000_max_476x317.jpeg; https://media.rightmove.co.uk:443/dir/crop/10:9-16:9/253k/252818/722864460801777/252818_274059-2_IMG_05_0000_max_476x317.jpeg; https://media.rightmove.co.uk:443/dir/crop/10:9-16:9/253k/252818/722864460801777/252818_274059-2_IMG_06_0000_max_476x317.jpeg; https://media.rightmove.co.uk:443/dir/crop/10:9-16:9/253k/252818/722864460801777/252818_274059-2_IMG_07_0000_max_476x317.jpeg; https://media.rightmove.co.uk:443/dir/crop/10:9-16:9/253k/252818/722864460801777/252818_274059-2_IMG_08_0000_max_476x317.jpeg; https://media.rightmove.co.uk:443/dir/crop/10:9-16:9/253k/252818/722864460801777/252818_274059-2_IMG_09_0000_max_476x317.jpeg"
"155916776","Newcastle","Retail Property (high street)","Newcastle Central Station, Neville Street, Newcastle Upon Tyne, Tyne And Wear, NE1","POA","","","","The premises consist of two connected copper clad retail units with a surrounding seating area, located within the station portico adjacent to the main entrance, WHSmith, M&S and Café Nero. The premises currently trades as a licensed bar and cafe. One of the copper units houses a fully fitted cat...","https://www.rightmove.co.uk/properties/155916776#/?channel=COM_LET","2024-12-13T09:33:41Z","","new","Marketed by Lambert Smith Hampton, London","","54.968857","-1.617163","https://media.rightmove.co.uk:443/dir/crop/10:9-16:9/183k/182516/155916776/182516_2051771LH_IMG_00_0000_max_476x317.jpeg; https://media.rightmove.co.uk:443/dir/crop/10:9-16:9/183k/182516/155916776/182516_2051771LH_IMG_01_0000_max_476x317.jpeg; https://media.rightmove.co.uk:443/dir/crop/10:9-16:9/183k/182516/155916776/182516_2051771LH_IMG_02_0000_max_476x317.jpeg; https://media.rightmove.co.uk:443/dir/crop/10:9-16:9/183k/182516/155916776/182516_2051771LH_IMG_03_0000_max_476x317.jpeg; https://media.rightmove.co.uk:443/dir/crop/10:9-16:9/183k/182516/155916776/182516_2051771LH_IMG_04_0000_max_476x317.jpeg"
"155841977","Newcastle","Shop","Blackett Street, Newcastle upon Tyne","£560 pcm","","","","City Centre beauty rooms available for immediate rental! Blackett Street, Newcastle upon Tyne, NE1","https://www.rightmove.co.uk/properties/155841977#/?channel=COM_LET","2024-12-11T00:08:18Z","","new","Marketed by Letsafe, Tyne and Wear","","54.9736","-1.61253","https://media.rightmove.co.uk:443/dir/crop/10:9-16:9/115k/114472/155841977/114472_CL0022_IMG_05_0000_max_476x317.jpeg; https://media.rightmove.co.uk:443/dir/crop/10:9-16:9/115k/114472/155841977/114472_CL0022_IMG_00_0000_max_476x317.jpeg; https://media.rightmove.co.uk:443/dir/crop/10:9-16:9/115k/114472/155841977/114472_CL0022_IMG_01_0000_max_476x317.jpeg; https://media.rightmove.co.uk:443/dir/crop/10:9-16:9/115k/114472/155841977/114472_CL0022_IMG_02_0000_max_476x317.jpeg; https://media.rightmove.co.uk:443/dir/crop/10:9-16:9/115k/114472/155841977/114472_CL0022_IMG_03_0000_max_476x317.jpeg; https://media.rightmove.co.uk:443/dir/crop/10:9-16:9/115k/114472/155841977/114472_CL0022_IMG_04_0000_max_476x317.jpeg"
"155796578","Newcastle","Office","Part 2nd Floor, Trinity Gardens, Broad Chare, Newcastle, NE1 2HF","£7,616 pcm","","","","Modern open-plan refurbished suite with exposed surfaces and excellent amenities.","https://www.rightmove.co.uk/properties/155796578#/?channel=COM_LET","2024-12-09T16:10:10Z","","new","Marketed by BNP Paribas Real Estate Advisory & Property Management UK Limited, Newcastle","","54.970323","-1.604942","https://media.rightmove.co.uk:443/dir/crop/10:9-16:9/242k/241244/155796578/241244_151255-2_IMG_14_0000_max_476x317.jpeg; https://media.rightmove.co.uk:443/dir/crop/10:9-16:9/242k/241244/155796578/241244_151255-2_IMG_15_0000_max_476x317.jpeg; https://media.rightmove.co.uk:443/dir/crop/10:9-16:9/242k/241244/155796578/241244_151255-2_IMG_07_0000_max_476x317.jpeg; https://media.rightmove.co.uk:443/dir/crop/10:9-16:9/242k/241244/155796578/241244_151255-2_IMG_10_0000_max_476x317.jpeg; https://media.rightmove.co.uk:443/dir/crop/10:9-16:9/242k/241244/155796578/241244_151255-2_IMG_11_0000_max_476x317.jpeg; https://media.rightmove.co.uk:443/dir/crop/10:9-16:9/242k/241244/155796578/241244_151255-2_IMG_13_0000_max_476x317.jpeg; https://media.rightmove.co.uk:443/dir/crop/10:9-16:9/242k/241244/155796578/241244_151255-2_IMG_12_0000_max_476x317.jpeg; https://media.rightmove.co.uk:443/dir/crop/10:9-16:9/242k/241244/155796578/241244_151255-2_IMG_08_0000_max_476x317.jpeg; https://media.rightmove.co.uk:443/dir/crop/10:9-16:9/242k/241244/155796578/241244_151255-2_IMG_16_0000_max_476x317.jpeg; https://media.rightmove.co.uk:443/dir/crop/10:9-16:9/242k/241244/155796578/241244_151255-2_IMG_18_0000_max_476x317.jpeg; https://media.rightmove.co.uk:443/dir/crop/10:9-16:9/242k/241244/155796578/241244_151255-2_IMG_19_0000_max_476x317.jpeg; https://media.rightmove.co.uk:443/dir/crop/10:9-16:9/242k/241244/155796578/241244_151255-2_IMG_17_0000_max_476x317.jpeg; https://media.rightmove.co.uk:443/dir/crop/10:9-16:9/242k/241244/155796578/241244_151255-2_IMG_09_0000_max_476x317.jpeg; https://media.rightmove.co.uk:443/dir/crop/10:9-16:9/242k/241244/155796578/241244_151255-2_IMG_20_0000_max_476x317.jpeg; https://media.rightmove.co.uk:443/dir/crop/10:9-16:9/242k/241244/155796578/241244_151255-2_IMG_21_0000_max_476x317.jpeg"
"155795744","Newcastle","Office","Fifth and Sixth Floor Gunner House, Neville Street, Newcastle Upon Tyne, NE1","£2,767 pcm","","","","The available accommodation provides recently refurbished self-contained open plan office suites. The suites are well presented throughout and benefit from the following: • New carpeting throughout • LED panel lighting • Comfort cooling • Double glaz...","https://www.rightmove.co.uk/properties/155795744#/?channel=COM_LET","2024-12-09T15:54:07Z","","new","Marketed by Bradley Hall, Newcastle Upon Tyne","","54.969343","-1.618212","https://media.rightmove.co.uk:443/dir/crop/10:9-16:9/property-photo/5ed4d9773/155795744/5ed4d97734a14777ac5755bc1ed3af47_max_476x317.jpeg; https://media.rightmove.co.uk:443/dir/crop/10:9-16:9/property-photo/1b0540ff3/155795744/1b0540ff3f3315f0364a3deb5c13cc57_max_476x317.jpeg"
"155795612","Newcastle","Office","Fourth Floor B Gunner House, Neville Street, Newcastle Upon Tyne, NE1","£768 pcm","","","","The available accommodation provides recently refurbished self-contained open plan office suites. The suites are well presented throughout and benefit from the following: • New carpeting throughout • LED panel lighting • Comfort cooling • Double glaz...","https://www.rightmove.co.uk/properties/155795612#/?channel=COM_LET","2024-12-09T15:51:50Z","","new","Marketed by Bradley Hall, Newcastle Upon Tyne","","54.969343","-1.618212","https://media.rightmove.co.uk:443/dir/crop/10:9-16:9/283k/282893/155795612/282893_NUT230038_L_IMG_00_0000_max_476x317.jpeg; https://media.rightmove.co.uk:443/dir/crop/10:9-16:9/283k/282893/155795612/282893_NUT230038_L_IMG_01_0000_max_476x317.jpeg; https://media.rightmove.co.uk:443/dir/crop/10:9-16:9/283k/282893/155795612/282893_NUT230038_L_IMG_02_0000_max_476x317.jpeg; https://media.rightmove.co.uk:443/dir/crop/10:9-16:9/283k/282893/155795612/282893_NUT230038_L_IMG_03_0000_max_476x317.jpeg"
"168685754","Newcastle","Leisure Facility","Quayside, Newcastle upon Tyne, Tyne and Wear, NE1 3DX","POA","","","","Former Restaurant Premises in a Prominent Location on Newcastle Quayside Quoting Rent £95000 Formerly Gusto, the property has a layout commensurate with an established restaurant operation but could be suitable for a range of alternative uses, subject to planning and other releva...","https://www.rightmove.co.uk/properties/168685754#/?channel=COM_LET","2025-10-28T09:39:47Z","","new","Marketed by Knight Frank, Newcastle - Commercial","","54.970937","-1.599722","https://media.rightmove.co.uk:443/dir/crop/10:9-16:9/156k/155516/168685754/155516_NCC012553056_IMG_00_0000_max_476x317.jpeg; https://media.rightmove.co.uk:443/dir/crop/10:9-16:9/156k/155516/168685754/155516_NCC012553056_IMG_01_0000_max_476x317.jpeg; https://media.rightmove.co.uk:443/dir/crop/10:9-16:9/156k/155516/168685754/155516_NCC012553056_IMG_02_0000_max_476x317.jpeg"
"155795522","Newcastle","Office","Fourth Floor A Gunner House, Neville Street, Newcastle Upon Tyne, NE1","£11,610 pcm","","","","The available accommodation provides recently refurbished self-contained open plan office suites. The suites are well presented throughout and benefit from the following: • New carpeting throughout • LED panel lighting • Comfort cooling • Double glaz...","https://www.rightmove.co.uk/properties/155795522#/?channel=COM_LET","2024-12-09T15:49:23Z","","new","Marketed by Bradley Hall, Newcastle Upon Tyne","","54.969343","-1.618212","https://media.rightmove.co.uk:443/dir/crop/10:9-16:9/property-photo/5ed4d9773/155795522/5ed4d97734a14777ac5755bc1ed3af47_max_476x317.jpeg; https://media.rightmove.co.uk:443/dir/crop/10:9-16:9/property-photo/b363000a4/155795522/b363000a468268c11504448c718daa7d_max_476x317.jpeg; https://media.rightmove.co.uk:443/dir/crop/10:9-16:9/property-photo/aac7487a2/155795522/aac7487a2e906e0dee356acce233b919_max_476x317.jpeg; https://media.rightmove.co.uk:443/dir/crop/10:9-16:9/property-photo/1b0540ff3/155795522/1b0540ff3f3315f0364a3deb5c13cc57_max_476x317.jpeg"
"155795213","Newcastle","Office","Gunner House, Neville Street, Newcastle Upon Tyne, NE1","£281 pcm","","","","The available accommodation provides recently refurbished self-contained open plan office suites. The suites are well presented throughout and benefit from the following: • New carpeting throughout • LED panel lighting • Comfort cooling • Double glaz...","https://www.rightmove.co.uk/properties/155795213#/?channel=COM_LET","2024-12-09T15:44:31Z","","new","Marketed by Bradley Hall, Newcastle Upon Tyne","","54.969332","-1.61821","https://media.rightmove.co.uk:443/dir/crop/10:9-16:9/283k/282893/155795213/282893_NUT230034_L_IMG_00_0000_max_476x317.jpeg; https://media.rightmove.co.uk:443/dir/crop/10:9-16:9/283k/282893/155795213/282893_NUT230034_L_IMG_01_0000_max_476x317.jpeg; https://media.rightmove.co.uk:443/dir/crop/10:9-16:9/283k/282893/155795213/282893_NUT230034_L_IMG_02_0000_max_476x317.jpeg; https://media.rightmove.co.uk:443/dir/crop/10:9-16:9/283k/282893/155795213/282893_NUT230034_L_IMG_04_0000_max_476x317.jpeg"
"155792696","Newcastle","Office","Buxton Street, Newcastle Upon Tyne, NE1","£9,500 pcm","","","","Buxton House comprises a substantial four storey, detached office building which occupies a prominent corner position. The property benefits from a dedicated entrance from Gilbson Street, reception area, several meeting rooms and a board room. The offering is of good quality cellular ...","https://www.rightmove.co.uk/properties/155792696#/?channel=COM_LET","2024-12-09T14:58:49Z","","new","Marketed by Bradley Hall, Newcastle Upon Tyne","","54.972847","-1.599657","https://media.rightmove.co.uk:443/dir/crop/10:9-16:9/283k/282893/155792696/282893_NUT220035_L_IMG_00_0000_max_476x317.jpeg"
"155505395","Newcastle","Commercial Property","Unit 8, The Stottie Shed, Gosforth, Christon Road, Newcastle Upon Tyne, NE3","£4,167 pcm","","","","High specification, flexible workspace in recently refurbished unit. Featuring large workshop / warehouse area with offices & roof terrace at first floor level. Shower facilities at ground floor level. ","https://www.rightmove.co.uk/properties/155505395#/?channel=COM_LET","2024-11-29T10:36:22Z","","price_reduced","Marketed by Adderstone Asset Management Limited, Newcastle","","55.0089","-1.60767","https://media.rightmove.co.uk:443/dir/crop/10:9-16:9/property-photo/5c28f4a2c/155505395/5c28f4a2c9eb8847aff1a1027c8093ab_max_476x317.jpeg; https://media.rightmove.co.uk:443/dir/crop/10:9-16:9/property-photo/3ec5c20bc/155505395/3ec5c20bcdcbdd01dd99414d4792f2df_max_476x317.jpeg; https://media.rightmove.co.uk:443/dir/crop/10:9-16:9/property-photo/062680bb2/155505395/062680bb2b47261f5c8bca833d28e754_max_476x317.jpeg; https://media.rightmove.co.uk:443/dir/crop/10:9-16:9/property-photo/0131d633b/155505395/0131d633b1f4fa7f8741b233d4bedc2c_max_476x317.jpeg; https://media.rightmove.co.uk:443/dir/crop/10:9-16:9/property-photo/969f58944/155505395/969f589449d7fc2e549a150c7925f4e7_max_476x317.jpeg; https://media.rightmove.co.uk:443/dir/crop/10:9-16:9/property-photo/7c7d3f84d/155505395/7c7d3f84d1d6c1cf0a0ce9299cfa06a4_max_476x317.jpeg; https://media.rightmove.co.uk:443/dir/crop/10:9-16:9/property-photo/3587feb11/155505395/3587feb11a0dc6b6b917dd230fd096df_max_476x317.jpeg; https://media.rightmove.co.uk:443/dir/crop/10:9-16:9/property-photo/0131d633b/155505395/0131d633b1f4fa7f8741b233d4bedc2c_max_476x317.jpeg; https://media.rightmove.co.uk:443/dir/crop/10:9-16:9/property-photo/0dd82a456/155505395/0dd82a456e966a7b6afec477c12d7acb_max_476x317.jpeg; https://media.rightmove.co.uk:443/dir/crop/10:9-16:9/property-photo/127d636bf/155505395/127d636bf74ba4de50389e63fdeca311_max_476x317.jpeg; https://media.rightmove.co.uk:443/dir/crop/10:9-16:9/property-photo/3c705b08a/155505395/3c705b08aa51d00d0dfe710e625feaa5_max_476x317.jpeg"
"51810651","Newcastle","Serviced Office","Merchant House, 30 Cloth Market, Newcastle upon Tyne,, Newcastle, United Kingdom NE1 1EE","£1,169 pcm","","","4","Private office space for 5 people in Regus Cloth Market","https://www.rightmove.co.uk/properties/51810651#/?channel=COM_LET","2017-11-24T07:33:13Z","","price_reduced","Marketed by IW Group Services (UK) Limited, Regus","","54.97099","-1.61257","https://media.rightmove.co.uk:443/dir/crop/10:9-16:9/130k/129853/51810651/129853_UK5ws3621_IMG_03_0001_max_476x317.jpeg; https://media.rightmove.co.uk:443/dir/crop/10:9-16:9/130k/129853/51810651/129853_UK5ws3621_IMG_01_0001_max_476x317.jpeg; https://media.rightmove.co.uk:443/dir/crop/10:9-16:9/130k/129853/51810651/129853_UK5ws3621_IMG_05_0000_max_476x317.jpeg; https://media.rightmove.co.uk:443/dir/crop/10:9-16:9/130k/129853/51810651/129853_UK5ws3621_IMG_06_0000_max_476x317.jpeg; https://media.rightmove.co.uk:443/dir/crop/10:9-16:9/130k/129853/51810651/129853_UK5ws3621_IMG_00_0001_max_476x317.jpeg; https://media.rightmove.co.uk:443/dir/crop/10:9-16:9/130k/129853/51810651/129853_UK5ws3621_IMG_08_0000_max_476x317.jpeg; https://media.rightmove.co.uk:443/dir/crop/10:9-16:9/130k/129853/51810651/129853_UK5ws3621_IMG_07_0000_max_476x317.jpeg; https://media.rightmove.co.uk:443/dir/crop/10:9-16:9/130k/129853/51810651/129853_UK5ws3621_IMG_04_0001_max_476x317.jpeg; https://media.rightmove.co.uk:443/dir/crop/10:9-16:9/130k/129853/51810651/129853_UK5ws3621_IMG_02_0001_max_476x317.jpeg"
"698589876074753","Newcastle","Retail Property (high street)","Retail/Workshop To Let at Arch 16, Arch 16, Forth Banks, Newcastle upon Tyne, NE1 3PG","£937 pcm","","","","City Centre Retail/Workshop To Let","https://www.rightmove.co.uk/properties/698589876074753#/?channel=COM_LET","2025-10-23T11:28:16Z","","new","Marketed by Sanderson Weatherall, Newcastle","","54.966696","-1.618082","https://media.rightmove.co.uk:443/dir/crop/10:9-16:9/262k/261938/698589876074753/261938_273629-2_IMG_00_0000_max_476x317.jpeg; https://media.rightmove.co.uk:443/dir/crop/10:9-16:9/262k/261938/698589876074753/261938_273629-2_IMG_01_0000_max_476x317.jpeg; https://media.rightmove.co.uk:443/dir/crop/10:9-16:9/262k/261938/698589876074753/261938_273629-2_IMG_02_0000_max_476x317.jpeg; https://media.rightmove.co.uk:443/dir/crop/10:9-16:9/262k/261938/698589876074753/261938_273629-2_IMG_03_0000_max_476x317.jpeg"
"155732729","Newcastle","Shop","Northumberland Street, Newcastle Upon Tyne, NE1","£6,667 pcm","","","","The unit is located in a prime location to the North of Northumberland Street which is located in the heart of Newcastle City Centre. The unit is adjacent to Haymarket metro station as well as both Newcastle and Northumbria Universities and therefore benefits from strong footfall. Near...","https://www.rightmove.co.uk/properties/155732729#/?channel=COM_LET","2024-12-06T12:24:23Z","","new","Marketed by Bradley Hall, Newcastle Upon Tyne","","54.977132","-1.613374","https://media.rightmove.co.uk:443/dir/crop/10:9-16:9/283k/282893/155732729/282893_NUT240251_L_IMG_00_0000_max_476x317.jpeg"
"155732711","Newcastle","Office","The Racquets Court, College Road, Newcastle Upon Tyne, NE1","£11,250 pcm","","","","Based in the heart of Newcastle upon Tyne, 14 minutes walk from Central Station and 4 minutes walk from the main shopping / entertainment area, The Racquets Court was built in 1888 as a sports arena. It had lain derelict before it was restored and transformed in 2019 into a a high-specification, ...","https://www.rightmove.co.uk/properties/155732711#/?channel=COM_LET","2024-12-06T12:24:19Z","","new","Marketed by Bradley Hall, Newcastle Upon Tyne","","54.976593","-1.609616","https://media.rightmove.co.uk:443/dir/crop/10:9-16:9/283k/282893/155732711/282893_NUT240203_L_IMG_00_0000_max_476x317.jpeg; https://media.rightmove.co.uk:443/dir/crop/10:9-16:9/283k/282893/155732711/282893_NUT240203_L_IMG_01_0000_max_476x317.jpeg; https://media.rightmove.co.uk:443/dir/crop/10:9-16:9/283k/282893/155732711/282893_NUT240203_L_IMG_02_0000_max_476x317.jpeg; https://media.rightmove.co.uk:443/dir/crop/10:9-16:9/283k/282893/155732711/282893_NUT240203_L_IMG_03_0000_max_476x317.jpeg; https://media.rightmove.co.uk:443/dir/crop/10:9-16:9/283k/282893/155732711/282893_NUT240203_L_IMG_04_0000_max_476x317.jpeg; https://media.rightmove.co.uk:443/dir/crop/10:9-16:9/283k/282893/155732711/282893_NUT240203_L_IMG_05_0000_max_476x317.jpeg; https://media.rightmove.co.uk:443/dir/crop/10:9-16:9/283k/282893/155732711/282893_NUT240203_L_IMG_06_0000_max_476x317.jpeg; https://media.rightmove.co.uk:443/dir/crop/10:9-16:9/283k/282893/155732711/282893_NUT240203_L_IMG_07_0000_max_476x317.jpeg; https://media.rightmove.co.uk:443/dir/crop/10:9-16:9/283k/282893/155732711/282893_NUT240203_L_IMG_08_0000_max_476x317.jpeg; https://media.rightmove.co.uk:443/dir/crop/10:9-16:9/283k/282893/155732711/282893_NUT240203_L_IMG_09_0000_max_476x317.jpeg; https://media.rightmove.co.uk:443/dir/crop/10:9-16:9/283k/282893/155732711/282893_NUT240203_L_IMG_10_0000_max_476x317.jpeg; https://media.rightmove.co.uk:443/dir/crop/10:9-16:9/283k/282893/155732711/282893_NUT240203_L_IMG_11_0000_max_476x317.jpeg; https://media.rightmove.co.uk:443/dir/crop/10:9-16:9/283k/282893/155732711/282893_NUT240203_L_IMG_12_0000_max_476x317.jpeg; https://media.rightmove.co.uk:443/dir/crop/10:9-16:9/283k/282893/155732711/282893_NUT240203_L_IMG_13_0000_max_476x317.jpeg; https://media.rightmove.co.uk:443/dir/crop/10:9-16:9/283k/282893/155732711/282893_NUT240203_L_IMG_14_0000_max_476x317.jpeg; https://media.rightmove.co.uk:443/dir/crop/10:9-16:9/283k/282893/155732711/282893_NUT240203_L_IMG_15_0000_max_476x317.jpeg; https://media.rightmove.co.uk:443/dir/crop/10:9-16:9/283k/282893/155732711/282893_NUT240203_L_IMG_16_0000_max_476x317.jpeg; https://media.rightmove.co.uk:443/dir/crop/10:9-16:9/283k/282893/155732711/282893_NUT240203_L_IMG_17_0000_max_476x317.jpeg"
"155732522","Newcastle","Office","Spire, Newcastle City Centre, NE1","£1,800 pcm","","","","Newly refurbished to provide occupiers with high-end office space and premium business facilities, the Spire offers unrivalled amenities for occupiers and visitors alike including a Barista station, business lounge, and fully managed reception. Pilgrim Street is at the heart of the City’s n...","https://www.rightmove.co.uk/properties/155732522#/?channel=COM_LET","2024-12-06T12:21:34Z","","new","Marketed by Bradley Hall, Newcastle Upon Tyne","","54.96999","-1.607596","https://media.rightmove.co.uk:443/dir/crop/10:9-16:9/283k/282893/155732522/282893_NUT240187_L_IMG_00_0000_max_476x317.jpeg; https://media.rightmove.co.uk:443/dir/crop/10:9-16:9/283k/282893/155732522/282893_NUT240187_L_IMG_01_0000_max_476x317.jpeg; https://media.rightmove.co.uk:443/dir/crop/10:9-16:9/283k/282893/155732522/282893_NUT240187_L_IMG_02_0000_max_476x317.jpeg; https://media.rightmove.co.uk:443/dir/crop/10:9-16:9/283k/282893/155732522/282893_NUT240187_L_IMG_03_0000_max_476x317.jpeg; https://media.rightmove.co.uk:443/dir/crop/10:9-16:9/283k/282893/155732522/282893_NUT240187_L_IMG_04_0000_max_476x317.jpeg; https://media.rightmove.co.uk:443/dir/crop/10:9-16:9/283k/282893/155732522/282893_NUT240187_L_IMG_05_0000_max_476x317.jpeg; https://media.rightmove.co.uk:443/dir/crop/10:9-16:9/283k/282893/155732522/282893_NUT240187_L_IMG_06_0000_max_476x317.jpeg; https://media.rightmove.co.uk:443/dir/crop/10:9-16:9/283k/282893/155732522/282893_NUT240187_L_IMG_07_0000_max_476x317.jpeg; https://media.rightmove.co.uk:443/dir/crop/10:9-16:9/283k/282893/155732522/282893_NUT240187_L_IMG_08_0000_max_476x317.jpeg; https://media.rightmove.co.uk:443/dir/crop/10:9-16:9/283k/282893/155732522/282893_NUT240187_L_IMG_09_0000_max_476x317.jpeg; https://media.rightmove.co.uk:443/dir/crop/10:9-16:9/283k/282893/155732522/282893_NUT240187_L_IMG_10_0000_max_476x317.jpeg; https://media.rightmove.co.uk:443/dir/crop/10:9-16:9/283k/282893/155732522/282893_NUT240187_L_IMG_11_0000_max_476x317.jpeg; https://media.rightmove.co.uk:443/dir/crop/10:9-16:9/283k/282893/155732522/282893_NUT240187_L_IMG_12_0000_max_476x317.jpeg"
"166762604","Newcastle","Light Industrial","UNIT 9 BENTON BUSINESS PARK, BELLWAY INDUSTRIAL ESTATE, NEWCASTLE  , Newcastle Upon Tyne, NEWCASTLE, NE12 9SW","£6,883 pcm","","","","'''''''''''''TO LET'''''''''''''' Benton Business Park is situated within the established Bellway Industrial Estate in Longbenton. The estate boasts excellent transportation links, located just 4 miles from Newcastle city center and within 1 mile of the A19 (Tyne Tunnel road), facilitating easy a...","https://www.rightmove.co.uk/properties/166762604#/?channel=COM_LET","2025-09-09T11:33:32Z","","new","Marketed by Azure Property Consultants Ltd, Kent","","55.016518","-1.550669","https://media.rightmove.co.uk:443/dir/crop/10:9-16:9/property-photo/058e8dbbc/166762604/058e8dbbcac99e6489609eb94c8851d5_max_476x317.jpeg; https://media.rightmove.co.uk:443/dir/crop/10:9-16:9/property-photo/3297387ee/166762604/3297387ee4e02c5c06f16dd03c560e4e_max_476x317.jpeg; https://media.rightmove.co.uk:443/dir/crop/10:9-16:9/property-photo/732708efd/166762604/732708efd58952bb94c3ccbbf9821d2f_max_476x317.jpeg; https://media.rightmove.co.uk:443/dir/crop/10:9-16:9/property-photo/900678703/166762604/900678703ad37ed2e8ff01d6b158ed72_max_476x317.jpeg"
"155841974","Newcastle","Shop","Blackett Street, Newcastle upon Tyne.  Barbers / Hair Salon ","£1,500 pcm","","","","City Centre beauty rooms available for immediate rental! Blackett Street, Newcastle upon Tyne, NE1","https://www.rightmove.co.uk/properties/155841974#/?channel=COM_LET","2024-12-11T00:08:16Z","","new","Marketed by Letsafe, Tyne and Wear","","54.9736","-1.61253","https://media.rightmove.co.uk:443/dir/crop/10:9-16:9/115k/114472/155841974/114472_CL0021_IMG_00_0000_max_476x317.jpeg; https://media.rightmove.co.uk:443/dir/crop/10:9-16:9/115k/114472/155841974/114472_CL0021_IMG_01_0000_max_476x317.jpeg; https://media.rightmove.co.uk:443/dir/crop/10:9-16:9/115k/114472/155841974/114472_CL0021_IMG_02_0000_max_476x317.jpeg; https://media.rightmove.co.uk:443/dir/crop/10:9-16:9/115k/114472/155841974/114472_CL0021_IMG_03_0000_max_476x317.jpeg; https://media.rightmove.co.uk:443/dir/crop/10:9-16:9/115k/114472/155841974/114472_CL0021_IMG_04_0000_max_476x317.jpeg; https://media.rightmove.co.uk:443/dir/crop/10:9-16:9/115k/114472/155841974/114472_CL0021_IMG_05_0000_max_476x317.jpeg; https://media.rightmove.co.uk:443/dir/crop/10:9-16:9/115k/114472/155841974/114472_CL0021_IMG_06_0000_max_476x317.jpeg; https://media.rightmove.co.uk:443/dir/crop/10:9-16:9/115k/114472/155841974/114472_CL0021_IMG_07_0000_max_476x317.jpeg"
"155568398","Newcastle","Office","Wizu Workspace, Portland House, New Bridge Street West, Newcastle Upon Tyne, NE1 8AL","£235 pcm","From","","","FULLY SERVICED MODERN OFFICES IN NEWLY REFURBISHED PORTLAND HOUSE.","https://www.rightmove.co.uk/properties/155568398#/?channel=COM_LET","2024-12-02T10:37:47Z","","new","Marketed by BNP Paribas Real Estate Advisory & Property Management UK Limited, Newcastle","","54.974104","-1.608743","https://media.rightmove.co.uk:443/dir/crop/10:9-16:9/242k/241244/155568398/241244_194963-2_IMG_00_0000_max_476x317.jpeg; https://media.rightmove.co.uk:443/dir/crop/10:9-16:9/242k/241244/155568398/241244_194963-2_IMG_01_0000_max_476x317.jpeg; https://media.rightmove.co.uk:443/dir/crop/10:9-16:9/242k/241244/155568398/241244_194963-2_IMG_02_0000_max_476x317.jpeg; https://media.rightmove.co.uk:443/dir/crop/10:9-16:9/242k/241244/155568398/241244_194963-2_IMG_03_0000_max_476x317.jpeg; https://media.rightmove.co.uk:443/dir/crop/10:9-16:9/242k/241244/155568398/241244_194963-2_IMG_04_0000_max_476x317.jpeg; https://media.rightmove.co.uk:443/dir/crop/10:9-16:9/242k/241244/155568398/241244_194963-2_IMG_05_0000_max_476x317.jpeg; https://media.rightmove.co.uk:443/dir/crop/10:9-16:9/242k/241244/155568398/241244_194963-2_IMG_06_0000_max_476x317.jpeg"
"141225107","Newcastle","Office","42 Mosley Street, Newcastle Upon Tyne, Tyne And Wear, NE1 1DF","£207 pcm","From","","","The property comprises a four-storey building that is let to several occupiers. The units available are located is located on the ground and first floor. Internally the premises benefits from a secure access front door with an intercom system, as well as having a large independent meeting room wh...","https://www.rightmove.co.uk/properties/141225107#/?channel=COM_LET","2023-10-24T16:09:50Z","","size_change","Marketed by Naylors Gavin Black LLP, Newcastle Upon Tyne","","54.97049","-1.61104","https://media.rightmove.co.uk:443/dir/crop/10:9-16:9/101k/100681/141225107/100681_3022LH_IMG_08_0000_max_476x317.jpeg; https://media.rightmove.co.uk:443/dir/crop/10:9-16:9/101k/100681/141225107/100681_3022LH_IMG_09_0000_max_476x317.jpeg; https://media.rightmove.co.uk:443/dir/crop/10:9-16:9/101k/100681/141225107/100681_3022LH_IMG_10_0000_max_476x317.jpeg; https://media.rightmove.co.uk:443/dir/crop/10:9-16:9/101k/100681/141225107/100681_3022LH_IMG_11_0000_max_476x317.jpeg; https://media.rightmove.co.uk:443/dir/crop/10:9-16:9/101k/100681/141225107/100681_3022LH_IMG_12_0000_max_476x317.jpeg; https://media.rightmove.co.uk:443/dir/crop/10:9-16:9/101k/100681/141225107/100681_3022LH_IMG_13_0000_max_476x317.jpeg; https://media.rightmove.co.uk:443/dir/crop/10:9-16:9/101k/100681/141225107/100681_3022LH_IMG_02_0001_max_476x317.jpeg"
"148466006","Newcastle","Office","Riverside House, Goldcrest Way, Newcastle Upon Tyne, NE15 8NY","£12,726 pcm","","","","Office To Let, Newcastle Upon Tyne","https://www.rightmove.co.uk/properties/148466006#/?channel=COM_LET","2024-05-28T14:28:27Z","","new","Marketed by Avison Young (UK) Limited, Offices","","54.9697","-1.712699","https://media.rightmove.co.uk:443/dir/crop/10:9-16:9/57k/56478/148466006/56478_109934-2_IMG_00_0000_max_476x317.jpeg; https://media.rightmove.co.uk:443/dir/crop/10:9-16:9/57k/56478/148466006/56478_109934-2_IMG_01_0000_max_476x317.jpeg; https://media.rightmove.co.uk:443/dir/crop/10:9-16:9/57k/56478/148466006/56478_109934-2_IMG_02_0000_max_476x317.jpeg; https://media.rightmove.co.uk:443/dir/crop/10:9-16:9/57k/56478/148466006/56478_109934-2_IMG_03_0000_max_476x317.jpeg; https://media.rightmove.co.uk:443/dir/crop/10:9-16:9/57k/56478/148466006/56478_109934-2_IMG_04_0000_max_476x317.jpeg; https://media.rightmove.co.uk:443/dir/crop/10:9-16:9/57k/56478/148466006/56478_109934-2_IMG_05_0000_max_476x317.jpeg; https://media.rightmove.co.uk:443/dir/crop/10:9-16:9/57k/56478/148466006/56478_109934-2_IMG_06_0000_max_476x317.jpeg; https://media.rightmove.co.uk:443/dir/crop/10:9-16:9/57k/56478/148466006/56478_109934-2_IMG_07_0000_max_476x317.jpeg; https://media.rightmove.co.uk:443/dir/crop/10:9-16:9/57k/56478/148466006/56478_109934-2_IMG_08_0000_max_476x317.jpeg; https://media.rightmove.co.uk:443/dir/crop/10:9-16:9/57k/56478/148466006/56478_109934-2_IMG_09_0000_max_476x317.jpeg; https://media.rightmove.co.uk:443/dir/crop/10:9-16:9/57k/56478/148466006/56478_109934-2_IMG_10_0000_max_476x317.jpeg; https://media.rightmove.co.uk:443/dir/crop/10:9-16:9/57k/56478/148466006/56478_109934-2_IMG_11_0000_max_476x317.jpeg"
"148466462","Newcastle","Office","Waterfront 4, Goldcrest Way, Newburn Riverside, Newcastle Upon Tyne, NE15 8NY","£13,449 pcm","","","","Office To Let, Newcastle Upon Tyne","https://www.rightmove.co.uk/properties/148466462#/?channel=COM_LET","2024-05-28T14:32:26Z","","new","Marketed by Avison Young (UK) Limited, Offices","","54.969715","-1.712365","https://media.rightmove.co.uk:443/dir/crop/10:9-16:9/57k/56478/148466462/56478_211771-2_IMG_00_0000_max_476x317.jpeg; https://media.rightmove.co.uk:443/dir/crop/10:9-16:9/57k/56478/148466462/56478_211771-2_IMG_01_0000_max_476x317.jpeg; https://media.rightmove.co.uk:443/dir/crop/10:9-16:9/57k/56478/148466462/56478_211771-2_IMG_02_0000_max_476x317.jpeg; https://media.rightmove.co.uk:443/dir/crop/10:9-16:9/57k/56478/148466462/56478_211771-2_IMG_03_0000_max_476x317.jpeg; https://media.rightmove.co.uk:443/dir/crop/10:9-16:9/57k/56478/148466462/56478_211771-2_IMG_04_0000_max_476x317.jpeg; https://media.rightmove.co.uk:443/dir/crop/10:9-16:9/57k/56478/148466462/56478_211771-2_IMG_05_0000_max_476x317.jpeg; https://media.rightmove.co.uk:443/dir/crop/10:9-16:9/57k/56478/148466462/56478_211771-2_IMG_06_0000_max_476x317.jpeg; https://media.rightmove.co.uk:443/dir/crop/10:9-16:9/57k/56478/148466462/56478_211771-2_IMG_07_0000_max_476x317.jpeg; https://media.rightmove.co.uk:443/dir/crop/10:9-16:9/57k/56478/148466462/56478_211771-2_IMG_08_0000_max_476x317.jpeg; https://media.rightmove.co.uk:443/dir/crop/10:9-16:9/57k/56478/148466462/56478_211771-2_IMG_09_0000_max_476x317.jpeg; https://media.rightmove.co.uk:443/dir/crop/10:9-16:9/57k/56478/148466462/56478_211771-2_IMG_10_0000_max_476x317.jpeg; https://media.rightmove.co.uk:443/dir/crop/10:9-16:9/57k/56478/148466462/56478_211771-2_IMG_11_0000_max_476x317.jpeg"
"155272352","Newcastle","Office","Regent Farm Road,, Newcastle Upon Tyne","£7,776 pcm","","","","NEWLY REFURBISHED!! Welcome to Arden House at Regent Centre! This stunning office space offers a premier business location that is sure to impress. Within the office space there are internal meeting rooms, large windows, kitchens and staff break out space, toilet facilities, meaning this...","https://www.rightmove.co.uk/properties/155272352#/?channel=COM_LET","2024-11-22T15:04:10Z","","new","Marketed by Mays Management, London","","55.011489","-1.623366","https://media.rightmove.co.uk:443/dir/crop/10:9-16:9/230k/229781/155272352/229781_33525021_IMG_00_0000_max_476x317.jpeg; https://media.rightmove.co.uk:443/dir/crop/10:9-16:9/230k/229781/155272352/229781_33525021_IMG_01_0000_max_476x317.jpeg; https://media.rightmove.co.uk:443/dir/crop/10:9-16:9/230k/229781/155272352/229781_33525021_IMG_02_0000_max_476x317.jpeg; https://media.rightmove.co.uk:443/dir/crop/10:9-16:9/230k/229781/155272352/229781_33525021_IMG_03_0000_max_476x317.jpeg; https://media.rightmove.co.uk:443/dir/crop/10:9-16:9/230k/229781/155272352/229781_33525021_IMG_04_0000_max_476x317.jpeg; https://media.rightmove.co.uk:443/dir/crop/10:9-16:9/230k/229781/155272352/229781_33525021_IMG_05_0000_max_476x317.jpeg; https://media.rightmove.co.uk:443/dir/crop/10:9-16:9/230k/229781/155272352/229781_33525021_IMG_06_0000_max_476x317.jpeg; https://media.rightmove.co.uk:443/dir/crop/10:9-16:9/230k/229781/155272352/229781_33525021_IMG_07_0000_max_476x317.jpeg; https://media.rightmove.co.uk:443/dir/crop/10:9-16:9/230k/229781/155272352/229781_33525021_IMG_08_0000_max_476x317.jpeg; https://media.rightmove.co.uk:443/dir/crop/10:9-16:9/230k/229781/155272352/229781_33525021_IMG_09_0000_max_476x317.jpeg; https://media.rightmove.co.uk:443/dir/crop/10:9-16:9/230k/229781/155272352/229781_33525021_IMG_10_0000_max_476x317.jpeg; https://media.rightmove.co.uk:443/dir/crop/10:9-16:9/230k/229781/155272352/229781_33525021_IMG_11_0000_max_476x317.jpeg"
"119687750","Newcastle","Office","Lugano Building, Melbourne Street, Newcastle Upon Tyne, Tyne And Wear, NE1","£9,875 pcm","","","","TO LET - GRADE A OFFICE ACCOMMODATION - STUNNING VIEWS - PRIVATE CAR PARK WITH 7 SPACESLocationThe Lugano Building is well located on the south side of Melbourne Street in the corner with Tower Street close to the A186 which links directly to the Central Motorway (A167) providing vehicular acc...","https://www.rightmove.co.uk/properties/119687750#/?channel=COM_LET","2022-02-08T12:30:12Z","","price_reduced","Marketed by Naylors Gavin Black LLP, Newcastle Upon Tyne","","54.972256","-1.604165","https://media.rightmove.co.uk:443/dir/crop/10:9-16:9/101k/100681/119687750/100681_2844LH_IMG_00_0001_max_476x317.jpeg; https://media.rightmove.co.uk:443/dir/crop/10:9-16:9/101k/100681/119687750/100681_2844LH_IMG_02_0001_max_476x317.jpeg; https://media.rightmove.co.uk:443/dir/crop/10:9-16:9/101k/100681/119687750/100681_2844LH_IMG_05_0002_max_476x317.jpeg; https://media.rightmove.co.uk:443/dir/crop/10:9-16:9/101k/100681/119687750/100681_2844LH_IMG_01_0001_max_476x317.jpeg; https://media.rightmove.co.uk:443/dir/crop/10:9-16:9/101k/100681/119687750/100681_2844LH_IMG_03_0002_max_476x317.jpeg; https://media.rightmove.co.uk:443/dir/crop/10:9-16:9/101k/100681/119687750/100681_2844LH_IMG_04_0002_max_476x317.jpeg; https://media.rightmove.co.uk:443/dir/crop/10:9-16:9/101k/100681/119687750/100681_2844LH_IMG_21_0001_max_476x317.jpeg; https://media.rightmove.co.uk:443/dir/crop/10:9-16:9/101k/100681/119687750/100681_2844LH_IMG_06_0002_max_476x317.jpeg; https://media.rightmove.co.uk:443/dir/crop/10:9-16:9/101k/100681/119687750/100681_2844LH_IMG_08_0002_max_476x317.jpeg; https://media.rightmove.co.uk:443/dir/crop/10:9-16:9/101k/100681/119687750/100681_2844LH_IMG_09_0002_max_476x317.jpeg; https://media.rightmove.co.uk:443/dir/crop/10:9-16:9/101k/100681/119687750/100681_2844LH_IMG_10_0002_max_476x317.jpeg; https://media.rightmove.co.uk:443/dir/crop/10:9-16:9/101k/100681/119687750/100681_2844LH_IMG_11_0002_max_476x317.jpeg; https://media.rightmove.co.uk:443/dir/crop/10:9-16:9/101k/100681/119687750/100681_2844LH_IMG_12_0002_max_476x317.jpeg; https://media.rightmove.co.uk:443/dir/crop/10:9-16:9/101k/100681/119687750/100681_2844LH_IMG_13_0002_max_476x317.jpeg; https://media.rightmove.co.uk:443/dir/crop/10:9-16:9/101k/100681/119687750/100681_2844LH_IMG_14_0001_max_476x317.jpeg; https://media.rightmove.co.uk:443/dir/crop/10:9-16:9/101k/100681/119687750/100681_2844LH_IMG_15_0001_max_476x317.jpeg; https://media.rightmove.co.uk:443/dir/crop/10:9-16:9/101k/100681/119687750/100681_2844LH_IMG_16_0001_max_476x317.jpeg; https://media.rightmove.co.uk:443/dir/crop/10:9-16:9/101k/100681/119687750/100681_2844LH_IMG_17_0001_max_476x317.jpeg; https://media.rightmove.co.uk:443/dir/crop/10:9-16:9/101k/100681/119687750/100681_2844LH_IMG_18_0001_max_476x317.jpeg; https://media.rightmove.co.uk:443/dir/crop/10:9-16:9/101k/100681/119687750/100681_2844LH_IMG_19_0001_max_476x317.jpeg; https://media.rightmove.co.uk:443/dir/crop/10:9-16:9/101k/100681/119687750/100681_2844LH_IMG_20_0001_max_476x317.jpeg; https://media.rightmove.co.uk:443/dir/crop/10:9-16:9/101k/100681/119687750/100681_2844LH_IMG_22_0001_max_476x317.jpeg; https://media.rightmove.co.uk:443/dir/crop/10:9-16:9/101k/100681/119687750/100681_2844LH_IMG_23_0001_max_476x317.jpeg; https://media.rightmove.co.uk:443/dir/crop/10:9-16:9/101k/100681/119687750/100681_2844LH_IMG_07_0002_max_476x317.jpeg; https://media.rightmove.co.uk:443/dir/crop/10:9-16:9/101k/100681/119687750/100681_2844LH_IMG_24_0001_max_476x317.jpeg; https://media.rightmove.co.uk:443/dir/crop/10:9-16:9/101k/100681/119687750/100681_2844LH_IMG_25_0001_max_476x317.jpeg; https://media.rightmove.co.uk:443/dir/crop/10:9-16:9/101k/100681/119687750/100681_2844LH_IMG_26_0001_max_476x317.jpeg"
"155104910","Newcastle","Serviced Office","Portland House New Bridge Street West, Newcastle upon Tyne","£984 pcm","From","","","Work from this iconic building, beautifully restored and modernised in a prime central Newcastle location. Experience the latest in workspace tech, including seamless access control, high-end video conferencing and digital coffee machines. Members love the sleek co-working area flooded with natur...","https://www.rightmove.co.uk/properties/155104910#/?channel=COM_LET","2024-11-18T17:02:40Z","","new","Marketed by Office Freedom, Office Freedom - Major Cities","","54.974525","-1.608489","https://media.rightmove.co.uk:443/dir/crop/10:9-16:9/246k/245114/155104910/245114_90960-1_IMG_00_0000_max_476x317.jpeg; https://media.rightmove.co.uk:443/dir/crop/10:9-16:9/246k/245114/155104910/245114_90960-1_IMG_01_0000_max_476x317.jpeg; https://media.rightmove.co.uk:443/dir/crop/10:9-16:9/246k/245114/155104910/245114_90960-1_IMG_02_0000_max_476x317.jpeg; https://media.rightmove.co.uk:443/dir/crop/10:9-16:9/246k/245114/155104910/245114_90960-1_IMG_03_0000_max_476x317.jpeg; https://media.rightmove.co.uk:443/dir/crop/10:9-16:9/246k/245114/155104910/245114_90960-1_IMG_04_0000_max_476x317.jpeg"
"155027096","Newcastle","Storage","Unit A2 with Land, Derwenthaugh Industrial Estate, Derwenthaugh Road, Swalwell, NE16 3BQ","£1,250 pcm","","","","Office and Land to Let","https://www.rightmove.co.uk/properties/155027096#/?channel=COM_LET","2024-11-15T14:13:41Z","","new","Marketed by Savills, Newcastle - Industrial","","54.962986","-1.692435","https://media.rightmove.co.uk:443/dir/crop/10:9-16:9/property-photo/6ec85919f/155027096/6ec85919f95f030cb557b830638dfd9e_max_476x317.jpeg; https://media.rightmove.co.uk:443/dir/crop/10:9-16:9/property-photo/dcbb85127/155027096/dcbb851274343e3cea852f063600eaa3_max_476x317.jpeg; https://media.rightmove.co.uk:443/dir/crop/10:9-16:9/property-photo/24ccb9e89/155027096/24ccb9e89fa7607e753d3810f629b3b8_max_476x317.jpeg; https://media.rightmove.co.uk:443/dir/crop/10:9-16:9/property-photo/6ec85919f/155027096/6ec85919f95f030cb557b830638dfd9e_max_476x317.jpeg"
"133471493","Newcastle","Office","92 Osborne Road, Newcastle Upon Tyne, NE2 2TD","£2,083 pcm","","","","Unique opportunity available to acquire a top floor office in a prime location within Jesmond. . A new four storey extension has been built to the rear of the property to provide a new staircase for the offices to separate its demise from the restaurant and provide additional office space on the...","https://www.rightmove.co.uk/properties/133471493#/?channel=COM_LET","2023-04-11T11:55:15Z","","size_change","Marketed by Lambert Smith Hampton, Newcastle","","54.992222","-1.603315","https://media.rightmove.co.uk:443/dir/crop/10:9-16:9/183k/182546/133471493/182546_2050000LH_IMG_00_0002_max_476x317.jpeg; https://media.rightmove.co.uk:443/dir/crop/10:9-16:9/183k/182546/133471493/182546_2050000LH_IMG_01_0002_max_476x317.jpeg; https://media.rightmove.co.uk:443/dir/crop/10:9-16:9/183k/182546/133471493/182546_2050000LH_IMG_02_0002_max_476x317.jpeg; https://media.rightmove.co.uk:443/dir/crop/10:9-16:9/183k/182546/133471493/182546_2050000LH_IMG_03_0002_max_476x317.jpeg; https://media.rightmove.co.uk:443/dir/crop/10:9-16:9/183k/182546/133471493/182546_2050000LH_IMG_04_0002_max_476x317.jpeg; https://media.rightmove.co.uk:443/dir/crop/10:9-16:9/183k/182546/133471493/182546_2050000LH_IMG_05_0002_max_476x317.jpeg; https://media.rightmove.co.uk:443/dir/crop/10:9-16:9/183k/182546/133471493/182546_2050000LH_IMG_06_0002_max_476x317.jpeg; https://media.rightmove.co.uk:443/dir/crop/10:9-16:9/183k/182546/133471493/182546_2050000LH_IMG_07_0002_max_476x317.jpeg; https://media.rightmove.co.uk:443/dir/crop/10:9-16:9/183k/182546/133471493/182546_2050000LH_IMG_08_0002_max_476x317.jpeg; https://media.rightmove.co.uk:443/dir/crop/10:9-16:9/183k/182546/133471493/182546_2050000LH_IMG_09_0002_max_476x317.jpeg; https://media.rightmove.co.uk:443/dir/crop/10:9-16:9/183k/182546/133471493/182546_2050000LH_IMG_10_0002_max_476x317.jpeg; https://media.rightmove.co.uk:443/dir/crop/10:9-16:9/183k/182546/133471493/182546_2050000LH_IMG_11_0002_max_476x317.jpeg; https://media.rightmove.co.uk:443/dir/crop/10:9-16:9/183k/182546/133471493/182546_2050000LH_IMG_12_0002_max_476x317.jpeg; https://media.rightmove.co.uk:443/dir/crop/10:9-16:9/183k/182546/133471493/182546_2050000LH_IMG_13_0002_max_476x317.jpeg; https://media.rightmove.co.uk:443/dir/crop/10:9-16:9/183k/182546/133471493/182546_2050000LH_IMG_14_0002_max_476x317.jpeg; https://media.rightmove.co.uk:443/dir/crop/10:9-16:9/183k/182546/133471493/182546_2050000LH_IMG_15_0002_max_476x317.jpeg; https://media.rightmove.co.uk:443/dir/crop/10:9-16:9/183k/182546/133471493/182546_2050000LH_IMG_16_0002_max_476x317.jpeg; https://media.rightmove.co.uk:443/dir/crop/10:9-16:9/183k/182546/133471493/182546_2050000LH_IMG_17_0002_max_476x317.jpeg"
"130743002","Newcastle","Office","Lugano Building, 57 Melbourne Street, Newcastle Upon Tyne, NE1 2JQ","£7,406 pcm","From","","","A former bonded warehouse which has been refurbished to provide contemporary ""loft style"" offices fitted out to a Grade A standard. The available office suite is one of the best available in the market fully fitted with a private decked balcony overlooking the River and an internal staircase to ...","https://www.rightmove.co.uk/properties/130743002#/?channel=COM_LET","2023-01-16T10:27:45Z","","size_change","Marketed by Lambert Smith Hampton, Newcastle","","54.971989","-1.603827","https://media.rightmove.co.uk:443/dir/crop/10:9-16:9/property-photo/2f3f6fc53/130743002/2f3f6fc53632ba678b6bf09e5b20733f_max_476x317.jpeg; https://media.rightmove.co.uk:443/dir/crop/10:9-16:9/property-photo/66ac8c8dd/130743002/66ac8c8dd643dbe149807e6c6d767d21_max_476x317.jpeg; https://media.rightmove.co.uk:443/dir/crop/10:9-16:9/property-photo/0a0e7cf00/130743002/0a0e7cf00b186c3db014f9d7bc5274ca_max_476x317.jpeg; https://media.rightmove.co.uk:443/dir/crop/10:9-16:9/property-photo/745691b44/130743002/745691b44f1decef7f8310976cc4cbe0_max_476x317.jpeg; https://media.rightmove.co.uk:443/dir/crop/10:9-16:9/property-photo/5c68f6b6c/130743002/5c68f6b6c7f05098c5673f14d9ff16eb_max_476x317.jpeg"
"155410076","Newcastle","Serviced Office","26 Mosley Street, Newcastle upon Tyne","£740 pcm","From","","","Stunning Grade II Listed building in the heart of Newcastle Upon Tyne. Recently refurbished to provide luxury serviced offices, meeting rooms, coworking and virtual offices. Tenants can bene...","https://www.rightmove.co.uk/properties/155410076#/?channel=COM_LET","2024-11-27T05:46:35Z","","new","Marketed by Office Freedom, Office Freedom - Major Cities","","54.970637","-1.612753","https://media.rightmove.co.uk:443/dir/crop/10:9-16:9/246k/245114/155410076/245114_28566-1_IMG_00_0000_max_476x317.jpeg; https://media.rightmove.co.uk:443/dir/crop/10:9-16:9/246k/245114/155410076/245114_28566-1_IMG_01_0000_max_476x317.jpeg; https://media.rightmove.co.uk:443/dir/crop/10:9-16:9/246k/245114/155410076/245114_28566-1_IMG_02_0000_max_476x317.jpeg; https://media.rightmove.co.uk:443/dir/crop/10:9-16:9/246k/245114/155410076/245114_28566-1_IMG_03_0000_max_476x317.jpeg; https://media.rightmove.co.uk:443/dir/crop/10:9-16:9/246k/245114/155410076/245114_28566-1_IMG_04_0000_max_476x317.jpeg; https://media.rightmove.co.uk:443/dir/crop/10:9-16:9/246k/245114/155410076/245114_28566-1_IMG_05_0000_max_476x317.jpeg"
"155494064","Newcastle","Serviced Office","Walker Road, Newcastle upon Tyne","£250 pcm","From","","","Whether its office space for a Recruitment Company, studio space for a Marketing and PR Agency or warehouse space for personal training, Hoults Yard will have space with the potential to sui...","https://www.rightmove.co.uk/properties/155494064#/?channel=COM_LET","2024-11-28T18:49:13Z","","new","Marketed by Office Freedom, Office Freedom - Major Cities","","54.970367","-1.580618","https://media.rightmove.co.uk:443/dir/crop/10:9-16:9/246k/245114/155494064/245114_19401-1_IMG_00_0000_max_476x317.jpeg; https://media.rightmove.co.uk:443/dir/crop/10:9-16:9/246k/245114/155494064/245114_19401-1_IMG_01_0000_max_476x317.jpeg; https://media.rightmove.co.uk:443/dir/crop/10:9-16:9/246k/245114/155494064/245114_19401-1_IMG_02_0000_max_476x317.jpeg; https://media.rightmove.co.uk:443/dir/crop/10:9-16:9/246k/245114/155494064/245114_19401-1_IMG_03_0000_max_476x317.jpeg; https://media.rightmove.co.uk:443/dir/crop/10:9-16:9/246k/245114/155494064/245114_19401-1_IMG_04_0000_max_476x317.jpeg; https://media.rightmove.co.uk:443/dir/crop/10:9-16:9/246k/245114/155494064/245114_19401-1_IMG_05_0000_max_476x317.jpeg; https://media.rightmove.co.uk:443/dir/crop/10:9-16:9/246k/245114/155494064/245114_19401-1_IMG_06_0000_max_476x317.jpeg"
"155450267","Newcastle","Serviced Office","Haylofts Saint Thomas Street Haymarket, Newcastle upon Tyne","£1,400 pcm","From","","","Hayloft – built in the mid 1800’s, in a past life was once the stables for Newcastle Breweries so the centre is steeped in history! The centre has 21 offices in a range of sizes situated aro...","https://www.rightmove.co.uk/properties/155450267#/?channel=COM_LET","2024-11-27T18:09:18Z","","new","Marketed by Office Freedom, Office Freedom - Major Cities","","54.977139","-1.61668","https://media.rightmove.co.uk:443/dir/crop/10:9-16:9/246k/245114/155450267/245114_30260-1_IMG_00_0000_max_476x317.jpeg; https://media.rightmove.co.uk:443/dir/crop/10:9-16:9/246k/245114/155450267/245114_30260-1_IMG_01_0000_max_476x317.jpeg; https://media.rightmove.co.uk:443/dir/crop/10:9-16:9/246k/245114/155450267/245114_30260-1_IMG_02_0000_max_476x317.jpeg; https://media.rightmove.co.uk:443/dir/crop/10:9-16:9/246k/245114/155450267/245114_30260-1_IMG_03_0000_max_476x317.jpeg; https://media.rightmove.co.uk:443/dir/crop/10:9-16:9/246k/245114/155450267/245114_30260-1_IMG_04_0000_max_476x317.jpeg; https://media.rightmove.co.uk:443/dir/crop/10:9-16:9/246k/245114/155450267/245114_30260-1_IMG_05_0000_max_476x317.jpeg"
"132844376","Newcastle","Office","Baker's Yard, Christon Road, Newcastle Upon Tyne, NE3 1XD","POA","","","","Flexible workspace in new unit, featuring mezzanine level, high ceilings, crittal glazed partitions. Suitable for office, leisure, gym, health and fitness studios. ","https://www.rightmove.co.uk/properties/132844376#/?channel=COM_LET","2023-03-22T16:52:25Z","","new","Marketed by Adderstone Asset Management Limited, Newcastle","","55.0089","-1.60767","https://media.rightmove.co.uk:443/dir/crop/10:9-16:9/181k/180227/132844376/180227_BakersYardTheChiller19b_IMG_03_0000_max_476x317.jpeg; https://media.rightmove.co.uk:443/dir/crop/10:9-16:9/181k/180227/132844376/180227_BakersYardTheChiller19b_IMG_02_0000_max_476x317.jpeg; https://media.rightmove.co.uk:443/dir/crop/10:9-16:9/181k/180227/132844376/180227_BakersYardTheChiller19b_IMG_07_0000_max_476x317.jpeg; https://media.rightmove.co.uk:443/dir/crop/10:9-16:9/181k/180227/132844376/180227_BakersYardTheChiller19b_IMG_00_0000_max_476x317.jpeg; https://media.rightmove.co.uk:443/dir/crop/10:9-16:9/181k/180227/132844376/180227_BakersYardTheChiller19b_IMG_01_0000_max_476x317.jpeg; https://media.rightmove.co.uk:443/dir/crop/10:9-16:9/181k/180227/132844376/180227_BakersYardTheChiller19b_IMG_06_0000_max_476x317.jpeg; https://media.rightmove.co.uk:443/dir/crop/10:9-16:9/181k/180227/132844376/180227_BakersYardTheChiller19b_IMG_04_0000_max_476x317.jpeg"
"155450786","Newcastle","Serviced Office","Cobalt Business Park Silver Fox Way Wallsend, Newcastle upon Tyne","£150 pcm","From","","","These brand new serviced offices in Newcastle have a spacious reception area with seating & a plasma screen TV. Next door we have more offices where travel tickets can be purchased along wit...","https://www.rightmove.co.uk/properties/155450786#/?channel=COM_LET","2024-11-27T18:21:26Z","","new","Marketed by Office Freedom, Office Freedom - Major Cities","","55.0204","-1.508513","https://media.rightmove.co.uk:443/dir/crop/10:9-16:9/246k/245114/155450786/245114_21964-1_IMG_00_0000_max_476x317.jpeg; https://media.rightmove.co.uk:443/dir/crop/10:9-16:9/246k/245114/155450786/245114_21964-1_IMG_01_0000_max_476x317.jpeg; https://media.rightmove.co.uk:443/dir/crop/10:9-16:9/246k/245114/155450786/245114_21964-1_IMG_02_0000_max_476x317.jpeg; https://media.rightmove.co.uk:443/dir/crop/10:9-16:9/246k/245114/155450786/245114_21964-1_IMG_03_0000_max_476x317.jpeg"
"155448923","Newcastle","Serviced Office","11 Waterloo Square Waterloo Street, Newcastle upon Tyne","£665 pcm","From","","","Offering prime high quality offices to let in Newcastle city centre providing flexible space from 133 sq ft available for occupation now. Providing high specification modern offices within ...","https://www.rightmove.co.uk/properties/155448923#/?channel=COM_LET","2024-11-27T17:46:00Z","","new","Marketed by Office Freedom, London","","54.96931","-1.62256","https://media.rightmove.co.uk:443/dir/crop/10:9-16:9/238k/237980/155448923/237980_13586-1_IMG_00_0000_max_476x317.jpeg; https://media.rightmove.co.uk:443/dir/crop/10:9-16:9/238k/237980/155448923/237980_13586-1_IMG_01_0000_max_476x317.png; https://media.rightmove.co.uk:443/dir/crop/10:9-16:9/238k/237980/155448923/237980_13586-1_IMG_02_0000_max_476x317.jpeg; https://media.rightmove.co.uk:443/dir/crop/10:9-16:9/238k/237980/155448923/237980_13586-1_IMG_03_0000_max_476x317.jpeg; https://media.rightmove.co.uk:443/dir/crop/10:9-16:9/238k/237980/155448923/237980_13586-1_IMG_04_0000_max_476x317.jpeg; https://media.rightmove.co.uk:443/dir/crop/10:9-16:9/238k/237980/155448923/237980_13586-1_IMG_05_0000_max_476x317.jpeg; https://media.rightmove.co.uk:443/dir/crop/10:9-16:9/238k/237980/155448923/237980_13586-1_IMG_06_0000_max_476x317.jpeg; https://media.rightmove.co.uk:443/dir/crop/10:9-16:9/238k/237980/155448923/237980_13586-1_IMG_07_0000_max_476x317.jpeg; https://media.rightmove.co.uk:443/dir/crop/10:9-16:9/238k/237980/155448923/237980_13586-1_IMG_08_0000_max_476x317.png; https://media.rightmove.co.uk:443/dir/crop/10:9-16:9/238k/237980/155448923/237980_13586-1_IMG_09_0000_max_476x317.png; https://media.rightmove.co.uk:443/dir/crop/10:9-16:9/238k/237980/155448923/237980_13586-1_IMG_10_0000_max_476x317.png"
"155409905","Newcastle","Serviced Office","Clavering House 1 Clavering Place, Newcastle upon Tyne","£490 pcm","From","","","Serviced offices in Newcastle upon Tyne occupy this attractive office complex, close to excellent transport links and local amenities. The building offers flexible office space with plenty o...","https://www.rightmove.co.uk/properties/155409905#/?channel=COM_LET","2024-11-27T05:39:49Z","","new","Marketed by Office Freedom, Office Freedom Regional","","54.968311","-1.612142","https://media.rightmove.co.uk:443/dir/crop/10:9-16:9/238k/237641/155409905/237641_17598-1_IMG_00_0000_max_476x317.jpeg; https://media.rightmove.co.uk:443/dir/crop/10:9-16:9/238k/237641/155409905/237641_17598-1_IMG_01_0000_max_476x317.jpeg; https://media.rightmove.co.uk:443/dir/crop/10:9-16:9/238k/237641/155409905/237641_17598-1_IMG_02_0000_max_476x317.jpeg; https://media.rightmove.co.uk:443/dir/crop/10:9-16:9/238k/237641/155409905/237641_17598-1_IMG_03_0000_max_476x317.jpeg; https://media.rightmove.co.uk:443/dir/crop/10:9-16:9/238k/237641/155409905/237641_17598-1_IMG_04_0000_max_476x317.jpeg; https://media.rightmove.co.uk:443/dir/crop/10:9-16:9/238k/237641/155409905/237641_17598-1_IMG_05_0000_max_476x317.jpeg; https://media.rightmove.co.uk:443/dir/crop/10:9-16:9/238k/237641/155409905/237641_17598-1_IMG_06_0000_max_476x317.jpeg"
"154784525","Newcastle","Retail Property (high street)","Ground Floor retail/office - 6-8 Saville Row, Newcastle upon Tyne, NE1 8JE","POA","","","","High-footfall Ground Floor retail/office premises in Newcastle city Centre.","https://www.rightmove.co.uk/properties/154784525#/?channel=COM_LET","2024-11-08T18:44:03Z","","new","Marketed by BNP Paribas Real Estate Advisory & Property Management UK Limited, Newcastle","","54.975643","-1.61143","https://media.rightmove.co.uk:443/dir/crop/10:9-16:9/242k/241244/154784525/241244_271301-2_IMG_00_0000_max_476x317.jpeg; https://media.rightmove.co.uk:443/dir/crop/10:9-16:9/242k/241244/154784525/241244_271301-2_IMG_05_0001_max_476x317.jpeg; https://media.rightmove.co.uk:443/dir/crop/10:9-16:9/242k/241244/154784525/241244_271301-2_IMG_02_0000_max_476x317.jpeg; https://media.rightmove.co.uk:443/dir/crop/10:9-16:9/242k/241244/154784525/241244_271301-2_IMG_03_0000_max_476x317.jpeg; https://media.rightmove.co.uk:443/dir/crop/10:9-16:9/242k/241244/154784525/241244_271301-2_IMG_04_0000_max_476x317.jpeg; https://media.rightmove.co.uk:443/dir/crop/10:9-16:9/242k/241244/154784525/241244_271301-2_IMG_06_0001_max_476x317.jpeg"
"698589158849521","Newcastle","Retail Property (high street)","Retail Unit To Let in Walker, Newcastle, 37A Church Walk, Walker, Newcastle upon Tyne, NE6 3DP","£1,250 pcm","","","","Retail Unit To Let","https://www.rightmove.co.uk/properties/698589158849521#/?channel=COM_LET","2025-10-23T11:28:14Z","","price_reduced","Marketed by Sanderson Weatherall, Newcastle","","54.973965","-1.544912","https://media.rightmove.co.uk:443/dir/crop/10:9-16:9/262k/261938/698589158849521/261938_225950-2_IMG_00_0000_max_476x317.png; https://media.rightmove.co.uk:443/dir/crop/10:9-16:9/262k/261938/698589158849521/261938_225950-2_IMG_01_0000_max_476x317.jpeg; https://media.rightmove.co.uk:443/dir/crop/10:9-16:9/262k/261938/698589158849521/261938_225950-2_IMG_02_0000_max_476x317.jpeg; https://media.rightmove.co.uk:443/dir/crop/10:9-16:9/262k/261938/698589158849521/261938_225950-2_IMG_03_0000_max_476x317.jpeg; https://media.rightmove.co.uk:443/dir/crop/10:9-16:9/262k/261938/698589158849521/261938_225950-2_IMG_04_0000_max_476x317.jpeg; https://media.rightmove.co.uk:443/dir/crop/10:9-16:9/262k/261938/698589158849521/261938_225950-2_IMG_05_0000_max_476x317.png"
"155410301","Newcastle","Serviced Office","Dispensary Lane, Newcastle upon Tyne","£567 pcm","From","","","Blackfriars Court is located in Newcastle City Centre within the historic Blackfriars area. This central location is adjacent to The Gate complex and Chinatown and within walking distance of...","https://www.rightmove.co.uk/properties/155410301#/?channel=COM_LET","2024-11-27T05:56:18Z","","new","Marketed by Office Freedom, Office Freedom - Major Cities","","54.972137","-1.619102","https://media.rightmove.co.uk:443/dir/crop/10:9-16:9/246k/245114/155410301/245114_105234-1_IMG_00_0000_max_476x317.png; https://media.rightmove.co.uk:443/dir/crop/10:9-16:9/246k/245114/155410301/245114_105234-1_IMG_01_0000_max_476x317.png; https://media.rightmove.co.uk:443/dir/crop/10:9-16:9/246k/245114/155410301/245114_105234-1_IMG_02_0000_max_476x317.png"
"155410643","Newcastle","Serviced Office","3 College Street, Newcastle upon Tyne","£420 pcm","From","","","Newcastle’s premium coworking space located in the heart of the city. Our flexible membership options, high-speed internet, modern amenities and dynamic community provides the perfect enviro...","https://www.rightmove.co.uk/properties/155410643#/?channel=COM_LET","2024-11-27T06:12:19Z","","new","Marketed by Office Freedom, Office Freedom - Major Cities","","54.976631","-1.609621","https://media.rightmove.co.uk:443/dir/crop/10:9-16:9/246k/245114/155410643/245114_104938-1_IMG_00_0000_max_476x317.jpeg; https://media.rightmove.co.uk:443/dir/crop/10:9-16:9/246k/245114/155410643/245114_104938-1_IMG_01_0000_max_476x317.jpeg; https://media.rightmove.co.uk:443/dir/crop/10:9-16:9/246k/245114/155410643/245114_104938-1_IMG_02_0000_max_476x317.jpeg; https://media.rightmove.co.uk:443/dir/crop/10:9-16:9/246k/245114/155410643/245114_104938-1_IMG_03_0000_max_476x317.png; https://media.rightmove.co.uk:443/dir/crop/10:9-16:9/246k/245114/155410643/245114_104938-1_IMG_04_0000_max_476x317.jpeg; https://media.rightmove.co.uk:443/dir/crop/10:9-16:9/246k/245114/155410643/245114_104938-1_IMG_05_0000_max_476x317.png; https://media.rightmove.co.uk:443/dir/crop/10:9-16:9/246k/245114/155410643/245114_104938-1_IMG_06_0000_max_476x317.jpeg; https://media.rightmove.co.uk:443/dir/crop/10:9-16:9/246k/245114/155410643/245114_104938-1_IMG_07_0000_max_476x317.png; https://media.rightmove.co.uk:443/dir/crop/10:9-16:9/246k/245114/155410643/245114_104938-1_IMG_08_0000_max_476x317.png; https://media.rightmove.co.uk:443/dir/crop/10:9-16:9/246k/245114/155410643/245114_104938-1_IMG_09_0000_max_476x317.png; https://media.rightmove.co.uk:443/dir/crop/10:9-16:9/246k/245114/155410643/245114_104938-1_IMG_10_0000_max_476x317.png; https://media.rightmove.co.uk:443/dir/crop/10:9-16:9/246k/245114/155410643/245114_104938-1_IMG_11_0000_max_476x317.jpeg"
"154702718","Newcastle","Serviced Office","7 Delta Bank Road, Gateshead","£1,500 pcm","From","","","Our YBN workspace is strategically located near the town centre, ensuring quick access to rail and travel links. The offices come complete with contemporary furnishings and state-of-the-art ...","https://www.rightmove.co.uk/properties/154702718#/?channel=COM_LET","2024-11-07T11:26:27Z","","new","Marketed by Office Freedom, Office Freedom - Major Cities","","54.960872","-1.667149","https://media.rightmove.co.uk:443/dir/crop/10:9-16:9/246k/245114/154702718/245114_94607-1_IMG_00_0000_max_476x317.jpeg; https://media.rightmove.co.uk:443/dir/crop/10:9-16:9/246k/245114/154702718/245114_94607-1_IMG_01_0001_max_476x317.jpeg; https://media.rightmove.co.uk:443/dir/crop/10:9-16:9/246k/245114/154702718/245114_94607-1_IMG_02_0001_max_476x317.jpeg; https://media.rightmove.co.uk:443/dir/crop/10:9-16:9/246k/245114/154702718/245114_94607-1_IMG_03_0001_max_476x317.png"
"155448878","Newcastle","Serviced Office","2 St James' Gate, Newcastle upon Tyne","£1,450 pcm","From","","","Located in a prestigious city centre address, St James Gate Newcastle is an ideal location to base your business. St James Gate will be at the heart of an increasingly important business, le...","https://www.rightmove.co.uk/properties/155448878#/?channel=COM_LET","2024-11-27T17:45:22Z","","new","Marketed by Office Freedom, Office Freedom - Major Cities","","54.966863","-1.621563","https://media.rightmove.co.uk:443/dir/crop/10:9-16:9/246k/245114/155448878/245114_87855-1_IMG_00_0000_max_476x317.jpeg; https://media.rightmove.co.uk:443/dir/crop/10:9-16:9/246k/245114/155448878/245114_87855-1_IMG_01_0000_max_476x317.jpeg; https://media.rightmove.co.uk:443/dir/crop/10:9-16:9/246k/245114/155448878/245114_87855-1_IMG_02_0000_max_476x317.jpeg; https://media.rightmove.co.uk:443/dir/crop/10:9-16:9/246k/245114/155448878/245114_87855-1_IMG_03_0000_max_476x317.jpeg; https://media.rightmove.co.uk:443/dir/crop/10:9-16:9/246k/245114/155448878/245114_87855-1_IMG_04_0000_max_476x317.jpeg; https://media.rightmove.co.uk:443/dir/crop/10:9-16:9/246k/245114/155448878/245114_87855-1_IMG_05_0000_max_476x317.jpeg; https://media.rightmove.co.uk:443/dir/crop/10:9-16:9/246k/245114/155448878/245114_87855-1_IMG_06_0000_max_476x317.jpeg"
"698589840646689","Newcastle","Retail Property (high street)","Retail/Workshop To Let on Forth Banks, Arch 19, Forth Banks, Newcastle upon Tyne, NE1 3PG","£941 pcm","","","","City Centre Retail/Workshop To Let","https://www.rightmove.co.uk/properties/698589840646689#/?channel=COM_LET","2025-10-23T11:28:19Z","","new","Marketed by Sanderson Weatherall, Newcastle","","54.966613","-1.619723","https://media.rightmove.co.uk:443/dir/crop/10:9-16:9/property-photo/edcdd5fd4/698589840646689/edcdd5fd499d1614bc0c0d7ec75d5b4f_max_476x317.jpeg; https://media.rightmove.co.uk:443/dir/crop/10:9-16:9/property-photo/efc61a88a/698589840646689/efc61a88a95fe75b760e79624654cbf2_max_476x317.jpeg; https://media.rightmove.co.uk:443/dir/crop/10:9-16:9/property-photo/db7ad0b8e/698589840646689/db7ad0b8ef9a94b9be5f88bfd7de8223_max_476x317.jpeg; https://media.rightmove.co.uk:443/dir/crop/10:9-16:9/property-photo/2d1a32908/698589840646689/2d1a32908573ab6c8f3ef19a2aa484e7_max_476x317.jpeg"
"154192895","Newcastle","Office","8th Floor The Pearl, New Bridge Street West, Newcastle Upon Tyne, NE1","£5,000 pcm","","","","* COMPETITIVE RENTAL DEAL AVAILABLE * Modern fitted office suite on the top floor of The Pearl with panoramic views of the City centre.","https://www.rightmove.co.uk/properties/154192895#/?channel=COM_LET","2024-10-25T11:30:26Z","","price_reduced","Marketed by Youngs RPS Limited, Newcastle","","54.974441","-1.611783","https://media.rightmove.co.uk:443/dir/crop/10:9-16:9/131k/130720/154192895/130720_NEW230048_L_IMG_00_0000_max_476x317.jpeg; https://media.rightmove.co.uk:443/dir/crop/10:9-16:9/131k/130720/154192895/130720_NEW230048_L_IMG_01_0000_max_476x317.jpeg; https://media.rightmove.co.uk:443/dir/crop/10:9-16:9/131k/130720/154192895/130720_NEW230048_L_IMG_02_0000_max_476x317.jpeg; https://media.rightmove.co.uk:443/dir/crop/10:9-16:9/131k/130720/154192895/130720_NEW230048_L_IMG_03_0000_max_476x317.jpeg; https://media.rightmove.co.uk:443/dir/crop/10:9-16:9/131k/130720/154192895/130720_NEW230048_L_IMG_04_0000_max_476x317.jpeg; https://media.rightmove.co.uk:443/dir/crop/10:9-16:9/131k/130720/154192895/130720_NEW230048_L_IMG_05_0000_max_476x317.jpeg; https://media.rightmove.co.uk:443/dir/crop/10:9-16:9/131k/130720/154192895/130720_NEW230048_L_IMG_06_0000_max_476x317.jpeg"
"154229687","Newcastle","Office","2nd Floor, The Pearl, 7 New Bridge Street West, Newcastle Upon Tyne, NE1","£840 pcm","","","","* COMPETITIVE RENTAL DEALS AVAILABLE * * EASY IN AND OUT TERMS * Superb central location. Short term leases available. Manned reception. Rents from £10,080 per annum. Offices from 504 sq ft - 2036 sq ft","https://www.rightmove.co.uk/properties/154229687#/?channel=COM_LET","2024-10-26T00:02:12Z","","price_reduced","Marketed by Youngs RPS Limited, Newcastle","","54.973598","-1.61248","https://media.rightmove.co.uk:443/dir/crop/10:9-16:9/131k/130720/154229687/130720_NEW240030_L_IMG_04_0000_max_476x317.jpeg; https://media.rightmove.co.uk:443/dir/crop/10:9-16:9/131k/130720/154229687/130720_NEW240030_L_IMG_00_0000_max_476x317.jpeg; https://media.rightmove.co.uk:443/dir/crop/10:9-16:9/131k/130720/154229687/130720_NEW240030_L_IMG_01_0000_max_476x317.jpeg; https://media.rightmove.co.uk:443/dir/crop/10:9-16:9/131k/130720/154229687/130720_NEW240030_L_IMG_02_0000_max_476x317.jpeg; https://media.rightmove.co.uk:443/dir/crop/10:9-16:9/131k/130720/154229687/130720_NEW240030_L_IMG_03_0000_max_476x317.jpeg"
"138238484","Newcastle","Office","Maling Court, Union Street, Newcastle Upon Tyne, NE2","£1,167 pcm","","","3","Generous Rental Incentives Available. First floor office available within high specification development. Providing air-con and additional glazed cellular offices. Eligible for 75% business rates discount. ","https://www.rightmove.co.uk/properties/138238484#/?channel=COM_LET","2023-08-03T13:58:50Z","","price_reduced","Marketed by Adderstone Asset Management Limited, Newcastle","","54.97579","-1.59628","https://media.rightmove.co.uk:443/dir/crop/10:9-16:9/181k/180227/138238484/180227_5MalingCourt_IMG_00_0000_max_476x317.jpeg; https://media.rightmove.co.uk:443/dir/crop/10:9-16:9/181k/180227/138238484/180227_5MalingCourt_IMG_01_0000_max_476x317.jpeg; https://media.rightmove.co.uk:443/dir/crop/10:9-16:9/181k/180227/138238484/180227_5MalingCourt_IMG_04_0000_max_476x317.jpeg; https://media.rightmove.co.uk:443/dir/crop/10:9-16:9/181k/180227/138238484/180227_5MalingCourt_IMG_09_0000_max_476x317.jpeg; https://media.rightmove.co.uk:443/dir/crop/10:9-16:9/181k/180227/138238484/180227_5MalingCourt_IMG_02_0000_max_476x317.jpeg; https://media.rightmove.co.uk:443/dir/crop/10:9-16:9/181k/180227/138238484/180227_5MalingCourt_IMG_03_0000_max_476x317.jpeg; https://media.rightmove.co.uk:443/dir/crop/10:9-16:9/181k/180227/138238484/180227_5MalingCourt_IMG_06_0000_max_476x317.jpeg; https://media.rightmove.co.uk:443/dir/crop/10:9-16:9/181k/180227/138238484/180227_5MalingCourt_IMG_05_0000_max_476x317.jpeg; https://media.rightmove.co.uk:443/dir/crop/10:9-16:9/181k/180227/138238484/180227_5MalingCourt_IMG_07_0000_max_476x317.jpeg; https://media.rightmove.co.uk:443/dir/crop/10:9-16:9/181k/180227/138238484/180227_5MalingCourt_IMG_08_0000_max_476x317.jpeg"
"153548384","Newcastle","Office","Annex, The Old Casino, Forth Lane, Newcastle Upon Tyne, NE1","£1,292 pcm","","","","**AVAILABLE FURNISHED, UTILITIES INCLUDED** 886 sq. ft. office set over 2 floors, located in the heart of Newcastle City Centre, close to Central Train Station with bus and Metro links. Self contained unit with ground floor toilets (including disabled) and kitchen. ","https://www.rightmove.co.uk/properties/153548384#/?channel=COM_LET","2024-10-09T12:25:03Z","","new","Marketed by Collis Edison LLP, Newcastle Upon Tyne","","54.96966","-1.61821","https://media.rightmove.co.uk:443/dir/crop/10:9-16:9/48k/47385/153548384/47385_annex_IMG_00_0000_max_476x317.jpeg; https://media.rightmove.co.uk:443/dir/crop/10:9-16:9/48k/47385/153548384/47385_annex_IMG_01_0000_max_476x317.jpeg; https://media.rightmove.co.uk:443/dir/crop/10:9-16:9/48k/47385/153548384/47385_annex_IMG_02_0000_max_476x317.jpeg; https://media.rightmove.co.uk:443/dir/crop/10:9-16:9/48k/47385/153548384/47385_annex_IMG_03_0000_max_476x317.jpeg; https://media.rightmove.co.uk:443/dir/crop/10:9-16:9/48k/47385/153548384/47385_annex_IMG_04_0000_max_476x317.jpeg; https://media.rightmove.co.uk:443/dir/crop/10:9-16:9/48k/47385/153548384/47385_annex_IMG_05_0000_max_476x317.jpeg; https://media.rightmove.co.uk:443/dir/crop/10:9-16:9/48k/47385/153548384/47385_annex_IMG_06_0000_max_476x317.jpeg"
"153547778","Newcastle","Office","Suite 3, 3rd Floor, Adamson House, Westgate Road, Newcastle Upon Tyne, NE1","£432 pcm","","","","296 sq. ft office located just minutes away from Central Train Station and Metro, plus bus links. Available on a flexible contract with 1 month notice to quit. There is 24 hour access available, plus further access to bike shed and conference room available within the communal building. Lift access","https://www.rightmove.co.uk/properties/153547778#/?channel=COM_LET","2024-10-09T12:13:45Z","","new","Marketed by Collis Edison LLP, Newcastle Upon Tyne","","54.96993","-1.61805","https://media.rightmove.co.uk:443/dir/crop/10:9-16:9/48k/47385/153547778/47385_SUITE3_IMG_00_0000_max_476x317.jpeg; https://media.rightmove.co.uk:443/dir/crop/10:9-16:9/48k/47385/153547778/47385_SUITE3_IMG_01_0000_max_476x317.jpeg; https://media.rightmove.co.uk:443/dir/crop/10:9-16:9/48k/47385/153547778/47385_SUITE3_IMG_02_0000_max_476x317.jpeg"
"126970058","Newcastle","Office","Cobalt 15A, Quick Silver Way, Cobalt Business Park, Newcastle Upon Tyne, Tyne And Wear, NE27","£233 pcm","From","","","COMPREHENSIVELY REFURBISHED GRADE A OFFICECobalt 15A has recently been refurbished to provide a new air conditioning system, LED light fittings and an EPC rating of A (23).The 10,032 sq ft space on the second floor offers open plan space with a ceiling height of 3m with plenty of natural ligh...","https://www.rightmove.co.uk/properties/126970058#/?channel=COM_LET","2022-09-12T11:14:34Z","","size_change","Marketed by Naylors Gavin Black LLP, Newcastle Upon Tyne","","55.022556","-1.512891","https://media.rightmove.co.uk:443/dir/crop/10:9-16:9/101k/100681/126970058/100681_2901LH_IMG_02_0000_max_476x317.jpeg; https://media.rightmove.co.uk:443/dir/crop/10:9-16:9/101k/100681/126970058/100681_2901LH_IMG_06_0000_max_476x317.jpeg; https://media.rightmove.co.uk:443/dir/crop/10:9-16:9/101k/100681/126970058/100681_2901LH_IMG_05_0000_max_476x317.jpeg; https://media.rightmove.co.uk:443/dir/crop/10:9-16:9/101k/100681/126970058/100681_2901LH_IMG_03_0000_max_476x317.jpeg; https://media.rightmove.co.uk:443/dir/crop/10:9-16:9/101k/100681/126970058/100681_2901LH_IMG_04_0000_max_476x317.jpeg"
"153513902","Newcastle","Office","5th Floor, Turners Building, Pink Lane, Newcastle Upon Tyne, NE1","£1,895 pcm","","","","1300 sq. ft top floor office located just minutes away from Central Train Station and Metro, plus bus links. Available on a flexible contract with 1 month notice to quit. There is 24 hour access available, plus further access to bike shed and conference room available...","https://www.rightmove.co.uk/properties/153513902#/?channel=COM_LET","2024-10-08T15:50:52Z","","new","Marketed by Collis Edison LLP, Newcastle Upon Tyne","","54.96958","-1.61867","https://media.rightmove.co.uk:443/dir/crop/10:9-16:9/property-photo/a9c9ea295/153513902/a9c9ea29590ea349668957b8981cb81c_max_476x317.jpeg; https://media.rightmove.co.uk:443/dir/crop/10:9-16:9/property-photo/bbb092ad6/153513902/bbb092ad654cd2aca5403d93a05d20b2_max_476x317.jpeg; https://media.rightmove.co.uk:443/dir/crop/10:9-16:9/property-photo/164107bb9/153513902/164107bb92eb5f3756240e73b5503831_max_476x317.jpeg; https://media.rightmove.co.uk:443/dir/crop/10:9-16:9/property-photo/759aaece9/153513902/759aaece9c853a0ec57fef4820dea913_max_476x317.jpeg; https://media.rightmove.co.uk:443/dir/crop/10:9-16:9/property-photo/fdfc56f3e/153513902/fdfc56f3e07ae17a883fdebab55d3d8c_max_476x317.jpeg"
"126369239","Newcastle","Office","2nd Floor, The Old Casino, Forth Lane, Newcastle Upon Tyne, NE1","£2,311 pcm","","","2","Second floor 1585sq. ft office featuring multiple meeting rooms, also comprising private kitchen and W.C's. The office is located just minutes from Central Train Station and Metro, plus bus links. Available on flexible contracts with 1 months notice to quit.","https://www.rightmove.co.uk/properties/126369239#/?channel=COM_LET","2022-08-24T16:30:02Z","","new","Marketed by Collis Edison LLP, Newcastle Upon Tyne","","54.96966","-1.61821","https://media.rightmove.co.uk:443/dir/crop/10:9-16:9/property-photo/d838c5125/126369239/d838c5125d65c14aeac9a313d8612699_max_476x317.jpeg; https://media.rightmove.co.uk:443/dir/crop/10:9-16:9/property-photo/cf0e9fd3c/126369239/cf0e9fd3c3a7e6f4cbc0d411ab518631_max_476x317.jpeg; https://media.rightmove.co.uk:443/dir/crop/10:9-16:9/property-photo/851bf14f3/126369239/851bf14f3a582baf965d5fee13fc6205_max_476x317.jpeg; https://media.rightmove.co.uk:443/dir/crop/10:9-16:9/property-photo/4dfac0af1/126369239/4dfac0af15125b49babac70167a48006_max_476x317.jpeg; https://media.rightmove.co.uk:443/dir/crop/10:9-16:9/property-photo/355f66301/126369239/355f66301a7d18904b99116a2e115bce_max_476x317.jpeg; https://media.rightmove.co.uk:443/dir/crop/10:9-16:9/property-photo/b2276f6ec/126369239/b2276f6ec896f073d26c84e09286bce5_max_476x317.jpeg; https://media.rightmove.co.uk:443/dir/crop/10:9-16:9/property-photo/6f7d04962/126369239/6f7d0496245835c142056ce6c4935537_max_476x317.jpeg; https://media.rightmove.co.uk:443/dir/crop/10:9-16:9/property-photo/851bf14f3/126369239/851bf14f3a582baf965d5fee13fc6205_max_476x317.jpeg; https://media.rightmove.co.uk:443/dir/crop/10:9-16:9/property-photo/94be50cba/126369239/94be50cba855179d1c73bd3155642435_max_476x317.jpeg; https://media.rightmove.co.uk:443/dir/crop/10:9-16:9/property-photo/e27fe3997/126369239/e27fe3997acd39c2ee47ed12546416b4_max_476x317.jpeg; https://media.rightmove.co.uk:443/dir/crop/10:9-16:9/property-photo/b91735159/126369239/b917351595212aa18d537d2fb73de0ed_max_476x317.jpeg"
"125214362","Newcastle","Office","Wincomblee Road, Walker, Newcastle Upon Tyne, NE6","£6,250 pcm","From","","","The property comprises first floor office accommodation which benefits from superb views overlooking the River Tyne. At first floor level the space is open plan and benefits from excellent natural light, as well as having various meeting rooms ranging in sizes. The unit also benefits from rea...","https://www.rightmove.co.uk/properties/125214362#/?channel=COM_LET","2022-07-21T14:58:22Z","","size_change","Marketed by Naylors Gavin Black LLP, Newcastle Upon Tyne","","54.975262","-1.538458","https://media.rightmove.co.uk:443/dir/crop/10:9-16:9/101k/100681/125214362/100681_2888LH_IMG_12_0001_max_476x317.jpeg; https://media.rightmove.co.uk:443/dir/crop/10:9-16:9/101k/100681/125214362/100681_2888LH_IMG_14_0001_max_476x317.jpeg; https://media.rightmove.co.uk:443/dir/crop/10:9-16:9/101k/100681/125214362/100681_2888LH_IMG_05_0001_max_476x317.jpeg; https://media.rightmove.co.uk:443/dir/crop/10:9-16:9/101k/100681/125214362/100681_2888LH_IMG_00_0001_max_476x317.jpeg; https://media.rightmove.co.uk:443/dir/crop/10:9-16:9/101k/100681/125214362/100681_2888LH_IMG_01_0002_max_476x317.jpeg; https://media.rightmove.co.uk:443/dir/crop/10:9-16:9/101k/100681/125214362/100681_2888LH_IMG_02_0002_max_476x317.jpeg; https://media.rightmove.co.uk:443/dir/crop/10:9-16:9/101k/100681/125214362/100681_2888LH_IMG_03_0001_max_476x317.jpeg; https://media.rightmove.co.uk:443/dir/crop/10:9-16:9/101k/100681/125214362/100681_2888LH_IMG_04_0001_max_476x317.jpeg; https://media.rightmove.co.uk:443/dir/crop/10:9-16:9/101k/100681/125214362/100681_2888LH_IMG_06_0001_max_476x317.jpeg; https://media.rightmove.co.uk:443/dir/crop/10:9-16:9/101k/100681/125214362/100681_2888LH_IMG_07_0001_max_476x317.jpeg; https://media.rightmove.co.uk:443/dir/crop/10:9-16:9/101k/100681/125214362/100681_2888LH_IMG_08_0001_max_476x317.jpeg; https://media.rightmove.co.uk:443/dir/crop/10:9-16:9/101k/100681/125214362/100681_2888LH_IMG_09_0001_max_476x317.jpeg; https://media.rightmove.co.uk:443/dir/crop/10:9-16:9/101k/100681/125214362/100681_2888LH_IMG_10_0001_max_476x317.jpeg; https://media.rightmove.co.uk:443/dir/crop/10:9-16:9/101k/100681/125214362/100681_2888LH_IMG_11_0001_max_476x317.jpeg; https://media.rightmove.co.uk:443/dir/crop/10:9-16:9/101k/100681/125214362/100681_2888LH_IMG_13_0001_max_476x317.jpeg; https://media.rightmove.co.uk:443/dir/crop/10:9-16:9/101k/100681/125214362/100681_2888LH_IMG_15_0001_max_476x317.jpeg; https://media.rightmove.co.uk:443/dir/crop/10:9-16:9/101k/100681/125214362/100681_2888LH_IMG_16_0001_max_476x317.jpeg"
"133375493","Newcastle","Office","The Gresham, 92 Osborne Road, Newcastle Upon Tyne, Tyne And Wear, NE2 2TD","£2,083 pcm","","","","Attractive self-contained office building (above Pizza Express) with its own private entrance adjoining the car park. The building has been recently decorated and has the following specification: Modern light fittings Perimeter trunking cabling Carpeting Central heating Meeting room(s) Shower f...","https://www.rightmove.co.uk/properties/133375493#/?channel=COM_LET","2023-04-06T15:51:00Z","","size_change","Marketed by Naylors Gavin Black LLP, Newcastle Upon Tyne","","54.993004","-1.602807","https://media.rightmove.co.uk:443/dir/crop/10:9-16:9/101k/100681/133375493/100681_2970LH_IMG_07_0001_max_476x317.jpeg; https://media.rightmove.co.uk:443/dir/crop/10:9-16:9/101k/100681/133375493/100681_2970LH_IMG_01_0001_max_476x317.jpeg; https://media.rightmove.co.uk:443/dir/crop/10:9-16:9/101k/100681/133375493/100681_2970LH_IMG_02_0001_max_476x317.jpeg; https://media.rightmove.co.uk:443/dir/crop/10:9-16:9/101k/100681/133375493/100681_2970LH_IMG_03_0001_max_476x317.jpeg; https://media.rightmove.co.uk:443/dir/crop/10:9-16:9/101k/100681/133375493/100681_2970LH_IMG_04_0001_max_476x317.jpeg; https://media.rightmove.co.uk:443/dir/crop/10:9-16:9/101k/100681/133375493/100681_2970LH_IMG_05_0001_max_476x317.jpeg; https://media.rightmove.co.uk:443/dir/crop/10:9-16:9/101k/100681/133375493/100681_2970LH_IMG_06_0001_max_476x317.jpeg"
"153244007","Newcastle","Office","Cobalt 8, Cobalt Business Park, Newcastle upon Tyne, NE27","£5,449 pcm","","","","Grade A Office Accommodation Fully Fitted and Open Plan Suites available Per sq ft £17 per sq ft Cobalt 8 offers 40,000 sq. ft of high quality Grade A office accommodation arranged around a centrally located core, providing the flexibility to split each floor into two wings. The...","https://www.rightmove.co.uk/properties/153244007#/?channel=COM_LET","2024-10-02T09:18:28Z","","new","Marketed by Knight Frank, Newcastle - Commercial","","55.023278","-1.512449","https://media.rightmove.co.uk:443/dir/crop/10:9-16:9/156k/155516/153244007/155516_NCC012230296_IMG_00_0003_max_476x317.jpeg; https://media.rightmove.co.uk:443/dir/crop/10:9-16:9/156k/155516/153244007/155516_NCC012230296_IMG_01_0003_max_476x317.jpeg; https://media.rightmove.co.uk:443/dir/crop/10:9-16:9/156k/155516/153244007/155516_NCC012230296_IMG_02_0003_max_476x317.jpeg; https://media.rightmove.co.uk:443/dir/crop/10:9-16:9/156k/155516/153244007/155516_NCC012230296_IMG_03_0003_max_476x317.jpeg; https://media.rightmove.co.uk:443/dir/crop/10:9-16:9/156k/155516/153244007/155516_NCC012230296_IMG_04_0003_max_476x317.jpeg; https://media.rightmove.co.uk:443/dir/crop/10:9-16:9/156k/155516/153244007/155516_NCC012230296_IMG_05_0003_max_476x317.jpeg; https://media.rightmove.co.uk:443/dir/crop/10:9-16:9/156k/155516/153244007/155516_NCC012230296_IMG_06_0003_max_476x317.jpeg; https://media.rightmove.co.uk:443/dir/crop/10:9-16:9/156k/155516/153244007/155516_NCC012230296_IMG_07_0003_max_476x317.jpeg; https://media.rightmove.co.uk:443/dir/crop/10:9-16:9/156k/155516/153244007/155516_NCC012230296_IMG_08_0003_max_476x317.jpeg; https://media.rightmove.co.uk:443/dir/crop/10:9-16:9/156k/155516/153244007/155516_NCC012230296_IMG_09_0003_max_476x317.jpeg; https://media.rightmove.co.uk:443/dir/crop/10:9-16:9/156k/155516/153244007/155516_NCC012230296_IMG_10_0003_max_476x317.jpeg; https://media.rightmove.co.uk:443/dir/crop/10:9-16:9/156k/155516/153244007/155516_NCC012230296_IMG_11_0003_max_476x317.jpeg; https://media.rightmove.co.uk:443/dir/crop/10:9-16:9/156k/155516/153244007/155516_NCC012230296_IMG_12_0003_max_476x317.jpeg; https://media.rightmove.co.uk:443/dir/crop/10:9-16:9/156k/155516/153244007/155516_NCC012230296_IMG_13_0003_max_476x317.jpeg; https://media.rightmove.co.uk:443/dir/crop/10:9-16:9/156k/155516/153244007/155516_NCC012230296_IMG_14_0002_max_476x317.jpeg"
"87046272","Newcastle","Light Industrial","Unit 4, Maling Court, Hoults Yard, Newcastle Upon Tyne, Tyne and Wear, NE6 2HL","£4,605 pcm","","","","The unit is located in the corner of a terrace of units of steel portal frame construction with brick infill walls and a metal profile sheet dual pitch roof, with a maximum eaves' height of 8.04 meters and minimum of 4.74 meters. The specification of the unit comprises of a single roller shutter ...","https://www.rightmove.co.uk/properties/87046272#/?channel=COM_LET","2024-10-01T12:38:35Z","","new","Marketed by Naylors Gavin Black LLP, Newcastle Upon Tyne","","54.97015","-1.581302","https://media.rightmove.co.uk:443/dir/crop/10:9-16:9/101k/100681/87046272/100681_3158LH_IMG_00_0000_max_476x317.jpeg; https://media.rightmove.co.uk:443/dir/crop/10:9-16:9/101k/100681/87046272/100681_3158LH_IMG_01_0000_max_476x317.jpeg; https://media.rightmove.co.uk:443/dir/crop/10:9-16:9/101k/100681/87046272/100681_3158LH_IMG_02_0000_max_476x317.jpeg; https://media.rightmove.co.uk:443/dir/crop/10:9-16:9/101k/100681/87046272/100681_3158LH_IMG_03_0000_max_476x317.jpeg; https://media.rightmove.co.uk:443/dir/crop/10:9-16:9/101k/100681/87046272/100681_3158LH_IMG_04_0000_max_476x317.jpeg; https://media.rightmove.co.uk:443/dir/crop/10:9-16:9/101k/100681/87046272/100681_3158LH_IMG_06_0000_max_476x317.jpeg"
"126557984","Newcastle","Office","No.1 St James' Gate, Newcastle Upon Tyne, NE1 4AD","£4,911 pcm","","","","High Quality Grade A Office space available to let within the heart of Newcastle city centre, from 2,562 sq ft to 8,227 sq ft","https://www.rightmove.co.uk/properties/126557984#/?channel=COM_LET","2022-08-31T10:39:27Z","","size_change","Marketed by BNP Paribas Real Estate Advisory & Property Management UK Limited, Newcastle","","54.966348","-1.622716","https://media.rightmove.co.uk:443/dir/crop/10:9-16:9/242k/241244/126557984/241244_115455-2_IMG_00_0003_max_476x317.jpeg; https://media.rightmove.co.uk:443/dir/crop/10:9-16:9/242k/241244/126557984/241244_115455-2_IMG_01_0003_max_476x317.jpeg; https://media.rightmove.co.uk:443/dir/crop/10:9-16:9/242k/241244/126557984/241244_115455-2_IMG_02_0003_max_476x317.jpeg; https://media.rightmove.co.uk:443/dir/crop/10:9-16:9/242k/241244/126557984/241244_115455-2_IMG_03_0004_max_476x317.jpeg; https://media.rightmove.co.uk:443/dir/crop/10:9-16:9/242k/241244/126557984/241244_115455-2_IMG_12_0001_max_476x317.jpeg; https://media.rightmove.co.uk:443/dir/crop/10:9-16:9/242k/241244/126557984/241244_115455-2_IMG_11_0001_max_476x317.jpeg; https://media.rightmove.co.uk:443/dir/crop/10:9-16:9/242k/241244/126557984/241244_115455-2_IMG_10_0001_max_476x317.jpeg; https://media.rightmove.co.uk:443/dir/crop/10:9-16:9/242k/241244/126557984/241244_115455-2_IMG_09_0001_max_476x317.jpeg; https://media.rightmove.co.uk:443/dir/crop/10:9-16:9/242k/241244/126557984/241244_115455-2_IMG_08_0001_max_476x317.jpeg"
"152978657","Newcastle","Light Industrial","Wesley Drive, Benton Square Industrial Estate, Newcastle Upon Tyne, Tyne and Wear, NE12","£1,250 pcm","Guide Price","","1","This wellmaintained 1,660 sq ft industrial unit located on Wesley Drive, NE12 offers a versatile space suitable for a wide range of businesses. The unit is equipped with electric shutters for secure and easy access, as well as a reliable 3phase electric supply, ideal for heavy-duty equipment and ...","https://www.rightmove.co.uk/properties/152978657#/?channel=COM_LET","2024-09-25T10:46:38Z","","new","Marketed by GALAXY REAL ESTATE LIMITED, Hayes","","55.0246","-1.53539","https://media.rightmove.co.uk:443/dir/crop/10:9-16:9/258k/257963/152978657/257963_2979_IMG_00_0000_max_476x317.jpeg; https://media.rightmove.co.uk:443/dir/crop/10:9-16:9/258k/257963/152978657/257963_2979_IMG_01_0000_max_476x317.jpeg; https://media.rightmove.co.uk:443/dir/crop/10:9-16:9/258k/257963/152978657/257963_2979_IMG_02_0000_max_476x317.jpeg; https://media.rightmove.co.uk:443/dir/crop/10:9-16:9/258k/257963/152978657/257963_2979_IMG_03_0000_max_476x317.jpeg"
"149554172","Newcastle","Serviced Office","Rotterdam House, 116 Quayside, Newcastle, Northumberland, United Kingdom NE1 3DY","£619 pcm","From","","4","Private workspace for up to 2 in Quayside. Fully flexible, with ergonomic furniture and fast Wi-Fi included.","https://www.rightmove.co.uk/properties/149554172#/?channel=COM_LET","2024-06-25T14:25:01Z","","size_change","Marketed by IW Group Services (UK) Limited, Regus","","54.9713","-1.59757","https://media.rightmove.co.uk:443/dir/crop/10:9-16:9/130k/129853/149554172/129853_UK2ws250_IMG_02_0000_max_476x317.jpeg; https://media.rightmove.co.uk:443/dir/crop/10:9-16:9/130k/129853/149554172/129853_UK2ws250_IMG_03_0000_max_476x317.jpeg; https://media.rightmove.co.uk:443/dir/crop/10:9-16:9/130k/129853/149554172/129853_UK2ws250_IMG_04_0000_max_476x317.jpeg; https://media.rightmove.co.uk:443/dir/crop/10:9-16:9/130k/129853/149554172/129853_UK2ws250_IMG_00_0000_max_476x317.jpeg; https://media.rightmove.co.uk:443/dir/crop/10:9-16:9/130k/129853/149554172/129853_UK2ws250_IMG_01_0000_max_476x317.jpeg"
"155493377","Newcastle","Serviced Office","Pilgrim Street, Newcastle upon Tyne","£7,235 pcm","From","","","Bank House is part of the Pilgrim Street development, a transformational regeneration project delivering over 750,000 sq ft of new Grade A offices, a public square, destination food and beverage offer and a boutique 5* hotel. On the eastern side of Pilgrim Street in Newcastle City Centre, just no...","https://www.rightmove.co.uk/properties/155493377#/?channel=COM_LET","2024-11-28T18:30:14Z","","new","Marketed by Office Freedom, Office Freedom - Major Cities","","54.972639","-1.609903","https://media.rightmove.co.uk:443/dir/crop/10:9-16:9/246k/245114/155493377/245114_89145-1_IMG_00_0000_max_476x317.jpeg; https://media.rightmove.co.uk:443/dir/crop/10:9-16:9/246k/245114/155493377/245114_89145-1_IMG_01_0000_max_476x317.jpeg; https://media.rightmove.co.uk:443/dir/crop/10:9-16:9/246k/245114/155493377/245114_89145-1_IMG_02_0000_max_476x317.jpeg; https://media.rightmove.co.uk:443/dir/crop/10:9-16:9/246k/245114/155493377/245114_89145-1_IMG_03_0000_max_476x317.jpeg; https://media.rightmove.co.uk:443/dir/crop/10:9-16:9/246k/245114/155493377/245114_89145-1_IMG_04_0000_max_476x317.jpeg; https://media.rightmove.co.uk:443/dir/crop/10:9-16:9/246k/245114/155493377/245114_89145-1_IMG_05_0000_max_476x317.jpeg; https://media.rightmove.co.uk:443/dir/crop/10:9-16:9/246k/245114/155493377/245114_89145-1_IMG_06_0000_max_476x317.jpeg"
"148618517","Newcastle","Office","No3 St James Gate, Newcastle upon Tyne, Tyne and Wear, NE1","£8,374 pcm","","","","Two Self-Contained Refurbished Grade A Offices Per sq ft £19.50 per sq ft No.3 St James Gate has undergone a comprehensive refurbishment to deliver two new Grade A office suites to the Newcastle City Centre market. The office units offer a contemporary workspace with fantastic ...","https://www.rightmove.co.uk/properties/148618517#/?channel=COM_LET","2024-05-31T17:23:26Z","","size_change","Marketed by Knight Frank, Newcastle - Commercial","","54.9664","-1.62242","https://media.rightmove.co.uk:443/dir/crop/10:9-16:9/156k/155516/148618517/155516_HUB2101979_IMG_00_0008_max_476x317.jpeg; https://media.rightmove.co.uk:443/dir/crop/10:9-16:9/156k/155516/148618517/155516_HUB2101979_IMG_01_0008_max_476x317.jpeg; https://media.rightmove.co.uk:443/dir/crop/10:9-16:9/156k/155516/148618517/155516_HUB2101979_IMG_02_0008_max_476x317.jpeg; https://media.rightmove.co.uk:443/dir/crop/10:9-16:9/156k/155516/148618517/155516_HUB2101979_IMG_03_0008_max_476x317.jpeg; https://media.rightmove.co.uk:443/dir/crop/10:9-16:9/156k/155516/148618517/155516_HUB2101979_IMG_04_0008_max_476x317.jpeg"
"77087848","Newcastle","Office","Lloyds Court, 78 Grey Street, Newcastle Upon Tyne, NE1 6AF","£3,977 pcm","From","","","TO LET - GRADE A OFFICE SUITE - FULLY FITTED - PROMINENT LOCATION IN NEWCASTLE CITY CENTRE - EXCELLENT TRANSPORT LINKS Located on Grey Street Prominent corner position LOCATION The premises are located on the eastern side of Grey Street at its junction with High Bridge Street. Lloyds Court i...","https://www.rightmove.co.uk/properties/77087848#/?channel=COM_LET","2020-01-29T09:41:24Z","","price_reduced","Marketed by Naylors Gavin Black LLP, Newcastle Upon Tyne","","54.971985","-1.611604","https://media.rightmove.co.uk:443/dir/crop/10:9-16:9/101k/100681/77087848/100681_2543LH_IMG_35_0000_max_476x317.jpeg; https://media.rightmove.co.uk:443/dir/crop/10:9-16:9/101k/100681/77087848/100681_2543LH_IMG_18_0001_max_476x317.jpeg; https://media.rightmove.co.uk:443/dir/crop/10:9-16:9/101k/100681/77087848/100681_2543LH_IMG_19_0001_max_476x317.jpeg; https://media.rightmove.co.uk:443/dir/crop/10:9-16:9/101k/100681/77087848/100681_2543LH_IMG_07_0001_max_476x317.jpeg; https://media.rightmove.co.uk:443/dir/crop/10:9-16:9/101k/100681/77087848/100681_2543LH_IMG_20_0001_max_476x317.jpeg; https://media.rightmove.co.uk:443/dir/crop/10:9-16:9/101k/100681/77087848/100681_2543LH_IMG_22_0002_max_476x317.jpeg; https://media.rightmove.co.uk:443/dir/crop/10:9-16:9/101k/100681/77087848/100681_2543LH_IMG_24_0001_max_476x317.jpeg; https://media.rightmove.co.uk:443/dir/crop/10:9-16:9/101k/100681/77087848/100681_2543LH_IMG_25_0001_max_476x317.jpeg; https://media.rightmove.co.uk:443/dir/crop/10:9-16:9/101k/100681/77087848/100681_2543LH_IMG_26_0000_max_476x317.jpeg; https://media.rightmove.co.uk:443/dir/crop/10:9-16:9/101k/100681/77087848/100681_2543LH_IMG_27_0000_max_476x317.jpeg; https://media.rightmove.co.uk:443/dir/crop/10:9-16:9/101k/100681/77087848/100681_2543LH_IMG_28_0000_max_476x317.jpeg; https://media.rightmove.co.uk:443/dir/crop/10:9-16:9/101k/100681/77087848/100681_2543LH_IMG_29_0000_max_476x317.jpeg; https://media.rightmove.co.uk:443/dir/crop/10:9-16:9/101k/100681/77087848/100681_2543LH_IMG_36_0000_max_476x317.jpeg; https://media.rightmove.co.uk:443/dir/crop/10:9-16:9/101k/100681/77087848/100681_2543LH_IMG_30_0000_max_476x317.jpeg; https://media.rightmove.co.uk:443/dir/crop/10:9-16:9/101k/100681/77087848/100681_2543LH_IMG_31_0000_max_476x317.jpeg; https://media.rightmove.co.uk:443/dir/crop/10:9-16:9/101k/100681/77087848/100681_2543LH_IMG_32_0000_max_476x317.jpeg; https://media.rightmove.co.uk:443/dir/crop/10:9-16:9/101k/100681/77087848/100681_2543LH_IMG_33_0000_max_476x317.jpeg; https://media.rightmove.co.uk:443/dir/crop/10:9-16:9/101k/100681/77087848/100681_2543LH_IMG_34_0000_max_476x317.jpeg"
"124107197","Newcastle","Office","Lloyds Court, 78 Grey Street, Newcastle Upon Tyne, NE1 6AH","£4,485 pcm","From","","","Fully refurbished office space","https://www.rightmove.co.uk/properties/124107197#/?channel=COM_LET","2022-06-20T15:54:00Z","","price_reduced","Marketed by Savills, Newcastle - Offices","","54.972394","-1.61191","https://media.rightmove.co.uk:443/dir/crop/10:9-16:9/82k/81666/124107197/81666_107193-2_IMG_03_0001_max_476x317.jpeg; https://media.rightmove.co.uk:443/dir/crop/10:9-16:9/82k/81666/124107197/81666_107193-2_IMG_07_0001_max_476x317.jpeg; https://media.rightmove.co.uk:443/dir/crop/10:9-16:9/82k/81666/124107197/81666_107193-2_IMG_08_0000_max_476x317.jpeg; https://media.rightmove.co.uk:443/dir/crop/10:9-16:9/82k/81666/124107197/81666_107193-2_IMG_09_0000_max_476x317.jpeg; https://media.rightmove.co.uk:443/dir/crop/10:9-16:9/82k/81666/124107197/81666_107193-2_IMG_10_0001_max_476x317.jpeg; https://media.rightmove.co.uk:443/dir/crop/10:9-16:9/82k/81666/124107197/81666_107193-2_IMG_06_0001_max_476x317.jpeg; https://media.rightmove.co.uk:443/dir/crop/10:9-16:9/82k/81666/124107197/81666_107193-2_IMG_11_0000_max_476x317.jpeg"
"156027584","Newcastle","Office","The St Nicholas Building, St Nicholas Street, Newcastle Upon Tyne, NE1 1RF","POA","","","","St Nicholas Building is considered a landmark office which is located in the city's central core. The office space available boasts fully fitted suites across three floors which have been finished to a very good standard. St Nicholas Building combines a stunning Grade 11 listed façade which offe...","https://www.rightmove.co.uk/properties/156027584#/?channel=COM_LET","2024-12-17T15:50:38Z","","new","Marketed by Naylors Gavin Black LLP, Newcastle Upon Tyne","","54.969345","-1.611788","https://media.rightmove.co.uk:443/dir/crop/10:9-16:9/101k/100681/156027584/100681_3155LH_IMG_00_0000_max_476x317.jpeg; https://media.rightmove.co.uk:443/dir/crop/10:9-16:9/101k/100681/156027584/100681_3155LH_IMG_01_0000_max_476x317.jpeg; https://media.rightmove.co.uk:443/dir/crop/10:9-16:9/101k/100681/156027584/100681_3155LH_IMG_02_0000_max_476x317.jpeg; https://media.rightmove.co.uk:443/dir/crop/10:9-16:9/101k/100681/156027584/100681_3155LH_IMG_03_0000_max_476x317.jpeg; https://media.rightmove.co.uk:443/dir/crop/10:9-16:9/101k/100681/156027584/100681_3155LH_IMG_04_0000_max_476x317.jpeg; https://media.rightmove.co.uk:443/dir/crop/10:9-16:9/101k/100681/156027584/100681_3155LH_IMG_05_0000_max_476x317.jpeg; https://media.rightmove.co.uk:443/dir/crop/10:9-16:9/101k/100681/156027584/100681_3155LH_IMG_06_0000_max_476x317.jpeg; https://media.rightmove.co.uk:443/dir/crop/10:9-16:9/101k/100681/156027584/100681_3155LH_IMG_07_0000_max_476x317.jpeg; https://media.rightmove.co.uk:443/dir/crop/10:9-16:9/101k/100681/156027584/100681_3155LH_IMG_08_0000_max_476x317.jpeg; https://media.rightmove.co.uk:443/dir/crop/10:9-16:9/101k/100681/156027584/100681_3155LH_IMG_09_0000_max_476x317.jpeg; https://media.rightmove.co.uk:443/dir/crop/10:9-16:9/101k/100681/156027584/100681_3155LH_IMG_10_0000_max_476x317.jpeg; https://media.rightmove.co.uk:443/dir/crop/10:9-16:9/101k/100681/156027584/100681_3155LH_IMG_11_0000_max_476x317.jpeg; https://media.rightmove.co.uk:443/dir/crop/10:9-16:9/101k/100681/156027584/100681_3155LH_IMG_12_0000_max_476x317.jpeg; https://media.rightmove.co.uk:443/dir/crop/10:9-16:9/101k/100681/156027584/100681_3155LH_IMG_13_0000_max_476x317.jpeg"
"722864303514033","Newcastle","Office","Unit 6A, Delta Bank Road, Gateshead, NE11 9DJ","£5,514 pcm","","","","Range of office suites available from 2,242 to 4,375 sq ft.","https://www.rightmove.co.uk/properties/722864303514033#/?channel=COM_LET","2025-12-03T10:52:06Z","","new","Marketed by Parker Knights, Newcastle","","54.961597","-1.666801","https://media.rightmove.co.uk:443/dir/crop/10:9-16:9/253k/252818/722864303514033/252818_272991-2_IMG_00_0000_max_476x317.jpeg; https://media.rightmove.co.uk:443/dir/crop/10:9-16:9/253k/252818/722864303514033/252818_272991-2_IMG_01_0000_max_476x317.jpeg; https://media.rightmove.co.uk:443/dir/crop/10:9-16:9/253k/252818/722864303514033/252818_272991-2_IMG_02_0000_max_476x317.jpeg; https://media.rightmove.co.uk:443/dir/crop/10:9-16:9/253k/252818/722864303514033/252818_272991-2_IMG_03_0000_max_476x317.jpeg; https://media.rightmove.co.uk:443/dir/crop/10:9-16:9/253k/252818/722864303514033/252818_272991-2_IMG_04_0000_max_476x317.jpeg; https://media.rightmove.co.uk:443/dir/crop/10:9-16:9/253k/252818/722864303514033/252818_272991-2_IMG_05_0000_max_476x317.jpeg; https://media.rightmove.co.uk:443/dir/crop/10:9-16:9/253k/252818/722864303514033/252818_272991-2_IMG_06_0000_max_476x317.jpeg; https://media.rightmove.co.uk:443/dir/crop/10:9-16:9/253k/252818/722864303514033/252818_272991-2_IMG_07_0000_max_476x317.jpeg; https://media.rightmove.co.uk:443/dir/crop/10:9-16:9/253k/252818/722864303514033/252818_272991-2_IMG_08_0000_max_476x317.jpeg; https://media.rightmove.co.uk:443/dir/crop/10:9-16:9/253k/252818/722864303514033/252818_272991-2_IMG_09_0000_max_476x317.jpeg; https://media.rightmove.co.uk:443/dir/crop/10:9-16:9/253k/252818/722864303514033/252818_272991-2_IMG_10_0000_max_476x317.jpeg"
"152332856","Newcastle","Light Industrial","Wesley Drive, Benton Square Industrial Estate, Newcastle Upon Tyne, Tyne and Wear, NE12","£1,500 pcm","Guide Price","","1","Galaxy Real Estate HQ Presents A Newly Refurbished Unit Located on Wesley Way, New Castle Size: 2,220 Sq Ft Electric Shutter - New Toilets - Located in an incredible industrial estate in New Castle. - 3 Phase Electric Supply - Nicely painted and new lighting","https://www.rightmove.co.uk/properties/152332856#/?channel=COM_LET","2024-09-12T10:10:42Z","","new","Marketed by GALAXY REAL ESTATE LIMITED, Hayes","","55.0246","-1.53539","https://media.rightmove.co.uk:443/dir/crop/10:9-16:9/258k/257963/152332856/257963_2944_IMG_00_0000_max_476x317.jpeg"
"114546473","Newcastle","Office","Cobalt 8, Silver Fox Way, Cobalt Business Park, Newcastle Upon Tyne, NE27 0QJ","£5,449 pcm","","","","To Let fully refurbished high quality office accommodation within an attractive business park setting.","https://www.rightmove.co.uk/properties/114546473#/?channel=COM_LET","2021-10-08T12:03:15Z","","size_change","Marketed by BNP Paribas Real Estate Advisory & Property Management UK Limited, Newcastle","","55.0215","-1.5128","https://media.rightmove.co.uk:443/dir/crop/10:9-16:9/242k/241244/114546473/241244_70065-2_IMG_10_0002_max_476x317.jpeg; https://media.rightmove.co.uk:443/dir/crop/10:9-16:9/242k/241244/114546473/241244_70065-2_IMG_11_0001_max_476x317.jpeg; https://media.rightmove.co.uk:443/dir/crop/10:9-16:9/242k/241244/114546473/241244_70065-2_IMG_12_0000_max_476x317.jpeg; https://media.rightmove.co.uk:443/dir/crop/10:9-16:9/242k/241244/114546473/241244_70065-2_IMG_13_0000_max_476x317.jpeg; https://media.rightmove.co.uk:443/dir/crop/10:9-16:9/242k/241244/114546473/241244_70065-2_IMG_18_0000_max_476x317.jpeg; https://media.rightmove.co.uk:443/dir/crop/10:9-16:9/242k/241244/114546473/241244_70065-2_IMG_14_0000_max_476x317.jpeg; https://media.rightmove.co.uk:443/dir/crop/10:9-16:9/242k/241244/114546473/241244_70065-2_IMG_15_0000_max_476x317.jpeg; https://media.rightmove.co.uk:443/dir/crop/10:9-16:9/242k/241244/114546473/241244_70065-2_IMG_16_0000_max_476x317.jpeg; https://media.rightmove.co.uk:443/dir/crop/10:9-16:9/242k/241244/114546473/241244_70065-2_IMG_17_0000_max_476x317.jpeg"
"151962629","Newcastle","Office","St Nicholas Building, St. Nicholas Building, St. Nicholas Street, Newcastle upon Tyne, NE1 1RF","£14,750 pcm","","","","Available fitted first floor office suite in landmark building at the heart of the Newcastle office core with views over Newcastle Cathedral","https://www.rightmove.co.uk/properties/151962629#/?channel=COM_LET","2024-09-03T08:58:36Z","","new","Marketed by Avison Young (UK) Limited, Offices","","54.969344","-1.611788","https://media.rightmove.co.uk:443/dir/crop/10:9-16:9/57k/56478/151962629/56478_229693-2_IMG_00_0000_max_476x317.jpeg; https://media.rightmove.co.uk:443/dir/crop/10:9-16:9/57k/56478/151962629/56478_229693-2_IMG_01_0000_max_476x317.jpeg; https://media.rightmove.co.uk:443/dir/crop/10:9-16:9/57k/56478/151962629/56478_229693-2_IMG_02_0000_max_476x317.jpeg; https://media.rightmove.co.uk:443/dir/crop/10:9-16:9/57k/56478/151962629/56478_229693-2_IMG_03_0000_max_476x317.jpeg; https://media.rightmove.co.uk:443/dir/crop/10:9-16:9/57k/56478/151962629/56478_229693-2_IMG_04_0000_max_476x317.jpeg; https://media.rightmove.co.uk:443/dir/crop/10:9-16:9/57k/56478/151962629/56478_229693-2_IMG_05_0000_max_476x317.jpeg; https://media.rightmove.co.uk:443/dir/crop/10:9-16:9/57k/56478/151962629/56478_229693-2_IMG_06_0000_max_476x317.jpeg; https://media.rightmove.co.uk:443/dir/crop/10:9-16:9/57k/56478/151962629/56478_229693-2_IMG_07_0000_max_476x317.jpeg; https://media.rightmove.co.uk:443/dir/crop/10:9-16:9/57k/56478/151962629/56478_229693-2_IMG_08_0000_max_476x317.jpeg; https://media.rightmove.co.uk:443/dir/crop/10:9-16:9/57k/56478/151962629/56478_229693-2_IMG_09_0000_max_476x317.jpeg; https://media.rightmove.co.uk:443/dir/crop/10:9-16:9/57k/56478/151962629/56478_229693-2_IMG_10_0000_max_476x317.jpeg; https://media.rightmove.co.uk:443/dir/crop/10:9-16:9/57k/56478/151962629/56478_229693-2_IMG_11_0000_max_476x317.jpeg; https://media.rightmove.co.uk:443/dir/crop/10:9-16:9/57k/56478/151962629/56478_229693-2_IMG_12_0000_max_476x317.jpeg; https://media.rightmove.co.uk:443/dir/crop/10:9-16:9/57k/56478/151962629/56478_229693-2_IMG_13_0000_max_476x317.jpeg; https://media.rightmove.co.uk:443/dir/crop/10:9-16:9/57k/56478/151962629/56478_229693-2_IMG_14_0000_max_476x317.jpeg; https://media.rightmove.co.uk:443/dir/crop/10:9-16:9/57k/56478/151962629/56478_229693-2_IMG_15_0000_max_476x317.jpeg"
"77087368","Newcastle","Office","2 Collingwood Street, Newcastle Upon Tyne, NE1 1JF","£1,575 pcm","From","","","UNPARALLELED OFFICE SPACE - EXCEPTIONAL LOCATION - HEART OF THE CITY 2 Collingwood Street forms part of Collingwood House, which is a Grade II listed building in the heart of the city centre. The property has been refurbishment to provide contemporary and sophisticated office accommodation over ...","https://www.rightmove.co.uk/properties/77087368#/?channel=COM_LET","2020-01-29T09:31:57Z","","price_reduced","Marketed by Naylors Gavin Black LLP, Newcastle Upon Tyne","","54.96988","-1.612061","https://media.rightmove.co.uk:443/dir/crop/10:9-16:9/101k/100681/77087368/100681_1745LH_IMG_02_0001_max_476x317.jpeg; https://media.rightmove.co.uk:443/dir/crop/10:9-16:9/101k/100681/77087368/100681_1745LH_IMG_01_0001_max_476x317.jpeg; https://media.rightmove.co.uk:443/dir/crop/10:9-16:9/101k/100681/77087368/100681_1745LH_IMG_03_0001_max_476x317.jpeg; https://media.rightmove.co.uk:443/dir/crop/10:9-16:9/101k/100681/77087368/100681_1745LH_IMG_04_0001_max_476x317.jpeg; https://media.rightmove.co.uk:443/dir/crop/10:9-16:9/101k/100681/77087368/100681_1745LH_IMG_05_0001_max_476x317.jpeg; https://media.rightmove.co.uk:443/dir/crop/10:9-16:9/101k/100681/77087368/100681_1745LH_IMG_00_0000_max_476x317.jpeg; https://media.rightmove.co.uk:443/dir/crop/10:9-16:9/101k/100681/77087368/100681_1745LH_IMG_07_0001_max_476x317.jpeg; https://media.rightmove.co.uk:443/dir/crop/10:9-16:9/101k/100681/77087368/100681_1745LH_IMG_09_0001_max_476x317.jpeg; https://media.rightmove.co.uk:443/dir/crop/10:9-16:9/101k/100681/77087368/100681_1745LH_IMG_10_0001_max_476x317.jpeg; https://media.rightmove.co.uk:443/dir/crop/10:9-16:9/101k/100681/77087368/100681_1745LH_IMG_11_0001_max_476x317.jpeg; https://media.rightmove.co.uk:443/dir/crop/10:9-16:9/101k/100681/77087368/100681_1745LH_IMG_12_0001_max_476x317.jpeg; https://media.rightmove.co.uk:443/dir/crop/10:9-16:9/101k/100681/77087368/100681_1745LH_IMG_13_0001_max_476x317.jpeg; https://media.rightmove.co.uk:443/dir/crop/10:9-16:9/101k/100681/77087368/100681_1745LH_IMG_14_0001_max_476x317.jpeg; https://media.rightmove.co.uk:443/dir/crop/10:9-16:9/101k/100681/77087368/100681_1745LH_IMG_15_0001_max_476x317.jpeg; https://media.rightmove.co.uk:443/dir/crop/10:9-16:9/101k/100681/77087368/100681_1745LH_IMG_16_0001_max_476x317.jpeg; https://media.rightmove.co.uk:443/dir/crop/10:9-16:9/101k/100681/77087368/100681_1745LH_IMG_17_0001_max_476x317.jpeg; https://media.rightmove.co.uk:443/dir/crop/10:9-16:9/101k/100681/77087368/100681_1745LH_IMG_19_0001_max_476x317.jpeg"
"151767800","Newcastle","Office","Quayside, Newcastle Upon Tyne, NE1","£10,689 pcm","From","","4","Fully equipped open-plan offices for rent in Regus Newcastle Quayside","https://www.rightmove.co.uk/properties/151767800#/?channel=COM_LET","2024-08-27T15:19:28Z","","size_change","Marketed by IW Group Services (UK) Limited, Regus","","54.9713","-1.59757","https://media.rightmove.co.uk:443/dir/crop/10:9-16:9/130k/129853/151767800/129853_UKlob250_IMG_06_0003_max_476x317.jpeg; https://media.rightmove.co.uk:443/dir/crop/10:9-16:9/130k/129853/151767800/129853_UKlob250_IMG_09_0000_max_476x317.jpeg; https://media.rightmove.co.uk:443/dir/crop/10:9-16:9/130k/129853/151767800/129853_UKlob250_IMG_07_0000_max_476x317.jpeg; https://media.rightmove.co.uk:443/dir/crop/10:9-16:9/130k/129853/151767800/129853_UKlob250_IMG_08_0000_max_476x317.jpeg; https://media.rightmove.co.uk:443/dir/crop/10:9-16:9/130k/129853/151767800/129853_UKlob250_IMG_10_0000_max_476x317.jpeg; https://media.rightmove.co.uk:443/dir/crop/10:9-16:9/130k/129853/151767800/129853_UKlob250_IMG_05_0003_max_476x317.jpeg; https://media.rightmove.co.uk:443/dir/crop/10:9-16:9/130k/129853/151767800/129853_UKlob250_IMG_04_0003_max_476x317.jpeg"
"151753691","Newcastle","Office","Alderman Fenwick's House, 98-100 Pilgrim Street, Newcastle Upon Tyne, Tyne and Wear, NE1 6SQ","POA","","","","Brand new office availability in the Grade 1 listed, Alderman Fenwick's House, Pilgrim Street. Our newly refurbished, all-inclusive office suites range in size from 1-2 person offices to 10-person. Occupants also have access to fantastic communal areas and facilities. Specification, features ...","https://www.rightmove.co.uk/properties/151753691#/?channel=COM_LET","2024-08-27T11:22:17Z","","new","Marketed by Naylors Gavin Black LLP, Newcastle Upon Tyne","","54.971767","-1.610406","https://media.rightmove.co.uk:443/dir/crop/10:9-16:9/property-photo/33614c1ff/151753691/33614c1ffb6fe7a8938584e0c6fef4de_max_476x317.jpeg; https://media.rightmove.co.uk:443/dir/crop/10:9-16:9/property-photo/dff298e7c/151753691/dff298e7c15e6d781d1b95bea982fad9_max_476x317.jpeg; https://media.rightmove.co.uk:443/dir/crop/10:9-16:9/property-photo/09d6cca61/151753691/09d6cca613743d4b338ceda949eab0da_max_476x317.jpeg; https://media.rightmove.co.uk:443/dir/crop/10:9-16:9/property-photo/8e7146914/151753691/8e7146914f250d887bfbd23b1b7180a7_max_476x317.jpeg; https://media.rightmove.co.uk:443/dir/crop/10:9-16:9/property-photo/b81e7047a/151753691/b81e7047a41aca45b0aab4d799092527_max_476x317.jpeg; https://media.rightmove.co.uk:443/dir/crop/10:9-16:9/property-photo/4dba0a77e/151753691/4dba0a77e96b250099d1d92eedecfd98_max_476x317.jpeg; https://media.rightmove.co.uk:443/dir/crop/10:9-16:9/property-photo/8b8e48015/151753691/8b8e480158573e631e41b8e75b86c5fc_max_476x317.jpeg; https://media.rightmove.co.uk:443/dir/crop/10:9-16:9/property-photo/e154ad0fa/151753691/e154ad0fae503595b6fef252ae6ead95_max_476x317.jpeg; https://media.rightmove.co.uk:443/dir/crop/10:9-16:9/property-photo/ca7e1e65a/151753691/ca7e1e65a2f87879ee05f725e1cde149_max_476x317.jpeg"
"77033368","Newcastle","Office","Metropolitan House, Metropolitan House, Long Rigg Road, Swalwell, Newcastle upon Tyne, Tyne & Wear, NE16 3AS","£100 pcm","From","","","SERVICED OFFICE ACCOMMODATION WITH FLEXIBLE TERMS. DESCRIPTION Metropolitan House is an established professional, modern business centre providing serviced office accommodation, virtual offices and conference room hire in Gateshead (next to Metro Centre) As an independent operator we pride our...","https://www.rightmove.co.uk/properties/77033368#/?channel=COM_LET","2020-01-27T09:36:57Z","","size_change","Marketed by Naylors Gavin Black LLP, Newcastle Upon Tyne","","54.958377","-1.68249","https://media.rightmove.co.uk:443/dir/crop/10:9-16:9/101k/100681/77033368/100681_2414LH_IMG_07_0000_max_476x317.jpeg; https://media.rightmove.co.uk:443/dir/crop/10:9-16:9/101k/100681/77033368/100681_2414LH_IMG_06_0001_max_476x317.jpeg; https://media.rightmove.co.uk:443/dir/crop/10:9-16:9/101k/100681/77033368/100681_2414LH_IMG_08_0000_max_476x317.jpeg; https://media.rightmove.co.uk:443/dir/crop/10:9-16:9/101k/100681/77033368/100681_2414LH_IMG_09_0000_max_476x317.jpeg; https://media.rightmove.co.uk:443/dir/crop/10:9-16:9/101k/100681/77033368/100681_2414LH_IMG_10_0000_max_476x317.jpeg; https://media.rightmove.co.uk:443/dir/crop/10:9-16:9/101k/100681/77033368/100681_2414LH_IMG_11_0000_max_476x317.jpeg; https://media.rightmove.co.uk:443/dir/crop/10:9-16:9/101k/100681/77033368/100681_2414LH_IMG_12_0000_max_476x317.jpeg; https://media.rightmove.co.uk:443/dir/crop/10:9-16:9/101k/100681/77033368/100681_2414LH_IMG_03_0001_max_476x317.jpeg"
"722864433563153","Newcastle","Office","West One, Forth Banks, Newcastle upon Tyne, NE1 3PA","£56,003 pcm","","","","Fitted and non fitted suites available from 2,000 to 10,000 sq ft","https://www.rightmove.co.uk/properties/722864433563153#/?channel=COM_LET","2025-12-03T10:53:07Z","","size_change","Marketed by Parker Knights, Newcastle","","54.965466","-1.616477","https://media.rightmove.co.uk:443/dir/crop/10:9-16:9/253k/252818/722864433563153/252818_273742-2_IMG_00_0000_max_476x317.jpeg; https://media.rightmove.co.uk:443/dir/crop/10:9-16:9/253k/252818/722864433563153/252818_273742-2_IMG_01_0000_max_476x317.jpeg; https://media.rightmove.co.uk:443/dir/crop/10:9-16:9/253k/252818/722864433563153/252818_273742-2_IMG_02_0000_max_476x317.jpeg; https://media.rightmove.co.uk:443/dir/crop/10:9-16:9/253k/252818/722864433563153/252818_273742-2_IMG_03_0000_max_476x317.jpeg; https://media.rightmove.co.uk:443/dir/crop/10:9-16:9/253k/252818/722864433563153/252818_273742-2_IMG_04_0000_max_476x317.jpeg; https://media.rightmove.co.uk:443/dir/crop/10:9-16:9/253k/252818/722864433563153/252818_273742-2_IMG_05_0000_max_476x317.jpeg; https://media.rightmove.co.uk:443/dir/crop/10:9-16:9/253k/252818/722864433563153/252818_273742-2_IMG_06_0000_max_476x317.jpeg; https://media.rightmove.co.uk:443/dir/crop/10:9-16:9/253k/252818/722864433563153/252818_273742-2_IMG_07_0000_max_476x317.jpeg; https://media.rightmove.co.uk:443/dir/crop/10:9-16:9/253k/252818/722864433563153/252818_273742-2_IMG_08_0000_max_476x317.jpeg; https://media.rightmove.co.uk:443/dir/crop/10:9-16:9/253k/252818/722864433563153/252818_273742-2_IMG_09_0000_max_476x317.jpeg; https://media.rightmove.co.uk:443/dir/crop/10:9-16:9/253k/252818/722864433563153/252818_273742-2_IMG_11_0000_max_476x317.jpeg; https://media.rightmove.co.uk:443/dir/crop/10:9-16:9/253k/252818/722864433563153/252818_273742-2_IMG_12_0000_max_476x317.jpeg; https://media.rightmove.co.uk:443/dir/crop/10:9-16:9/253k/252818/722864433563153/252818_273742-2_IMG_13_0000_max_476x317.jpeg; https://media.rightmove.co.uk:443/dir/crop/10:9-16:9/253k/252818/722864433563153/252818_273742-2_IMG_14_0000_max_476x317.jpeg; https://media.rightmove.co.uk:443/dir/crop/10:9-16:9/253k/252818/722864433563153/252818_273742-2_IMG_15_0000_max_476x317.jpeg; https://media.rightmove.co.uk:443/dir/crop/10:9-16:9/253k/252818/722864433563153/252818_273742-2_IMG_16_0000_max_476x317.jpeg"
"86937495","Newcastle","Serviced Office","Merchant House, 30 Cloth Market, Newcastle upon Tyne,, Newcastle, United Kingdom NE1 1EE","£1,159 pcm","From","","4","Find office space in Regus Cloth Market for 4 people with everything taken care of","https://www.rightmove.co.uk/properties/86937495#/?channel=COM_LET","2024-07-11T09:33:13Z","","size_change","Marketed by IW Group Services (UK) Limited, Regus","","54.97099","-1.61257","https://media.rightmove.co.uk:443/dir/crop/10:9-16:9/130k/129853/86937495/129853_UK4ws3621_IMG_01_0000_max_476x317.jpeg; https://media.rightmove.co.uk:443/dir/crop/10:9-16:9/130k/129853/86937495/129853_UK4ws3621_IMG_03_0000_max_476x317.jpeg; https://media.rightmove.co.uk:443/dir/crop/10:9-16:9/130k/129853/86937495/129853_UK4ws3621_IMG_08_0000_max_476x317.jpeg; https://media.rightmove.co.uk:443/dir/crop/10:9-16:9/130k/129853/86937495/129853_UK4ws3621_IMG_07_0000_max_476x317.jpeg; https://media.rightmove.co.uk:443/dir/crop/10:9-16:9/130k/129853/86937495/129853_UK4ws3621_IMG_00_0000_max_476x317.jpeg; https://media.rightmove.co.uk:443/dir/crop/10:9-16:9/130k/129853/86937495/129853_UK4ws3621_IMG_06_0000_max_476x317.jpeg; https://media.rightmove.co.uk:443/dir/crop/10:9-16:9/130k/129853/86937495/129853_UK4ws3621_IMG_02_0000_max_476x317.jpeg; https://media.rightmove.co.uk:443/dir/crop/10:9-16:9/130k/129853/86937495/129853_UK4ws3621_IMG_04_0000_max_476x317.jpeg; https://media.rightmove.co.uk:443/dir/crop/10:9-16:9/130k/129853/86937495/129853_UK4ws3621_IMG_05_0000_max_476x317.jpeg; https://media.rightmove.co.uk:443/dir/crop/10:9-16:9/130k/129853/86937495/129853_UK4ws3621_IMG_09_0000_max_476x317.jpeg"
"86937351","Newcastle","Serviced Office","Merchant House, 30 Cloth Market, Newcastle upon Tyne,, Newcastle, United Kingdom NE1 1EE","£579 pcm","From","","4","Private office space for 2 people in Regus Cloth Market","https://www.rightmove.co.uk/properties/86937351#/?channel=COM_LET","2024-07-11T09:32:45Z","","size_change","Marketed by IW Group Services (UK) Limited, Regus","","54.97099","-1.61257","https://media.rightmove.co.uk:443/dir/crop/10:9-16:9/130k/129853/86937351/129853_UK2ws3621_IMG_09_0000_max_476x317.jpeg; https://media.rightmove.co.uk:443/dir/crop/10:9-16:9/130k/129853/86937351/129853_UK2ws3621_IMG_02_0000_max_476x317.jpeg; https://media.rightmove.co.uk:443/dir/crop/10:9-16:9/130k/129853/86937351/129853_UK2ws3621_IMG_08_0000_max_476x317.jpeg; https://media.rightmove.co.uk:443/dir/crop/10:9-16:9/130k/129853/86937351/129853_UK2ws3621_IMG_07_0000_max_476x317.jpeg; https://media.rightmove.co.uk:443/dir/crop/10:9-16:9/130k/129853/86937351/129853_UK2ws3621_IMG_04_0000_max_476x317.jpeg; https://media.rightmove.co.uk:443/dir/crop/10:9-16:9/130k/129853/86937351/129853_UK2ws3621_IMG_01_0000_max_476x317.jpeg; https://media.rightmove.co.uk:443/dir/crop/10:9-16:9/130k/129853/86937351/129853_UK2ws3621_IMG_03_0000_max_476x317.jpeg; https://media.rightmove.co.uk:443/dir/crop/10:9-16:9/130k/129853/86937351/129853_UK2ws3621_IMG_00_0000_max_476x317.jpeg; https://media.rightmove.co.uk:443/dir/crop/10:9-16:9/130k/129853/86937351/129853_UK2ws3621_IMG_05_0000_max_476x317.jpeg; https://media.rightmove.co.uk:443/dir/crop/10:9-16:9/130k/129853/86937351/129853_UK2ws3621_IMG_06_0000_max_476x317.jpeg"
"86937072","Newcastle","Commercial Property","Merchant House, 30 Cloth Market, Newcastle upon Tyne,, Newcastle, United Kingdom NE1 1EE","£165 pcm","From","","4","Virtual office in Regus Cloth Market","https://www.rightmove.co.uk/properties/86937072#/?channel=COM_LET","2024-07-11T09:25:06Z","","size_change","Marketed by IW Group Services (UK) Limited, Regus","","54.97099","-1.61257","https://media.rightmove.co.uk:443/dir/crop/10:9-16:9/130k/129853/86937072/129853_UKvo3621_IMG_00_0000_max_476x317.jpeg; https://media.rightmove.co.uk:443/dir/crop/10:9-16:9/130k/129853/86937072/129853_UKvo3621_IMG_03_0000_max_476x317.jpeg; https://media.rightmove.co.uk:443/dir/crop/10:9-16:9/130k/129853/86937072/129853_UKvo3621_IMG_01_0000_max_476x317.jpeg; https://media.rightmove.co.uk:443/dir/crop/10:9-16:9/130k/129853/86937072/129853_UKvo3621_IMG_02_0000_max_476x317.jpeg; https://media.rightmove.co.uk:443/dir/crop/10:9-16:9/130k/129853/86937072/129853_UKvo3621_IMG_04_0000_max_476x317.jpeg"
"150058478","Newcastle","Office","Contemporary co-working space at Picton Manor, Newcastle upon Tyne","£325 pcm","","1","1","Available now, light and bright co-working space available on either a designated desk or hot desk basis (weekly price varies accordingly). There is a shared kitchen and bathroom for those utilising the co-working space and their guests only. Private meeting spaces are also available to book. Tas...","https://www.rightmove.co.uk/properties/150058478#/?channel=COM_LET","2024-07-09T15:01:09Z","","new","Marketed by Hive Estates, Newcastle upon Tyne","","54.976039","-1.60695","https://media.rightmove.co.uk:443/dir/crop/10:9-16:9/151k/150911/150058478/150911_33210288_IMG_00_0000_max_476x317.jpeg; https://media.rightmove.co.uk:443/dir/crop/10:9-16:9/151k/150911/150058478/150911_33210288_IMG_05_0000_max_476x317.jpeg; https://media.rightmove.co.uk:443/dir/crop/10:9-16:9/151k/150911/150058478/150911_33210288_IMG_06_0000_max_476x317.jpeg; https://media.rightmove.co.uk:443/dir/crop/10:9-16:9/151k/150911/150058478/150911_33210288_IMG_07_0000_max_476x317.jpeg; https://media.rightmove.co.uk:443/dir/crop/10:9-16:9/151k/150911/150058478/150911_33210288_IMG_11_0000_max_476x317.jpeg; https://media.rightmove.co.uk:443/dir/crop/10:9-16:9/151k/150911/150058478/150911_33210288_IMG_21_0000_max_476x317.jpeg; https://media.rightmove.co.uk:443/dir/crop/10:9-16:9/151k/150911/150058478/150911_33210288_IMG_24_0000_max_476x317.jpeg; https://media.rightmove.co.uk:443/dir/crop/10:9-16:9/151k/150911/150058478/150911_33210288_IMG_25_0000_max_476x317.jpeg; https://media.rightmove.co.uk:443/dir/crop/10:9-16:9/151k/150911/150058478/150911_33210288_IMG_27_0000_max_476x317.jpeg; https://media.rightmove.co.uk:443/dir/crop/10:9-16:9/151k/150911/150058478/150911_33210288_IMG_29_0000_max_476x317.jpeg"
"137341562","Newcastle","Office","Suites 3 & 5 (Second Floor), Sixty Grey Street, Newcastle Upon Tyne, Tyne And Wear, NE1 6AH","£1,636 pcm","From","","","LOCATION The property is located in a central position on the east side of Grey Street which is widely regarded as one of the finest streets in Europe. The property is close to the junction with High Bridge Street and in close proximity to the Theatre Royal together with the superb range of nati...","https://www.rightmove.co.uk/properties/137341562#/?channel=COM_LET","2023-07-14T12:51:50Z","","size_change","Marketed by Naylors Gavin Black LLP, Newcastle Upon Tyne","","54.971985","-1.611604","https://media.rightmove.co.uk:443/dir/crop/10:9-16:9/101k/100681/137341562/100681_2746LH_IMG_19_0001_max_476x317.jpeg; https://media.rightmove.co.uk:443/dir/crop/10:9-16:9/101k/100681/137341562/100681_2746LH_IMG_10_0001_max_476x317.jpeg; https://media.rightmove.co.uk:443/dir/crop/10:9-16:9/101k/100681/137341562/100681_2746LH_IMG_18_0001_max_476x317.jpeg; https://media.rightmove.co.uk:443/dir/crop/10:9-16:9/101k/100681/137341562/100681_2746LH_IMG_16_0001_max_476x317.jpeg; https://media.rightmove.co.uk:443/dir/crop/10:9-16:9/101k/100681/137341562/100681_2746LH_IMG_17_0001_max_476x317.jpeg"
"143466860","Newcastle","Office","Sixty Grey Street, Newcastle Upon Tyne, NE1 6AH","£1,636 pcm","","","","Flexible, contemporary office space","https://www.rightmove.co.uk/properties/143466860#/?channel=COM_LET","2024-01-08T13:57:52Z","","size_change","Marketed by Savills, Newcastle - Offices","","54.971803","-1.611481","https://media.rightmove.co.uk:443/dir/crop/10:9-16:9/82k/81666/143466860/81666_108327-2_IMG_00_0000_max_476x317.jpeg; https://media.rightmove.co.uk:443/dir/crop/10:9-16:9/82k/81666/143466860/81666_108327-2_IMG_01_0000_max_476x317.jpeg; https://media.rightmove.co.uk:443/dir/crop/10:9-16:9/82k/81666/143466860/81666_108327-2_IMG_02_0000_max_476x317.jpeg; https://media.rightmove.co.uk:443/dir/crop/10:9-16:9/82k/81666/143466860/81666_108327-2_IMG_03_0000_max_476x317.jpeg; https://media.rightmove.co.uk:443/dir/crop/10:9-16:9/82k/81666/143466860/81666_108327-2_IMG_04_0000_max_476x317.jpeg"
"149553908","Newcastle","Commercial Property","Quayside, Newcastle Upon Tyne, NE1","£175 pcm","From","","4","Expand your business presence with a virtual office in Regus Quayside","https://www.rightmove.co.uk/properties/149553908#/?channel=COM_LET","2024-06-25T14:23:33Z","","size_change","Marketed by IW Group Services (UK) Limited, Regus","","54.9713","-1.59757","https://media.rightmove.co.uk:443/dir/crop/10:9-16:9/130k/129853/149553908/129853_UKvo257_IMG_01_0000_max_476x317.jpeg; https://media.rightmove.co.uk:443/dir/crop/10:9-16:9/130k/129853/149553908/129853_UKvo257_IMG_03_0000_max_476x317.jpeg; https://media.rightmove.co.uk:443/dir/crop/10:9-16:9/130k/129853/149553908/129853_UKvo257_IMG_02_0000_max_476x317.jpeg; https://media.rightmove.co.uk:443/dir/crop/10:9-16:9/130k/129853/149553908/129853_UKvo257_IMG_00_0000_max_476x317.jpeg"
"150143144","Newcastle","Warehouse","Unit 10 North Tyne Industrial Estate, Whitley Road, Benton, Newcastle Upon Tyne, NE12 9SZ","£21,250 pcm","","","","Industrial To Let or For Sale, Newcastle Upon Tyne","https://www.rightmove.co.uk/properties/150143144#/?channel=COM_LET","2024-07-11T14:12:53Z","","new","Marketed by Avison Young (UK) Limited, Avison Young Industrial 2","","55.02169","-1.539445","https://media.rightmove.co.uk:443/dir/crop/10:9-16:9/209k/208949/150143144/208949_215342-2_IMG_00_0000_max_476x317.jpeg; https://media.rightmove.co.uk:443/dir/crop/10:9-16:9/209k/208949/150143144/208949_215342-2_IMG_01_0000_max_476x317.jpeg; https://media.rightmove.co.uk:443/dir/crop/10:9-16:9/209k/208949/150143144/208949_215342-2_IMG_02_0000_max_476x317.jpeg; https://media.rightmove.co.uk:443/dir/crop/10:9-16:9/209k/208949/150143144/208949_215342-2_IMG_03_0000_max_476x317.jpeg; https://media.rightmove.co.uk:443/dir/crop/10:9-16:9/209k/208949/150143144/208949_215342-2_IMG_04_0000_max_476x317.jpeg; https://media.rightmove.co.uk:443/dir/crop/10:9-16:9/209k/208949/150143144/208949_215342-2_IMG_05_0000_max_476x317.jpeg; https://media.rightmove.co.uk:443/dir/crop/10:9-16:9/209k/208949/150143144/208949_215342-2_IMG_06_0000_max_476x317.jpeg"
"124307963","Newcastle","Office","Central Square South, Orchard Street, Newcastle Upon Tyne, NE1 3AZ","£6,715 pcm","","","","Refurbished office space","https://www.rightmove.co.uk/properties/124307963#/?channel=COM_LET","2022-06-24T15:45:44Z","","size_change","Marketed by Savills, Newcastle - Offices","","54.967316","-1.614145","https://media.rightmove.co.uk:443/dir/crop/10:9-16:9/82k/81666/124307963/81666_108316-2_IMG_02_0002_max_476x317.jpeg; https://media.rightmove.co.uk:443/dir/crop/10:9-16:9/82k/81666/124307963/81666_108316-2_IMG_03_0001_max_476x317.jpeg; https://media.rightmove.co.uk:443/dir/crop/10:9-16:9/82k/81666/124307963/81666_108316-2_IMG_01_0002_max_476x317.jpeg; https://media.rightmove.co.uk:443/dir/crop/10:9-16:9/82k/81666/124307963/81666_108316-2_IMG_00_0001_max_476x317.jpeg; https://media.rightmove.co.uk:443/dir/crop/10:9-16:9/82k/81666/124307963/81666_108316-2_IMG_04_0000_max_476x317.jpeg; https://media.rightmove.co.uk:443/dir/crop/10:9-16:9/82k/81666/124307963/81666_108316-2_IMG_05_0000_max_476x317.jpeg; https://media.rightmove.co.uk:443/dir/crop/10:9-16:9/82k/81666/124307963/81666_108316-2_IMG_06_0000_max_476x317.jpeg; https://media.rightmove.co.uk:443/dir/crop/10:9-16:9/82k/81666/124307963/81666_108316-2_IMG_07_0000_max_476x317.jpeg"
"90740026","Newcastle","Office","Cameron House, Metrocentre, Gateshead, Tyne And Wear, NE11","£3,000 pcm","","","","Cameron House benefits from a fully glazed double height reception, providing an excellent level of natural light. The available accommodation is located on the first floor. The premises benefits from the following specification: Carpeted solid concrete floors. Suspended ceilings with recess...","https://www.rightmove.co.uk/properties/90740026#/?channel=COM_LET","2021-04-16T11:15:05Z","","size_change","Marketed by Naylors Gavin Black LLP, Newcastle Upon Tyne","","54.958672","-1.677823","https://media.rightmove.co.uk:443/dir/crop/10:9-16:9/property-photo/b723ce0e7/90740026/b723ce0e78c8c92cbb9bf60bfa278af6_max_476x317.jpeg; https://media.rightmove.co.uk:443/dir/crop/10:9-16:9/property-photo/149020d98/90740026/149020d9830f5dcfc97d22d00072c82a_max_476x317.jpeg; https://media.rightmove.co.uk:443/dir/crop/10:9-16:9/property-photo/623bd2fbb/90740026/623bd2fbb9ff1ce2c8e0f5b0c564f74e_max_476x317.jpeg"
"149554709","Newcastle","Serviced Office","Rotterdam House, 116 Quayside, Newcastle, Northumberland, United Kingdom NE1 3DY","£759 pcm","From","","4","Private workspace for up to 4 in Quayside. Fully flexible, with ergonomic furniture and fast Wi-Fi included.","https://www.rightmove.co.uk/properties/149554709#/?channel=COM_LET","2024-06-25T14:30:19Z","","size_change","Marketed by IW Group Services (UK) Limited, Regus","","54.9713","-1.59757","https://media.rightmove.co.uk:443/dir/crop/10:9-16:9/130k/129853/149554709/129853_UK4ws250_IMG_02_0000_max_476x317.jpeg; https://media.rightmove.co.uk:443/dir/crop/10:9-16:9/130k/129853/149554709/129853_UK4ws250_IMG_04_0000_max_476x317.jpeg; https://media.rightmove.co.uk:443/dir/crop/10:9-16:9/130k/129853/149554709/129853_UK4ws250_IMG_05_0000_max_476x317.jpeg; https://media.rightmove.co.uk:443/dir/crop/10:9-16:9/130k/129853/149554709/129853_UK4ws250_IMG_00_0000_max_476x317.jpeg; https://media.rightmove.co.uk:443/dir/crop/10:9-16:9/130k/129853/149554709/129853_UK4ws250_IMG_01_0000_max_476x317.jpeg; https://media.rightmove.co.uk:443/dir/crop/10:9-16:9/130k/129853/149554709/129853_UK4ws250_IMG_03_0000_max_476x317.jpeg"
"148875473","Newcastle","Office","Hive Tree - Bigg Market, 9 Bigg Market, Newcastle upon Tyne, NE1 1UN","£895 pcm","From","","","HiveTree Newcastle is a community-focussed work space, offering tech-driven and innovative office suites in the heart of Newcastle.","https://www.rightmove.co.uk/properties/148875473#/?channel=COM_LET","2024-06-07T11:04:45Z","","new","Marketed by Avison Young (UK) Limited, Offices","","54.971086","-1.614065","https://media.rightmove.co.uk:443/dir/crop/10:9-16:9/57k/56478/148875473/56478_216591-2_IMG_00_0000_max_476x317.jpeg; https://media.rightmove.co.uk:443/dir/crop/10:9-16:9/57k/56478/148875473/56478_216591-2_IMG_01_0000_max_476x317.jpeg; https://media.rightmove.co.uk:443/dir/crop/10:9-16:9/57k/56478/148875473/56478_216591-2_IMG_02_0000_max_476x317.jpeg; https://media.rightmove.co.uk:443/dir/crop/10:9-16:9/57k/56478/148875473/56478_216591-2_IMG_03_0000_max_476x317.jpeg; https://media.rightmove.co.uk:443/dir/crop/10:9-16:9/57k/56478/148875473/56478_216591-2_IMG_04_0000_max_476x317.jpeg; https://media.rightmove.co.uk:443/dir/crop/10:9-16:9/57k/56478/148875473/56478_216591-2_IMG_05_0000_max_476x317.jpeg; https://media.rightmove.co.uk:443/dir/crop/10:9-16:9/57k/56478/148875473/56478_216591-2_IMG_06_0000_max_476x317.jpeg; https://media.rightmove.co.uk:443/dir/crop/10:9-16:9/57k/56478/148875473/56478_216591-2_IMG_07_0000_max_476x317.jpeg; https://media.rightmove.co.uk:443/dir/crop/10:9-16:9/57k/56478/148875473/56478_216591-2_IMG_08_0000_max_476x317.jpeg; https://media.rightmove.co.uk:443/dir/crop/10:9-16:9/57k/56478/148875473/56478_216591-2_IMG_09_0000_max_476x317.jpeg; https://media.rightmove.co.uk:443/dir/crop/10:9-16:9/57k/56478/148875473/56478_216591-2_IMG_10_0000_max_476x317.jpeg; https://media.rightmove.co.uk:443/dir/crop/10:9-16:9/57k/56478/148875473/56478_216591-2_IMG_11_0000_max_476x317.jpeg; https://media.rightmove.co.uk:443/dir/crop/10:9-16:9/57k/56478/148875473/56478_216591-2_IMG_12_0000_max_476x317.jpeg; https://media.rightmove.co.uk:443/dir/crop/10:9-16:9/57k/56478/148875473/56478_216591-2_IMG_13_0000_max_476x317.jpeg"
"150861473","Newcastle","Office","Time Central, 32 Gallowgate, Newcastle upon Tyne, NE1","£5,716 pcm","","","","Grade A City Centre Office Accommodation - fully refurbished in 2024 Per sq ft £26 - £32.5 per sq ft Time Central offers Grade A office accommodation in the heart of Newcastle City Centre. The building offers various open plan and fully fitted office suites. A brand new busines...","https://www.rightmove.co.uk/properties/150861473#/?channel=COM_LET","2024-08-01T10:19:07Z","","new","Marketed by Knight Frank, Newcastle - Commercial","","54.974227","-1.618918","https://media.rightmove.co.uk:443/dir/crop/10:9-16:9/156k/155516/150861473/155516_NCC012284849_IMG_00_0012_max_476x317.jpeg; https://media.rightmove.co.uk:443/dir/crop/10:9-16:9/156k/155516/150861473/155516_NCC012284849_IMG_01_0012_max_476x317.jpeg; https://media.rightmove.co.uk:443/dir/crop/10:9-16:9/156k/155516/150861473/155516_NCC012284849_IMG_02_0012_max_476x317.jpeg; https://media.rightmove.co.uk:443/dir/crop/10:9-16:9/156k/155516/150861473/155516_NCC012284849_IMG_03_0012_max_476x317.jpeg; https://media.rightmove.co.uk:443/dir/crop/10:9-16:9/156k/155516/150861473/155516_NCC012284849_IMG_04_0012_max_476x317.jpeg; https://media.rightmove.co.uk:443/dir/crop/10:9-16:9/156k/155516/150861473/155516_NCC012284849_IMG_05_0012_max_476x317.jpeg; https://media.rightmove.co.uk:443/dir/crop/10:9-16:9/156k/155516/150861473/155516_NCC012284849_IMG_06_0012_max_476x317.jpeg; https://media.rightmove.co.uk:443/dir/crop/10:9-16:9/156k/155516/150861473/155516_NCC012284849_IMG_07_0012_max_476x317.jpeg; https://media.rightmove.co.uk:443/dir/crop/10:9-16:9/156k/155516/150861473/155516_NCC012284849_IMG_08_0012_max_476x317.jpeg; https://media.rightmove.co.uk:443/dir/crop/10:9-16:9/156k/155516/150861473/155516_NCC012284849_IMG_09_0012_max_476x317.jpeg; https://media.rightmove.co.uk:443/dir/crop/10:9-16:9/156k/155516/150861473/155516_NCC012284849_IMG_10_0012_max_476x317.jpeg; https://media.rightmove.co.uk:443/dir/crop/10:9-16:9/156k/155516/150861473/155516_NCC012284849_IMG_11_0012_max_476x317.jpeg; https://media.rightmove.co.uk:443/dir/crop/10:9-16:9/156k/155516/150861473/155516_NCC012284849_IMG_12_0012_max_476x317.jpeg; https://media.rightmove.co.uk:443/dir/crop/10:9-16:9/156k/155516/150861473/155516_NCC012284849_IMG_13_0009_max_476x317.jpeg; https://media.rightmove.co.uk:443/dir/crop/10:9-16:9/156k/155516/150861473/155516_NCC012284849_IMG_14_0009_max_476x317.jpeg; https://media.rightmove.co.uk:443/dir/crop/10:9-16:9/156k/155516/150861473/155516_NCC012284849_IMG_15_0009_max_476x317.jpeg; https://media.rightmove.co.uk:443/dir/crop/10:9-16:9/156k/155516/150861473/155516_NCC012284849_IMG_16_0009_max_476x317.jpeg; https://media.rightmove.co.uk:443/dir/crop/10:9-16:9/156k/155516/150861473/155516_NCC012284849_IMG_17_0009_max_476x317.jpeg"
"56905704","Newcastle","Storage","Storage Units, Airport Industrial Estate, Newcastle upon Tyne, NE3 2EF","£175 pcm","","","","200 sq ft storage unit within Airport Industrial Estate, the unit is situated within a fenced compound with tenant controlled access gates. The estate is situated adjacent to the A1 western bypass. ","https://www.rightmove.co.uk/properties/56905704#/?channel=COM_LET","2018-10-02T09:44:17Z","","new","Marketed by Northern Trust, North East","","55.01167","-1.66315","https://media.rightmove.co.uk:443/dir/crop/10:9-16:9/88k/87511/56905704/87511_NEN_03113_Airport_StorageUnits_IMG_06_0000_max_476x317.jpeg; https://media.rightmove.co.uk:443/dir/crop/10:9-16:9/88k/87511/56905704/87511_NEN_111301_StorageUnits_IMG_02_0000_max_476x317.jpg; https://media.rightmove.co.uk:443/dir/crop/10:9-16:9/88k/87511/56905704/87511_NEN_111301_StorageUnits_IMG_01_0000_max_476x317.jpg; https://media.rightmove.co.uk:443/dir/crop/10:9-16:9/88k/87511/56905704/87511_NEN_111301_StorageUnits_IMG_03_0000_max_476x317.jpg; https://media.rightmove.co.uk:443/dir/crop/10:9-16:9/88k/87511/56905704/87511_NEN_111301_StorageUnits_IMG_04_0000_max_476x317.jpeg; https://media.rightmove.co.uk:443/dir/crop/10:9-16:9/88k/87511/56905704/87511_NEN_111301_StorageUnits_IMG_05_0000_max_476x317.JPG; https://media.rightmove.co.uk:443/dir/crop/10:9-16:9/88k/87511/56905704/87511_NEN_03113_Airport_StorageUnits_IMG_07_0000_max_476x317.jpeg"
"148465991","Newcastle","Office","Weymouth House, Newcastle Business Park, Hampshire Court, Newcastle Upon Tyne, NE4 7YG","£9,442 pcm","","","","Office To Let, Newcastle Upon Tyne","https://www.rightmove.co.uk/properties/148465991#/?channel=COM_LET","2024-05-28T14:28:19Z","","new","Marketed by Avison Young (UK) Limited, Offices","","54.960807","-1.63669","https://media.rightmove.co.uk:443/dir/crop/10:9-16:9/57k/56478/148465991/56478_109925-2_IMG_00_0000_max_476x317.jpeg; https://media.rightmove.co.uk:443/dir/crop/10:9-16:9/57k/56478/148465991/56478_109925-2_IMG_01_0000_max_476x317.jpeg; https://media.rightmove.co.uk:443/dir/crop/10:9-16:9/57k/56478/148465991/56478_109925-2_IMG_02_0000_max_476x317.jpeg; https://media.rightmove.co.uk:443/dir/crop/10:9-16:9/57k/56478/148465991/56478_109925-2_IMG_03_0000_max_476x317.jpeg; https://media.rightmove.co.uk:443/dir/crop/10:9-16:9/57k/56478/148465991/56478_109925-2_IMG_04_0000_max_476x317.jpeg; https://media.rightmove.co.uk:443/dir/crop/10:9-16:9/57k/56478/148465991/56478_109925-2_IMG_05_0000_max_476x317.jpeg; https://media.rightmove.co.uk:443/dir/crop/10:9-16:9/57k/56478/148465991/56478_109925-2_IMG_06_0000_max_476x317.jpeg; https://media.rightmove.co.uk:443/dir/crop/10:9-16:9/57k/56478/148465991/56478_109925-2_IMG_07_0000_max_476x317.jpeg; https://media.rightmove.co.uk:443/dir/crop/10:9-16:9/57k/56478/148465991/56478_109925-2_IMG_08_0000_max_476x317.jpeg; https://media.rightmove.co.uk:443/dir/crop/10:9-16:9/57k/56478/148465991/56478_109925-2_IMG_09_0000_max_476x317.jpeg; https://media.rightmove.co.uk:443/dir/crop/10:9-16:9/57k/56478/148465991/56478_109925-2_IMG_10_0000_max_476x317.jpeg; https://media.rightmove.co.uk:443/dir/crop/10:9-16:9/57k/56478/148465991/56478_109925-2_IMG_11_0000_max_476x317.jpeg"
"145722977","Newcastle","Serviced Office","Intu Metrocentre, Newcastle Upon Tyne, NE11","£359 pcm","From","","4","Private office space for 1 person in Regus Gateshead, Metro Centre","https://www.rightmove.co.uk/properties/145722977#/?channel=COM_LET","2024-03-14T10:30:03Z","","price_reduced","Marketed by IW Group Services (UK) Limited, Regus","","54.95588","-1.66893","https://media.rightmove.co.uk:443/dir/crop/10:9-16:9/130k/129853/145722977/129853_UK1ws7694_IMG_01_0000_max_476x317.jpeg; https://media.rightmove.co.uk:443/dir/crop/10:9-16:9/130k/129853/145722977/129853_UK1ws7694_IMG_02_0000_max_476x317.jpeg; https://media.rightmove.co.uk:443/dir/crop/10:9-16:9/130k/129853/145722977/129853_UK1ws7694_IMG_03_0000_max_476x317.jpeg; https://media.rightmove.co.uk:443/dir/crop/10:9-16:9/130k/129853/145722977/129853_UK1ws7694_IMG_00_0000_max_476x317.jpeg; https://media.rightmove.co.uk:443/dir/crop/10:9-16:9/130k/129853/145722977/129853_UK1ws7694_IMG_04_0000_max_476x317.jpeg; https://media.rightmove.co.uk:443/dir/crop/10:9-16:9/130k/129853/145722977/129853_UK1ws7694_IMG_05_0000_max_476x317.jpeg"
"145722248","Newcastle","Serviced Office","Intu Metrocentre, Newcastle Upon Tyne, NE11","£729 pcm","From","","4","Find office space in Regus Gateshead, Metro Centre for 5 people with everything taken care of","https://www.rightmove.co.uk/properties/145722248#/?channel=COM_LET","2024-03-14T10:16:20Z","","price_reduced","Marketed by IW Group Services (UK) Limited, Regus","","54.95588","-1.66893","https://media.rightmove.co.uk:443/dir/crop/10:9-16:9/130k/129853/145722248/129853_UK5ws7694_IMG_01_0000_max_476x317.jpeg; https://media.rightmove.co.uk:443/dir/crop/10:9-16:9/130k/129853/145722248/129853_UK5ws7694_IMG_02_0000_max_476x317.jpeg; https://media.rightmove.co.uk:443/dir/crop/10:9-16:9/130k/129853/145722248/129853_UK5ws7694_IMG_03_0000_max_476x317.jpeg; https://media.rightmove.co.uk:443/dir/crop/10:9-16:9/130k/129853/145722248/129853_UK5ws7694_IMG_00_0000_max_476x317.jpeg; https://media.rightmove.co.uk:443/dir/crop/10:9-16:9/130k/129853/145722248/129853_UK5ws7694_IMG_04_0000_max_476x317.jpeg; https://media.rightmove.co.uk:443/dir/crop/10:9-16:9/130k/129853/145722248/129853_UK5ws7694_IMG_05_0000_max_476x317.jpeg"
"135328304","Newcastle","Serviced Office","Quick Silver Way, Newcastle Upon Tyne, NE27","£1,409 pcm","From","","4","Move into ready-to-use open plan office space for 10 people in Regus Cobalt Business Park Newcastle","https://www.rightmove.co.uk/properties/135328304#/?channel=COM_LET","2023-05-26T12:01:59Z","","price_reduced","Marketed by IW Group Services (UK) Limited, Regus","","55.02249","-1.51291","https://media.rightmove.co.uk:443/dir/crop/10:9-16:9/130k/129853/135328304/129853_UKop16304_IMG_00_0001_max_476x317.jpeg; https://media.rightmove.co.uk:443/dir/crop/10:9-16:9/130k/129853/135328304/129853_UKop16304_IMG_02_0001_max_476x317.jpeg; https://media.rightmove.co.uk:443/dir/crop/10:9-16:9/130k/129853/135328304/129853_UKop16304_IMG_04_0001_max_476x317.jpeg; https://media.rightmove.co.uk:443/dir/crop/10:9-16:9/130k/129853/135328304/129853_UKop16304_IMG_01_0001_max_476x317.jpeg; https://media.rightmove.co.uk:443/dir/crop/10:9-16:9/130k/129853/135328304/129853_UKop16304_IMG_03_0001_max_476x317.jpeg; https://media.rightmove.co.uk:443/dir/crop/10:9-16:9/130k/129853/135328304/129853_UKop16304_IMG_05_0001_max_476x317.jpeg; https://media.rightmove.co.uk:443/dir/crop/10:9-16:9/130k/129853/135328304/129853_UKop16304_IMG_06_0000_max_476x317.jpeg"
"89747452","Newcastle","Office","Cobalt One, Cobalt Business Park, Newcastle Upon Tyne, Tyne And Wear, NE27","£12,269 pcm","From","","","Modern office building built in 2003 with a stunning full height curved glazed frontage providing excellent natural light. The specification of the building includes the following:- Air conditioning - Fully accessible raised floors- Double height reception- Male and female WCs- 3m floor to ...","https://www.rightmove.co.uk/properties/89747452#/?channel=COM_LET","2021-03-12T11:04:13Z","","size_change","Marketed by Naylors Gavin Black LLP, Newcastle Upon Tyne","","55.02047","-1.508192","https://media.rightmove.co.uk:443/dir/crop/10:9-16:9/101k/100681/89747452/100681_2760LH_IMG_00_0001_max_476x317.jpeg; https://media.rightmove.co.uk:443/dir/crop/10:9-16:9/101k/100681/89747452/100681_2760LH_IMG_22_0001_max_476x317.jpeg; https://media.rightmove.co.uk:443/dir/crop/10:9-16:9/101k/100681/89747452/100681_2760LH_IMG_09_0001_max_476x317.jpeg; https://media.rightmove.co.uk:443/dir/crop/10:9-16:9/101k/100681/89747452/100681_2760LH_IMG_15_0001_max_476x317.jpeg; https://media.rightmove.co.uk:443/dir/crop/10:9-16:9/101k/100681/89747452/100681_2760LH_IMG_20_0001_max_476x317.jpeg; https://media.rightmove.co.uk:443/dir/crop/10:9-16:9/101k/100681/89747452/100681_2760LH_IMG_12_0001_max_476x317.jpeg; https://media.rightmove.co.uk:443/dir/crop/10:9-16:9/101k/100681/89747452/100681_2760LH_IMG_07_0001_max_476x317.jpeg; https://media.rightmove.co.uk:443/dir/crop/10:9-16:9/101k/100681/89747452/100681_2760LH_IMG_11_0001_max_476x317.jpeg; https://media.rightmove.co.uk:443/dir/crop/10:9-16:9/101k/100681/89747452/100681_2760LH_IMG_02_0001_max_476x317.jpeg; https://media.rightmove.co.uk:443/dir/crop/10:9-16:9/101k/100681/89747452/100681_2760LH_IMG_14_0001_max_476x317.jpeg; https://media.rightmove.co.uk:443/dir/crop/10:9-16:9/101k/100681/89747452/100681_2760LH_IMG_08_0001_max_476x317.jpeg; https://media.rightmove.co.uk:443/dir/crop/10:9-16:9/101k/100681/89747452/100681_2760LH_IMG_18_0001_max_476x317.jpeg; https://media.rightmove.co.uk:443/dir/crop/10:9-16:9/101k/100681/89747452/100681_2760LH_IMG_16_0001_max_476x317.jpeg; https://media.rightmove.co.uk:443/dir/crop/10:9-16:9/101k/100681/89747452/100681_2760LH_IMG_19_0001_max_476x317.jpeg; https://media.rightmove.co.uk:443/dir/crop/10:9-16:9/101k/100681/89747452/100681_2760LH_IMG_17_0001_max_476x317.jpeg; https://media.rightmove.co.uk:443/dir/crop/10:9-16:9/101k/100681/89747452/100681_2760LH_IMG_21_0001_max_476x317.jpeg; https://media.rightmove.co.uk:443/dir/crop/10:9-16:9/101k/100681/89747452/100681_2760LH_IMG_03_0001_max_476x317.jpeg"
"90438886","Newcastle","Office","Two Holland Park, Block C, Holland Drive, Newcastle Upon Tyne, NE2 4LZ","£2,078 pcm","From","","","LOCATIONHolland Park is located on Holland Drive off Barrack Road (A189) situated behind the BBC Newcastle Broadcasting Centre. The A189 is ideally placed to link the A167 (M) for access north and south. In turn this links with the A1 (M), one of the North East major trunk road.Newcastle City...","https://www.rightmove.co.uk/properties/90438886#/?channel=COM_LET","2021-04-06T11:47:28Z","","size_change","Marketed by Naylors Gavin Black LLP, Newcastle Upon Tyne","","54.98297","-1.62136","https://media.rightmove.co.uk:443/dir/crop/10:9-16:9/101k/100681/90438886/100681_2511LH_IMG_00_0001_max_476x317.jpeg; https://media.rightmove.co.uk:443/dir/crop/10:9-16:9/101k/100681/90438886/100681_2511LH_IMG_09_0001_max_476x317.jpeg; https://media.rightmove.co.uk:443/dir/crop/10:9-16:9/101k/100681/90438886/100681_2511LH_IMG_03_0002_max_476x317.jpeg; https://media.rightmove.co.uk:443/dir/crop/10:9-16:9/101k/100681/90438886/100681_2511LH_IMG_01_0002_max_476x317.jpeg; https://media.rightmove.co.uk:443/dir/crop/10:9-16:9/101k/100681/90438886/100681_2511LH_IMG_02_0002_max_476x317.jpeg; https://media.rightmove.co.uk:443/dir/crop/10:9-16:9/101k/100681/90438886/100681_2511LH_IMG_04_0002_max_476x317.jpeg; https://media.rightmove.co.uk:443/dir/crop/10:9-16:9/101k/100681/90438886/100681_2511LH_IMG_05_0002_max_476x317.jpeg; https://media.rightmove.co.uk:443/dir/crop/10:9-16:9/101k/100681/90438886/100681_2511LH_IMG_06_0002_max_476x317.jpeg; https://media.rightmove.co.uk:443/dir/crop/10:9-16:9/101k/100681/90438886/100681_2511LH_IMG_07_0001_max_476x317.jpeg; https://media.rightmove.co.uk:443/dir/crop/10:9-16:9/101k/100681/90438886/100681_2511LH_IMG_08_0001_max_476x317.jpeg"
"147358196","Newcastle","Office","East Quay 5, 5 St Ann's Street, Newcastle Quayside, Newcastle upon Tyne, NE1 2BH","£10,000 pcm","","","","Highly sustainable fully refurbished Grade A offices extending to 35,000 sq. ft. located at the gateway to Newcastle Quayside","https://www.rightmove.co.uk/properties/147358196#/?channel=COM_LET","2024-04-29T09:50:37Z","","new","Marketed by BNP Paribas Real Estate Advisory & Property Management UK Limited, Newcastle","","54.972034","-1.596519","https://media.rightmove.co.uk:443/dir/crop/10:9-16:9/242k/241244/147358196/241244_194997-2_IMG_26_0001_max_476x317.jpeg; https://media.rightmove.co.uk:443/dir/crop/10:9-16:9/242k/241244/147358196/241244_194997-2_IMG_30_0001_max_476x317.jpeg; https://media.rightmove.co.uk:443/dir/crop/10:9-16:9/242k/241244/147358196/241244_194997-2_IMG_47_0002_max_476x317.jpeg; https://media.rightmove.co.uk:443/dir/crop/10:9-16:9/242k/241244/147358196/241244_194997-2_IMG_46_0001_max_476x317.jpeg; https://media.rightmove.co.uk:443/dir/crop/10:9-16:9/242k/241244/147358196/241244_194997-2_IMG_14_0001_max_476x317.jpeg; https://media.rightmove.co.uk:443/dir/crop/10:9-16:9/242k/241244/147358196/241244_194997-2_IMG_25_0001_max_476x317.jpeg; https://media.rightmove.co.uk:443/dir/crop/10:9-16:9/242k/241244/147358196/241244_194997-2_IMG_24_0001_max_476x317.jpeg; https://media.rightmove.co.uk:443/dir/crop/10:9-16:9/242k/241244/147358196/241244_194997-2_IMG_16_0001_max_476x317.jpeg; https://media.rightmove.co.uk:443/dir/crop/10:9-16:9/242k/241244/147358196/241244_194997-2_IMG_19_0001_max_476x317.jpeg; https://media.rightmove.co.uk:443/dir/crop/10:9-16:9/242k/241244/147358196/241244_194997-2_IMG_20_0001_max_476x317.jpeg; https://media.rightmove.co.uk:443/dir/crop/10:9-16:9/242k/241244/147358196/241244_194997-2_IMG_21_0001_max_476x317.jpeg; https://media.rightmove.co.uk:443/dir/crop/10:9-16:9/242k/241244/147358196/241244_194997-2_IMG_31_0002_max_476x317.jpeg; https://media.rightmove.co.uk:443/dir/crop/10:9-16:9/242k/241244/147358196/241244_194997-2_IMG_32_0001_max_476x317.jpeg; https://media.rightmove.co.uk:443/dir/crop/10:9-16:9/242k/241244/147358196/241244_194997-2_IMG_35_0001_max_476x317.jpeg; https://media.rightmove.co.uk:443/dir/crop/10:9-16:9/242k/241244/147358196/241244_194997-2_IMG_34_0001_max_476x317.jpeg; https://media.rightmove.co.uk:443/dir/crop/10:9-16:9/242k/241244/147358196/241244_194997-2_IMG_41_0001_max_476x317.jpeg; https://media.rightmove.co.uk:443/dir/crop/10:9-16:9/242k/241244/147358196/241244_194997-2_IMG_33_0001_max_476x317.jpeg; https://media.rightmove.co.uk:443/dir/crop/10:9-16:9/242k/241244/147358196/241244_194997-2_IMG_40_0001_max_476x317.jpeg; https://media.rightmove.co.uk:443/dir/crop/10:9-16:9/242k/241244/147358196/241244_194997-2_IMG_45_0001_max_476x317.jpeg; https://media.rightmove.co.uk:443/dir/crop/10:9-16:9/242k/241244/147358196/241244_194997-2_IMG_11_0000_max_476x317.jpeg; https://media.rightmove.co.uk:443/dir/crop/10:9-16:9/242k/241244/147358196/241244_194997-2_IMG_12_0000_max_476x317.jpeg"
"154192787","Newcastle","Office","Higham Place, Newcastle Upon Tyne, Tyne & Wear, NE1","£958 pcm","","","","First floor office suites within a three storey building providing traditional office accommodation, conveniently located in the centre of Newcastle available to let.","https://www.rightmove.co.uk/properties/154192787#/?channel=COM_LET","2024-10-25T11:29:45Z","","size_change","Marketed by Youngs RPS Limited, Newcastle","","54.974499","-1.60935","https://media.rightmove.co.uk:443/dir/crop/10:9-16:9/131k/130720/154192787/130720_NEW190026_L_IMG_00_0000_max_476x317.jpeg; https://media.rightmove.co.uk:443/dir/crop/10:9-16:9/131k/130720/154192787/130720_NEW190026_L_IMG_01_0000_max_476x317.jpeg; https://media.rightmove.co.uk:443/dir/crop/10:9-16:9/131k/130720/154192787/130720_NEW190026_L_IMG_02_0000_max_476x317.jpeg; https://media.rightmove.co.uk:443/dir/crop/10:9-16:9/131k/130720/154192787/130720_NEW190026_L_IMG_03_0000_max_476x317.jpeg; https://media.rightmove.co.uk:443/dir/crop/10:9-16:9/131k/130720/154192787/130720_NEW190026_L_IMG_04_0000_max_476x317.jpeg; https://media.rightmove.co.uk:443/dir/crop/10:9-16:9/131k/130720/154192787/130720_NEW190026_L_IMG_05_0000_max_476x317.jpeg; https://media.rightmove.co.uk:443/dir/crop/10:9-16:9/131k/130720/154192787/130720_NEW190026_L_IMG_06_0000_max_476x317.jpeg"
"114721733","Newcastle","Office","Business Space, 6-8 Saville Row, Newcastle Upon Tyne, NE1 8JE","£1,979 pcm","","","","Newly Refurbished Office Accommodation To Let, 220.64 sq. m. (2,375 sq. ft.), within Newcastle City Centre","https://www.rightmove.co.uk/properties/114721733#/?channel=COM_LET","2021-10-12T13:37:59Z","","size_change","Marketed by BNP Paribas Real Estate Advisory & Property Management UK Limited, Newcastle","","54.9756","-1.61185","https://media.rightmove.co.uk:443/dir/crop/10:9-16:9/242k/241244/114721733/241244_70060-2_IMG_12_0000_max_476x317.jpeg; https://media.rightmove.co.uk:443/dir/crop/10:9-16:9/242k/241244/114721733/241244_70060-2_IMG_06_0000_max_476x317.jpeg; https://media.rightmove.co.uk:443/dir/crop/10:9-16:9/242k/241244/114721733/241244_70060-2_IMG_07_0000_max_476x317.jpeg; https://media.rightmove.co.uk:443/dir/crop/10:9-16:9/242k/241244/114721733/241244_70060-2_IMG_08_0000_max_476x317.jpeg; https://media.rightmove.co.uk:443/dir/crop/10:9-16:9/242k/241244/114721733/241244_70060-2_IMG_09_0000_max_476x317.jpeg; https://media.rightmove.co.uk:443/dir/crop/10:9-16:9/242k/241244/114721733/241244_70060-2_IMG_10_0000_max_476x317.jpeg; https://media.rightmove.co.uk:443/dir/crop/10:9-16:9/242k/241244/114721733/241244_70060-2_IMG_11_0000_max_476x317.jpeg; https://media.rightmove.co.uk:443/dir/crop/10:9-16:9/242k/241244/114721733/241244_70060-2_IMG_04_0001_max_476x317.jpeg"
"146201417","Newcastle","Light Industrial","B1, Benfield Business Park, Benfield Road, Newcastle Upon Tyne, NE6 4NQ","£4,146 pcm","","","","The unit is a mid-terraced industrial unit with brick elevations, steel roof trusses above and a pitched roof including skylights. The floor is concrete, and the unit will be lit by LED lighting. There is a manually operated roller shutter door along with a pedestrian entrance. WC and kitchenet...","https://www.rightmove.co.uk/properties/146201417#/?channel=COM_LET","2024-03-27T13:29:48Z","","new","Marketed by Naylors Gavin Black LLP, Newcastle Upon Tyne","","54.985683","-1.562795","https://media.rightmove.co.uk:443/dir/crop/10:9-16:9/101k/100681/146201417/100681_3077LH_IMG_02_0000_max_476x317.jpeg; https://media.rightmove.co.uk:443/dir/crop/10:9-16:9/101k/100681/146201417/100681_3077LH_IMG_00_0000_max_476x317.jpeg; https://media.rightmove.co.uk:443/dir/crop/10:9-16:9/101k/100681/146201417/100681_3077LH_IMG_01_0000_max_476x317.jpeg; https://media.rightmove.co.uk:443/dir/crop/10:9-16:9/101k/100681/146201417/100681_3077LH_IMG_03_0000_max_476x317.jpeg; https://media.rightmove.co.uk:443/dir/crop/10:9-16:9/101k/100681/146201417/100681_3077LH_IMG_04_0000_max_476x317.jpeg; https://media.rightmove.co.uk:443/dir/crop/10:9-16:9/101k/100681/146201417/100681_3077LH_IMG_05_0000_max_476x317.jpeg"
"148466369","Newcastle","Office","Block B, Holland Park, Holland Drive, Newcastle Upon Tyne, NE2 4LD","£3,528 pcm","","","","High quality office To Let. Fringe of city centre - Newcastle Upon Tyne.","https://www.rightmove.co.uk/properties/148466369#/?channel=COM_LET","2024-05-28T14:31:32Z","","new","Marketed by Avison Young (UK) Limited, Offices","","54.981792","-1.633309","https://media.rightmove.co.uk:443/dir/crop/10:9-16:9/property-photo/8a336e178/148466369/8a336e178a9365cad9231caac1ead40b_max_476x317.jpeg; https://media.rightmove.co.uk:443/dir/crop/10:9-16:9/property-photo/bdd5fd0ab/148466369/bdd5fd0ab0d8bf1b1ae58c2929a59b85_max_476x317.jpeg; https://media.rightmove.co.uk:443/dir/crop/10:9-16:9/property-photo/fa379b972/148466369/fa379b9723336eeb6491d18507e88e32_max_476x317.jpeg; https://media.rightmove.co.uk:443/dir/crop/10:9-16:9/property-photo/a02c69612/148466369/a02c6961278b9d455029ec7bab13d8d3_max_476x317.jpeg; https://media.rightmove.co.uk:443/dir/crop/10:9-16:9/property-photo/aded3c06d/148466369/aded3c06d6b8551585758fa5552c2ce1_max_476x317.jpeg; https://media.rightmove.co.uk:443/dir/crop/10:9-16:9/property-photo/329daf96f/148466369/329daf96fc0a137297fda467ca30f8ba_max_476x317.jpeg; https://media.rightmove.co.uk:443/dir/crop/10:9-16:9/property-photo/c718be231/148466369/c718be2310baa38e097adcdf242523dc_max_476x317.jpeg; https://media.rightmove.co.uk:443/dir/crop/10:9-16:9/property-photo/33fe7b781/148466369/33fe7b781c599b87e43b8473d657354c_max_476x317.jpeg; https://media.rightmove.co.uk:443/dir/crop/10:9-16:9/property-photo/e08770032/148466369/e08770032d35fa2d1c5929479e4730fa_max_476x317.jpeg; https://media.rightmove.co.uk:443/dir/crop/10:9-16:9/property-photo/e81e42089/148466369/e81e420898dbe9106431d913e5564a43_max_476x317.jpeg"
"145141142","Newcastle","Serviced Office","Intu Metrocentre, Newcastle Upon Tyne, NE11","£139 pcm","From","","4","Access professional coworking space in Regus Gateshead, Metro Centre","https://www.rightmove.co.uk/properties/145141142#/?channel=COM_LET","2024-02-27T08:19:51Z","","size_change","Marketed by IW Group Services (UK) Limited, Regus","","54.95588","-1.66893","https://media.rightmove.co.uk:443/dir/crop/10:9-16:9/130k/129853/145141142/129853_UKbwg7694_IMG_00_0000_max_476x317.jpeg; https://media.rightmove.co.uk:443/dir/crop/10:9-16:9/130k/129853/145141142/129853_UKbwg7694_IMG_02_0000_max_476x317.jpeg; https://media.rightmove.co.uk:443/dir/crop/10:9-16:9/130k/129853/145141142/129853_UKbwg7694_IMG_03_0000_max_476x317.jpeg; https://media.rightmove.co.uk:443/dir/crop/10:9-16:9/130k/129853/145141142/129853_UKbwg7694_IMG_04_0000_max_476x317.jpeg; https://media.rightmove.co.uk:443/dir/crop/10:9-16:9/130k/129853/145141142/129853_UKbwg7694_IMG_01_0000_max_476x317.jpeg"
"145140959","Newcastle","Serviced Office","Intu Metrocentre, Newcastle Upon Tyne, NE11","£195 pcm","From","","4","Flexible office memberships in Regus Gateshead, Metro Centre","https://www.rightmove.co.uk/properties/145140959#/?channel=COM_LET","2024-02-27T08:10:55Z","","new","Marketed by IW Group Services (UK) Limited, Regus","","54.95588","-1.66893","https://media.rightmove.co.uk:443/dir/crop/10:9-16:9/130k/129853/145140959/129853_UKbwp7694_IMG_01_0000_max_476x317.jpeg; https://media.rightmove.co.uk:443/dir/crop/10:9-16:9/130k/129853/145140959/129853_UKbwp7694_IMG_02_0000_max_476x317.jpeg; https://media.rightmove.co.uk:443/dir/crop/10:9-16:9/130k/129853/145140959/129853_UKbwp7694_IMG_03_0000_max_476x317.jpeg; https://media.rightmove.co.uk:443/dir/crop/10:9-16:9/130k/129853/145140959/129853_UKbwp7694_IMG_05_0000_max_476x317.jpeg; https://media.rightmove.co.uk:443/dir/crop/10:9-16:9/130k/129853/145140959/129853_UKbwp7694_IMG_04_0000_max_476x317.jpeg; https://media.rightmove.co.uk:443/dir/crop/10:9-16:9/130k/129853/145140959/129853_UKbwp7694_IMG_00_0000_max_476x317.jpeg"
"144304001","Newcastle","Office","The Spire, Pilgrim Street, Newcastle Upon Tyne, Tyne And Wear, NE1","£225 pcm","From","","","A newly refurbished city centre office building offering high quality serviced office space. The second floor is split to provide smaller suites which are fully furnished with communal areas and amenities including a coffee bar, meeting rooms and a manned reception area. Suites on this floor a...","https://www.rightmove.co.uk/properties/144304001#/?channel=COM_LET","2024-02-02T11:49:23Z","","new","Marketed by Naylors Gavin Black LLP, Newcastle Upon Tyne","","54.970093","-1.607576","https://media.rightmove.co.uk:443/dir/crop/10:9-16:9/101k/100681/144304001/100681_3057LH_IMG_07_0001_max_476x317.jpeg; https://media.rightmove.co.uk:443/dir/crop/10:9-16:9/101k/100681/144304001/100681_3057LH_IMG_00_0001_max_476x317.jpeg; https://media.rightmove.co.uk:443/dir/crop/10:9-16:9/101k/100681/144304001/100681_3057LH_IMG_01_0001_max_476x317.jpeg; https://media.rightmove.co.uk:443/dir/crop/10:9-16:9/101k/100681/144304001/100681_3057LH_IMG_06_0001_max_476x317.jpeg; https://media.rightmove.co.uk:443/dir/crop/10:9-16:9/101k/100681/144304001/100681_3057LH_IMG_08_0001_max_476x317.jpeg; https://media.rightmove.co.uk:443/dir/crop/10:9-16:9/101k/100681/144304001/100681_3057LH_IMG_02_0001_max_476x317.jpeg; https://media.rightmove.co.uk:443/dir/crop/10:9-16:9/101k/100681/144304001/100681_3057LH_IMG_03_0001_max_476x317.jpeg; https://media.rightmove.co.uk:443/dir/crop/10:9-16:9/101k/100681/144304001/100681_3057LH_IMG_04_0001_max_476x317.jpeg; https://media.rightmove.co.uk:443/dir/crop/10:9-16:9/101k/100681/144304001/100681_3057LH_IMG_09_0001_max_476x317.jpeg; https://media.rightmove.co.uk:443/dir/crop/10:9-16:9/101k/100681/144304001/100681_3057LH_IMG_10_0002_max_476x317.jpeg"
"124310216","Newcastle","Office","Time Central, 32 Gallowgate, Newcastle Upon Tyne, NE1 4BF","£6,868 pcm","","","","Grade A office accommodation","https://www.rightmove.co.uk/properties/124310216#/?channel=COM_LET","2022-06-24T16:11:13Z","","size_change","Marketed by Savills, Newcastle - Offices","","54.974093","-1.618757","https://media.rightmove.co.uk:443/dir/crop/10:9-16:9/82k/81666/124310216/81666_108322-2_IMG_00_0002_max_476x317.jpeg; https://media.rightmove.co.uk:443/dir/crop/10:9-16:9/82k/81666/124310216/81666_108322-2_IMG_01_0003_max_476x317.jpeg; https://media.rightmove.co.uk:443/dir/crop/10:9-16:9/82k/81666/124310216/81666_108322-2_IMG_02_0002_max_476x317.jpeg; https://media.rightmove.co.uk:443/dir/crop/10:9-16:9/82k/81666/124310216/81666_108322-2_IMG_03_0001_max_476x317.jpeg; https://media.rightmove.co.uk:443/dir/crop/10:9-16:9/82k/81666/124310216/81666_108322-2_IMG_04_0001_max_476x317.jpeg; https://media.rightmove.co.uk:443/dir/crop/10:9-16:9/82k/81666/124310216/81666_108322-2_IMG_05_0001_max_476x317.jpeg; https://media.rightmove.co.uk:443/dir/crop/10:9-16:9/82k/81666/124310216/81666_108322-2_IMG_06_0001_max_476x317.jpeg; https://media.rightmove.co.uk:443/dir/crop/10:9-16:9/82k/81666/124310216/81666_108322-2_IMG_07_0001_max_476x317.jpeg; https://media.rightmove.co.uk:443/dir/crop/10:9-16:9/82k/81666/124310216/81666_108322-2_IMG_08_0001_max_476x317.jpeg; https://media.rightmove.co.uk:443/dir/crop/10:9-16:9/82k/81666/124310216/81666_108322-2_IMG_09_0001_max_476x317.jpeg; https://media.rightmove.co.uk:443/dir/crop/10:9-16:9/82k/81666/124310216/81666_108322-2_IMG_10_0001_max_476x317.jpeg; https://media.rightmove.co.uk:443/dir/crop/10:9-16:9/82k/81666/124310216/81666_108322-2_IMG_11_0000_max_476x317.jpeg; https://media.rightmove.co.uk:443/dir/crop/10:9-16:9/82k/81666/124310216/81666_108322-2_IMG_12_0000_max_476x317.jpeg"
"86709816","Newcastle","Office","NEON Quorum Park, Neon, Quorum Business Park, Newcastle Upon Tyne, NE12 8BU","£3,125 pcm","","","","Neon is our newest building at Quorum Park, featuring contemporary interiors and a host of useful amenities.","https://www.rightmove.co.uk/properties/86709816#/?channel=COM_LET","2024-01-09T13:51:34Z","","new","Marketed by Savills, Newcastle - Offices","","55.021867","-1.579169","https://media.rightmove.co.uk:443/dir/crop/10:9-16:9/82k/81666/86709816/81666_151264-2_IMG_00_0000_max_476x317.jpeg; https://media.rightmove.co.uk:443/dir/crop/10:9-16:9/82k/81666/86709816/81666_151264-2_IMG_01_0000_max_476x317.jpeg"
"124512335","Newcastle","Office","QEleven, Quorum Business Park, Newcastle Upon Tyne, NE12 8EZ","£1,562 pcm","","","","High quality Grade A offices","https://www.rightmove.co.uk/properties/124512335#/?channel=COM_LET","2022-06-30T13:45:20Z","","size_change","Marketed by Savills, Newcastle - Offices","","55.018816","-1.583048","https://media.rightmove.co.uk:443/dir/crop/10:9-16:9/82k/81666/124512335/81666_108706-2_IMG_00_0000_max_476x317.jpeg"
"143476244","Newcastle","Office","Two Holland Park, Block C, Holland Park, Newcastle upon Tyne, NE2 4LD","£1,813 pcm","","","","Two Holland Park comprises a modern two storey office building with high quality office space located within Holland Park.","https://www.rightmove.co.uk/properties/143476244#/?channel=COM_LET","2024-01-08T16:19:29Z","","new","Marketed by Savills, Newcastle - Offices","","54.982045","-1.63315","https://media.rightmove.co.uk:443/dir/crop/10:9-16:9/82k/81666/143476244/81666_181390-2_IMG_00_0000_max_476x317.jpeg; https://media.rightmove.co.uk:443/dir/crop/10:9-16:9/82k/81666/143476244/81666_181390-2_IMG_01_0000_max_476x317.jpeg; https://media.rightmove.co.uk:443/dir/crop/10:9-16:9/82k/81666/143476244/81666_181390-2_IMG_02_0000_max_476x317.jpeg; https://media.rightmove.co.uk:443/dir/crop/10:9-16:9/82k/81666/143476244/81666_181390-2_IMG_03_0000_max_476x317.jpeg; https://media.rightmove.co.uk:443/dir/crop/10:9-16:9/82k/81666/143476244/81666_181390-2_IMG_04_0000_max_476x317.jpeg; https://media.rightmove.co.uk:443/dir/crop/10:9-16:9/82k/81666/143476244/81666_181390-2_IMG_05_0000_max_476x317.jpeg"
"143475755","Newcastle","Serviced Office","Cubo Coworking Space, Bank House, Newcastle Upon Tyne, NE1 6SQ","POA","","","","Coworking Space Available in Newcastle Upon Tyne. Grade A offices including impressive private offices and well equipped meeting rooms.","https://www.rightmove.co.uk/properties/143475755#/?channel=COM_LET","2024-01-08T16:12:35Z","","new","Marketed by Savills, Newcastle - Offices","","54.972134","-1.60986","https://media.rightmove.co.uk:443/dir/crop/10:9-16:9/property-photo/77dd7a177/143475755/77dd7a177fc3d81d0517160f2d8835b8_max_476x317.jpeg; https://media.rightmove.co.uk:443/dir/crop/10:9-16:9/property-photo/466f9b196/143475755/466f9b19685f5f6c28ad5b2843b6af52_max_476x317.jpeg; https://media.rightmove.co.uk:443/dir/crop/10:9-16:9/property-photo/64ecbe59d/143475755/64ecbe59d5dc3871f80749ce72bd8863_max_476x317.jpeg; https://media.rightmove.co.uk:443/dir/crop/10:9-16:9/property-photo/ca22301e0/143475755/ca22301e03610bfafa9d35e2caf541ff_max_476x317.jpeg"
"698588957753008","Newcastle","Retail Property (high street)","City Centre Retail/Workshop To Let in Newcastle, Arch 21, Forth Banks, Newcastle Upon Tyne, NE1 3PG","£923 pcm","","","","City Centre Retail/Workshop To Let","https://www.rightmove.co.uk/properties/698588957753008#/?channel=COM_LET","2025-10-23T11:28:13Z","","size_change","Marketed by Sanderson Weatherall, Newcastle","","54.965775","-1.620441","https://media.rightmove.co.uk:443/dir/crop/10:9-16:9/262k/261938/698588957753008/261938_180934-2_IMG_00_0000_max_476x317.jpeg; https://media.rightmove.co.uk:443/dir/crop/10:9-16:9/262k/261938/698588957753008/261938_180934-2_IMG_01_0000_max_476x317.jpeg; https://media.rightmove.co.uk:443/dir/crop/10:9-16:9/262k/261938/698588957753008/261938_180934-2_IMG_02_0000_max_476x317.jpeg; https://media.rightmove.co.uk:443/dir/crop/10:9-16:9/262k/261938/698588957753008/261938_180934-2_IMG_03_0000_max_476x317.jpeg"
"142012646","Newcastle","Office","New England House, 10 Ridley Place, Newcastle upon Tyne, NE1 8JW","£792 pcm","","","","City Centre Offices To Let","https://www.rightmove.co.uk/properties/142012646#/?channel=COM_LET","2023-11-14T12:14:59Z","","new","Marketed by Sanderson Weatherall, Newcastle","","54.977053","-1.612087","https://media.rightmove.co.uk:443/dir/crop/10:9-16:9/262k/261938/142012646/261938_182294-2_IMG_00_0000_max_476x317.jpeg; https://media.rightmove.co.uk:443/dir/crop/10:9-16:9/262k/261938/142012646/261938_182294-2_IMG_01_0000_max_476x317.jpeg; https://media.rightmove.co.uk:443/dir/crop/10:9-16:9/262k/261938/142012646/261938_182294-2_IMG_02_0000_max_476x317.jpeg; https://media.rightmove.co.uk:443/dir/crop/10:9-16:9/262k/261938/142012646/261938_182294-2_IMG_03_0000_max_476x317.jpeg; https://media.rightmove.co.uk:443/dir/crop/10:9-16:9/262k/261938/142012646/261938_182294-2_IMG_04_0000_max_476x317.jpeg; https://media.rightmove.co.uk:443/dir/crop/10:9-16:9/262k/261938/142012646/261938_182294-2_IMG_05_0000_max_476x317.jpeg; https://media.rightmove.co.uk:443/dir/crop/10:9-16:9/262k/261938/142012646/261938_182294-2_IMG_06_0000_max_476x317.jpeg"
"132844376","Newcastle","Office","Baker's Yard, Christon Road, Newcastle Upon Tyne, NE3 1XD","POA","","","","Flexible workspace in new unit, featuring mezzanine level, high ceilings, crittal glazed partitions. Suitable for office, leisure, gym, health and fitness studios. ","https://www.rightmove.co.uk/properties/132844376#/?channel=COM_LET","2023-03-22T16:52:25Z","","new","Marketed by Adderstone Asset Management Limited, Newcastle","","55.0089","-1.60767","https://media.rightmove.co.uk:443/dir/crop/10:9-16:9/181k/180227/132844376/180227_BakersYardTheChiller19b_IMG_03_0000_max_476x317.jpeg; https://media.rightmove.co.uk:443/dir/crop/10:9-16:9/181k/180227/132844376/180227_BakersYardTheChiller19b_IMG_02_0000_max_476x317.jpeg; https://media.rightmove.co.uk:443/dir/crop/10:9-16:9/181k/180227/132844376/180227_BakersYardTheChiller19b_IMG_07_0000_max_476x317.jpeg; https://media.rightmove.co.uk:443/dir/crop/10:9-16:9/181k/180227/132844376/180227_BakersYardTheChiller19b_IMG_00_0000_max_476x317.jpeg; https://media.rightmove.co.uk:443/dir/crop/10:9-16:9/181k/180227/132844376/180227_BakersYardTheChiller19b_IMG_01_0000_max_476x317.jpeg; https://media.rightmove.co.uk:443/dir/crop/10:9-16:9/181k/180227/132844376/180227_BakersYardTheChiller19b_IMG_06_0000_max_476x317.jpeg; https://media.rightmove.co.uk:443/dir/crop/10:9-16:9/181k/180227/132844376/180227_BakersYardTheChiller19b_IMG_04_0000_max_476x317.jpeg"
"142012484","Newcastle","Office","Portland House, New Bridge Street West, Newcastle Upon Tyne, NE1 8AL","POA","","","","Newly Refurbished Grade A Office Extending to over 60,000 sq ft To Let","https://www.rightmove.co.uk/properties/142012484#/?channel=COM_LET","2023-11-14T12:13:43Z","","new","Marketed by Sanderson Weatherall, Newcastle","","54.974297","-1.608631","https://media.rightmove.co.uk:443/dir/crop/10:9-16:9/262k/261938/142012484/261938_181010-2_IMG_00_0002_max_476x317.jpeg; https://media.rightmove.co.uk:443/dir/crop/10:9-16:9/262k/261938/142012484/261938_181010-2_IMG_01_0001_max_476x317.jpeg; https://media.rightmove.co.uk:443/dir/crop/10:9-16:9/262k/261938/142012484/261938_181010-2_IMG_02_0001_max_476x317.jpeg; https://media.rightmove.co.uk:443/dir/crop/10:9-16:9/262k/261938/142012484/261938_181010-2_IMG_03_0001_max_476x317.jpeg; https://media.rightmove.co.uk:443/dir/crop/10:9-16:9/262k/261938/142012484/261938_181010-2_IMG_04_0001_max_476x317.jpeg"
"142012268","Newcastle","Serviced Office","High Quality City Centre Offices To Let in Newcastle, Rotterdam House, 116 Quayside, Newcastle, NE1 3DY","POA","","","","High Quality City Centre Offices To Let at Rotterdam House, Newcastle","https://www.rightmove.co.uk/properties/142012268#/?channel=COM_LET","2023-11-14T12:10:18Z","","new","Marketed by Sanderson Weatherall, Newcastle","","54.97132","-1.597491","https://media.rightmove.co.uk:443/dir/crop/10:9-16:9/262k/261938/142012268/261938_184196-2_IMG_00_0000_max_476x317.jpeg; https://media.rightmove.co.uk:443/dir/crop/10:9-16:9/262k/261938/142012268/261938_184196-2_IMG_01_0000_max_476x317.jpeg; https://media.rightmove.co.uk:443/dir/crop/10:9-16:9/262k/261938/142012268/261938_184196-2_IMG_02_0000_max_476x317.jpeg; https://media.rightmove.co.uk:443/dir/crop/10:9-16:9/262k/261938/142012268/261938_184196-2_IMG_03_0000_max_476x317.jpeg; https://media.rightmove.co.uk:443/dir/crop/10:9-16:9/262k/261938/142012268/261938_184196-2_IMG_04_0000_max_476x317.jpeg; https://media.rightmove.co.uk:443/dir/crop/10:9-16:9/262k/261938/142012268/261938_184196-2_IMG_05_0000_max_476x317.jpeg; https://media.rightmove.co.uk:443/dir/crop/10:9-16:9/262k/261938/142012268/261938_184196-2_IMG_06_0000_max_476x317.jpeg; https://media.rightmove.co.uk:443/dir/crop/10:9-16:9/262k/261938/142012268/261938_184196-2_IMG_07_0000_max_476x317.jpeg; https://media.rightmove.co.uk:443/dir/crop/10:9-16:9/262k/261938/142012268/261938_184196-2_IMG_08_0000_max_476x317.jpeg; https://media.rightmove.co.uk:443/dir/crop/10:9-16:9/262k/261938/142012268/261938_184196-2_IMG_09_0000_max_476x317.jpeg; https://media.rightmove.co.uk:443/dir/crop/10:9-16:9/262k/261938/142012268/261938_184196-2_IMG_10_0000_max_476x317.jpeg"
"142011857","Newcastle","Serviced Office","Merchant House, 30 Cloth Market, Newcastle, NE1 1EE","POA","","","","High Quality City Centre Offices To Let at Merchant House, Newcastle","https://www.rightmove.co.uk/properties/142011857#/?channel=COM_LET","2023-11-14T12:04:46Z","","new","Marketed by Sanderson Weatherall, Newcastle","","54.971009","-1.612522","https://media.rightmove.co.uk:443/dir/crop/10:9-16:9/262k/261938/142011857/261938_184210-2_IMG_00_0000_max_476x317.jpeg; https://media.rightmove.co.uk:443/dir/crop/10:9-16:9/262k/261938/142011857/261938_184210-2_IMG_01_0000_max_476x317.jpeg; https://media.rightmove.co.uk:443/dir/crop/10:9-16:9/262k/261938/142011857/261938_184210-2_IMG_02_0000_max_476x317.jpeg; https://media.rightmove.co.uk:443/dir/crop/10:9-16:9/262k/261938/142011857/261938_184210-2_IMG_03_0000_max_476x317.jpeg; https://media.rightmove.co.uk:443/dir/crop/10:9-16:9/262k/261938/142011857/261938_184210-2_IMG_04_0000_max_476x317.jpeg; https://media.rightmove.co.uk:443/dir/crop/10:9-16:9/262k/261938/142011857/261938_184210-2_IMG_05_0000_max_476x317.jpeg; https://media.rightmove.co.uk:443/dir/crop/10:9-16:9/262k/261938/142011857/261938_184210-2_IMG_06_0000_max_476x317.jpeg; https://media.rightmove.co.uk:443/dir/crop/10:9-16:9/262k/261938/142011857/261938_184210-2_IMG_07_0000_max_476x317.jpeg; https://media.rightmove.co.uk:443/dir/crop/10:9-16:9/262k/261938/142011857/261938_184210-2_IMG_08_0000_max_476x317.jpeg; https://media.rightmove.co.uk:443/dir/crop/10:9-16:9/262k/261938/142011857/261938_184210-2_IMG_09_0000_max_476x317.jpeg; https://media.rightmove.co.uk:443/dir/crop/10:9-16:9/262k/261938/142011857/261938_184210-2_IMG_10_0000_max_476x317.jpeg; https://media.rightmove.co.uk:443/dir/crop/10:9-16:9/262k/261938/142011857/261938_184210-2_IMG_11_0000_max_476x317.jpeg; https://media.rightmove.co.uk:443/dir/crop/10:9-16:9/262k/261938/142011857/261938_184210-2_IMG_12_0000_max_476x317.jpeg; https://media.rightmove.co.uk:443/dir/crop/10:9-16:9/262k/261938/142011857/261938_184210-2_IMG_13_0000_max_476x317.jpeg; https://media.rightmove.co.uk:443/dir/crop/10:9-16:9/262k/261938/142011857/261938_184210-2_IMG_14_0000_max_476x317.jpeg"
"698589018581120","Newcastle","Office","Modern Offices To Let in Newcastle, Ouseburn Point, 34-38 Shields Road, Newcastle Upon Tyne, NE6 1DR","£3,042 pcm","","","","Modern Offices To Let","https://www.rightmove.co.uk/properties/698589018581120#/?channel=COM_LET","2025-10-23T11:28:18Z","","new","Marketed by Sanderson Weatherall, Newcastle","","54.976391","-1.58502","https://media.rightmove.co.uk:443/dir/crop/10:9-16:9/262k/261938/698589018581120/261938_181193-2_IMG_00_0000_max_476x317.jpeg; https://media.rightmove.co.uk:443/dir/crop/10:9-16:9/262k/261938/698589018581120/261938_181193-2_IMG_01_0000_max_476x317.jpeg; https://media.rightmove.co.uk:443/dir/crop/10:9-16:9/262k/261938/698589018581120/261938_181193-2_IMG_02_0000_max_476x317.jpeg; https://media.rightmove.co.uk:443/dir/crop/10:9-16:9/262k/261938/698589018581120/261938_181193-2_IMG_03_0000_max_476x317.jpeg; https://media.rightmove.co.uk:443/dir/crop/10:9-16:9/262k/261938/698589018581120/261938_181193-2_IMG_04_0000_max_476x317.jpeg"
"141894851","Newcastle","Light Industrial","Louie House, Lancaster Road, Dunston Industrial Estate, Gateshead, Tyne And Wear, NE11 9JR","£6,250 pcm","","","","The property is a semi detached steel portal frame industrial unit with brick and clad elevations, set within a fenced secure compound. Internally the warehouse area benefits from concrete flooring and LED high bay lighting. A roller shutter door provides access which extends to 4.2m wide by 4.2m...","https://www.rightmove.co.uk/properties/141894851#/?channel=COM_LET","2023-11-10T08:15:00Z","","new","Marketed by Naylors Gavin Black LLP, Newcastle Upon Tyne","","54.953232","-1.656522","https://media.rightmove.co.uk:443/dir/crop/10:9-16:9/101k/100681/141894851/100681_3028LH_IMG_08_0001_max_476x317.jpeg; https://media.rightmove.co.uk:443/dir/crop/10:9-16:9/101k/100681/141894851/100681_3028LH_IMG_02_0001_max_476x317.jpeg; https://media.rightmove.co.uk:443/dir/crop/10:9-16:9/101k/100681/141894851/100681_3028LH_IMG_03_0001_max_476x317.jpeg; https://media.rightmove.co.uk:443/dir/crop/10:9-16:9/101k/100681/141894851/100681_3028LH_IMG_00_0001_max_476x317.jpeg; https://media.rightmove.co.uk:443/dir/crop/10:9-16:9/101k/100681/141894851/100681_3028LH_IMG_01_0001_max_476x317.jpeg; https://media.rightmove.co.uk:443/dir/crop/10:9-16:9/101k/100681/141894851/100681_3028LH_IMG_04_0001_max_476x317.jpeg; https://media.rightmove.co.uk:443/dir/crop/10:9-16:9/101k/100681/141894851/100681_3028LH_IMG_05_0001_max_476x317.jpeg; https://media.rightmove.co.uk:443/dir/crop/10:9-16:9/101k/100681/141894851/100681_3028LH_IMG_06_0001_max_476x317.jpeg; https://media.rightmove.co.uk:443/dir/crop/10:9-16:9/101k/100681/141894851/100681_3028LH_IMG_07_0001_max_476x317.jpeg"
"168160292","Newcastle","Office","Amber Court, William Armstrong Drive, Newcastle Upon Tyne, NE4","£4,300 pcm","From","","","Experience a modern, flexible environment designed to boost productivity and foster growth.","https://www.rightmove.co.uk/properties/168160292#/?channel=COM_LET","2025-10-13T14:47:39Z","","size_change","Marketed by Bizspace Limited, London","","54.96265","-1.64779","https://media.rightmove.co.uk:443/dir/crop/10:9-16:9/235k/234962/168160292/234962_726ONPMH_IMG_13_0000_max_476x317.jpeg; https://media.rightmove.co.uk:443/dir/crop/10:9-16:9/235k/234962/168160292/234962_726ONPMH_IMG_15_0000_max_476x317.jpeg; https://media.rightmove.co.uk:443/dir/crop/10:9-16:9/235k/234962/168160292/234962_726ONPMH_IMG_00_0000_max_476x317.jpeg; https://media.rightmove.co.uk:443/dir/crop/10:9-16:9/235k/234962/168160292/234962_726ONPMH_IMG_01_0000_max_476x317.jpeg; https://media.rightmove.co.uk:443/dir/crop/10:9-16:9/235k/234962/168160292/234962_726ONPMH_IMG_02_0000_max_476x317.jpeg; https://media.rightmove.co.uk:443/dir/crop/10:9-16:9/235k/234962/168160292/234962_726ONPMH_IMG_03_0000_max_476x317.jpeg; https://media.rightmove.co.uk:443/dir/crop/10:9-16:9/235k/234962/168160292/234962_726ONPMH_IMG_04_0000_max_476x317.jpeg; https://media.rightmove.co.uk:443/dir/crop/10:9-16:9/235k/234962/168160292/234962_726ONPMH_IMG_05_0000_max_476x317.jpeg; https://media.rightmove.co.uk:443/dir/crop/10:9-16:9/235k/234962/168160292/234962_726ONPMH_IMG_06_0000_max_476x317.jpeg; https://media.rightmove.co.uk:443/dir/crop/10:9-16:9/235k/234962/168160292/234962_726ONPMH_IMG_07_0000_max_476x317.jpeg; https://media.rightmove.co.uk:443/dir/crop/10:9-16:9/235k/234962/168160292/234962_726ONPMH_IMG_08_0000_max_476x317.jpeg; https://media.rightmove.co.uk:443/dir/crop/10:9-16:9/235k/234962/168160292/234962_726ONPMH_IMG_09_0000_max_476x317.jpeg; https://media.rightmove.co.uk:443/dir/crop/10:9-16:9/235k/234962/168160292/234962_726ONPMH_IMG_10_0000_max_476x317.jpeg; https://media.rightmove.co.uk:443/dir/crop/10:9-16:9/235k/234962/168160292/234962_726ONPMH_IMG_11_0000_max_476x317.jpeg; https://media.rightmove.co.uk:443/dir/crop/10:9-16:9/235k/234962/168160292/234962_726ONPMH_IMG_12_0000_max_476x317.jpeg; https://media.rightmove.co.uk:443/dir/crop/10:9-16:9/235k/234962/168160292/234962_726ONPMH_IMG_14_0000_max_476x317.jpeg; https://media.rightmove.co.uk:443/dir/crop/10:9-16:9/235k/234962/168160292/234962_726ONPMH_IMG_16_0000_max_476x317.jpeg; https://media.rightmove.co.uk:443/dir/crop/10:9-16:9/235k/234962/168160292/234962_726ONPMH_IMG_17_0000_max_476x317.jpeg; https://media.rightmove.co.uk:443/dir/crop/10:9-16:9/235k/234962/168160292/234962_726ONPMH_IMG_18_0000_max_476x317.jpeg; https://media.rightmove.co.uk:443/dir/crop/10:9-16:9/235k/234962/168160292/234962_726ONPMH_IMG_19_0000_max_476x317.jpeg"
"132119054","Newcastle","Serviced Office","Amber Court, William Armstrong Drive, Newcastle Upon Tyne, NE4","£396 pcm","From","","","**Flexible short-term contracts** Amber Court is just one mile from the city centre. Nearby you'll find restaurants, shops, gyms, and everything else you'll need to keep clients and guests entertained.","https://www.rightmove.co.uk/properties/132119054#/?channel=COM_LET","2023-03-01T13:12:47Z","","size_change","Marketed by Bizspace Limited, London","","54.96265","-1.64779","https://media.rightmove.co.uk:443/dir/crop/10:9-16:9/235k/234962/132119054/234962_726O_IMG_28_0000_max_476x317.jpeg; https://media.rightmove.co.uk:443/dir/crop/10:9-16:9/235k/234962/132119054/234962_726O_IMG_41_0000_max_476x317.jpeg; https://media.rightmove.co.uk:443/dir/crop/10:9-16:9/235k/234962/132119054/234962_726O_IMG_40_0000_max_476x317.jpeg; https://media.rightmove.co.uk:443/dir/crop/10:9-16:9/235k/234962/132119054/234962_726O_IMG_37_0000_max_476x317.jpeg; https://media.rightmove.co.uk:443/dir/crop/10:9-16:9/235k/234962/132119054/234962_726O_IMG_35_0000_max_476x317.jpeg; https://media.rightmove.co.uk:443/dir/crop/10:9-16:9/235k/234962/132119054/234962_726O_IMG_38_0000_max_476x317.jpeg; https://media.rightmove.co.uk:443/dir/crop/10:9-16:9/235k/234962/132119054/234962_726O_IMG_36_0000_max_476x317.jpeg; https://media.rightmove.co.uk:443/dir/crop/10:9-16:9/235k/234962/132119054/234962_726O_IMG_39_0000_max_476x317.jpeg; https://media.rightmove.co.uk:443/dir/crop/10:9-16:9/235k/234962/132119054/234962_726O_IMG_29_0000_max_476x317.jpeg; https://media.rightmove.co.uk:443/dir/crop/10:9-16:9/235k/234962/132119054/234962_726O_IMG_30_0000_max_476x317.jpeg; https://media.rightmove.co.uk:443/dir/crop/10:9-16:9/235k/234962/132119054/234962_726O_IMG_31_0000_max_476x317.jpeg; https://media.rightmove.co.uk:443/dir/crop/10:9-16:9/235k/234962/132119054/234962_726O_IMG_43_0000_max_476x317.jpeg; https://media.rightmove.co.uk:443/dir/crop/10:9-16:9/235k/234962/132119054/234962_726O_IMG_01_0001_max_476x317.jpeg; https://media.rightmove.co.uk:443/dir/crop/10:9-16:9/235k/234962/132119054/234962_726O_IMG_03_0001_max_476x317.jpeg; https://media.rightmove.co.uk:443/dir/crop/10:9-16:9/235k/234962/132119054/234962_726O_IMG_17_0000_max_476x317.jpeg; https://media.rightmove.co.uk:443/dir/crop/10:9-16:9/235k/234962/132119054/234962_726O_IMG_13_0000_max_476x317.jpeg; https://media.rightmove.co.uk:443/dir/crop/10:9-16:9/235k/234962/132119054/234962_726O_IMG_15_0000_max_476x317.jpeg; https://media.rightmove.co.uk:443/dir/crop/10:9-16:9/235k/234962/132119054/234962_726O_IMG_21_0000_max_476x317.jpeg; https://media.rightmove.co.uk:443/dir/crop/10:9-16:9/235k/234962/132119054/234962_726O_IMG_32_0000_max_476x317.jpeg"
"142766009","Newcastle","Office","Amber Court, William Armstrong Drive, Newcastle Upon Tyne, NE4","£1,914 pcm","From","","","Experience a modern, flexible environment designed to boost productivity and foster growth.","https://www.rightmove.co.uk/properties/142766009#/?channel=COM_LET","2023-12-07T12:50:27Z","","size_change","Marketed by Bizspace Limited, London","","54.96265","-1.64779","https://media.rightmove.co.uk:443/dir/crop/10:9-16:9/property-photo/04fb8488c/142766009/04fb8488c9296ee24ce44a4ce012e345_max_476x317.jpeg; https://media.rightmove.co.uk:443/dir/crop/10:9-16:9/property-photo/146244cb8/142766009/146244cb80cd7805e0f3430ba83a0c4b_max_476x317.jpeg; https://media.rightmove.co.uk:443/dir/crop/10:9-16:9/property-photo/294d1e944/142766009/294d1e944de8e7628921e4d7e8b2316e_max_476x317.jpeg; https://media.rightmove.co.uk:443/dir/crop/10:9-16:9/property-photo/f70a19f1b/142766009/f70a19f1b800d0ad3a37e9c34ccc331c_max_476x317.jpeg; https://media.rightmove.co.uk:443/dir/crop/10:9-16:9/property-photo/d0014e631/142766009/d0014e631c06f0257ddf59163c022207_max_476x317.jpeg; https://media.rightmove.co.uk:443/dir/crop/10:9-16:9/property-photo/a535a96c0/142766009/a535a96c0a46fbc8d903af2db343f21d_max_476x317.jpeg; https://media.rightmove.co.uk:443/dir/crop/10:9-16:9/property-photo/972efbaa0/142766009/972efbaa05c143e7b32ef10e9a68b661_max_476x317.jpeg; https://media.rightmove.co.uk:443/dir/crop/10:9-16:9/property-photo/22a7b8d3b/142766009/22a7b8d3bd4c90e4235035dbcacfeac9_max_476x317.jpeg; https://media.rightmove.co.uk:443/dir/crop/10:9-16:9/property-photo/135d7d82e/142766009/135d7d82e73818514b9762e845b370cd_max_476x317.jpeg; https://media.rightmove.co.uk:443/dir/crop/10:9-16:9/property-photo/8fc3b34ee/142766009/8fc3b34ee7a9b9fc60623adbd996588f_max_476x317.jpeg; https://media.rightmove.co.uk:443/dir/crop/10:9-16:9/property-photo/c6b7c6824/142766009/c6b7c68240cffe0394a7d673cd4d50eb_max_476x317.jpeg; https://media.rightmove.co.uk:443/dir/crop/10:9-16:9/property-photo/0d7b8a35f/142766009/0d7b8a35f97b386aaa80dfb5792170e0_max_476x317.jpeg; https://media.rightmove.co.uk:443/dir/crop/10:9-16:9/property-photo/20a95a6b3/142766009/20a95a6b3eae317c63bf1fd089f5a349_max_476x317.jpeg; https://media.rightmove.co.uk:443/dir/crop/10:9-16:9/property-photo/770ab3631/142766009/770ab3631d0ec1a6cf1116fc25eec4d5_max_476x317.jpeg; https://media.rightmove.co.uk:443/dir/crop/10:9-16:9/property-photo/affb3da00/142766009/affb3da00bcaf81deaf0cdea59638755_max_476x317.jpeg; https://media.rightmove.co.uk:443/dir/crop/10:9-16:9/property-photo/55137db20/142766009/55137db2042d9d4b556a790efadba35a_max_476x317.jpeg; https://media.rightmove.co.uk:443/dir/crop/10:9-16:9/property-photo/1fcd11c60/142766009/1fcd11c6022212ec63dc4b5f8dd42dab_max_476x317.jpeg; https://media.rightmove.co.uk:443/dir/crop/10:9-16:9/property-photo/028e0a31e/142766009/028e0a31e0e64252b20d95af333d291e_max_476x317.jpeg; https://media.rightmove.co.uk:443/dir/crop/10:9-16:9/property-photo/d25dd0dd7/142766009/d25dd0dd7661c91991a5aa542970d719_max_476x317.jpeg; https://media.rightmove.co.uk:443/dir/crop/10:9-16:9/property-photo/ae01d0c74/142766009/ae01d0c74f2d2b16ebb5434277e78ea3_max_476x317.jpeg"
"141068888","Newcastle","Retail Property (high street)","Retail Unit - Four Lane Ends Interchange, Newcastle upon Tyne, NE7 7EE","£479 pcm","","","","Retail Accommodation to let within Four Lane Ends Metro station 55 sq m (590 sq ft)","https://www.rightmove.co.uk/properties/141068888#/?channel=COM_LET","2023-10-19T16:45:10Z","","new","Marketed by BNP Paribas Real Estate Advisory & Property Management UK Limited, Newcastle","","55.01013","-1.57862","https://media.rightmove.co.uk:443/dir/crop/10:9-16:9/242k/241244/141068888/241244_79222-2_IMG_00_0000_max_476x317.jpeg; https://media.rightmove.co.uk:443/dir/crop/10:9-16:9/242k/241244/141068888/241244_79222-2_IMG_01_0000_max_476x317.jpeg; https://media.rightmove.co.uk:443/dir/crop/10:9-16:9/242k/241244/141068888/241244_79222-2_IMG_02_0000_max_476x317.jpeg; https://media.rightmove.co.uk:443/dir/crop/10:9-16:9/242k/241244/141068888/241244_79222-2_IMG_03_0000_max_476x317.jpeg; https://media.rightmove.co.uk:443/dir/crop/10:9-16:9/242k/241244/141068888/241244_79222-2_IMG_04_0000_max_476x317.jpeg; https://media.rightmove.co.uk:443/dir/crop/10:9-16:9/242k/241244/141068888/241244_79222-2_IMG_05_0000_max_476x317.jpeg"
"86450805","Newcastle","Serviced Office","Collingwood Buildings, 38 Collingwood Street, Newcastle, NE1 1JF","£790 pcm","","","","Only 5 mins walk from Newcastle Station with 24 hours & 7 days access","https://www.rightmove.co.uk/properties/86450805#/?channel=COM_LET","2023-10-09T14:11:33Z","","size_change","Marketed by Collingwood Buildings, Newcastle Upon Tyne","","54.96998","-1.61336","https://media.rightmove.co.uk:443/dir/crop/10:9-16:9/83k/82272/86450805/82272_Office421_IMG_00_0000_max_476x317.jpeg; https://media.rightmove.co.uk:443/dir/crop/10:9-16:9/83k/82272/86450805/82272_Office421_IMG_01_0000_max_476x317.jpeg; https://media.rightmove.co.uk:443/dir/crop/10:9-16:9/83k/82272/86450805/82272_Office421_IMG_02_0000_max_476x317.jpeg; https://media.rightmove.co.uk:443/dir/crop/10:9-16:9/83k/82272/86450805/82272_Office421_IMG_03_0000_max_476x317.jpeg; https://media.rightmove.co.uk:443/dir/crop/10:9-16:9/83k/82272/86450805/82272_Office421_IMG_04_0000_max_476x317.jpeg; https://media.rightmove.co.uk:443/dir/crop/10:9-16:9/83k/82272/86450805/82272_Office421_IMG_05_0000_max_476x317.jpeg; https://media.rightmove.co.uk:443/dir/crop/10:9-16:9/83k/82272/86450805/82272_Office421_IMG_06_0000_max_476x317.jpeg; https://media.rightmove.co.uk:443/dir/crop/10:9-16:9/83k/82272/86450805/82272_Office421_IMG_07_0000_max_476x317.jpeg; https://media.rightmove.co.uk:443/dir/crop/10:9-16:9/83k/82272/86450805/82272_Office421_IMG_08_0000_max_476x317.jpeg"
"86450658","Newcastle","Serviced Office","Collingwood Buildings, 38 Collingwood Street, Newcastle, NE1 1JF","£840 pcm","","","","Only 5 mins walk from Newcastle Station with 24 hours & 7 days access","https://www.rightmove.co.uk/properties/86450658#/?channel=COM_LET","2023-10-09T14:09:12Z","","size_change","Marketed by Collingwood Buildings, Newcastle Upon Tyne","","54.96998","-1.61336","https://media.rightmove.co.uk:443/dir/crop/10:9-16:9/83k/82272/86450658/82272_Office304_IMG_00_0000_max_476x317.jpeg; https://media.rightmove.co.uk:443/dir/crop/10:9-16:9/83k/82272/86450658/82272_Office304_IMG_01_0000_max_476x317.jpeg; https://media.rightmove.co.uk:443/dir/crop/10:9-16:9/83k/82272/86450658/82272_Office304_IMG_02_0000_max_476x317.jpeg; https://media.rightmove.co.uk:443/dir/crop/10:9-16:9/83k/82272/86450658/82272_Office304_IMG_03_0000_max_476x317.jpeg; https://media.rightmove.co.uk:443/dir/crop/10:9-16:9/83k/82272/86450658/82272_Office304_IMG_04_0000_max_476x317.jpeg; https://media.rightmove.co.uk:443/dir/crop/10:9-16:9/83k/82272/86450658/82272_Office304_IMG_05_0000_max_476x317.jpeg; https://media.rightmove.co.uk:443/dir/crop/10:9-16:9/83k/82272/86450658/82272_Office304_IMG_06_0000_max_476x317.jpeg; https://media.rightmove.co.uk:443/dir/crop/10:9-16:9/83k/82272/86450658/82272_Office304_IMG_07_0000_max_476x317.jpeg; https://media.rightmove.co.uk:443/dir/crop/10:9-16:9/83k/82272/86450658/82272_Office304_IMG_08_0000_max_476x317.jpeg"
"86450619","Newcastle","Serviced Office","Collingwood Buildings, 38 Collingwood Street, Newcastle, NE1 1JF","£875 pcm","","","","Only 5 mins walk from Newcastle Station with 24 hours & 7 days access","https://www.rightmove.co.uk/properties/86450619#/?channel=COM_LET","2023-10-09T14:08:27Z","","size_change","Marketed by Collingwood Buildings, Newcastle Upon Tyne","","54.96998","-1.61336","https://media.rightmove.co.uk:443/dir/crop/10:9-16:9/83k/82272/86450619/82272_Office414_IMG_00_0000_max_476x317.jpeg; https://media.rightmove.co.uk:443/dir/crop/10:9-16:9/83k/82272/86450619/82272_Office414_IMG_01_0000_max_476x317.jpeg; https://media.rightmove.co.uk:443/dir/crop/10:9-16:9/83k/82272/86450619/82272_Office414_IMG_02_0000_max_476x317.jpeg; https://media.rightmove.co.uk:443/dir/crop/10:9-16:9/83k/82272/86450619/82272_Office414_IMG_03_0000_max_476x317.jpeg; https://media.rightmove.co.uk:443/dir/crop/10:9-16:9/83k/82272/86450619/82272_Office414_IMG_04_0000_max_476x317.jpeg; https://media.rightmove.co.uk:443/dir/crop/10:9-16:9/83k/82272/86450619/82272_Office414_IMG_05_0000_max_476x317.jpeg; https://media.rightmove.co.uk:443/dir/crop/10:9-16:9/83k/82272/86450619/82272_Office414_IMG_06_0000_max_476x317.jpeg; https://media.rightmove.co.uk:443/dir/crop/10:9-16:9/83k/82272/86450619/82272_Office414_IMG_07_0000_max_476x317.jpeg; https://media.rightmove.co.uk:443/dir/crop/10:9-16:9/83k/82272/86450619/82272_Office414_IMG_08_0000_max_476x317.jpeg"
"86450571","Newcastle","Serviced Office","Collingwood Buildings, 38 Collingwood Street, Newcastle, NE1 1JF","£910 pcm","","","","Only 5 mins walk from Newcastle Station with 24 hours & 7 days access","https://www.rightmove.co.uk/properties/86450571#/?channel=COM_LET","2023-10-09T14:07:43Z","","size_change","Marketed by Collingwood Buildings, Newcastle Upon Tyne","","54.96998","-1.61336","https://media.rightmove.co.uk:443/dir/crop/10:9-16:9/83k/82272/86450571/82272_Office223_IMG_00_0000_max_476x317.jpeg; https://media.rightmove.co.uk:443/dir/crop/10:9-16:9/83k/82272/86450571/82272_Office223_IMG_01_0000_max_476x317.jpeg; https://media.rightmove.co.uk:443/dir/crop/10:9-16:9/83k/82272/86450571/82272_Office223_IMG_02_0000_max_476x317.jpeg; https://media.rightmove.co.uk:443/dir/crop/10:9-16:9/83k/82272/86450571/82272_Office223_IMG_03_0000_max_476x317.jpeg; https://media.rightmove.co.uk:443/dir/crop/10:9-16:9/83k/82272/86450571/82272_Office223_IMG_04_0000_max_476x317.jpeg; https://media.rightmove.co.uk:443/dir/crop/10:9-16:9/83k/82272/86450571/82272_Office223_IMG_05_0000_max_476x317.jpeg; https://media.rightmove.co.uk:443/dir/crop/10:9-16:9/83k/82272/86450571/82272_Office223_IMG_06_0000_max_476x317.jpeg; https://media.rightmove.co.uk:443/dir/crop/10:9-16:9/83k/82272/86450571/82272_Office223_IMG_07_0000_max_476x317.jpeg; https://media.rightmove.co.uk:443/dir/crop/10:9-16:9/83k/82272/86450571/82272_Office223_IMG_08_0000_max_476x317.jpeg"
"86450547","Newcastle","Serviced Office","Collingwood Buildings, 38 Collingwood Street, Newcastle, NE1 1JF","£930 pcm","","","","Only 5 mins walk from Newcastle Station with 24 hours & 7 days access","https://www.rightmove.co.uk/properties/86450547#/?channel=COM_LET","2023-10-09T14:07:09Z","","price_reduced","Marketed by Collingwood Buildings, Newcastle Upon Tyne","","54.96998","-1.61336","https://media.rightmove.co.uk:443/dir/crop/10:9-16:9/83k/82272/86450547/82272_Office305_IMG_00_0000_max_476x317.jpeg; https://media.rightmove.co.uk:443/dir/crop/10:9-16:9/83k/82272/86450547/82272_Office305_IMG_01_0000_max_476x317.jpeg; https://media.rightmove.co.uk:443/dir/crop/10:9-16:9/83k/82272/86450547/82272_Office305_IMG_02_0000_max_476x317.jpeg; https://media.rightmove.co.uk:443/dir/crop/10:9-16:9/83k/82272/86450547/82272_Office305_IMG_03_0000_max_476x317.jpeg; https://media.rightmove.co.uk:443/dir/crop/10:9-16:9/83k/82272/86450547/82272_Office305_IMG_04_0000_max_476x317.jpeg; https://media.rightmove.co.uk:443/dir/crop/10:9-16:9/83k/82272/86450547/82272_Office305_IMG_05_0000_max_476x317.jpeg; https://media.rightmove.co.uk:443/dir/crop/10:9-16:9/83k/82272/86450547/82272_Office305_IMG_06_0000_max_476x317.jpeg; https://media.rightmove.co.uk:443/dir/crop/10:9-16:9/83k/82272/86450547/82272_Office305_IMG_07_0000_max_476x317.jpeg; https://media.rightmove.co.uk:443/dir/crop/10:9-16:9/83k/82272/86450547/82272_Office305_IMG_08_0000_max_476x317.jpeg"
"86450472","Newcastle","Serviced Office","Collingwood Buildings, 38 Collingwood Street, Newcastle, NE1 1JF","£950 pcm","","","","Only 5 mins walk from Newcastle Station with 24 hours & 7 days access","https://www.rightmove.co.uk/properties/86450472#/?channel=COM_LET","2023-10-09T14:05:57Z","","size_change","Marketed by Collingwood Buildings, Newcastle Upon Tyne","","54.96998","-1.61336","https://media.rightmove.co.uk:443/dir/crop/10:9-16:9/83k/82272/86450472/82272_Office413_IMG_00_0000_max_476x317.jpeg; https://media.rightmove.co.uk:443/dir/crop/10:9-16:9/83k/82272/86450472/82272_Office413_IMG_01_0000_max_476x317.jpeg; https://media.rightmove.co.uk:443/dir/crop/10:9-16:9/83k/82272/86450472/82272_Office413_IMG_02_0000_max_476x317.jpeg; https://media.rightmove.co.uk:443/dir/crop/10:9-16:9/83k/82272/86450472/82272_Office413_IMG_03_0000_max_476x317.jpeg; https://media.rightmove.co.uk:443/dir/crop/10:9-16:9/83k/82272/86450472/82272_Office413_IMG_04_0000_max_476x317.jpeg; https://media.rightmove.co.uk:443/dir/crop/10:9-16:9/83k/82272/86450472/82272_Office413_IMG_05_0000_max_476x317.jpeg; https://media.rightmove.co.uk:443/dir/crop/10:9-16:9/83k/82272/86450472/82272_Office413_IMG_06_0000_max_476x317.jpeg; https://media.rightmove.co.uk:443/dir/crop/10:9-16:9/83k/82272/86450472/82272_Office413_IMG_07_0000_max_476x317.jpeg; https://media.rightmove.co.uk:443/dir/crop/10:9-16:9/83k/82272/86450472/82272_Office413_IMG_08_0000_max_476x317.jpeg"
"86450385","Newcastle","Serviced Office","Collingwood Buildings, 38 Collingwood Street, Newcastle, NE1 1JF","£966 pcm","","","","Only 5 mins walk from Newcastle Station with 24 hours & 7 days access","https://www.rightmove.co.uk/properties/86450385#/?channel=COM_LET","2023-10-09T14:05:13Z","","price_reduced","Marketed by Collingwood Buildings, Newcastle Upon Tyne","","54.96998","-1.61336","https://media.rightmove.co.uk:443/dir/crop/10:9-16:9/83k/82272/86450385/82272_Office229_IMG_00_0000_max_476x317.jpeg; https://media.rightmove.co.uk:443/dir/crop/10:9-16:9/83k/82272/86450385/82272_Office229_IMG_01_0000_max_476x317.jpeg; https://media.rightmove.co.uk:443/dir/crop/10:9-16:9/83k/82272/86450385/82272_Office229_IMG_02_0000_max_476x317.jpeg; https://media.rightmove.co.uk:443/dir/crop/10:9-16:9/83k/82272/86450385/82272_Office229_IMG_03_0000_max_476x317.jpeg; https://media.rightmove.co.uk:443/dir/crop/10:9-16:9/83k/82272/86450385/82272_Office229_IMG_04_0000_max_476x317.jpeg; https://media.rightmove.co.uk:443/dir/crop/10:9-16:9/83k/82272/86450385/82272_Office229_IMG_05_0000_max_476x317.jpeg; https://media.rightmove.co.uk:443/dir/crop/10:9-16:9/83k/82272/86450385/82272_Office229_IMG_06_0000_max_476x317.jpeg; https://media.rightmove.co.uk:443/dir/crop/10:9-16:9/83k/82272/86450385/82272_Office229_IMG_07_0000_max_476x317.jpeg; https://media.rightmove.co.uk:443/dir/crop/10:9-16:9/83k/82272/86450385/82272_Office229_IMG_08_0000_max_476x317.jpeg"
"86450328","Newcastle","Serviced Office","Collingwood Buildings, 38 Collingwood Street, Newcastle, NE1 1JF","£975 pcm","","","","Only 5 mins walk from Newcastle Station with 24 hours & 7 days access","https://www.rightmove.co.uk/properties/86450328#/?channel=COM_LET","2023-10-09T14:04:30Z","","size_change","Marketed by Collingwood Buildings, Newcastle Upon Tyne","","54.96998","-1.61336","https://media.rightmove.co.uk:443/dir/crop/10:9-16:9/83k/82272/86450328/82272_Office324_IMG_00_0000_max_476x317.jpeg; https://media.rightmove.co.uk:443/dir/crop/10:9-16:9/83k/82272/86450328/82272_Office324_IMG_01_0000_max_476x317.jpeg; https://media.rightmove.co.uk:443/dir/crop/10:9-16:9/83k/82272/86450328/82272_Office324_IMG_02_0000_max_476x317.jpeg; https://media.rightmove.co.uk:443/dir/crop/10:9-16:9/83k/82272/86450328/82272_Office324_IMG_03_0000_max_476x317.jpeg; https://media.rightmove.co.uk:443/dir/crop/10:9-16:9/83k/82272/86450328/82272_Office324_IMG_04_0000_max_476x317.jpeg; https://media.rightmove.co.uk:443/dir/crop/10:9-16:9/83k/82272/86450328/82272_Office324_IMG_05_0000_max_476x317.jpeg; https://media.rightmove.co.uk:443/dir/crop/10:9-16:9/83k/82272/86450328/82272_Office324_IMG_06_0000_max_476x317.jpeg; https://media.rightmove.co.uk:443/dir/crop/10:9-16:9/83k/82272/86450328/82272_Office324_IMG_07_0000_max_476x317.jpeg; https://media.rightmove.co.uk:443/dir/crop/10:9-16:9/83k/82272/86450328/82272_Office324_IMG_08_0000_max_476x317.jpeg"
"86450277","Newcastle","Serviced Office","Collingwood Buildings, 38 Collingwood Street, Newcastle, NE1 1JF","£1,020 pcm","","","","Only 5 mins walk from Newcastle Station with 24 hours & 7 days access","https://www.rightmove.co.uk/properties/86450277#/?channel=COM_LET","2023-10-09T14:03:28Z","","size_change","Marketed by Collingwood Buildings, Newcastle Upon Tyne","","54.96998","-1.61336","https://media.rightmove.co.uk:443/dir/crop/10:9-16:9/83k/82272/86450277/82272_Office422_IMG_00_0000_max_476x317.jpeg; https://media.rightmove.co.uk:443/dir/crop/10:9-16:9/83k/82272/86450277/82272_Office422_IMG_01_0000_max_476x317.jpeg; https://media.rightmove.co.uk:443/dir/crop/10:9-16:9/83k/82272/86450277/82272_Office422_IMG_02_0000_max_476x317.jpeg; https://media.rightmove.co.uk:443/dir/crop/10:9-16:9/83k/82272/86450277/82272_Office422_IMG_03_0000_max_476x317.jpeg; https://media.rightmove.co.uk:443/dir/crop/10:9-16:9/83k/82272/86450277/82272_Office422_IMG_04_0000_max_476x317.jpeg; https://media.rightmove.co.uk:443/dir/crop/10:9-16:9/83k/82272/86450277/82272_Office422_IMG_05_0000_max_476x317.jpeg; https://media.rightmove.co.uk:443/dir/crop/10:9-16:9/83k/82272/86450277/82272_Office422_IMG_06_0000_max_476x317.jpeg; https://media.rightmove.co.uk:443/dir/crop/10:9-16:9/83k/82272/86450277/82272_Office422_IMG_07_0000_max_476x317.jpeg; https://media.rightmove.co.uk:443/dir/crop/10:9-16:9/83k/82272/86450277/82272_Office422_IMG_08_0000_max_476x317.jpeg"
"86450175","Newcastle","Serviced Office","Collingwood Buildings, 38 Collingwood Street, Newcastle, NE1 1JF","£1,085 pcm","","","","Only 5 mins walk from Newcastle Station with 24 hours & 7 days access","https://www.rightmove.co.uk/properties/86450175#/?channel=COM_LET","2023-10-09T14:02:16Z","","size_change","Marketed by Collingwood Buildings, Newcastle Upon Tyne","","54.96998","-1.61336","https://media.rightmove.co.uk:443/dir/crop/10:9-16:9/83k/82272/86450175/82272_Office316_IMG_00_0000_max_476x317.jpeg; https://media.rightmove.co.uk:443/dir/crop/10:9-16:9/83k/82272/86450175/82272_Office316_IMG_01_0000_max_476x317.jpeg; https://media.rightmove.co.uk:443/dir/crop/10:9-16:9/83k/82272/86450175/82272_Office316_IMG_02_0000_max_476x317.jpeg; https://media.rightmove.co.uk:443/dir/crop/10:9-16:9/83k/82272/86450175/82272_Office316_IMG_03_0000_max_476x317.jpeg; https://media.rightmove.co.uk:443/dir/crop/10:9-16:9/83k/82272/86450175/82272_Office316_IMG_04_0000_max_476x317.jpeg; https://media.rightmove.co.uk:443/dir/crop/10:9-16:9/83k/82272/86450175/82272_Office316_IMG_05_0000_max_476x317.jpeg; https://media.rightmove.co.uk:443/dir/crop/10:9-16:9/83k/82272/86450175/82272_Office316_IMG_06_0000_max_476x317.jpeg; https://media.rightmove.co.uk:443/dir/crop/10:9-16:9/83k/82272/86450175/82272_Office316_IMG_07_0000_max_476x317.jpeg; https://media.rightmove.co.uk:443/dir/crop/10:9-16:9/83k/82272/86450175/82272_Office316_IMG_08_0000_max_476x317.jpeg"
"86450103","Newcastle","Serviced Office","Collingwood Buildings, 38 Collingwood Street, Newcastle, NE1 1JF","£1,095 pcm","","","","Only 5 mins walk from Newcastle Station with 24 hours & 7 days access","https://www.rightmove.co.uk/properties/86450103#/?channel=COM_LET","2023-10-09T14:01:09Z","","size_change","Marketed by Collingwood Buildings, Newcastle Upon Tyne","","54.96998","-1.61336","https://media.rightmove.co.uk:443/dir/crop/10:9-16:9/83k/82272/86450103/82272_Office210_IMG_00_0000_max_476x317.jpeg; https://media.rightmove.co.uk:443/dir/crop/10:9-16:9/83k/82272/86450103/82272_Office210_IMG_01_0000_max_476x317.jpeg; https://media.rightmove.co.uk:443/dir/crop/10:9-16:9/83k/82272/86450103/82272_Office210_IMG_02_0000_max_476x317.jpeg; https://media.rightmove.co.uk:443/dir/crop/10:9-16:9/83k/82272/86450103/82272_Office210_IMG_03_0000_max_476x317.jpeg; https://media.rightmove.co.uk:443/dir/crop/10:9-16:9/83k/82272/86450103/82272_Office210_IMG_04_0000_max_476x317.jpeg; https://media.rightmove.co.uk:443/dir/crop/10:9-16:9/83k/82272/86450103/82272_Office210_IMG_05_0000_max_476x317.jpeg; https://media.rightmove.co.uk:443/dir/crop/10:9-16:9/83k/82272/86450103/82272_Office210_IMG_06_0000_max_476x317.jpeg; https://media.rightmove.co.uk:443/dir/crop/10:9-16:9/83k/82272/86450103/82272_Office210_IMG_07_0000_max_476x317.jpeg; https://media.rightmove.co.uk:443/dir/crop/10:9-16:9/83k/82272/86450103/82272_Office210_IMG_08_0000_max_476x317.jpeg"
"86449734","Newcastle","Serviced Office","Collingwood Buildings, 38 Collingwood Street, Newcastle, NE1 1JF","£1,100 pcm","","","","Only 5 mins walk from Newcastle Station with 24 hours & 7 days access","https://www.rightmove.co.uk/properties/86449734#/?channel=COM_LET","2023-10-09T13:58:13Z","","size_change","Marketed by Collingwood Buildings, Newcastle Upon Tyne","","54.96998","-1.61336","https://media.rightmove.co.uk:443/dir/crop/10:9-16:9/83k/82272/86449734/82272_Office505_IMG_00_0000_max_476x317.jpeg; https://media.rightmove.co.uk:443/dir/crop/10:9-16:9/83k/82272/86449734/82272_Office505_IMG_01_0000_max_476x317.jpeg; https://media.rightmove.co.uk:443/dir/crop/10:9-16:9/83k/82272/86449734/82272_Office505_IMG_02_0000_max_476x317.jpeg; https://media.rightmove.co.uk:443/dir/crop/10:9-16:9/83k/82272/86449734/82272_Office505_IMG_03_0000_max_476x317.jpeg; https://media.rightmove.co.uk:443/dir/crop/10:9-16:9/83k/82272/86449734/82272_Office505_IMG_04_0000_max_476x317.jpeg; https://media.rightmove.co.uk:443/dir/crop/10:9-16:9/83k/82272/86449734/82272_Office505_IMG_05_0000_max_476x317.jpeg; https://media.rightmove.co.uk:443/dir/crop/10:9-16:9/83k/82272/86449734/82272_Office505_IMG_06_0000_max_476x317.jpeg; https://media.rightmove.co.uk:443/dir/crop/10:9-16:9/83k/82272/86449734/82272_Office505_IMG_07_0000_max_476x317.jpeg; https://media.rightmove.co.uk:443/dir/crop/10:9-16:9/83k/82272/86449734/82272_Office505_IMG_08_0000_max_476x317.jpeg"
"86449611","Newcastle","Serviced Office","Collingwood Buildings, 38 Collingwood Street, Newcastle, NE1 1JF","£1,268 pcm","","","","Only 5 mins walk from Newcastle Station with 24 hours & 7 days access","https://www.rightmove.co.uk/properties/86449611#/?channel=COM_LET","2023-10-09T13:57:30Z","","size_change","Marketed by Collingwood Buildings, Newcastle Upon Tyne","","54.96998","-1.61336","https://media.rightmove.co.uk:443/dir/crop/10:9-16:9/83k/82272/86449611/82272_Office419_IMG_00_0000_max_476x317.jpeg; https://media.rightmove.co.uk:443/dir/crop/10:9-16:9/83k/82272/86449611/82272_Office419_IMG_01_0000_max_476x317.jpeg; https://media.rightmove.co.uk:443/dir/crop/10:9-16:9/83k/82272/86449611/82272_Office419_IMG_02_0000_max_476x317.jpeg; https://media.rightmove.co.uk:443/dir/crop/10:9-16:9/83k/82272/86449611/82272_Office419_IMG_03_0000_max_476x317.jpeg; https://media.rightmove.co.uk:443/dir/crop/10:9-16:9/83k/82272/86449611/82272_Office419_IMG_04_0000_max_476x317.jpeg; https://media.rightmove.co.uk:443/dir/crop/10:9-16:9/83k/82272/86449611/82272_Office419_IMG_05_0000_max_476x317.jpeg; https://media.rightmove.co.uk:443/dir/crop/10:9-16:9/83k/82272/86449611/82272_Office419_IMG_06_0000_max_476x317.jpeg; https://media.rightmove.co.uk:443/dir/crop/10:9-16:9/83k/82272/86449611/82272_Office419_IMG_07_0000_max_476x317.jpeg; https://media.rightmove.co.uk:443/dir/crop/10:9-16:9/83k/82272/86449611/82272_Office419_IMG_08_0000_max_476x317.jpeg"
"86449476","Newcastle","Serviced Office","Collingwood Buildings, 38 Collingwood Street, Newcastle, NE1 1JF","£1,310 pcm","","","","Only 5 mins walk from Newcastle Station with 24 hours & 7 days access","https://www.rightmove.co.uk/properties/86449476#/?channel=COM_LET","2023-10-09T13:56:08Z","","size_change","Marketed by Collingwood Buildings, Newcastle Upon Tyne","","54.96998","-1.61336","https://media.rightmove.co.uk:443/dir/crop/10:9-16:9/83k/82272/86449476/82272_Office508_IMG_00_0000_max_476x317.jpeg; https://media.rightmove.co.uk:443/dir/crop/10:9-16:9/83k/82272/86449476/82272_Office508_IMG_01_0000_max_476x317.jpeg; https://media.rightmove.co.uk:443/dir/crop/10:9-16:9/83k/82272/86449476/82272_Office508_IMG_02_0000_max_476x317.jpeg; https://media.rightmove.co.uk:443/dir/crop/10:9-16:9/83k/82272/86449476/82272_Office508_IMG_03_0000_max_476x317.jpeg; https://media.rightmove.co.uk:443/dir/crop/10:9-16:9/83k/82272/86449476/82272_Office508_IMG_04_0000_max_476x317.jpeg; https://media.rightmove.co.uk:443/dir/crop/10:9-16:9/83k/82272/86449476/82272_Office508_IMG_05_0000_max_476x317.jpeg; https://media.rightmove.co.uk:443/dir/crop/10:9-16:9/83k/82272/86449476/82272_Office508_IMG_06_0000_max_476x317.jpeg; https://media.rightmove.co.uk:443/dir/crop/10:9-16:9/83k/82272/86449476/82272_Office508_IMG_07_0000_max_476x317.jpeg; https://media.rightmove.co.uk:443/dir/crop/10:9-16:9/83k/82272/86449476/82272_Office508_IMG_08_0000_max_476x317.jpeg"
"86449428","Newcastle","Serviced Office","Collingwood Buildings, 38 Collingwood Street, Newcastle, NE1 1JF","£1,320 pcm","","","","Only 5 mins walk from Newcastle Station with 24 hours & 7 days access","https://www.rightmove.co.uk/properties/86449428#/?channel=COM_LET","2023-10-09T13:55:09Z","","size_change","Marketed by Collingwood Buildings, Newcastle Upon Tyne","","54.96998","-1.61336","https://media.rightmove.co.uk:443/dir/crop/10:9-16:9/83k/82272/86449428/82272_Office420_IMG_00_0000_max_476x317.jpeg; https://media.rightmove.co.uk:443/dir/crop/10:9-16:9/83k/82272/86449428/82272_Office420_IMG_01_0000_max_476x317.jpeg; https://media.rightmove.co.uk:443/dir/crop/10:9-16:9/83k/82272/86449428/82272_Office420_IMG_02_0000_max_476x317.jpeg; https://media.rightmove.co.uk:443/dir/crop/10:9-16:9/83k/82272/86449428/82272_Office420_IMG_03_0000_max_476x317.jpeg; https://media.rightmove.co.uk:443/dir/crop/10:9-16:9/83k/82272/86449428/82272_Office420_IMG_04_0000_max_476x317.jpeg; https://media.rightmove.co.uk:443/dir/crop/10:9-16:9/83k/82272/86449428/82272_Office420_IMG_05_0000_max_476x317.jpeg; https://media.rightmove.co.uk:443/dir/crop/10:9-16:9/83k/82272/86449428/82272_Office420_IMG_06_0000_max_476x317.jpeg; https://media.rightmove.co.uk:443/dir/crop/10:9-16:9/83k/82272/86449428/82272_Office420_IMG_07_0000_max_476x317.jpeg; https://media.rightmove.co.uk:443/dir/crop/10:9-16:9/83k/82272/86449428/82272_Office420_IMG_08_0000_max_476x317.jpeg"
"135331127","Newcastle","Serviced Office","Colbalt 15A, Quick Silver Way, Cobalt Business Park NE27 0QQ","£409 pcm","From","","4","Private workspace for up to 3 in Cobalt Business Park Newcastle. Fully flexible, with ergonomic furniture and fast Wi-Fi included.","https://www.rightmove.co.uk/properties/135331127#/?channel=COM_LET","2023-05-26T12:30:41Z","","size_change","Marketed by IW Group Services (UK) Limited, Regus","","55.02249","-1.51291","https://media.rightmove.co.uk:443/dir/crop/10:9-16:9/130k/129853/135331127/129853_UK3ws6304_IMG_10_0000_max_476x317.jpeg; https://media.rightmove.co.uk:443/dir/crop/10:9-16:9/130k/129853/135331127/129853_UK3ws6304_IMG_03_0001_max_476x317.jpeg; https://media.rightmove.co.uk:443/dir/crop/10:9-16:9/130k/129853/135331127/129853_UK3ws6304_IMG_09_0000_max_476x317.jpeg; https://media.rightmove.co.uk:443/dir/crop/10:9-16:9/130k/129853/135331127/129853_UK3ws6304_IMG_08_0000_max_476x317.jpeg; https://media.rightmove.co.uk:443/dir/crop/10:9-16:9/130k/129853/135331127/129853_UK3ws6304_IMG_06_0001_max_476x317.jpeg; https://media.rightmove.co.uk:443/dir/crop/10:9-16:9/130k/129853/135331127/129853_UK3ws6304_IMG_05_0001_max_476x317.jpeg; https://media.rightmove.co.uk:443/dir/crop/10:9-16:9/130k/129853/135331127/129853_UK3ws6304_IMG_00_0001_max_476x317.jpeg; https://media.rightmove.co.uk:443/dir/crop/10:9-16:9/130k/129853/135331127/129853_UK3ws6304_IMG_04_0001_max_476x317.jpeg; https://media.rightmove.co.uk:443/dir/crop/10:9-16:9/130k/129853/135331127/129853_UK3ws6304_IMG_11_0000_max_476x317.jpeg; https://media.rightmove.co.uk:443/dir/crop/10:9-16:9/130k/129853/135331127/129853_UK3ws6304_IMG_07_0001_max_476x317.jpeg; https://media.rightmove.co.uk:443/dir/crop/10:9-16:9/130k/129853/135331127/129853_UK3ws6304_IMG_01_0001_max_476x317.jpeg; https://media.rightmove.co.uk:443/dir/crop/10:9-16:9/130k/129853/135331127/129853_UK3ws6304_IMG_02_0001_max_476x317.jpeg"
"86449389","Newcastle","Serviced Office","Collingwood Buildings, 38 Collingwood Street, Newcastle, NE1 1JF","£1,380 pcm","","","","Only 5 mins walk from Newcastle Station with 24 hours & 7 days access","https://www.rightmove.co.uk/properties/86449389#/?channel=COM_LET","2023-10-09T13:54:28Z","","size_change","Marketed by Collingwood Buildings, Newcastle Upon Tyne","","54.96998","-1.61336","https://media.rightmove.co.uk:443/dir/crop/10:9-16:9/83k/82272/86449389/82272_Office411_IMG_00_0000_max_476x317.jpeg; https://media.rightmove.co.uk:443/dir/crop/10:9-16:9/83k/82272/86449389/82272_Office411_IMG_01_0000_max_476x317.jpeg; https://media.rightmove.co.uk:443/dir/crop/10:9-16:9/83k/82272/86449389/82272_Office411_IMG_02_0000_max_476x317.jpeg; https://media.rightmove.co.uk:443/dir/crop/10:9-16:9/83k/82272/86449389/82272_Office411_IMG_03_0000_max_476x317.jpeg; https://media.rightmove.co.uk:443/dir/crop/10:9-16:9/83k/82272/86449389/82272_Office411_IMG_04_0000_max_476x317.jpeg; https://media.rightmove.co.uk:443/dir/crop/10:9-16:9/83k/82272/86449389/82272_Office411_IMG_05_0000_max_476x317.jpeg; https://media.rightmove.co.uk:443/dir/crop/10:9-16:9/83k/82272/86449389/82272_Office411_IMG_06_0000_max_476x317.jpeg; https://media.rightmove.co.uk:443/dir/crop/10:9-16:9/83k/82272/86449389/82272_Office411_IMG_07_0000_max_476x317.jpeg; https://media.rightmove.co.uk:443/dir/crop/10:9-16:9/83k/82272/86449389/82272_Office411_IMG_08_0000_max_476x317.jpeg"
"86449338","Newcastle","Serviced Office","Collingwood Buildings, 38 Collingwood Street, Newcastle, NE1 1JF","£1,444 pcm","","","","Only 5 mins walk from Newcastle Station with 24 hours & 7 days access","https://www.rightmove.co.uk/properties/86449338#/?channel=COM_LET","2023-10-09T13:53:21Z","","size_change","Marketed by Collingwood Buildings, Newcastle Upon Tyne","","54.96998","-1.61336","https://media.rightmove.co.uk:443/dir/crop/10:9-16:9/83k/82272/86449338/82272_Office317-308-510_IMG_00_0000_max_476x317.jpeg; https://media.rightmove.co.uk:443/dir/crop/10:9-16:9/83k/82272/86449338/82272_Office317-308-510_IMG_01_0000_max_476x317.jpeg; https://media.rightmove.co.uk:443/dir/crop/10:9-16:9/83k/82272/86449338/82272_Office317-308-510_IMG_02_0000_max_476x317.jpeg; https://media.rightmove.co.uk:443/dir/crop/10:9-16:9/83k/82272/86449338/82272_Office317-308-510_IMG_03_0000_max_476x317.jpeg; https://media.rightmove.co.uk:443/dir/crop/10:9-16:9/83k/82272/86449338/82272_Office317-308-510_IMG_04_0000_max_476x317.jpeg; https://media.rightmove.co.uk:443/dir/crop/10:9-16:9/83k/82272/86449338/82272_Office317-308-510_IMG_05_0000_max_476x317.jpeg; https://media.rightmove.co.uk:443/dir/crop/10:9-16:9/83k/82272/86449338/82272_Office317-308-510_IMG_06_0000_max_476x317.jpeg; https://media.rightmove.co.uk:443/dir/crop/10:9-16:9/83k/82272/86449338/82272_Office317-308-510_IMG_07_0000_max_476x317.jpeg; https://media.rightmove.co.uk:443/dir/crop/10:9-16:9/83k/82272/86449338/82272_Office317-308-510_IMG_08_0000_max_476x317.jpeg"
"140817059","Newcastle","Serviced Office","Collingwood Buildings, 38 Collingwood Street, Newcastle, NE1 1JF","£1,725 pcm","","","","Only 5 mins walk from Newcastle Station with 24 hours & 7 days access","https://www.rightmove.co.uk/properties/140817059#/?channel=COM_LET","2023-10-05T09:40:10Z","","size_change","Marketed by Collingwood Buildings, Newcastle Upon Tyne","","54.96998","-1.61336","https://media.rightmove.co.uk:443/dir/crop/10:9-16:9/83k/82272/140817059/82272_Office506_IMG_00_0000_max_476x317.jpeg; https://media.rightmove.co.uk:443/dir/crop/10:9-16:9/83k/82272/140817059/82272_Office506_IMG_01_0000_max_476x317.jpeg; https://media.rightmove.co.uk:443/dir/crop/10:9-16:9/83k/82272/140817059/82272_Office506_IMG_02_0000_max_476x317.jpeg; https://media.rightmove.co.uk:443/dir/crop/10:9-16:9/83k/82272/140817059/82272_Office506_IMG_03_0000_max_476x317.jpeg; https://media.rightmove.co.uk:443/dir/crop/10:9-16:9/83k/82272/140817059/82272_Office506_IMG_04_0000_max_476x317.jpeg; https://media.rightmove.co.uk:443/dir/crop/10:9-16:9/83k/82272/140817059/82272_Office506_IMG_05_0000_max_476x317.jpeg; https://media.rightmove.co.uk:443/dir/crop/10:9-16:9/83k/82272/140817059/82272_Office506_IMG_06_0000_max_476x317.jpeg; https://media.rightmove.co.uk:443/dir/crop/10:9-16:9/83k/82272/140817059/82272_Office506_IMG_07_0000_max_476x317.jpeg; https://media.rightmove.co.uk:443/dir/crop/10:9-16:9/83k/82272/140817059/82272_Office506_IMG_08_0000_max_476x317.jpeg"
"140816978","Newcastle","Serviced Office","Collingwood Buildings, 38 Collingwood Street, Newcastle, NE1 1JF","£1,765 pcm","","","","Only 5 mins walk from Newcastle Station with 24 hours & 7 days access","https://www.rightmove.co.uk/properties/140816978#/?channel=COM_LET","2023-10-05T09:39:02Z","","size_change","Marketed by Collingwood Buildings, Newcastle Upon Tyne","","54.96998","-1.61336","https://media.rightmove.co.uk:443/dir/crop/10:9-16:9/83k/82272/140816978/82272_Office504_IMG_00_0000_max_476x317.jpeg; https://media.rightmove.co.uk:443/dir/crop/10:9-16:9/83k/82272/140816978/82272_Office504_IMG_01_0000_max_476x317.jpeg; https://media.rightmove.co.uk:443/dir/crop/10:9-16:9/83k/82272/140816978/82272_Office504_IMG_02_0000_max_476x317.jpeg; https://media.rightmove.co.uk:443/dir/crop/10:9-16:9/83k/82272/140816978/82272_Office504_IMG_03_0000_max_476x317.jpeg; https://media.rightmove.co.uk:443/dir/crop/10:9-16:9/83k/82272/140816978/82272_Office504_IMG_04_0000_max_476x317.jpeg; https://media.rightmove.co.uk:443/dir/crop/10:9-16:9/83k/82272/140816978/82272_Office504_IMG_05_0000_max_476x317.jpeg; https://media.rightmove.co.uk:443/dir/crop/10:9-16:9/83k/82272/140816978/82272_Office504_IMG_06_0000_max_476x317.jpeg; https://media.rightmove.co.uk:443/dir/crop/10:9-16:9/83k/82272/140816978/82272_Office504_IMG_07_0000_max_476x317.jpeg; https://media.rightmove.co.uk:443/dir/crop/10:9-16:9/83k/82272/140816978/82272_Office504_IMG_08_0000_max_476x317.jpeg"
"140816513","Newcastle","Serviced Office","Collingwood Buildings, 38 Collingwood Street, Newcastle, NE1 1JF","£770 pcm","","","","Only 5 mins walk from Newcastle Station with 24 hours & 7 days access","https://www.rightmove.co.uk/properties/140816513#/?channel=COM_LET","2023-10-05T09:36:28Z","","size_change","Marketed by Collingwood Buildings, Newcastle Upon Tyne","","54.96998","-1.61336","https://media.rightmove.co.uk:443/dir/crop/10:9-16:9/83k/82272/140816513/82272_Office502_IMG_00_0000_max_476x317.jpeg; https://media.rightmove.co.uk:443/dir/crop/10:9-16:9/83k/82272/140816513/82272_Office502_IMG_01_0000_max_476x317.jpeg; https://media.rightmove.co.uk:443/dir/crop/10:9-16:9/83k/82272/140816513/82272_Office502_IMG_02_0000_max_476x317.jpeg; https://media.rightmove.co.uk:443/dir/crop/10:9-16:9/83k/82272/140816513/82272_Office502_IMG_03_0000_max_476x317.jpeg; https://media.rightmove.co.uk:443/dir/crop/10:9-16:9/83k/82272/140816513/82272_Office502_IMG_04_0000_max_476x317.jpeg; https://media.rightmove.co.uk:443/dir/crop/10:9-16:9/83k/82272/140816513/82272_Office502_IMG_05_0000_max_476x317.jpeg; https://media.rightmove.co.uk:443/dir/crop/10:9-16:9/83k/82272/140816513/82272_Office502_IMG_06_0000_max_476x317.jpeg; https://media.rightmove.co.uk:443/dir/crop/10:9-16:9/83k/82272/140816513/82272_Office502_IMG_07_0000_max_476x317.jpeg; https://media.rightmove.co.uk:443/dir/crop/10:9-16:9/83k/82272/140816513/82272_Office502_IMG_08_0000_max_476x317.jpeg"
"140815823","Newcastle","Serviced Office","Collingwood Buildings, 38 Collingwood Street, Newcastle, NE1 1JF","£755 pcm","","","","Only 5 mins walk from Newcastle Station with 24 hours & 7 days access","https://www.rightmove.co.uk/properties/140815823#/?channel=COM_LET","2023-10-05T09:29:47Z","","size_change","Marketed by Collingwood Buildings, Newcastle Upon Tyne","","54.96998","-1.61336","https://media.rightmove.co.uk:443/dir/crop/10:9-16:9/83k/82272/140815823/82272_Office320-503-204_IMG_00_0000_max_476x317.jpeg; https://media.rightmove.co.uk:443/dir/crop/10:9-16:9/83k/82272/140815823/82272_Office320-503-204_IMG_01_0000_max_476x317.jpeg; https://media.rightmove.co.uk:443/dir/crop/10:9-16:9/83k/82272/140815823/82272_Office320-503-204_IMG_02_0000_max_476x317.jpeg; https://media.rightmove.co.uk:443/dir/crop/10:9-16:9/83k/82272/140815823/82272_Office320-503-204_IMG_03_0000_max_476x317.jpeg; https://media.rightmove.co.uk:443/dir/crop/10:9-16:9/83k/82272/140815823/82272_Office320-503-204_IMG_04_0000_max_476x317.jpeg; https://media.rightmove.co.uk:443/dir/crop/10:9-16:9/83k/82272/140815823/82272_Office320-503-204_IMG_05_0000_max_476x317.jpeg; https://media.rightmove.co.uk:443/dir/crop/10:9-16:9/83k/82272/140815823/82272_Office320-503-204_IMG_06_0000_max_476x317.jpeg; https://media.rightmove.co.uk:443/dir/crop/10:9-16:9/83k/82272/140815823/82272_Office320-503-204_IMG_07_0000_max_476x317.jpeg; https://media.rightmove.co.uk:443/dir/crop/10:9-16:9/83k/82272/140815823/82272_Office320-503-204_IMG_08_0000_max_476x317.jpeg"
"140815739","Newcastle","Serviced Office","Collingwood Buildings, 38 Collingwood Street, Newcastle, NE1 1JF","£327 pcm","","","","Only 5 mins walk from Newcastle Station with 24 hours & 7 days access","https://www.rightmove.co.uk/properties/140815739#/?channel=COM_LET","2023-10-05T09:28:18Z","","size_change","Marketed by Collingwood Buildings, Newcastle Upon Tyne","","54.96998","-1.61336","https://media.rightmove.co.uk:443/dir/crop/10:9-16:9/83k/82272/140815739/82272_Office327_IMG_00_0000_max_476x317.jpeg; https://media.rightmove.co.uk:443/dir/crop/10:9-16:9/83k/82272/140815739/82272_Office327_IMG_01_0000_max_476x317.jpeg; https://media.rightmove.co.uk:443/dir/crop/10:9-16:9/83k/82272/140815739/82272_Office327_IMG_02_0000_max_476x317.jpeg; https://media.rightmove.co.uk:443/dir/crop/10:9-16:9/83k/82272/140815739/82272_Office327_IMG_03_0000_max_476x317.jpeg; https://media.rightmove.co.uk:443/dir/crop/10:9-16:9/83k/82272/140815739/82272_Office327_IMG_04_0000_max_476x317.jpeg; https://media.rightmove.co.uk:443/dir/crop/10:9-16:9/83k/82272/140815739/82272_Office327_IMG_05_0000_max_476x317.jpeg; https://media.rightmove.co.uk:443/dir/crop/10:9-16:9/83k/82272/140815739/82272_Office327_IMG_06_0000_max_476x317.jpeg; https://media.rightmove.co.uk:443/dir/crop/10:9-16:9/83k/82272/140815739/82272_Office327_IMG_07_0000_max_476x317.jpeg; https://media.rightmove.co.uk:443/dir/crop/10:9-16:9/83k/82272/140815739/82272_Office327_IMG_08_0000_max_476x317.jpeg"
"140815679","Newcastle","Serviced Office","Collingwood Buildings, 38 Collingwood Street, Newcastle, NE1 1JF","£700 pcm","","","","Only 5 mins walk from Newcastle Station with 24 hours & 7 days access","https://www.rightmove.co.uk/properties/140815679#/?channel=COM_LET","2023-10-05T09:27:25Z","","size_change","Marketed by Collingwood Buildings, Newcastle Upon Tyne","","54.96998","-1.61336","https://media.rightmove.co.uk:443/dir/crop/10:9-16:9/property-photo/c7c23decf/140815679/c7c23decf15ef095093414bbcb860131_max_476x317.jpeg; https://media.rightmove.co.uk:443/dir/crop/10:9-16:9/property-photo/9aa2a2c6b/140815679/9aa2a2c6b324a5564fc5259b86b17a64_max_476x317.jpeg; https://media.rightmove.co.uk:443/dir/crop/10:9-16:9/property-photo/71c1b839c/140815679/71c1b839cf94a26bfd1619e87edf8293_max_476x317.jpeg; https://media.rightmove.co.uk:443/dir/crop/10:9-16:9/property-photo/122e1ab3a/140815679/122e1ab3ad808ff3f5c3bc18bdd6e8cf_max_476x317.jpeg; https://media.rightmove.co.uk:443/dir/crop/10:9-16:9/property-photo/6d004baff/140815679/6d004baff77097dec6ab6abe44f9da68_max_476x317.jpeg; https://media.rightmove.co.uk:443/dir/crop/10:9-16:9/property-photo/3ee28adcb/140815679/3ee28adcb73cd1ca731935435d1ce3cc_max_476x317.jpeg; https://media.rightmove.co.uk:443/dir/crop/10:9-16:9/property-photo/9f448dd6b/140815679/9f448dd6b90db95ad5f1968253af013f_max_476x317.jpeg; https://media.rightmove.co.uk:443/dir/crop/10:9-16:9/property-photo/e1259f386/140815679/e1259f386b34fbf6872efe24dfa74092_max_476x317.jpeg; https://media.rightmove.co.uk:443/dir/crop/10:9-16:9/property-photo/0c28da9fe/140815679/0c28da9feb1c096ea633b26967ceaf23_max_476x317.jpeg"
"140815643","Newcastle","Serviced Office","Collingwood Buildings, 38 Collingwood Street, Newcastle, NE1 1JF","£665 pcm","","","","Only 5 mins walk from Newcastle Station with 24 hours & 7 days access","https://www.rightmove.co.uk/properties/140815643#/?channel=COM_LET","2023-10-05T09:26:37Z","","size_change","Marketed by Collingwood Buildings, Newcastle Upon Tyne","","54.96998","-1.61336","https://media.rightmove.co.uk:443/dir/crop/10:9-16:9/property-photo/c7c23decf/140815643/c7c23decf15ef095093414bbcb860131_max_476x317.jpeg; https://media.rightmove.co.uk:443/dir/crop/10:9-16:9/property-photo/9aa2a2c6b/140815643/9aa2a2c6b324a5564fc5259b86b17a64_max_476x317.jpeg; https://media.rightmove.co.uk:443/dir/crop/10:9-16:9/property-photo/71c1b839c/140815643/71c1b839cf94a26bfd1619e87edf8293_max_476x317.jpeg; https://media.rightmove.co.uk:443/dir/crop/10:9-16:9/property-photo/122e1ab3a/140815643/122e1ab3ad808ff3f5c3bc18bdd6e8cf_max_476x317.jpeg; https://media.rightmove.co.uk:443/dir/crop/10:9-16:9/property-photo/6d004baff/140815643/6d004baff77097dec6ab6abe44f9da68_max_476x317.jpeg; https://media.rightmove.co.uk:443/dir/crop/10:9-16:9/property-photo/3ee28adcb/140815643/3ee28adcb73cd1ca731935435d1ce3cc_max_476x317.jpeg; https://media.rightmove.co.uk:443/dir/crop/10:9-16:9/property-photo/9f448dd6b/140815643/9f448dd6b90db95ad5f1968253af013f_max_476x317.jpeg; https://media.rightmove.co.uk:443/dir/crop/10:9-16:9/property-photo/e1259f386/140815643/e1259f386b34fbf6872efe24dfa74092_max_476x317.jpeg; https://media.rightmove.co.uk:443/dir/crop/10:9-16:9/property-photo/0c28da9fe/140815643/0c28da9feb1c096ea633b26967ceaf23_max_476x317.jpeg"
"140815595","Newcastle","Serviced Office","Collingwood Buildings, 38 Collingwood Street, Newcastle, NE1 1JF","£625 pcm","","","","Only 5 mins walk from Newcastle Station with 24 hours & 7 days access","https://www.rightmove.co.uk/properties/140815595#/?channel=COM_LET","2023-10-05T09:25:42Z","","size_change","Marketed by Collingwood Buildings, Newcastle Upon Tyne","","54.96998","-1.61336","https://media.rightmove.co.uk:443/dir/crop/10:9-16:9/83k/82272/140815595/82272_Office213_IMG_00_0000_max_476x317.jpeg; https://media.rightmove.co.uk:443/dir/crop/10:9-16:9/83k/82272/140815595/82272_Office213_IMG_01_0000_max_476x317.jpeg; https://media.rightmove.co.uk:443/dir/crop/10:9-16:9/83k/82272/140815595/82272_Office213_IMG_02_0000_max_476x317.jpeg; https://media.rightmove.co.uk:443/dir/crop/10:9-16:9/83k/82272/140815595/82272_Office213_IMG_03_0000_max_476x317.jpeg; https://media.rightmove.co.uk:443/dir/crop/10:9-16:9/83k/82272/140815595/82272_Office213_IMG_04_0000_max_476x317.jpeg; https://media.rightmove.co.uk:443/dir/crop/10:9-16:9/83k/82272/140815595/82272_Office213_IMG_05_0000_max_476x317.jpeg; https://media.rightmove.co.uk:443/dir/crop/10:9-16:9/83k/82272/140815595/82272_Office213_IMG_06_0000_max_476x317.jpeg; https://media.rightmove.co.uk:443/dir/crop/10:9-16:9/83k/82272/140815595/82272_Office213_IMG_07_0000_max_476x317.jpeg; https://media.rightmove.co.uk:443/dir/crop/10:9-16:9/83k/82272/140815595/82272_Office213_IMG_08_0000_max_476x317.jpeg"
"140815124","Newcastle","Serviced Office","Collingwood Buildings, 38 Collingwood Street, Newcastle, NE1 1JF","£595 pcm","","","","Only 5 mins walk from Newcastle Station with 24 hours & 7 days access","https://www.rightmove.co.uk/properties/140815124#/?channel=COM_LET","2023-10-05T09:14:36Z","","size_change","Marketed by Collingwood Buildings, Newcastle Upon Tyne","","54.96998","-1.61336","https://media.rightmove.co.uk:443/dir/crop/10:9-16:9/83k/82272/140815124/82272_Office322_IMG_00_0000_max_476x317.jpeg; https://media.rightmove.co.uk:443/dir/crop/10:9-16:9/83k/82272/140815124/82272_Office322_IMG_01_0000_max_476x317.jpeg; https://media.rightmove.co.uk:443/dir/crop/10:9-16:9/83k/82272/140815124/82272_Office322_IMG_02_0000_max_476x317.jpeg; https://media.rightmove.co.uk:443/dir/crop/10:9-16:9/83k/82272/140815124/82272_Office322_IMG_03_0000_max_476x317.jpeg; https://media.rightmove.co.uk:443/dir/crop/10:9-16:9/83k/82272/140815124/82272_Office322_IMG_04_0000_max_476x317.jpeg; https://media.rightmove.co.uk:443/dir/crop/10:9-16:9/83k/82272/140815124/82272_Office322_IMG_05_0000_max_476x317.jpeg; https://media.rightmove.co.uk:443/dir/crop/10:9-16:9/83k/82272/140815124/82272_Office322_IMG_06_0000_max_476x317.jpeg; https://media.rightmove.co.uk:443/dir/crop/10:9-16:9/83k/82272/140815124/82272_Office322_IMG_07_0000_max_476x317.jpeg; https://media.rightmove.co.uk:443/dir/crop/10:9-16:9/83k/82272/140815124/82272_Office322_IMG_08_0000_max_476x317.jpeg"
"140718755","Newcastle","Serviced Office","Collingwood Buildings, 38 Collingwood Street, Newcastle, NE1 1JF","£2,330 pcm","","","","Only 5 mins walk from Newcastle Station with 24 hours & 7 days access","https://www.rightmove.co.uk/properties/140718755#/?channel=COM_LET","2023-10-02T16:40:45Z","","size_change","Marketed by Collingwood Buildings, Newcastle Upon Tyne","","54.96998","-1.61336","https://media.rightmove.co.uk:443/dir/crop/10:9-16:9/83k/82272/140718755/82272_Office224-226_IMG_00_0000_max_476x317.jpeg; https://media.rightmove.co.uk:443/dir/crop/10:9-16:9/83k/82272/140718755/82272_Office224-226_IMG_01_0000_max_476x317.jpeg; https://media.rightmove.co.uk:443/dir/crop/10:9-16:9/83k/82272/140718755/82272_Office224-226_IMG_02_0000_max_476x317.jpeg; https://media.rightmove.co.uk:443/dir/crop/10:9-16:9/83k/82272/140718755/82272_Office224-226_IMG_03_0000_max_476x317.jpeg; https://media.rightmove.co.uk:443/dir/crop/10:9-16:9/83k/82272/140718755/82272_Office224-226_IMG_04_0000_max_476x317.jpeg; https://media.rightmove.co.uk:443/dir/crop/10:9-16:9/83k/82272/140718755/82272_Office224-226_IMG_05_0000_max_476x317.jpeg; https://media.rightmove.co.uk:443/dir/crop/10:9-16:9/83k/82272/140718755/82272_Office224-226_IMG_06_0000_max_476x317.jpeg; https://media.rightmove.co.uk:443/dir/crop/10:9-16:9/83k/82272/140718755/82272_Office224-226_IMG_07_0000_max_476x317.jpeg; https://media.rightmove.co.uk:443/dir/crop/10:9-16:9/83k/82272/140718755/82272_Office224-226_IMG_08_0000_max_476x317.jpeg"
"140717015","Newcastle","Serviced Office","Collingwood Buildings, 38 Collingwood Street, Newcastle, NE1 1JF","£3,000 pcm","","","","Only 5 mins walk from Newcastle Station with 24 hours & 7 days access","https://www.rightmove.co.uk/properties/140717015#/?channel=COM_LET","2023-10-02T16:25:26Z","","size_change","Marketed by Collingwood Buildings, Newcastle Upon Tyne","","54.96998","-1.61336","https://media.rightmove.co.uk:443/dir/crop/10:9-16:9/83k/82272/140717015/82272_Office309-310_IMG_00_0000_max_476x317.jpeg; https://media.rightmove.co.uk:443/dir/crop/10:9-16:9/83k/82272/140717015/82272_Office309-310_IMG_01_0000_max_476x317.jpeg; https://media.rightmove.co.uk:443/dir/crop/10:9-16:9/83k/82272/140717015/82272_Office309-310_IMG_02_0000_max_476x317.jpeg; https://media.rightmove.co.uk:443/dir/crop/10:9-16:9/83k/82272/140717015/82272_Office309-310_IMG_03_0000_max_476x317.jpeg; https://media.rightmove.co.uk:443/dir/crop/10:9-16:9/83k/82272/140717015/82272_Office309-310_IMG_04_0000_max_476x317.jpeg; https://media.rightmove.co.uk:443/dir/crop/10:9-16:9/83k/82272/140717015/82272_Office309-310_IMG_05_0000_max_476x317.jpeg; https://media.rightmove.co.uk:443/dir/crop/10:9-16:9/83k/82272/140717015/82272_Office309-310_IMG_06_0000_max_476x317.jpeg; https://media.rightmove.co.uk:443/dir/crop/10:9-16:9/83k/82272/140717015/82272_Office309-310_IMG_07_0000_max_476x317.jpeg; https://media.rightmove.co.uk:443/dir/crop/10:9-16:9/83k/82272/140717015/82272_Office309-310_IMG_08_0000_max_476x317.jpeg"
"140716904","Newcastle","Serviced Office","Collingwood Buildings, 38 Collingwood Street, Newcastle, NE1 1JF","£3,165 pcm","","","","Only 5 mins walk from Newcastle Station with 24 hours & 7 days access","https://www.rightmove.co.uk/properties/140716904#/?channel=COM_LET","2023-10-02T16:24:15Z","","size_change","Marketed by Collingwood Buildings, Newcastle Upon Tyne","","54.96998","-1.61336","https://media.rightmove.co.uk:443/dir/crop/10:9-16:9/83k/82272/140716904/82272_Office208_IMG_00_0000_max_476x317.jpeg; https://media.rightmove.co.uk:443/dir/crop/10:9-16:9/83k/82272/140716904/82272_Office208_IMG_01_0000_max_476x317.jpeg; https://media.rightmove.co.uk:443/dir/crop/10:9-16:9/83k/82272/140716904/82272_Office208_IMG_02_0000_max_476x317.jpeg; https://media.rightmove.co.uk:443/dir/crop/10:9-16:9/83k/82272/140716904/82272_Office208_IMG_03_0000_max_476x317.jpeg; https://media.rightmove.co.uk:443/dir/crop/10:9-16:9/83k/82272/140716904/82272_Office208_IMG_04_0000_max_476x317.jpeg; https://media.rightmove.co.uk:443/dir/crop/10:9-16:9/83k/82272/140716904/82272_Office208_IMG_05_0000_max_476x317.jpeg; https://media.rightmove.co.uk:443/dir/crop/10:9-16:9/83k/82272/140716904/82272_Office208_IMG_06_0000_max_476x317.jpeg; https://media.rightmove.co.uk:443/dir/crop/10:9-16:9/83k/82272/140716904/82272_Office208_IMG_07_0000_max_476x317.jpeg; https://media.rightmove.co.uk:443/dir/crop/10:9-16:9/83k/82272/140716904/82272_Office208_IMG_08_0000_max_476x317.jpeg"
"140716718","Newcastle","Serviced Office","Collingwood Buildings, 38 Collingwood Street, Newcastle, NE1 1JF","£475 pcm","","","","Only 5 mins walk from Newcastle Station with 24 hours & 7 days access","https://www.rightmove.co.uk/properties/140716718#/?channel=COM_LET","2023-10-02T16:21:07Z","","size_change","Marketed by Collingwood Buildings, Newcastle Upon Tyne","","54.96998","-1.61336","https://media.rightmove.co.uk:443/dir/crop/10:9-16:9/83k/82272/140716718/82272_Office432_IMG_00_0000_max_476x317.jpeg; https://media.rightmove.co.uk:443/dir/crop/10:9-16:9/83k/82272/140716718/82272_Office432_IMG_01_0000_max_476x317.jpeg; https://media.rightmove.co.uk:443/dir/crop/10:9-16:9/83k/82272/140716718/82272_Office432_IMG_02_0000_max_476x317.jpeg; https://media.rightmove.co.uk:443/dir/crop/10:9-16:9/83k/82272/140716718/82272_Office432_IMG_03_0000_max_476x317.jpeg; https://media.rightmove.co.uk:443/dir/crop/10:9-16:9/83k/82272/140716718/82272_Office432_IMG_04_0000_max_476x317.jpeg; https://media.rightmove.co.uk:443/dir/crop/10:9-16:9/83k/82272/140716718/82272_Office432_IMG_05_0000_max_476x317.jpeg; https://media.rightmove.co.uk:443/dir/crop/10:9-16:9/83k/82272/140716718/82272_Office432_IMG_06_0000_max_476x317.jpeg; https://media.rightmove.co.uk:443/dir/crop/10:9-16:9/83k/82272/140716718/82272_Office432_IMG_07_0000_max_476x317.jpeg; https://media.rightmove.co.uk:443/dir/crop/10:9-16:9/83k/82272/140716718/82272_Office432_IMG_08_0000_max_476x317.jpeg"
"140716670","Newcastle","Serviced Office","Collingwood Buildings, 38 Collingwood Street, Newcastle, NE1 1JF","£450 pcm","","","","Only 5 mins walk from Newcastle Station with 24 hours & 7 days access","https://www.rightmove.co.uk/properties/140716670#/?channel=COM_LET","2023-10-02T16:20:20Z","","size_change","Marketed by Collingwood Buildings, Newcastle Upon Tyne","","54.96998","-1.61336","https://media.rightmove.co.uk:443/dir/crop/10:9-16:9/83k/82272/140716670/82272_Office215-407_IMG_00_0000_max_476x317.jpeg; https://media.rightmove.co.uk:443/dir/crop/10:9-16:9/83k/82272/140716670/82272_Office215-407_IMG_01_0000_max_476x317.jpeg; https://media.rightmove.co.uk:443/dir/crop/10:9-16:9/83k/82272/140716670/82272_Office215-407_IMG_02_0000_max_476x317.jpeg; https://media.rightmove.co.uk:443/dir/crop/10:9-16:9/83k/82272/140716670/82272_Office215-407_IMG_03_0000_max_476x317.jpeg; https://media.rightmove.co.uk:443/dir/crop/10:9-16:9/83k/82272/140716670/82272_Office215-407_IMG_04_0000_max_476x317.jpeg; https://media.rightmove.co.uk:443/dir/crop/10:9-16:9/83k/82272/140716670/82272_Office215-407_IMG_05_0000_max_476x317.jpeg; https://media.rightmove.co.uk:443/dir/crop/10:9-16:9/83k/82272/140716670/82272_Office215-407_IMG_06_0000_max_476x317.jpeg; https://media.rightmove.co.uk:443/dir/crop/10:9-16:9/83k/82272/140716670/82272_Office215-407_IMG_07_0000_max_476x317.jpeg; https://media.rightmove.co.uk:443/dir/crop/10:9-16:9/83k/82272/140716670/82272_Office215-407_IMG_08_0000_max_476x317.jpeg"
"140716505","Newcastle","Serviced Office","Collingwood Buildings, 38 Collingwood Street, Newcastle, NE1 1JF","£425 pcm","","","","Only 5 mins walk from Newcastle Station with 24 hours & 7 days access","https://www.rightmove.co.uk/properties/140716505#/?channel=COM_LET","2023-10-02T16:19:00Z","","size_change","Marketed by Collingwood Buildings, Newcastle Upon Tyne","","54.96998","-1.61336","https://media.rightmove.co.uk:443/dir/crop/10:9-16:9/83k/82272/140716505/82272_Office323-429_IMG_00_0000_max_476x317.jpeg; https://media.rightmove.co.uk:443/dir/crop/10:9-16:9/83k/82272/140716505/82272_Office323-429_IMG_01_0000_max_476x317.jpeg; https://media.rightmove.co.uk:443/dir/crop/10:9-16:9/83k/82272/140716505/82272_Office323-429_IMG_02_0000_max_476x317.jpeg; https://media.rightmove.co.uk:443/dir/crop/10:9-16:9/83k/82272/140716505/82272_Office323-429_IMG_03_0000_max_476x317.jpeg; https://media.rightmove.co.uk:443/dir/crop/10:9-16:9/83k/82272/140716505/82272_Office323-429_IMG_04_0000_max_476x317.jpeg; https://media.rightmove.co.uk:443/dir/crop/10:9-16:9/83k/82272/140716505/82272_Office323-429_IMG_05_0000_max_476x317.jpeg; https://media.rightmove.co.uk:443/dir/crop/10:9-16:9/83k/82272/140716505/82272_Office323-429_IMG_06_0000_max_476x317.jpeg; https://media.rightmove.co.uk:443/dir/crop/10:9-16:9/83k/82272/140716505/82272_Office323-429_IMG_07_0000_max_476x317.jpeg; https://media.rightmove.co.uk:443/dir/crop/10:9-16:9/83k/82272/140716505/82272_Office323-429_IMG_08_0000_max_476x317.jpeg"
"140716121","Newcastle","Serviced Office","Collingwood Buildings, 38 Collingwood Street, Newcastle, NE1 1JF","£368 pcm","","","","Only 5 mins walk from Newcastle Station with 24 hours & 7 days access","https://www.rightmove.co.uk/properties/140716121#/?channel=COM_LET","2023-10-02T16:16:12Z","","size_change","Marketed by Collingwood Buildings, Newcastle Upon Tyne","","54.96998","-1.61336","https://media.rightmove.co.uk:443/dir/crop/10:9-16:9/83k/82272/140716121/82272_Office426_IMG_00_0000_max_476x317.jpeg; https://media.rightmove.co.uk:443/dir/crop/10:9-16:9/83k/82272/140716121/82272_Office426_IMG_01_0000_max_476x317.jpeg; https://media.rightmove.co.uk:443/dir/crop/10:9-16:9/83k/82272/140716121/82272_Office426_IMG_02_0000_max_476x317.jpeg; https://media.rightmove.co.uk:443/dir/crop/10:9-16:9/83k/82272/140716121/82272_Office426_IMG_03_0000_max_476x317.jpeg; https://media.rightmove.co.uk:443/dir/crop/10:9-16:9/83k/82272/140716121/82272_Office426_IMG_04_0000_max_476x317.jpeg; https://media.rightmove.co.uk:443/dir/crop/10:9-16:9/83k/82272/140716121/82272_Office426_IMG_05_0000_max_476x317.jpeg; https://media.rightmove.co.uk:443/dir/crop/10:9-16:9/83k/82272/140716121/82272_Office426_IMG_06_0000_max_476x317.jpeg; https://media.rightmove.co.uk:443/dir/crop/10:9-16:9/83k/82272/140716121/82272_Office426_IMG_07_0000_max_476x317.jpeg; https://media.rightmove.co.uk:443/dir/crop/10:9-16:9/83k/82272/140716121/82272_Office426_IMG_08_0000_max_476x317.jpeg"
"140715776","Newcastle","Serviced Office","Collingwood Buildings, 38 Collingwood Street, Newcastle, NE1 1JF","£540 pcm","","","","Only 5 mins walk from Newcastle Station with 24 hours & 7 days access","https://www.rightmove.co.uk/properties/140715776#/?channel=COM_LET","2023-10-02T16:11:35Z","","size_change","Marketed by Collingwood Buildings, Newcastle Upon Tyne","","54.96998","-1.61336","https://media.rightmove.co.uk:443/dir/crop/10:9-16:9/83k/82272/140715776/82272_108_IMG_00_0000_max_476x317.jpeg; https://media.rightmove.co.uk:443/dir/crop/10:9-16:9/83k/82272/140715776/82272_108_IMG_01_0000_max_476x317.jpeg; https://media.rightmove.co.uk:443/dir/crop/10:9-16:9/83k/82272/140715776/82272_108_IMG_02_0000_max_476x317.jpeg; https://media.rightmove.co.uk:443/dir/crop/10:9-16:9/83k/82272/140715776/82272_108_IMG_03_0000_max_476x317.jpeg; https://media.rightmove.co.uk:443/dir/crop/10:9-16:9/83k/82272/140715776/82272_108_IMG_04_0000_max_476x317.jpeg; https://media.rightmove.co.uk:443/dir/crop/10:9-16:9/83k/82272/140715776/82272_108_IMG_05_0000_max_476x317.jpeg; https://media.rightmove.co.uk:443/dir/crop/10:9-16:9/83k/82272/140715776/82272_108_IMG_06_0000_max_476x317.jpeg; https://media.rightmove.co.uk:443/dir/crop/10:9-16:9/83k/82272/140715776/82272_108_IMG_07_0000_max_476x317.jpeg; https://media.rightmove.co.uk:443/dir/crop/10:9-16:9/83k/82272/140715776/82272_108_IMG_08_0000_max_476x317.jpeg"
"139538237","Newcastle","Retail Property (high street)","Station Road, Gosforth, Newcastle upon Tyne, Tyne and Wear, NE3 1QD","£1,300 pcm","","","","Available to let is a ground floor retail unit, excellent located off Station Road, a retail parade running through the ever popular Gosforth. The unit measures approximately 475sqft and comprises main sales area, workshop to the side, and W.C. facilities, and also benefits from the rare convenie...","https://www.rightmove.co.uk/properties/139538237#/?channel=COM_LET","2023-09-05T17:25:10Z","","new","Marketed by Pattinsons, Pattinsons Commercial North East","","55.0068","-1.6044","https://media.rightmove.co.uk:443/dir/crop/10:9-16:9/252k/251951/139538237/251951_432226_IMG_00_0000_max_476x317.jpeg; https://media.rightmove.co.uk:443/dir/crop/10:9-16:9/252k/251951/139538237/251951_432226_IMG_01_0000_max_476x317.jpeg; https://media.rightmove.co.uk:443/dir/crop/10:9-16:9/252k/251951/139538237/251951_432226_IMG_02_0000_max_476x317.jpeg; https://media.rightmove.co.uk:443/dir/crop/10:9-16:9/252k/251951/139538237/251951_432226_IMG_03_0000_max_476x317.jpeg; https://media.rightmove.co.uk:443/dir/crop/10:9-16:9/252k/251951/139538237/251951_432226_IMG_04_0000_max_476x317.jpeg; https://media.rightmove.co.uk:443/dir/crop/10:9-16:9/252k/251951/139538237/251951_432226_IMG_05_0000_max_476x317.jpeg; https://media.rightmove.co.uk:443/dir/crop/10:9-16:9/252k/251951/139538237/251951_432226_IMG_06_0000_max_476x317.jpeg; https://media.rightmove.co.uk:443/dir/crop/10:9-16:9/252k/251951/139538237/251951_432226_IMG_07_0000_max_476x317.jpeg; https://media.rightmove.co.uk:443/dir/crop/10:9-16:9/252k/251951/139538237/251951_432226_IMG_08_0000_max_476x317.jpeg; https://media.rightmove.co.uk:443/dir/crop/10:9-16:9/252k/251951/139538237/251951_432226_IMG_10_0000_max_476x317.jpeg; https://media.rightmove.co.uk:443/dir/crop/10:9-16:9/252k/251951/139538237/251951_432226_IMG_09_0000_max_476x317.jpeg"
"147483587","Newcastle","Light Industrial","Blaydon Industrial Park, Chainbridge Road, NE21","£833 pcm","","","1","Lightning Estates are proud to present this attractively priced 1000 sq ft warehouse/workshop for rent","https://www.rightmove.co.uk/properties/147483587#/?channel=COM_LET","2024-05-01T11:30:42Z","","new","Marketed by Lightning Estates, Gateshead","","54.967287","-1.69462","https://media.rightmove.co.uk:443/dir/crop/10:9-16:9/265k/264578/147483587/264578_172_LIGE_IMG_00_0000_max_476x317.jpeg; https://media.rightmove.co.uk:443/dir/crop/10:9-16:9/265k/264578/147483587/264578_172_LIGE_IMG_01_0000_max_476x317.jpeg; https://media.rightmove.co.uk:443/dir/crop/10:9-16:9/265k/264578/147483587/264578_172_LIGE_IMG_02_0000_max_476x317.jpeg; https://media.rightmove.co.uk:443/dir/crop/10:9-16:9/265k/264578/147483587/264578_172_LIGE_IMG_03_0000_max_476x317.jpeg; https://media.rightmove.co.uk:443/dir/crop/10:9-16:9/265k/264578/147483587/264578_172_LIGE_IMG_04_0000_max_476x317.jpeg; https://media.rightmove.co.uk:443/dir/crop/10:9-16:9/265k/264578/147483587/264578_172_LIGE_IMG_05_0000_max_476x317.jpeg; https://media.rightmove.co.uk:443/dir/crop/10:9-16:9/265k/264578/147483587/264578_172_LIGE_IMG_06_0000_max_476x317.jpeg; https://media.rightmove.co.uk:443/dir/crop/10:9-16:9/265k/264578/147483587/264578_172_LIGE_IMG_07_0000_max_476x317.jpeg"
"148466504","Newcastle","Office","Cubo Flexible Workspace @ Bank House, Pilgrim Street, Newcastle Upon Tyne, NE1 6SQ","POA","","","","Office / Serviced Office To Let, Newcastle Upon Tyne","https://www.rightmove.co.uk/properties/148466504#/?channel=COM_LET","2024-05-28T14:32:49Z","","new","Marketed by Avison Young (UK) Limited, Offices","","54.972159","-1.609922","https://media.rightmove.co.uk:443/dir/crop/10:9-16:9/57k/56478/148466504/56478_211782-2_IMG_00_0000_max_476x317.jpeg; https://media.rightmove.co.uk:443/dir/crop/10:9-16:9/57k/56478/148466504/56478_211782-2_IMG_01_0000_max_476x317.jpeg; https://media.rightmove.co.uk:443/dir/crop/10:9-16:9/57k/56478/148466504/56478_211782-2_IMG_02_0000_max_476x317.jpeg; https://media.rightmove.co.uk:443/dir/crop/10:9-16:9/57k/56478/148466504/56478_211782-2_IMG_03_0000_max_476x317.jpeg; https://media.rightmove.co.uk:443/dir/crop/10:9-16:9/57k/56478/148466504/56478_211782-2_IMG_04_0000_max_476x317.jpeg; https://media.rightmove.co.uk:443/dir/crop/10:9-16:9/57k/56478/148466504/56478_211782-2_IMG_05_0000_max_476x317.jpeg; https://media.rightmove.co.uk:443/dir/crop/10:9-16:9/57k/56478/148466504/56478_211782-2_IMG_06_0000_max_476x317.jpeg; https://media.rightmove.co.uk:443/dir/crop/10:9-16:9/57k/56478/148466504/56478_211782-2_IMG_07_0000_max_476x317.jpeg; https://media.rightmove.co.uk:443/dir/crop/10:9-16:9/57k/56478/148466504/56478_211782-2_IMG_08_0000_max_476x317.jpeg; https://media.rightmove.co.uk:443/dir/crop/10:9-16:9/57k/56478/148466504/56478_211782-2_IMG_09_0000_max_476x317.jpeg; https://media.rightmove.co.uk:443/dir/crop/10:9-16:9/57k/56478/148466504/56478_211782-2_IMG_10_0000_max_476x317.jpeg; https://media.rightmove.co.uk:443/dir/crop/10:9-16:9/57k/56478/148466504/56478_211782-2_IMG_11_0000_max_476x317.jpeg"
"155492588","Newcastle","Serviced Office","Hood Street, Newcastle upon Tyne","£625 pcm","From","","","Providing refurbished office suites in the vibrant city centre of Newcastle, 3 Hood Street offers an exciting proposition for businesses seeking self-contained space on a flexible or lease b...","https://www.rightmove.co.uk/properties/155492588#/?channel=COM_LET","2024-11-28T18:09:38Z","","new","Marketed by Office Freedom, Office Freedom - Major Cities","","54.973425","-1.612417","https://media.rightmove.co.uk:443/dir/crop/10:9-16:9/246k/245114/155492588/245114_77613-1_IMG_00_0000_max_476x317.jpeg; https://media.rightmove.co.uk:443/dir/crop/10:9-16:9/246k/245114/155492588/245114_77613-1_IMG_01_0000_max_476x317.jpeg; https://media.rightmove.co.uk:443/dir/crop/10:9-16:9/246k/245114/155492588/245114_77613-1_IMG_02_0000_max_476x317.jpeg; https://media.rightmove.co.uk:443/dir/crop/10:9-16:9/246k/245114/155492588/245114_77613-1_IMG_03_0000_max_476x317.jpeg; https://media.rightmove.co.uk:443/dir/crop/10:9-16:9/246k/245114/155492588/245114_77613-1_IMG_04_0000_max_476x317.jpeg; https://media.rightmove.co.uk:443/dir/crop/10:9-16:9/246k/245114/155492588/245114_77613-1_IMG_05_0000_max_476x317.jpeg; https://media.rightmove.co.uk:443/dir/crop/10:9-16:9/246k/245114/155492588/245114_77613-1_IMG_06_0000_max_476x317.jpeg"
"155491286","Newcastle","Serviced Office","William Armstrong Drive, Newcastle upon Tyne","£279 pcm","From","","","Amber Court is an air conditioned two storey office building with office suites in Newcastle Upon Tyne on the Newcastle Business Park. It comprises of almost 27,000 sq. ft. of flexible offic...","https://www.rightmove.co.uk/properties/155491286#/?channel=COM_LET","2024-11-28T17:45:46Z","","new","Marketed by Office Freedom, Office Freedom - Major Cities","","54.962627","-1.650523","https://media.rightmove.co.uk:443/dir/crop/10:9-16:9/246k/245114/155491286/245114_28831-1_IMG_00_0000_max_476x317.jpeg; https://media.rightmove.co.uk:443/dir/crop/10:9-16:9/246k/245114/155491286/245114_28831-1_IMG_01_0000_max_476x317.jpeg; https://media.rightmove.co.uk:443/dir/crop/10:9-16:9/246k/245114/155491286/245114_28831-1_IMG_02_0000_max_476x317.jpeg; https://media.rightmove.co.uk:443/dir/crop/10:9-16:9/246k/245114/155491286/245114_28831-1_IMG_03_0000_max_476x317.jpeg; https://media.rightmove.co.uk:443/dir/crop/10:9-16:9/246k/245114/155491286/245114_28831-1_IMG_04_0000_max_476x317.jpeg; https://media.rightmove.co.uk:443/dir/crop/10:9-16:9/246k/245114/155491286/245114_28831-1_IMG_05_0000_max_476x317.jpeg; https://media.rightmove.co.uk:443/dir/crop/10:9-16:9/246k/245114/155491286/245114_28831-1_IMG_06_0000_max_476x317.jpeg"
"155493752","Newcastle","Serviced Office","Regent Centre Regent Farm Road, Newcastle upon Tyne","£1,464 pcm","From","","","Regent Centre has been one of the North East’s most important office locations for many years. Providing office space in Newcastle for 1 to 1,000, we attract significant occupiers from the N...","https://www.rightmove.co.uk/properties/155493752#/?channel=COM_LET","2024-11-28T18:39:09Z","","new","Marketed by Office Freedom, Office Freedom - Major Cities","","55.011697","-1.622938","https://media.rightmove.co.uk:443/dir/crop/10:9-16:9/246k/245114/155493752/245114_52146-1_IMG_00_0000_max_476x317.jpeg; https://media.rightmove.co.uk:443/dir/crop/10:9-16:9/246k/245114/155493752/245114_52146-1_IMG_01_0000_max_476x317.jpeg; https://media.rightmove.co.uk:443/dir/crop/10:9-16:9/246k/245114/155493752/245114_52146-1_IMG_02_0000_max_476x317.jpeg; https://media.rightmove.co.uk:443/dir/crop/10:9-16:9/246k/245114/155493752/245114_52146-1_IMG_03_0000_max_476x317.jpeg; https://media.rightmove.co.uk:443/dir/crop/10:9-16:9/246k/245114/155493752/245114_52146-1_IMG_04_0000_max_476x317.jpeg; https://media.rightmove.co.uk:443/dir/crop/10:9-16:9/246k/245114/155493752/245114_52146-1_IMG_05_0000_max_476x317.jpeg; https://media.rightmove.co.uk:443/dir/crop/10:9-16:9/246k/245114/155493752/245114_52146-1_IMG_06_0000_max_476x317.jpeg; https://media.rightmove.co.uk:443/dir/crop/10:9-16:9/246k/245114/155493752/245114_52146-1_IMG_07_0000_max_476x317.jpeg; https://media.rightmove.co.uk:443/dir/crop/10:9-16:9/246k/245114/155493752/245114_52146-1_IMG_08_0000_max_476x317.jpeg"
"99445901","Newcastle","Office","Keel House, Garth Heads, Newcastle Upon Tyne, NE1","POA","","","","EAST SUITE, GROUND FLOOR. 2,831 sq ft grade A office suite to let with bespoke fit-out available. Benefitting from an elevated position with panoramic views of the Quayside and access to a private balcony. ","https://www.rightmove.co.uk/properties/99445901#/?channel=COM_LET","2020-11-04T09:46:36Z","","size_change","Marketed by Adderstone Asset Management Limited, Newcastle","","54.97123","-1.60304","https://media.rightmove.co.uk:443/dir/crop/10:9-16:9/181k/180227/99445901/180227_KeelHouse_IMG_25_0000_max_476x317.jpeg; https://media.rightmove.co.uk:443/dir/crop/10:9-16:9/181k/180227/99445901/180227_KeelHouse_IMG_17_0000_max_476x317.jpeg; https://media.rightmove.co.uk:443/dir/crop/10:9-16:9/181k/180227/99445901/180227_KeelHouse_IMG_19_0000_max_476x317.jpeg; https://media.rightmove.co.uk:443/dir/crop/10:9-16:9/181k/180227/99445901/180227_KeelHouse_IMG_09_0000_max_476x317.jpeg; https://media.rightmove.co.uk:443/dir/crop/10:9-16:9/181k/180227/99445901/180227_KeelHouse_IMG_22_0000_max_476x317.jpeg; https://media.rightmove.co.uk:443/dir/crop/10:9-16:9/181k/180227/99445901/180227_KeelHouse_IMG_26_0000_max_476x317.jpeg; https://media.rightmove.co.uk:443/dir/crop/10:9-16:9/181k/180227/99445901/180227_KeelHouse_IMG_24_0000_max_476x317.jpeg; https://media.rightmove.co.uk:443/dir/crop/10:9-16:9/181k/180227/99445901/180227_KeelHouse_IMG_23_0000_max_476x317.jpeg; https://media.rightmove.co.uk:443/dir/crop/10:9-16:9/181k/180227/99445901/180227_KeelHouse_IMG_18_0000_max_476x317.jpeg; https://media.rightmove.co.uk:443/dir/crop/10:9-16:9/181k/180227/99445901/180227_KeelHouse_IMG_20_0000_max_476x317.jpeg; https://media.rightmove.co.uk:443/dir/crop/10:9-16:9/181k/180227/99445901/180227_KeelHouse_IMG_03_0000_max_476x317.jpeg; https://media.rightmove.co.uk:443/dir/crop/10:9-16:9/181k/180227/99445901/180227_KeelHouse_IMG_15_0000_max_476x317.jpeg; https://media.rightmove.co.uk:443/dir/crop/10:9-16:9/181k/180227/99445901/180227_KeelHouse_IMG_13_0000_max_476x317.jpeg; https://media.rightmove.co.uk:443/dir/crop/10:9-16:9/181k/180227/99445901/180227_KeelHouse_IMG_21_0000_max_476x317.jpeg; https://media.rightmove.co.uk:443/dir/crop/10:9-16:9/181k/180227/99445901/180227_KeelHouse_IMG_10_0000_max_476x317.jpeg; https://media.rightmove.co.uk:443/dir/crop/10:9-16:9/181k/180227/99445901/180227_KeelHouse_IMG_11_0000_max_476x317.jpeg; https://media.rightmove.co.uk:443/dir/crop/10:9-16:9/181k/180227/99445901/180227_KeelHouse_IMG_12_0000_max_476x317.jpeg; https://media.rightmove.co.uk:443/dir/crop/10:9-16:9/181k/180227/99445901/180227_KeelHouse_IMG_14_0000_max_476x317.jpeg; https://media.rightmove.co.uk:443/dir/crop/10:9-16:9/181k/180227/99445901/180227_KeelHouse_IMG_16_0000_max_476x317.jpeg; https://media.rightmove.co.uk:443/dir/crop/10:9-16:9/181k/180227/99445901/180227_KeelHouse_IMG_02_0000_max_476x317.jpeg"
"148466510","Newcastle","Office","The Grainger Suite, Dobson House, Regent Farm Road, Gosforth, Newcastle Upon Tyne, NE3 3PF","POA","","","","Office / Serviced Office To Let, Newcastle Upon Tyne","https://www.rightmove.co.uk/properties/148466510#/?channel=COM_LET","2024-05-28T14:32:53Z","","new","Marketed by Avison Young (UK) Limited, Offices","","55.011204","-1.623675","https://media.rightmove.co.uk:443/dir/crop/10:9-16:9/57k/56478/148466510/56478_211783-2_IMG_00_0000_max_476x317.jpeg; https://media.rightmove.co.uk:443/dir/crop/10:9-16:9/57k/56478/148466510/56478_211783-2_IMG_01_0000_max_476x317.jpeg; https://media.rightmove.co.uk:443/dir/crop/10:9-16:9/57k/56478/148466510/56478_211783-2_IMG_02_0000_max_476x317.jpeg; https://media.rightmove.co.uk:443/dir/crop/10:9-16:9/57k/56478/148466510/56478_211783-2_IMG_03_0000_max_476x317.jpeg; https://media.rightmove.co.uk:443/dir/crop/10:9-16:9/57k/56478/148466510/56478_211783-2_IMG_04_0000_max_476x317.jpeg; https://media.rightmove.co.uk:443/dir/crop/10:9-16:9/57k/56478/148466510/56478_211783-2_IMG_05_0000_max_476x317.jpeg; https://media.rightmove.co.uk:443/dir/crop/10:9-16:9/57k/56478/148466510/56478_211783-2_IMG_06_0000_max_476x317.jpeg; https://media.rightmove.co.uk:443/dir/crop/10:9-16:9/57k/56478/148466510/56478_211783-2_IMG_07_0000_max_476x317.jpeg; https://media.rightmove.co.uk:443/dir/crop/10:9-16:9/57k/56478/148466510/56478_211783-2_IMG_08_0000_max_476x317.jpeg; https://media.rightmove.co.uk:443/dir/crop/10:9-16:9/57k/56478/148466510/56478_211783-2_IMG_09_0000_max_476x317.jpeg; https://media.rightmove.co.uk:443/dir/crop/10:9-16:9/57k/56478/148466510/56478_211783-2_IMG_10_0000_max_476x317.jpeg"
"148617686","Newcastle","Office","Partnership House, Regent Centre, Newcastle-Upon-Tyne, NE3 4PL","£13,270 pcm","","","","Fully CAT A refurbished office floorplates. Per sq ft £15.00 per sq ft Partnership House is a landmark Grade A office building in a firmly established business location, offering superb public transport connectivity -	Impressive double height reception area -	On site Café' and ...","https://www.rightmove.co.uk/properties/148617686#/?channel=COM_LET","2024-05-31T17:14:48Z","","size_change","Marketed by Knight Frank, Newcastle - Commercial","","55.0103","-1.6267","https://media.rightmove.co.uk:443/dir/crop/10:9-16:9/156k/155516/148617686/155516_CPD260085_IMG_00_0005_max_476x317.jpeg; https://media.rightmove.co.uk:443/dir/crop/10:9-16:9/156k/155516/148617686/155516_CPD260085_IMG_01_0005_max_476x317.jpeg; https://media.rightmove.co.uk:443/dir/crop/10:9-16:9/156k/155516/148617686/155516_CPD260085_IMG_02_0005_max_476x317.jpeg; https://media.rightmove.co.uk:443/dir/crop/10:9-16:9/156k/155516/148617686/155516_CPD260085_IMG_03_0005_max_476x317.jpeg; https://media.rightmove.co.uk:443/dir/crop/10:9-16:9/156k/155516/148617686/155516_CPD260085_IMG_04_0005_max_476x317.jpeg"
"134386973","Newcastle","Office","St. Nicholas Building, St. Nicholas Street, Newcastle Upon Tyne, NE1 1RF","£4,211 pcm","","","","Prime office location within 5 min walk of Central Station, offering Grade A suites from 2,297 sq ft to 9,260 sq ft","https://www.rightmove.co.uk/properties/134386973#/?channel=COM_LET","2023-05-03T15:09:48Z","","new","Marketed by Savills, Newcastle - Offices","","54.969452","-1.611458","https://media.rightmove.co.uk:443/dir/crop/10:9-16:9/82k/81666/134386973/81666_150679-2_IMG_00_0001_max_476x317.jpeg; https://media.rightmove.co.uk:443/dir/crop/10:9-16:9/82k/81666/134386973/81666_150679-2_IMG_01_0001_max_476x317.jpeg; https://media.rightmove.co.uk:443/dir/crop/10:9-16:9/82k/81666/134386973/81666_150679-2_IMG_02_0001_max_476x317.jpeg; https://media.rightmove.co.uk:443/dir/crop/10:9-16:9/82k/81666/134386973/81666_150679-2_IMG_03_0001_max_476x317.jpeg; https://media.rightmove.co.uk:443/dir/crop/10:9-16:9/82k/81666/134386973/81666_150679-2_IMG_04_0001_max_476x317.jpeg"
"148465760","Newcastle","Office","Q15, Quorum Park, Benton Lane, Newcastle Upon Tyne, NE12 8BU","£14,369 pcm","","","","Office To Let, Newcastle upon Tyne","https://www.rightmove.co.uk/properties/148465760#/?channel=COM_LET","2024-05-28T14:26:17Z","","size_change","Marketed by Avison Young (UK) Limited, Offices","","55.02128","-1.579086","https://media.rightmove.co.uk:443/dir/crop/10:9-16:9/57k/56478/148465760/56478_109642-2_IMG_00_0000_max_476x317.jpeg; https://media.rightmove.co.uk:443/dir/crop/10:9-16:9/57k/56478/148465760/56478_109642-2_IMG_01_0000_max_476x317.jpeg"
"134155364","Newcastle","Office","35A Side, Quayside, Newcastle Upon Tyne, NE1 3JE","£1,875 pcm","","","","Opportunity To Let Office Accommodation on Newcastle Quayside, 113.49 sq m (1,222 sq ft).","https://www.rightmove.co.uk/properties/134155364#/?channel=COM_LET","2023-04-27T09:13:47Z","","new","Marketed by BNP Paribas Real Estate Advisory & Property Management UK Limited, Newcastle","","54.9693","-1.60889","https://media.rightmove.co.uk:443/dir/crop/10:9-16:9/242k/241244/134155364/241244_70051-2_IMG_24_0000_max_476x317.jpeg; https://media.rightmove.co.uk:443/dir/crop/10:9-16:9/242k/241244/134155364/241244_70051-2_IMG_17_0000_max_476x317.jpeg; https://media.rightmove.co.uk:443/dir/crop/10:9-16:9/242k/241244/134155364/241244_70051-2_IMG_19_0000_max_476x317.jpeg; https://media.rightmove.co.uk:443/dir/crop/10:9-16:9/242k/241244/134155364/241244_70051-2_IMG_14_0000_max_476x317.jpeg; https://media.rightmove.co.uk:443/dir/crop/10:9-16:9/242k/241244/134155364/241244_70051-2_IMG_16_0000_max_476x317.jpeg; https://media.rightmove.co.uk:443/dir/crop/10:9-16:9/242k/241244/134155364/241244_70051-2_IMG_15_0000_max_476x317.jpeg; https://media.rightmove.co.uk:443/dir/crop/10:9-16:9/242k/241244/134155364/241244_70051-2_IMG_18_0000_max_476x317.jpeg; https://media.rightmove.co.uk:443/dir/crop/10:9-16:9/242k/241244/134155364/241244_70051-2_IMG_20_0000_max_476x317.jpeg; https://media.rightmove.co.uk:443/dir/crop/10:9-16:9/242k/241244/134155364/241244_70051-2_IMG_21_0000_max_476x317.jpeg; https://media.rightmove.co.uk:443/dir/crop/10:9-16:9/242k/241244/134155364/241244_70051-2_IMG_22_0000_max_476x317.jpeg; https://media.rightmove.co.uk:443/dir/crop/10:9-16:9/242k/241244/134155364/241244_70051-2_IMG_23_0000_max_476x317.jpeg; https://media.rightmove.co.uk:443/dir/crop/10:9-16:9/242k/241244/134155364/241244_70051-2_IMG_02_0001_max_476x317.jpeg"
"133144484","Newcastle","Serviced Office","Collingwood Buildings, 38 Collingwood Street, Newcastle, NE1 1JF","£160 pcm","From","","","Only 5 mins walk from Newcastle Station with 24 hours & 7 days access","https://www.rightmove.co.uk/properties/133144484#/?channel=COM_LET","2023-03-31T15:50:36Z","","new","Marketed by Collingwood Buildings, Newcastle Upon Tyne","","54.96998","-1.61336","https://media.rightmove.co.uk:443/dir/crop/10:9-16:9/83k/82272/133144484/82272_Collingwood_IMG_00_0000_max_476x317.jpeg; https://media.rightmove.co.uk:443/dir/crop/10:9-16:9/83k/82272/133144484/82272_Collingwood_IMG_01_0000_max_476x317.jpeg; https://media.rightmove.co.uk:443/dir/crop/10:9-16:9/83k/82272/133144484/82272_Collingwood_IMG_02_0000_max_476x317.jpeg; https://media.rightmove.co.uk:443/dir/crop/10:9-16:9/83k/82272/133144484/82272_Collingwood_IMG_03_0000_max_476x317.jpeg; https://media.rightmove.co.uk:443/dir/crop/10:9-16:9/83k/82272/133144484/82272_Collingwood_IMG_04_0000_max_476x317.jpeg; https://media.rightmove.co.uk:443/dir/crop/10:9-16:9/83k/82272/133144484/82272_Collingwood_IMG_05_0000_max_476x317.jpeg; https://media.rightmove.co.uk:443/dir/crop/10:9-16:9/83k/82272/133144484/82272_Collingwood_IMG_06_0000_max_476x317.jpeg; https://media.rightmove.co.uk:443/dir/crop/10:9-16:9/83k/82272/133144484/82272_Collingwood_IMG_07_0000_max_476x317.jpeg; https://media.rightmove.co.uk:443/dir/crop/10:9-16:9/83k/82272/133144484/82272_Collingwood_IMG_08_0000_max_476x317.jpeg"
"140308034","Newcastle","Office","Collingwood Buildings, 38 Collingwood Street, Newcastle, NE1 1JF","£160 pcm","From","","","Only 5 mins walk from Newcastle Station with 24 hours & 7 days access","https://www.rightmove.co.uk/properties/140308034#/?channel=COM_LET","2023-09-22T11:34:50Z","","new","Marketed by Collingwood Buildings, Newcastle Upon Tyne","","54.96998","-1.61336","https://media.rightmove.co.uk:443/dir/crop/10:9-16:9/property-photo/2e4f306ed/140308034/2e4f306ed0590aa442f4d7e58e66cc43_max_476x317.jpeg; https://media.rightmove.co.uk:443/dir/crop/10:9-16:9/property-photo/87c92aa8d/140308034/87c92aa8d74037de4bcbf875456feb45_max_476x317.jpeg; https://media.rightmove.co.uk:443/dir/crop/10:9-16:9/property-photo/0491f5cd1/140308034/0491f5cd11d42bde161a53bea3227136_max_476x317.jpeg; https://media.rightmove.co.uk:443/dir/crop/10:9-16:9/property-photo/f4d9d20e8/140308034/f4d9d20e868d58e81ff78dc1068d3965_max_476x317.jpeg; https://media.rightmove.co.uk:443/dir/crop/10:9-16:9/property-photo/595648f99/140308034/595648f99db5246875b8f7c06bc9c3b4_max_476x317.jpeg; https://media.rightmove.co.uk:443/dir/crop/10:9-16:9/property-photo/fffe36e24/140308034/fffe36e24d92a33d0a5b633fddd8da1a_max_476x317.jpeg; https://media.rightmove.co.uk:443/dir/crop/10:9-16:9/property-photo/258d7aaef/140308034/258d7aaefd711436d7e56526041d2e58_max_476x317.jpeg; https://media.rightmove.co.uk:443/dir/crop/10:9-16:9/property-photo/6327a080c/140308034/6327a080ca0d2e6f59a9f55d8c5bbe82_max_476x317.jpeg; https://media.rightmove.co.uk:443/dir/crop/10:9-16:9/property-photo/e544bd2e1/140308034/e544bd2e14b34217b5219c5dad870efe_max_476x317.jpeg"
"148622432","Newcastle","Office","One Founder's Place, Newcastle upon Tyne, NE1","POA","","","","Brand New 100,000 sq.ft Office Development in Central Newcastle One Founder's Place combines breath-taking architecture and design, with sustainability and wellbeing at its heart. Allford Hall Monaghan Morris, have created a workplace which is flooded with natural light and has stunning panora...","https://www.rightmove.co.uk/properties/148622432#/?channel=COM_LET","2024-05-31T18:06:18Z","","new","Marketed by Knight Frank, Newcastle - Commercial","","54.966961","-1.617634","https://media.rightmove.co.uk:443/dir/crop/10:9-16:9/156k/155516/148622432/155516_NCC012372404_IMG_00_0005_max_476x317.jpeg; https://media.rightmove.co.uk:443/dir/crop/10:9-16:9/156k/155516/148622432/155516_NCC012372404_IMG_01_0005_max_476x317.jpeg; https://media.rightmove.co.uk:443/dir/crop/10:9-16:9/156k/155516/148622432/155516_NCC012372404_IMG_02_0005_max_476x317.jpeg; https://media.rightmove.co.uk:443/dir/crop/10:9-16:9/156k/155516/148622432/155516_NCC012372404_IMG_03_0005_max_476x317.jpeg; https://media.rightmove.co.uk:443/dir/crop/10:9-16:9/156k/155516/148622432/155516_NCC012372404_IMG_04_0005_max_476x317.jpeg; https://media.rightmove.co.uk:443/dir/crop/10:9-16:9/156k/155516/148622432/155516_NCC012372404_IMG_05_0005_max_476x317.jpeg"
"114545996","Newcastle","Office","Arden House, Regent Centre, Gosforth, Newcastle Upon Tyne, NE3 3LZ","£1,000 pcm","","","","Opportunity To Let Good quality refurbished offices within Arden House within the Regent Centre.","https://www.rightmove.co.uk/properties/114545996#/?channel=COM_LET","2021-10-08T11:56:00Z","","size_change","Marketed by BNP Paribas Real Estate Advisory & Property Management UK Limited, Newcastle","","55.0112","-1.62272","https://media.rightmove.co.uk:443/dir/crop/10:9-16:9/property-photo/04b8de819/114545996/04b8de81994c71a1a127a62abacce3af_max_476x317.jpeg; https://media.rightmove.co.uk:443/dir/crop/10:9-16:9/property-photo/35bb4305f/114545996/35bb4305f77ab6c40be55c79e2659c67_max_476x317.jpeg; https://media.rightmove.co.uk:443/dir/crop/10:9-16:9/property-photo/8c346c905/114545996/8c346c905ce74dc90ad41dfbbc5bc77a_max_476x317.jpeg; https://media.rightmove.co.uk:443/dir/crop/10:9-16:9/property-photo/bc3017468/114545996/bc3017468faf8225980e22896a5657b8_max_476x317.jpeg; https://media.rightmove.co.uk:443/dir/crop/10:9-16:9/property-photo/cf7fbd774/114545996/cf7fbd774adc96a6ba3fe2463daa0fb7_max_476x317.jpeg; https://media.rightmove.co.uk:443/dir/crop/10:9-16:9/property-photo/895e0f544/114545996/895e0f54437128c7e2dc1c30b46d5843_max_476x317.jpeg; https://media.rightmove.co.uk:443/dir/crop/10:9-16:9/property-photo/ef9a8fc28/114545996/ef9a8fc28fd0dc5ebbeda3faa649d0d0_max_476x317.jpeg; https://media.rightmove.co.uk:443/dir/crop/10:9-16:9/property-photo/d6d3b04a0/114545996/d6d3b04a011307dfb521f78883c204ca_max_476x317.jpeg; https://media.rightmove.co.uk:443/dir/crop/10:9-16:9/property-photo/af84b53c3/114545996/af84b53c3b20bd3a4eb9c28e3e78334c_max_476x317.jpeg; https://media.rightmove.co.uk:443/dir/crop/10:9-16:9/property-photo/9f5a0e7d2/114545996/9f5a0e7d2e865d72ec7729741ecd6dfb_max_476x317.jpeg; https://media.rightmove.co.uk:443/dir/crop/10:9-16:9/property-photo/f450e8a32/114545996/f450e8a32d385826742b3f66afbec73f_max_476x317.jpeg; https://media.rightmove.co.uk:443/dir/crop/10:9-16:9/property-photo/7d625080d/114545996/7d625080d2f1c4a00851a36108b0027e_max_476x317.jpeg; https://media.rightmove.co.uk:443/dir/crop/10:9-16:9/property-photo/b2e812640/114545996/b2e812640a320a933503fb7414e81c03_max_476x317.jpeg; https://media.rightmove.co.uk:443/dir/crop/10:9-16:9/property-photo/d7ab13928/114545996/d7ab139280108c6ae44c4b290bacef45_max_476x317.jpeg"
"75114606","Newcastle","Office","Flexi Officies Newcastle, Industry Road, Newcastle Upon Tyne, Tyne And Wear, NE6","POA","","","","Yes these are actual offices for rental. We are not just all about storage. Our modern, flexible offices can be rented for as little as four weeks - so no long leases - and come in a range of sizes to exactly suit your needs. We have no long contracts on our offices. Our agreement is 28 days, wit...","https://www.rightmove.co.uk/properties/75114606#/?channel=COM_LET","2020-11-09T12:43:45Z","","size_change","Marketed by Armadillo Self Storage, Newcastle","","54.994249","-1.562999","https://media.rightmove.co.uk:443/dir/crop/10:9-16:9/201k/200606/75114606/200606_123LH_IMG_00_0000_max_476x317.jpeg; https://media.rightmove.co.uk:443/dir/crop/10:9-16:9/201k/200606/75114606/200606_123LH_IMG_01_0002_max_476x317.jpeg; https://media.rightmove.co.uk:443/dir/crop/10:9-16:9/201k/200606/75114606/200606_123LH_IMG_02_0002_max_476x317.jpeg; https://media.rightmove.co.uk:443/dir/crop/10:9-16:9/201k/200606/75114606/200606_123LH_IMG_03_0002_max_476x317.jpeg; https://media.rightmove.co.uk:443/dir/crop/10:9-16:9/201k/200606/75114606/200606_123LH_IMG_04_0002_max_476x317.jpeg; https://media.rightmove.co.uk:443/dir/crop/10:9-16:9/201k/200606/75114606/200606_123LH_IMG_05_0002_max_476x317.jpeg; https://media.rightmove.co.uk:443/dir/crop/10:9-16:9/201k/200606/75114606/200606_123LH_IMG_06_0002_max_476x317.jpeg; https://media.rightmove.co.uk:443/dir/crop/10:9-16:9/201k/200606/75114606/200606_123LH_IMG_07_0002_max_476x317.jpeg; https://media.rightmove.co.uk:443/dir/crop/10:9-16:9/201k/200606/75114606/200606_123LH_IMG_08_0002_max_476x317.jpeg"
"124512011","Newcastle","Office","The Lightbox, Quorum Business Park, Newcastle Upon Tyne, NE12 8EZ","£11,943 pcm","","","","High quality Grade A space","https://www.rightmove.co.uk/properties/124512011#/?channel=COM_LET","2022-06-30T13:39:17Z","","size_change","Marketed by Savills, Newcastle - Offices","","55.018816","-1.583048","https://media.rightmove.co.uk:443/dir/crop/10:9-16:9/82k/81666/124512011/81666_108703-2_IMG_00_0000_max_476x317.jpeg"
"131399117","Newcastle","Commercial Property","Cameron House, Suite 2, East Wing Office Suites, Pinetree Way, MetroCentre","£742 pcm","","","","Unit to let. Ground floor office suites. Office areas from 38.86sq.m. (418.55 sq.f.t) to 53.48 sq.m. (575.65 sq.ft.). New lease terms available. Well presented office suites, located within the popular MetroCentre area. Excellent transport links. Communal lobby area. Reception area with kitchen ...","https://www.rightmove.co.uk/properties/131399117#/?channel=COM_LET","2023-02-03T17:06:59Z","","new","Marketed by Rook Matthews Sayer, Newcastle Upon Tyne - Commercial Properties","","54.958679","-1.677807","https://media.rightmove.co.uk:443/dir/crop/10:9-16:9/64k/63935/131399117/63935_11857884_IMG_00_0000_max_476x317.jpeg; https://media.rightmove.co.uk:443/dir/crop/10:9-16:9/64k/63935/131399117/63935_11857884_IMG_01_0000_max_476x317.jpeg; https://media.rightmove.co.uk:443/dir/crop/10:9-16:9/64k/63935/131399117/63935_11857884_IMG_02_0000_max_476x317.jpeg; https://media.rightmove.co.uk:443/dir/crop/10:9-16:9/64k/63935/131399117/63935_11857884_IMG_03_0000_max_476x317.jpeg; https://media.rightmove.co.uk:443/dir/crop/10:9-16:9/64k/63935/131399117/63935_11857884_IMG_04_0000_max_476x317.jpeg; https://media.rightmove.co.uk:443/dir/crop/10:9-16:9/64k/63935/131399117/63935_11857884_IMG_05_0000_max_476x317.jpeg; https://media.rightmove.co.uk:443/dir/crop/10:9-16:9/64k/63935/131399117/63935_11857884_IMG_06_0000_max_476x317.jpeg; https://media.rightmove.co.uk:443/dir/crop/10:9-16:9/64k/63935/131399117/63935_11857884_IMG_07_0000_max_476x317.jpeg; https://media.rightmove.co.uk:443/dir/crop/10:9-16:9/64k/63935/131399117/63935_11857884_IMG_08_0000_max_476x317.jpeg"
"130833794","Newcastle","Serviced Office","Quick Silver Way, Newcastle Upon Tyne, NE27","£139 pcm","","","4","Access professional coworking space in Regus Cobalt Business Park Newcastle","https://www.rightmove.co.uk/properties/130833794#/?channel=COM_LET","2023-01-18T13:26:25Z","","new","Marketed by IW Group Services (UK) Limited, Regus","","55.02249","-1.51291","https://media.rightmove.co.uk:443/dir/crop/10:9-16:9/130k/129853/130833794/129853_UKbwg6304_IMG_01_0001_max_476x317.jpeg; https://media.rightmove.co.uk:443/dir/crop/10:9-16:9/130k/129853/130833794/129853_UKbwg6304_IMG_03_0001_max_476x317.jpeg; https://media.rightmove.co.uk:443/dir/crop/10:9-16:9/130k/129853/130833794/129853_UKbwg6304_IMG_04_0000_max_476x317.jpeg; https://media.rightmove.co.uk:443/dir/crop/10:9-16:9/130k/129853/130833794/129853_UKbwg6304_IMG_02_0001_max_476x317.jpeg; https://media.rightmove.co.uk:443/dir/crop/10:9-16:9/130k/129853/130833794/129853_UKbwg6304_IMG_00_0001_max_476x317.jpeg; https://media.rightmove.co.uk:443/dir/crop/10:9-16:9/130k/129853/130833794/129853_UKbwg6304_IMG_05_0000_max_476x317.jpeg"
"130831295","Newcastle","Serviced Office","Quick Silver Way, Newcastle Upon Tyne, NE27","£195 pcm","","","4","Unlimited office access in Regus Cobalt Business Park Newcastle","https://www.rightmove.co.uk/properties/130831295#/?channel=COM_LET","2023-01-18T12:45:59Z","","new","Marketed by IW Group Services (UK) Limited, Regus","","55.02249","-1.51291","https://media.rightmove.co.uk:443/dir/crop/10:9-16:9/130k/129853/130831295/129853_UKbwp6304_IMG_07_0000_max_476x317.jpeg; https://media.rightmove.co.uk:443/dir/crop/10:9-16:9/130k/129853/130831295/129853_UKbwp6304_IMG_02_0001_max_476x317.jpeg; https://media.rightmove.co.uk:443/dir/crop/10:9-16:9/130k/129853/130831295/129853_UKbwp6304_IMG_08_0000_max_476x317.jpeg; https://media.rightmove.co.uk:443/dir/crop/10:9-16:9/130k/129853/130831295/129853_UKbwp6304_IMG_05_0000_max_476x317.jpeg; https://media.rightmove.co.uk:443/dir/crop/10:9-16:9/130k/129853/130831295/129853_UKbwp6304_IMG_06_0000_max_476x317.jpeg; https://media.rightmove.co.uk:443/dir/crop/10:9-16:9/130k/129853/130831295/129853_UKbwp6304_IMG_00_0001_max_476x317.jpeg; https://media.rightmove.co.uk:443/dir/crop/10:9-16:9/130k/129853/130831295/129853_UKbwp6304_IMG_03_0001_max_476x317.jpeg; https://media.rightmove.co.uk:443/dir/crop/10:9-16:9/130k/129853/130831295/129853_UKbwp6304_IMG_04_0001_max_476x317.jpeg; https://media.rightmove.co.uk:443/dir/crop/10:9-16:9/130k/129853/130831295/129853_UKbwp6304_IMG_01_0001_max_476x317.jpeg"
"130106363","Newcastle","Light Industrial","Portland Terrace, Newcastle Upon Tyne, Tyne And Wear, NE2 1QS","£25,000 pcm","","","","Former bus depot available to let as a whole. Edge of Newcastle City Centre location in Jesmond and close to the A167(M). Vehicle access provided from Portland Terrace via large wooden concertina doors. Grade II listed building within South Jesmond Conservation Area.","https://www.rightmove.co.uk/properties/130106363#/?channel=COM_LET","2022-12-19T18:08:02Z","","new","Marketed by HTA REAL ESTATE LIMITED, Newcastle","","54.982606","-1.602828","https://media.rightmove.co.uk:443/dir/crop/10:9-16:9/71k/70173/130106363/70173_336LH_IMG_00_0001_max_476x317.jpeg; https://media.rightmove.co.uk:443/dir/crop/10:9-16:9/71k/70173/130106363/70173_336LH_IMG_01_0001_max_476x317.jpeg; https://media.rightmove.co.uk:443/dir/crop/10:9-16:9/71k/70173/130106363/70173_336LH_IMG_02_0001_max_476x317.jpeg; https://media.rightmove.co.uk:443/dir/crop/10:9-16:9/71k/70173/130106363/70173_336LH_IMG_03_0001_max_476x317.jpeg; https://media.rightmove.co.uk:443/dir/crop/10:9-16:9/71k/70173/130106363/70173_336LH_IMG_04_0001_max_476x317.jpeg; https://media.rightmove.co.uk:443/dir/crop/10:9-16:9/71k/70173/130106363/70173_336LH_IMG_05_0001_max_476x317.jpeg; https://media.rightmove.co.uk:443/dir/crop/10:9-16:9/71k/70173/130106363/70173_336LH_IMG_06_0001_max_476x317.jpeg; https://media.rightmove.co.uk:443/dir/crop/10:9-16:9/71k/70173/130106363/70173_336LH_IMG_07_0001_max_476x317.jpeg; https://media.rightmove.co.uk:443/dir/crop/10:9-16:9/71k/70173/130106363/70173_336LH_IMG_08_0001_max_476x317.jpeg; https://media.rightmove.co.uk:443/dir/crop/10:9-16:9/71k/70173/130106363/70173_336LH_IMG_09_0001_max_476x317.jpeg"
"96295598","Newcastle","Office","Fourth Floor, Gainsborough House 34-40, Grey Street, Newcastle Upon Tyne, NE1 6AE","£5,000 pcm","From","","","**FLEXIBLE TERMS / RECONFIGURED TO SUIT REQUIREMENTS AVAILABLE**Grade A office space from approx. 2,500 to 5,152 sq. ft. *FOURTH FLOOR*","https://www.rightmove.co.uk/properties/96295598#/?channel=COM_LET","2020-08-20T12:54:41Z","","new","Marketed by Adderstone Asset Management Limited, Newcastle","","54.97135","-1.61085","https://media.rightmove.co.uk:443/dir/crop/10:9-16:9/181k/180227/96295598/180227_GHouse2_IMG_06_0000_max_476x317.jpg; https://media.rightmove.co.uk:443/dir/crop/10:9-16:9/181k/180227/96295598/180227_GHouse2_IMG_31_0000_max_476x317.jpeg; https://media.rightmove.co.uk:443/dir/crop/10:9-16:9/181k/180227/96295598/180227_GHouse2_IMG_16_0000_max_476x317.jpg; https://media.rightmove.co.uk:443/dir/crop/10:9-16:9/181k/180227/96295598/180227_GHouse2_IMG_01_0000_max_476x317.jpg; https://media.rightmove.co.uk:443/dir/crop/10:9-16:9/181k/180227/96295598/180227_GHouse2_IMG_27_0000_max_476x317.jpg; https://media.rightmove.co.uk:443/dir/crop/10:9-16:9/181k/180227/96295598/180227_GHouse2_IMG_29_0000_max_476x317.jpg; https://media.rightmove.co.uk:443/dir/crop/10:9-16:9/181k/180227/96295598/180227_GHouse2_IMG_03_0000_max_476x317.jpg; https://media.rightmove.co.uk:443/dir/crop/10:9-16:9/181k/180227/96295598/180227_GHouse2_IMG_05_0000_max_476x317.jpg; https://media.rightmove.co.uk:443/dir/crop/10:9-16:9/181k/180227/96295598/180227_GHouse2_IMG_17_0000_max_476x317.jpg; https://media.rightmove.co.uk:443/dir/crop/10:9-16:9/181k/180227/96295598/180227_GHouse2_IMG_18_0000_max_476x317.jpg; https://media.rightmove.co.uk:443/dir/crop/10:9-16:9/181k/180227/96295598/180227_GHouse2_IMG_26_0000_max_476x317.jpg; https://media.rightmove.co.uk:443/dir/crop/10:9-16:9/181k/180227/96295598/180227_GHouse2_IMG_00_0000_max_476x317.jpg; https://media.rightmove.co.uk:443/dir/crop/10:9-16:9/181k/180227/96295598/180227_GHouse2_IMG_07_0000_max_476x317.jpg; https://media.rightmove.co.uk:443/dir/crop/10:9-16:9/181k/180227/96295598/180227_GHouse2_IMG_32_0000_max_476x317.jpeg; https://media.rightmove.co.uk:443/dir/crop/10:9-16:9/181k/180227/96295598/180227_GHouse2_IMG_30_0000_max_476x317.jpeg; https://media.rightmove.co.uk:443/dir/crop/10:9-16:9/181k/180227/96295598/180227_GHouse2_IMG_28_0000_max_476x317.jpg; https://media.rightmove.co.uk:443/dir/crop/10:9-16:9/181k/180227/96295598/180227_GHouse2_IMG_38_0000_max_476x317.jpeg; https://media.rightmove.co.uk:443/dir/crop/10:9-16:9/181k/180227/96295598/180227_GHouse2_IMG_15_0000_max_476x317.jpg; https://media.rightmove.co.uk:443/dir/crop/10:9-16:9/181k/180227/96295598/180227_GHouse2_IMG_36_0000_max_476x317.jpeg; https://media.rightmove.co.uk:443/dir/crop/10:9-16:9/181k/180227/96295598/180227_GHouse2_IMG_34_0000_max_476x317.jpeg; https://media.rightmove.co.uk:443/dir/crop/10:9-16:9/181k/180227/96295598/180227_GHouse2_IMG_35_0000_max_476x317.jpeg; https://media.rightmove.co.uk:443/dir/crop/10:9-16:9/181k/180227/96295598/180227_GHouse2_IMG_13_0000_max_476x317.jpg; https://media.rightmove.co.uk:443/dir/crop/10:9-16:9/181k/180227/96295598/180227_GHouse2_IMG_33_0000_max_476x317.jpeg; https://media.rightmove.co.uk:443/dir/crop/10:9-16:9/181k/180227/96295598/180227_GHouse2_IMG_24_0000_max_476x317.jpg"
"148465550","Newcastle","Office","Broadacre House, Market Street East, Newcastle Upon Tyne, NE1 6HQ","POA","","","","Office To Let, Newcastle Upon Tyne","https://www.rightmove.co.uk/properties/148465550#/?channel=COM_LET","2024-05-28T14:24:07Z","","size_change","Marketed by Avison Young (UK) Limited, Offices","","54.973495","-1.608874","https://media.rightmove.co.uk:443/dir/crop/10:9-16:9/property-photo/7a924d14d/148465550/7a924d14dc2930db7f137dcee33c9e8a_max_476x317.jpeg; https://media.rightmove.co.uk:443/dir/crop/10:9-16:9/property-photo/e09fc87e5/148465550/e09fc87e562ba3285829c2e233975e31_max_476x317.jpeg; https://media.rightmove.co.uk:443/dir/crop/10:9-16:9/property-photo/afca92345/148465550/afca92345639f3313a531ac20aa24dd7_max_476x317.jpeg; https://media.rightmove.co.uk:443/dir/crop/10:9-16:9/property-photo/762a6f9a5/148465550/762a6f9a51ec72efc6b9a5b11f78b4c0_max_476x317.jpeg; https://media.rightmove.co.uk:443/dir/crop/10:9-16:9/property-photo/dc66422bc/148465550/dc66422bc1948dc311374971c254bd0b_max_476x317.jpeg; https://media.rightmove.co.uk:443/dir/crop/10:9-16:9/property-photo/74e52ce05/148465550/74e52ce05177b3756efb06e26e0e92aa_max_476x317.jpeg; https://media.rightmove.co.uk:443/dir/crop/10:9-16:9/property-photo/f4d2de0a2/148465550/f4d2de0a2a256bbb0881fe2d662581ec_max_476x317.jpeg; https://media.rightmove.co.uk:443/dir/crop/10:9-16:9/property-photo/9522359bc/148465550/9522359bcdb6fab561a5f2b563444117_max_476x317.jpeg"
"148622183","Newcastle","Office","Broadacre House, Market Street East, Newcastle, NE1","£4,407 pcm","","","","City Centre Office Accommodation Per sq ft £18.00 per sq ft Broadacre House offers open plan office accommodation in Central Newcastle. The office is accessed via a door access security system and benefit from the provision of a manned reception which provides an ...","https://www.rightmove.co.uk/properties/148622183#/?channel=COM_LET","2024-05-31T18:02:49Z","","new","Marketed by Knight Frank, Newcastle - Commercial","","54.973474","-1.608838","https://media.rightmove.co.uk:443/dir/crop/10:9-16:9/156k/155516/148622183/155516_NCC012254602_IMG_00_0001_max_476x317.jpeg; https://media.rightmove.co.uk:443/dir/crop/10:9-16:9/156k/155516/148622183/155516_NCC012254602_IMG_01_0001_max_476x317.jpeg; https://media.rightmove.co.uk:443/dir/crop/10:9-16:9/156k/155516/148622183/155516_NCC012254602_IMG_02_0001_max_476x317.jpeg; https://media.rightmove.co.uk:443/dir/crop/10:9-16:9/156k/155516/148622183/155516_NCC012254602_IMG_03_0001_max_476x317.jpeg"
"123346982","Newcastle","Office","St. James Gate, Newcastle Upon Tyne, Tyne And Wear, NE1","£7,906 pcm","From","","","CREATIVE GRADE A CITY CENTRE OFFICES- SELF CONTAINED- EXCLUSIVE ADDRESS- HIGHLY VISABLE LOCATION- FIRST-RATE WORKING ENVIRONMENT- BEAUTIFUL LANDSCAPED COURTYARD PLAZANo.3 St James Gate offers two new Grade A office suites to the Newcastle City Centre market.The units are finished with s...","https://www.rightmove.co.uk/properties/123346982#/?channel=COM_LET","2022-05-13T17:02:18Z","","price_reduced","Marketed by Naylors Gavin Black LLP, Newcastle Upon Tyne","","54.966347","-1.622716","https://media.rightmove.co.uk:443/dir/crop/10:9-16:9/101k/100681/123346982/100681_2875LH_IMG_00_0001_max_476x317.jpeg; https://media.rightmove.co.uk:443/dir/crop/10:9-16:9/101k/100681/123346982/100681_2875LH_IMG_05_0001_max_476x317.jpeg; https://media.rightmove.co.uk:443/dir/crop/10:9-16:9/101k/100681/123346982/100681_2875LH_IMG_04_0001_max_476x317.jpeg; https://media.rightmove.co.uk:443/dir/crop/10:9-16:9/101k/100681/123346982/100681_2875LH_IMG_01_0001_max_476x317.jpeg; https://media.rightmove.co.uk:443/dir/crop/10:9-16:9/101k/100681/123346982/100681_2875LH_IMG_02_0005_max_476x317.jpeg"
"722864410496752","Newcastle","Office","4 Quick Silver Way, Cobalt Business Park, Newcastle upon Tyne, NE27 0QQ","£71,816 pcm","","","","Grade A Office To Rent At Cobalt Business Park Extending To 52,120 sq ft","https://www.rightmove.co.uk/properties/722864410496752#/?channel=COM_LET","2025-12-03T10:53:09Z","","new","Marketed by Parker Knights, Newcastle","","55.022556","-1.512891","https://media.rightmove.co.uk:443/dir/crop/10:9-16:9/253k/252818/722864410496752/252818_273736-2_IMG_00_0000_max_476x317.jpeg; https://media.rightmove.co.uk:443/dir/crop/10:9-16:9/253k/252818/722864410496752/252818_273736-2_IMG_01_0000_max_476x317.jpeg; https://media.rightmove.co.uk:443/dir/crop/10:9-16:9/253k/252818/722864410496752/252818_273736-2_IMG_02_0000_max_476x317.jpeg; https://media.rightmove.co.uk:443/dir/crop/10:9-16:9/253k/252818/722864410496752/252818_273736-2_IMG_03_0000_max_476x317.jpeg; https://media.rightmove.co.uk:443/dir/crop/10:9-16:9/253k/252818/722864410496752/252818_273736-2_IMG_04_0000_max_476x317.jpeg; https://media.rightmove.co.uk:443/dir/crop/10:9-16:9/253k/252818/722864410496752/252818_273736-2_IMG_05_0000_max_476x317.jpeg; https://media.rightmove.co.uk:443/dir/crop/10:9-16:9/253k/252818/722864410496752/252818_273736-2_IMG_06_0000_max_476x317.jpeg; https://media.rightmove.co.uk:443/dir/crop/10:9-16:9/253k/252818/722864410496752/252818_273736-2_IMG_07_0000_max_476x317.jpeg; https://media.rightmove.co.uk:443/dir/crop/10:9-16:9/253k/252818/722864410496752/252818_273736-2_IMG_08_0000_max_476x317.jpeg; https://media.rightmove.co.uk:443/dir/crop/10:9-16:9/253k/252818/722864410496752/252818_273736-2_IMG_09_0000_max_476x317.jpeg; https://media.rightmove.co.uk:443/dir/crop/10:9-16:9/253k/252818/722864410496752/252818_273736-2_IMG_10_0000_max_476x317.jpeg; https://media.rightmove.co.uk:443/dir/crop/10:9-16:9/253k/252818/722864410496752/252818_273736-2_IMG_11_0000_max_476x317.jpeg"
"124512773","Newcastle","Office","Q15, Quorum Business Park, Newcastle Upon Tyne, NE12 8BX","£14,372 pcm","","","","High quality Grade A office accommodation","https://www.rightmove.co.uk/properties/124512773#/?channel=COM_LET","2022-06-30T13:53:10Z","","new","Marketed by Savills, Newcastle - Offices","","55.021015","-1.576786","https://media.rightmove.co.uk:443/dir/crop/10:9-16:9/82k/81666/124512773/81666_108707-2_IMG_00_0000_max_476x317.jpeg"
"124509563","Newcastle","Office","Percy House, Percy Street, Newcastle Upon Tyne, NE1 4PF","£5,468 pcm","","","","Office accommodation currently undergoing full refurbishment","https://www.rightmove.co.uk/properties/124509563#/?channel=COM_LET","2022-06-30T12:57:22Z","","new","Marketed by Savills, Newcastle - Offices","","54.974397","-1.617457","https://media.rightmove.co.uk:443/dir/crop/10:9-16:9/82k/81666/124509563/81666_108700-2_IMG_00_0001_max_476x317.jpeg"
"148466039","Newcastle","Office","Rotterdam House, 116 Quayside, Newcastle Upon Tyne, NE1 3DY","POA","","","","Office / Serviced Office To Let, Newcastle Upon Tyne","https://www.rightmove.co.uk/properties/148466039#/?channel=COM_LET","2024-05-28T14:28:55Z","","new","Marketed by Avison Young (UK) Limited, Offices","","54.971323","-1.597432","https://media.rightmove.co.uk:443/dir/crop/10:9-16:9/57k/56478/148466039/56478_110016-2_IMG_00_0000_max_476x317.jpeg; https://media.rightmove.co.uk:443/dir/crop/10:9-16:9/57k/56478/148466039/56478_110016-2_IMG_01_0000_max_476x317.jpeg; https://media.rightmove.co.uk:443/dir/crop/10:9-16:9/57k/56478/148466039/56478_110016-2_IMG_02_0000_max_476x317.jpeg"
"121969508","Newcastle","Commercial Development","Synergi Park, Newcastle Upon Tyne, Tyne And Wear, NE27 0BZ","POA","","","","Offices, Research & Development and Light Industrial site Synergi Park, Newcastle Upon Tyne, Tyne And Wear. Future development site for Offices, Research & Development and Light Industrial Uses up to 100,000 sq m (1 million sq ft). The wider site is allocated for 2000 new homes, a primary school...","https://www.rightmove.co.uk/properties/121969508#/?channel=COM_LET","2022-04-05T11:21:27Z","","new","Marketed by HTA REAL ESTATE LIMITED, Newcastle","","55.031863","-1.529785","https://media.rightmove.co.uk:443/dir/crop/10:9-16:9/71k/70173/121969508/70173_171LH_IMG_00_0000_max_476x317.jpeg; https://media.rightmove.co.uk:443/dir/crop/10:9-16:9/71k/70173/121969508/70173_171LH_IMG_01_0000_max_476x317.jpeg; https://media.rightmove.co.uk:443/dir/crop/10:9-16:9/71k/70173/121969508/70173_171LH_IMG_02_0000_max_476x317.jpeg; https://media.rightmove.co.uk:443/dir/crop/10:9-16:9/71k/70173/121969508/70173_171LH_IMG_03_0000_max_476x317.jpeg; https://media.rightmove.co.uk:443/dir/crop/10:9-16:9/71k/70173/121969508/70173_171LH_IMG_04_0000_max_476x317.jpeg; https://media.rightmove.co.uk:443/dir/crop/10:9-16:9/71k/70173/121969508/70173_171LH_IMG_05_0000_max_476x317.jpeg; https://media.rightmove.co.uk:443/dir/crop/10:9-16:9/71k/70173/121969508/70173_171LH_IMG_06_0000_max_476x317.jpeg; https://media.rightmove.co.uk:443/dir/crop/10:9-16:9/71k/70173/121969508/70173_171LH_IMG_07_0000_max_476x317.jpeg"
"121619660","Newcastle","Office","Amber Court, William Armstrong Drive, Newcastle Business Park, Newcastle Upon Tyne, Tyne And Wear, NE4","POA","","","","TO LET - RECENTLY REFURBISHED OFFICES - RIVERSIDE LOCATION - ONSITE PARKINGLOCATIONLocated in Newcastle Business Park and immediately outside of the historic Hadrian's Wall Path, our offices are arranged around a landscaped central courtyard, with the front of the building overlooking the rive...","https://www.rightmove.co.uk/properties/121619660#/?channel=COM_LET","2022-03-28T09:57:48Z","","new","Marketed by Naylors Gavin Black LLP, Newcastle Upon Tyne","","54.962685","-1.647801","https://media.rightmove.co.uk:443/dir/crop/10:9-16:9/101k/100681/121619660/100681_2861LH_IMG_00_0001_max_476x317.jpeg; https://media.rightmove.co.uk:443/dir/crop/10:9-16:9/101k/100681/121619660/100681_2861LH_IMG_02_0001_max_476x317.jpeg; https://media.rightmove.co.uk:443/dir/crop/10:9-16:9/101k/100681/121619660/100681_2861LH_IMG_05_0001_max_476x317.jpeg; https://media.rightmove.co.uk:443/dir/crop/10:9-16:9/101k/100681/121619660/100681_2861LH_IMG_01_0001_max_476x317.jpeg; https://media.rightmove.co.uk:443/dir/crop/10:9-16:9/101k/100681/121619660/100681_2861LH_IMG_03_0001_max_476x317.jpeg; https://media.rightmove.co.uk:443/dir/crop/10:9-16:9/101k/100681/121619660/100681_2861LH_IMG_04_0001_max_476x317.jpeg; https://media.rightmove.co.uk:443/dir/crop/10:9-16:9/101k/100681/121619660/100681_2861LH_IMG_06_0001_max_476x317.jpeg; https://media.rightmove.co.uk:443/dir/crop/10:9-16:9/101k/100681/121619660/100681_2861LH_IMG_07_0001_max_476x317.jpeg; https://media.rightmove.co.uk:443/dir/crop/10:9-16:9/101k/100681/121619660/100681_2861LH_IMG_08_0001_max_476x317.jpeg; https://media.rightmove.co.uk:443/dir/crop/10:9-16:9/101k/100681/121619660/100681_2861LH_IMG_09_0001_max_476x317.jpeg; https://media.rightmove.co.uk:443/dir/crop/10:9-16:9/101k/100681/121619660/100681_2861LH_IMG_10_0001_max_476x317.jpeg; https://media.rightmove.co.uk:443/dir/crop/10:9-16:9/101k/100681/121619660/100681_2861LH_IMG_11_0001_max_476x317.jpeg"
"121056629","Newcastle","Serviced Office","The Lamp House, 5-6 Benton Terrace, Newcastle Upon Tyne, NE2 1QU","POA","","","","Office suites to let in a relaxed setting where members can work, meet, connect, learn and thrive.","https://www.rightmove.co.uk/properties/121056629#/?channel=COM_LET","2022-03-14T14:41:09Z","","new","Marketed by BNP Paribas Real Estate Advisory & Property Management UK Limited, Newcastle","","54.981807","-1.600852","https://media.rightmove.co.uk:443/dir/crop/10:9-16:9/242k/241244/121056629/241244_98444-2_IMG_00_0001_max_476x317.jpeg; https://media.rightmove.co.uk:443/dir/crop/10:9-16:9/242k/241244/121056629/241244_98444-2_IMG_01_0001_max_476x317.jpeg; https://media.rightmove.co.uk:443/dir/crop/10:9-16:9/242k/241244/121056629/241244_98444-2_IMG_02_0001_max_476x317.jpeg; https://media.rightmove.co.uk:443/dir/crop/10:9-16:9/242k/241244/121056629/241244_98444-2_IMG_03_0001_max_476x317.jpeg; https://media.rightmove.co.uk:443/dir/crop/10:9-16:9/242k/241244/121056629/241244_98444-2_IMG_04_0002_max_476x317.jpeg; https://media.rightmove.co.uk:443/dir/crop/10:9-16:9/242k/241244/121056629/241244_98444-2_IMG_05_0000_max_476x317.jpeg; https://media.rightmove.co.uk:443/dir/crop/10:9-16:9/242k/241244/121056629/241244_98444-2_IMG_06_0000_max_476x317.jpeg"
"120945548","Newcastle","Office","The Lamp House, Benton Terrace, Newcastle Upon Tyne, Tyne And Wear, NE2","POA","","","","THE LAMP HOUSEA relaxed setting where members can work, meet, connect, learn and thrive. Designed for working professionals, whether self-employed or part of a broader organisation, where remote workers can mix with peers, share ideas, take part in mentoring and access high tech meeting spac...","https://www.rightmove.co.uk/properties/120945548#/?channel=COM_LET","2022-03-11T08:59:55Z","","new","Marketed by Naylors Gavin Black LLP, Newcastle Upon Tyne","","54.981674","-1.601466","https://media.rightmove.co.uk:443/dir/crop/10:9-16:9/101k/100681/120945548/100681_2852LH_IMG_00_0000_max_476x317.jpeg; https://media.rightmove.co.uk:443/dir/crop/10:9-16:9/101k/100681/120945548/100681_2852LH_IMG_04_0000_max_476x317.jpeg; https://media.rightmove.co.uk:443/dir/crop/10:9-16:9/101k/100681/120945548/100681_2852LH_IMG_06_0000_max_476x317.jpeg; https://media.rightmove.co.uk:443/dir/crop/10:9-16:9/101k/100681/120945548/100681_2852LH_IMG_01_0000_max_476x317.jpeg; https://media.rightmove.co.uk:443/dir/crop/10:9-16:9/101k/100681/120945548/100681_2852LH_IMG_02_0000_max_476x317.jpeg; https://media.rightmove.co.uk:443/dir/crop/10:9-16:9/101k/100681/120945548/100681_2852LH_IMG_03_0000_max_476x317.jpeg; https://media.rightmove.co.uk:443/dir/crop/10:9-16:9/101k/100681/120945548/100681_2852LH_IMG_05_0000_max_476x317.jpeg"
"154804961","Newcastle","Retail Property (high street)","Retail Unit - Monument Metro Station, Newcastle Upon Tyne, NE1 7AL","£2,167 pcm","","","","Retail Accommodation to let within Monument Metro Station, 116 sq. m ( 1,250 sq. ft.)","https://www.rightmove.co.uk/properties/154804961#/?channel=COM_LET","2024-11-09T19:06:50Z","","new","Marketed by BNP Paribas Real Estate Advisory & Property Management UK Limited, Newcastle","","54.974124","-1.615059","https://media.rightmove.co.uk:443/dir/crop/10:9-16:9/242k/241244/154804961/241244_79220-2_IMG_00_0000_max_476x317.jpeg; https://media.rightmove.co.uk:443/dir/crop/10:9-16:9/242k/241244/154804961/241244_79220-2_IMG_01_0001_max_476x317.jpeg; https://media.rightmove.co.uk:443/dir/crop/10:9-16:9/242k/241244/154804961/241244_79220-2_IMG_02_0000_max_476x317.jpeg; https://media.rightmove.co.uk:443/dir/crop/10:9-16:9/242k/241244/154804961/241244_79220-2_IMG_03_0000_max_476x317.jpeg"
"85272632","Newcastle","Retail Property (high street)","Jesmond Three Sixty, Jesmond, Newcastle Upon Tyne, Tyne And Wear, NE2 1DB","£6,960 pcm","From","","","Jesmond Three Sixty is undergoing a comprehensive redevelopment, conversion and refurbishment to provide a significant mixed use scheme. The first phase of the scheme, ONE comprises 80 apartments including 3 ground floor units totalling 10,203 sq ft. The units can be utilised for a variety of u...","https://www.rightmove.co.uk/properties/85272632#/?channel=COM_LET","2019-10-01T10:18:15Z","","size_change","Marketed by Lambert Smith Hampton, Newcastle","","54.981246","-1.605312","https://media.rightmove.co.uk:443/dir/crop/10:9-16:9/183k/182546/85272632/182546_2044151LH_IMG_00_0000_max_476x317.jpeg; https://media.rightmove.co.uk:443/dir/crop/10:9-16:9/183k/182546/85272632/182546_2044151LH_IMG_01_0001_max_476x317.jpeg; https://media.rightmove.co.uk:443/dir/crop/10:9-16:9/183k/182546/85272632/182546_2044151LH_IMG_02_0001_max_476x317.jpeg; https://media.rightmove.co.uk:443/dir/crop/10:9-16:9/183k/182546/85272632/182546_2044151LH_IMG_03_0001_max_476x317.jpeg; https://media.rightmove.co.uk:443/dir/crop/10:9-16:9/183k/182546/85272632/182546_2044151LH_IMG_04_0001_max_476x317.jpeg; https://media.rightmove.co.uk:443/dir/crop/10:9-16:9/183k/182546/85272632/182546_2044151LH_IMG_05_0001_max_476x317.jpeg; https://media.rightmove.co.uk:443/dir/crop/10:9-16:9/183k/182546/85272632/182546_2044151LH_IMG_06_0001_max_476x317.jpeg; https://media.rightmove.co.uk:443/dir/crop/10:9-16:9/183k/182546/85272632/182546_2044151LH_IMG_07_0001_max_476x317.jpeg"
"114546524","Newcastle","Office","Cobalt 12a, Silver Fox Way, Cobalt Business Park, Newcastle Upon Tyne, NE27 0QW","£18,715 pcm","","","","An opportunity To Let up to 56,657 sq ft (5,263.65 sq m) of Grade A self-contained HQ office building at Cobalt Park, Newcastle.","https://www.rightmove.co.uk/properties/114546524#/?channel=COM_LET","2021-10-08T12:04:17Z","","new","Marketed by BNP Paribas Real Estate Advisory & Property Management UK Limited, Newcastle","","55.0204","-1.50817","https://media.rightmove.co.uk:443/dir/crop/10:9-16:9/242k/241244/114546524/241244_70066-2_IMG_02_0002_max_476x317.jpeg; https://media.rightmove.co.uk:443/dir/crop/10:9-16:9/242k/241244/114546524/241244_70066-2_IMG_00_0002_max_476x317.jpeg; https://media.rightmove.co.uk:443/dir/crop/10:9-16:9/242k/241244/114546524/241244_70066-2_IMG_10_0001_max_476x317.jpeg; https://media.rightmove.co.uk:443/dir/crop/10:9-16:9/242k/241244/114546524/241244_70066-2_IMG_06_0001_max_476x317.jpeg; https://media.rightmove.co.uk:443/dir/crop/10:9-16:9/242k/241244/114546524/241244_70066-2_IMG_01_0001_max_476x317.jpeg; https://media.rightmove.co.uk:443/dir/crop/10:9-16:9/242k/241244/114546524/241244_70066-2_IMG_03_0001_max_476x317.jpeg; https://media.rightmove.co.uk:443/dir/crop/10:9-16:9/242k/241244/114546524/241244_70066-2_IMG_04_0001_max_476x317.jpeg; https://media.rightmove.co.uk:443/dir/crop/10:9-16:9/242k/241244/114546524/241244_70066-2_IMG_05_0001_max_476x317.jpeg; https://media.rightmove.co.uk:443/dir/crop/10:9-16:9/242k/241244/114546524/241244_70066-2_IMG_08_0000_max_476x317.jpeg; https://media.rightmove.co.uk:443/dir/crop/10:9-16:9/242k/241244/114546524/241244_70066-2_IMG_07_0000_max_476x317.jpeg; https://media.rightmove.co.uk:443/dir/crop/10:9-16:9/242k/241244/114546524/241244_70066-2_IMG_09_0000_max_476x317.jpeg"
"114546287","Newcastle","Office","INCA@Cobalt, Cobalt Business Park, Newcastle Upon Tyne,, NE27 0BY","POA","","","","OFFICES TO LET FROM 9,000 - 94,040 SQ FT; Self-contained building with options available as two separate wings, individual floors or suites.","https://www.rightmove.co.uk/properties/114546287#/?channel=COM_LET","2021-10-08T11:59:54Z","","new","Marketed by BNP Paribas Real Estate Advisory & Property Management UK Limited, Newcastle","","55.023966","-1.510586","https://media.rightmove.co.uk:443/dir/crop/10:9-16:9/242k/241244/114546287/241244_51578-2_IMG_00_0000_max_476x317.jpeg; https://media.rightmove.co.uk:443/dir/crop/10:9-16:9/242k/241244/114546287/241244_51578-2_IMG_01_0000_max_476x317.jpeg; https://media.rightmove.co.uk:443/dir/crop/10:9-16:9/242k/241244/114546287/241244_51578-2_IMG_02_0000_max_476x317.jpeg; https://media.rightmove.co.uk:443/dir/crop/10:9-16:9/242k/241244/114546287/241244_51578-2_IMG_03_0000_max_476x317.jpeg; https://media.rightmove.co.uk:443/dir/crop/10:9-16:9/242k/241244/114546287/241244_51578-2_IMG_04_0000_max_476x317.jpeg; https://media.rightmove.co.uk:443/dir/crop/10:9-16:9/242k/241244/114546287/241244_51578-2_IMG_05_0000_max_476x317.jpeg; https://media.rightmove.co.uk:443/dir/crop/10:9-16:9/242k/241244/114546287/241244_51578-2_IMG_06_0000_max_476x317.jpeg; https://media.rightmove.co.uk:443/dir/crop/10:9-16:9/242k/241244/114546287/241244_51578-2_IMG_07_0000_max_476x317.jpeg"
"114431177","Newcastle","Office","Cobalt 13a - SF, Silver Fox Way, Cobalt Business Park, Newcastle Upon Tyne, NE27 0QJ","£6,854 pcm","","","","Part second Floor fitted-out office TO LET, 464 sq m (5,000 sq ft) of prestigious office space at Cobalt Park, Newcastle","https://www.rightmove.co.uk/properties/114431177#/?channel=COM_LET","2021-10-06T12:16:42Z","","new","Marketed by BNP Paribas Real Estate Advisory & Property Management UK Limited, Newcastle","","55.0215","-1.51279","https://media.rightmove.co.uk:443/dir/crop/10:9-16:9/242k/241244/114431177/241244_70081-2_IMG_03_0000_max_476x317.jpeg; https://media.rightmove.co.uk:443/dir/crop/10:9-16:9/242k/241244/114431177/241244_70081-2_IMG_02_0000_max_476x317.jpeg; https://media.rightmove.co.uk:443/dir/crop/10:9-16:9/242k/241244/114431177/241244_70081-2_IMG_04_0000_max_476x317.jpeg; https://media.rightmove.co.uk:443/dir/crop/10:9-16:9/242k/241244/114431177/241244_70081-2_IMG_05_0000_max_476x317.jpeg; https://media.rightmove.co.uk:443/dir/crop/10:9-16:9/242k/241244/114431177/241244_70081-2_IMG_00_0000_max_476x317.jpeg; https://media.rightmove.co.uk:443/dir/crop/10:9-16:9/242k/241244/114431177/241244_70081-2_IMG_07_0000_max_476x317.jpeg; https://media.rightmove.co.uk:443/dir/crop/10:9-16:9/242k/241244/114431177/241244_70081-2_IMG_01_0000_max_476x317.jpeg; https://media.rightmove.co.uk:443/dir/crop/10:9-16:9/242k/241244/114431177/241244_70081-2_IMG_06_0000_max_476x317.jpeg"
"93886916","Newcastle","Serviced Office","Quayside, Newcastle Upon Tyne, NE1","£139 pcm","From","","4","Access professional coworking space in Regus Newcastle Quayside","https://www.rightmove.co.uk/properties/93886916#/?channel=COM_LET","2020-06-23T09:06:57Z","","size_change","Marketed by IW Group Services (UK) Limited, Regus","","54.9713","-1.59757","https://media.rightmove.co.uk:443/dir/crop/10:9-16:9/130k/129853/93886916/129853_UKbwg250_IMG_01_0000_max_476x317.jpg; https://media.rightmove.co.uk:443/dir/crop/10:9-16:9/130k/129853/93886916/129853_UKbwg250_IMG_05_0000_max_476x317.jpg; https://media.rightmove.co.uk:443/dir/crop/10:9-16:9/130k/129853/93886916/129853_UKbwg250_IMG_00_0000_max_476x317.jpg; https://media.rightmove.co.uk:443/dir/crop/10:9-16:9/130k/129853/93886916/129853_UKbwg250_IMG_02_0000_max_476x317.jpg"
"51810924","Newcastle","Serviced Office","Quayside, Newcastle Upon Tyne, NE1","£195 pcm","From","","4","Unlimited office access in Regus Newcastle Quayside","https://www.rightmove.co.uk/properties/51810924#/?channel=COM_LET","2017-11-24T08:08:43Z","","size_change","Marketed by IW Group Services (UK) Limited, Regus","","54.9713","-1.59757","https://media.rightmove.co.uk:443/dir/crop/10:9-16:9/130k/129853/51810924/129853_UKbwp250_IMG_14_0000_max_476x317.jpeg; https://media.rightmove.co.uk:443/dir/crop/10:9-16:9/130k/129853/51810924/129853_bwpClothMarket_IMG_04_0000_max_476x317.jpg; https://media.rightmove.co.uk:443/dir/crop/10:9-16:9/130k/129853/51810924/129853_UKbwp250_IMG_13_0000_max_476x317.jpeg; https://media.rightmove.co.uk:443/dir/crop/10:9-16:9/130k/129853/51810924/129853_UKbwp250_IMG_11_0000_max_476x317.jpg; https://media.rightmove.co.uk:443/dir/crop/10:9-16:9/130k/129853/51810924/129853_UKbwp250_IMG_05_0000_max_476x317.jpg; https://media.rightmove.co.uk:443/dir/crop/10:9-16:9/130k/129853/51810924/129853_UKbwp250_IMG_12_0000_max_476x317.jpg"
"94122707","Newcastle","Serviced Office","Merchant House, 30 Cloth Market, Newcastle upon Tyne,, Newcastle, United Kingdom NE1 1EE","£139 pcm","From","","4","Flexible coworking memberships in Regus Cloth Market","https://www.rightmove.co.uk/properties/94122707#/?channel=COM_LET","2020-06-28T09:09:38Z","","size_change","Marketed by IW Group Services (UK) Limited, Regus","","54.97099","-1.61257","https://media.rightmove.co.uk:443/dir/crop/10:9-16:9/130k/129853/94122707/129853_UKBwg3621_IMG_04_0000_max_476x317.jpeg; https://media.rightmove.co.uk:443/dir/crop/10:9-16:9/130k/129853/94122707/129853_UKBwg3621_IMG_01_0001_max_476x317.jpeg; https://media.rightmove.co.uk:443/dir/crop/10:9-16:9/130k/129853/94122707/129853_UKBwg3621_IMG_03_0001_max_476x317.jpeg; https://media.rightmove.co.uk:443/dir/crop/10:9-16:9/130k/129853/94122707/129853_UKBwg3621_IMG_05_0000_max_476x317.jpeg; https://media.rightmove.co.uk:443/dir/crop/10:9-16:9/130k/129853/94122707/129853_UKBwg3621_IMG_00_0001_max_476x317.jpeg; https://media.rightmove.co.uk:443/dir/crop/10:9-16:9/130k/129853/94122707/129853_UKBwg3621_IMG_02_0001_max_476x317.jpeg"
"51810663","Newcastle","Serviced Office","Merchant House, 30 Cloth Market, Newcastle upon Tyne,, Newcastle, United Kingdom NE1 1EE","£195 pcm","From","","4","Unlimited office access in Regus Cloth Market","https://www.rightmove.co.uk/properties/51810663#/?channel=COM_LET","2017-11-24T07:37:16Z","","size_change","Marketed by IW Group Services (UK) Limited, Regus","","54.97099","-1.61257","https://media.rightmove.co.uk:443/dir/crop/10:9-16:9/130k/129853/51810663/129853_UKBwp3621_IMG_16_0000_max_476x317.jpeg; https://media.rightmove.co.uk:443/dir/crop/10:9-16:9/130k/129853/51810663/129853_UKBwp3621_IMG_07_0000_max_476x317.jpeg; https://media.rightmove.co.uk:443/dir/crop/10:9-16:9/130k/129853/51810663/129853_UKBwp3621_IMG_15_0000_max_476x317.jpeg; https://media.rightmove.co.uk:443/dir/crop/10:9-16:9/130k/129853/51810663/129853_UKBwp3621_IMG_09_0000_max_476x317.jpeg; https://media.rightmove.co.uk:443/dir/crop/10:9-16:9/130k/129853/51810663/129853_UKBwp3621_IMG_13_0000_max_476x317.jpeg; https://media.rightmove.co.uk:443/dir/crop/10:9-16:9/130k/129853/51810663/129853_UKBwp3621_IMG_10_0000_max_476x317.jpeg; https://media.rightmove.co.uk:443/dir/crop/10:9-16:9/130k/129853/51810663/129853_UKBwp3621_IMG_12_0000_max_476x317.jpeg; https://media.rightmove.co.uk:443/dir/crop/10:9-16:9/130k/129853/51810663/129853_UKBwp3621_IMG_08_0000_max_476x317.jpeg; https://media.rightmove.co.uk:443/dir/crop/10:9-16:9/130k/129853/51810663/129853_UKBwp3621_IMG_14_0000_max_476x317.jpeg; https://media.rightmove.co.uk:443/dir/crop/10:9-16:9/130k/129853/51810663/129853_UKBwp3621_IMG_11_0000_max_476x317.jpeg"
"99100181","Newcastle","Retail Property (Retail Park)","Northumberland Retail Park, Shiremoor,  Newcastle Upon Tyne, NE27","POA","","","","Northumberland Retail Park is a new 11,148 sq m (120,000 sq ft) development situated on the A19 in Shiremoor, one junction north of Silverlink Shopping Park and Cobalt Business Park, North Tynside. Existing occupiers Aldi, B&M including garden centre, JD Gyms and Costa.","https://www.rightmove.co.uk/properties/99100181#/?channel=COM_LET","2020-11-06T17:15:47Z","","new","Marketed by BARKER PROUDLOVE LIMITED, Leeds","","55.03347","-1.51778","https://media.rightmove.co.uk:443/dir/crop/10:9-16:9/229k/228959/99100181/228959_Northumberland_ReatilPark_IMG_00_0000_max_476x317.jpeg; https://media.rightmove.co.uk:443/dir/crop/10:9-16:9/229k/228959/99100181/228959_Northumberland_Retail_Park_IMG_01_0000_max_476x317.jpeg; https://media.rightmove.co.uk:443/dir/crop/10:9-16:9/229k/228959/99100181/228959_Northumberland_Retail_Park_IMG_02_0000_max_476x317.jpeg; https://media.rightmove.co.uk:443/dir/crop/10:9-16:9/229k/228959/99100181/228959_Northumberland_Retail_Park_IMG_03_0000_max_476x317.jpeg; https://media.rightmove.co.uk:443/dir/crop/10:9-16:9/229k/228959/99100181/228959_Northumberland_Retail_Park_IMG_04_0000_max_476x317.jpeg; https://media.rightmove.co.uk:443/dir/crop/10:9-16:9/229k/228959/99100181/228959_Northumberland_Retail_Park_IMG_05_0000_max_476x317.jpeg"
"75028053","Newcastle","Retail Property (high street)","40-42 Newgate Street, Newcastle upon Tyne","POA","","","","The subject premises are located on Newgate Street with substantial upper floor frontages to Newgate Street, Clayton Street and Nun Street. The Gate leisure complex, home to a 12 screen Empire Cinema, TGI Fridays, Nandos and an Aspers Casino, is a 2 minute walk away","https://www.rightmove.co.uk/properties/75028053#/?channel=COM_LET","2020-11-06T17:15:44Z","","new","Marketed by BARKER PROUDLOVE LIMITED, Leeds","","54.97208","-1.61631","https://media.rightmove.co.uk:443/dir/crop/10:9-16:9/229k/228959/75028053/228959_40-42NewgateStreet_IMG_00_0000_max_476x317.jpeg"
"78811747","Newcastle","Office","Airview Park, Newcastle International Airport, Newcastle Upon Tyne, NE13","POA","","","","The first phases on the Park are now complete and include a head quarter building for Bellway, International Space Station Airview and three smaller self-contained units which have been let/sold to a range of occupiers including Architect Group. Key benefits of AirView Park: - Opportunity for b...","https://www.rightmove.co.uk/properties/78811747#/?channel=COM_LET","2020-04-09T15:58:44Z","","new","Marketed by Naylors Gavin Black LLP, Newcastle Upon Tyne","","55.026759","-1.695109","https://media.rightmove.co.uk:443/dir/crop/10:9-16:9/property-photo/cb227beeb/78811747/cb227beebb0d21609ee621bb57d86e4f_max_476x317.jpeg; https://media.rightmove.co.uk:443/dir/crop/10:9-16:9/property-photo/505171ed1/78811747/505171ed1fa1464d883e4ec90d333e98_max_476x317.jpeg; https://media.rightmove.co.uk:443/dir/crop/10:9-16:9/property-photo/6799051e4/78811747/6799051e42fa521d47af1ac2ce6ad69d_max_476x317.jpeg; https://media.rightmove.co.uk:443/dir/crop/10:9-16:9/property-photo/319a3d432/78811747/319a3d432ddc86b776ce49ff623b605d_max_476x317.jpeg; https://media.rightmove.co.uk:443/dir/crop/10:9-16:9/property-photo/28c556e62/78811747/28c556e62e4483e770c2bc52ad10b2b2_max_476x317.jpeg; https://media.rightmove.co.uk:443/dir/crop/10:9-16:9/property-photo/a20791c75/78811747/a20791c75c161e3610ba5067fbf38b75_max_476x317.jpeg; https://media.rightmove.co.uk:443/dir/crop/10:9-16:9/property-photo/78856225a/78811747/78856225a60f8cc9b52bc3ac07b93ea2_max_476x317.jpeg; https://media.rightmove.co.uk:443/dir/crop/10:9-16:9/property-photo/24a8a19a9/78811747/24a8a19a91313ab0d8160fb5df24f11e_max_476x317.jpeg; https://media.rightmove.co.uk:443/dir/crop/10:9-16:9/property-photo/2285fb614/78811747/2285fb6145a838c1a13135256d1ac06b_max_476x317.jpeg; https://media.rightmove.co.uk:443/dir/crop/10:9-16:9/property-photo/d3dd421dc/78811747/d3dd421dce9024dab500e2d5d3fdd5e0_max_476x317.jpeg; https://media.rightmove.co.uk:443/dir/crop/10:9-16:9/property-photo/a28c58e02/78811747/a28c58e028bda5b0d97fb7d50ed05f2c_max_476x317.jpeg; https://media.rightmove.co.uk:443/dir/crop/10:9-16:9/property-photo/5de3009fc/78811747/5de3009fcbf247843df158078b3bc372_max_476x317.jpeg; https://media.rightmove.co.uk:443/dir/crop/10:9-16:9/property-photo/9e1d3c77a/78811747/9e1d3c77a3dc18d110928825670855e3_max_476x317.jpeg; https://media.rightmove.co.uk:443/dir/crop/10:9-16:9/property-photo/08dd0fd02/78811747/08dd0fd02a2e3177b43fa56ff505551f_max_476x317.jpeg; https://media.rightmove.co.uk:443/dir/crop/10:9-16:9/property-photo/0bff795ce/78811747/0bff795ce82186d2f99adde1c65a722c_max_476x317.jpeg"
"77956240","Newcastle","Office","St. Thomas Street Business Centre St. Thomas Street, Haymarket, Newcastle Upon Tyne, Tyne And Wear, NE1","POA","","","","Location Haylofts is super central with easy transport links via Haymarket metro and bus stations, plus we have showers for cyclists! Our location offers quick access to nearby Marks & Spencer, RVI, Leazes Park, Newcastle Uni, Eldon Square and Northumberland Street. Offices High ceilings and s...","https://www.rightmove.co.uk/properties/77956240#/?channel=COM_LET","2020-03-05T13:02:21Z","","new","Marketed by Naylors Gavin Black LLP, Newcastle Upon Tyne","","54.977357","-1.617083","https://media.rightmove.co.uk:443/dir/crop/10:9-16:9/101k/100681/77956240/100681_2665LH_IMG_01_0000_max_476x317.jpg"
"77087965","Newcastle","Retail Property (high street)","Jesmond 360, Newcastle Upon Tyne, NE2 1DB","POA","","","","CONTEMPORARY GRADE A OFFICE SPACE - TO LET JESMOND IS... A fashionable, leafy suburb inhabited increasingly by affluent students and young professionals, located just north of Newcastle City Centre. It's beautiful rows of terraced houses are punctuated by a wide variety of, cafés and restauran...","https://www.rightmove.co.uk/properties/77087965#/?channel=COM_LET","2020-01-29T09:45:15Z","","new","Marketed by Naylors Gavin Black LLP, Newcastle Upon Tyne","","54.981246","-1.605312","https://media.rightmove.co.uk:443/dir/crop/10:9-16:9/101k/100681/77087965/100681_2587LH_IMG_00_0000_max_476x317.jpeg; https://media.rightmove.co.uk:443/dir/crop/10:9-16:9/101k/100681/77087965/100681_2587LH_IMG_01_0001_max_476x317.jpeg"
"77087803","Newcastle","Light Industrial","Synergy Park, Killingworth Moor, North Tyneside, Tyne And Wear, NE12 6yZ","POA","","","","B1 BUSINESS UNITS SUITABLE FOR OFFICES, RESEARCH AND DEVELOPMENT AND LIGHT INDUSTRIAL - SITE EXTENDS TO 17 ACRES (42 HECTARES) AND CAN COMMODATE UP TO 1,000,000 SQFT ","https://www.rightmove.co.uk/properties/77087803#/?channel=COM_LET","2020-01-29T09:40:10Z","","new","Marketed by Naylors Gavin Black LLP, Newcastle Upon Tyne","","55.032414","-1.550522","https://media.rightmove.co.uk:443/dir/crop/10:9-16:9/101k/100681/77087803/100681_2521LH_IMG_01_0000_max_476x317.jpg"
"88071704","Newcastle","Office","Jesmond Three Sixty, Newcastle Upon Tyne, Tyne And Wear","POA","","","","Jesmond Three Sixty is undergoing a comprehensive redevelopment conversion and refurbishment to provide a significant mixed use scheme providing the following: 300 residential apartments High specification office space covering a total of 37,476 sq ft A 4/5 star hotel Ground floor retail space 8 ...","https://www.rightmove.co.uk/properties/88071704#/?channel=COM_LET","2020-01-06T13:27:22Z","","new","Marketed by Lambert Smith Hampton, Newcastle","","54.981246","-1.605312","https://media.rightmove.co.uk:443/dir/crop/10:9-16:9/183k/182546/88071704/182546_2042073LH_IMG_00_0001_max_476x317.jpeg; https://media.rightmove.co.uk:443/dir/crop/10:9-16:9/183k/182546/88071704/182546_2042073LH_IMG_01_0002_max_476x317.jpeg; https://media.rightmove.co.uk:443/dir/crop/10:9-16:9/183k/182546/88071704/182546_2042073LH_IMG_02_0002_max_476x317.jpeg; https://media.rightmove.co.uk:443/dir/crop/10:9-16:9/183k/182546/88071704/182546_2042073LH_IMG_03_0002_max_476x317.jpeg; https://media.rightmove.co.uk:443/dir/crop/10:9-16:9/183k/182546/88071704/182546_2042073LH_IMG_04_0002_max_476x317.jpeg; https://media.rightmove.co.uk:443/dir/crop/10:9-16:9/183k/182546/88071704/182546_2042073LH_IMG_05_0002_max_476x317.jpeg; https://media.rightmove.co.uk:443/dir/crop/10:9-16:9/183k/182546/88071704/182546_2042073LH_IMG_06_0002_max_476x317.jpeg; https://media.rightmove.co.uk:443/dir/crop/10:9-16:9/183k/182546/88071704/182546_2042073LH_IMG_07_0002_max_476x317.jpeg; https://media.rightmove.co.uk:443/dir/crop/10:9-16:9/183k/182546/88071704/182546_2042073LH_IMG_08_0002_max_476x317.jpeg; https://media.rightmove.co.uk:443/dir/crop/10:9-16:9/183k/182546/88071704/182546_2042073LH_IMG_09_0002_max_476x317.jpeg"
"87184640","Newcastle","Land","Front Street, Newcastle Upon Tyne, NE13","POA","","","","Development Opportunity - Seaton Burn","https://www.rightmove.co.uk/properties/87184640#/?channel=COM_LET","2019-12-04T12:23:47Z","","new","Marketed by CBRE, Leeds","","55.0581","-1.62316","https://media.rightmove.co.uk:443/dir/crop/10:9-16:9/119k/118198/87184640/118198_FrontStreetSeatonBurn_IMG_00_0000_max_476x317.jpg; https://media.rightmove.co.uk:443/dir/crop/10:9-16:9/119k/118198/87184640/118198_FrontStreetSeatonBurn_IMG_01_0000_max_476x317.jpg; https://media.rightmove.co.uk:443/dir/crop/10:9-16:9/119k/118198/87184640/118198_FrontStreetSeatonBurn_IMG_02_0000_max_476x317.jpg"
"75862858","Newcastle","Light Industrial","Land To The West Of Front Street, Seaton Burn, Seaton Burn, Newcastle Upon Tyne, NE13 6HB","POA","","","","DEVELOPMENT OPPORTUNITIES - SEATON BURNMANUFACTURING/DISTRIBUTION/ENERGY STORAGE / STORAGE - SUBJECT TO PLANNING PERMISSION Strategic 17 acre site with immediate access to both A1 and A19 Bespoke opportunities for manufacturing or distribution uses Up to circa 300,000 sq. ft. Energy storag...","https://www.rightmove.co.uk/properties/75862858#/?channel=COM_LET","2019-11-28T16:11:10Z","","new","Marketed by Naylors Gavin Black LLP, Newcastle Upon Tyne","","55.058179","-1.623045","https://media.rightmove.co.uk:443/dir/crop/10:9-16:9/101k/100681/75862858/100681_2623LH_IMG_05_0000_max_476x317.jpg; https://media.rightmove.co.uk:443/dir/crop/10:9-16:9/101k/100681/75862858/100681_2623LH_IMG_08_0000_max_476x317.jpg; https://media.rightmove.co.uk:443/dir/crop/10:9-16:9/101k/100681/75862858/100681_2623LH_IMG_07_0000_max_476x317.jpg; https://media.rightmove.co.uk:443/dir/crop/10:9-16:9/101k/100681/75862858/100681_2623LH_IMG_06_0000_max_476x317.jpg"
"83402660","Newcastle","Office","Collingwood House, 3 Collingwood Street, Newcastle Upon Tyne, NE1 1JW","POA","","","","Quality Office Accommodation in a Prime City Centre Location.","https://www.rightmove.co.uk/properties/83402660#/?channel=COM_LET","2019-07-18T10:54:25Z","","new","Marketed by EDWIN THOMPSON, Keswick","","54.97","-1.61242","https://media.rightmove.co.uk:443/dir/crop/10:9-16:9/46k/45959/83402660/45959_C1213a_IMG_00_0000_max_476x317.jpg; https://media.rightmove.co.uk:443/dir/crop/10:9-16:9/46k/45959/83402660/45959_C1213a_IMG_02_0000_max_476x317.jpg; https://media.rightmove.co.uk:443/dir/crop/10:9-16:9/46k/45959/83402660/45959_C1213a_IMG_01_0000_max_476x317.jpg"
"74924122","Newcastle","Commercial Development","Seaton Burn, Newcastle Upon Tyne, Tyne & Wear, NE13 6HB","POA","","","","The site extends to approximately 50 acres and can therefore potentially cater for a range of sports and leisure uses, subject to planning. A range of options are available to occupiers such as: Bespoke development Land available to purchase or lease Joint Venture opportunities The site is...","https://www.rightmove.co.uk/properties/74924122#/?channel=COM_LET","2019-10-21T16:10:12Z","","new","Marketed by Naylors Gavin Black LLP, Newcastle Upon Tyne","","55.058115","-1.622764","https://media.rightmove.co.uk:443/dir/crop/10:9-16:9/101k/100681/74924122/100681_2457LH_IMG_07_0000_max_476x317.jpg; https://media.rightmove.co.uk:443/dir/crop/10:9-16:9/101k/100681/74924122/100681_2457LH_IMG_08_0000_max_476x317.jpg; https://media.rightmove.co.uk:443/dir/crop/10:9-16:9/101k/100681/74924122/100681_2457LH_IMG_09_0000_max_476x317.jpg"
"108847739","Newcastle","Office","Ground Floor , 6 The Staithes, The Watermark, Gateshead, NE11 9SN","£4,473 pcm","","","","The property comprises a modern ground floor office suite, benefiting from excellent natural light and views across the River Tyne. The ground floor provides for high quality office accommodation with a mixture of open plan and cellular space. Features of the property include suspended ceilings...","https://www.rightmove.co.uk/properties/108847739#/?channel=COM_LET","2021-06-15T15:05:57Z","","new","Marketed by Naylors Gavin Black LLP, Newcastle Upon Tyne","","54.963691","-1.67468","https://media.rightmove.co.uk:443/dir/crop/10:9-16:9/101k/100681/108847739/100681_2352LH_IMG_07_0000_max_476x317.jpeg; https://media.rightmove.co.uk:443/dir/crop/10:9-16:9/101k/100681/108847739/100681_2352LH_IMG_10_0000_max_476x317.jpeg; https://media.rightmove.co.uk:443/dir/crop/10:9-16:9/101k/100681/108847739/100681_2352LH_IMG_08_0000_max_476x317.jpeg; https://media.rightmove.co.uk:443/dir/crop/10:9-16:9/101k/100681/108847739/100681_2352LH_IMG_09_0000_max_476x317.jpeg; https://media.rightmove.co.uk:443/dir/crop/10:9-16:9/101k/100681/108847739/100681_2352LH_IMG_00_0001_max_476x317.jpeg; https://media.rightmove.co.uk:443/dir/crop/10:9-16:9/101k/100681/108847739/100681_2352LH_IMG_06_0000_max_476x317.jpeg"
"113191562","Newcastle","Office","3 Akenside Hill, Newcastle Upon Tyne, Tyne And Wear, NE1","POA","","","","The property forms part of Akenside House, a prestigious Grade II listed building and provides for first floor office accommodation. The fit out comprises of a contemporary design and is made up of a mixture of open plan and cellular design accommodation which is to the following specification: ...","https://www.rightmove.co.uk/properties/113191562#/?channel=COM_LET","2021-09-08T14:09:09Z","","new","Marketed by Naylors Gavin Black LLP, Newcastle Upon Tyne","","54.969411","-1.607848","https://media.rightmove.co.uk:443/dir/crop/10:9-16:9/101k/100681/113191562/100681_2335LH_IMG_09_0000_max_476x317.jpeg; https://media.rightmove.co.uk:443/dir/crop/10:9-16:9/101k/100681/113191562/100681_2335LH_IMG_10_0000_max_476x317.jpeg; https://media.rightmove.co.uk:443/dir/crop/10:9-16:9/101k/100681/113191562/100681_2335LH_IMG_11_0000_max_476x317.jpeg; https://media.rightmove.co.uk:443/dir/crop/10:9-16:9/101k/100681/113191562/100681_2335LH_IMG_12_0000_max_476x317.jpeg; https://media.rightmove.co.uk:443/dir/crop/10:9-16:9/101k/100681/113191562/100681_2335LH_IMG_13_0000_max_476x317.jpeg; https://media.rightmove.co.uk:443/dir/crop/10:9-16:9/101k/100681/113191562/100681_2335LH_IMG_14_0000_max_476x317.jpeg; https://media.rightmove.co.uk:443/dir/crop/10:9-16:9/101k/100681/113191562/100681_2335LH_IMG_15_0000_max_476x317.jpeg; https://media.rightmove.co.uk:443/dir/crop/10:9-16:9/101k/100681/113191562/100681_2335LH_IMG_07_0000_max_476x317.jpeg; https://media.rightmove.co.uk:443/dir/crop/10:9-16:9/101k/100681/113191562/100681_2335LH_IMG_08_0000_max_476x317.jpeg; https://media.rightmove.co.uk:443/dir/crop/10:9-16:9/101k/100681/113191562/100681_2335LH_IMG_16_0000_max_476x317.jpeg; https://media.rightmove.co.uk:443/dir/crop/10:9-16:9/101k/100681/113191562/100681_2335LH_IMG_17_0000_max_476x317.jpeg"
"148613774","Newcastle","Office","The Jesmond, Lyndhurst Avenue, Jesmond, Newcastle-Upon-Tyne, NE2 3HH","£4,052 pcm","","","","A landmark new Grade A office building in the heart of Jesmond Per sq ft £18.00 per sq ft The Jesmond delivers an outstanding new contemporary office building on the site of the former Jesmond Picture House. The Jesmond provides open plan floor plates over three upper floors ac...","https://www.rightmove.co.uk/properties/148613774#/?channel=COM_LET","2024-05-31T16:40:29Z","","new","Marketed by Knight Frank, Newcastle - Commercial","","54.9783","-1.61778","https://media.rightmove.co.uk:443/dir/crop/10:9-16:9/156k/155516/148613774/155516_CPD127268_IMG_00_0001_max_476x317.jpeg; https://media.rightmove.co.uk:443/dir/crop/10:9-16:9/156k/155516/148613774/155516_CPD127268_IMG_01_0001_max_476x317.jpeg; https://media.rightmove.co.uk:443/dir/crop/10:9-16:9/156k/155516/148613774/155516_CPD127268_IMG_02_0001_max_476x317.jpeg; https://media.rightmove.co.uk:443/dir/crop/10:9-16:9/156k/155516/148613774/155516_CPD127268_IMG_03_0001_max_476x317.jpeg; https://media.rightmove.co.uk:443/dir/crop/10:9-16:9/156k/155516/148613774/155516_CPD127268_IMG_04_0001_max_476x317.jpeg; https://media.rightmove.co.uk:443/dir/crop/10:9-16:9/156k/155516/148613774/155516_CPD127268_IMG_05_0001_max_476x317.jpeg; https://media.rightmove.co.uk:443/dir/crop/10:9-16:9/156k/155516/148613774/155516_CPD127268_IMG_06_0001_max_476x317.jpeg; https://media.rightmove.co.uk:443/dir/crop/10:9-16:9/156k/155516/148613774/155516_CPD127268_IMG_07_0001_max_476x317.jpeg"