id,city,propertyType,displayAddress,price,priceQualifier,bedrooms,bathrooms,summary,propertyUrl,firstVisibleDate,addedOrReduced,listingUpdate,formattedBranchName,branchDisplayName,latitude,longitude,propertyImages
"722868076290048","South Lanarkshire","Commercial Property","10 Broompark Road, Blantyre, Glasgow, G72 0DR","£3,333 pcm","","","","Prominent commercial premises suitable for a variety of uses","https://www.rightmove.co.uk/properties/722868076290048#/?channel=COM_LET","2025-12-03T11:45:07Z","","new","Marketed by G M Brown, Glasgow","","55.786076","-4.100971","https://media.rightmove.co.uk:443/dir/crop/10:9-16:9/244k/243653/722868076290048/243653_338406-2_IMG_00_0000_max_476x317.jpeg"
"722856300784096","South Lanarkshire","Light Industrial","Warehouse 1, 8 Ashton Road, Glasgow, G73 1UB","£10,000 pcm","","","","Standalone industrial premises just 2.5 miles from Glasgow City Centre","https://www.rightmove.co.uk/properties/722856300784096#/?channel=COM_LET","2025-12-03T09:46:03Z","","new","Marketed by G M Brown, Glasgow","","55.83345","-4.215798","https://media.rightmove.co.uk:443/dir/crop/10:9-16:9/244k/243653/722856300784096/243653_345652-2_IMG_00_0000_max_476x317.png"
"721601302106688","South Lanarkshire","Office","Unit 1 Cadzow Park, 82 Muir Street, Hamilton, ML3 6BJ","£3,333 pcm","","","","Modern office accommodation with parking located within Hamilton Town Centre","https://www.rightmove.co.uk/properties/721601302106688#/?channel=COM_LET","2025-11-26T11:46:07Z","","price_reduced","Marketed by G M Brown, Glasgow","","55.778998","-4.036327","https://media.rightmove.co.uk:443/dir/crop/10:9-16:9/244k/243653/721601302106688/243653_336321-2_IMG_00_0000_max_476x317.jpeg; https://media.rightmove.co.uk:443/dir/crop/10:9-16:9/244k/243653/721601302106688/243653_336321-2_IMG_01_0000_max_476x317.jpeg; https://media.rightmove.co.uk:443/dir/crop/10:9-16:9/244k/243653/721601302106688/243653_336321-2_IMG_02_0000_max_476x317.jpeg; https://media.rightmove.co.uk:443/dir/crop/10:9-16:9/244k/243653/721601302106688/243653_336321-2_IMG_03_0000_max_476x317.jpeg; https://media.rightmove.co.uk:443/dir/crop/10:9-16:9/244k/243653/721601302106688/243653_336321-2_IMG_04_0000_max_476x317.jpeg"
"721600614241936","South Lanarkshire","Light Industrial","Carron Place, Kelvin Industrial Estate, East Kilbride, G75 0YL","£1,583 pcm","","","","Light industrial / workshop units located within the popular Kelvin Industrial Estate of East Kilbride.","https://www.rightmove.co.uk/properties/721600614241936#/?channel=COM_LET","2025-11-26T11:36:06Z","","price_reduced","Marketed by G M Brown, Glasgow","","55.746758","-4.16945","https://media.rightmove.co.uk:443/dir/crop/10:9-16:9/244k/243653/721600614241936/243653_84859-2_IMG_00_0001_max_476x317.jpeg; https://media.rightmove.co.uk:443/dir/crop/10:9-16:9/244k/243653/721600614241936/243653_84859-2_IMG_01_0001_max_476x317.jpeg; https://media.rightmove.co.uk:443/dir/crop/10:9-16:9/244k/243653/721600614241936/243653_84859-2_IMG_02_0001_max_476x317.jpeg; https://media.rightmove.co.uk:443/dir/crop/10:9-16:9/244k/243653/721600614241936/243653_84859-2_IMG_03_0001_max_476x317.jpeg; https://media.rightmove.co.uk:443/dir/crop/10:9-16:9/244k/243653/721600614241936/243653_84859-2_IMG_04_0001_max_476x317.jpeg; https://media.rightmove.co.uk:443/dir/crop/10:9-16:9/244k/243653/721600614241936/243653_84859-2_IMG_05_0001_max_476x317.jpeg; https://media.rightmove.co.uk:443/dir/crop/10:9-16:9/244k/243653/721600614241936/243653_84859-2_IMG_06_0001_max_476x317.jpeg; https://media.rightmove.co.uk:443/dir/crop/10:9-16:9/244k/243653/721600614241936/243653_84859-2_IMG_07_0001_max_476x317.jpeg; https://media.rightmove.co.uk:443/dir/crop/10:9-16:9/244k/243653/721600614241936/243653_84859-2_IMG_08_0001_max_476x317.jpeg; https://media.rightmove.co.uk:443/dir/crop/10:9-16:9/244k/243653/721600614241936/243653_84859-2_IMG_09_0001_max_476x317.jpeg; https://media.rightmove.co.uk:443/dir/crop/10:9-16:9/244k/243653/721600614241936/243653_84859-2_IMG_10_0001_max_476x317.jpeg; https://media.rightmove.co.uk:443/dir/crop/10:9-16:9/244k/243653/721600614241936/243653_84859-2_IMG_11_0001_max_476x317.jpeg; https://media.rightmove.co.uk:443/dir/crop/10:9-16:9/244k/243653/721600614241936/243653_84859-2_IMG_12_0001_max_476x317.jpeg; https://media.rightmove.co.uk:443/dir/crop/10:9-16:9/244k/243653/721600614241936/243653_84859-2_IMG_13_0001_max_476x317.jpeg; https://media.rightmove.co.uk:443/dir/crop/10:9-16:9/244k/243653/721600614241936/243653_84859-2_IMG_14_0001_max_476x317.jpeg; https://media.rightmove.co.uk:443/dir/crop/10:9-16:9/244k/243653/721600614241936/243653_84859-2_IMG_15_0001_max_476x317.jpeg; https://media.rightmove.co.uk:443/dir/crop/10:9-16:9/244k/243653/721600614241936/243653_84859-2_IMG_16_0001_max_476x317.jpeg; https://media.rightmove.co.uk:443/dir/crop/10:9-16:9/244k/243653/721600614241936/243653_84859-2_IMG_17_0001_max_476x317.jpeg; https://media.rightmove.co.uk:443/dir/crop/10:9-16:9/244k/243653/721600614241936/243653_84859-2_IMG_18_0001_max_476x317.jpeg; https://media.rightmove.co.uk:443/dir/crop/10:9-16:9/244k/243653/721600614241936/243653_84859-2_IMG_19_0001_max_476x317.jpeg; https://media.rightmove.co.uk:443/dir/crop/10:9-16:9/244k/243653/721600614241936/243653_84859-2_IMG_20_0001_max_476x317.jpeg; https://media.rightmove.co.uk:443/dir/crop/10:9-16:9/244k/243653/721600614241936/243653_84859-2_IMG_21_0001_max_476x317.jpeg; https://media.rightmove.co.uk:443/dir/crop/10:9-16:9/244k/243653/721600614241936/243653_84859-2_IMG_22_0001_max_476x317.jpeg; https://media.rightmove.co.uk:443/dir/crop/10:9-16:9/244k/243653/721600614241936/243653_84859-2_IMG_23_0001_max_476x317.jpeg; https://media.rightmove.co.uk:443/dir/crop/10:9-16:9/244k/243653/721600614241936/243653_84859-2_IMG_24_0001_max_476x317.jpeg; https://media.rightmove.co.uk:443/dir/crop/10:9-16:9/244k/243653/721600614241936/243653_84859-2_IMG_25_0001_max_476x317.jpeg; https://media.rightmove.co.uk:443/dir/crop/10:9-16:9/244k/243653/721600614241936/243653_84859-2_IMG_26_0001_max_476x317.jpeg; https://media.rightmove.co.uk:443/dir/crop/10:9-16:9/244k/243653/721600614241936/243653_84859-2_IMG_27_0001_max_476x317.jpeg; https://media.rightmove.co.uk:443/dir/crop/10:9-16:9/244k/243653/721600614241936/243653_84859-2_IMG_28_0001_max_476x317.jpeg; https://media.rightmove.co.uk:443/dir/crop/10:9-16:9/244k/243653/721600614241936/243653_84859-2_IMG_29_0001_max_476x317.jpeg"
"160342445","South Lanarkshire","Office","Red Tree Magenta, 270 Glasgow Road, Rutherglen, Glasgow, Scotland, G73 1UZ","£13,531 pcm","From","","","Located at the northern end of the Park, the buildings benefit from a campus setting, overlooking both Richmond Park and the River Clyde. The 2nd floor suite offers modern office accommodation with fit out, ready for immediate occupation.","https://www.rightmove.co.uk/properties/160342445#/?channel=COM_LET","2025-04-07T12:11:46Z","","size_change","Marketed by Ryden LLP, Glasgow","","55.836845","-4.226194","https://media.rightmove.co.uk:443/dir/crop/10:9-16:9/288k/287999/160342445/287999_4074LH_IMG_02_0001_max_476x317.jpeg; https://media.rightmove.co.uk:443/dir/crop/10:9-16:9/288k/287999/160342445/287999_4074LH_IMG_00_0001_max_476x317.jpeg; https://media.rightmove.co.uk:443/dir/crop/10:9-16:9/288k/287999/160342445/287999_4074LH_IMG_01_0001_max_476x317.jpeg; https://media.rightmove.co.uk:443/dir/crop/10:9-16:9/288k/287999/160342445/287999_4074LH_IMG_04_0002_max_476x317.jpeg; https://media.rightmove.co.uk:443/dir/crop/10:9-16:9/288k/287999/160342445/287999_4074LH_IMG_05_0001_max_476x317.jpeg; https://media.rightmove.co.uk:443/dir/crop/10:9-16:9/288k/287999/160342445/287999_4074LH_IMG_06_0001_max_476x317.jpeg; https://media.rightmove.co.uk:443/dir/crop/10:9-16:9/288k/287999/160342445/287999_4074LH_IMG_07_0001_max_476x317.jpeg"
"92202275","South Lanarkshire","Heavy Industrial","Glasgow Road, Glasgow, G73","£1,488 pcm","From","","","Glasgow Road Industrial Estate offers a range of modern and versatile industrial units in a well-established commercial location on the south side of Glasgow. The estate provides a mix of warehouse, trade counter, and light industrial accommodation suitable for a wide variety of businesses.","https://www.rightmove.co.uk/properties/92202275#/?channel=COM_LET","2020-05-13T16:11:22Z","","size_change","Marketed by Spectrum Properties (Scotland) Ltd, Glasgow","","55.83566","-4.22565","https://media.rightmove.co.uk:443/dir/crop/10:9-16:9/110k/109348/92202275/109348_SHAWF_IMG_00_0000_max_476x317.jpeg; https://media.rightmove.co.uk:443/dir/crop/10:9-16:9/110k/109348/92202275/109348_SHAWF_IMG_02_0000_max_476x317.jpeg; https://media.rightmove.co.uk:443/dir/crop/10:9-16:9/110k/109348/92202275/109348_SHAWF_IMG_03_0000_max_476x317.jpeg; https://media.rightmove.co.uk:443/dir/crop/10:9-16:9/110k/109348/92202275/109348_SHAWF_IMG_04_0000_max_476x317.jpeg; https://media.rightmove.co.uk:443/dir/crop/10:9-16:9/110k/109348/92202275/109348_SHAWF_IMG_05_0000_max_476x317.jpeg"
"721601239286768","South Lanarkshire","Light Industrial","1  3 Rennie Place, College Milton Ind Estate, East Kilbride, G74 5HD","£10,000 pcm","","","","Standalone industrial premises under full refurbishment located within the popular College Milton Industrial Estate of East Kilbride","https://www.rightmove.co.uk/properties/721601239286768#/?channel=COM_LET","2025-11-26T11:46:05Z","","new","Marketed by G M Brown, Glasgow","","55.77123","-4.210798","https://media.rightmove.co.uk:443/dir/crop/10:9-16:9/244k/243653/721601239286768/243653_330941-2_IMG_00_0000_max_476x317.jpeg; https://media.rightmove.co.uk:443/dir/crop/10:9-16:9/244k/243653/721601239286768/243653_330941-2_IMG_01_0000_max_476x317.jpeg"
"721601038029825","South Lanarkshire","Mixed Use","36 Milton Road, College Milton Industrial Estate, East Kilbride, G74 5BU","£2,917 pcm","","","","Well-presented industrial premises located within the popular College Milton Industrial Estate of East Kilbride","https://www.rightmove.co.uk/properties/721601038029825#/?channel=COM_LET","2025-11-26T11:46:04Z","","new","Marketed by G M Brown, Glasgow","","55.766659","-4.213502","https://media.rightmove.co.uk:443/dir/crop/10:9-16:9/244k/243653/721601038029825/243653_292955-2_IMG_00_0000_max_476x317.jpeg; https://media.rightmove.co.uk:443/dir/crop/10:9-16:9/244k/243653/721601038029825/243653_292955-2_IMG_01_0000_max_476x317.jpeg; https://media.rightmove.co.uk:443/dir/crop/10:9-16:9/244k/243653/721601038029825/243653_292955-2_IMG_02_0000_max_476x317.jpeg; https://media.rightmove.co.uk:443/dir/crop/10:9-16:9/244k/243653/721601038029825/243653_292955-2_IMG_03_0000_max_476x317.jpeg; https://media.rightmove.co.uk:443/dir/crop/10:9-16:9/244k/243653/721601038029825/243653_292955-2_IMG_04_0000_max_476x317.jpeg; https://media.rightmove.co.uk:443/dir/crop/10:9-16:9/244k/243653/721601038029825/243653_292955-2_IMG_05_0000_max_476x317.jpeg; https://media.rightmove.co.uk:443/dir/crop/10:9-16:9/244k/243653/721601038029825/243653_292955-2_IMG_06_0000_max_476x317.jpeg; https://media.rightmove.co.uk:443/dir/crop/10:9-16:9/244k/243653/721601038029825/243653_292955-2_IMG_07_0000_max_476x317.jpeg; https://media.rightmove.co.uk:443/dir/crop/10:9-16:9/244k/243653/721601038029825/243653_292955-2_IMG_08_0000_max_476x317.jpeg"
"721600857513025","South Lanarkshire","Office","Colonsay House, G S O Business Park, East Kilbride, G74 5PG","£6,101 pcm","","","","High quality open plan office space located within G S O Business Park accessible by train and various bus routes.","https://www.rightmove.co.uk/properties/721600857513025#/?channel=COM_LET","2025-11-26T11:40:12Z","","new","Marketed by G M Brown, Glasgow","","55.770332","-4.229672","https://media.rightmove.co.uk:443/dir/crop/10:9-16:9/244k/243653/721600857513025/243653_229877-2_IMG_00_0000_max_476x317.jpeg; https://media.rightmove.co.uk:443/dir/crop/10:9-16:9/244k/243653/721600857513025/243653_229877-2_IMG_01_0000_max_476x317.jpeg"
"721600895422800","South Lanarkshire","Office","Princes Gate, 5 Castle Street, Hamilton, ML3 6BU","£7,364 pcm","","","","Modern open plan office accommodation located within Hamilton town centre.","https://www.rightmove.co.uk/properties/721600895422800#/?channel=COM_LET","2025-11-26T11:40:06Z","","new","Marketed by G M Brown, Glasgow","","55.776884","-4.03305","https://media.rightmove.co.uk:443/dir/crop/10:9-16:9/244k/243653/721600895422800/243653_233806-2_IMG_00_0000_max_476x317.jpeg; https://media.rightmove.co.uk:443/dir/crop/10:9-16:9/244k/243653/721600895422800/243653_233806-2_IMG_01_0000_max_476x317.jpeg; https://media.rightmove.co.uk:443/dir/crop/10:9-16:9/244k/243653/721600895422800/243653_233806-2_IMG_02_0000_max_476x317.jpeg; https://media.rightmove.co.uk:443/dir/crop/10:9-16:9/244k/243653/721600895422800/243653_233806-2_IMG_03_0000_max_476x317.jpeg"
"721600861706032","South Lanarkshire","Office","Nevis House, Lister Way, Blantyre, G72 0FT","£39,606 pcm","","","","Office space to let within Hamilton International Park with large open plan floor plates, suitable for sub-division to suit fit-out plans","https://www.rightmove.co.uk/properties/721600861706032#/?channel=COM_LET","2025-11-26T11:40:05Z","","new","Marketed by G M Brown, Glasgow","","55.780473","-4.101196","https://media.rightmove.co.uk:443/dir/crop/10:9-16:9/244k/243653/721600861706032/243653_229908-2_IMG_00_0000_max_476x317.jpeg"
"721600951978592","South Lanarkshire","Leisure Facility","84 Main Street, Uddingston, Glasgow, G71 7LR","£2,083 pcm","","","","Class 3 consent and license, located in the heart of Uddingston","https://www.rightmove.co.uk/properties/721600951978592#/?channel=COM_LET","2025-11-26T11:40:04Z","","new","Marketed by G M Brown, Glasgow","","55.821507","-4.083484","https://media.rightmove.co.uk:443/dir/crop/10:9-16:9/244k/243653/721600951978592/243653_277272-2_IMG_00_0000_max_476x317.jpeg; https://media.rightmove.co.uk:443/dir/crop/10:9-16:9/244k/243653/721600951978592/243653_277272-2_IMG_01_0000_max_476x317.jpeg; https://media.rightmove.co.uk:443/dir/crop/10:9-16:9/244k/243653/721600951978592/243653_277272-2_IMG_02_0000_max_476x317.jpeg; https://media.rightmove.co.uk:443/dir/crop/10:9-16:9/244k/243653/721600951978592/243653_277272-2_IMG_03_0000_max_476x317.jpeg; https://media.rightmove.co.uk:443/dir/crop/10:9-16:9/244k/243653/721600951978592/243653_277272-2_IMG_04_0000_max_476x317.jpeg"
"721600754845601","South Lanarkshire","Office","Phoenix House, 1 Langlands Gate, East Kilbride, G75 0ZY","£4,167 pcm","","","","Modern ground floor offices which can be split to suit sizes from 1,200 sq ft to 5,000 sq ft.","https://www.rightmove.co.uk/properties/721600754845601#/?channel=COM_LET","2025-11-26T11:37:04Z","","new","Marketed by G M Brown, Glasgow","","55.735522","-4.170039","https://media.rightmove.co.uk:443/dir/crop/10:9-16:9/property-photo/c17623bd0/721600754845601/c17623bd0b9744996e2171915ecb18ae_max_476x317.jpeg; https://media.rightmove.co.uk:443/dir/crop/10:9-16:9/property-photo/ff9c42823/721600754845601/ff9c42823dbf8b44b27d43a7c8c42532_max_476x317.jpeg; https://media.rightmove.co.uk:443/dir/crop/10:9-16:9/property-photo/4a947266a/721600754845601/4a947266ab8758bd81865a89cf974726_max_476x317.jpeg; https://media.rightmove.co.uk:443/dir/crop/10:9-16:9/property-photo/c689a6f2f/721600754845601/c689a6f2fa1e9a9b590dd82826fb6d6d_max_476x317.jpeg; https://media.rightmove.co.uk:443/dir/crop/10:9-16:9/property-photo/9cd555e80/721600754845601/9cd555e80885eb6bdfd191cb6dc07e2e_max_476x317.jpeg; https://media.rightmove.co.uk:443/dir/crop/10:9-16:9/property-photo/e25574997/721600754845601/e25574997542bf3000705fcc61a1b394_max_476x317.jpeg; https://media.rightmove.co.uk:443/dir/crop/10:9-16:9/property-photo/16b2a4cbd/721600754845601/16b2a4cbd25e9dafbd0918b59ab75a8a_max_476x317.jpeg; https://media.rightmove.co.uk:443/dir/crop/10:9-16:9/property-photo/ee3e7ad70/721600754845601/ee3e7ad707453b2493dfb720fccc0dc2_max_476x317.jpeg"
"719240789802720","South Lanarkshire","Serviced Office","Orbital House, Redwood Crescent, East Kilbride, Glasgow, G74 5PR","£2,753 pcm","","","","Serviced Office Spaces TO LET","https://www.rightmove.co.uk/properties/719240789802720#/?channel=COM_LET","2025-11-13T10:59:06Z","","size_change","Marketed by Align Chartered Surveyors, Northallerton","","55.770449","-4.226025","https://media.rightmove.co.uk:443/dir/crop/10:9-16:9/property-photo/18bfb86e0/719240789802720/18bfb86e006e73976dd9dfca8215b3a2_max_476x317.jpeg; https://media.rightmove.co.uk:443/dir/crop/10:9-16:9/property-photo/c0d6ad82e/719240789802720/c0d6ad82e2fc58d18a7bafd2d6e24281_max_476x317.jpeg; https://media.rightmove.co.uk:443/dir/crop/10:9-16:9/property-photo/ac8c54536/719240789802720/ac8c54536937f6ae3a8a85903a724056_max_476x317.jpeg; https://media.rightmove.co.uk:443/dir/crop/10:9-16:9/property-photo/ff9eb5f21/719240789802720/ff9eb5f21b5ce53bb918268440222a9c_max_476x317.jpeg; https://media.rightmove.co.uk:443/dir/crop/10:9-16:9/property-photo/d6d9f5e3f/719240789802720/d6d9f5e3fe428d7c1b8aaddb9aed597e_max_476x317.jpeg; https://media.rightmove.co.uk:443/dir/crop/10:9-16:9/property-photo/d080f35ef/719240789802720/d080f35efefbdacbfae5eda80105d20d_max_476x317.jpeg; https://media.rightmove.co.uk:443/dir/crop/10:9-16:9/property-photo/5099b94d9/719240789802720/5099b94d992bb3a4ae6cf3e97d667eba_max_476x317.jpeg; https://media.rightmove.co.uk:443/dir/crop/10:9-16:9/property-photo/2048e8800/719240789802720/2048e8800a91f5d9248f3004e309fde4_max_476x317.jpeg; https://media.rightmove.co.uk:443/dir/crop/10:9-16:9/property-photo/d9011c206/719240789802720/d9011c2064e142dbcf5581698d4ce80e_max_476x317.jpeg"
"721600769432976","South Lanarkshire","Light Industrial","Dixon Place, College Milton Industrial Estate, East Kilbride, G74 5JF","£1,500 pcm","","","","Refurbished light industrial units available for immediate occupation","https://www.rightmove.co.uk/properties/721600769432976#/?channel=COM_LET","2025-11-26T11:37:08Z","","size_change","Marketed by G M Brown, Glasgow","","55.770121","-4.206375","https://media.rightmove.co.uk:443/dir/crop/10:9-16:9/244k/243653/721600769432976/243653_193315-2_IMG_00_0000_max_476x317.jpeg; https://media.rightmove.co.uk:443/dir/crop/10:9-16:9/244k/243653/721600769432976/243653_193315-2_IMG_01_0000_max_476x317.jpeg; https://media.rightmove.co.uk:443/dir/crop/10:9-16:9/244k/243653/721600769432976/243653_193315-2_IMG_02_0000_max_476x317.jpeg; https://media.rightmove.co.uk:443/dir/crop/10:9-16:9/244k/243653/721600769432976/243653_193315-2_IMG_03_0000_max_476x317.jpeg; https://media.rightmove.co.uk:443/dir/crop/10:9-16:9/244k/243653/721600769432976/243653_193315-2_IMG_04_0000_max_476x317.jpeg; https://media.rightmove.co.uk:443/dir/crop/10:9-16:9/244k/243653/721600769432976/243653_193315-2_IMG_05_0000_max_476x317.jpeg; https://media.rightmove.co.uk:443/dir/crop/10:9-16:9/244k/243653/721600769432976/243653_193315-2_IMG_06_0000_max_476x317.jpeg; https://media.rightmove.co.uk:443/dir/crop/10:9-16:9/244k/243653/721600769432976/243653_193315-2_IMG_07_0000_max_476x317.jpeg; https://media.rightmove.co.uk:443/dir/crop/10:9-16:9/244k/243653/721600769432976/243653_193315-2_IMG_08_0000_max_476x317.jpeg; https://media.rightmove.co.uk:443/dir/crop/10:9-16:9/244k/243653/721600769432976/243653_193315-2_IMG_09_0000_max_476x317.jpeg; https://media.rightmove.co.uk:443/dir/crop/10:9-16:9/244k/243653/721600769432976/243653_193315-2_IMG_10_0000_max_476x317.jpeg; https://media.rightmove.co.uk:443/dir/crop/10:9-16:9/244k/243653/721600769432976/243653_193315-2_IMG_11_0000_max_476x317.jpeg"
"169474580","South Lanarkshire","Land","40 Bridge Street, Cambuslang, Glasgow, G72 7EA","POA","","","","To Let - Open Storage / Light Warehouse - 0.90 Acre Site with a 1,745 sq ft Warehouse","https://www.rightmove.co.uk/properties/169474580#/?channel=COM_LET","2025-11-19T10:08:34Z","","new","Marketed by Savills, Glasgow Industrial","","55.82195","-4.170789","https://media.rightmove.co.uk:443/dir/crop/10:9-16:9/215k/214112/169474580/214112_338082-2_IMG_02_0000_max_476x317.jpeg; https://media.rightmove.co.uk:443/dir/crop/10:9-16:9/215k/214112/169474580/214112_338082-2_IMG_04_0000_max_476x317.jpeg; https://media.rightmove.co.uk:443/dir/crop/10:9-16:9/215k/214112/169474580/214112_338082-2_IMG_05_0000_max_476x317.jpeg; https://media.rightmove.co.uk:443/dir/crop/10:9-16:9/215k/214112/169474580/214112_338082-2_IMG_06_0000_max_476x317.jpeg; https://media.rightmove.co.uk:443/dir/crop/10:9-16:9/215k/214112/169474580/214112_338082-2_IMG_01_0000_max_476x317.jpeg; https://media.rightmove.co.uk:443/dir/crop/10:9-16:9/215k/214112/169474580/214112_338082-2_IMG_00_0000_max_476x317.jpeg; https://media.rightmove.co.uk:443/dir/crop/10:9-16:9/215k/214112/169474580/214112_338082-2_IMG_03_0000_max_476x317.jpeg; https://media.rightmove.co.uk:443/dir/crop/10:9-16:9/215k/214112/169474580/214112_338082-2_IMG_07_0000_max_476x317.jpeg"
"169473233","South Lanarkshire","Warehouse","40 Bridge Street, Cambuslang, Glasgow, G72 7EA","POA","","","","To Let - Open Storage / Light Warehouse - 0.90 Acre Site with a 1,745 sq ft Warehouse","https://www.rightmove.co.uk/properties/169473233#/?channel=COM_LET","2025-11-19T09:49:30Z","","new","Marketed by Savills, Glasgow Industrial","","55.82195","-4.170789","https://media.rightmove.co.uk:443/dir/crop/10:9-16:9/215k/214112/169473233/214112_338071-2_IMG_02_0000_max_476x317.jpeg; https://media.rightmove.co.uk:443/dir/crop/10:9-16:9/215k/214112/169473233/214112_338071-2_IMG_04_0000_max_476x317.jpeg; https://media.rightmove.co.uk:443/dir/crop/10:9-16:9/215k/214112/169473233/214112_338071-2_IMG_05_0000_max_476x317.jpeg; https://media.rightmove.co.uk:443/dir/crop/10:9-16:9/215k/214112/169473233/214112_338071-2_IMG_06_0000_max_476x317.jpeg; https://media.rightmove.co.uk:443/dir/crop/10:9-16:9/215k/214112/169473233/214112_338071-2_IMG_00_0000_max_476x317.jpeg; https://media.rightmove.co.uk:443/dir/crop/10:9-16:9/215k/214112/169473233/214112_338071-2_IMG_01_0000_max_476x317.jpeg; https://media.rightmove.co.uk:443/dir/crop/10:9-16:9/215k/214112/169473233/214112_338071-2_IMG_03_0000_max_476x317.jpeg; https://media.rightmove.co.uk:443/dir/crop/10:9-16:9/215k/214112/169473233/214112_338071-2_IMG_07_0000_max_476x317.jpeg"
"169392848","South Lanarkshire","Retail Property (high street)","Rankin Gait, Hamilton Street, Carluke, Lanarkshire, ML8","£625 pcm","","","","To Let - Retail unit in established town centre location.","https://www.rightmove.co.uk/properties/169392848#/?channel=COM_LET","2025-11-17T10:40:32Z","","price_reduced","Marketed by DM Hall, Glasgow","","55.7336","-3.83709","https://media.rightmove.co.uk:443/dir/crop/10:9-16:9/property-photo/988135d11/169392848/988135d11d7f5db79fbfd01aa6a5c33f_max_476x317.jpeg; https://media.rightmove.co.uk:443/dir/crop/10:9-16:9/property-photo/9f193aa9a/169392848/9f193aa9a1b11af8713d3900a9720a6f_max_476x317.jpeg; https://media.rightmove.co.uk:443/dir/crop/10:9-16:9/property-photo/ee014825b/169392848/ee014825b1e25132bbc5862f69023158_max_476x317.jpeg; https://media.rightmove.co.uk:443/dir/crop/10:9-16:9/property-photo/c390a5e9d/169392848/c390a5e9dbf89fbac213487f160f8d01_max_476x317.jpeg"
"169272134","South Lanarkshire","Business Park","Bramah Avenue, Glasgow, G75","£3,083 pcm","","","","Scottish Enterprise Technology Park was established in 1994 and extends to around 84 acres (34 hectares). It is home to over 100 companies, ranging from start-ups to SMEs and large international businesses. Situated in East Kilbride just nine miles to the south east of Glasgow city centre.","https://www.rightmove.co.uk/properties/169272134#/?channel=COM_LET","2025-11-12T18:33:05Z","","new","Marketed by Lapsley McManus Property Consultants LTD, Glasgow","","55.75584","-4.17074","https://media.rightmove.co.uk:443/dir/crop/10:9-16:9/74k/73725/169272134/73725_EE31125_IMG_06_0000_max_476x317.jpeg; https://media.rightmove.co.uk:443/dir/crop/10:9-16:9/74k/73725/169272134/73725_EE31125_IMG_00_0000_max_476x317.jpeg; https://media.rightmove.co.uk:443/dir/crop/10:9-16:9/74k/73725/169272134/73725_EE31125_IMG_01_0000_max_476x317.jpeg; https://media.rightmove.co.uk:443/dir/crop/10:9-16:9/74k/73725/169272134/73725_EE31125_IMG_02_0000_max_476x317.jpeg; https://media.rightmove.co.uk:443/dir/crop/10:9-16:9/74k/73725/169272134/73725_EE31125_IMG_03_0000_max_476x317.jpeg; https://media.rightmove.co.uk:443/dir/crop/10:9-16:9/74k/73725/169272134/73725_EE31125_IMG_04_0000_max_476x317.jpeg; https://media.rightmove.co.uk:443/dir/crop/10:9-16:9/74k/73725/169272134/73725_EE31125_IMG_05_0000_max_476x317.jpeg"
"169275260","South Lanarkshire","Warehouse","Block 3 Caldwellside Industrial Estate, West Faulds Road, Lanark, ML11 7SR","POA","","","","Versatile refurbished industrial unit located within a well performing industrial estate, space available from 2,200 - 6,812 sqft.","https://www.rightmove.co.uk/properties/169275260#/?channel=COM_LET","2025-11-12T14:45:47Z","","new","Marketed by Savills, Glasgow Industrial","","55.678039","-3.746052","https://media.rightmove.co.uk:443/dir/crop/10:9-16:9/215k/214112/169275260/214112_337341-2_IMG_00_0000_max_476x317.jpeg; https://media.rightmove.co.uk:443/dir/crop/10:9-16:9/215k/214112/169275260/214112_337341-2_IMG_01_0000_max_476x317.jpeg; https://media.rightmove.co.uk:443/dir/crop/10:9-16:9/215k/214112/169275260/214112_337341-2_IMG_02_0000_max_476x317.jpeg; https://media.rightmove.co.uk:443/dir/crop/10:9-16:9/215k/214112/169275260/214112_337341-2_IMG_03_0000_max_476x317.jpeg; https://media.rightmove.co.uk:443/dir/crop/10:9-16:9/215k/214112/169275260/214112_337341-2_IMG_04_0000_max_476x317.jpeg; https://media.rightmove.co.uk:443/dir/crop/10:9-16:9/215k/214112/169275260/214112_337341-2_IMG_05_0000_max_476x317.jpeg; https://media.rightmove.co.uk:443/dir/crop/10:9-16:9/215k/214112/169275260/214112_337341-2_IMG_06_0000_max_476x317.jpeg; https://media.rightmove.co.uk:443/dir/crop/10:9-16:9/215k/214112/169275260/214112_337341-2_IMG_07_0000_max_476x317.jpeg; https://media.rightmove.co.uk:443/dir/crop/10:9-16:9/215k/214112/169275260/214112_337341-2_IMG_08_0000_max_476x317.jpeg; https://media.rightmove.co.uk:443/dir/crop/10:9-16:9/215k/214112/169275260/214112_337341-2_IMG_09_0000_max_476x317.jpeg"
"169256891","South Lanarkshire","Serviced Office","Hamilton Business Centre, Quarry Street, Hamilton,  ML3 6QR","£170 pcm","From","","","MODERN OFFICE SPACE in BUSINESS CENTRE offering local, affordable and flexible space on monthly rents that cover all property costs including electricity, heating, furniture, broadband/WiFi, cleaning, maintenance, building insurance etc.Located in HAMILTON TOWN CENTRE close to all amenities","https://www.rightmove.co.uk/properties/169256891#/?channel=COM_LET","2025-11-12T09:56:10Z","","new","Marketed by Thomson Property Consultants, Glasgow","","55.7724","-4.03837","https://media.rightmove.co.uk:443/dir/crop/10:9-16:9/100k/99610/169256891/99610_Hamilton_IMG_01_0000_max_476x317.jpeg; https://media.rightmove.co.uk:443/dir/crop/10:9-16:9/100k/99610/169256891/99610_Hamilton_IMG_02_0000_max_476x317.jpeg; https://media.rightmove.co.uk:443/dir/crop/10:9-16:9/100k/99610/169256891/99610_Hamilton_IMG_05_0000_max_476x317.jpeg; https://media.rightmove.co.uk:443/dir/crop/10:9-16:9/100k/99610/169256891/99610_Hamilton_IMG_04_0000_max_476x317.jpeg; https://media.rightmove.co.uk:443/dir/crop/10:9-16:9/100k/99610/169256891/99610_Hamilton_IMG_03_0000_max_476x317.jpeg; https://media.rightmove.co.uk:443/dir/crop/10:9-16:9/100k/99610/169256891/99610_Hamilton_IMG_00_0000_max_476x317.jpeg"
"169028129","South Lanarkshire","Light Industrial","Whin Place, East Kilbride, G74 3XS","POA","","","","Industrial unit with open warehouse space with an electric shutter door. ","https://www.rightmove.co.uk/properties/169028129#/?channel=COM_LET","2025-11-05T16:24:39Z","","new","Marketed by Mileway Real Estate UK Limited, Scotland","","55.7789","-4.1589","https://media.rightmove.co.uk:443/dir/crop/10:9-16:9/105k/104203/169028129/104203_QKccfmQHXDji2x9d4aWE3_IMG_00_0000_max_476x317.jpeg; https://media.rightmove.co.uk:443/dir/crop/10:9-16:9/105k/104203/169028129/104203_QKccfmQHXDji2x9d4aWE3_IMG_01_0000_max_476x317.jpeg; https://media.rightmove.co.uk:443/dir/crop/10:9-16:9/105k/104203/169028129/104203_QKccfmQHXDji2x9d4aWE3_IMG_02_0000_max_476x317.jpeg; https://media.rightmove.co.uk:443/dir/crop/10:9-16:9/105k/104203/169028129/104203_QKccfmQHXDji2x9d4aWE3_IMG_03_0000_max_476x317.jpeg; https://media.rightmove.co.uk:443/dir/crop/10:9-16:9/105k/104203/169028129/104203_QKccfmQHXDji2x9d4aWE3_IMG_04_0000_max_476x317.jpeg; https://media.rightmove.co.uk:443/dir/crop/10:9-16:9/105k/104203/169028129/104203_QKccfmQHXDji2x9d4aWE3_IMG_05_0000_max_476x317.jpeg; https://media.rightmove.co.uk:443/dir/crop/10:9-16:9/105k/104203/169028129/104203_QKccfmQHXDji2x9d4aWE3_IMG_06_0000_max_476x317.jpeg; https://media.rightmove.co.uk:443/dir/crop/10:9-16:9/105k/104203/169028129/104203_QKccfmQHXDji2x9d4aWE3_IMG_07_0000_max_476x317.jpeg; https://media.rightmove.co.uk:443/dir/crop/10:9-16:9/105k/104203/169028129/104203_QKccfmQHXDji2x9d4aWE3_IMG_08_0000_max_476x317.jpeg; https://media.rightmove.co.uk:443/dir/crop/10:9-16:9/105k/104203/169028129/104203_QKccfmQHXDji2x9d4aWE3_IMG_09_0000_max_476x317.jpeg"
"169026158","South Lanarkshire","Light Industrial","James Watt Place, East Kilbride, G74 5HG","POA","","","","Unit to let in East Kilbride featuring roller shutter door and direct access to the M74 via junction 5","https://www.rightmove.co.uk/properties/169026158#/?channel=COM_LET","2025-11-05T15:57:51Z","","new","Marketed by Mileway Real Estate UK Limited, Scotland","","55.772","-4.2067","https://media.rightmove.co.uk:443/dir/crop/10:9-16:9/105k/104203/169026158/104203_5WZPcDA3jLkPZvp8aTjebH_IMG_00_0000_max_476x317.jpeg; https://media.rightmove.co.uk:443/dir/crop/10:9-16:9/105k/104203/169026158/104203_5WZPcDA3jLkPZvp8aTjebH_IMG_01_0000_max_476x317.jpeg; https://media.rightmove.co.uk:443/dir/crop/10:9-16:9/105k/104203/169026158/104203_5WZPcDA3jLkPZvp8aTjebH_IMG_02_0000_max_476x317.jpeg"
"168022565","South Lanarkshire","Industrial Park","Hawbank Road (Odd), East Kilbride G74 5EG","£1,350 pcm","From","","","Industrial unit to let in East Kilbride. Benefits from ground floor offices, roller shutter access, and ample parking.","https://www.rightmove.co.uk/properties/168022565#/?channel=COM_LET","2025-10-09T11:12:38Z","","size_change","Marketed by Mileway Real Estate UK Limited, Scotland","","55.7712","-4.213","https://media.rightmove.co.uk:443/dir/crop/10:9-16:9/property-photo/f75d9e6f6/168022565/f75d9e6f6c425f389056cc4921303565_max_476x317.jpeg; https://media.rightmove.co.uk:443/dir/crop/10:9-16:9/property-photo/af9aa59c1/168022565/af9aa59c1152d4cf7462d9371461e19c_max_476x317.jpeg; https://media.rightmove.co.uk:443/dir/crop/10:9-16:9/property-photo/f75d9e6f6/168022565/f75d9e6f6c425f389056cc4921303565_max_476x317.jpeg; https://media.rightmove.co.uk:443/dir/crop/10:9-16:9/property-photo/1a0918738/168022565/1a0918738728b9bacf619fcf5b083608_max_476x317.jpeg; https://media.rightmove.co.uk:443/dir/crop/10:9-16:9/property-photo/7f119466c/168022565/7f119466c90109000eb17454309f5022_max_476x317.jpeg; https://media.rightmove.co.uk:443/dir/crop/10:9-16:9/property-photo/bd4a3860c/168022565/bd4a3860c4d8a2b9367bbb9df2c46083_max_476x317.jpeg; https://media.rightmove.co.uk:443/dir/crop/10:9-16:9/property-photo/8792c1c87/168022565/8792c1c871abb22badb4a1b10d608d99_max_476x317.jpeg; https://media.rightmove.co.uk:443/dir/crop/10:9-16:9/property-photo/288045009/168022565/2880450095f1044e221e67d0415fac5e_max_476x317.jpeg"
"163597100","South Lanarkshire","Light Industrial","Carron Place, Kelvin Industrial Estate, East Kilbride, G75 0YL","POA","","","","Carron Place situated within Kelvin Ind Estate, units to be refurbished with LED lighting, roller shutter access and on-site parking.","https://www.rightmove.co.uk/properties/163597100#/?channel=COM_LET","2025-06-20T14:41:38Z","","size_change","Marketed by Mileway Real Estate UK Limited, Scotland","","55.746","-4.1702","https://media.rightmove.co.uk:443/dir/crop/10:9-16:9/105k/104203/163597100/104203_2JQcytgaF9W9fCLzKAeCSA_IMG_00_0000_max_476x317.jpeg; https://media.rightmove.co.uk:443/dir/crop/10:9-16:9/105k/104203/163597100/104203_2JQcytgaF9W9fCLzKAeCSA_IMG_01_0000_max_476x317.jpeg; https://media.rightmove.co.uk:443/dir/crop/10:9-16:9/105k/104203/163597100/104203_2JQcytgaF9W9fCLzKAeCSA_IMG_02_0000_max_476x317.jpeg; https://media.rightmove.co.uk:443/dir/crop/10:9-16:9/105k/104203/163597100/104203_2JQcytgaF9W9fCLzKAeCSA_IMG_03_0000_max_476x317.jpeg; https://media.rightmove.co.uk:443/dir/crop/10:9-16:9/105k/104203/163597100/104203_2JQcytgaF9W9fCLzKAeCSA_IMG_04_0000_max_476x317.jpeg"
"721600949785216","South Lanarkshire","Light Industrial","1 Burley Place, East Kilbride, Glasgow, G74 5LL","£917 pcm","","","","Studio accommodation located within the popular College Milton Ind Estate of East Kilbride","https://www.rightmove.co.uk/properties/721600949785216#/?channel=COM_LET","2025-11-26T11:40:08Z","","size_change","Marketed by G M Brown, Glasgow","","55.763904","-4.222307","https://media.rightmove.co.uk:443/dir/crop/10:9-16:9/244k/243653/721600949785216/243653_276770-2_IMG_00_0000_max_476x317.png; https://media.rightmove.co.uk:443/dir/crop/10:9-16:9/244k/243653/721600949785216/243653_276770-2_IMG_01_0000_max_476x317.png; https://media.rightmove.co.uk:443/dir/crop/10:9-16:9/244k/243653/721600949785216/243653_276770-2_IMG_02_0000_max_476x317.png; https://media.rightmove.co.uk:443/dir/crop/10:9-16:9/244k/243653/721600949785216/243653_276770-2_IMG_03_0000_max_476x317.png"
"162743198","South Lanarkshire","Office","Jacobean House, 1 Glebe Street, Glasgow, G74","£217 pcm","From","","","Centre of The Village East Kilbride - Modern Development - 24hr Access - Car Park At Rear - Renovated Suites - From 365sq ft - INCENTIVES AVAILABLE - Rent From £50 per week","https://www.rightmove.co.uk/properties/162743198#/?channel=COM_LET","2025-06-02T16:39:30Z","","price_reduced","Marketed by TSA Property Consultants Ltd, Glasgow","","55.76449","-4.17456","https://media.rightmove.co.uk:443/dir/crop/10:9-16:9/201k/200465/162743198/200465_JacobeanREV25_IMG_03_0000_max_476x317.jpeg; https://media.rightmove.co.uk:443/dir/crop/10:9-16:9/201k/200465/162743198/200465_JacobeanREV25_IMG_11_0000_max_476x317.jpeg; https://media.rightmove.co.uk:443/dir/crop/10:9-16:9/201k/200465/162743198/200465_JacobeanREV25_IMG_09_0000_max_476x317.jpeg; https://media.rightmove.co.uk:443/dir/crop/10:9-16:9/201k/200465/162743198/200465_JacobeanREV25_IMG_07_0000_max_476x317.jpeg; https://media.rightmove.co.uk:443/dir/crop/10:9-16:9/201k/200465/162743198/200465_JacobeanREV25_IMG_06_0000_max_476x317.jpeg; https://media.rightmove.co.uk:443/dir/crop/10:9-16:9/201k/200465/162743198/200465_JacobeanREV25_IMG_08_0000_max_476x317.jpeg; https://media.rightmove.co.uk:443/dir/crop/10:9-16:9/201k/200465/162743198/200465_JacobeanREV25_IMG_00_0000_max_476x317.jpeg; https://media.rightmove.co.uk:443/dir/crop/10:9-16:9/201k/200465/162743198/200465_JacobeanREV25_IMG_01_0000_max_476x317.jpeg; https://media.rightmove.co.uk:443/dir/crop/10:9-16:9/201k/200465/162743198/200465_JacobeanREV25_IMG_12_0000_max_476x317.jpeg; https://media.rightmove.co.uk:443/dir/crop/10:9-16:9/201k/200465/162743198/200465_JacobeanREV25_IMG_10_0000_max_476x317.jpeg; https://media.rightmove.co.uk:443/dir/crop/10:9-16:9/201k/200465/162743198/200465_JacobeanREV25_IMG_05_0000_max_476x317.jpeg; https://media.rightmove.co.uk:443/dir/crop/10:9-16:9/201k/200465/162743198/200465_JacobeanREV25_IMG_02_0000_max_476x317.jpeg; https://media.rightmove.co.uk:443/dir/crop/10:9-16:9/201k/200465/162743198/200465_JacobeanREV25_IMG_04_0000_max_476x317.jpeg"
"168804365","South Lanarkshire","Commercial Property","Kirkton Street, Carluke","£1,500 pcm","","","","COMMERCIAL PREMISES AT KIRKTON STREET CARLUKE - AVAILABLE NOW Decorated to a modern standard and available to lease in its entirety or with the option and benefit of splitting the unit into one premise below with a further two or three on the first floor, this property offers a number of...","https://www.rightmove.co.uk/properties/168804365#/?channel=COM_LET","2025-10-30T16:02:18Z","","new","Marketed by Pomphreys Property, Wishaw","","55.734359","-3.840497","https://media.rightmove.co.uk:443/dir/crop/10:9-16:9/201k/200099/168804365/200099_34275774_IMG_00_0000_max_476x317.jpeg; https://media.rightmove.co.uk:443/dir/crop/10:9-16:9/201k/200099/168804365/200099_34275774_IMG_01_0000_max_476x317.jpeg; https://media.rightmove.co.uk:443/dir/crop/10:9-16:9/201k/200099/168804365/200099_34275774_IMG_02_0000_max_476x317.jpeg; https://media.rightmove.co.uk:443/dir/crop/10:9-16:9/201k/200099/168804365/200099_34275774_IMG_03_0000_max_476x317.jpeg; https://media.rightmove.co.uk:443/dir/crop/10:9-16:9/201k/200099/168804365/200099_34275774_IMG_04_0000_max_476x317.jpeg; https://media.rightmove.co.uk:443/dir/crop/10:9-16:9/201k/200099/168804365/200099_34275774_IMG_05_0000_max_476x317.jpeg; https://media.rightmove.co.uk:443/dir/crop/10:9-16:9/201k/200099/168804365/200099_34275774_IMG_06_0000_max_476x317.jpeg; https://media.rightmove.co.uk:443/dir/crop/10:9-16:9/201k/200099/168804365/200099_34275774_IMG_07_0000_max_476x317.jpeg; https://media.rightmove.co.uk:443/dir/crop/10:9-16:9/201k/200099/168804365/200099_34275774_IMG_08_0000_max_476x317.jpeg; https://media.rightmove.co.uk:443/dir/crop/10:9-16:9/201k/200099/168804365/200099_34275774_IMG_09_0000_max_476x317.jpeg; https://media.rightmove.co.uk:443/dir/crop/10:9-16:9/201k/200099/168804365/200099_34275774_IMG_10_0000_max_476x317.jpeg; https://media.rightmove.co.uk:443/dir/crop/10:9-16:9/201k/200099/168804365/200099_34275774_IMG_11_0000_max_476x317.jpeg; https://media.rightmove.co.uk:443/dir/crop/10:9-16:9/201k/200099/168804365/200099_34275774_IMG_12_0000_max_476x317.jpeg; https://media.rightmove.co.uk:443/dir/crop/10:9-16:9/201k/200099/168804365/200099_34275774_IMG_13_0000_max_476x317.jpeg; https://media.rightmove.co.uk:443/dir/crop/10:9-16:9/201k/200099/168804365/200099_34275774_IMG_14_0000_max_476x317.jpeg; https://media.rightmove.co.uk:443/dir/crop/10:9-16:9/201k/200099/168804365/200099_34275774_IMG_15_0000_max_476x317.jpeg; https://media.rightmove.co.uk:443/dir/crop/10:9-16:9/201k/200099/168804365/200099_34275774_IMG_16_0000_max_476x317.jpeg; https://media.rightmove.co.uk:443/dir/crop/10:9-16:9/201k/200099/168804365/200099_34275774_IMG_17_0000_max_476x317.jpeg; https://media.rightmove.co.uk:443/dir/crop/10:9-16:9/201k/200099/168804365/200099_34275774_IMG_18_0000_max_476x317.jpeg; https://media.rightmove.co.uk:443/dir/crop/10:9-16:9/201k/200099/168804365/200099_34275774_IMG_19_0000_max_476x317.jpeg; https://media.rightmove.co.uk:443/dir/crop/10:9-16:9/201k/200099/168804365/200099_34275774_IMG_20_0000_max_476x317.jpeg; https://media.rightmove.co.uk:443/dir/crop/10:9-16:9/201k/200099/168804365/200099_34275774_IMG_21_0000_max_476x317.jpeg; https://media.rightmove.co.uk:443/dir/crop/10:9-16:9/201k/200099/168804365/200099_34275774_IMG_22_0000_max_476x317.jpeg; https://media.rightmove.co.uk:443/dir/crop/10:9-16:9/201k/200099/168804365/200099_34275774_IMG_23_0000_max_476x317.jpeg; https://media.rightmove.co.uk:443/dir/crop/10:9-16:9/201k/200099/168804365/200099_34275774_IMG_24_0000_max_476x317.jpeg; https://media.rightmove.co.uk:443/dir/crop/10:9-16:9/201k/200099/168804365/200099_34275774_IMG_25_0000_max_476x317.jpeg; https://media.rightmove.co.uk:443/dir/crop/10:9-16:9/201k/200099/168804365/200099_34275774_IMG_26_0000_max_476x317.jpeg; https://media.rightmove.co.uk:443/dir/crop/10:9-16:9/201k/200099/168804365/200099_34275774_IMG_27_0000_max_476x317.jpeg; https://media.rightmove.co.uk:443/dir/crop/10:9-16:9/201k/200099/168804365/200099_34275774_IMG_28_0000_max_476x317.jpeg; https://media.rightmove.co.uk:443/dir/crop/10:9-16:9/201k/200099/168804365/200099_34275774_IMG_29_0000_max_476x317.jpeg; https://media.rightmove.co.uk:443/dir/crop/10:9-16:9/201k/200099/168804365/200099_34275774_IMG_30_0000_max_476x317.jpeg; https://media.rightmove.co.uk:443/dir/crop/10:9-16:9/201k/200099/168804365/200099_34275774_IMG_31_0000_max_476x317.jpeg; https://media.rightmove.co.uk:443/dir/crop/10:9-16:9/201k/200099/168804365/200099_34275774_IMG_32_0000_max_476x317.jpeg; https://media.rightmove.co.uk:443/dir/crop/10:9-16:9/201k/200099/168804365/200099_34275774_IMG_33_0000_max_476x317.jpeg; https://media.rightmove.co.uk:443/dir/crop/10:9-16:9/201k/200099/168804365/200099_34275774_IMG_34_0000_max_476x317.jpeg; https://media.rightmove.co.uk:443/dir/crop/10:9-16:9/201k/200099/168804365/200099_34275774_IMG_35_0000_max_476x317.jpeg; https://media.rightmove.co.uk:443/dir/crop/10:9-16:9/201k/200099/168804365/200099_34275774_IMG_36_0000_max_476x317.jpeg; https://media.rightmove.co.uk:443/dir/crop/10:9-16:9/201k/200099/168804365/200099_34275774_IMG_37_0000_max_476x317.jpeg; https://media.rightmove.co.uk:443/dir/crop/10:9-16:9/201k/200099/168804365/200099_34275774_IMG_38_0000_max_476x317.jpeg; https://media.rightmove.co.uk:443/dir/crop/10:9-16:9/201k/200099/168804365/200099_34275774_IMG_39_0000_max_476x317.jpeg; https://media.rightmove.co.uk:443/dir/crop/10:9-16:9/201k/200099/168804365/200099_34275774_IMG_40_0000_max_476x317.jpeg; https://media.rightmove.co.uk:443/dir/crop/10:9-16:9/201k/200099/168804365/200099_34275774_IMG_41_0000_max_476x317.jpeg; https://media.rightmove.co.uk:443/dir/crop/10:9-16:9/201k/200099/168804365/200099_34275774_IMG_42_0000_max_476x317.jpeg; https://media.rightmove.co.uk:443/dir/crop/10:9-16:9/201k/200099/168804365/200099_34275774_IMG_43_0000_max_476x317.jpeg; https://media.rightmove.co.uk:443/dir/crop/10:9-16:9/201k/200099/168804365/200099_34275774_IMG_44_0000_max_476x317.jpeg; https://media.rightmove.co.uk:443/dir/crop/10:9-16:9/201k/200099/168804365/200099_34275774_IMG_45_0000_max_476x317.jpeg; https://media.rightmove.co.uk:443/dir/crop/10:9-16:9/201k/200099/168804365/200099_34275774_IMG_46_0000_max_476x317.jpeg; https://media.rightmove.co.uk:443/dir/crop/10:9-16:9/201k/200099/168804365/200099_34275774_IMG_47_0000_max_476x317.jpeg; https://media.rightmove.co.uk:443/dir/crop/10:9-16:9/201k/200099/168804365/200099_34275774_IMG_48_0000_max_476x317.jpeg; https://media.rightmove.co.uk:443/dir/crop/10:9-16:9/201k/200099/168804365/200099_34275774_IMG_49_0000_max_476x317.jpeg; https://media.rightmove.co.uk:443/dir/crop/10:9-16:9/201k/200099/168804365/200099_34275774_IMG_50_0000_max_476x317.jpeg; https://media.rightmove.co.uk:443/dir/crop/10:9-16:9/201k/200099/168804365/200099_34275774_IMG_51_0000_max_476x317.jpeg; https://media.rightmove.co.uk:443/dir/crop/10:9-16:9/201k/200099/168804365/200099_34275774_IMG_52_0000_max_476x317.jpeg; https://media.rightmove.co.uk:443/dir/crop/10:9-16:9/201k/200099/168804365/200099_34275774_IMG_53_0000_max_476x317.jpeg; https://media.rightmove.co.uk:443/dir/crop/10:9-16:9/201k/200099/168804365/200099_34275774_IMG_54_0000_max_476x317.jpeg"
"168209732","South Lanarkshire","Light Industrial","52 Wilson Place, Nerston Industrial Estate, East Kilbride, G74 4QD","£2,450 pcm","Fixed Price","","","Wilson Place is located within the town of East Kilbride. The industrial unit to let comprises a bright open plan space. ","https://www.rightmove.co.uk/properties/168209732#/?channel=COM_LET","2025-10-15T15:00:11Z","","new","Marketed by Mileway Real Estate UK Limited, Scotland","","55.7768","-4.164","https://media.rightmove.co.uk:443/dir/crop/10:9-16:9/105k/104203/168209732/104203_4RfsCOXWuamuEgOTDfQt4i_IMG_00_0000_max_476x317.jpeg; https://media.rightmove.co.uk:443/dir/crop/10:9-16:9/105k/104203/168209732/104203_4RfsCOXWuamuEgOTDfQt4i_IMG_01_0000_max_476x317.jpeg; https://media.rightmove.co.uk:443/dir/crop/10:9-16:9/105k/104203/168209732/104203_4RfsCOXWuamuEgOTDfQt4i_IMG_02_0000_max_476x317.jpeg; https://media.rightmove.co.uk:443/dir/crop/10:9-16:9/105k/104203/168209732/104203_4RfsCOXWuamuEgOTDfQt4i_IMG_03_0000_max_476x317.jpeg; https://media.rightmove.co.uk:443/dir/crop/10:9-16:9/105k/104203/168209732/104203_4RfsCOXWuamuEgOTDfQt4i_IMG_04_0000_max_476x317.jpeg; https://media.rightmove.co.uk:443/dir/crop/10:9-16:9/105k/104203/168209732/104203_4RfsCOXWuamuEgOTDfQt4i_IMG_05_0000_max_476x317.jpeg; https://media.rightmove.co.uk:443/dir/crop/10:9-16:9/105k/104203/168209732/104203_4RfsCOXWuamuEgOTDfQt4i_IMG_06_0000_max_476x317.jpeg"
"168183908","South Lanarkshire","Office","Brandon Gate, 5 Leechlee Road, Hamilton, ML3 6AU","£664 pcm","","","","Modern Office To Let in Hamilton Town Centre","https://www.rightmove.co.uk/properties/168183908#/?channel=COM_LET","2025-10-15T09:31:34Z","","size_change","Marketed by Avison Young (UK) Limited, Scotland Agency","","55.775077","-4.037293","https://media.rightmove.co.uk:443/dir/crop/10:9-16:9/235k/234002/168183908/234002_271045-2_IMG_00_0000_max_476x317.jpeg; https://media.rightmove.co.uk:443/dir/crop/10:9-16:9/235k/234002/168183908/234002_271045-2_IMG_01_0000_max_476x317.jpeg; https://media.rightmove.co.uk:443/dir/crop/10:9-16:9/235k/234002/168183908/234002_271045-2_IMG_02_0000_max_476x317.jpeg; https://media.rightmove.co.uk:443/dir/crop/10:9-16:9/235k/234002/168183908/234002_271045-2_IMG_03_0000_max_476x317.jpeg; https://media.rightmove.co.uk:443/dir/crop/10:9-16:9/235k/234002/168183908/234002_271045-2_IMG_04_0000_max_476x317.jpeg; https://media.rightmove.co.uk:443/dir/crop/10:9-16:9/235k/234002/168183908/234002_271045-2_IMG_05_0000_max_476x317.jpeg; https://media.rightmove.co.uk:443/dir/crop/10:9-16:9/235k/234002/168183908/234002_271045-2_IMG_06_0000_max_476x317.jpeg; https://media.rightmove.co.uk:443/dir/crop/10:9-16:9/235k/234002/168183908/234002_271045-2_IMG_07_0000_max_476x317.jpeg; https://media.rightmove.co.uk:443/dir/crop/10:9-16:9/235k/234002/168183908/234002_271045-2_IMG_08_0000_max_476x317.jpeg"
"168067985","South Lanarkshire","Land"," Yard Phase 3,  Lloyd Street, Glasgow, G73","£850 pcm","","","","The subjects are located on the south side of Lloyd Street within the Rutherglen area of Glasgow, lying some 3 miles south east of the city centre. The Rutherglen area is an established industrial and trade park location. There has also been considerable regeneration locally led by Clyde Gateway.","https://www.rightmove.co.uk/properties/168067985#/?channel=COM_LET","2025-10-10T10:23:07Z","","new","Marketed by Lapsley McManus Property Consultants LTD, Glasgow","","55.83322","-4.21114","https://media.rightmove.co.uk:443/dir/crop/10:9-16:9/74k/73725/168067985/73725_yardlloydst_IMG_00_0000_max_476x317.jpeg; https://media.rightmove.co.uk:443/dir/crop/10:9-16:9/74k/73725/168067985/73725_yardlloydst_IMG_01_0000_max_476x317.jpeg"
"167974550","South Lanarkshire","Light Industrial","Dixon Place, College Milton, East Kilbride, G74 5JF","POA","","","","Units to let in East Kilbride. With sectional overhead vehicle/personnel access doors and on-site car parking.","https://www.rightmove.co.uk/properties/167974550#/?channel=COM_LET","2025-10-08T11:11:09Z","","new","Marketed by Mileway Real Estate UK Limited, Scotland","","55.7702","-4.2074","https://media.rightmove.co.uk:443/dir/crop/10:9-16:9/105k/104203/167974550/104203_9a9gelsBMKy08KkUJU8la_IMG_00_0000_max_476x317.jpeg; https://media.rightmove.co.uk:443/dir/crop/10:9-16:9/105k/104203/167974550/104203_9a9gelsBMKy08KkUJU8la_IMG_01_0000_max_476x317.jpeg; https://media.rightmove.co.uk:443/dir/crop/10:9-16:9/105k/104203/167974550/104203_9a9gelsBMKy08KkUJU8la_IMG_02_0000_max_476x317.jpeg; https://media.rightmove.co.uk:443/dir/crop/10:9-16:9/105k/104203/167974550/104203_9a9gelsBMKy08KkUJU8la_IMG_03_0000_max_476x317.jpeg; https://media.rightmove.co.uk:443/dir/crop/10:9-16:9/105k/104203/167974550/104203_9a9gelsBMKy08KkUJU8la_IMG_04_0000_max_476x317.jpeg; https://media.rightmove.co.uk:443/dir/crop/10:9-16:9/105k/104203/167974550/104203_9a9gelsBMKy08KkUJU8la_IMG_05_0000_max_476x317.jpeg; https://media.rightmove.co.uk:443/dir/crop/10:9-16:9/105k/104203/167974550/104203_9a9gelsBMKy08KkUJU8la_IMG_06_0000_max_476x317.jpeg"
"167909450","South Lanarkshire","Office","4 Cadzow Street, Hamilton, ML3","£625 pcm","From","","","Cadzow Street is one of the principal retail thoroughfares within the heart of Hamilton town centre. The surrounding area comprises predominantly ground-floor retail accommodation, with the upper floors generally occupied as offices or residential dwellings. The subjects are situated on the no...","https://www.rightmove.co.uk/properties/167909450#/?channel=COM_LET","2025-10-07T13:09:08Z","","new","Marketed by DM Hall, Glasgow","","55.776404","-4.034317","https://media.rightmove.co.uk:443/dir/crop/10:9-16:9/146k/145094/167909450/145094_WSA2890_IMG_00_0000_max_476x317.jpeg; https://media.rightmove.co.uk:443/dir/crop/10:9-16:9/146k/145094/167909450/145094_WSA2890_IMG_01_0000_max_476x317.jpeg; https://media.rightmove.co.uk:443/dir/crop/10:9-16:9/146k/145094/167909450/145094_WSA2890_IMG_02_0000_max_476x317.jpeg; https://media.rightmove.co.uk:443/dir/crop/10:9-16:9/146k/145094/167909450/145094_WSA2890_IMG_03_0000_max_476x317.jpeg; https://media.rightmove.co.uk:443/dir/crop/10:9-16:9/146k/145094/167909450/145094_WSA2890_IMG_04_0000_max_476x317.jpeg; https://media.rightmove.co.uk:443/dir/crop/10:9-16:9/146k/145094/167909450/145094_WSA2890_IMG_05_0000_max_476x317.jpeg; https://media.rightmove.co.uk:443/dir/crop/10:9-16:9/146k/145094/167909450/145094_WSA2890_IMG_06_0000_max_476x317.jpeg"
"721600618531169","South Lanarkshire","Light Industrial","Singer Road, Kelvin Industrial Estate, East Kilbride, G75 0XS","£1,500 pcm","","","","Light Industrial / Warehouse unit with offices located within the popular Kelvin Industrial Estate of East Kilbride.","https://www.rightmove.co.uk/properties/721600618531169#/?channel=COM_LET","2025-11-26T11:36:09Z","","new","Marketed by G M Brown, Glasgow","","55.747244","-4.169514","https://media.rightmove.co.uk:443/dir/crop/10:9-16:9/244k/243653/721600618531169/243653_84971-2_IMG_00_0000_max_476x317.jpeg; https://media.rightmove.co.uk:443/dir/crop/10:9-16:9/244k/243653/721600618531169/243653_84971-2_IMG_01_0000_max_476x317.jpeg; https://media.rightmove.co.uk:443/dir/crop/10:9-16:9/244k/243653/721600618531169/243653_84971-2_IMG_02_0000_max_476x317.jpeg; https://media.rightmove.co.uk:443/dir/crop/10:9-16:9/244k/243653/721600618531169/243653_84971-2_IMG_03_0000_max_476x317.jpeg; https://media.rightmove.co.uk:443/dir/crop/10:9-16:9/244k/243653/721600618531169/243653_84971-2_IMG_04_0000_max_476x317.jpeg"
"721600698128289","South Lanarkshire","Light Industrial","Colvilles Park, Kelvin Industrial Estate, East Kilbride, G75 0GZ","£2,609 pcm","","","","Prime trade-counter unit located within East Kilbride's main trade estate","https://www.rightmove.co.uk/properties/721600698128289#/?channel=COM_LET","2025-11-26T11:37:59Z","","size_change","Marketed by G M Brown, Glasgow","","55.748175","-4.159429","https://media.rightmove.co.uk:443/dir/crop/10:9-16:9/244k/243653/721600698128289/243653_129494-2_IMG_00_0000_max_476x317.jpeg; https://media.rightmove.co.uk:443/dir/crop/10:9-16:9/244k/243653/721600698128289/243653_129494-2_IMG_01_0000_max_476x317.jpeg; https://media.rightmove.co.uk:443/dir/crop/10:9-16:9/244k/243653/721600698128289/243653_129494-2_IMG_02_0000_max_476x317.jpeg; https://media.rightmove.co.uk:443/dir/crop/10:9-16:9/244k/243653/721600698128289/243653_129494-2_IMG_03_0000_max_476x317.jpeg; https://media.rightmove.co.uk:443/dir/crop/10:9-16:9/244k/243653/721600698128289/243653_129494-2_IMG_04_0000_max_476x317.jpeg; https://media.rightmove.co.uk:443/dir/crop/10:9-16:9/244k/243653/721600698128289/243653_129494-2_IMG_05_0000_max_476x317.jpeg"
"721601262424896","South Lanarkshire","Retail Property (high street)","2-4 Quarry Street, Hamilton, ML3 7AR","£1,250 pcm","","","","Highly prominent Class 1A premises located within the heart of Hamilton Town Centre","https://www.rightmove.co.uk/properties/721601262424896#/?channel=COM_LET","2025-11-26T11:46:16Z","","new","Marketed by G M Brown, Glasgow","","55.775698","-4.034414","https://media.rightmove.co.uk:443/dir/crop/10:9-16:9/244k/243653/721601262424896/243653_332784-2_IMG_00_0000_max_476x317.jpeg; https://media.rightmove.co.uk:443/dir/crop/10:9-16:9/244k/243653/721601262424896/243653_332784-2_IMG_01_0000_max_476x317.jpeg; https://media.rightmove.co.uk:443/dir/crop/10:9-16:9/244k/243653/721601262424896/243653_332784-2_IMG_02_0000_max_476x317.jpeg"
"721600928910417","South Lanarkshire","Light Industrial","1 Burley Place, College Milton, East Kilbride, G74 5LL","£1,125 pcm","","","","Fully refurbished modern high spec industrial premises with secure yards","https://www.rightmove.co.uk/properties/721600928910417#/?channel=COM_LET","2025-11-26T11:40:08Z","","size_change","Marketed by G M Brown, Glasgow","","55.764048","-4.222054","https://media.rightmove.co.uk:443/dir/crop/10:9-16:9/244k/243653/721600928910417/243653_273343-2_IMG_00_0000_max_476x317.jpeg; https://media.rightmove.co.uk:443/dir/crop/10:9-16:9/244k/243653/721600928910417/243653_273343-2_IMG_01_0000_max_476x317.jpeg; https://media.rightmove.co.uk:443/dir/crop/10:9-16:9/244k/243653/721600928910417/243653_273343-2_IMG_02_0000_max_476x317.jpeg"
"166808648","South Lanarkshire","Retail Property (high street)","Main Street, Glasgow, G73","£2,917 pcm","","","","Located On Busy Thoroughfare - Large Frontage - Ground & Basement - Private Car Park - 4,808sq ft - Rent: £35,000p.a.x - Sale: P.O.A.","https://www.rightmove.co.uk/properties/166808648#/?channel=COM_LET","2025-09-10T11:59:42Z","","price_reduced","Marketed by TSA Property Consultants Ltd, Glasgow","","55.8282","-4.21609","https://media.rightmove.co.uk:443/dir/crop/10:9-16:9/201k/200465/166808648/200465_8890MSTRGLENLH_IMG_04_0000_max_476x317.jpeg; https://media.rightmove.co.uk:443/dir/crop/10:9-16:9/201k/200465/166808648/200465_8890MSTRGLENLH_IMG_00_0000_max_476x317.jpeg; https://media.rightmove.co.uk:443/dir/crop/10:9-16:9/201k/200465/166808648/200465_8890MSTRGLENLH_IMG_01_0000_max_476x317.jpeg; https://media.rightmove.co.uk:443/dir/crop/10:9-16:9/201k/200465/166808648/200465_8890MSTRGLENLH_IMG_02_0000_max_476x317.jpeg; https://media.rightmove.co.uk:443/dir/crop/10:9-16:9/201k/200465/166808648/200465_8890MSTRGLENLH_IMG_03_0000_max_476x317.jpeg"
"166646006","South Lanarkshire","Pub","Redcliffe Drive, Glasgow, G75","Offers Invited","","","","EXTENSIVE LICENSED PREMISES","https://www.rightmove.co.uk/properties/166646006#/?channel=COM_LET","2025-09-05T16:28:13Z","","new","Marketed by CDLH Leisure & Hospitality Surveyors, Glasgow","","55.7571","-4.20077","https://media.rightmove.co.uk:443/dir/crop/10:9-16:9/171k/170045/166646006/170045_TheWestwoodBarandRestaurant_IMG_00_0000_max_476x317.jpeg; https://media.rightmove.co.uk:443/dir/crop/10:9-16:9/171k/170045/166646006/170045_TheWestwoodBarandRestaurant_IMG_01_0000_max_476x317.jpeg; https://media.rightmove.co.uk:443/dir/crop/10:9-16:9/171k/170045/166646006/170045_TheWestwoodBarandRestaurant_IMG_02_0000_max_476x317.jpeg; https://media.rightmove.co.uk:443/dir/crop/10:9-16:9/171k/170045/166646006/170045_TheWestwoodBarandRestaurant_IMG_03_0000_max_476x317.jpeg; https://media.rightmove.co.uk:443/dir/crop/10:9-16:9/171k/170045/166646006/170045_TheWestwoodBarandRestaurant_IMG_04_0000_max_476x317.jpeg; https://media.rightmove.co.uk:443/dir/crop/10:9-16:9/171k/170045/166646006/170045_TheWestwoodBarandRestaurant_IMG_05_0000_max_476x317.jpeg; https://media.rightmove.co.uk:443/dir/crop/10:9-16:9/171k/170045/166646006/170045_TheWestwoodBarandRestaurant_IMG_06_0000_max_476x317.jpeg; https://media.rightmove.co.uk:443/dir/crop/10:9-16:9/171k/170045/166646006/170045_TheWestwoodBarandRestaurant_IMG_07_0000_max_476x317.jpeg; https://media.rightmove.co.uk:443/dir/crop/10:9-16:9/171k/170045/166646006/170045_TheWestwoodBarandRestaurant_IMG_08_0000_max_476x317.jpeg; https://media.rightmove.co.uk:443/dir/crop/10:9-16:9/171k/170045/166646006/170045_TheWestwoodBarandRestaurant_IMG_09_0000_max_476x317.jpeg; https://media.rightmove.co.uk:443/dir/crop/10:9-16:9/171k/170045/166646006/170045_TheWestwoodBarandRestaurant_IMG_10_0000_max_476x317.jpeg; https://media.rightmove.co.uk:443/dir/crop/10:9-16:9/171k/170045/166646006/170045_TheWestwoodBarandRestaurant_IMG_11_0000_max_476x317.jpeg; https://media.rightmove.co.uk:443/dir/crop/10:9-16:9/171k/170045/166646006/170045_TheWestwoodBarandRestaurant_IMG_12_0000_max_476x317.jpeg; https://media.rightmove.co.uk:443/dir/crop/10:9-16:9/171k/170045/166646006/170045_TheWestwoodBarandRestaurant_IMG_13_0000_max_476x317.jpeg"
"721600629084161","South Lanarkshire","Light Industrial","52 Wilson Place, Nerston Industrial Estate, East Kilbride, G74 4QD","£1,417 pcm","","","","Prominent trade-counter / showroom / light industrial units located within Nerston Industrial, East Kilbride.","https://www.rightmove.co.uk/properties/721600629084161#/?channel=COM_LET","2025-11-26T11:36:10Z","","price_reduced","Marketed by G M Brown, Glasgow","","55.776596","-4.164226","https://media.rightmove.co.uk:443/dir/crop/10:9-16:9/244k/243653/721600629084161/243653_85155-2_IMG_00_0000_max_476x317.jpeg; https://media.rightmove.co.uk:443/dir/crop/10:9-16:9/244k/243653/721600629084161/243653_85155-2_IMG_01_0000_max_476x317.jpeg; https://media.rightmove.co.uk:443/dir/crop/10:9-16:9/244k/243653/721600629084161/243653_85155-2_IMG_02_0000_max_476x317.jpeg; https://media.rightmove.co.uk:443/dir/crop/10:9-16:9/244k/243653/721600629084161/243653_85155-2_IMG_03_0000_max_476x317.jpeg; https://media.rightmove.co.uk:443/dir/crop/10:9-16:9/244k/243653/721600629084161/243653_85155-2_IMG_04_0000_max_476x317.jpeg; https://media.rightmove.co.uk:443/dir/crop/10:9-16:9/244k/243653/721600629084161/243653_85155-2_IMG_05_0000_max_476x317.jpeg; https://media.rightmove.co.uk:443/dir/crop/10:9-16:9/244k/243653/721600629084161/243653_85155-2_IMG_06_0000_max_476x317.jpeg"
"166567829","South Lanarkshire","Office","Strathmore & Edinburgh House, East Kilbride, G74 1LF","£270 pcm","From","","","Refurbished offices in East Kilbride Town Centre","https://www.rightmove.co.uk/properties/166567829#/?channel=COM_LET","2025-09-04T09:34:51Z","","new","Marketed by Standard Real Estate Ltd, Glasgow","","55.76138","-4.17742","https://media.rightmove.co.uk:443/dir/crop/10:9-16:9/217k/216194/166567829/216194_131580-2_IMG_00_0000_max_476x317.jpeg; https://media.rightmove.co.uk:443/dir/crop/10:9-16:9/217k/216194/166567829/216194_131580-2_IMG_01_0000_max_476x317.jpeg; https://media.rightmove.co.uk:443/dir/crop/10:9-16:9/217k/216194/166567829/216194_131580-2_IMG_02_0000_max_476x317.jpeg; https://media.rightmove.co.uk:443/dir/crop/10:9-16:9/217k/216194/166567829/216194_131580-2_IMG_03_0000_max_476x317.jpeg; https://media.rightmove.co.uk:443/dir/crop/10:9-16:9/217k/216194/166567829/216194_131580-2_IMG_04_0000_max_476x317.jpeg; https://media.rightmove.co.uk:443/dir/crop/10:9-16:9/217k/216194/166567829/216194_131580-2_IMG_05_0000_max_476x317.jpeg; https://media.rightmove.co.uk:443/dir/crop/10:9-16:9/217k/216194/166567829/216194_131580-2_IMG_06_0000_max_476x317.jpeg; https://media.rightmove.co.uk:443/dir/crop/10:9-16:9/217k/216194/166567829/216194_131580-2_IMG_07_0000_max_476x317.jpeg; https://media.rightmove.co.uk:443/dir/crop/10:9-16:9/217k/216194/166567829/216194_131580-2_IMG_08_0000_max_476x317.jpeg; https://media.rightmove.co.uk:443/dir/crop/10:9-16:9/217k/216194/166567829/216194_131580-2_IMG_09_0000_max_476x317.jpeg; https://media.rightmove.co.uk:443/dir/crop/10:9-16:9/217k/216194/166567829/216194_131580-2_IMG_10_0000_max_476x317.jpeg; https://media.rightmove.co.uk:443/dir/crop/10:9-16:9/217k/216194/166567829/216194_131580-2_IMG_11_0000_max_476x317.jpeg; https://media.rightmove.co.uk:443/dir/crop/10:9-16:9/217k/216194/166567829/216194_131580-2_IMG_12_0000_max_476x317.jpeg; https://media.rightmove.co.uk:443/dir/crop/10:9-16:9/217k/216194/166567829/216194_131580-2_IMG_13_0000_max_476x317.jpeg; https://media.rightmove.co.uk:443/dir/crop/10:9-16:9/217k/216194/166567829/216194_131580-2_IMG_14_0000_max_476x317.jpeg; https://media.rightmove.co.uk:443/dir/crop/10:9-16:9/217k/216194/166567829/216194_131580-2_IMG_15_0000_max_476x317.jpeg; https://media.rightmove.co.uk:443/dir/crop/10:9-16:9/217k/216194/166567829/216194_131580-2_IMG_16_0000_max_476x317.jpeg; https://media.rightmove.co.uk:443/dir/crop/10:9-16:9/217k/216194/166567829/216194_131580-2_IMG_17_0000_max_476x317.jpeg; https://media.rightmove.co.uk:443/dir/crop/10:9-16:9/217k/216194/166567829/216194_131580-2_IMG_18_0000_max_476x317.jpeg"
"721600702485248","South Lanarkshire","Light Industrial","Westgarth Place, College Milton Industrial Estate, East Kilbride, G74 5NT","£1,500 pcm","","","","Fully refurbished light industrial unit located within the popular College Milton Industrial Estate of East Kilbride","https://www.rightmove.co.uk/properties/721600702485248#/?channel=COM_LET","2025-11-26T11:37:10Z","","size_change","Marketed by G M Brown, Glasgow","","55.769327","-4.210417","https://media.rightmove.co.uk:443/dir/crop/10:9-16:9/244k/243653/721600702485248/243653_140935-2_IMG_00_0000_max_476x317.jpeg; https://media.rightmove.co.uk:443/dir/crop/10:9-16:9/244k/243653/721600702485248/243653_140935-2_IMG_01_0000_max_476x317.jpeg"
"721780608831712","South Lanarkshire","Light Industrial","14 Bouverie Street, Rutherglen, G73 2RX","POA","","","","*Available November* Refurbished industrial unit with secure yard.","https://www.rightmove.co.uk/properties/721780608831712#/?channel=COM_LET","2025-11-27T11:37:11Z","","new","Marketed by Newmark, Glasgow","","55.826125","-4.220899","https://media.rightmove.co.uk:443/dir/crop/10:9-16:9/279k/278951/721780608831712/278951_327397-2_IMG_00_0000_max_476x317.jpeg; https://media.rightmove.co.uk:443/dir/crop/10:9-16:9/279k/278951/721780608831712/278951_327397-2_IMG_01_0000_max_476x317.jpeg"
"169209125","South Lanarkshire","Serviced Office","Townhead Street, Hamilton, South Lanarkshire, ML3","POA","","","","Modern Offices to let in Hamilton POA","https://www.rightmove.co.uk/properties/169209125#/?channel=COM_LET","2025-11-11T09:19:13Z","","new","Marketed by Jewel Homes, Coatbridge","","55.77299","-4.02995","https://media.rightmove.co.uk:443/dir/crop/10:9-16:9/136k/135968/169209125/135968_P2324_IMG_00_0000_max_476x317.jpeg; https://media.rightmove.co.uk:443/dir/crop/10:9-16:9/136k/135968/169209125/135968_P2324_IMG_01_0000_max_476x317.jpeg; https://media.rightmove.co.uk:443/dir/crop/10:9-16:9/136k/135968/169209125/135968_P2324_IMG_02_0000_max_476x317.jpeg; https://media.rightmove.co.uk:443/dir/crop/10:9-16:9/136k/135968/169209125/135968_P2324_IMG_03_0000_max_476x317.jpeg; https://media.rightmove.co.uk:443/dir/crop/10:9-16:9/136k/135968/169209125/135968_P2324_IMG_04_0000_max_476x317.jpeg"
"165941639","South Lanarkshire","Light Industrial","Wilson Place, East Kilbride, G74 4QD","£1,450 pcm","From","","","Unit to let in East Kilbride. The unit benefits from roller shutter door, shared yard and welfare facilities","https://www.rightmove.co.uk/properties/165941639#/?channel=COM_LET","2025-08-19T11:38:26Z","","new","Marketed by Mileway Real Estate UK Limited, Scotland","","55.7754","-4.1661","https://media.rightmove.co.uk:443/dir/crop/10:9-16:9/105k/104203/165941639/104203_73bN31YiMmDjcVYWGYUBZv_IMG_00_0000_max_476x317.jpeg; https://media.rightmove.co.uk:443/dir/crop/10:9-16:9/105k/104203/165941639/104203_73bN31YiMmDjcVYWGYUBZv_IMG_01_0000_max_476x317.jpeg; https://media.rightmove.co.uk:443/dir/crop/10:9-16:9/105k/104203/165941639/104203_73bN31YiMmDjcVYWGYUBZv_IMG_02_0000_max_476x317.jpeg; https://media.rightmove.co.uk:443/dir/crop/10:9-16:9/105k/104203/165941639/104203_73bN31YiMmDjcVYWGYUBZv_IMG_03_0000_max_476x317.jpeg; https://media.rightmove.co.uk:443/dir/crop/10:9-16:9/105k/104203/165941639/104203_73bN31YiMmDjcVYWGYUBZv_IMG_04_0000_max_476x317.jpeg"
"721600656348977","South Lanarkshire","Light Industrial","Hawbank Road, College Milton Industrial Estate, East Kilbride, G74 5EG","£1,292 pcm","","","","Mid-terraced industrial premises eligible for 100% rates relief, located within the popular College Milton Industrial Est. of East Kilbride","https://www.rightmove.co.uk/properties/721600656348977#/?channel=COM_LET","2025-11-26T11:36:10Z","","new","Marketed by G M Brown, Glasgow","","55.771195","-4.212006","https://media.rightmove.co.uk:443/dir/crop/10:9-16:9/244k/243653/721600656348977/243653_90348-2_IMG_00_0000_max_476x317.jpeg; https://media.rightmove.co.uk:443/dir/crop/10:9-16:9/244k/243653/721600656348977/243653_90348-2_IMG_01_0000_max_476x317.jpeg; https://media.rightmove.co.uk:443/dir/crop/10:9-16:9/244k/243653/721600656348977/243653_90348-2_IMG_02_0000_max_476x317.jpeg; https://media.rightmove.co.uk:443/dir/crop/10:9-16:9/244k/243653/721600656348977/243653_90348-2_IMG_03_0000_max_476x317.jpeg; https://media.rightmove.co.uk:443/dir/crop/10:9-16:9/244k/243653/721600656348977/243653_90348-2_IMG_04_0000_max_476x317.jpeg; https://media.rightmove.co.uk:443/dir/crop/10:9-16:9/244k/243653/721600656348977/243653_90348-2_IMG_05_0000_max_476x317.jpeg; https://media.rightmove.co.uk:443/dir/crop/10:9-16:9/244k/243653/721600656348977/243653_90348-2_IMG_06_0000_max_476x317.jpeg; https://media.rightmove.co.uk:443/dir/crop/10:9-16:9/244k/243653/721600656348977/243653_90348-2_IMG_07_0000_max_476x317.jpeg; https://media.rightmove.co.uk:443/dir/crop/10:9-16:9/244k/243653/721600656348977/243653_90348-2_IMG_08_0000_max_476x317.jpeg; https://media.rightmove.co.uk:443/dir/crop/10:9-16:9/244k/243653/721600656348977/243653_90348-2_IMG_09_0000_max_476x317.jpeg; https://media.rightmove.co.uk:443/dir/crop/10:9-16:9/244k/243653/721600656348977/243653_90348-2_IMG_10_0000_max_476x317.jpeg"
"721601094654336","South Lanarkshire","Office","Murdoch House, 29 Bothwell Road, Uddingston, G71 7TW","POA","","","","Substantial commercial premises on large self-contained site benefitting from 400 parking spaces","https://www.rightmove.co.uk/properties/721601094654336#/?channel=COM_LET","2025-11-26T11:46:12Z","","new","Marketed by G M Brown, Glasgow","","55.812804","-4.079481","https://media.rightmove.co.uk:443/dir/crop/10:9-16:9/244k/243653/721601094654336/243653_301485-2_IMG_00_0000_max_476x317.jpeg; https://media.rightmove.co.uk:443/dir/crop/10:9-16:9/244k/243653/721601094654336/243653_301485-2_IMG_01_0000_max_476x317.jpeg; https://media.rightmove.co.uk:443/dir/crop/10:9-16:9/244k/243653/721601094654336/243653_301485-2_IMG_02_0000_max_476x317.jpeg; https://media.rightmove.co.uk:443/dir/crop/10:9-16:9/244k/243653/721601094654336/243653_301485-2_IMG_03_0000_max_476x317.jpeg; https://media.rightmove.co.uk:443/dir/crop/10:9-16:9/244k/243653/721601094654336/243653_301485-2_IMG_04_0000_max_476x317.jpeg; https://media.rightmove.co.uk:443/dir/crop/10:9-16:9/244k/243653/721601094654336/243653_301485-2_IMG_05_0000_max_476x317.jpeg"
"721600920590304","South Lanarkshire","Light Industrial","Borland Drive, Strutherhill Industrial Estate, Larkhall, ML9 2BJ","POA","","","","Well-surfaced secure and serviced yard space available for immediate occupation","https://www.rightmove.co.uk/properties/721600920590304#/?channel=COM_LET","2025-11-26T11:40:08Z","","size_change","Marketed by G M Brown, Glasgow","","55.725605","-3.963875","https://media.rightmove.co.uk:443/dir/crop/10:9-16:9/244k/243653/721600920590304/243653_271260-2_IMG_00_0000_max_476x317.jpeg; https://media.rightmove.co.uk:443/dir/crop/10:9-16:9/244k/243653/721600920590304/243653_271260-2_IMG_01_0000_max_476x317.jpeg"
"721780581452608","South Lanarkshire","Light Industrial","10 Bouverie Street, Rutherglen, G73 2RX","POA","","","","Industrial unit with offices - Quick access to M74","https://www.rightmove.co.uk/properties/721780581452608#/?channel=COM_LET","2025-11-27T11:37:06Z","","new","Marketed by Newmark, Glasgow","","55.826121","-4.221091","https://media.rightmove.co.uk:443/dir/crop/10:9-16:9/279k/278951/721780581452608/278951_318410-2_IMG_00_0000_max_476x317.jpeg; https://media.rightmove.co.uk:443/dir/crop/10:9-16:9/279k/278951/721780581452608/278951_318410-2_IMG_01_0000_max_476x317.jpeg; https://media.rightmove.co.uk:443/dir/crop/10:9-16:9/279k/278951/721780581452608/278951_318410-2_IMG_02_0000_max_476x317.jpeg; https://media.rightmove.co.uk:443/dir/crop/10:9-16:9/279k/278951/721780581452608/278951_318410-2_IMG_03_0000_max_476x317.jpeg; https://media.rightmove.co.uk:443/dir/crop/10:9-16:9/279k/278951/721780581452608/278951_318410-2_IMG_04_0000_max_476x317.jpeg; https://media.rightmove.co.uk:443/dir/crop/10:9-16:9/279k/278951/721780581452608/278951_318410-2_IMG_05_0000_max_476x317.jpeg"
"86995104","South Lanarkshire","Office","Kilpatrick House, Kilpatrick House, 2 Lister Way, Hamilton Intnl Technology Park, Blantyre, Glasgow, G72 0FT","£15,090 pcm","","","","Kilpatrick House offers good quality space within Hamilton Park, a well established out of town business location.","https://www.rightmove.co.uk/properties/86995104#/?channel=COM_LET","2024-09-06T09:58:27Z","","size_change","Marketed by JLL, Glasgow - Offices","","55.780676","-4.100908","https://media.rightmove.co.uk:443/dir/crop/10:9-16:9/258k/257816/86995104/257816_52944-2_IMG_02_0000_max_476x317.jpeg; https://media.rightmove.co.uk:443/dir/crop/10:9-16:9/258k/257816/86995104/257816_52944-2_IMG_04_0000_max_476x317.jpeg; https://media.rightmove.co.uk:443/dir/crop/10:9-16:9/258k/257816/86995104/257816_52944-2_IMG_03_0000_max_476x317.jpeg; https://media.rightmove.co.uk:443/dir/crop/10:9-16:9/258k/257816/86995104/257816_52944-2_IMG_01_0000_max_476x317.jpeg; https://media.rightmove.co.uk:443/dir/crop/10:9-16:9/258k/257816/86995104/257816_52944-2_IMG_00_0000_max_476x317.jpeg"
"137810597","South Lanarkshire","Office","Bramah Avenue, Glasgow, G75","£2,625 pcm","From","","","High quality office accommodation with excellent onsite car parking.","https://www.rightmove.co.uk/properties/137810597#/?channel=COM_LET","2023-07-24T17:01:49Z","","size_change","Marketed by Leaworks Ltd, Glasgow","","55.75644","-4.16997","https://media.rightmove.co.uk:443/dir/crop/10:9-16:9/197k/196583/137810597/196583_Orion_IMG_00_0000_max_476x317.png; https://media.rightmove.co.uk:443/dir/crop/10:9-16:9/197k/196583/137810597/196583_Orion_IMG_01_0000_max_476x317.png; https://media.rightmove.co.uk:443/dir/crop/10:9-16:9/197k/196583/137810597/196583_Orion_IMG_02_0000_max_476x317.png; https://media.rightmove.co.uk:443/dir/crop/10:9-16:9/197k/196583/137810597/196583_Orion_IMG_03_0000_max_476x317.png; https://media.rightmove.co.uk:443/dir/crop/10:9-16:9/197k/196583/137810597/196583_Orion_IMG_04_0000_max_476x317.png; https://media.rightmove.co.uk:443/dir/crop/10:9-16:9/197k/196583/137810597/196583_Orion_IMG_05_0000_max_476x317.png"
"164794136","South Lanarkshire","Distribution Warehouse","Unit 15, Whistleberry Industrial Estate, Hamilton, Lanarkshire, ML3","POA","","","","MODERN detached warehouse unit, Sitting in ATTRACTIVE LANDSCAPED surroundings. Whistleberry Park is located within Whistleberry Industrial Estate, an established and popular industrial location, within the South Lanarkshire Town of Blantyre. ","https://www.rightmove.co.uk/properties/164794136#/?channel=COM_LET","2025-07-22T10:59:56Z","","new","Marketed by Northern Trust, Scotland","","55.78847","-4.07158","https://media.rightmove.co.uk:443/dir/crop/10:9-16:9/104k/103409/164794136/103409_07711_015_01_IMG_00_0000_max_476x317.jpeg; https://media.rightmove.co.uk:443/dir/crop/10:9-16:9/104k/103409/164794136/103409_07711_015_01_IMG_01_0000_max_476x317.jpeg; https://media.rightmove.co.uk:443/dir/crop/10:9-16:9/104k/103409/164794136/103409_07711_015_01_IMG_02_0000_max_476x317.jpeg; https://media.rightmove.co.uk:443/dir/crop/10:9-16:9/104k/103409/164794136/103409_07711_015_01_IMG_03_0000_max_476x317.jpeg; https://media.rightmove.co.uk:443/dir/crop/10:9-16:9/104k/103409/164794136/103409_07711_015_01_IMG_04_0000_max_476x317.jpeg; https://media.rightmove.co.uk:443/dir/crop/10:9-16:9/104k/103409/164794136/103409_07711_015_01_IMG_05_0000_max_476x317.jpeg; https://media.rightmove.co.uk:443/dir/crop/10:9-16:9/104k/103409/164794136/103409_07711_015_01_IMG_06_0000_max_476x317.jpeg; https://media.rightmove.co.uk:443/dir/crop/10:9-16:9/104k/103409/164794136/103409_07711_015_01_IMG_07_0000_max_476x317.jpeg; https://media.rightmove.co.uk:443/dir/crop/10:9-16:9/104k/103409/164794136/103409_07711_015_01_IMG_08_0000_max_476x317.jpeg; https://media.rightmove.co.uk:443/dir/crop/10:9-16:9/104k/103409/164794136/103409_07711_015_01_IMG_09_0000_max_476x317.jpeg; https://media.rightmove.co.uk:443/dir/crop/10:9-16:9/104k/103409/164794136/103409_07711_015_01_IMG_10_0000_max_476x317.jpeg; https://media.rightmove.co.uk:443/dir/crop/10:9-16:9/104k/103409/164794136/103409_07711_015_01_IMG_11_0000_max_476x317.jpeg; https://media.rightmove.co.uk:443/dir/crop/10:9-16:9/104k/103409/164794136/103409_07711_015_01_IMG_12_0000_max_476x317.jpeg; https://media.rightmove.co.uk:443/dir/crop/10:9-16:9/104k/103409/164794136/103409_07711_015_01_IMG_13_0000_max_476x317.jpeg; https://media.rightmove.co.uk:443/dir/crop/10:9-16:9/104k/103409/164794136/103409_07711_015_01_IMG_14_0000_max_476x317.jpeg; https://media.rightmove.co.uk:443/dir/crop/10:9-16:9/104k/103409/164794136/103409_07711_015_01_IMG_15_0000_max_476x317.jpeg; https://media.rightmove.co.uk:443/dir/crop/10:9-16:9/104k/103409/164794136/103409_07711_015_01_IMG_16_0000_max_476x317.jpeg; https://media.rightmove.co.uk:443/dir/crop/10:9-16:9/104k/103409/164794136/103409_07711_015_01_IMG_17_0000_max_476x317.jpeg; https://media.rightmove.co.uk:443/dir/crop/10:9-16:9/104k/103409/164794136/103409_07711_015_01_IMG_18_0000_max_476x317.jpeg; https://media.rightmove.co.uk:443/dir/crop/10:9-16:9/104k/103409/164794136/103409_07711_015_01_IMG_19_0000_max_476x317.jpeg"
"164637878","South Lanarkshire","Office","Kilpatrick House, Hamilton International Park, 2 Lister Way, Blantyre, Glasgow, G72 0FT","£13,473 pcm","","","","Standalone Office Building For Sale / May Let - Hamilton International Park","https://www.rightmove.co.uk/properties/164637878#/?channel=COM_LET","2025-07-17T14:03:35Z","","new","Marketed by Avison Young (UK) Limited, Scotland Agency","","55.780979","-4.101597","https://media.rightmove.co.uk:443/dir/crop/10:9-16:9/235k/234002/164637878/234002_109432-2_IMG_00_0000_max_476x317.jpeg; https://media.rightmove.co.uk:443/dir/crop/10:9-16:9/235k/234002/164637878/234002_109432-2_IMG_01_0000_max_476x317.jpeg; https://media.rightmove.co.uk:443/dir/crop/10:9-16:9/235k/234002/164637878/234002_109432-2_IMG_02_0000_max_476x317.jpeg; https://media.rightmove.co.uk:443/dir/crop/10:9-16:9/235k/234002/164637878/234002_109432-2_IMG_03_0000_max_476x317.jpeg"
"160355129","South Lanarkshire","Industrial Park","Unit 1, Innovation Shawfield, Southcroft Road, Shawfield, Rutherglen, South Lanarkshire, G73 1UG","POA","","","","This modern standalone production unit in Rutherglen offers prime access to the M74, enhancing connectivity to the national motorway network and Glasgow city centre. Located at Innovation Shawfield, Unit 1 features ample space designed for efficiency, making it an ideal choice for various industr...","https://www.rightmove.co.uk/properties/160355129#/?channel=COM_LET","2025-04-07T14:53:44Z","","size_change","Marketed by Ryden LLP, Glasgow","","55.833382","-4.228248","https://media.rightmove.co.uk:443/dir/crop/10:9-16:9/288k/287999/160355129/287999_15286LH_IMG_39_0000_max_476x317.jpeg; https://media.rightmove.co.uk:443/dir/crop/10:9-16:9/288k/287999/160355129/287999_15286LH_IMG_22_0000_max_476x317.jpeg; https://media.rightmove.co.uk:443/dir/crop/10:9-16:9/288k/287999/160355129/287999_15286LH_IMG_26_0000_max_476x317.jpeg; https://media.rightmove.co.uk:443/dir/crop/10:9-16:9/288k/287999/160355129/287999_15286LH_IMG_24_0000_max_476x317.jpeg; https://media.rightmove.co.uk:443/dir/crop/10:9-16:9/288k/287999/160355129/287999_15286LH_IMG_25_0000_max_476x317.jpeg; https://media.rightmove.co.uk:443/dir/crop/10:9-16:9/288k/287999/160355129/287999_15286LH_IMG_23_0000_max_476x317.jpeg; https://media.rightmove.co.uk:443/dir/crop/10:9-16:9/288k/287999/160355129/287999_15286LH_IMG_27_0000_max_476x317.jpeg; https://media.rightmove.co.uk:443/dir/crop/10:9-16:9/288k/287999/160355129/287999_15286LH_IMG_28_0000_max_476x317.jpeg; https://media.rightmove.co.uk:443/dir/crop/10:9-16:9/288k/287999/160355129/287999_15286LH_IMG_29_0000_max_476x317.jpeg; https://media.rightmove.co.uk:443/dir/crop/10:9-16:9/288k/287999/160355129/287999_15286LH_IMG_30_0000_max_476x317.jpeg; https://media.rightmove.co.uk:443/dir/crop/10:9-16:9/288k/287999/160355129/287999_15286LH_IMG_31_0000_max_476x317.jpeg; https://media.rightmove.co.uk:443/dir/crop/10:9-16:9/288k/287999/160355129/287999_15286LH_IMG_32_0000_max_476x317.jpeg; https://media.rightmove.co.uk:443/dir/crop/10:9-16:9/288k/287999/160355129/287999_15286LH_IMG_33_0000_max_476x317.jpeg; https://media.rightmove.co.uk:443/dir/crop/10:9-16:9/288k/287999/160355129/287999_15286LH_IMG_34_0000_max_476x317.jpeg; https://media.rightmove.co.uk:443/dir/crop/10:9-16:9/288k/287999/160355129/287999_15286LH_IMG_35_0000_max_476x317.jpeg; https://media.rightmove.co.uk:443/dir/crop/10:9-16:9/288k/287999/160355129/287999_15286LH_IMG_36_0000_max_476x317.jpeg; https://media.rightmove.co.uk:443/dir/crop/10:9-16:9/288k/287999/160355129/287999_15286LH_IMG_37_0000_max_476x317.jpeg; https://media.rightmove.co.uk:443/dir/crop/10:9-16:9/288k/287999/160355129/287999_15286LH_IMG_38_0000_max_476x317.jpeg; https://media.rightmove.co.uk:443/dir/crop/10:9-16:9/288k/287999/160355129/287999_15286LH_IMG_40_0000_max_476x317.jpeg"
"166728131","South Lanarkshire","Distribution Warehouse","Block 18 Unit 2, South Avenue, Blantyre Industrial Estate, Glasgow, G72 0UF","POA","","","","Block 18 Unit 2 offers affordable and flexible storage space with a large secure yard.","https://www.rightmove.co.uk/properties/166728131#/?channel=COM_LET","2025-09-08T15:03:53Z","","new","Marketed by JLL, Glasgow - Industrial","","55.782005","-4.091019","https://media.rightmove.co.uk:443/dir/crop/10:9-16:9/258k/257813/166728131/257813_308046-2_IMG_06_0000_max_476x317.jpeg; https://media.rightmove.co.uk:443/dir/crop/10:9-16:9/258k/257813/166728131/257813_308046-2_IMG_05_0000_max_476x317.jpeg; https://media.rightmove.co.uk:443/dir/crop/10:9-16:9/258k/257813/166728131/257813_308046-2_IMG_00_0000_max_476x317.jpeg; https://media.rightmove.co.uk:443/dir/crop/10:9-16:9/258k/257813/166728131/257813_308046-2_IMG_01_0000_max_476x317.jpeg; https://media.rightmove.co.uk:443/dir/crop/10:9-16:9/258k/257813/166728131/257813_308046-2_IMG_02_0000_max_476x317.jpeg; https://media.rightmove.co.uk:443/dir/crop/10:9-16:9/258k/257813/166728131/257813_308046-2_IMG_03_0000_max_476x317.jpeg; https://media.rightmove.co.uk:443/dir/crop/10:9-16:9/258k/257813/166728131/257813_308046-2_IMG_04_0000_max_476x317.jpeg"
"100010795","South Lanarkshire","Storage","Safestore Self Storage, Dalmarnock Road, Glasgow, G73","£195 pcm","From","","","Each store at Safestore Self Storage has 100's of individual units offering space to a range of customers for both business & domestic uses. Price shown is for a 100sqft unit in June 2024 ex. VAT. Please contact us for the latest prices and availability.","https://www.rightmove.co.uk/properties/100010795#/?channel=COM_LET","2020-11-18T11:06:38Z","","price_reduced","Marketed by Safestore Limited, National","","55.83553","-4.21252","https://media.rightmove.co.uk:443/dir/crop/10:9-16:9/131k/130990/100010795/130990_Storage_Glasgow_Rutherglen_IMG_00_0001_max_476x317.jpeg; https://media.rightmove.co.uk:443/dir/crop/10:9-16:9/131k/130990/100010795/130990_Storage_Glasgow_Rutherglen_IMG_01_0001_max_476x317.jpeg; https://media.rightmove.co.uk:443/dir/crop/10:9-16:9/131k/130990/100010795/130990_Storage_Glasgow_Rutherglen_IMG_02_0001_max_476x317.jpeg; https://media.rightmove.co.uk:443/dir/crop/10:9-16:9/131k/130990/100010795/130990_Storage_Glasgow_Rutherglen_IMG_03_0001_max_476x317.jpeg; https://media.rightmove.co.uk:443/dir/crop/10:9-16:9/131k/130990/100010795/130990_Storage_Glasgow_Rutherglen_IMG_04_0000_max_476x317.jpeg; https://media.rightmove.co.uk:443/dir/crop/10:9-16:9/131k/130990/100010795/130990_Storage_Glasgow_Rutherglen_IMG_05_0000_max_476x317.jpeg; https://media.rightmove.co.uk:443/dir/crop/10:9-16:9/131k/130990/100010795/130990_Storage_Glasgow_Rutherglen_IMG_06_0000_max_476x317.jpeg; https://media.rightmove.co.uk:443/dir/crop/10:9-16:9/131k/130990/100010795/130990_Storage_Glasgow_Rutherglen_IMG_07_0000_max_476x317.jpeg; https://media.rightmove.co.uk:443/dir/crop/10:9-16:9/131k/130990/100010795/130990_Storage_Glasgow_Rutherglen_IMG_08_0000_max_476x317.jpeg"
"721600576657857","South Lanarkshire","Light Industrial","Unit 31 Langlands Business Park, Kelvin South Industrial Estate, East Kilbride, G75 0YF","£1,635 pcm","","","","Modern industrial / Warehouse units offering a range of unit sizes within an attractive business park setting","https://www.rightmove.co.uk/properties/721600576657857#/?channel=COM_LET","2025-11-26T11:36:03Z","","size_change","Marketed by G M Brown, Glasgow","","55.739109","-4.172333","https://media.rightmove.co.uk:443/dir/crop/10:9-16:9/244k/243653/721600576657857/243653_84779-2_IMG_00_0001_max_476x317.png; https://media.rightmove.co.uk:443/dir/crop/10:9-16:9/244k/243653/721600576657857/243653_84779-2_IMG_01_0001_max_476x317.jpeg"
"722863873598960","South Lanarkshire","Retail Property (high street)","Unit 6B, Braidfute Retail Park, Lanark, ML11 7LQ","£5,833 pcm","","","","Retail Unit To Let","https://www.rightmove.co.uk/properties/722863873598960#/?channel=COM_LET","2025-12-03T10:49:06Z","","price_reduced","Marketed by Orinsen, Scotland","","55.671983","-3.768244","https://media.rightmove.co.uk:443/dir/crop/10:9-16:9/283k/282257/722863873598960/282257_294697-2_IMG_00_0000_max_476x317.jpeg; https://media.rightmove.co.uk:443/dir/crop/10:9-16:9/283k/282257/722863873598960/282257_294697-2_IMG_01_0000_max_476x317.jpeg; https://media.rightmove.co.uk:443/dir/crop/10:9-16:9/283k/282257/722863873598960/282257_294697-2_IMG_02_0000_max_476x317.jpeg"
"156176426","South Lanarkshire","Office","One Rutherglen Links, Farmeloan Road, Rutherglen, G73 1DF","£6,861 pcm","","","","Out of Town Grade A Office space","https://www.rightmove.co.uk/properties/156176426#/?channel=COM_LET","2024-12-23T14:13:36Z","","size_change","Marketed by Avison Young (UK) Limited, Scotland Agency","","55.831265","-4.208386","https://media.rightmove.co.uk:443/dir/crop/10:9-16:9/235k/234002/156176426/234002_273444-2_IMG_07_0000_max_476x317.jpeg; https://media.rightmove.co.uk:443/dir/crop/10:9-16:9/235k/234002/156176426/234002_273444-2_IMG_01_0000_max_476x317.jpeg; https://media.rightmove.co.uk:443/dir/crop/10:9-16:9/235k/234002/156176426/234002_273444-2_IMG_02_0000_max_476x317.jpeg; https://media.rightmove.co.uk:443/dir/crop/10:9-16:9/235k/234002/156176426/234002_273444-2_IMG_03_0000_max_476x317.jpeg; https://media.rightmove.co.uk:443/dir/crop/10:9-16:9/235k/234002/156176426/234002_273444-2_IMG_04_0000_max_476x317.jpeg; https://media.rightmove.co.uk:443/dir/crop/10:9-16:9/235k/234002/156176426/234002_273444-2_IMG_05_0000_max_476x317.jpeg; https://media.rightmove.co.uk:443/dir/crop/10:9-16:9/235k/234002/156176426/234002_273444-2_IMG_06_0000_max_476x317.jpeg"
"721600685639873","South Lanarkshire","Light Industrial","Whin Place, Nerston Industrial Estate, East Kilbride, G74 3XS","£1,517 pcm","","","","Prominent industrial unit located within the popular Nerston Industrial Estate of East Kilbride","https://www.rightmove.co.uk/properties/721600685639873#/?channel=COM_LET","2025-11-26T11:37:09Z","","new","Marketed by G M Brown, Glasgow","","55.778435","-4.159186","https://media.rightmove.co.uk:443/dir/crop/10:9-16:9/244k/243653/721600685639873/243653_108408-2_IMG_00_0000_max_476x317.jpeg; https://media.rightmove.co.uk:443/dir/crop/10:9-16:9/244k/243653/721600685639873/243653_108408-2_IMG_01_0000_max_476x317.jpeg; https://media.rightmove.co.uk:443/dir/crop/10:9-16:9/244k/243653/721600685639873/243653_108408-2_IMG_02_0000_max_476x317.jpeg; https://media.rightmove.co.uk:443/dir/crop/10:9-16:9/244k/243653/721600685639873/243653_108408-2_IMG_03_0000_max_476x317.jpeg; https://media.rightmove.co.uk:443/dir/crop/10:9-16:9/244k/243653/721600685639873/243653_108408-2_IMG_04_0000_max_476x317.jpeg; https://media.rightmove.co.uk:443/dir/crop/10:9-16:9/244k/243653/721600685639873/243653_108408-2_IMG_05_0000_max_476x317.jpeg; https://media.rightmove.co.uk:443/dir/crop/10:9-16:9/244k/243653/721600685639873/243653_108408-2_IMG_06_0000_max_476x317.jpeg"
"721601071516033","South Lanarkshire","Light Industrial","Whistleberry Road, Hamilton, Hamilton, ML3 0EJ","£12,500 pcm","","","","Secure yard space available for immediate occupation","https://www.rightmove.co.uk/properties/721601071516033#/?channel=COM_LET","2025-11-26T11:45:11Z","","new","Marketed by G M Brown, Glasgow","","55.79322","-4.06497","https://media.rightmove.co.uk:443/dir/crop/10:9-16:9/244k/243653/721601071516033/243653_298966-2_IMG_00_0000_max_476x317.jpeg; https://media.rightmove.co.uk:443/dir/crop/10:9-16:9/244k/243653/721601071516033/243653_298966-2_IMG_01_0000_max_476x317.jpeg; https://media.rightmove.co.uk:443/dir/crop/10:9-16:9/244k/243653/721601071516033/243653_298966-2_IMG_02_0000_max_476x317.jpeg"
"162253442","South Lanarkshire","Office","105 Clyde House, Bothwell Road, Hamilton, ML3","£1,666 pcm","Offers Over","","","Bothwell Road is a main thoroughfare to the north of Hamilton and is a connecting route to Bothwell. The location offers easy access to the M74 via Junction 5 (Raith Interchange) at its convergence with the A725 expressway with connections on to the M8, M73 and M77. Hamilton is the administrat...","https://www.rightmove.co.uk/properties/162253442#/?channel=COM_LET","2025-05-21T15:37:57Z","","new","Marketed by DM Hall, Glasgow","","55.794224","-4.057042",""
"161996300","South Lanarkshire","Warehouse","Unit 31 Langlands Business Park, Langlands Place, Kelvin South Business Park, East Kilbride, G75 0YF","POA","","","","To be refurbished - light industrial unit with equating to 2,308 sq ft.","https://www.rightmove.co.uk/properties/161996300#/?channel=COM_LET","2025-05-15T15:26:34Z","","new","Marketed by Savills, Glasgow Industrial","","55.740353","-4.169887","https://media.rightmove.co.uk:443/dir/crop/10:9-16:9/215k/214112/161996300/214112_300544-2_IMG_00_0000_max_476x317.jpeg; https://media.rightmove.co.uk:443/dir/crop/10:9-16:9/215k/214112/161996300/214112_300544-2_IMG_08_0000_max_476x317.jpeg; https://media.rightmove.co.uk:443/dir/crop/10:9-16:9/215k/214112/161996300/214112_300544-2_IMG_09_0000_max_476x317.jpeg; https://media.rightmove.co.uk:443/dir/crop/10:9-16:9/215k/214112/161996300/214112_300544-2_IMG_10_0000_max_476x317.jpeg; https://media.rightmove.co.uk:443/dir/crop/10:9-16:9/215k/214112/161996300/214112_300544-2_IMG_04_0000_max_476x317.jpeg; https://media.rightmove.co.uk:443/dir/crop/10:9-16:9/215k/214112/161996300/214112_300544-2_IMG_05_0000_max_476x317.jpeg; https://media.rightmove.co.uk:443/dir/crop/10:9-16:9/215k/214112/161996300/214112_300544-2_IMG_06_0000_max_476x317.jpeg; https://media.rightmove.co.uk:443/dir/crop/10:9-16:9/215k/214112/161996300/214112_300544-2_IMG_07_0000_max_476x317.jpeg"
"161939093","South Lanarkshire","Light Industrial","Argyle Crescent, Hamilton, Lanarkshire, ML3","£3,333 pcm","","","","Well Presented Property - Secure Access - Separate Vehicle & Pedestrian Access - Private Parking - 4,279sq ft - V.A.T. Free - Rent: £40,000p.a.","https://www.rightmove.co.uk/properties/161939093#/?channel=COM_LET","2025-05-14T14:59:31Z","","new","Marketed by TSA Property Consultants Ltd, Glasgow","","55.77525","-4.07076","https://media.rightmove.co.uk:443/dir/crop/10:9-16:9/201k/200465/161939093/200465_ARGCRSINDTL_IMG_08_0000_max_476x317.jpeg; https://media.rightmove.co.uk:443/dir/crop/10:9-16:9/201k/200465/161939093/200465_ARGCRSINDTL_IMG_01_0000_max_476x317.jpeg; https://media.rightmove.co.uk:443/dir/crop/10:9-16:9/201k/200465/161939093/200465_ARGCRSINDTL_IMG_03_0000_max_476x317.jpeg; https://media.rightmove.co.uk:443/dir/crop/10:9-16:9/201k/200465/161939093/200465_ARGCRSINDTL_IMG_04_0000_max_476x317.jpeg; https://media.rightmove.co.uk:443/dir/crop/10:9-16:9/201k/200465/161939093/200465_ARGCRSINDTL_IMG_05_0000_max_476x317.jpeg; https://media.rightmove.co.uk:443/dir/crop/10:9-16:9/201k/200465/161939093/200465_ARGCRSINDTL_IMG_06_0000_max_476x317.jpeg; https://media.rightmove.co.uk:443/dir/crop/10:9-16:9/201k/200465/161939093/200465_ARGCRSINDTL_IMG_07_0000_max_476x317.jpeg; https://media.rightmove.co.uk:443/dir/crop/10:9-16:9/201k/200465/161939093/200465_ARGCRSINDTL_IMG_02_0000_max_476x317.jpeg; https://media.rightmove.co.uk:443/dir/crop/10:9-16:9/201k/200465/161939093/200465_ARGCRSINDTL_IMG_00_0000_max_476x317.jpeg"
"161666588","South Lanarkshire","Serviced Office","International House, Hamilton International Technology Park Stanley Boulevard, Blantyre, G72 0BN","POA","","","","With 37,000 sq. ft of premium office space, International House offers flexible, serviced office solutions that can be adapted to suit any business requirements.","https://www.rightmove.co.uk/properties/161666588#/?channel=COM_LET","2025-05-08T12:00:44Z","","new","Marketed by CBRE Limited (Scotland), Flex Scotland","","55.77842","-4.09282","https://media.rightmove.co.uk:443/dir/crop/10:9-16:9/287k/286736/161666588/286736_InternationalHouse_IMG_03_0000_max_476x317.jpeg; https://media.rightmove.co.uk:443/dir/crop/10:9-16:9/287k/286736/161666588/286736_InternationalHouse_IMG_00_0000_max_476x317.jpeg; https://media.rightmove.co.uk:443/dir/crop/10:9-16:9/287k/286736/161666588/286736_InternationalHouse_IMG_01_0000_max_476x317.jpeg; https://media.rightmove.co.uk:443/dir/crop/10:9-16:9/287k/286736/161666588/286736_InternationalHouse_IMG_02_0000_max_476x317.jpeg"
"161612642","South Lanarkshire","Office","Building C Brandon Gate Business Centre Leechlee Road, Hamilton, ML3","£3,641 pcm","Offers Over","","","Brandon Gate is situated on the prominent junction of Leechlee Road and Brandon Street within the heart of Hamilton Town Centre. The neighbouring buildings (building A and B) are fully let to South Lanarkshire Council. Hamilton is located within the South Lanarkshire region approximately 12...","https://www.rightmove.co.uk/properties/161612642#/?channel=COM_LET","2025-05-07T14:21:31Z","","new","Marketed by DM Hall, Glasgow","","55.774631","-4.038583","https://media.rightmove.co.uk:443/dir/crop/10:9-16:9/146k/145094/161612642/145094_WSA2513_IMG_00_0001_max_476x317.jpeg; https://media.rightmove.co.uk:443/dir/crop/10:9-16:9/146k/145094/161612642/145094_WSA2513_IMG_01_0001_max_476x317.jpeg; https://media.rightmove.co.uk:443/dir/crop/10:9-16:9/146k/145094/161612642/145094_WSA2513_IMG_02_0001_max_476x317.jpeg; https://media.rightmove.co.uk:443/dir/crop/10:9-16:9/146k/145094/161612642/145094_WSA2513_IMG_03_0001_max_476x317.jpeg; https://media.rightmove.co.uk:443/dir/crop/10:9-16:9/146k/145094/161612642/145094_WSA2513_IMG_04_0001_max_476x317.jpeg; https://media.rightmove.co.uk:443/dir/crop/10:9-16:9/146k/145094/161612642/145094_WSA2513_IMG_05_0001_max_476x317.jpeg; https://media.rightmove.co.uk:443/dir/crop/10:9-16:9/146k/145094/161612642/145094_WSA2513_IMG_06_0001_max_476x317.jpeg; https://media.rightmove.co.uk:443/dir/crop/10:9-16:9/146k/145094/161612642/145094_WSA2513_IMG_07_0001_max_476x317.jpeg"
"161586470","South Lanarkshire","Light Industrial","107 Bothwell Road, Hamilton, ML3","£8,750 pcm","Offers Over","","","Bothwell Road is a main thoroughfare to the north of Hamilton and a connecting route to Bothwell. The location offers easy access on the main road net-works lying close to M74 via Junction 5 (Raith Interchange) at its convergence with the A725 expressway with connections on to the M8, M73 and M77...","https://www.rightmove.co.uk/properties/161586470#/?channel=COM_LET","2025-05-07T09:19:48Z","","new","Marketed by DM Hall, Glasgow","","55.794128","-4.057471","https://media.rightmove.co.uk:443/dir/crop/10:9-16:9/146k/145094/161586470/145094_WSA2367_IMG_00_0000_max_476x317.jpeg; https://media.rightmove.co.uk:443/dir/crop/10:9-16:9/146k/145094/161586470/145094_WSA2367_IMG_01_0001_max_476x317.jpeg; https://media.rightmove.co.uk:443/dir/crop/10:9-16:9/146k/145094/161586470/145094_WSA2367_IMG_02_0003_max_476x317.jpeg; https://media.rightmove.co.uk:443/dir/crop/10:9-16:9/146k/145094/161586470/145094_WSA2367_IMG_03_0001_max_476x317.jpeg; https://media.rightmove.co.uk:443/dir/crop/10:9-16:9/146k/145094/161586470/145094_WSA2367_IMG_04_0003_max_476x317.jpeg; https://media.rightmove.co.uk:443/dir/crop/10:9-16:9/146k/145094/161586470/145094_WSA2367_IMG_05_0003_max_476x317.jpeg; https://media.rightmove.co.uk:443/dir/crop/10:9-16:9/146k/145094/161586470/145094_WSA2367_IMG_06_0003_max_476x317.jpeg; https://media.rightmove.co.uk:443/dir/crop/10:9-16:9/146k/145094/161586470/145094_WSA2367_IMG_07_0003_max_476x317.jpeg; https://media.rightmove.co.uk:443/dir/crop/10:9-16:9/146k/145094/161586470/145094_WSA2367_IMG_08_0003_max_476x317.jpeg; https://media.rightmove.co.uk:443/dir/crop/10:9-16:9/146k/145094/161586470/145094_WSA2367_IMG_09_0003_max_476x317.jpeg; https://media.rightmove.co.uk:443/dir/crop/10:9-16:9/146k/145094/161586470/145094_WSA2367_IMG_10_0003_max_476x317.jpeg; https://media.rightmove.co.uk:443/dir/crop/10:9-16:9/146k/145094/161586470/145094_WSA2367_IMG_11_0003_max_476x317.jpeg; https://media.rightmove.co.uk:443/dir/crop/10:9-16:9/146k/145094/161586470/145094_WSA2367_IMG_12_0001_max_476x317.jpeg; https://media.rightmove.co.uk:443/dir/crop/10:9-16:9/146k/145094/161586470/145094_WSA2367_IMG_13_0003_max_476x317.jpeg; https://media.rightmove.co.uk:443/dir/crop/10:9-16:9/146k/145094/161586470/145094_WSA2367_IMG_14_0003_max_476x317.jpeg; https://media.rightmove.co.uk:443/dir/crop/10:9-16:9/146k/145094/161586470/145094_WSA2367_IMG_15_0003_max_476x317.jpeg; https://media.rightmove.co.uk:443/dir/crop/10:9-16:9/146k/145094/161586470/145094_WSA2367_IMG_16_0003_max_476x317.jpeg; https://media.rightmove.co.uk:443/dir/crop/10:9-16:9/146k/145094/161586470/145094_WSA2367_IMG_17_0003_max_476x317.jpeg; https://media.rightmove.co.uk:443/dir/crop/10:9-16:9/146k/145094/161586470/145094_WSA2367_IMG_18_0003_max_476x317.jpeg; https://media.rightmove.co.uk:443/dir/crop/10:9-16:9/146k/145094/161586470/145094_WSA2367_IMG_19_0001_max_476x317.jpeg; https://media.rightmove.co.uk:443/dir/crop/10:9-16:9/146k/145094/161586470/145094_WSA2367_IMG_20_0003_max_476x317.jpeg; https://media.rightmove.co.uk:443/dir/crop/10:9-16:9/146k/145094/161586470/145094_WSA2367_IMG_21_0003_max_476x317.jpeg; https://media.rightmove.co.uk:443/dir/crop/10:9-16:9/146k/145094/161586470/145094_WSA2367_IMG_22_0003_max_476x317.jpeg; https://media.rightmove.co.uk:443/dir/crop/10:9-16:9/146k/145094/161586470/145094_WSA2367_IMG_23_0003_max_476x317.jpeg; https://media.rightmove.co.uk:443/dir/crop/10:9-16:9/146k/145094/161586470/145094_WSA2367_IMG_24_0001_max_476x317.jpeg; https://media.rightmove.co.uk:443/dir/crop/10:9-16:9/146k/145094/161586470/145094_WSA2367_IMG_25_0003_max_476x317.jpeg; https://media.rightmove.co.uk:443/dir/crop/10:9-16:9/146k/145094/161586470/145094_WSA2367_IMG_26_0003_max_476x317.jpeg; https://media.rightmove.co.uk:443/dir/crop/10:9-16:9/146k/145094/161586470/145094_WSA2367_IMG_27_0003_max_476x317.jpeg; https://media.rightmove.co.uk:443/dir/crop/10:9-16:9/146k/145094/161586470/145094_WSA2367_IMG_28_0003_max_476x317.jpeg; https://media.rightmove.co.uk:443/dir/crop/10:9-16:9/146k/145094/161586470/145094_WSA2367_IMG_29_0003_max_476x317.jpeg; https://media.rightmove.co.uk:443/dir/crop/10:9-16:9/146k/145094/161586470/145094_WSA2367_IMG_30_0003_max_476x317.jpeg; https://media.rightmove.co.uk:443/dir/crop/10:9-16:9/146k/145094/161586470/145094_WSA2367_IMG_31_0003_max_476x317.jpeg; https://media.rightmove.co.uk:443/dir/crop/10:9-16:9/146k/145094/161586470/145094_WSA2367_IMG_32_0003_max_476x317.jpeg; https://media.rightmove.co.uk:443/dir/crop/10:9-16:9/146k/145094/161586470/145094_WSA2367_IMG_33_0001_max_476x317.jpeg; https://media.rightmove.co.uk:443/dir/crop/10:9-16:9/146k/145094/161586470/145094_WSA2367_IMG_34_0003_max_476x317.jpeg; https://media.rightmove.co.uk:443/dir/crop/10:9-16:9/146k/145094/161586470/145094_WSA2367_IMG_35_0001_max_476x317.jpeg; https://media.rightmove.co.uk:443/dir/crop/10:9-16:9/146k/145094/161586470/145094_WSA2367_IMG_36_0001_max_476x317.jpeg; https://media.rightmove.co.uk:443/dir/crop/10:9-16:9/146k/145094/161586470/145094_WSA2367_IMG_37_0003_max_476x317.jpeg; https://media.rightmove.co.uk:443/dir/crop/10:9-16:9/146k/145094/161586470/145094_WSA2367_IMG_38_0003_max_476x317.jpeg; https://media.rightmove.co.uk:443/dir/crop/10:9-16:9/146k/145094/161586470/145094_WSA2367_IMG_39_0003_max_476x317.jpeg; https://media.rightmove.co.uk:443/dir/crop/10:9-16:9/146k/145094/161586470/145094_WSA2367_IMG_40_0003_max_476x317.jpeg; https://media.rightmove.co.uk:443/dir/crop/10:9-16:9/146k/145094/161586470/145094_WSA2367_IMG_41_0003_max_476x317.jpeg; https://media.rightmove.co.uk:443/dir/crop/10:9-16:9/146k/145094/161586470/145094_WSA2367_IMG_42_0003_max_476x317.jpeg"
"721601054807024","South Lanarkshire","Light Industrial","39-41 Carron Place, Kelvin Industrial Estate, East Kilbride, G75 0YL","£5,000 pcm","","","","Refurbished end-terraced industrial premises with secure yard located within the popular Kelvin Ind Estate of East Klbride","https://www.rightmove.co.uk/properties/721601054807024#/?channel=COM_LET","2025-11-26T11:46:12Z","","new","Marketed by G M Brown, Glasgow","","55.745662","-4.167935","https://media.rightmove.co.uk:443/dir/crop/10:9-16:9/244k/243653/721601054807024/243653_295421-2_IMG_00_0000_max_476x317.jpeg; https://media.rightmove.co.uk:443/dir/crop/10:9-16:9/244k/243653/721601054807024/243653_295421-2_IMG_01_0000_max_476x317.jpeg; https://media.rightmove.co.uk:443/dir/crop/10:9-16:9/244k/243653/721601054807024/243653_295421-2_IMG_02_0000_max_476x317.jpeg; https://media.rightmove.co.uk:443/dir/crop/10:9-16:9/244k/243653/721601054807024/243653_295421-2_IMG_03_0000_max_476x317.jpeg; https://media.rightmove.co.uk:443/dir/crop/10:9-16:9/244k/243653/721601054807024/243653_295421-2_IMG_04_0000_max_476x317.jpeg"
"721599053961393","South Lanarkshire","Distribution Warehouse","44C Colvilles Place, Kelvin Industrial Estate, East Kilbride, G75 0PZ","POA","","","","Modern industrial unit with dedicated yard.","https://www.rightmove.co.uk/properties/721599053961393#/?channel=COM_LET","2025-11-26T11:20:12Z","","new","Marketed by EGM PROPERTY CONSULTANTS LTD, Glasgow","","55.750899","-4.154111","https://media.rightmove.co.uk:443/dir/crop/10:9-16:9/238k/237797/721599053961393/237797_291915-2_IMG_00_0000_max_476x317.jpeg; https://media.rightmove.co.uk:443/dir/crop/10:9-16:9/238k/237797/721599053961393/237797_291915-2_IMG_01_0000_max_476x317.jpeg; https://media.rightmove.co.uk:443/dir/crop/10:9-16:9/238k/237797/721599053961393/237797_291915-2_IMG_02_0000_max_476x317.jpeg"
"166728185","South Lanarkshire","Distribution Warehouse","Block 4 Unit 1 Blantyre Industrial Estate, Third Road, Blantyre, G72 0UP","POA","","","","Block 4 Unit 1 offers an end terraced industrial warehouse suitable for a variety of uses. The unit benefits from private secure yard.","https://www.rightmove.co.uk/properties/166728185#/?channel=COM_LET","2025-09-08T15:04:52Z","","new","Marketed by JLL, Glasgow - Industrial","","55.782256","-4.086232","https://media.rightmove.co.uk:443/dir/crop/10:9-16:9/258k/257813/166728185/257813_294723-2_IMG_00_0000_max_476x317.jpeg; https://media.rightmove.co.uk:443/dir/crop/10:9-16:9/258k/257813/166728185/257813_294723-2_IMG_01_0000_max_476x317.jpeg; https://media.rightmove.co.uk:443/dir/crop/10:9-16:9/258k/257813/166728185/257813_294723-2_IMG_02_0000_max_476x317.jpeg; https://media.rightmove.co.uk:443/dir/crop/10:9-16:9/258k/257813/166728185/257813_294723-2_IMG_03_0000_max_476x317.jpeg; https://media.rightmove.co.uk:443/dir/crop/10:9-16:9/258k/257813/166728185/257813_294723-2_IMG_04_0000_max_476x317.jpeg; https://media.rightmove.co.uk:443/dir/crop/10:9-16:9/258k/257813/166728185/257813_294723-2_IMG_05_0000_max_476x317.jpeg"
"722863882011489","South Lanarkshire","Retail Property (high street)","Unit 9C, Braidfute Retail Park, Lanark, ML11 7LQ","£2,125 pcm","","","","Retail Unit To Let","https://www.rightmove.co.uk/properties/722863882011489#/?channel=COM_LET","2025-12-03T10:49:06Z","","new","Marketed by Orinsen, Scotland","","55.671163","-3.770505","https://media.rightmove.co.uk:443/dir/crop/10:9-16:9/283k/282257/722863882011489/282257_294718-2_IMG_00_0000_max_476x317.jpeg"
"722863877816592","South Lanarkshire","Retail Property (high street)","Unit 9B, Braidfute Retail Park, Lanark, ML11 7LQ","£2,125 pcm","","","","Retail Unit To Let","https://www.rightmove.co.uk/properties/722863877816592#/?channel=COM_LET","2025-12-03T10:49:08Z","","new","Marketed by Orinsen, Scotland","","55.671163","-3.770505","https://media.rightmove.co.uk:443/dir/crop/10:9-16:9/283k/282257/722863877816592/282257_294709-2_IMG_00_0000_max_476x317.jpeg"
"160355804","South Lanarkshire","Industrial Park","Phase 3 Langlands Commercial Park, Kelvin Park South, East Kilbride, G75 0RH","POA","","","","A new build industrial / warehouse unit To Let in East Kilbride. Phase 3 at Langlands Commercial Park, East Kilbride will create a new, highly specified stand-alone industrial/warehouse unit extending to 31,949 sq ft. Construction is well underway with steelwork up and with completion by summe...","https://www.rightmove.co.uk/properties/160355804#/?channel=COM_LET","2025-04-07T15:01:20Z","","new","Marketed by Ryden LLP, Glasgow","","55.740185","-4.15998","https://media.rightmove.co.uk:443/dir/crop/10:9-16:9/288k/287999/160355804/287999_15720LH_IMG_06_0000_max_476x317.jpeg; https://media.rightmove.co.uk:443/dir/crop/10:9-16:9/288k/287999/160355804/287999_15720LH_IMG_07_0000_max_476x317.jpeg; https://media.rightmove.co.uk:443/dir/crop/10:9-16:9/288k/287999/160355804/287999_15720LH_IMG_08_0000_max_476x317.jpeg; https://media.rightmove.co.uk:443/dir/crop/10:9-16:9/288k/287999/160355804/287999_15720LH_IMG_09_0000_max_476x317.jpeg; https://media.rightmove.co.uk:443/dir/crop/10:9-16:9/288k/287999/160355804/287999_15720LH_IMG_10_0000_max_476x317.jpeg; https://media.rightmove.co.uk:443/dir/crop/10:9-16:9/288k/287999/160355804/287999_15720LH_IMG_11_0000_max_476x317.jpeg; https://media.rightmove.co.uk:443/dir/crop/10:9-16:9/288k/287999/160355804/287999_15720LH_IMG_12_0000_max_476x317.jpeg"
"160343162","South Lanarkshire","Industrial Park","Peacock Drive, 1 Allanshaw Industrial Estate, Hamilton, South Lanarkshire, ML3 9FJ","£5,833 pcm","","","","Unit 1 comprises a large carpet showroom, occupying approximately three-quarters of the total building footprint. The subjects consist of a rectangular brick-built structure, beneath a steel truss roof, covered with profiled sheet roof. The subjects have been extended with a steel portal framed e...","https://www.rightmove.co.uk/properties/160343162#/?channel=COM_LET","2025-04-07T12:16:11Z","","new","Marketed by Ryden LLP, Glasgow","","55.777018","-4.055599","https://media.rightmove.co.uk:443/dir/crop/10:9-16:9/property-photo/c07836a21/160343162/c07836a216a4e34b9c769b1fe3b8c894_max_476x317.jpeg; https://media.rightmove.co.uk:443/dir/crop/10:9-16:9/property-photo/03883921f/160343162/03883921f50de925480940f7e6d3c8d9_max_476x317.jpeg; https://media.rightmove.co.uk:443/dir/crop/10:9-16:9/property-photo/0eefda6ad/160343162/0eefda6ad3cdfd464dca81385744f187_max_476x317.jpeg; https://media.rightmove.co.uk:443/dir/crop/10:9-16:9/property-photo/2a0601b86/160343162/2a0601b86d3ec657cd7abd4bbfdebe50_max_476x317.jpeg; https://media.rightmove.co.uk:443/dir/crop/10:9-16:9/property-photo/a0d2718ec/160343162/a0d2718ec2697081605cfaefbdcc84a3_max_476x317.jpeg; https://media.rightmove.co.uk:443/dir/crop/10:9-16:9/property-photo/33173f574/160343162/33173f574c6a80017ca25e8188971296_max_476x317.jpeg; https://media.rightmove.co.uk:443/dir/crop/10:9-16:9/property-photo/655a55534/160343162/655a55534ab469be8ebd2ab2d18c332c_max_476x317.jpeg"
"160342856","South Lanarkshire","Industrial Park","10-14 Hawbank Road, East Kilbride, G74 5HA","£15,083 pcm","","","","Industrial Estate which is close to the Southern Orbital Road","https://www.rightmove.co.uk/properties/160342856#/?channel=COM_LET","2025-04-07T12:14:26Z","","new","Marketed by Ryden LLP, Glasgow","","55.771343","-4.207837","https://media.rightmove.co.uk:443/dir/crop/10:9-16:9/288k/287999/160342856/287999_11214LH_IMG_00_0000_max_476x317.jpeg; https://media.rightmove.co.uk:443/dir/crop/10:9-16:9/288k/287999/160342856/287999_11214LH_IMG_01_0000_max_476x317.jpeg; https://media.rightmove.co.uk:443/dir/crop/10:9-16:9/288k/287999/160342856/287999_11214LH_IMG_02_0000_max_476x317.jpeg; https://media.rightmove.co.uk:443/dir/crop/10:9-16:9/288k/287999/160342856/287999_11214LH_IMG_03_0000_max_476x317.jpeg; https://media.rightmove.co.uk:443/dir/crop/10:9-16:9/288k/287999/160342856/287999_11214LH_IMG_04_0000_max_476x317.jpeg; https://media.rightmove.co.uk:443/dir/crop/10:9-16:9/288k/287999/160342856/287999_11214LH_IMG_05_0000_max_476x317.jpeg; https://media.rightmove.co.uk:443/dir/crop/10:9-16:9/288k/287999/160342856/287999_11214LH_IMG_06_0000_max_476x317.jpeg; https://media.rightmove.co.uk:443/dir/crop/10:9-16:9/288k/287999/160342856/287999_11214LH_IMG_07_0000_max_476x317.jpeg; https://media.rightmove.co.uk:443/dir/crop/10:9-16:9/288k/287999/160342856/287999_11214LH_IMG_08_0000_max_476x317.jpeg; https://media.rightmove.co.uk:443/dir/crop/10:9-16:9/288k/287999/160342856/287999_11214LH_IMG_09_0000_max_476x317.jpeg; https://media.rightmove.co.uk:443/dir/crop/10:9-16:9/288k/287999/160342856/287999_11214LH_IMG_10_0000_max_476x317.jpeg; https://media.rightmove.co.uk:443/dir/crop/10:9-16:9/288k/287999/160342856/287999_11214LH_IMG_11_0000_max_476x317.jpeg"
"159356660","South Lanarkshire","Office","Carradale House, GSO Business Park, GSO Business Park, Glasgow, South Lanarkshire, G74 5PG","POA","","","","East Kilbride is readily accessible to Central Scotland's motorway network. ","https://www.rightmove.co.uk/properties/159356660#/?channel=COM_LET","2025-03-13T10:47:35Z","","new","Marketed by CBRE Limited (Scotland), Glasgow","","55.77111","-4.22936","https://media.rightmove.co.uk:443/dir/crop/10:9-16:9/287k/286736/159356660/286736_CarradaleHouse_IMG_05_0000_max_476x317.jpeg; https://media.rightmove.co.uk:443/dir/crop/10:9-16:9/287k/286736/159356660/286736_CarradaleHouse_IMG_04_0000_max_476x317.jpeg; https://media.rightmove.co.uk:443/dir/crop/10:9-16:9/287k/286736/159356660/286736_CarradaleHouse_IMG_03_0000_max_476x317.jpeg; https://media.rightmove.co.uk:443/dir/crop/10:9-16:9/287k/286736/159356660/286736_CarradaleHouse_IMG_02_0000_max_476x317.jpeg; https://media.rightmove.co.uk:443/dir/crop/10:9-16:9/287k/286736/159356660/286736_CarradaleHouse_IMG_01_0000_max_476x317.jpeg; https://media.rightmove.co.uk:443/dir/crop/10:9-16:9/287k/286736/159356660/286736_CarradaleHouse_IMG_00_0000_max_476x317.jpeg"
"159353021","South Lanarkshire","Office","Colonsay House, GSO Business Park, East Kilbride, G74 5PG","POA","","","","East Kilbride is readily accessible to Central Scotland's motorway network.","https://www.rightmove.co.uk/properties/159353021#/?channel=COM_LET","2025-03-13T09:56:56Z","","new","Marketed by CBRE Limited (Scotland), Glasgow","","55.77111","-4.22936","https://media.rightmove.co.uk:443/dir/crop/10:9-16:9/287k/286736/159353021/286736_ColonsayHouse_IMG_05_0000_max_476x317.jpeg; https://media.rightmove.co.uk:443/dir/crop/10:9-16:9/287k/286736/159353021/286736_ColonsayHouse_IMG_04_0000_max_476x317.jpeg; https://media.rightmove.co.uk:443/dir/crop/10:9-16:9/287k/286736/159353021/286736_ColonsayHouse_IMG_02_0000_max_476x317.jpeg; https://media.rightmove.co.uk:443/dir/crop/10:9-16:9/287k/286736/159353021/286736_ColonsayHouse_IMG_03_0000_max_476x317.jpeg; https://media.rightmove.co.uk:443/dir/crop/10:9-16:9/287k/286736/159353021/286736_ColonsayHouse_IMG_01_0000_max_476x317.jpeg; https://media.rightmove.co.uk:443/dir/crop/10:9-16:9/287k/286736/159353021/286736_ColonsayHouse_IMG_00_0000_max_476x317.jpeg"
"159517493","South Lanarkshire","Office","Farmeloan Road, Glasgow, G73","POA","","","","One Rutherglen Links offers flexible, open plan floor plates with floor to ceiling glazing across all elevations.","https://www.rightmove.co.uk/properties/159517493#/?channel=COM_LET","2025-03-17T16:17:50Z","","new","Marketed by CBRE Limited (Scotland), Glasgow","","55.83143","-4.21056","https://media.rightmove.co.uk:443/dir/crop/10:9-16:9/287k/286736/159517493/286736_OneRutherglenLinks_IMG_00_0000_max_476x317.jpeg"
"159351983","South Lanarkshire","Office","Nevis House, Hamilton International Park, High Blantyre, G72 0BP","POA","","","","Nevis House is situated within Hamilton International Park, a well-established business location, set within a mature campus style environment.","https://www.rightmove.co.uk/properties/159351983#/?channel=COM_LET","2025-03-13T09:43:49Z","","new","Marketed by CBRE Limited (Scotland), Glasgow","","55.77916","-4.09369","https://media.rightmove.co.uk:443/dir/crop/10:9-16:9/287k/286736/159351983/286736_NevisHouse_IMG_05_0000_max_476x317.jpeg; https://media.rightmove.co.uk:443/dir/crop/10:9-16:9/287k/286736/159351983/286736_NevisHouse_IMG_04_0000_max_476x317.jpeg; https://media.rightmove.co.uk:443/dir/crop/10:9-16:9/287k/286736/159351983/286736_NevisHouse_IMG_02_0000_max_476x317.jpeg; https://media.rightmove.co.uk:443/dir/crop/10:9-16:9/287k/286736/159351983/286736_NevisHouse_IMG_03_0000_max_476x317.jpeg; https://media.rightmove.co.uk:443/dir/crop/10:9-16:9/287k/286736/159351983/286736_NevisHouse_IMG_01_0000_max_476x317.jpeg; https://media.rightmove.co.uk:443/dir/crop/10:9-16:9/287k/286736/159351983/286736_NevisHouse_IMG_00_0000_max_476x317.jpeg"
"159356375","South Lanarkshire","Office","Napier Building, Reynolds Avenue, East Kilbride, G75 0AF","POA","","","","Napier Building is a modern two storey office pavilion, providing good quality open plan floor plates. ","https://www.rightmove.co.uk/properties/159356375#/?channel=COM_LET","2025-03-13T10:40:47Z","","new","Marketed by CBRE Limited (Scotland), Glasgow","","55.7551","-4.16261","https://media.rightmove.co.uk:443/dir/crop/10:9-16:9/287k/286736/159356375/286736_NapierBuilding_IMG_02_0000_max_476x317.jpeg; https://media.rightmove.co.uk:443/dir/crop/10:9-16:9/287k/286736/159356375/286736_NapierBuilding_IMG_01_0000_max_476x317.jpeg; https://media.rightmove.co.uk:443/dir/crop/10:9-16:9/287k/286736/159356375/286736_NapierBuilding_IMG_00_0000_max_476x317.jpeg"
"167060933","South Lanarkshire","Distribution Warehouse","Phase 3 Langlands Commercial Park, Kelvin Park South, East Kilbride, G75 0RH","POA","","","","Phase 3 Langlands offers 31,949 sq ft of prime new build industrial and logistics space. The standalone unit offers a 0.74-acre yard.","https://www.rightmove.co.uk/properties/167060933#/?channel=COM_LET","2025-09-16T16:11:08Z","","size_change","Marketed by JLL, Glasgow - Industrial","","55.740348","-4.160619","https://media.rightmove.co.uk:443/dir/crop/10:9-16:9/property-photo/3c320de57/167060933/3c320de5757f9466e87eada1a9d4f3ce_max_476x317.jpeg; https://media.rightmove.co.uk:443/dir/crop/10:9-16:9/property-photo/315b61490/167060933/315b61490f7b47c015108456a5c20322_max_476x317.jpeg; https://media.rightmove.co.uk:443/dir/crop/10:9-16:9/property-photo/17f7a8f1b/167060933/17f7a8f1b135f8f274af63a6cd26a666_max_476x317.jpeg; https://media.rightmove.co.uk:443/dir/crop/10:9-16:9/property-photo/b501a8210/167060933/b501a8210c8eb8a36664f1afb6cc7ffe_max_476x317.jpeg; https://media.rightmove.co.uk:443/dir/crop/10:9-16:9/property-photo/45cfbbaba/167060933/45cfbbaba607b522ecbb65d1542326c5_max_476x317.jpeg; https://media.rightmove.co.uk:443/dir/crop/10:9-16:9/property-photo/f31a4a7d8/167060933/f31a4a7d8506a50e6195dc9523b933c4_max_476x317.jpeg; https://media.rightmove.co.uk:443/dir/crop/10:9-16:9/property-photo/ab00c1d81/167060933/ab00c1d8160af5b70c4357c670643ffc_max_476x317.jpeg; https://media.rightmove.co.uk:443/dir/crop/10:9-16:9/property-photo/c473c477f/167060933/c473c477f0b83570c04ef9e26b8262e2_max_476x317.jpeg"
"131818013","South Lanarkshire","Serviced Office","Redwood Crescent, Glasgow, G74 5PR ","£2,050 pcm","From","","4","Move into ready-to-use open plan office space for 10 people in Regus East Kilbride, Peel Park","https://www.rightmove.co.uk/properties/131818013#/?channel=COM_LET","2023-02-20T10:45:07Z","","price_reduced","Marketed by IW Group Services (UK) Limited, Regus","","55.76779","-4.22852","https://media.rightmove.co.uk:443/dir/crop/10:9-16:9/130k/129853/131818013/129853_UKop5832_IMG_15_0000_max_476x317.jpeg; https://media.rightmove.co.uk:443/dir/crop/10:9-16:9/130k/129853/131818013/129853_UKop5832_IMG_16_0000_max_476x317.jpeg; https://media.rightmove.co.uk:443/dir/crop/10:9-16:9/130k/129853/131818013/129853_UKop5832_IMG_19_0000_max_476x317.jpeg; https://media.rightmove.co.uk:443/dir/crop/10:9-16:9/130k/129853/131818013/129853_UKop5832_IMG_06_0000_max_476x317.jpeg; https://media.rightmove.co.uk:443/dir/crop/10:9-16:9/130k/129853/131818013/129853_UKop5832_IMG_13_0000_max_476x317.jpeg; https://media.rightmove.co.uk:443/dir/crop/10:9-16:9/130k/129853/131818013/129853_UKop5832_IMG_14_0000_max_476x317.jpeg; https://media.rightmove.co.uk:443/dir/crop/10:9-16:9/130k/129853/131818013/129853_UKop5832_IMG_07_0000_max_476x317.jpeg; https://media.rightmove.co.uk:443/dir/crop/10:9-16:9/130k/129853/131818013/129853_UKop5832_IMG_18_0000_max_476x317.jpeg; https://media.rightmove.co.uk:443/dir/crop/10:9-16:9/130k/129853/131818013/129853_UKop5832_IMG_12_0000_max_476x317.jpeg; https://media.rightmove.co.uk:443/dir/crop/10:9-16:9/130k/129853/131818013/129853_UKop5832_IMG_11_0000_max_476x317.jpeg; https://media.rightmove.co.uk:443/dir/crop/10:9-16:9/130k/129853/131818013/129853_UKop5832_IMG_17_0000_max_476x317.jpeg; https://media.rightmove.co.uk:443/dir/crop/10:9-16:9/130k/129853/131818013/129853_UKop5832_IMG_08_0000_max_476x317.jpeg"
"721600836702864","South Lanarkshire","Light Industrial","Glenburn Court, College Milton Industrial Estate, East Kilbride, G74 5BA","£1,958 pcm","","","","Well-presented light industrial unit within the popular College Milton Industrial Estate of East Kilbride","https://www.rightmove.co.uk/properties/721600836702864#/?channel=COM_LET","2025-11-26T11:40:07Z","","size_change","Marketed by G M Brown, Glasgow","","55.769071","-4.215771","https://media.rightmove.co.uk:443/dir/crop/10:9-16:9/244k/243653/721600836702864/243653_224883-2_IMG_00_0000_max_476x317.jpeg; https://media.rightmove.co.uk:443/dir/crop/10:9-16:9/244k/243653/721600836702864/243653_224883-2_IMG_01_0000_max_476x317.jpeg; https://media.rightmove.co.uk:443/dir/crop/10:9-16:9/244k/243653/721600836702864/243653_224883-2_IMG_02_0000_max_476x317.jpeg; https://media.rightmove.co.uk:443/dir/crop/10:9-16:9/244k/243653/721600836702864/243653_224883-2_IMG_03_0000_max_476x317.jpeg; https://media.rightmove.co.uk:443/dir/crop/10:9-16:9/244k/243653/721600836702864/243653_224883-2_IMG_04_0000_max_476x317.jpeg; https://media.rightmove.co.uk:443/dir/crop/10:9-16:9/244k/243653/721600836702864/243653_224883-2_IMG_05_0000_max_476x317.jpeg; https://media.rightmove.co.uk:443/dir/crop/10:9-16:9/244k/243653/721600836702864/243653_224883-2_IMG_06_0000_max_476x317.jpeg"
"721600580686560","South Lanarkshire","Light Industrial","Albion Way, Kelvin Industrial Estate, East Kilbride, G75 0YN","£1,417 pcm","","","","Light industrial / workshop unit located within the popular Kelvin Industrial Estate of East Kilbride","https://www.rightmove.co.uk/properties/721600580686560#/?channel=COM_LET","2025-11-26T11:36:04Z","","new","Marketed by G M Brown, Glasgow","","55.743728","-4.168471","https://media.rightmove.co.uk:443/dir/crop/10:9-16:9/244k/243653/721600580686560/243653_84782-2_IMG_00_0000_max_476x317.jpeg; https://media.rightmove.co.uk:443/dir/crop/10:9-16:9/244k/243653/721600580686560/243653_84782-2_IMG_01_0000_max_476x317.jpeg"
"721600998186193","South Lanarkshire","Light Industrial","Unit 1 Langlands Business Park, Langlands Place, Kelvin South Industrial Estate, East Kilbride, G75 0YF","£8,333 pcm","","","","Modern end-terraced industrial / workshop premises within attractive business park setting","https://www.rightmove.co.uk/properties/721600998186193#/?channel=COM_LET","2025-11-26T11:45:07Z","","new","Marketed by G M Brown, Glasgow","","55.739109","-4.172333","https://media.rightmove.co.uk:443/dir/crop/10:9-16:9/244k/243653/721600998186193/243653_281301-2_IMG_00_0000_max_476x317.jpeg; https://media.rightmove.co.uk:443/dir/crop/10:9-16:9/244k/243653/721600998186193/243653_281301-2_IMG_01_0000_max_476x317.jpeg; https://media.rightmove.co.uk:443/dir/crop/10:9-16:9/244k/243653/721600998186193/243653_281301-2_IMG_02_0000_max_476x317.jpeg; https://media.rightmove.co.uk:443/dir/crop/10:9-16:9/244k/243653/721600998186193/243653_281301-2_IMG_03_0000_max_476x317.jpeg; https://media.rightmove.co.uk:443/dir/crop/10:9-16:9/244k/243653/721600998186193/243653_281301-2_IMG_04_0000_max_476x317.jpeg; https://media.rightmove.co.uk:443/dir/crop/10:9-16:9/244k/243653/721600998186193/243653_281301-2_IMG_05_0000_max_476x317.jpeg; https://media.rightmove.co.uk:443/dir/crop/10:9-16:9/244k/243653/721600998186193/243653_281301-2_IMG_06_0000_max_476x317.jpeg; https://media.rightmove.co.uk:443/dir/crop/10:9-16:9/244k/243653/721600998186193/243653_281301-2_IMG_07_0000_max_476x317.jpeg"
"158354393","South Lanarkshire","Warehouse","Unit 1 Langlands Business Park, Langlands Place, Kelvin South Business Park, East Kilbride, G75 0YF","POA","","","","To be refurbished - Unit 1 Langlands Business Park comprises 16,423 sqft of warehouse and office space.","https://www.rightmove.co.uk/properties/158354393#/?channel=COM_LET","2025-02-17T14:44:56Z","","new","Marketed by Savills, Glasgow Industrial","","55.739411","-4.173234","https://media.rightmove.co.uk:443/dir/crop/10:9-16:9/215k/214112/158354393/214112_280854-2_IMG_10_0000_max_476x317.jpeg; https://media.rightmove.co.uk:443/dir/crop/10:9-16:9/215k/214112/158354393/214112_280854-2_IMG_00_0000_max_476x317.jpeg; https://media.rightmove.co.uk:443/dir/crop/10:9-16:9/215k/214112/158354393/214112_280854-2_IMG_01_0000_max_476x317.jpeg; https://media.rightmove.co.uk:443/dir/crop/10:9-16:9/215k/214112/158354393/214112_280854-2_IMG_02_0000_max_476x317.jpeg; https://media.rightmove.co.uk:443/dir/crop/10:9-16:9/215k/214112/158354393/214112_280854-2_IMG_03_0000_max_476x317.jpeg; https://media.rightmove.co.uk:443/dir/crop/10:9-16:9/215k/214112/158354393/214112_280854-2_IMG_04_0000_max_476x317.jpeg; https://media.rightmove.co.uk:443/dir/crop/10:9-16:9/215k/214112/158354393/214112_280854-2_IMG_05_0000_max_476x317.jpeg; https://media.rightmove.co.uk:443/dir/crop/10:9-16:9/215k/214112/158354393/214112_280854-2_IMG_06_0000_max_476x317.jpeg; https://media.rightmove.co.uk:443/dir/crop/10:9-16:9/215k/214112/158354393/214112_280854-2_IMG_08_0000_max_476x317.jpeg; https://media.rightmove.co.uk:443/dir/crop/10:9-16:9/215k/214112/158354393/214112_280854-2_IMG_09_0000_max_476x317.jpeg; https://media.rightmove.co.uk:443/dir/crop/10:9-16:9/215k/214112/158354393/214112_280854-2_IMG_11_0000_max_476x317.jpeg; https://media.rightmove.co.uk:443/dir/crop/10:9-16:9/215k/214112/158354393/214112_280854-2_IMG_07_0000_max_476x317.jpeg"
"163595147","South Lanarkshire","Light Industrial","Kelvin Park South, East Kilbride, G75 0RH","POA","","","","Industrial unit to let in East Kilbride. Offering private secure yards, dedicated parking and sprinkler system","https://www.rightmove.co.uk/properties/163595147#/?channel=COM_LET","2025-06-20T14:18:03Z","","new","Marketed by Mileway Real Estate UK Limited, Scotland","","55.7415","-4.1598","https://media.rightmove.co.uk:443/dir/crop/10:9-16:9/105k/104203/163595147/104203_4NLU5VhJQL0jN2995K2xRl_IMG_00_0000_max_476x317.jpeg; https://media.rightmove.co.uk:443/dir/crop/10:9-16:9/105k/104203/163595147/104203_4NLU5VhJQL0jN2995K2xRl_IMG_01_0001_max_476x317.jpeg; https://media.rightmove.co.uk:443/dir/crop/10:9-16:9/105k/104203/163595147/104203_4NLU5VhJQL0jN2995K2xRl_IMG_02_0001_max_476x317.jpeg; https://media.rightmove.co.uk:443/dir/crop/10:9-16:9/105k/104203/163595147/104203_4NLU5VhJQL0jN2995K2xRl_IMG_03_0000_max_476x317.jpeg; https://media.rightmove.co.uk:443/dir/crop/10:9-16:9/105k/104203/163595147/104203_4NLU5VhJQL0jN2995K2xRl_IMG_04_0000_max_476x317.jpeg; https://media.rightmove.co.uk:443/dir/crop/10:9-16:9/105k/104203/163595147/104203_4NLU5VhJQL0jN2995K2xRl_IMG_05_0000_max_476x317.jpeg; https://media.rightmove.co.uk:443/dir/crop/10:9-16:9/105k/104203/163595147/104203_4NLU5VhJQL0jN2995K2xRl_IMG_06_0000_max_476x317.jpeg; https://media.rightmove.co.uk:443/dir/crop/10:9-16:9/105k/104203/163595147/104203_4NLU5VhJQL0jN2995K2xRl_IMG_07_0000_max_476x317.jpeg"
"158105954","South Lanarkshire","Land"," Orbital Court, Hairmyres, East Kilbride, G74","POA","","","","The subjects are located within Orbital Court, a development of pavilion style office buildings in Peel Park, an established business location to the south west of East Kilbride. Neighbouring occupiers include Dickie & Moore, Traveltek Ltd and Hawkins amongst others. East Kilbride is in So...","https://www.rightmove.co.uk/properties/158105954#/?channel=COM_LET","2025-02-11T14:49:56Z","","new","Marketed by DM Hall, Glasgow","","55.758987","-4.230252","https://media.rightmove.co.uk:443/dir/crop/10:9-16:9/146k/145094/158105954/145094_WSA2758_IMG_00_0001_max_476x317.png; https://media.rightmove.co.uk:443/dir/crop/10:9-16:9/146k/145094/158105954/145094_WSA2758_IMG_01_0001_max_476x317.jpeg; https://media.rightmove.co.uk:443/dir/crop/10:9-16:9/146k/145094/158105954/145094_WSA2758_IMG_02_0001_max_476x317.jpeg; https://media.rightmove.co.uk:443/dir/crop/10:9-16:9/146k/145094/158105954/145094_WSA2758_IMG_03_0001_max_476x317.jpeg; https://media.rightmove.co.uk:443/dir/crop/10:9-16:9/146k/145094/158105954/145094_WSA2758_IMG_04_0001_max_476x317.jpeg; https://media.rightmove.co.uk:443/dir/crop/10:9-16:9/146k/145094/158105954/145094_WSA2758_IMG_05_0001_max_476x317.jpeg; https://media.rightmove.co.uk:443/dir/crop/10:9-16:9/146k/145094/158105954/145094_WSA2758_IMG_06_0001_max_476x317.jpeg; https://media.rightmove.co.uk:443/dir/crop/10:9-16:9/146k/145094/158105954/145094_WSA2758_IMG_07_0001_max_476x317.jpeg; https://media.rightmove.co.uk:443/dir/crop/10:9-16:9/146k/145094/158105954/145094_WSA2758_IMG_08_0001_max_476x317.jpeg; https://media.rightmove.co.uk:443/dir/crop/10:9-16:9/146k/145094/158105954/145094_WSA2758_IMG_09_0001_max_476x317.jpeg; https://media.rightmove.co.uk:443/dir/crop/10:9-16:9/146k/145094/158105954/145094_WSA2758_IMG_10_0001_max_476x317.jpeg; https://media.rightmove.co.uk:443/dir/crop/10:9-16:9/146k/145094/158105954/145094_WSA2758_IMG_11_0001_max_476x317.jpeg"
"721600824051809","South Lanarkshire","Light Industrial","110 Glasgow Road, Rutherglen, Glasgow, G73 1SU","POA","","","","Highly prominent industrial / trade / showroom unit with secure yard located within the popular Rutherglen area of Glasgow","https://www.rightmove.co.uk/properties/721600824051809#/?channel=COM_LET","2025-11-26T11:37:10Z","","size_change","Marketed by G M Brown, Glasgow","","55.832581","-4.223024","https://media.rightmove.co.uk:443/dir/crop/10:9-16:9/244k/243653/721600824051809/243653_218009-2_IMG_00_0000_max_476x317.jpeg; https://media.rightmove.co.uk:443/dir/crop/10:9-16:9/244k/243653/721600824051809/243653_218009-2_IMG_01_0000_max_476x317.jpeg; https://media.rightmove.co.uk:443/dir/crop/10:9-16:9/244k/243653/721600824051809/243653_218009-2_IMG_02_0000_max_476x317.jpeg; https://media.rightmove.co.uk:443/dir/crop/10:9-16:9/244k/243653/721600824051809/243653_218009-2_IMG_03_0000_max_476x317.jpeg"
"131819036","South Lanarkshire","Serviced Office","Redwood Crescent, Glasgow, G74 5PR","£194 pcm","From","","4","All-inclusive access to coworking space in Regus East Kilbride, Peel Park","https://www.rightmove.co.uk/properties/131819036#/?channel=COM_LET","2023-02-20T11:01:05Z","","price_reduced","Marketed by IW Group Services (UK) Limited, Regus","","55.76779","-4.22852","https://media.rightmove.co.uk:443/dir/crop/10:9-16:9/130k/129853/131819036/129853_UKcw5832_IMG_19_0000_max_476x317.jpeg; https://media.rightmove.co.uk:443/dir/crop/10:9-16:9/130k/129853/131819036/129853_UKcw5832_IMG_22_0000_max_476x317.jpeg; https://media.rightmove.co.uk:443/dir/crop/10:9-16:9/130k/129853/131819036/129853_UKcw5832_IMG_21_0000_max_476x317.jpeg; https://media.rightmove.co.uk:443/dir/crop/10:9-16:9/130k/129853/131819036/129853_UKcw5832_IMG_07_0000_max_476x317.jpeg; https://media.rightmove.co.uk:443/dir/crop/10:9-16:9/130k/129853/131819036/129853_UKcw5832_IMG_13_0000_max_476x317.jpeg; https://media.rightmove.co.uk:443/dir/crop/10:9-16:9/130k/129853/131819036/129853_UKcw5832_IMG_20_0000_max_476x317.jpeg; https://media.rightmove.co.uk:443/dir/crop/10:9-16:9/130k/129853/131819036/129853_UKcw5832_IMG_23_0000_max_476x317.jpeg; https://media.rightmove.co.uk:443/dir/crop/10:9-16:9/130k/129853/131819036/129853_UKcw5832_IMG_08_0000_max_476x317.jpeg; https://media.rightmove.co.uk:443/dir/crop/10:9-16:9/130k/129853/131819036/129853_UKcw5832_IMG_15_0000_max_476x317.jpeg"
"131818304","South Lanarkshire","Serviced Office","Redwood Crescent, Glasgow, G74 5PR","£1,102 pcm","From","","4","Private office space for 5 people in Regus East Kilbride, Peel Park","https://www.rightmove.co.uk/properties/131818304#/?channel=COM_LET","2023-02-20T10:49:05Z","","price_reduced","Marketed by IW Group Services (UK) Limited, Regus","","55.76779","-4.22852","https://media.rightmove.co.uk:443/dir/crop/10:9-16:9/130k/129853/131818304/129853_UK5ws5832_IMG_12_0000_max_476x317.jpeg; https://media.rightmove.co.uk:443/dir/crop/10:9-16:9/130k/129853/131818304/129853_UK5ws5832_IMG_15_0000_max_476x317.jpeg; https://media.rightmove.co.uk:443/dir/crop/10:9-16:9/130k/129853/131818304/129853_UK5ws5832_IMG_14_0000_max_476x317.jpeg; https://media.rightmove.co.uk:443/dir/crop/10:9-16:9/130k/129853/131818304/129853_UK5ws5832_IMG_08_0000_max_476x317.jpeg; https://media.rightmove.co.uk:443/dir/crop/10:9-16:9/130k/129853/131818304/129853_UK5ws5832_IMG_13_0000_max_476x317.jpeg; https://media.rightmove.co.uk:443/dir/crop/10:9-16:9/130k/129853/131818304/129853_UK5ws5832_IMG_16_0000_max_476x317.jpeg; https://media.rightmove.co.uk:443/dir/crop/10:9-16:9/130k/129853/131818304/129853_UK5ws5832_IMG_01_0001_max_476x317.jpeg; https://media.rightmove.co.uk:443/dir/crop/10:9-16:9/130k/129853/131818304/129853_UK5ws5832_IMG_00_0001_max_476x317.jpeg; https://media.rightmove.co.uk:443/dir/crop/10:9-16:9/130k/129853/131818304/129853_UK5ws5832_IMG_11_0000_max_476x317.jpeg; https://media.rightmove.co.uk:443/dir/crop/10:9-16:9/130k/129853/131818304/129853_UK5ws5832_IMG_09_0000_max_476x317.jpeg"
"155853119","South Lanarkshire","Serviced Office","Orbital Court, East Kilbride, Glasgow, G74","£1,800 pcm","","","","Serviced office space with various permutations/sizes ranging from 400 Sq. Ft - 1500 Sq. Ft. accessible lift provision, shared kitchen and rest room (including shower) facilities with 17 allocated & visitor spaces. Rates are applicable. Ask for Angelina when you call. *Owner may consider selling.*","https://www.rightmove.co.uk/properties/155853119#/?channel=COM_LET","2024-12-11T12:18:15Z","","new","Marketed by Property Angels International, Bothwell","","55.759","-4.23036","https://media.rightmove.co.uk:443/dir/crop/10:9-16:9/130k/129397/155853119/129397_RML_IMG_19_0000_max_476x317.jpeg; https://media.rightmove.co.uk:443/dir/crop/10:9-16:9/130k/129397/155853119/129397_RML_IMG_09_0000_max_476x317.jpeg; https://media.rightmove.co.uk:443/dir/crop/10:9-16:9/130k/129397/155853119/129397_RML_IMG_17_0000_max_476x317.jpeg; https://media.rightmove.co.uk:443/dir/crop/10:9-16:9/130k/129397/155853119/129397_RML_IMG_16_0000_max_476x317.jpeg; https://media.rightmove.co.uk:443/dir/crop/10:9-16:9/130k/129397/155853119/129397_RML_IMG_12_0000_max_476x317.jpeg; https://media.rightmove.co.uk:443/dir/crop/10:9-16:9/130k/129397/155853119/129397_RML_IMG_13_0000_max_476x317.jpeg; https://media.rightmove.co.uk:443/dir/crop/10:9-16:9/130k/129397/155853119/129397_RML_IMG_15_0000_max_476x317.jpeg; https://media.rightmove.co.uk:443/dir/crop/10:9-16:9/130k/129397/155853119/129397_RML_IMG_14_0000_max_476x317.jpeg; https://media.rightmove.co.uk:443/dir/crop/10:9-16:9/130k/129397/155853119/129397_RML_IMG_07_0000_max_476x317.jpeg; https://media.rightmove.co.uk:443/dir/crop/10:9-16:9/130k/129397/155853119/129397_RML_IMG_02_0000_max_476x317.jpeg; https://media.rightmove.co.uk:443/dir/crop/10:9-16:9/130k/129397/155853119/129397_RML_IMG_08_0000_max_476x317.jpeg; https://media.rightmove.co.uk:443/dir/crop/10:9-16:9/130k/129397/155853119/129397_RML_IMG_11_0000_max_476x317.jpeg; https://media.rightmove.co.uk:443/dir/crop/10:9-16:9/130k/129397/155853119/129397_RML_IMG_10_0000_max_476x317.jpeg; https://media.rightmove.co.uk:443/dir/crop/10:9-16:9/130k/129397/155853119/129397_RML_IMG_01_0000_max_476x317.jpeg; https://media.rightmove.co.uk:443/dir/crop/10:9-16:9/130k/129397/155853119/129397_RML_IMG_06_0000_max_476x317.jpeg; https://media.rightmove.co.uk:443/dir/crop/10:9-16:9/130k/129397/155853119/129397_RML_IMG_05_0000_max_476x317.jpeg; https://media.rightmove.co.uk:443/dir/crop/10:9-16:9/130k/129397/155853119/129397_RML_IMG_04_0000_max_476x317.jpeg; https://media.rightmove.co.uk:443/dir/crop/10:9-16:9/130k/129397/155853119/129397_RML_IMG_03_0000_max_476x317.jpeg; https://media.rightmove.co.uk:443/dir/crop/10:9-16:9/130k/129397/155853119/129397_RML_IMG_18_0000_max_476x317.jpeg; https://media.rightmove.co.uk:443/dir/crop/10:9-16:9/130k/129397/155853119/129397_RML_IMG_00_0000_max_476x317.jpeg"
"155829014","South Lanarkshire","Warehouse","Unit 5 Bessemer Drive, Kelvin Industrial Estate, East Kilbride, G75 0QX","POA","","","","Semi-detached industrial warehouse equating to 9,187 sq ft","https://www.rightmove.co.uk/properties/155829014#/?channel=COM_LET","2024-12-10T14:42:13Z","","new","Marketed by Savills, Glasgow Industrial","","55.745051","-4.161507","https://media.rightmove.co.uk:443/dir/crop/10:9-16:9/215k/214112/155829014/214112_273980-2_IMG_00_0000_max_476x317.jpeg; https://media.rightmove.co.uk:443/dir/crop/10:9-16:9/215k/214112/155829014/214112_273980-2_IMG_01_0000_max_476x317.jpeg; https://media.rightmove.co.uk:443/dir/crop/10:9-16:9/215k/214112/155829014/214112_273980-2_IMG_02_0000_max_476x317.jpeg; https://media.rightmove.co.uk:443/dir/crop/10:9-16:9/215k/214112/155829014/214112_273980-2_IMG_03_0000_max_476x317.jpeg; https://media.rightmove.co.uk:443/dir/crop/10:9-16:9/215k/214112/155829014/214112_273980-2_IMG_04_0000_max_476x317.jpeg"
"721600849217600","South Lanarkshire","Office","Carradale Building, G S O Business Park, Glasgow, G74 5PG","£30,071 pcm","","","","Excellent opportunity to occupy a standalone high quality office space located within GSO Business Park, in East Kilbride.","https://www.rightmove.co.uk/properties/721600849217600#/?channel=COM_LET","2025-11-26T11:40:04Z","","new","Marketed by G M Brown, Glasgow","","55.770332","-4.229672","https://media.rightmove.co.uk:443/dir/crop/10:9-16:9/244k/243653/721600849217600/243653_229873-2_IMG_00_0000_max_476x317.jpeg; https://media.rightmove.co.uk:443/dir/crop/10:9-16:9/244k/243653/721600849217600/243653_229873-2_IMG_01_0000_max_476x317.jpeg; https://media.rightmove.co.uk:443/dir/crop/10:9-16:9/244k/243653/721600849217600/243653_229873-2_IMG_02_0000_max_476x317.jpeg; https://media.rightmove.co.uk:443/dir/crop/10:9-16:9/244k/243653/721600849217600/243653_229873-2_IMG_03_0000_max_476x317.jpeg; https://media.rightmove.co.uk:443/dir/crop/10:9-16:9/244k/243653/721600849217600/243653_229873-2_IMG_04_0000_max_476x317.jpeg"
"154435697","South Lanarkshire","Office","Redwood Crescent, Glasgow, G74","£453 pcm","From","","","Budget-friendly private offices available with flexible terms. From £453+VAT PCM. Call us to arrange a viewing today.","https://www.rightmove.co.uk/properties/154435697#/?channel=COM_LET","2024-10-31T12:57:15Z","","new","Marketed by CoVault Limited, Glasgow","","55.7699","-4.22788","https://media.rightmove.co.uk:443/dir/crop/10:9-16:9/property-photo/da77284ef/154435697/da77284ef0e910ca4a4a354fce009824_max_476x317.jpeg; https://media.rightmove.co.uk:443/dir/crop/10:9-16:9/property-photo/e27943054/154435697/e279430547d0a635d78dd3597356629e_max_476x317.jpeg; https://media.rightmove.co.uk:443/dir/crop/10:9-16:9/property-photo/030428c47/154435697/030428c473a9ce038fd666bc8d64aa37_max_476x317.jpeg; https://media.rightmove.co.uk:443/dir/crop/10:9-16:9/property-photo/8bd8df485/154435697/8bd8df4859383c8a480ad0a4f0d87697_max_476x317.jpeg; https://media.rightmove.co.uk:443/dir/crop/10:9-16:9/property-photo/665064c8e/154435697/665064c8e54ca59951aad6c715b90f2c_max_476x317.jpeg; https://media.rightmove.co.uk:443/dir/crop/10:9-16:9/property-photo/67aa16762/154435697/67aa16762a518be67fbdffe08010ff80_max_476x317.jpeg; https://media.rightmove.co.uk:443/dir/crop/10:9-16:9/property-photo/66f22255a/154435697/66f22255ae56493f67de53e151a7adf9_max_476x317.jpeg; https://media.rightmove.co.uk:443/dir/crop/10:9-16:9/property-photo/5527909c5/154435697/5527909c5f39684a8ce8bfc1a367a640_max_476x317.jpeg"
"151313039","South Lanarkshire","Office","Prospect House Hamilton International Business Park, Blantyre, G72","POA","","","","Prospect House located within Hamilton International Park offers easy access to major transport links, making it convenient for businesses and employees alike. Adjacent to the A725 Expressway and with Junction 5 of the M74 motorway nearby, Hamilton international Business Park is strategically ...","https://www.rightmove.co.uk/properties/151313039#/?channel=COM_LET","2024-08-14T10:09:06Z","","size_change","Marketed by DM Hall, Glasgow","","55.779062","-4.09362","https://media.rightmove.co.uk:443/dir/crop/10:9-16:9/146k/145094/151313039/145094_WSA2196_IMG_27_0001_max_476x317.jpeg; https://media.rightmove.co.uk:443/dir/crop/10:9-16:9/146k/145094/151313039/145094_WSA2196_IMG_01_0005_max_476x317.jpeg; https://media.rightmove.co.uk:443/dir/crop/10:9-16:9/146k/145094/151313039/145094_WSA2196_IMG_02_0005_max_476x317.jpeg; https://media.rightmove.co.uk:443/dir/crop/10:9-16:9/146k/145094/151313039/145094_WSA2196_IMG_03_0005_max_476x317.jpeg; https://media.rightmove.co.uk:443/dir/crop/10:9-16:9/146k/145094/151313039/145094_WSA2196_IMG_05_0005_max_476x317.jpeg; https://media.rightmove.co.uk:443/dir/crop/10:9-16:9/146k/145094/151313039/145094_WSA2196_IMG_06_0005_max_476x317.jpeg; https://media.rightmove.co.uk:443/dir/crop/10:9-16:9/146k/145094/151313039/145094_WSA2196_IMG_07_0005_max_476x317.jpeg; https://media.rightmove.co.uk:443/dir/crop/10:9-16:9/146k/145094/151313039/145094_WSA2196_IMG_08_0005_max_476x317.jpeg; https://media.rightmove.co.uk:443/dir/crop/10:9-16:9/146k/145094/151313039/145094_WSA2196_IMG_15_0003_max_476x317.jpeg; https://media.rightmove.co.uk:443/dir/crop/10:9-16:9/146k/145094/151313039/145094_WSA2196_IMG_16_0003_max_476x317.jpeg; https://media.rightmove.co.uk:443/dir/crop/10:9-16:9/146k/145094/151313039/145094_WSA2196_IMG_17_0003_max_476x317.jpeg; https://media.rightmove.co.uk:443/dir/crop/10:9-16:9/146k/145094/151313039/145094_WSA2196_IMG_18_0003_max_476x317.jpeg; https://media.rightmove.co.uk:443/dir/crop/10:9-16:9/146k/145094/151313039/145094_WSA2196_IMG_20_0003_max_476x317.jpeg; https://media.rightmove.co.uk:443/dir/crop/10:9-16:9/146k/145094/151313039/145094_WSA2196_IMG_21_0003_max_476x317.jpeg; https://media.rightmove.co.uk:443/dir/crop/10:9-16:9/146k/145094/151313039/145094_WSA2196_IMG_22_0003_max_476x317.jpeg; https://media.rightmove.co.uk:443/dir/crop/10:9-16:9/146k/145094/151313039/145094_WSA2196_IMG_23_0003_max_476x317.jpeg; https://media.rightmove.co.uk:443/dir/crop/10:9-16:9/146k/145094/151313039/145094_WSA2196_IMG_25_0003_max_476x317.jpeg; https://media.rightmove.co.uk:443/dir/crop/10:9-16:9/146k/145094/151313039/145094_WSA2196_IMG_28_0001_max_476x317.jpeg; https://media.rightmove.co.uk:443/dir/crop/10:9-16:9/146k/145094/151313039/145094_WSA2196_IMG_29_0001_max_476x317.jpeg; https://media.rightmove.co.uk:443/dir/crop/10:9-16:9/146k/145094/151313039/145094_WSA2196_IMG_30_0001_max_476x317.jpeg; https://media.rightmove.co.uk:443/dir/crop/10:9-16:9/146k/145094/151313039/145094_WSA2196_IMG_31_0001_max_476x317.jpeg; https://media.rightmove.co.uk:443/dir/crop/10:9-16:9/146k/145094/151313039/145094_WSA2196_IMG_32_0001_max_476x317.jpeg; https://media.rightmove.co.uk:443/dir/crop/10:9-16:9/146k/145094/151313039/145094_WSA2196_IMG_33_0001_max_476x317.jpeg; https://media.rightmove.co.uk:443/dir/crop/10:9-16:9/146k/145094/151313039/145094_WSA2196_IMG_34_0001_max_476x317.jpeg; https://media.rightmove.co.uk:443/dir/crop/10:9-16:9/146k/145094/151313039/145094_WSA2196_IMG_35_0001_max_476x317.jpeg; https://media.rightmove.co.uk:443/dir/crop/10:9-16:9/146k/145094/151313039/145094_WSA2196_IMG_36_0001_max_476x317.jpeg; https://media.rightmove.co.uk:443/dir/crop/10:9-16:9/146k/145094/151313039/145094_WSA2196_IMG_37_0001_max_476x317.jpeg; https://media.rightmove.co.uk:443/dir/crop/10:9-16:9/146k/145094/151313039/145094_WSA2196_IMG_38_0001_max_476x317.jpeg; https://media.rightmove.co.uk:443/dir/crop/10:9-16:9/146k/145094/151313039/145094_WSA2196_IMG_39_0001_max_476x317.jpeg; https://media.rightmove.co.uk:443/dir/crop/10:9-16:9/146k/145094/151313039/145094_WSA2196_IMG_40_0001_max_476x317.jpeg"
"152799596","South Lanarkshire","Distribution Warehouse","5 South Faulds Road, Caldwellside Industrial Estate, Lanark, South Lanarkshire, ML11","POA","","","","Logistics depot with 40 vehicle loading bays Quoting Rent £135000.00  The property comprises a single bay steel framed warehouse with insulated PMS walls and pitched roof. A two-storey office block lies to one end of the property and is of brick construction, externally clad in ...","https://www.rightmove.co.uk/properties/152799596#/?channel=COM_LET","2024-09-23T14:32:31Z","","new","Marketed by Knight Frank, Edinburgh - Commercial","","55.679017","-3.745121","https://media.rightmove.co.uk:443/dir/crop/10:9-16:9/156k/155501/152799596/155501_ABC012434353_IMG_00_0001_max_476x317.jpeg; https://media.rightmove.co.uk:443/dir/crop/10:9-16:9/156k/155501/152799596/155501_ABC012434353_IMG_01_0001_max_476x317.jpeg; https://media.rightmove.co.uk:443/dir/crop/10:9-16:9/156k/155501/152799596/155501_ABC012434353_IMG_02_0001_max_476x317.jpeg; https://media.rightmove.co.uk:443/dir/crop/10:9-16:9/156k/155501/152799596/155501_ABC012434353_IMG_03_0001_max_476x317.jpeg"
"150148700","South Lanarkshire","Retail Property (Shopping Centre)","Unit 2-4, Princes Mall, East Kilbride Shopping Centre, East Kilbride, G74 1LL","POA","","","","RETAIL UNIT - TO LET","https://www.rightmove.co.uk/properties/150148700#/?channel=COM_LET","2024-07-11T15:22:32Z","","new","Marketed by Savills, Edinburgh - Retail","","55.760305","-4.182291","https://media.rightmove.co.uk:443/dir/crop/10:9-16:9/252k/251255/150148700/251255_224962-2_IMG_00_0000_max_476x317.jpeg; https://media.rightmove.co.uk:443/dir/crop/10:9-16:9/252k/251255/150148700/251255_224962-2_IMG_01_0000_max_476x317.jpeg"
"163981736","South Lanarkshire","Light Industrial","Bessemer Drive, Kelvin Industrial Estate, Kelvin Industrial Estate, Bessemer Drive, G75 0QX","POA","","","","Steel portal framed semi-detached industrial unit available to let. Offices are located to front with a on-site parking. 5m eaves.","https://www.rightmove.co.uk/properties/163981736#/?channel=COM_LET","2025-06-30T17:19:21Z","","new","Marketed by Mileway Real Estate UK Limited, Scotland","","55.7443","-4.1615","https://media.rightmove.co.uk:443/dir/crop/10:9-16:9/105k/104203/163981736/104203_4ZxWJ3FxmvZGgFEyJozvpy_IMG_00_0000_max_476x317.jpeg; https://media.rightmove.co.uk:443/dir/crop/10:9-16:9/105k/104203/163981736/104203_4ZxWJ3FxmvZGgFEyJozvpy_IMG_02_0000_max_476x317.jpeg; https://media.rightmove.co.uk:443/dir/crop/10:9-16:9/105k/104203/163981736/104203_4ZxWJ3FxmvZGgFEyJozvpy_IMG_03_0000_max_476x317.jpeg; https://media.rightmove.co.uk:443/dir/crop/10:9-16:9/105k/104203/163981736/104203_4ZxWJ3FxmvZGgFEyJozvpy_IMG_01_0000_max_476x317.jpeg; https://media.rightmove.co.uk:443/dir/crop/10:9-16:9/105k/104203/163981736/104203_4ZxWJ3FxmvZGgFEyJozvpy_IMG_04_0000_max_476x317.jpeg; https://media.rightmove.co.uk:443/dir/crop/10:9-16:9/105k/104203/163981736/104203_4ZxWJ3FxmvZGgFEyJozvpy_IMG_05_0000_max_476x317.jpeg"
"131818850","South Lanarkshire","Serviced Office","Redwood Crescent, Glasgow, G74 5PR","£348 pcm","From","","4","All-inclusive access to professional office space for 1 person in Regus East Kilbride, Peel Park","https://www.rightmove.co.uk/properties/131818850#/?channel=COM_LET","2023-02-20T10:57:41Z","","price_reduced","Marketed by IW Group Services (UK) Limited, Regus","","55.76779","-4.22852","https://media.rightmove.co.uk:443/dir/crop/10:9-16:9/130k/129853/131818850/129853_UK1ws5832_IMG_15_0000_max_476x317.jpeg; https://media.rightmove.co.uk:443/dir/crop/10:9-16:9/130k/129853/131818850/129853_UK1ws5832_IMG_02_0001_max_476x317.jpeg; https://media.rightmove.co.uk:443/dir/crop/10:9-16:9/130k/129853/131818850/129853_UK1ws5832_IMG_14_0000_max_476x317.jpeg; https://media.rightmove.co.uk:443/dir/crop/10:9-16:9/130k/129853/131818850/129853_UK1ws5832_IMG_09_0000_max_476x317.jpeg; https://media.rightmove.co.uk:443/dir/crop/10:9-16:9/130k/129853/131818850/129853_UK1ws5832_IMG_11_0000_max_476x317.jpeg; https://media.rightmove.co.uk:443/dir/crop/10:9-16:9/130k/129853/131818850/129853_UK1ws5832_IMG_06_0000_max_476x317.jpeg; https://media.rightmove.co.uk:443/dir/crop/10:9-16:9/130k/129853/131818850/129853_UK1ws5832_IMG_10_0000_max_476x317.jpeg; https://media.rightmove.co.uk:443/dir/crop/10:9-16:9/130k/129853/131818850/129853_UK1ws5832_IMG_05_0001_max_476x317.jpeg; https://media.rightmove.co.uk:443/dir/crop/10:9-16:9/130k/129853/131818850/129853_UK1ws5832_IMG_12_0000_max_476x317.jpeg; https://media.rightmove.co.uk:443/dir/crop/10:9-16:9/130k/129853/131818850/129853_UK1ws5832_IMG_13_0001_max_476x317.jpeg; https://media.rightmove.co.uk:443/dir/crop/10:9-16:9/130k/129853/131818850/129853_UK1ws5832_IMG_01_0001_max_476x317.jpeg; https://media.rightmove.co.uk:443/dir/crop/10:9-16:9/130k/129853/131818850/129853_UK1ws5832_IMG_07_0000_max_476x317.jpeg"
"163880966","South Lanarkshire","Light Industrial","Westgarth Place, College Milton Industrial Estate, East Kilbride, G74 5NT","£1,335 pcm","From","","","Located within College Milton Industrial Estate the unit benefits from convenient access to both the M8 and M74 motorways.","https://www.rightmove.co.uk/properties/163880966#/?channel=COM_LET","2025-06-27T12:52:40Z","","size_change","Marketed by Mileway Real Estate UK Limited, Scotland","","55.7694","-4.2107","https://media.rightmove.co.uk:443/dir/crop/10:9-16:9/105k/104203/163880966/104203_6lei82H9luk2pXH5bwbSmz_IMG_00_0000_max_476x317.jpeg; https://media.rightmove.co.uk:443/dir/crop/10:9-16:9/105k/104203/163880966/104203_6lei82H9luk2pXH5bwbSmz_IMG_01_0000_max_476x317.jpeg; https://media.rightmove.co.uk:443/dir/crop/10:9-16:9/105k/104203/163880966/104203_6lei82H9luk2pXH5bwbSmz_IMG_02_0000_max_476x317.jpeg; https://media.rightmove.co.uk:443/dir/crop/10:9-16:9/105k/104203/163880966/104203_6lei82H9luk2pXH5bwbSmz_IMG_03_0000_max_476x317.jpeg; https://media.rightmove.co.uk:443/dir/crop/10:9-16:9/105k/104203/163880966/104203_6lei82H9luk2pXH5bwbSmz_IMG_04_0000_max_476x317.jpeg; https://media.rightmove.co.uk:443/dir/crop/10:9-16:9/105k/104203/163880966/104203_6lei82H9luk2pXH5bwbSmz_IMG_05_0000_max_476x317.jpeg; https://media.rightmove.co.uk:443/dir/crop/10:9-16:9/105k/104203/163880966/104203_6lei82H9luk2pXH5bwbSmz_IMG_06_0000_max_476x317.jpeg; https://media.rightmove.co.uk:443/dir/crop/10:9-16:9/105k/104203/163880966/104203_6lei82H9luk2pXH5bwbSmz_IMG_07_0000_max_476x317.jpeg; https://media.rightmove.co.uk:443/dir/crop/10:9-16:9/105k/104203/163880966/104203_6lei82H9luk2pXH5bwbSmz_IMG_08_0000_max_476x317.jpeg; https://media.rightmove.co.uk:443/dir/crop/10:9-16:9/105k/104203/163880966/104203_6lei82H9luk2pXH5bwbSmz_IMG_09_0000_max_476x317.jpeg; https://media.rightmove.co.uk:443/dir/crop/10:9-16:9/105k/104203/163880966/104203_6lei82H9luk2pXH5bwbSmz_IMG_10_0000_max_476x317.jpeg"
"721600790565344","South Lanarkshire","Light Industrial","33 Carron Place, East Kilbride, G75 0XS","£6,250 pcm","","","","Industrial/Warehouse unit with secure yard located within the Kelvin Industrial Estate, East Kilbride.","https://www.rightmove.co.uk/properties/721600790565344#/?channel=COM_LET","2025-11-26T11:37:04Z","","new","Marketed by G M Brown, Glasgow","","55.746431","-4.169064","https://media.rightmove.co.uk:443/dir/crop/10:9-16:9/property-photo/ce6e23270/721600790565344/ce6e23270e5743e428b9a790f08da1cd_max_476x317.jpeg; https://media.rightmove.co.uk:443/dir/crop/10:9-16:9/property-photo/c6096d1c6/721600790565344/c6096d1c6c0e1ed8a71783f19532f80c_max_476x317.jpeg; https://media.rightmove.co.uk:443/dir/crop/10:9-16:9/property-photo/ddb951214/721600790565344/ddb951214f2991aa8e72c48e065502d4_max_476x317.jpeg; https://media.rightmove.co.uk:443/dir/crop/10:9-16:9/property-photo/c2ebca2e4/721600790565344/c2ebca2e4cac6fdc26104402496f5714_max_476x317.jpeg; https://media.rightmove.co.uk:443/dir/crop/10:9-16:9/property-photo/1109a516b/721600790565344/1109a516b843d1f043a2bd0437c048f8_max_476x317.jpeg; https://media.rightmove.co.uk:443/dir/crop/10:9-16:9/property-photo/0fc4f5224/721600790565344/0fc4f5224aa2babc1b70854732c3e573_max_476x317.jpeg"
"143041937","South Lanarkshire","Land","Whistleberry Road, Hamilton, Lanarkshire, ML3","POA","","","","11.7 acres of secure unserviced land in prime central Scotland transport corridor/area. Option to lease part/full area and rent agreed will be subject to the same, short and long term lease availability.","https://www.rightmove.co.uk/properties/143041937#/?channel=COM_LET","2023-12-19T13:45:19Z","","new","Marketed by Property Angels International, Bothwell","","55.7926","-4.0667","https://media.rightmove.co.uk:443/dir/crop/10:9-16:9/130k/129397/143041937/129397_RML1912232_IMG_00_0000_max_476x317.jpeg; https://media.rightmove.co.uk:443/dir/crop/10:9-16:9/130k/129397/143041937/129397_RML1912232_IMG_01_0000_max_476x317.jpeg"
"143035367","South Lanarkshire","Storage","Colvilles Place, Glasgow, G75","£3 pcm","","","","Storage Vault Colvilles Place, offers fantastic value for money, 24/7 CCTV, no deposit required, all ground floor units and keypad entry. With internal units and external container units, Colvilles Place is ideal for all personal and business storage. Get a quote today.","https://www.rightmove.co.uk/properties/143035367#/?channel=COM_LET","2023-12-19T10:07:39Z","","new","Marketed by Storage Vault Limited, Storage Vault Limited","","55.75017","-4.15408","https://media.rightmove.co.uk:443/dir/crop/10:9-16:9/property-photo/c0e7fd758/143035367/c0e7fd75858ab4655ab5e88e73f9d50a_max_476x317.jpeg; https://media.rightmove.co.uk:443/dir/crop/10:9-16:9/property-photo/48dfc1da3/143035367/48dfc1da3db7f3887beaa0584131f00a_max_476x317.jpeg; https://media.rightmove.co.uk:443/dir/crop/10:9-16:9/property-photo/da992d1e6/143035367/da992d1e620f88cc9405c1d75a0bf04b_max_476x317.jpeg; https://media.rightmove.co.uk:443/dir/crop/10:9-16:9/property-photo/fe17c3358/143035367/fe17c33588c29dbb536e0c6742283328_max_476x317.jpeg; https://media.rightmove.co.uk:443/dir/crop/10:9-16:9/property-photo/793633757/143035367/793633757cb733f55b056cd565bfb8af_max_476x317.jpeg"
"143026979","South Lanarkshire","Storage","Redwood Crescent, Glasgow, G74","£36 pcm","From","","","Peel Park, East Kilbride has a range of internal storage and external drive up storage located just off the A726 Queensway. No deposit, 24/7 CCTV, all ground floor units and keypad entry system.Get a quote today.","https://www.rightmove.co.uk/properties/143026979#/?channel=COM_LET","2023-12-18T17:09:08Z","","new","Marketed by Storage Vault Limited, Storage Vault Limited","","55.77017","-4.22719","https://media.rightmove.co.uk:443/dir/crop/10:9-16:9/194k/193994/143026979/193994_EastKilbride_IMG_04_0000_max_476x317.jpeg; https://media.rightmove.co.uk:443/dir/crop/10:9-16:9/194k/193994/143026979/193994_EastKilbride_IMG_02_0000_max_476x317.jpeg; https://media.rightmove.co.uk:443/dir/crop/10:9-16:9/194k/193994/143026979/193994_EastKilbride_IMG_00_0000_max_476x317.jpeg; https://media.rightmove.co.uk:443/dir/crop/10:9-16:9/194k/193994/143026979/193994_EastKilbride_IMG_01_0000_max_476x317.jpeg; https://media.rightmove.co.uk:443/dir/crop/10:9-16:9/194k/193994/143026979/193994_EastKilbride_IMG_03_0000_max_476x317.jpeg"
"142536476","South Lanarkshire","Sports facilities","Stewartfield Way, Glasgow, G74","£1,042 pcm","","","","GOOD QUALITY SPORTS RETAILUNITS IN HIGHLY ACCESSIBLE LOCATON","https://www.rightmove.co.uk/properties/142536476#/?channel=COM_LET","2023-11-29T16:00:40Z","","new","Marketed by CDLH Leisure & Hospitality Surveyors, Glasgow","","55.78167","-4.17361","https://media.rightmove.co.uk:443/dir/crop/10:9-16:9/171k/170045/142536476/170045_SportsRetailUnits_IMG_03_0000_max_476x317.jpeg; https://media.rightmove.co.uk:443/dir/crop/10:9-16:9/171k/170045/142536476/170045_SportsRetailUnits_IMG_01_0000_max_476x317.jpeg; https://media.rightmove.co.uk:443/dir/crop/10:9-16:9/171k/170045/142536476/170045_SportsRetailUnits_IMG_04_0000_max_476x317.jpeg; https://media.rightmove.co.uk:443/dir/crop/10:9-16:9/171k/170045/142536476/170045_SportsRetailUnits_IMG_00_0000_max_476x317.jpeg; https://media.rightmove.co.uk:443/dir/crop/10:9-16:9/171k/170045/142536476/170045_SportsRetailUnits_IMG_02_0000_max_476x317.jpeg"
"721600746526848","South Lanarkshire","Office","Orion House, Bramah Avenue, East Kilbride, G75 0RD","£3,363 pcm","","","","Fitted modern office suite available with generous parking located within attractive Business Park setting","https://www.rightmove.co.uk/properties/721600746526848#/?channel=COM_LET","2025-11-26T11:37:03Z","","new","Marketed by G M Brown, Glasgow","","55.756187","-4.169752","https://media.rightmove.co.uk:443/dir/crop/10:9-16:9/property-photo/ead9e07fb/721600746526848/ead9e07fb2316e7de02c0ca22dabbae4_max_476x317.jpeg; https://media.rightmove.co.uk:443/dir/crop/10:9-16:9/property-photo/14e3641eb/721600746526848/14e3641eb7034d3aebcc38d6da68e1fc_max_476x317.jpeg; https://media.rightmove.co.uk:443/dir/crop/10:9-16:9/property-photo/bd3ed5796/721600746526848/bd3ed579680ef3ce2654089f949e018b_max_476x317.jpeg"
"721600742167377","South Lanarkshire","Light Industrial","Warehouse 2, 8 Ashton Road, Rutherglen, Glasgow, G73 1UB","POA","","","","Large modern standalone warehouse premises just 2.5 miles south-east of Glasgow City Centre with immediate M74 motorway access","https://www.rightmove.co.uk/properties/721600742167377#/?channel=COM_LET","2025-11-26T11:37:12Z","","new","Marketed by G M Brown, Glasgow","","55.833454","-4.215812","https://media.rightmove.co.uk:443/dir/crop/10:9-16:9/244k/243653/721600742167377/243653_181538-2_IMG_00_0000_max_476x317.jpeg; https://media.rightmove.co.uk:443/dir/crop/10:9-16:9/244k/243653/721600742167377/243653_181538-2_IMG_01_0000_max_476x317.jpeg; https://media.rightmove.co.uk:443/dir/crop/10:9-16:9/244k/243653/721600742167377/243653_181538-2_IMG_02_0000_max_476x317.jpeg; https://media.rightmove.co.uk:443/dir/crop/10:9-16:9/244k/243653/721600742167377/243653_181538-2_IMG_03_0000_max_476x317.jpeg; https://media.rightmove.co.uk:443/dir/crop/10:9-16:9/244k/243653/721600742167377/243653_181538-2_IMG_04_0000_max_476x317.jpeg; https://media.rightmove.co.uk:443/dir/crop/10:9-16:9/244k/243653/721600742167377/243653_181538-2_IMG_05_0000_max_476x317.jpeg; https://media.rightmove.co.uk:443/dir/crop/10:9-16:9/244k/243653/721600742167377/243653_181538-2_IMG_06_0000_max_476x317.jpeg; https://media.rightmove.co.uk:443/dir/crop/10:9-16:9/244k/243653/721600742167377/243653_181538-2_IMG_07_0000_max_476x317.jpeg; https://media.rightmove.co.uk:443/dir/crop/10:9-16:9/244k/243653/721600742167377/243653_181538-2_IMG_08_0000_max_476x317.jpeg; https://media.rightmove.co.uk:443/dir/crop/10:9-16:9/244k/243653/721600742167377/243653_181538-2_IMG_09_0000_max_476x317.jpeg; https://media.rightmove.co.uk:443/dir/crop/10:9-16:9/244k/243653/721600742167377/243653_181538-2_IMG_10_0000_max_476x317.jpeg"
"135783149","South Lanarkshire","Land","Elvanfoot Yard, Glengeith Farm, ML12","POA","","",""," Available to Let: Hardstanding near Elvanfoot extending to approx. 40,845 sqft, suitable for lay down and storage with excellent access to Junction 14 of the M74. Property benefits from formed HGV access directly onto A702. Option to rent adjacent secure compound with serviced buildin...","https://www.rightmove.co.uk/properties/135783149#/?channel=COM_LET","2023-06-07T00:46:06Z","","new","Marketed by Davidson & Robertson, Edinburgh","","55.436173","-3.656604","https://media.rightmove.co.uk:443/dir/crop/10:9-16:9/235k/234836/135783149/234836_CAS230013_L_IMG_00_0000_max_476x317.jpeg; https://media.rightmove.co.uk:443/dir/crop/10:9-16:9/235k/234836/135783149/234836_CAS230013_L_IMG_01_0000_max_476x317.jpeg; https://media.rightmove.co.uk:443/dir/crop/10:9-16:9/235k/234836/135783149/234836_CAS230013_L_IMG_02_0000_max_476x317.jpeg; https://media.rightmove.co.uk:443/dir/crop/10:9-16:9/235k/234836/135783149/234836_CAS230013_L_IMG_03_0000_max_476x317.jpeg; https://media.rightmove.co.uk:443/dir/crop/10:9-16:9/235k/234836/135783149/234836_CAS230013_L_IMG_04_0000_max_476x317.jpeg; https://media.rightmove.co.uk:443/dir/crop/10:9-16:9/235k/234836/135783149/234836_CAS230013_L_IMG_05_0000_max_476x317.jpeg; https://media.rightmove.co.uk:443/dir/crop/10:9-16:9/235k/234836/135783149/234836_CAS230013_L_IMG_06_0000_max_476x317.jpeg; https://media.rightmove.co.uk:443/dir/crop/10:9-16:9/235k/234836/135783149/234836_CAS230013_L_IMG_07_0000_max_476x317.jpeg; https://media.rightmove.co.uk:443/dir/crop/10:9-16:9/235k/234836/135783149/234836_CAS230013_L_IMG_08_0000_max_476x317.jpeg; https://media.rightmove.co.uk:443/dir/crop/10:9-16:9/235k/234836/135783149/234836_CAS230013_L_IMG_09_0000_max_476x317.jpeg; https://media.rightmove.co.uk:443/dir/crop/10:9-16:9/235k/234836/135783149/234836_CAS230013_L_IMG_10_0000_max_476x317.jpeg"
"131818565","South Lanarkshire","Serviced Office","Redwood Crescent, Glasgow, G74 5PR","£880 pcm","From","","4","Find office space in Regus East Kilbride, Peel Park for 3 people with everything taken care of","https://www.rightmove.co.uk/properties/131818565#/?channel=COM_LET","2023-02-20T10:53:35Z","","price_reduced","Marketed by IW Group Services (UK) Limited, Regus","","55.76779","-4.22852","https://media.rightmove.co.uk:443/dir/crop/10:9-16:9/130k/129853/131818565/129853_UK3ws5832_IMG_14_0000_max_476x317.jpeg; https://media.rightmove.co.uk:443/dir/crop/10:9-16:9/130k/129853/131818565/129853_UK3ws5832_IMG_19_0000_max_476x317.jpeg; https://media.rightmove.co.uk:443/dir/crop/10:9-16:9/130k/129853/131818565/129853_UK3ws5832_IMG_04_0001_max_476x317.jpeg; https://media.rightmove.co.uk:443/dir/crop/10:9-16:9/130k/129853/131818565/129853_UK3ws5832_IMG_15_0000_max_476x317.jpeg; https://media.rightmove.co.uk:443/dir/crop/10:9-16:9/130k/129853/131818565/129853_UK3ws5832_IMG_18_0000_max_476x317.jpeg; https://media.rightmove.co.uk:443/dir/crop/10:9-16:9/130k/129853/131818565/129853_UK3ws5832_IMG_10_0000_max_476x317.jpeg; https://media.rightmove.co.uk:443/dir/crop/10:9-16:9/130k/129853/131818565/129853_UK3ws5832_IMG_11_0000_max_476x317.jpeg; https://media.rightmove.co.uk:443/dir/crop/10:9-16:9/130k/129853/131818565/129853_UK3ws5832_IMG_16_0000_max_476x317.jpeg; https://media.rightmove.co.uk:443/dir/crop/10:9-16:9/130k/129853/131818565/129853_UK3ws5832_IMG_17_0000_max_476x317.jpeg; https://media.rightmove.co.uk:443/dir/crop/10:9-16:9/130k/129853/131818565/129853_UK3ws5832_IMG_05_0001_max_476x317.jpeg; https://media.rightmove.co.uk:443/dir/crop/10:9-16:9/130k/129853/131818565/129853_UK3ws5832_IMG_20_0000_max_476x317.jpeg; https://media.rightmove.co.uk:443/dir/crop/10:9-16:9/130k/129853/131818565/129853_UK3ws5832_IMG_12_0000_max_476x317.jpeg"
"721600633115344","South Lanarkshire","Office","Napier Building, Scottish Enterprise Technology Park, East Kilbride, G75 0AF","£5,021 pcm","","","","Excellent part income producing purchase opportunity with 5,021 sq ft available to occupy.","https://www.rightmove.co.uk/properties/721600633115344#/?channel=COM_LET","2025-11-26T11:36:08Z","","size_change","Marketed by G M Brown, Glasgow","","55.755321","-4.162406","https://media.rightmove.co.uk:443/dir/crop/10:9-16:9/244k/243653/721600633115344/243653_85157-2_IMG_00_0000_max_476x317.jpeg; https://media.rightmove.co.uk:443/dir/crop/10:9-16:9/244k/243653/721600633115344/243653_85157-2_IMG_01_0000_max_476x317.jpeg; https://media.rightmove.co.uk:443/dir/crop/10:9-16:9/244k/243653/721600633115344/243653_85157-2_IMG_02_0000_max_476x317.jpeg; https://media.rightmove.co.uk:443/dir/crop/10:9-16:9/244k/243653/721600633115344/243653_85157-2_IMG_03_0000_max_476x317.jpeg"
"161995343","South Lanarkshire","Warehouse","Langlands Business Park, Langlands Place, Kelvin South Business Park, East Kilbride, G75 0YF","POA","","","","Refurbished industrial units ranging from 2,000 sq ft up to 16,500 sq ft.","https://www.rightmove.co.uk/properties/161995343#/?channel=COM_LET","2025-05-15T15:17:32Z","","size_change","Marketed by Savills, Glasgow Industrial","","55.740353","-4.169887","https://media.rightmove.co.uk:443/dir/crop/10:9-16:9/215k/214112/161995343/214112_8591-2_IMG_00_0000_max_476x317.jpeg; https://media.rightmove.co.uk:443/dir/crop/10:9-16:9/215k/214112/161995343/214112_8591-2_IMG_01_0000_max_476x317.jpeg; https://media.rightmove.co.uk:443/dir/crop/10:9-16:9/215k/214112/161995343/214112_8591-2_IMG_02_0000_max_476x317.jpeg; https://media.rightmove.co.uk:443/dir/crop/10:9-16:9/215k/214112/161995343/214112_8591-2_IMG_03_0000_max_476x317.jpeg; https://media.rightmove.co.uk:443/dir/crop/10:9-16:9/215k/214112/161995343/214112_8591-2_IMG_04_0000_max_476x317.jpeg; https://media.rightmove.co.uk:443/dir/crop/10:9-16:9/215k/214112/161995343/214112_8591-2_IMG_05_0000_max_476x317.jpeg; https://media.rightmove.co.uk:443/dir/crop/10:9-16:9/215k/214112/161995343/214112_8591-2_IMG_06_0000_max_476x317.jpeg; https://media.rightmove.co.uk:443/dir/crop/10:9-16:9/215k/214112/161995343/214112_8591-2_IMG_07_0000_max_476x317.jpeg; https://media.rightmove.co.uk:443/dir/crop/10:9-16:9/215k/214112/161995343/214112_8591-2_IMG_08_0000_max_476x317.jpeg; https://media.rightmove.co.uk:443/dir/crop/10:9-16:9/215k/214112/161995343/214112_8591-2_IMG_09_0000_max_476x317.jpeg; https://media.rightmove.co.uk:443/dir/crop/10:9-16:9/215k/214112/161995343/214112_8591-2_IMG_10_0000_max_476x317.jpeg; https://media.rightmove.co.uk:443/dir/crop/10:9-16:9/215k/214112/161995343/214112_8591-2_IMG_11_0000_max_476x317.jpeg; https://media.rightmove.co.uk:443/dir/crop/10:9-16:9/215k/214112/161995343/214112_8591-2_IMG_12_0000_max_476x317.jpeg; https://media.rightmove.co.uk:443/dir/crop/10:9-16:9/215k/214112/161995343/214112_8591-2_IMG_13_0000_max_476x317.jpeg; https://media.rightmove.co.uk:443/dir/crop/10:9-16:9/215k/214112/161995343/214112_8591-2_IMG_14_0000_max_476x317.jpeg; https://media.rightmove.co.uk:443/dir/crop/10:9-16:9/215k/214112/161995343/214112_8591-2_IMG_15_0000_max_476x317.jpeg; https://media.rightmove.co.uk:443/dir/crop/10:9-16:9/215k/214112/161995343/214112_8591-2_IMG_16_0000_max_476x317.jpeg; https://media.rightmove.co.uk:443/dir/crop/10:9-16:9/215k/214112/161995343/214112_8591-2_IMG_17_0000_max_476x317.jpeg; https://media.rightmove.co.uk:443/dir/crop/10:9-16:9/215k/214112/161995343/214112_8591-2_IMG_18_0000_max_476x317.jpeg"
"85987413","South Lanarkshire","Retail Property (high street)","Main Street, ML11","POA","","","","Prominent Retail Unit with Café Consent","https://www.rightmove.co.uk/properties/85987413#/?channel=COM_LET","2023-02-08T15:35:23Z","","new","Marketed by DM Hall, Glasgow","","55.76466","-3.6892","https://media.rightmove.co.uk:443/dir/crop/10:9-16:9/146k/145094/85987413/145094_WSA2337a_IMG_10_0000_max_476x317.jpeg; https://media.rightmove.co.uk:443/dir/crop/10:9-16:9/146k/145094/85987413/145094_WSA2337a_IMG_01_0000_max_476x317.jpeg; https://media.rightmove.co.uk:443/dir/crop/10:9-16:9/146k/145094/85987413/145094_WSA2337a_IMG_00_0000_max_476x317.jpeg; https://media.rightmove.co.uk:443/dir/crop/10:9-16:9/146k/145094/85987413/145094_WSA2337a_IMG_02_0000_max_476x317.jpeg; https://media.rightmove.co.uk:443/dir/crop/10:9-16:9/146k/145094/85987413/145094_WSA2337a_IMG_03_0000_max_476x317.jpeg; https://media.rightmove.co.uk:443/dir/crop/10:9-16:9/146k/145094/85987413/145094_WSA2337a_IMG_04_0000_max_476x317.jpeg; https://media.rightmove.co.uk:443/dir/crop/10:9-16:9/146k/145094/85987413/145094_WSA2337a_IMG_05_0000_max_476x317.jpeg; https://media.rightmove.co.uk:443/dir/crop/10:9-16:9/146k/145094/85987413/145094_WSA2337a_IMG_06_0000_max_476x317.jpeg; https://media.rightmove.co.uk:443/dir/crop/10:9-16:9/146k/145094/85987413/145094_WSA2337a_IMG_07_0000_max_476x317.jpeg; https://media.rightmove.co.uk:443/dir/crop/10:9-16:9/146k/145094/85987413/145094_WSA2337a_IMG_08_0000_max_476x317.jpeg; https://media.rightmove.co.uk:443/dir/crop/10:9-16:9/146k/145094/85987413/145094_WSA2337a_IMG_09_0000_max_476x317.jpeg; https://media.rightmove.co.uk:443/dir/crop/10:9-16:9/146k/145094/85987413/145094_WSA2337a_IMG_11_0000_max_476x317.jpeg"
"130834850","South Lanarkshire","Serviced Office","Redwood Crescent, Glasgow, G74 5PR","£139 pcm","","","4","Access professional coworking space in Regus East Kilbride, Peel Park","https://www.rightmove.co.uk/properties/130834850#/?channel=COM_LET","2023-01-18T13:50:09Z","","size_change","Marketed by IW Group Services (UK) Limited, Regus","","55.76779","-4.22852","https://media.rightmove.co.uk:443/dir/crop/10:9-16:9/130k/129853/130834850/129853_UKbwg5832_IMG_08_0000_max_476x317.jpeg; https://media.rightmove.co.uk:443/dir/crop/10:9-16:9/130k/129853/130834850/129853_UKbwg5832_IMG_14_0000_max_476x317.jpeg; https://media.rightmove.co.uk:443/dir/crop/10:9-16:9/130k/129853/130834850/129853_UKbwg5832_IMG_13_0000_max_476x317.jpeg; https://media.rightmove.co.uk:443/dir/crop/10:9-16:9/130k/129853/130834850/129853_UKbwg5832_IMG_05_0000_max_476x317.jpeg; https://media.rightmove.co.uk:443/dir/crop/10:9-16:9/130k/129853/130834850/129853_UKbwg5832_IMG_11_0000_max_476x317.jpeg; https://media.rightmove.co.uk:443/dir/crop/10:9-16:9/130k/129853/130834850/129853_UKbwg5832_IMG_10_0000_max_476x317.jpeg; https://media.rightmove.co.uk:443/dir/crop/10:9-16:9/130k/129853/130834850/129853_UKbwg5832_IMG_12_0000_max_476x317.jpeg; https://media.rightmove.co.uk:443/dir/crop/10:9-16:9/130k/129853/130834850/129853_UKbwg5832_IMG_01_0001_max_476x317.jpeg; https://media.rightmove.co.uk:443/dir/crop/10:9-16:9/130k/129853/130834850/129853_UKbwg5832_IMG_09_0000_max_476x317.jpeg; https://media.rightmove.co.uk:443/dir/crop/10:9-16:9/130k/129853/130834850/129853_UKbwg5832_IMG_06_0000_max_476x317.jpeg"
"130834619","South Lanarkshire","Serviced Office","Redwood Crescent, Glasgow, G74 5PR","£195 pcm","","","4","Unlimited office access in Regus East Kilbride, Peel Park","https://www.rightmove.co.uk/properties/130834619#/?channel=COM_LET","2023-01-18T13:43:41Z","","new","Marketed by IW Group Services (UK) Limited, Regus","","55.76779","-4.22852","https://media.rightmove.co.uk:443/dir/crop/10:9-16:9/130k/129853/130834619/129853_UKbwp5832_IMG_03_0001_max_476x317.jpeg; https://media.rightmove.co.uk:443/dir/crop/10:9-16:9/130k/129853/130834619/129853_UKbwp5832_IMG_15_0000_max_476x317.jpeg; https://media.rightmove.co.uk:443/dir/crop/10:9-16:9/130k/129853/130834619/129853_UKbwp5832_IMG_04_0001_max_476x317.jpeg; https://media.rightmove.co.uk:443/dir/crop/10:9-16:9/130k/129853/130834619/129853_UKbwp5832_IMG_14_0000_max_476x317.jpeg; https://media.rightmove.co.uk:443/dir/crop/10:9-16:9/130k/129853/130834619/129853_UKbwp5832_IMG_08_0000_max_476x317.jpeg; https://media.rightmove.co.uk:443/dir/crop/10:9-16:9/130k/129853/130834619/129853_UKbwp5832_IMG_13_0000_max_476x317.jpeg; https://media.rightmove.co.uk:443/dir/crop/10:9-16:9/130k/129853/130834619/129853_UKbwp5832_IMG_11_0000_max_476x317.jpeg; https://media.rightmove.co.uk:443/dir/crop/10:9-16:9/130k/129853/130834619/129853_UKbwp5832_IMG_12_0000_max_476x317.jpeg; https://media.rightmove.co.uk:443/dir/crop/10:9-16:9/130k/129853/130834619/129853_UKbwp5832_IMG_09_0000_max_476x317.jpeg; https://media.rightmove.co.uk:443/dir/crop/10:9-16:9/130k/129853/130834619/129853_UKbwp5832_IMG_07_0000_max_476x317.jpeg"
"129648005","South Lanarkshire","Retail Property (Shopping Centre)","Unit 6, Princes Mall, East Kilbride Shopping Centre, East Kilbride, G74 1LL","POA","","","","Retail Unit - To Let","https://www.rightmove.co.uk/properties/129648005#/?channel=COM_LET","2022-12-01T14:51:00Z","","new","Marketed by Savills, Edinburgh - Retail","","55.760305","-4.182291","https://media.rightmove.co.uk:443/dir/crop/10:9-16:9/252k/251255/129648005/251255_131150-2_IMG_00_0000_max_476x317.jpeg"
"129220385","South Lanarkshire","Office","1 Barrack Street, Hamilton, Lanarkshire, ML3","£203 pcm","","","2","AVAILABLE NOW! Private office spaces available to rent at CoVault Hamilton (Barrack St, ML3). Enquire today for availabilities. Based in a fantastic central business location, CoVault Hamilton offers a range of diverse office workspaces. FROM £203 PCM","https://www.rightmove.co.uk/properties/129220385#/?channel=COM_LET","2022-11-18T13:42:28Z","","new","Marketed by CoVault Limited, Glasgow","","55.77992","-4.04562","https://media.rightmove.co.uk:443/dir/crop/10:9-16:9/194k/193994/129220385/193994_NewlyRefurbishedOfficesToRentInHamiltonML3_IMG_02_0000_max_476x317.jpeg; https://media.rightmove.co.uk:443/dir/crop/10:9-16:9/194k/193994/129220385/193994_NewlyRefurbishedOfficesToRentInHamiltonML3_IMG_01_0000_max_476x317.jpeg; https://media.rightmove.co.uk:443/dir/crop/10:9-16:9/194k/193994/129220385/193994_NewlyRefurbishedOfficesToRentInHamiltonML3_IMG_00_0000_max_476x317.jpeg; https://media.rightmove.co.uk:443/dir/crop/10:9-16:9/194k/193994/129220385/193994_NewlyRefurbishedOfficesToRentInHamiltonML3_IMG_03_0000_max_476x317.jpeg; https://media.rightmove.co.uk:443/dir/crop/10:9-16:9/194k/193994/129220385/193994_NewlyRefurbishedOfficesToRentInHamiltonML3_IMG_04_0000_max_476x317.jpeg"
"129108632","South Lanarkshire","Retail Property (high street)","Unit C5, The Hub, East Kilbride Shopping Centre, East Kilbride, G74 1LW","POA","","","","Retail, East Kilbride","https://www.rightmove.co.uk/properties/129108632#/?channel=COM_LET","2022-11-15T16:37:39Z","","new","Marketed by Savills, Edinburgh - Retail","","55.760189","-4.178258","https://media.rightmove.co.uk:443/dir/crop/10:9-16:9/252k/251255/129108632/251255_110349-2_IMG_00_0000_max_476x317.jpeg"
"129108599","South Lanarkshire","Retail Property (high street)","Unit C2, The Hub, East Kilbride Shopping Centre, East Kilbride, G74 1LW","POA","","","","Retail, East Kilbride","https://www.rightmove.co.uk/properties/129108599#/?channel=COM_LET","2022-11-15T16:36:57Z","","new","Marketed by Savills, Edinburgh - Retail","","55.760189","-4.178258","https://media.rightmove.co.uk:443/dir/crop/10:9-16:9/252k/251255/129108599/251255_110347-2_IMG_00_0000_max_476x317.jpeg"
"129104321","South Lanarkshire","Retail Property (high street)","39 Princes Mall, East Kilbride Shopping Centre, East Kilbride, G74 1LW","£2,917 pcm","","","","Retail To Let, East Kilbride","https://www.rightmove.co.uk/properties/129104321#/?channel=COM_LET","2022-11-15T15:38:42Z","","new","Marketed by Savills, Edinburgh - Retail","","55.760189","-4.178258","https://media.rightmove.co.uk:443/dir/crop/10:9-16:9/252k/251255/129104321/251255_108194-2_IMG_00_0000_max_476x317.jpeg"
"129103901","South Lanarkshire","Retail Property (high street)","Unit 13/14, Princes Square, East Kilbride Shopping Centre, East Kilbride, G74 1LJ","POA","","","","Retail Unit - To Let Located in a prime position in the mall.","https://www.rightmove.co.uk/properties/129103901#/?channel=COM_LET","2022-11-15T15:31:38Z","","new","Marketed by Savills, Edinburgh - Retail","","55.760878","-4.178031","https://media.rightmove.co.uk:443/dir/crop/10:9-16:9/252k/251255/129103901/251255_110880-2_IMG_01_0000_max_476x317.jpeg"
"129087464","South Lanarkshire","Retail Property (Shopping Centre)","Unit 35, (19 Southgate Mall), East Kilbride Shopping Centre, East Kilbride, G74 1LL","POA","","","","Retail Unit - To Let","https://www.rightmove.co.uk/properties/129087464#/?channel=COM_LET","2022-11-15T11:12:47Z","","new","Marketed by Savills, Edinburgh - Retail","","55.759805","-4.17764","https://media.rightmove.co.uk:443/dir/crop/10:9-16:9/252k/251255/129087464/251255_129747-2_IMG_00_0000_max_476x317.jpeg"
"68998567","South Lanarkshire","Office","Prism House, Scottish Enterprise Technology Park, Rankine Avenue, East Kilbride, Glasgow, G75 0QF","POA","","","","HIGH QUALITY REFURBISHED OFFICES","https://www.rightmove.co.uk/properties/68998567#/?channel=COM_LET","2018-12-13T12:46:58Z","","new","Marketed by Colliers International, Offices - Glasgow","","55.75372","-4.16345","https://media.rightmove.co.uk:443/dir/crop/10:9-16:9/200k/199856/68998567/199856_23670_IMG_01_0000_max_476x317.jpg"
"36991062","South Lanarkshire","Office","270 Glasgow Road, Glasgow, G73 1UZ","POA","","","","Our highly flexible spaces range in size from 113 sq ft to 1330 sq ft.Your own office space available on flexible licence terms where you can create the environment that works best for your business.","https://www.rightmove.co.uk/properties/36991062#/?channel=COM_LET","2015-10-15T13:57:31Z","","new","Marketed by Clyde Gateway, Glasgow","","55.83681","-4.22619","https://media.rightmove.co.uk:443/dir/crop/10:9-16:9/130k/129895/36991062/129895_RedTreeMagenta_IMG_14_0000_max_476x317.jpg; https://media.rightmove.co.uk:443/dir/crop/10:9-16:9/130k/129895/36991062/129895_RedTreeMagenta_IMG_23_0000_max_476x317.jpg; https://media.rightmove.co.uk:443/dir/crop/10:9-16:9/130k/129895/36991062/129895_RedTreeMagenta_IMG_19_0000_max_476x317.jpg; https://media.rightmove.co.uk:443/dir/crop/10:9-16:9/130k/129895/36991062/129895_RedTreeMagenta_IMG_16_0000_max_476x317.jpg; https://media.rightmove.co.uk:443/dir/crop/10:9-16:9/130k/129895/36991062/129895_RedTreeMagenta_IMG_15_0000_max_476x317.jpg; https://media.rightmove.co.uk:443/dir/crop/10:9-16:9/130k/129895/36991062/129895_RedTreeMagenta_IMG_17_0000_max_476x317.jpg; https://media.rightmove.co.uk:443/dir/crop/10:9-16:9/130k/129895/36991062/129895_RedTreeMagenta_IMG_18_0000_max_476x317.jpg; https://media.rightmove.co.uk:443/dir/crop/10:9-16:9/130k/129895/36991062/129895_RedTreeMagenta_IMG_20_0000_max_476x317.jpg; https://media.rightmove.co.uk:443/dir/crop/10:9-16:9/130k/129895/36991062/129895_RedTreeMagenta_IMG_21_0000_max_476x317.jpg; https://media.rightmove.co.uk:443/dir/crop/10:9-16:9/130k/129895/36991062/129895_RedTreeMagenta_IMG_22_0000_max_476x317.jpg; https://media.rightmove.co.uk:443/dir/crop/10:9-16:9/130k/129895/36991062/129895_RedTreeMagenta_IMG_24_0000_max_476x317.jpg; https://media.rightmove.co.uk:443/dir/crop/10:9-16:9/130k/129895/36991062/129895_RedTreeMagenta_IMG_25_0000_max_476x317.jpg"