id,city,propertyType,displayAddress,price,priceQualifier,bedrooms,bathrooms,summary,propertyUrl,firstVisibleDate,addedOrReduced,listingUpdate,formattedBranchName,branchDisplayName,latitude,longitude,propertyImages
"136061615","Staffordshire","Retail Property (high street)","21-23 Market Street, Lichfield, Staffordshire, WS13 6JX","£3,958 pcm","","","","The premises comprise self-contained retail accommodation providing ground floor sales area with ancillary office / storage and rear yard for loading / unloading together with first floor ancillary storage, staff room and WC's.","https://www.rightmove.co.uk/properties/136061615#/?channel=COM_LET","2023-06-14T11:57:44Z","","new","Marketed by Burley Browne, Sutton Coldfield","","52.683037","-1.829144","https://media.rightmove.co.uk:443/dir/crop/10:9-16:9/110k/109673/136061615/109673_4397LH_IMG_00_0001_max_476x317.jpeg; https://media.rightmove.co.uk:443/dir/crop/10:9-16:9/110k/109673/136061615/109673_4397LH_IMG_01_0001_max_476x317.jpeg; https://media.rightmove.co.uk:443/dir/crop/10:9-16:9/110k/109673/136061615/109673_4397LH_IMG_02_0001_max_476x317.jpeg; https://media.rightmove.co.uk:443/dir/crop/10:9-16:9/110k/109673/136061615/109673_4397LH_IMG_03_0001_max_476x317.jpeg; https://media.rightmove.co.uk:443/dir/crop/10:9-16:9/110k/109673/136061615/109673_4397LH_IMG_04_0001_max_476x317.jpeg; https://media.rightmove.co.uk:443/dir/crop/10:9-16:9/110k/109673/136061615/109673_4397LH_IMG_05_0001_max_476x317.jpeg; https://media.rightmove.co.uk:443/dir/crop/10:9-16:9/110k/109673/136061615/109673_4397LH_IMG_06_0001_max_476x317.jpeg; https://media.rightmove.co.uk:443/dir/crop/10:9-16:9/110k/109673/136061615/109673_4397LH_IMG_07_0001_max_476x317.jpeg; https://media.rightmove.co.uk:443/dir/crop/10:9-16:9/110k/109673/136061615/109673_4397LH_IMG_08_0001_max_476x317.jpeg; https://media.rightmove.co.uk:443/dir/crop/10:9-16:9/110k/109673/136061615/109673_4397LH_IMG_09_0001_max_476x317.jpeg; https://media.rightmove.co.uk:443/dir/crop/10:9-16:9/110k/109673/136061615/109673_4397LH_IMG_10_0001_max_476x317.jpeg; https://media.rightmove.co.uk:443/dir/crop/10:9-16:9/110k/109673/136061615/109673_4397LH_IMG_11_0001_max_476x317.jpeg"
"169954436","Staffordshire","Retail Property (high street)","181 Station Street, Burton-On-Trent","£1,083 pcm","","","","To LET - Office, General Retail, Restaurants/Cafes, Offices, Retail, Licensed & Leisure. The subject property comprises a ground floor retail / office unit, comprising a front sales area, two rear offices, kitchen and WC facilities. The first floor comprises two additional offices spaces...","https://www.rightmove.co.uk/properties/169954436#/?channel=COM_LET","2025-12-03T12:06:36Z","","new","Marketed by The Student Letting Specialist, Derby","","52.803611","-1.632545","https://media.rightmove.co.uk:443/dir/crop/10:9-16:9/186k/185519/169954436/185519_34338232_IMG_00_0000_max_476x317.jpeg; https://media.rightmove.co.uk:443/dir/crop/10:9-16:9/186k/185519/169954436/185519_34338232_IMG_01_0000_max_476x317.jpeg; https://media.rightmove.co.uk:443/dir/crop/10:9-16:9/186k/185519/169954436/185519_34338232_IMG_02_0000_max_476x317.jpeg; https://media.rightmove.co.uk:443/dir/crop/10:9-16:9/186k/185519/169954436/185519_34338232_IMG_03_0000_max_476x317.jpeg; https://media.rightmove.co.uk:443/dir/crop/10:9-16:9/186k/185519/169954436/185519_34338232_IMG_04_0000_max_476x317.jpeg"
"158469857","Staffordshire","Light Industrial","Progress Drive,  Cannock, WS11","£1,750 pcm","","","1","(unit 5a-2) 1750 sqft warehouse to let - Cannock, WS11 0JE","https://www.rightmove.co.uk/properties/158469857#/?channel=COM_LET","2025-02-19T17:58:44Z","","size_change","Marketed by M3M Real Estate, Hayes","","52.67834","-2.02377","https://media.rightmove.co.uk:443/dir/crop/10:9-16:9/273k/272909/158469857/272909_744_IMG_06_0000_max_476x317.jpeg; https://media.rightmove.co.uk:443/dir/crop/10:9-16:9/273k/272909/158469857/272909_744_IMG_08_0000_max_476x317.jpeg; https://media.rightmove.co.uk:443/dir/crop/10:9-16:9/273k/272909/158469857/272909_744_IMG_09_0000_max_476x317.jpeg"
"169920491","Staffordshire","Office","117-119 High Street, Stoke-On-Trent, Staffordshire, ST6","£2,000 pcm","","","","Comprises first and second floor office space. Suitable for variety of uses (Class E), including office, retail, educational, medical and more. ","https://www.rightmove.co.uk/properties/169920491#/?channel=COM_LET","2025-12-02T14:13:34Z","","new","Marketed by Blue Alpine, London","","53.05733","-2.21063","https://media.rightmove.co.uk:443/dir/crop/10:9-16:9/231k/230087/169920491/230087_117-119highst_IMG_00_0000_max_476x317.jpeg; https://media.rightmove.co.uk:443/dir/crop/10:9-16:9/231k/230087/169920491/230087_117-119highst_IMG_01_0000_max_476x317.jpeg"
"169919450","Staffordshire","Retail Property (high street)","117 High Street, Stoke-On-Trent, Staffordshire, ST6","£1,500 pcm","","","","Comprises ground floor retail premises. Suitable for variety of uses (Class E). ","https://www.rightmove.co.uk/properties/169919450#/?channel=COM_LET","2025-12-02T14:02:13Z","","new","Marketed by Blue Alpine, London","","53.05733","-2.21063","https://media.rightmove.co.uk:443/dir/crop/10:9-16:9/property-photo/716d7f6a6/169919450/716d7f6a6ae774173e1ce7121b5d82dd_max_476x317.jpeg; https://media.rightmove.co.uk:443/dir/crop/10:9-16:9/property-photo/022e4817c/169919450/022e4817c3e512c9710474d473c3956c_max_476x317.jpeg; https://media.rightmove.co.uk:443/dir/crop/10:9-16:9/property-photo/b4f6cd995/169919450/b4f6cd99580b5102116aa9379270d8cd_max_476x317.jpeg; https://media.rightmove.co.uk:443/dir/crop/10:9-16:9/property-photo/e6558d36b/169919450/e6558d36b82f2e13e06fca30d5ec49f5_max_476x317.jpeg"
"169919432","Staffordshire","Office","Unit 8 Wiltell Works, Upper St. John Street, Lichfield","£1,250 pcm","","","","These ground and first floor offices are located in Lichfield within the Wiltell Works Industrial Estate. They consist of ground floor offices of 426 sq ft and first floor offices of 431 sq ft available with tea prep and toilet facilities. The offices come with 1 designated parking space to the fron","https://www.rightmove.co.uk/properties/169919432#/?channel=COM_LET","2025-12-02T14:00:43Z","","new","Marketed by Hexagon Commercial Property, Stourbridge","","52.6781","-1.82576","https://media.rightmove.co.uk:443/dir/crop/10:9-16:9/79k/78828/169919432/78828_48929_IMG_00_0000_max_476x317.jpeg; https://media.rightmove.co.uk:443/dir/crop/10:9-16:9/79k/78828/169919432/78828_48929_IMG_01_0000_max_476x317.jpeg; https://media.rightmove.co.uk:443/dir/crop/10:9-16:9/79k/78828/169919432/78828_48929_IMG_02_0000_max_476x317.jpeg; https://media.rightmove.co.uk:443/dir/crop/10:9-16:9/79k/78828/169919432/78828_48929_IMG_03_0000_max_476x317.jpeg"
"169913693","Staffordshire","Shop","New Street, Staffordshire, Burton upon Trent, DE14","£585 pcm","","1","","SHOP TO LET Nicholas Humphreys are pleased to offer this ground floor shop to let in Burton on Trent. The shop consists of ground floor unit, kitchen area, separate wc. Located in the town center it would be ideal for small business or office space. Please call Nicholas Humphreys ...","https://www.rightmove.co.uk/properties/169913693#/?channel=COM_LET","2025-12-02T12:25:14Z","","new","Marketed by Nicholas Humphreys, Burton-on-Trent","","52.80183","-1.63692","https://media.rightmove.co.uk:443/dir/crop/10:9-16:9/40k/39818/169913693/39818_P1742_IMG_00_0000_max_476x317.jpeg; https://media.rightmove.co.uk:443/dir/crop/10:9-16:9/40k/39818/169913693/39818_P1742_IMG_01_0000_max_476x317.jpeg; https://media.rightmove.co.uk:443/dir/crop/10:9-16:9/40k/39818/169913693/39818_P1742_IMG_02_0000_max_476x317.jpeg; https://media.rightmove.co.uk:443/dir/crop/10:9-16:9/40k/39818/169913693/39818_P1742_IMG_03_0000_max_476x317.jpeg; https://media.rightmove.co.uk:443/dir/crop/10:9-16:9/40k/39818/169913693/39818_P1742_IMG_04_0000_max_476x317.jpeg"
"168494126","Staffordshire","Office","Offices at Richard Hall House, Bridgnorth Road, WV5","£231 pcm","","","","Individual offices to let in a range of sizes at £12 per square foot plus VAT","https://www.rightmove.co.uk/properties/168494126#/?channel=COM_LET","2025-10-22T15:38:53Z","","size_change","Marketed by Andrew Dixon & Company, Cannock","","52.52748","-2.21383","https://media.rightmove.co.uk:443/dir/crop/10:9-16:9/296k/295259/168494126/295259_CABP2221AWH_IMG_02_0000_max_476x317.jpeg; https://media.rightmove.co.uk:443/dir/crop/10:9-16:9/296k/295259/168494126/295259_CABP2221AWH_IMG_00_0000_max_476x317.jpeg; https://media.rightmove.co.uk:443/dir/crop/10:9-16:9/296k/295259/168494126/295259_CABP2221AWH_IMG_01_0000_max_476x317.jpeg"
"169750247","Staffordshire","Warehouse","Fenton Trade Park, Stoke-on-Trent, ST4 2TE			 			 ","£1,720 pcm","Guide Price","","","Unit D3 at Fenton Trade Park is a modern, light industrial warehouse located on the well-established Fenton Industrial Estate. ","https://www.rightmove.co.uk/properties/169750247#/?channel=COM_LET","2025-11-26T16:46:40Z","","new","Marketed by Mileway Real Estate UK Limited, North West","","53.0113","-2.1614","https://media.rightmove.co.uk:443/dir/crop/10:9-16:9/99k/98021/169750247/98021_7e85hzLQP2y48OyrxqbzeU_IMG_00_0000_max_476x317.jpeg; https://media.rightmove.co.uk:443/dir/crop/10:9-16:9/99k/98021/169750247/98021_7e85hzLQP2y48OyrxqbzeU_IMG_01_0000_max_476x317.jpeg; https://media.rightmove.co.uk:443/dir/crop/10:9-16:9/99k/98021/169750247/98021_7e85hzLQP2y48OyrxqbzeU_IMG_02_0000_max_476x317.jpeg; https://media.rightmove.co.uk:443/dir/crop/10:9-16:9/99k/98021/169750247/98021_7e85hzLQP2y48OyrxqbzeU_IMG_03_0000_max_476x317.jpeg; https://media.rightmove.co.uk:443/dir/crop/10:9-16:9/99k/98021/169750247/98021_7e85hzLQP2y48OyrxqbzeU_IMG_04_0000_max_476x317.jpeg; https://media.rightmove.co.uk:443/dir/crop/10:9-16:9/99k/98021/169750247/98021_7e85hzLQP2y48OyrxqbzeU_IMG_05_0000_max_476x317.jpeg; https://media.rightmove.co.uk:443/dir/crop/10:9-16:9/99k/98021/169750247/98021_7e85hzLQP2y48OyrxqbzeU_IMG_06_0000_max_476x317.jpeg; https://media.rightmove.co.uk:443/dir/crop/10:9-16:9/99k/98021/169750247/98021_7e85hzLQP2y48OyrxqbzeU_IMG_07_0000_max_476x317.jpeg; https://media.rightmove.co.uk:443/dir/crop/10:9-16:9/99k/98021/169750247/98021_7e85hzLQP2y48OyrxqbzeU_IMG_08_0000_max_476x317.jpeg; https://media.rightmove.co.uk:443/dir/crop/10:9-16:9/99k/98021/169750247/98021_7e85hzLQP2y48OyrxqbzeU_IMG_09_0000_max_476x317.jpeg; https://media.rightmove.co.uk:443/dir/crop/10:9-16:9/99k/98021/169750247/98021_7e85hzLQP2y48OyrxqbzeU_IMG_10_0000_max_476x317.jpeg"
"169746347","Staffordshire","Workshop","Unit 5 Upper Brockhurst, Shifnal, TF11 8NE ","£916 pcm","","","","Rural Workshop / Storage Space To Let","https://www.rightmove.co.uk/properties/169746347#/?channel=COM_LET","2025-11-26T15:46:50Z","","new","Marketed by WLT Commercial, Telford","","52.7039","-2.26076","https://media.rightmove.co.uk:443/dir/crop/10:9-16:9/293k/292100/169746347/292100_U5UB_IMG_05_0000_max_476x317.jpeg; https://media.rightmove.co.uk:443/dir/crop/10:9-16:9/293k/292100/169746347/292100_U5UB_IMG_04_0000_max_476x317.jpeg; https://media.rightmove.co.uk:443/dir/crop/10:9-16:9/293k/292100/169746347/292100_U5UB_IMG_03_0000_max_476x317.jpeg; https://media.rightmove.co.uk:443/dir/crop/10:9-16:9/293k/292100/169746347/292100_U5UB_IMG_00_0000_max_476x317.jpeg; https://media.rightmove.co.uk:443/dir/crop/10:9-16:9/293k/292100/169746347/292100_U5UB_IMG_01_0000_max_476x317.jpeg; https://media.rightmove.co.uk:443/dir/crop/10:9-16:9/293k/292100/169746347/292100_U5UB_IMG_02_0000_max_476x317.jpeg"
"153107900","Staffordshire","Office","Church Street, Tamworth, Staffordshire, B79","£2,292 pcm","","","","The property comprises an end terraced retail building of masonry construction and provides accommodation over the ground and first floors.Externaly, the property offers convenient parking facilities at the rear.","https://www.rightmove.co.uk/properties/153107900#/?channel=COM_LET","2024-09-27T15:56:01Z","","price_reduced","Marketed by AE Commercial, Sutton Coldfield","","52.63412","-1.69349","https://media.rightmove.co.uk:443/dir/crop/10:9-16:9/229k/228758/153107900/228758_30ChurchStreet_IMG_17_0000_max_476x317.jpeg; https://media.rightmove.co.uk:443/dir/crop/10:9-16:9/229k/228758/153107900/228758_30ChurchStreet_IMG_00_0000_max_476x317.jpeg; https://media.rightmove.co.uk:443/dir/crop/10:9-16:9/229k/228758/153107900/228758_30ChurchStreet_IMG_01_0000_max_476x317.jpeg; https://media.rightmove.co.uk:443/dir/crop/10:9-16:9/229k/228758/153107900/228758_30ChurchStreet_IMG_02_0000_max_476x317.jpeg; https://media.rightmove.co.uk:443/dir/crop/10:9-16:9/229k/228758/153107900/228758_30ChurchStreet_IMG_03_0000_max_476x317.jpeg; https://media.rightmove.co.uk:443/dir/crop/10:9-16:9/229k/228758/153107900/228758_30ChurchStreet_IMG_04_0000_max_476x317.jpeg; https://media.rightmove.co.uk:443/dir/crop/10:9-16:9/229k/228758/153107900/228758_30ChurchStreet_IMG_05_0000_max_476x317.jpeg; https://media.rightmove.co.uk:443/dir/crop/10:9-16:9/229k/228758/153107900/228758_30ChurchStreet_IMG_06_0000_max_476x317.jpeg; https://media.rightmove.co.uk:443/dir/crop/10:9-16:9/229k/228758/153107900/228758_30ChurchStreet_IMG_07_0000_max_476x317.jpeg; https://media.rightmove.co.uk:443/dir/crop/10:9-16:9/229k/228758/153107900/228758_30ChurchStreet_IMG_08_0000_max_476x317.jpeg; https://media.rightmove.co.uk:443/dir/crop/10:9-16:9/229k/228758/153107900/228758_30ChurchStreet_IMG_09_0000_max_476x317.jpeg; https://media.rightmove.co.uk:443/dir/crop/10:9-16:9/229k/228758/153107900/228758_30ChurchStreet_IMG_10_0000_max_476x317.jpeg; https://media.rightmove.co.uk:443/dir/crop/10:9-16:9/229k/228758/153107900/228758_30ChurchStreet_IMG_11_0000_max_476x317.jpeg; https://media.rightmove.co.uk:443/dir/crop/10:9-16:9/229k/228758/153107900/228758_30ChurchStreet_IMG_12_0000_max_476x317.jpeg; https://media.rightmove.co.uk:443/dir/crop/10:9-16:9/229k/228758/153107900/228758_30ChurchStreet_IMG_13_0000_max_476x317.jpeg; https://media.rightmove.co.uk:443/dir/crop/10:9-16:9/229k/228758/153107900/228758_30ChurchStreet_IMG_14_0000_max_476x317.jpeg; https://media.rightmove.co.uk:443/dir/crop/10:9-16:9/229k/228758/153107900/228758_30ChurchStreet_IMG_15_0000_max_476x317.jpeg; https://media.rightmove.co.uk:443/dir/crop/10:9-16:9/229k/228758/153107900/228758_30ChurchStreet_IMG_16_0000_max_476x317.jpeg; https://media.rightmove.co.uk:443/dir/crop/10:9-16:9/229k/228758/153107900/228758_30ChurchStreet_IMG_18_0000_max_476x317.jpeg"
"53585367","Staffordshire","Serviced Office","Keys Business Village, Keys Park Road, Cannock, Staffordshire, WS12 2HA","POA","","","","Centrix @ Keys Business Centre in Cannock is a MODERN SERVICED office building, providing a range of FLEXIBLE office suites to let from 118 sq ft (1 person) upwards. Businesses can benefit from on-site car parking, PROFESSIONAL RECEPTION TEAM, meeting facilities and high speed broadband. ","https://www.rightmove.co.uk/properties/53585367#/?channel=COM_LET","2018-03-27T16:31:52Z","","size_change","Marketed by Northern Trust, Midlands","","52.69956","-1.98708","https://media.rightmove.co.uk:443/dir/crop/10:9-16:9/88k/87535/53585367/87535_Mids_06847_CentrixKeys_Generic_IMG_02_0002_max_476x317.jpeg; https://media.rightmove.co.uk:443/dir/crop/10:9-16:9/88k/87535/53585367/87535_Mids_06847_CentrixKeys_Generic_IMG_05_0002_max_476x317.jpeg; https://media.rightmove.co.uk:443/dir/crop/10:9-16:9/88k/87535/53585367/87535_Mids_06847_CentrixKeys_Generic_IMG_06_0002_max_476x317.jpeg; https://media.rightmove.co.uk:443/dir/crop/10:9-16:9/88k/87535/53585367/87535_Mids_06847_CentrixKeys_Generic_IMG_00_0002_max_476x317.jpeg; https://media.rightmove.co.uk:443/dir/crop/10:9-16:9/88k/87535/53585367/87535_Mids_06847_CentrixKeys_Generic_IMG_01_0002_max_476x317.jpeg; https://media.rightmove.co.uk:443/dir/crop/10:9-16:9/88k/87535/53585367/87535_Mids_06847_CentrixKeys_Generic_IMG_03_0002_max_476x317.jpeg; https://media.rightmove.co.uk:443/dir/crop/10:9-16:9/88k/87535/53585367/87535_Mids_06847_CentrixKeys_Generic_IMG_04_0002_max_476x317.jpeg; https://media.rightmove.co.uk:443/dir/crop/10:9-16:9/88k/87535/53585367/87535_Mids_06847_CentrixKeys_Generic_IMG_07_0002_max_476x317.jpeg; https://media.rightmove.co.uk:443/dir/crop/10:9-16:9/88k/87535/53585367/87535_Mids_06847_CentrixKeys_Generic_IMG_08_0002_max_476x317.jpeg; https://media.rightmove.co.uk:443/dir/crop/10:9-16:9/88k/87535/53585367/87535_Mids_06847_CentrixKeys_Generic_IMG_09_0002_max_476x317.jpeg; https://media.rightmove.co.uk:443/dir/crop/10:9-16:9/88k/87535/53585367/87535_Mids_06847_CentrixKeys_Generic_IMG_10_0002_max_476x317.jpeg; https://media.rightmove.co.uk:443/dir/crop/10:9-16:9/88k/87535/53585367/87535_Mids_06847_CentrixKeys_Generic_IMG_11_0002_max_476x317.jpeg; https://media.rightmove.co.uk:443/dir/crop/10:9-16:9/88k/87535/53585367/87535_Mids_06847_CentrixKeys_Generic_IMG_12_0002_max_476x317.jpeg; https://media.rightmove.co.uk:443/dir/crop/10:9-16:9/88k/87535/53585367/87535_Mids_06847_CentrixKeys_Generic_IMG_13_0002_max_476x317.jpeg; https://media.rightmove.co.uk:443/dir/crop/10:9-16:9/88k/87535/53585367/87535_Mids_06847_CentrixKeys_Generic_IMG_14_0002_max_476x317.jpeg; https://media.rightmove.co.uk:443/dir/crop/10:9-16:9/88k/87535/53585367/87535_Mids_06847_CentrixKeys_Generic_IMG_15_0002_max_476x317.jpeg; https://media.rightmove.co.uk:443/dir/crop/10:9-16:9/88k/87535/53585367/87535_Mids_06847_CentrixKeys_Generic_IMG_16_0002_max_476x317.jpeg"
"166585928","Staffordshire","Office","Dovefield Offices, Dovefields Retail Park, Town Meadows Way, Uttoxeter, Staffordshire, ST14","£280 pcm","From","","","Modern offices to rent in Uttoxeter - close to shops, local amenities, and with convenient on-site parking.","https://www.rightmove.co.uk/properties/166585928#/?channel=COM_LET","2025-09-04T15:03:04Z","","size_change","Marketed by Nice Leisure Ltd, Lichfield","","52.8992","-1.85665","https://media.rightmove.co.uk:443/dir/crop/10:9-16:9/294k/293483/166585928/293483_DO-U20_IMG_05_0001_max_476x317.png; https://media.rightmove.co.uk:443/dir/crop/10:9-16:9/294k/293483/166585928/293483_DO-U20_IMG_06_0000_max_476x317.jpeg; https://media.rightmove.co.uk:443/dir/crop/10:9-16:9/294k/293483/166585928/293483_DO-U20_IMG_00_0000_max_476x317.jpeg; https://media.rightmove.co.uk:443/dir/crop/10:9-16:9/294k/293483/166585928/293483_DO-U20_IMG_01_0000_max_476x317.jpeg; https://media.rightmove.co.uk:443/dir/crop/10:9-16:9/294k/293483/166585928/293483_DO-U20_IMG_03_0000_max_476x317.jpeg; https://media.rightmove.co.uk:443/dir/crop/10:9-16:9/294k/293483/166585928/293483_DO-U20_IMG_04_0000_max_476x317.jpeg"
"169643549","Staffordshire","Shop","High Street, Tunstall, Stoke On Trent, Staffordshire, ST6 5TD","£695 pcm","","","","A successful retail unit in a prominent location within Tunstall which is ideal for a number of retail uses with car parking close by. The property comprises a ground floor retail unit with...","https://www.rightmove.co.uk/properties/169643549#/?channel=COM_LET","2025-11-24T11:17:04Z","","new","Marketed by Austin & Roe Independent Estate Agents, Stone","","53.05569","-2.210668","https://media.rightmove.co.uk:443/dir/crop/10:9-16:9/202k/201788/169643549/201788_551502_IMG_00_0000_max_476x317.jpeg; https://media.rightmove.co.uk:443/dir/crop/10:9-16:9/202k/201788/169643549/201788_551502_IMG_01_0000_max_476x317.jpeg; https://media.rightmove.co.uk:443/dir/crop/10:9-16:9/202k/201788/169643549/201788_551502_IMG_02_0000_max_476x317.jpeg; https://media.rightmove.co.uk:443/dir/crop/10:9-16:9/202k/201788/169643549/201788_551502_IMG_03_0000_max_476x317.jpeg; https://media.rightmove.co.uk:443/dir/crop/10:9-16:9/202k/201788/169643549/201788_551502_IMG_04_0000_max_476x317.jpeg; https://media.rightmove.co.uk:443/dir/crop/10:9-16:9/202k/201788/169643549/201788_551502_IMG_05_0000_max_476x317.jpeg"
"169599524","Staffordshire","Storage","Secure Compound Dunston Dairy Farm, Dunston, Stafford, ST18 9AB","£1,042 pcm","","","","SECURE OPEN STORAGE YARD OCCUPYING A PRIME LOCATION CLOSE TO JUNCTION 13 - M6 MOTORWAY","https://www.rightmove.co.uk/properties/169599524#/?channel=COM_LET","2025-11-22T11:47:29Z","","new","Marketed by Towler Shaw Roberts, Shrewsbury","","52.76036","-2.108753","https://media.rightmove.co.uk:443/dir/crop/10:9-16:9/property-photo/fbc0dd7c3/169599524/fbc0dd7c379ee74a7b8ec0f229fa621c_max_476x317.jpeg; https://media.rightmove.co.uk:443/dir/crop/10:9-16:9/property-photo/f47f39a20/169599524/f47f39a20d38cb51921b8b7b51e3b546_max_476x317.jpeg; https://media.rightmove.co.uk:443/dir/crop/10:9-16:9/property-photo/c0308e276/169599524/c0308e276be1e8eff6946eb081fde422_max_476x317.jpeg; https://media.rightmove.co.uk:443/dir/crop/10:9-16:9/property-photo/9ab6350b0/169599524/9ab6350b0283d9a34bae1ecf5cc65235_max_476x317.jpeg"
"169544405","Staffordshire","Office","Smalley Close, Cannock, Staffordshire, WS11","£1,000 pcm","","","","Subtantial Single Storey Meeting Room/Offices Suitable For a Variety of Uses (Subject to PP)","https://www.rightmove.co.uk/properties/169544405#/?channel=COM_LET","2025-11-20T16:10:31Z","","new","Marketed by Boot & Son Chartered Surveyors, Cannock","","52.707421","-2.00977","https://media.rightmove.co.uk:443/dir/crop/10:9-16:9/279k/278474/169544405/278474_BAS250279_L_IMG_00_0000_max_476x317.jpeg; https://media.rightmove.co.uk:443/dir/crop/10:9-16:9/279k/278474/169544405/278474_BAS250279_L_IMG_01_0000_max_476x317.jpeg; https://media.rightmove.co.uk:443/dir/crop/10:9-16:9/279k/278474/169544405/278474_BAS250279_L_IMG_02_0000_max_476x317.jpeg; https://media.rightmove.co.uk:443/dir/crop/10:9-16:9/279k/278474/169544405/278474_BAS250279_L_IMG_03_0000_max_476x317.jpeg; https://media.rightmove.co.uk:443/dir/crop/10:9-16:9/279k/278474/169544405/278474_BAS250279_L_IMG_04_0000_max_476x317.jpeg; https://media.rightmove.co.uk:443/dir/crop/10:9-16:9/279k/278474/169544405/278474_BAS250279_L_IMG_05_0000_max_476x317.jpeg; https://media.rightmove.co.uk:443/dir/crop/10:9-16:9/279k/278474/169544405/278474_BAS250279_L_IMG_06_0000_max_476x317.jpeg; https://media.rightmove.co.uk:443/dir/crop/10:9-16:9/279k/278474/169544405/278474_BAS250279_L_IMG_07_0000_max_476x317.jpeg"
"168096392","Staffordshire","Light Industrial","Unit 8 Apex Business Park, Walsall Road, Cannock, Staffordshire, WS11","£1,750 pcm","","","","Starter to mid-range terraced unit on popular business park in Norton Canes","https://www.rightmove.co.uk/properties/168096392#/?channel=COM_LET","2025-10-10T16:22:49Z","","price_reduced","Marketed by Andrew Dixon & Company, Cannock","","52.66935","-1.97319","https://media.rightmove.co.uk:443/dir/crop/10:9-16:9/296k/295259/168096392/295259_CABP2466ELH_IMG_00_0000_max_476x317.jpeg; https://media.rightmove.co.uk:443/dir/crop/10:9-16:9/296k/295259/168096392/295259_CABP2466ELH_IMG_01_0000_max_476x317.jpeg"
"169515605","Staffordshire","Warehouse","Anglesey Business Park, Cannock, WS12 1NR","POA","","","","The structures are constructed from a steel portal frame, featuring full-height profile cladding. ","https://www.rightmove.co.uk/properties/169515605#/?channel=COM_LET","2025-11-20T09:30:09Z","","new","Marketed by Mileway Real Estate UK Limited, Birmingham","","52.7041","-1.983","https://media.rightmove.co.uk:443/dir/crop/10:9-16:9/86k/85177/169515605/85177_3EZ7rL9A6yufbnTpIfgsMP_IMG_00_0000_max_476x317.jpeg; https://media.rightmove.co.uk:443/dir/crop/10:9-16:9/86k/85177/169515605/85177_3EZ7rL9A6yufbnTpIfgsMP_IMG_01_0000_max_476x317.jpeg; https://media.rightmove.co.uk:443/dir/crop/10:9-16:9/86k/85177/169515605/85177_3EZ7rL9A6yufbnTpIfgsMP_IMG_02_0000_max_476x317.jpeg"
"169501085","Staffordshire","Office","Innovation House, Bellringer Road, Trentham, Stoke-On-Trent, Staffordshire, ST4 8GH","£5,583 pcm","","","","The property comprises a modern, detached two-storey office building of brick construction beneath a pitched tiled roof. The available accommodation is situated on the ground floor and provides a mix of open-plan and partitioned office space. The specification includes carpeted floors, suspended ...","https://www.rightmove.co.uk/properties/169501085#/?channel=COM_LET","2025-11-19T16:26:52Z","","new","Marketed by BA COMMERCIAL, BA Commercial","","52.969452","-2.167991","https://media.rightmove.co.uk:443/dir/crop/10:9-16:9/property-photo/5659b1546/169501085/5659b1546bbbb1924e224fc945b5861d_max_476x317.jpeg; https://media.rightmove.co.uk:443/dir/crop/10:9-16:9/property-photo/590d8be03/169501085/590d8be033bb43524e2750c76c0ccba2_max_476x317.jpeg; https://media.rightmove.co.uk:443/dir/crop/10:9-16:9/property-photo/48d16d1b5/169501085/48d16d1b5f2a44e4400f0b3451eaa206_max_476x317.jpeg; https://media.rightmove.co.uk:443/dir/crop/10:9-16:9/property-photo/b47acdfbd/169501085/b47acdfbd318a3a8344c74a58dcadd71_max_476x317.jpeg; https://media.rightmove.co.uk:443/dir/crop/10:9-16:9/property-photo/bca0c3d18/169501085/bca0c3d18ef2c8ff26eb927486a5a58c_max_476x317.jpeg"
"168071246","Staffordshire","Light Industrial","Unit B2 Chase Trade Park, Cannel Road, Burntwood, Staffordshire, WS7","POA","","","","New Build Trade / Warehouse / Industrial Unit ","https://www.rightmove.co.uk/properties/168071246#/?channel=COM_LET","2025-10-10T11:09:37Z","","size_change","Marketed by Andrew Dixon & Company, Cannock","","52.67833","-1.94375","https://media.rightmove.co.uk:443/dir/crop/10:9-16:9/296k/295259/168071246/295259_CABP2225ELH_IMG_02_0000_max_476x317.jpeg; https://media.rightmove.co.uk:443/dir/crop/10:9-16:9/296k/295259/168071246/295259_CABP2225ELH_IMG_05_0000_max_476x317.jpeg; https://media.rightmove.co.uk:443/dir/crop/10:9-16:9/296k/295259/168071246/295259_CABP2225ELH_IMG_03_0000_max_476x317.jpeg; https://media.rightmove.co.uk:443/dir/crop/10:9-16:9/296k/295259/168071246/295259_CABP2225ELH_IMG_04_0000_max_476x317.jpeg; https://media.rightmove.co.uk:443/dir/crop/10:9-16:9/296k/295259/168071246/295259_CABP2225ELH_IMG_00_0001_max_476x317.jpeg; https://media.rightmove.co.uk:443/dir/crop/10:9-16:9/296k/295259/168071246/295259_CABP2225ELH_IMG_01_0001_max_476x317.jpeg"
"169492754","Staffordshire","Land","Barnfields Industrial Estate, Sunnyhills Road, Leek, Staffordshire, ST13","POA","","","","Open storage land | Suitable for a variety of uses | Plots available from 0.5 - 13 acres | The site is mostly level and benefits from a concrete and tarmac surface | Water, electricity and lighting can be provided ","https://www.rightmove.co.uk/properties/169492754#/?channel=COM_LET","2025-11-19T14:24:26Z","","new","Marketed by DAVIES HARRISON LIMITED, Manchester","","53.09454","-2.03469","https://media.rightmove.co.uk:443/dir/crop/10:9-16:9/76k/75975/169492754/75975_BarnfieldsIndustrialEstate_IMG_00_0000_max_476x317.png; https://media.rightmove.co.uk:443/dir/crop/10:9-16:9/76k/75975/169492754/75975_BarnfieldsIndustrialEstate_IMG_01_0000_max_476x317.png; https://media.rightmove.co.uk:443/dir/crop/10:9-16:9/76k/75975/169492754/75975_BarnfieldsIndustrialEstate_IMG_02_0000_max_476x317.png; https://media.rightmove.co.uk:443/dir/crop/10:9-16:9/76k/75975/169492754/75975_BarnfieldsIndustrialEstate_IMG_03_0000_max_476x317.png"
"169480028","Staffordshire","Commercial Property","252 Walsall Road, Cannock","£795 pcm","","","","Excellent opportunity on Walsall Road, Cannock. No deposit required. Suitable for variety of uses. Easily accessible.","https://www.rightmove.co.uk/properties/169480028#/?channel=COM_LET","2025-11-19T12:59:50Z","","new","Marketed by Fred Pritchard Real Estate Limited, Cannock","","52.67542","-2.02545","https://media.rightmove.co.uk:443/dir/crop/10:9-16:9/290k/289910/169480028/289910_252WR_IMG_00_0000_max_476x317.jpeg; https://media.rightmove.co.uk:443/dir/crop/10:9-16:9/290k/289910/169480028/289910_252WR_IMG_02_0000_max_476x317.jpeg; https://media.rightmove.co.uk:443/dir/crop/10:9-16:9/290k/289910/169480028/289910_252WR_IMG_03_0000_max_476x317.jpeg; https://media.rightmove.co.uk:443/dir/crop/10:9-16:9/290k/289910/169480028/289910_252WR_IMG_01_0000_max_476x317.jpeg; https://media.rightmove.co.uk:443/dir/crop/10:9-16:9/290k/289910/169480028/289910_252WR_IMG_04_0000_max_476x317.jpeg; https://media.rightmove.co.uk:443/dir/crop/10:9-16:9/290k/289910/169480028/289910_252WR_IMG_05_0000_max_476x317.jpeg"
"169778699","Staffordshire","Office","Old London Road, Canwell, Sutton Coldfield, B75 5SH","£4,167 pcm","","","","The property is located to the front of the attractive development and comprises a character part single part two storey self contained office, with original character features and a modern twist. The unit benefits from part open plan / cellular floor plates, carpet flooring, air conditioning, LE...","https://www.rightmove.co.uk/properties/169778699#/?channel=COM_LET","2025-11-27T12:54:10Z","","new","Marketed by Burley Browne, Sutton Coldfield","","52.6006","-1.792444","https://media.rightmove.co.uk:443/dir/crop/10:9-16:9/property-photo/a23a71564/169778699/a23a7156484c4d159a68ce5aa5fdeeb8_max_476x317.jpeg; https://media.rightmove.co.uk:443/dir/crop/10:9-16:9/property-photo/0eb401121/169778699/0eb401121415a6af04d6bb2595553211_max_476x317.jpeg; https://media.rightmove.co.uk:443/dir/crop/10:9-16:9/property-photo/e02d20cfe/169778699/e02d20cfe15e34028c20f17cdb13f2d3_max_476x317.jpeg; https://media.rightmove.co.uk:443/dir/crop/10:9-16:9/property-photo/f97b864d0/169778699/f97b864d073fe7d1c7431901106b7f6d_max_476x317.jpeg; https://media.rightmove.co.uk:443/dir/crop/10:9-16:9/property-photo/dbd7ab29d/169778699/dbd7ab29d551653fabf5c2a0819fbb27_max_476x317.jpeg; https://media.rightmove.co.uk:443/dir/crop/10:9-16:9/property-photo/5d18e04e8/169778699/5d18e04e84018646c88a6ceed43b57f6_max_476x317.jpeg; https://media.rightmove.co.uk:443/dir/crop/10:9-16:9/property-photo/3f78bf7fc/169778699/3f78bf7fcaf4d1f7b0d6b83321b9fbfb_max_476x317.jpeg; https://media.rightmove.co.uk:443/dir/crop/10:9-16:9/property-photo/69ecd4509/169778699/69ecd4509e66ca3a406ae6e394196bbb_max_476x317.jpeg; https://media.rightmove.co.uk:443/dir/crop/10:9-16:9/property-photo/c22edf1d6/169778699/c22edf1d6eaf6d1547d93c68e42efa2d_max_476x317.jpeg; https://media.rightmove.co.uk:443/dir/crop/10:9-16:9/property-photo/0bc1aca28/169778699/0bc1aca28e6ff3e346108f050b12a930_max_476x317.jpeg; https://media.rightmove.co.uk:443/dir/crop/10:9-16:9/property-photo/d4819cfce/169778699/d4819cfce546bb199863cf425bc36788_max_476x317.jpeg; https://media.rightmove.co.uk:443/dir/crop/10:9-16:9/property-photo/afaeff574/169778699/afaeff574c58eaea01d85cec9222a72c_max_476x317.jpeg; https://media.rightmove.co.uk:443/dir/crop/10:9-16:9/property-photo/71318dfc6/169778699/71318dfc69462a7d153c7eac25dcfbe7_max_476x317.jpeg"
"169456715","Staffordshire","Office","Barns At Oscars Estate, Swinfen, Lichfield, Staffordshire, WS14 9QS","£2,115 pcm","From","","","The barns are located on a distinguished Grade II * listed Georgian manor estate set within expansive private grounds in the heart of Staffordshire. Surrounded by open green space and mature parkland, The Barns at Oscars Estate, an American-style barn conversion development, perfectly blend moder...","https://www.rightmove.co.uk/properties/169456715#/?channel=COM_LET","2025-11-18T16:17:13Z","","new","Marketed by Burley Browne, Sutton Coldfield","","52.650391","-1.801416","https://media.rightmove.co.uk:443/dir/crop/10:9-16:9/110k/109673/169456715/109673_4277LH_IMG_00_0000_max_476x317.jpeg; https://media.rightmove.co.uk:443/dir/crop/10:9-16:9/110k/109673/169456715/109673_4277LH_IMG_01_0000_max_476x317.jpeg; https://media.rightmove.co.uk:443/dir/crop/10:9-16:9/110k/109673/169456715/109673_4277LH_IMG_02_0000_max_476x317.jpeg; https://media.rightmove.co.uk:443/dir/crop/10:9-16:9/110k/109673/169456715/109673_4277LH_IMG_03_0000_max_476x317.jpeg; https://media.rightmove.co.uk:443/dir/crop/10:9-16:9/110k/109673/169456715/109673_4277LH_IMG_04_0000_max_476x317.jpeg; https://media.rightmove.co.uk:443/dir/crop/10:9-16:9/110k/109673/169456715/109673_4277LH_IMG_05_0000_max_476x317.jpeg; https://media.rightmove.co.uk:443/dir/crop/10:9-16:9/110k/109673/169456715/109673_4277LH_IMG_06_0000_max_476x317.jpeg"
"169424510","Staffordshire","Retail Property (high street)","15 Lombard Street, Lichfield, WS13 6DP","£750 pcm","","","1","Ground Floor Retail Unit – Central Lichfield Location A well-presented ground floor retail premises in good condition, ideally located close to Lichfield’s main shopping area. The unit offers versatile space suitable for a range of business uses, having previously operated a...","https://www.rightmove.co.uk/properties/169424510#/?channel=COM_LET","2025-11-17T20:51:45Z","","new","Marketed by Keogh Estates, Coventry","","52.684681","-1.824706","https://media.rightmove.co.uk:443/dir/crop/10:9-16:9/273k/272975/169424510/272975_L104804_IMG_02_0000_max_476x317.jpeg; https://media.rightmove.co.uk:443/dir/crop/10:9-16:9/273k/272975/169424510/272975_L104804_IMG_01_0000_max_476x317.jpeg; https://media.rightmove.co.uk:443/dir/crop/10:9-16:9/273k/272975/169424510/272975_L104804_IMG_03_0000_max_476x317.jpeg; https://media.rightmove.co.uk:443/dir/crop/10:9-16:9/273k/272975/169424510/272975_L104804_IMG_00_0000_max_476x317.jpeg; https://media.rightmove.co.uk:443/dir/crop/10:9-16:9/273k/272975/169424510/272975_L104804_IMG_04_0000_max_476x317.jpeg"
"145421462","Staffordshire","Retail Property (high street)","1 Breadmarket Street, Lichfield, Staffordshire, WS13 6JY","£6,667 pcm","","","","The premises which are situated within a prominently 3 storey former bank building and set across two floors, with the ground floor comprising a banking hall with ancillary offices to the rear, with the first floor providing newly refurbished offices and staffing area. The property also benefits ...","https://www.rightmove.co.uk/properties/145421462#/?channel=COM_LET","2024-03-06T10:48:01Z","","new","Marketed by Burley Browne, Sutton Coldfield","","52.683098","-1.827582","https://media.rightmove.co.uk:443/dir/crop/10:9-16:9/110k/109673/145421462/109673_5691LH_IMG_00_0001_max_476x317.jpeg; https://media.rightmove.co.uk:443/dir/crop/10:9-16:9/110k/109673/145421462/109673_5691LH_IMG_01_0001_max_476x317.jpeg"
"166133423","Staffordshire","Bar / Nightclub","Upper Floors, The Ritz, Guild Street, Burton-on-Trent DE14 1NA","£2,496 pcm","","","","Events venue with capacity of 850 guests. Designated ground floor entrance with air conditioned function room & bottle bar to the first floor. Large events space with bar, kitchen, performance stage & locker room over the second and third floors. The property benefits from lift access and WCs thr...","https://www.rightmove.co.uk/properties/166133423#/?channel=COM_LET","2025-08-23T09:04:06Z","","price_reduced","Marketed by OMEETO LTD, Derbyshire","","52.804466","-1.634344","https://media.rightmove.co.uk:443/dir/crop/10:9-16:9/226k/225461/166133423/225461_789LH_IMG_05_0000_max_476x317.jpeg; https://media.rightmove.co.uk:443/dir/crop/10:9-16:9/226k/225461/166133423/225461_789LH_IMG_01_0000_max_476x317.jpeg; https://media.rightmove.co.uk:443/dir/crop/10:9-16:9/226k/225461/166133423/225461_789LH_IMG_02_0000_max_476x317.jpeg; https://media.rightmove.co.uk:443/dir/crop/10:9-16:9/226k/225461/166133423/225461_789LH_IMG_03_0000_max_476x317.jpeg; https://media.rightmove.co.uk:443/dir/crop/10:9-16:9/226k/225461/166133423/225461_789LH_IMG_04_0000_max_476x317.jpeg"
"169350659","Staffordshire","Light Industrial","Units D1-7 200 Scotia Road, Tunstall, Stoke-On-Trent, Staffordshire, ST6 6EX","POA","","","","D2 & D3 LEFT AVAILABLE Location: The property is located within the town of Tunstall, one of the six towns that make up the city of Stoke on Trent. Scotia Road is a main arterial route linking Burslem and Hanley to the South and Tunstall to the North. 200 Scotia Road is prominently positioned w...","https://www.rightmove.co.uk/properties/169350659#/?channel=COM_LET","2025-11-14T14:40:10Z","","new","Marketed by Harris Lamb, Stoke-On-Trent","","53.056946","-2.200992","https://media.rightmove.co.uk:443/dir/crop/10:9-16:9/59k/58365/169350659/58365_5447LH_IMG_00_0000_max_476x317.jpeg; https://media.rightmove.co.uk:443/dir/crop/10:9-16:9/59k/58365/169350659/58365_5447LH_IMG_01_0000_max_476x317.jpeg; https://media.rightmove.co.uk:443/dir/crop/10:9-16:9/59k/58365/169350659/58365_5447LH_IMG_02_0000_max_476x317.jpeg; https://media.rightmove.co.uk:443/dir/crop/10:9-16:9/59k/58365/169350659/58365_5447LH_IMG_03_0000_max_476x317.jpeg; https://media.rightmove.co.uk:443/dir/crop/10:9-16:9/59k/58365/169350659/58365_5447LH_IMG_04_0000_max_476x317.jpeg; https://media.rightmove.co.uk:443/dir/crop/10:9-16:9/59k/58365/169350659/58365_5447LH_IMG_05_0000_max_476x317.jpeg; https://media.rightmove.co.uk:443/dir/crop/10:9-16:9/59k/58365/169350659/58365_5447LH_IMG_06_0000_max_476x317.jpeg; https://media.rightmove.co.uk:443/dir/crop/10:9-16:9/59k/58365/169350659/58365_5447LH_IMG_07_0000_max_476x317.jpeg; https://media.rightmove.co.uk:443/dir/crop/10:9-16:9/59k/58365/169350659/58365_5447LH_IMG_08_0000_max_476x317.jpeg; https://media.rightmove.co.uk:443/dir/crop/10:9-16:9/59k/58365/169350659/58365_5447LH_IMG_09_0000_max_476x317.jpeg; https://media.rightmove.co.uk:443/dir/crop/10:9-16:9/59k/58365/169350659/58365_5447LH_IMG_10_0000_max_476x317.jpeg; https://media.rightmove.co.uk:443/dir/crop/10:9-16:9/59k/58365/169350659/58365_5447LH_IMG_11_0000_max_476x317.jpeg; https://media.rightmove.co.uk:443/dir/crop/10:9-16:9/59k/58365/169350659/58365_5447LH_IMG_12_0000_max_476x317.jpeg; https://media.rightmove.co.uk:443/dir/crop/10:9-16:9/59k/58365/169350659/58365_5447LH_IMG_13_0000_max_476x317.jpeg; https://media.rightmove.co.uk:443/dir/crop/10:9-16:9/59k/58365/169350659/58365_5447LH_IMG_14_0000_max_476x317.jpeg"
"169348145","Staffordshire","Office","Barns at Oscars Estate, The Drive, Swinfen, Lichfield","POA","","","","Hexagon and Burley Browne are proud to present this ultra-rare opportunity - bespoke executive offices on the regionally renowned Oscars Estate‘. The barns are located on a distinguished Grade II ' listed Georgian manor estate set within expansive private grounds in the heart of Staffordshi...","https://www.rightmove.co.uk/properties/169348145#/?channel=COM_LET","2025-11-14T14:03:17Z","","new","Marketed by Hexagon Commercial Property, Stourbridge","","52.6512","-1.80253","https://media.rightmove.co.uk:443/dir/crop/10:9-16:9/79k/78828/169348145/78828_55902_IMG_00_0000_max_476x317.jpeg; https://media.rightmove.co.uk:443/dir/crop/10:9-16:9/79k/78828/169348145/78828_55902_IMG_01_0000_max_476x317.jpeg; https://media.rightmove.co.uk:443/dir/crop/10:9-16:9/79k/78828/169348145/78828_55902_IMG_02_0000_max_476x317.jpeg; https://media.rightmove.co.uk:443/dir/crop/10:9-16:9/79k/78828/169348145/78828_55902_IMG_03_0000_max_476x317.jpeg; https://media.rightmove.co.uk:443/dir/crop/10:9-16:9/79k/78828/169348145/78828_55902_IMG_04_0000_max_476x317.jpeg; https://media.rightmove.co.uk:443/dir/crop/10:9-16:9/79k/78828/169348145/78828_55902_IMG_05_0000_max_476x317.jpeg; https://media.rightmove.co.uk:443/dir/crop/10:9-16:9/79k/78828/169348145/78828_55902_IMG_06_0000_max_476x317.jpeg; https://media.rightmove.co.uk:443/dir/crop/10:9-16:9/79k/78828/169348145/78828_55902_IMG_07_0000_max_476x317.jpeg; https://media.rightmove.co.uk:443/dir/crop/10:9-16:9/79k/78828/169348145/78828_55902_IMG_08_0000_max_476x317.jpeg"
"167971490","Staffordshire","Light Industrial","Block B Bay 2, Chase Trade park, Multipark Burntwood, Burntwood","POA","","","","Multipark Burntwood, previously known as Burntwood Business Park, Zones 2 , 3 & 4 are within a large and popular business location in Staffordshire, totalling over 1 million sq.ft in size and with an onsite management team. ","https://www.rightmove.co.uk/properties/167971490#/?channel=COM_LET","2025-10-08T10:40:25Z","","size_change","Marketed by LCP, Commercial","","52.67676","-1.93806","https://media.rightmove.co.uk:443/dir/crop/10:9-16:9/230k/229553/167971490/229553_6659ec33d04d20427445112e_2_229_IMG_08_0000_max_476x317.jpeg; https://media.rightmove.co.uk:443/dir/crop/10:9-16:9/230k/229553/167971490/229553_6659ec33d04d20427445112e_2_229_IMG_10_0000_max_476x317.jpeg; https://media.rightmove.co.uk:443/dir/crop/10:9-16:9/230k/229553/167971490/229553_6659ec33d04d20427445112e_2_229_IMG_09_0000_max_476x317.jpeg; https://media.rightmove.co.uk:443/dir/crop/10:9-16:9/230k/229553/167971490/229553_6659ec33d04d20427445112e_2_229_IMG_11_0000_max_476x317.jpeg; https://media.rightmove.co.uk:443/dir/crop/10:9-16:9/230k/229553/167971490/229553_6659ec33d04d20427445112e_2_229_IMG_12_0000_max_476x317.jpeg; https://media.rightmove.co.uk:443/dir/crop/10:9-16:9/230k/229553/167971490/229553_6659ec33d04d20427445112e_2_229_IMG_04_0000_max_476x317.jpeg; https://media.rightmove.co.uk:443/dir/crop/10:9-16:9/230k/229553/167971490/229553_6659ec33d04d20427445112e_2_229_IMG_07_0000_max_476x317.jpeg; https://media.rightmove.co.uk:443/dir/crop/10:9-16:9/230k/229553/167971490/229553_6659ec33d04d20427445112e_2_229_IMG_06_0000_max_476x317.jpeg; https://media.rightmove.co.uk:443/dir/crop/10:9-16:9/230k/229553/167971490/229553_6659ec33d04d20427445112e_2_229_IMG_05_0000_max_476x317.jpeg"
"167971481","Staffordshire","Commercial Development","Block B Bay 2, Chase Trade park, Multipark Burntwood, Burntwood","POA","","","","Multipark Burntwood, previously known as Burntwood Business Park, Zones 2 , 3 & 4 are within a large and popular business location in Staffordshire, totalling over 1 million sq.ft in size and with an onsite management team. ","https://www.rightmove.co.uk/properties/167971481#/?channel=COM_LET","2025-10-08T10:40:21Z","","size_change","Marketed by LCP, Commercial","","52.67676","-1.93806","https://media.rightmove.co.uk:443/dir/crop/10:9-16:9/230k/229553/167971481/229553_6659ec33d04d20427445112e_2_244_IMG_08_0000_max_476x317.jpeg; https://media.rightmove.co.uk:443/dir/crop/10:9-16:9/230k/229553/167971481/229553_6659ec33d04d20427445112e_2_244_IMG_10_0000_max_476x317.jpeg; https://media.rightmove.co.uk:443/dir/crop/10:9-16:9/230k/229553/167971481/229553_6659ec33d04d20427445112e_2_244_IMG_09_0000_max_476x317.jpeg; https://media.rightmove.co.uk:443/dir/crop/10:9-16:9/230k/229553/167971481/229553_6659ec33d04d20427445112e_2_244_IMG_11_0000_max_476x317.jpeg; https://media.rightmove.co.uk:443/dir/crop/10:9-16:9/230k/229553/167971481/229553_6659ec33d04d20427445112e_2_244_IMG_12_0000_max_476x317.jpeg; https://media.rightmove.co.uk:443/dir/crop/10:9-16:9/230k/229553/167971481/229553_6659ec33d04d20427445112e_2_244_IMG_04_0000_max_476x317.jpeg; https://media.rightmove.co.uk:443/dir/crop/10:9-16:9/230k/229553/167971481/229553_6659ec33d04d20427445112e_2_244_IMG_07_0000_max_476x317.jpeg; https://media.rightmove.co.uk:443/dir/crop/10:9-16:9/230k/229553/167971481/229553_6659ec33d04d20427445112e_2_244_IMG_06_0000_max_476x317.jpeg; https://media.rightmove.co.uk:443/dir/crop/10:9-16:9/230k/229553/167971481/229553_6659ec33d04d20427445112e_2_244_IMG_05_0000_max_476x317.jpeg"
"169304501","Staffordshire","Retail Property (high street)","15 Church Road, Codsall, WV8 1EA","POA","","","","Village CentreSuit a variety of uses STPP","https://www.rightmove.co.uk/properties/169304501#/?channel=COM_LET","2025-11-13T14:05:28Z","","new","Marketed by Michael Tromans & Co, Wolverhampton","","52.63087","-2.20068","https://media.rightmove.co.uk:443/dir/crop/10:9-16:9/296k/295898/169304501/295898_15ChurchRd_IMG_00_0000_max_476x317.jpeg"
"158166875","Staffordshire","Office","1 Trinity Court, Wolverhampton Business Park, Wolverhampton","POA","","","","Excellent onsite amenities within well landscaped environment includes Nuffield Fitness & Wellbeing Centre, Premier Inn with 77 Rooms and more. The accommodation is arranged on Ground, First and Second Floors benefitting from raised access floors, suspended ceilings with integral lighting, four p...","https://www.rightmove.co.uk/properties/158166875#/?channel=COM_LET","2025-02-12T15:08:02Z","","size_change","Marketed by Bulleys Chartered Surveyors, Wolverhampton","","52.637314","-2.118697","https://media.rightmove.co.uk:443/dir/crop/10:9-16:9/282k/281333/158166875/281333_BWOL1907-LET_IMG_01_0001_max_476x317.jpeg; https://media.rightmove.co.uk:443/dir/crop/10:9-16:9/282k/281333/158166875/281333_BWOL1907-LET_IMG_02_0001_max_476x317.jpeg; https://media.rightmove.co.uk:443/dir/crop/10:9-16:9/282k/281333/158166875/281333_BWOL1907-LET_IMG_03_0001_max_476x317.jpeg; https://media.rightmove.co.uk:443/dir/crop/10:9-16:9/282k/281333/158166875/281333_BWOL1907-LET_IMG_04_0001_max_476x317.jpeg; https://media.rightmove.co.uk:443/dir/crop/10:9-16:9/282k/281333/158166875/281333_BWOL1907-LET_IMG_05_0001_max_476x317.jpeg; https://media.rightmove.co.uk:443/dir/crop/10:9-16:9/282k/281333/158166875/281333_BWOL1907-LET_IMG_06_0000_max_476x317.jpeg; https://media.rightmove.co.uk:443/dir/crop/10:9-16:9/282k/281333/158166875/281333_BWOL1907-LET_IMG_07_0000_max_476x317.jpeg; https://media.rightmove.co.uk:443/dir/crop/10:9-16:9/282k/281333/158166875/281333_BWOL1907-LET_IMG_08_0000_max_476x317.jpeg; https://media.rightmove.co.uk:443/dir/crop/10:9-16:9/282k/281333/158166875/281333_BWOL1907-LET_IMG_09_0000_max_476x317.jpeg; https://media.rightmove.co.uk:443/dir/crop/10:9-16:9/282k/281333/158166875/281333_BWOL1907-LET_IMG_10_0000_max_476x317.jpeg; https://media.rightmove.co.uk:443/dir/crop/10:9-16:9/282k/281333/158166875/281333_BWOL1907-LET_IMG_00_0015_max_476x317.jpeg"
"169294619","Staffordshire","Retail Property (high street)","1 Shrewsbury Mall, Rugeley, Staffordshire, WS15 2JT","£750 pcm","From","","","The premises are arranged over ground and first floors.","https://www.rightmove.co.uk/properties/169294619#/?channel=COM_LET","2025-11-13T11:11:30Z","","new","Marketed by Creative Retail, Birmingham","","52.76083","-1.934178","https://media.rightmove.co.uk:443/dir/crop/10:9-16:9/192k/191489/169294619/191489_336LH_IMG_00_0000_max_476x317.jpeg; https://media.rightmove.co.uk:443/dir/crop/10:9-16:9/192k/191489/169294619/191489_336LH_IMG_01_0000_max_476x317.jpeg; https://media.rightmove.co.uk:443/dir/crop/10:9-16:9/192k/191489/169294619/191489_336LH_IMG_02_0000_max_476x317.jpeg; https://media.rightmove.co.uk:443/dir/crop/10:9-16:9/192k/191489/169294619/191489_336LH_IMG_03_0000_max_476x317.jpeg; https://media.rightmove.co.uk:443/dir/crop/10:9-16:9/192k/191489/169294619/191489_336LH_IMG_04_0000_max_476x317.jpeg; https://media.rightmove.co.uk:443/dir/crop/10:9-16:9/192k/191489/169294619/191489_336LH_IMG_05_0000_max_476x317.jpeg; https://media.rightmove.co.uk:443/dir/crop/10:9-16:9/192k/191489/169294619/191489_336LH_IMG_06_0000_max_476x317.jpeg; https://media.rightmove.co.uk:443/dir/crop/10:9-16:9/192k/191489/169294619/191489_336LH_IMG_07_0000_max_476x317.jpeg"
"164774210","Staffordshire","Light Industrial","Extended! Lodge A, Regent Works, Lawley Street, Stoke-On-Trent","£525 pcm","","","","Amco Commercial are delighted to bring to market Lodge A, Regent Works, a ground-floor unit, suitable for use as a studio, salon, office or light industrial workshop and storage space. Lodge A, is a naturally bright creative space with bright frontage and measuring approximately 400 Sqf...","https://www.rightmove.co.uk/properties/164774210#/?channel=COM_LET","2025-07-21T17:25:46Z","","size_change","Marketed by Amco Commercial Ltd, Manchester","","52.984004","-2.123155","https://media.rightmove.co.uk:443/dir/crop/10:9-16:9/79k/78438/164774210/78438_34051173_IMG_01_0001_max_476x317.jpeg; https://media.rightmove.co.uk:443/dir/crop/10:9-16:9/79k/78438/164774210/78438_34051173_IMG_02_0001_max_476x317.jpeg; https://media.rightmove.co.uk:443/dir/crop/10:9-16:9/79k/78438/164774210/78438_34051173_IMG_03_0001_max_476x317.jpeg; https://media.rightmove.co.uk:443/dir/crop/10:9-16:9/79k/78438/164774210/78438_34051173_IMG_04_0000_max_476x317.jpeg; https://media.rightmove.co.uk:443/dir/crop/10:9-16:9/79k/78438/164774210/78438_34051173_IMG_05_0000_max_476x317.jpeg; https://media.rightmove.co.uk:443/dir/crop/10:9-16:9/79k/78438/164774210/78438_34051173_IMG_00_0000_max_476x317.jpeg"
"96641860","Staffordshire","Light Industrial","Neander, Tamworth, Staffordshire, B79","£975 pcm","","","","Commercial unit (650 SQFT) on thriving industrial estate. Would suit many business types. ","https://www.rightmove.co.uk/properties/96641860#/?channel=COM_LET","2022-05-30T14:53:45Z","","new","Marketed by Charlton Haynes Ltd, Cheltenham","","52.63996","-1.71002","https://media.rightmove.co.uk:443/dir/crop/10:9-16:9/246k/245339/96641860/245339_SovereignCentre_IMG_05_0000_max_476x317.jpeg; https://media.rightmove.co.uk:443/dir/crop/10:9-16:9/246k/245339/96641860/245339_SovereignCentre_IMG_07_0000_max_476x317.jpeg; https://media.rightmove.co.uk:443/dir/crop/10:9-16:9/246k/245339/96641860/245339_SovereignCentre_IMG_06_0000_max_476x317.jpeg; https://media.rightmove.co.uk:443/dir/crop/10:9-16:9/246k/245339/96641860/245339_SovereignCentre_IMG_08_0000_max_476x317.jpeg; https://media.rightmove.co.uk:443/dir/crop/10:9-16:9/246k/245339/96641860/245339_SovereignCentre_IMG_09_0000_max_476x317.jpeg"
"167322905","Staffordshire","Light Industrial","The Levels, Rugeley","£1,625 pcm","","","","Contact Jayman Commercial. To let - A detached two storey trade counter unit with offices extending to approximately 4228 sq ft. The ground floor comprises mainly storage space with office, reception and WCs. The first floor comprises storage and 3 modernised offices. To the front there ...","https://www.rightmove.co.uk/properties/167322905#/?channel=COM_LET","2025-09-23T16:25:44Z","","price_reduced","Marketed by Jayman Commercial, Lichfield","","52.74253","-1.92847","https://media.rightmove.co.uk:443/dir/crop/10:9-16:9/288k/287201/167322905/287201_34192659_IMG_11_0000_max_476x317.jpeg; https://media.rightmove.co.uk:443/dir/crop/10:9-16:9/288k/287201/167322905/287201_34192659_IMG_10_0000_max_476x317.jpeg; https://media.rightmove.co.uk:443/dir/crop/10:9-16:9/288k/287201/167322905/287201_34192659_IMG_12_0000_max_476x317.jpeg; https://media.rightmove.co.uk:443/dir/crop/10:9-16:9/288k/287201/167322905/287201_34192659_IMG_19_0001_max_476x317.jpeg; https://media.rightmove.co.uk:443/dir/crop/10:9-16:9/288k/287201/167322905/287201_34192659_IMG_01_0000_max_476x317.jpeg; https://media.rightmove.co.uk:443/dir/crop/10:9-16:9/288k/287201/167322905/287201_34192659_IMG_13_0000_max_476x317.jpeg; https://media.rightmove.co.uk:443/dir/crop/10:9-16:9/288k/287201/167322905/287201_34192659_IMG_14_0000_max_476x317.jpeg; https://media.rightmove.co.uk:443/dir/crop/10:9-16:9/288k/287201/167322905/287201_34192659_IMG_16_0000_max_476x317.jpeg; https://media.rightmove.co.uk:443/dir/crop/10:9-16:9/288k/287201/167322905/287201_34192659_IMG_15_0000_max_476x317.jpeg; https://media.rightmove.co.uk:443/dir/crop/10:9-16:9/288k/287201/167322905/287201_34192659_IMG_18_0000_max_476x317.jpeg; https://media.rightmove.co.uk:443/dir/crop/10:9-16:9/288k/287201/167322905/287201_34192659_IMG_17_0000_max_476x317.jpeg"
"154124342","Staffordshire","Office","Amber and Mercury Business Village, Tamworth, B77 4RP","£354 pcm","From","","","Detached office buildings formed of individual units on all-inclusive rents, together with 19 allocated parking spots","https://www.rightmove.co.uk/properties/154124342#/?channel=COM_LET","2024-10-23T16:39:20Z","","size_change","Marketed by SHEPHERD COMMERCIAL, Solihull","","52.626758","-1.648875","https://media.rightmove.co.uk:443/dir/crop/10:9-16:9/265k/264659/154124342/264659_237010-2_IMG_00_0000_max_476x317.jpeg; https://media.rightmove.co.uk:443/dir/crop/10:9-16:9/265k/264659/154124342/264659_237010-2_IMG_01_0000_max_476x317.jpeg; https://media.rightmove.co.uk:443/dir/crop/10:9-16:9/265k/264659/154124342/264659_237010-2_IMG_02_0000_max_476x317.jpeg; https://media.rightmove.co.uk:443/dir/crop/10:9-16:9/265k/264659/154124342/264659_237010-2_IMG_03_0000_max_476x317.jpeg; https://media.rightmove.co.uk:443/dir/crop/10:9-16:9/265k/264659/154124342/264659_237010-2_IMG_04_0000_max_476x317.jpeg; https://media.rightmove.co.uk:443/dir/crop/10:9-16:9/265k/264659/154124342/264659_237010-2_IMG_05_0000_max_476x317.jpeg; https://media.rightmove.co.uk:443/dir/crop/10:9-16:9/265k/264659/154124342/264659_237010-2_IMG_06_0000_max_476x317.jpeg; https://media.rightmove.co.uk:443/dir/crop/10:9-16:9/265k/264659/154124342/264659_237010-2_IMG_07_0000_max_476x317.jpeg; https://media.rightmove.co.uk:443/dir/crop/10:9-16:9/265k/264659/154124342/264659_237010-2_IMG_08_0000_max_476x317.jpeg; https://media.rightmove.co.uk:443/dir/crop/10:9-16:9/265k/264659/154124342/264659_237010-2_IMG_09_0000_max_476x317.jpeg; https://media.rightmove.co.uk:443/dir/crop/10:9-16:9/265k/264659/154124342/264659_237010-2_IMG_10_0000_max_476x317.jpeg"
"168254279","Staffordshire","Light Industrial","Units 14-16 Lakeside Business Park, Walkmill Lane, Cannock, Staffordshire, WS11","POA","","","","Good Sized refurbished unit available Q1 2026","https://www.rightmove.co.uk/properties/168254279#/?channel=COM_LET","2025-10-16T12:10:22Z","","size_change","Marketed by Andrew Dixon & Company, Cannock","","52.67169","-2.03382","https://media.rightmove.co.uk:443/dir/crop/10:9-16:9/296k/295259/168254279/295259_CABP2346AWH_IMG_02_0000_max_476x317.jpeg; https://media.rightmove.co.uk:443/dir/crop/10:9-16:9/296k/295259/168254279/295259_CABP2346AWH_IMG_00_0000_max_476x317.jpeg; https://media.rightmove.co.uk:443/dir/crop/10:9-16:9/296k/295259/168254279/295259_CABP2346AWH_IMG_01_0000_max_476x317.jpeg"
"169068734","Staffordshire","Light Industrial","Battista Road, Burton-On-Trent, Staffordshire, DE13","£2,591 pcm","","","","Albion Gateway provides modern, high specification industrial space. Constructed in 2016, the site comprises five terraces of 18 industrial units which benefit from ample yard, car parking and circulation space. This popular estate homes a number of local and international businesses.","https://www.rightmove.co.uk/properties/169068734#/?channel=COM_LET","2025-11-06T15:39:22Z","","new","Marketed by Indurent, London","","52.82517","-1.62241","https://media.rightmove.co.uk:443/dir/crop/10:9-16:9/195k/194330/169068734/194330_Albion10_IMG_00_0000_max_476x317.jpeg; https://media.rightmove.co.uk:443/dir/crop/10:9-16:9/195k/194330/169068734/194330_Albion10_IMG_01_0000_max_476x317.jpeg; https://media.rightmove.co.uk:443/dir/crop/10:9-16:9/195k/194330/169068734/194330_Albion10_IMG_02_0000_max_476x317.jpeg; https://media.rightmove.co.uk:443/dir/crop/10:9-16:9/195k/194330/169068734/194330_Albion10_IMG_03_0000_max_476x317.jpeg; https://media.rightmove.co.uk:443/dir/crop/10:9-16:9/195k/194330/169068734/194330_Albion10_IMG_04_0000_max_476x317.jpeg; https://media.rightmove.co.uk:443/dir/crop/10:9-16:9/195k/194330/169068734/194330_Albion10_IMG_05_0000_max_476x317.jpeg; https://media.rightmove.co.uk:443/dir/crop/10:9-16:9/195k/194330/169068734/194330_Albion10_IMG_06_0000_max_476x317.jpeg; https://media.rightmove.co.uk:443/dir/crop/10:9-16:9/195k/194330/169068734/194330_Albion10_IMG_07_0000_max_476x317.jpeg; https://media.rightmove.co.uk:443/dir/crop/10:9-16:9/195k/194330/169068734/194330_Albion10_IMG_08_0000_max_476x317.jpeg; https://media.rightmove.co.uk:443/dir/crop/10:9-16:9/195k/194330/169068734/194330_Albion10_IMG_09_0000_max_476x317.jpeg; https://media.rightmove.co.uk:443/dir/crop/10:9-16:9/195k/194330/169068734/194330_Albion10_IMG_12_0000_max_476x317.jpeg; https://media.rightmove.co.uk:443/dir/crop/10:9-16:9/195k/194330/169068734/194330_Albion10_IMG_11_0000_max_476x317.jpeg; https://media.rightmove.co.uk:443/dir/crop/10:9-16:9/195k/194330/169068734/194330_Albion10_IMG_14_0000_max_476x317.jpeg; https://media.rightmove.co.uk:443/dir/crop/10:9-16:9/195k/194330/169068734/194330_Albion10_IMG_15_0000_max_476x317.jpeg; https://media.rightmove.co.uk:443/dir/crop/10:9-16:9/195k/194330/169068734/194330_Albion10_IMG_16_0000_max_476x317.jpeg; https://media.rightmove.co.uk:443/dir/crop/10:9-16:9/195k/194330/169068734/194330_Albion10_IMG_17_0000_max_476x317.jpeg"
"169048283","Staffordshire","Office","Unit 3 Callingwood Hall Farm, Callingwood Lane, Tatenhill, Burton-on-Trent","£458 pcm","","","","Callingwood Hall Farm has been sensitively converted into a range of commercial units, retaining many of the original character and features of the farm. ","https://www.rightmove.co.uk/properties/169048283#/?channel=COM_LET","2025-11-06T10:46:01Z","","new","Marketed by Balfours LLP, Shrewsbury","","52.805857","-1.705099","https://media.rightmove.co.uk:443/dir/crop/10:9-16:9/74k/73234/169048283/73234_SRL250070_L_IMG_01_0000_max_476x317.jpeg; https://media.rightmove.co.uk:443/dir/crop/10:9-16:9/74k/73234/169048283/73234_SRL250070_L_IMG_02_0000_max_476x317.jpeg; https://media.rightmove.co.uk:443/dir/crop/10:9-16:9/74k/73234/169048283/73234_SRL250070_L_IMG_03_0000_max_476x317.jpeg; https://media.rightmove.co.uk:443/dir/crop/10:9-16:9/74k/73234/169048283/73234_SRL250070_L_IMG_04_0000_max_476x317.jpeg; https://media.rightmove.co.uk:443/dir/crop/10:9-16:9/74k/73234/169048283/73234_SRL250070_L_IMG_05_0000_max_476x317.jpeg; https://media.rightmove.co.uk:443/dir/crop/10:9-16:9/74k/73234/169048283/73234_SRL250070_L_IMG_06_0000_max_476x317.jpeg; https://media.rightmove.co.uk:443/dir/crop/10:9-16:9/74k/73234/169048283/73234_SRL250070_L_IMG_07_0000_max_476x317.jpeg; https://media.rightmove.co.uk:443/dir/crop/10:9-16:9/74k/73234/169048283/73234_SRL250070_L_IMG_08_0000_max_476x317.jpeg"
"167971502","Staffordshire","Leisure Facility","Retail and Leisure Units, Multipark Burntwood, Burntwood","POA","","","","Multipark Burntwood, previously known as Burntwood Business Park, Zones 2 , 3 & 4 are within a large and popular business location in Staffordshire, totalling over 1 million sq.ft in size and with an onsite management team. ","https://www.rightmove.co.uk/properties/167971502#/?channel=COM_LET","2025-10-08T10:40:31Z","","size_change","Marketed by LCP, Commercial","","52.67676","-1.93806","https://media.rightmove.co.uk:443/dir/crop/10:9-16:9/230k/229553/167971502/229553_6862a8f4a82b5c083d7c9bd7_2_283_IMG_04_0000_max_476x317.jpeg; https://media.rightmove.co.uk:443/dir/crop/10:9-16:9/230k/229553/167971502/229553_6862a8f4a82b5c083d7c9bd7_2_283_IMG_05_0000_max_476x317.jpeg; https://media.rightmove.co.uk:443/dir/crop/10:9-16:9/230k/229553/167971502/229553_6862a8f4a82b5c083d7c9bd7_2_283_IMG_06_0000_max_476x317.jpeg; https://media.rightmove.co.uk:443/dir/crop/10:9-16:9/230k/229553/167971502/229553_6862a8f4a82b5c083d7c9bd7_2_283_IMG_07_0000_max_476x317.jpeg; https://media.rightmove.co.uk:443/dir/crop/10:9-16:9/230k/229553/167971502/229553_6862a8f4a82b5c083d7c9bd7_2_283_IMG_00_0000_max_476x317.jpeg; https://media.rightmove.co.uk:443/dir/crop/10:9-16:9/230k/229553/167971502/229553_6862a8f4a82b5c083d7c9bd7_2_283_IMG_03_0000_max_476x317.jpeg; https://media.rightmove.co.uk:443/dir/crop/10:9-16:9/230k/229553/167971502/229553_6862a8f4a82b5c083d7c9bd7_2_283_IMG_02_0000_max_476x317.jpeg; https://media.rightmove.co.uk:443/dir/crop/10:9-16:9/230k/229553/167971502/229553_6862a8f4a82b5c083d7c9bd7_2_283_IMG_01_0000_max_476x317.jpeg"
"169026188","Staffordshire","Office","Offices at Anchor Point, Walsall Road, Cannock, Staffordshire, WS11","£167 pcm","","","","Various offices available between 250 sq ft to 6,000 sq ft","https://www.rightmove.co.uk/properties/169026188#/?channel=COM_LET","2025-11-05T16:02:36Z","","new","Marketed by Andrew Dixon & Company, Cannock","","52.66791","-1.97319","https://media.rightmove.co.uk:443/dir/crop/10:9-16:9/property-photo/bbe5f054f/169026188/bbe5f054f471e74e704cf8e0a13209cc_max_476x317.png; https://media.rightmove.co.uk:443/dir/crop/10:9-16:9/property-photo/65e64e895/169026188/65e64e895563e244b9209fe9c88d56ac_max_476x317.jpeg"
"169024541","Staffordshire","Light Industrial","Unit 2 Littleton Drive, Cannock, Staffordshire, WS12","£2,333 pcm","","","","Mid-range detached unit to let 2 miles from Cannock town centre","https://www.rightmove.co.uk/properties/169024541#/?channel=COM_LET","2025-11-05T15:36:32Z","","new","Marketed by Andrew Dixon & Company, Cannock","","52.71564","-2.04333","https://media.rightmove.co.uk:443/dir/crop/10:9-16:9/296k/295259/169024541/295259_CABP2474KMC_IMG_00_0000_max_476x317.jpeg; https://media.rightmove.co.uk:443/dir/crop/10:9-16:9/296k/295259/169024541/295259_CABP2474KMC_IMG_01_0000_max_476x317.jpeg"
"169023962","Staffordshire","Office","Office 6 Heritage Park, Hayes Way, Cannock, Staffordshire, WS11","£2,083 pcm","","","","Ground & First Floor office available with parking (To Let - May Sell)","https://www.rightmove.co.uk/properties/169023962#/?channel=COM_LET","2025-11-05T15:27:53Z","","size_change","Marketed by Andrew Dixon & Company, Cannock","","52.69093","-2.01031","https://media.rightmove.co.uk:443/dir/crop/10:9-16:9/296k/295259/169023962/295259_CABP2359AWHa_IMG_04_0000_max_476x317.png; https://media.rightmove.co.uk:443/dir/crop/10:9-16:9/296k/295259/169023962/295259_CABP2359AWHa_IMG_01_0000_max_476x317.jpeg; https://media.rightmove.co.uk:443/dir/crop/10:9-16:9/296k/295259/169023962/295259_CABP2359AWHa_IMG_02_0000_max_476x317.jpeg; https://media.rightmove.co.uk:443/dir/crop/10:9-16:9/296k/295259/169023962/295259_CABP2359AWHa_IMG_03_0000_max_476x317.jpeg; https://media.rightmove.co.uk:443/dir/crop/10:9-16:9/296k/295259/169023962/295259_CABP2359AWHa_IMG_00_0000_max_476x317.jpeg; https://media.rightmove.co.uk:443/dir/crop/10:9-16:9/296k/295259/169023962/295259_CABP2359AWHa_IMG_05_0000_max_476x317.jpeg"
"169000769","Staffordshire","Retail Property (high street)","Unit 2-4, City Arcade, Market Street, Lichfield, Staffordshire, WS13 6LY","£1,875 pcm","","","","Double fronted retail unit situated within a modern shopping parade, providing ground floor sales area, ancillary storage, basement, kitchenette and WC. The premises is suitable for a variety of uses including retail, professional services, coffee shop or high end bar / restaurant.","https://www.rightmove.co.uk/properties/169000769#/?channel=COM_LET","2025-11-05T10:03:24Z","","new","Marketed by Burley Browne, Sutton Coldfield","","52.682921","-1.828405","https://media.rightmove.co.uk:443/dir/crop/10:9-16:9/property-photo/f884974f0/169000769/f884974f02495ccb5bcb2cbf2b55e662_max_476x317.jpeg; https://media.rightmove.co.uk:443/dir/crop/10:9-16:9/property-photo/f353a1e73/169000769/f353a1e7318b0a20c5a01d4a5348390c_max_476x317.jpeg; https://media.rightmove.co.uk:443/dir/crop/10:9-16:9/property-photo/339cf1bf3/169000769/339cf1bf3f1bcbaf3d97e2e2d59a9b6b_max_476x317.jpeg; https://media.rightmove.co.uk:443/dir/crop/10:9-16:9/property-photo/296aa7003/169000769/296aa700394acb6c8a4c600fad33cd0b_max_476x317.jpeg; https://media.rightmove.co.uk:443/dir/crop/10:9-16:9/property-photo/c801da8de/169000769/c801da8deb8212edee7ed8a0a1ed5298_max_476x317.jpeg; https://media.rightmove.co.uk:443/dir/crop/10:9-16:9/property-photo/068eee480/169000769/068eee480ac68f80595751b74c8b5f58_max_476x317.jpeg; https://media.rightmove.co.uk:443/dir/crop/10:9-16:9/property-photo/08cb00f47/169000769/08cb00f47e793801f7f2f6059252f98f_max_476x317.jpeg; https://media.rightmove.co.uk:443/dir/crop/10:9-16:9/property-photo/018dc8ccb/169000769/018dc8ccba0c5d556856879a3d9f25ca_max_476x317.jpeg; https://media.rightmove.co.uk:443/dir/crop/10:9-16:9/property-photo/e5a14a4ee/169000769/e5a14a4eebd851d7efe7270778bf39cc_max_476x317.jpeg"
"141242084","Staffordshire","Warehouse","Riverside Industrial Estate, Tamworth, B78 3RW","POA","","",""," Refurbished warehouse accommodation with ancillary office and WC facilities.","https://www.rightmove.co.uk/properties/141242084#/?channel=COM_LET","2023-10-25T08:38:43Z","","size_change","Marketed by Mileway Real Estate UK Limited, Birmingham","","52.6153","-1.6938","https://media.rightmove.co.uk:443/dir/crop/10:9-16:9/86k/85177/141242084/85177_1Qo7rjSY8Vb2QlaWbAx5ST_IMG_13_0002_max_476x317.jpeg; https://media.rightmove.co.uk:443/dir/crop/10:9-16:9/86k/85177/141242084/85177_1Qo7rjSY8Vb2QlaWbAx5ST_IMG_01_0002_max_476x317.jpeg; https://media.rightmove.co.uk:443/dir/crop/10:9-16:9/86k/85177/141242084/85177_1Qo7rjSY8Vb2QlaWbAx5ST_IMG_02_0002_max_476x317.jpeg; https://media.rightmove.co.uk:443/dir/crop/10:9-16:9/86k/85177/141242084/85177_1Qo7rjSY8Vb2QlaWbAx5ST_IMG_03_0002_max_476x317.jpeg; https://media.rightmove.co.uk:443/dir/crop/10:9-16:9/86k/85177/141242084/85177_1Qo7rjSY8Vb2QlaWbAx5ST_IMG_04_0002_max_476x317.jpeg; https://media.rightmove.co.uk:443/dir/crop/10:9-16:9/86k/85177/141242084/85177_1Qo7rjSY8Vb2QlaWbAx5ST_IMG_05_0001_max_476x317.jpeg; https://media.rightmove.co.uk:443/dir/crop/10:9-16:9/86k/85177/141242084/85177_1Qo7rjSY8Vb2QlaWbAx5ST_IMG_07_0001_max_476x317.jpeg; https://media.rightmove.co.uk:443/dir/crop/10:9-16:9/86k/85177/141242084/85177_1Qo7rjSY8Vb2QlaWbAx5ST_IMG_09_0001_max_476x317.jpeg; https://media.rightmove.co.uk:443/dir/crop/10:9-16:9/86k/85177/141242084/85177_1Qo7rjSY8Vb2QlaWbAx5ST_IMG_10_0001_max_476x317.jpeg; https://media.rightmove.co.uk:443/dir/crop/10:9-16:9/86k/85177/141242084/85177_1Qo7rjSY8Vb2QlaWbAx5ST_IMG_11_0001_max_476x317.jpeg; https://media.rightmove.co.uk:443/dir/crop/10:9-16:9/86k/85177/141242084/85177_1Qo7rjSY8Vb2QlaWbAx5ST_IMG_12_0001_max_476x317.jpeg"
"168974726","Staffordshire","Land","Garner Street, Stoke-On-Trent, Staffordshire, ST4 7BH","POA","","","","Prime Industrial / Open Storage Site Headline Specification: -	7.14 acres (2.89 hectares) -	Directly off the A500 / A53, close to Junction 15 and 16 of the M6 -	Fully serviced - Lighting, water, power -	Fully secure - fenced and gated -	Type 1B concrete - practical completion November 2023 -	98 ...","https://www.rightmove.co.uk/properties/168974726#/?channel=COM_LET","2025-11-04T14:12:43Z","","new","Marketed by Harris Lamb, Stoke-On-Trent","","53.020826","-2.20405","https://media.rightmove.co.uk:443/dir/crop/10:9-16:9/59k/58365/168974726/58365_7029LH_IMG_01_0000_max_476x317.jpeg; https://media.rightmove.co.uk:443/dir/crop/10:9-16:9/59k/58365/168974726/58365_7029LH_IMG_02_0000_max_476x317.jpeg; https://media.rightmove.co.uk:443/dir/crop/10:9-16:9/59k/58365/168974726/58365_7029LH_IMG_00_0000_max_476x317.jpeg; https://media.rightmove.co.uk:443/dir/crop/10:9-16:9/59k/58365/168974726/58365_7029LH_IMG_03_0000_max_476x317.jpeg; https://media.rightmove.co.uk:443/dir/crop/10:9-16:9/59k/58365/168974726/58365_7029LH_IMG_04_0000_max_476x317.jpeg; https://media.rightmove.co.uk:443/dir/crop/10:9-16:9/59k/58365/168974726/58365_7029LH_IMG_05_0000_max_476x317.jpeg; https://media.rightmove.co.uk:443/dir/crop/10:9-16:9/59k/58365/168974726/58365_7029LH_IMG_06_0000_max_476x317.jpeg; https://media.rightmove.co.uk:443/dir/crop/10:9-16:9/59k/58365/168974726/58365_7029LH_IMG_07_0000_max_476x317.jpeg; https://media.rightmove.co.uk:443/dir/crop/10:9-16:9/59k/58365/168974726/58365_7029LH_IMG_08_0000_max_476x317.jpeg; https://media.rightmove.co.uk:443/dir/crop/10:9-16:9/59k/58365/168974726/58365_7029LH_IMG_09_0000_max_476x317.jpeg; https://media.rightmove.co.uk:443/dir/crop/10:9-16:9/59k/58365/168974726/58365_7029LH_IMG_10_0000_max_476x317.jpeg; https://media.rightmove.co.uk:443/dir/crop/10:9-16:9/59k/58365/168974726/58365_7029LH_IMG_11_0000_max_476x317.jpeg; https://media.rightmove.co.uk:443/dir/crop/10:9-16:9/59k/58365/168974726/58365_7029LH_IMG_12_0000_max_476x317.jpeg; https://media.rightmove.co.uk:443/dir/crop/10:9-16:9/59k/58365/168974726/58365_7029LH_IMG_13_0000_max_476x317.jpeg; https://media.rightmove.co.uk:443/dir/crop/10:9-16:9/59k/58365/168974726/58365_7029LH_IMG_14_0000_max_476x317.jpeg; https://media.rightmove.co.uk:443/dir/crop/10:9-16:9/59k/58365/168974726/58365_7029LH_IMG_15_0000_max_476x317.jpeg; https://media.rightmove.co.uk:443/dir/crop/10:9-16:9/59k/58365/168974726/58365_7029LH_IMG_16_0000_max_476x317.jpeg; https://media.rightmove.co.uk:443/dir/crop/10:9-16:9/59k/58365/168974726/58365_7029LH_IMG_17_0000_max_476x317.jpeg; https://media.rightmove.co.uk:443/dir/crop/10:9-16:9/59k/58365/168974726/58365_7029LH_IMG_18_0000_max_476x317.jpeg; https://media.rightmove.co.uk:443/dir/crop/10:9-16:9/59k/58365/168974726/58365_7029LH_IMG_19_0000_max_476x317.jpeg; https://media.rightmove.co.uk:443/dir/crop/10:9-16:9/59k/58365/168974726/58365_7029LH_IMG_20_0000_max_476x317.jpeg; https://media.rightmove.co.uk:443/dir/crop/10:9-16:9/59k/58365/168974726/58365_7029LH_IMG_21_0000_max_476x317.jpeg; https://media.rightmove.co.uk:443/dir/crop/10:9-16:9/59k/58365/168974726/58365_7029LH_IMG_22_0000_max_476x317.jpeg; https://media.rightmove.co.uk:443/dir/crop/10:9-16:9/59k/58365/168974726/58365_7029LH_IMG_23_0000_max_476x317.jpeg; https://media.rightmove.co.uk:443/dir/crop/10:9-16:9/59k/58365/168974726/58365_7029LH_IMG_24_0000_max_476x317.jpeg; https://media.rightmove.co.uk:443/dir/crop/10:9-16:9/59k/58365/168974726/58365_7029LH_IMG_25_0000_max_476x317.jpeg"
"168921083","Staffordshire","Light Industrial","Enterprise House, West Avenue, Talke, Stoke-On-Trent, Staffordshire, ST7 1TL","£118,500 pcm","","","","Location: Located on the Nelson Industrial Estate in Kidsgrove, the property occupies a prominent site fronting West Avenue which is the Estate's principal road. Junction 16 of the M6 is located approximately 3 miles in a westerly direction and Junction 15 of the M6 approximately 6 miles away i...","https://www.rightmove.co.uk/properties/168921083#/?channel=COM_LET","2025-11-03T12:56:08Z","","new","Marketed by Harris Lamb, Stoke-On-Trent","","53.083824","-2.267926","https://media.rightmove.co.uk:443/dir/crop/10:9-16:9/59k/58365/168921083/58365_6934LH_IMG_00_0000_max_476x317.jpeg; https://media.rightmove.co.uk:443/dir/crop/10:9-16:9/59k/58365/168921083/58365_6934LH_IMG_01_0000_max_476x317.jpeg; https://media.rightmove.co.uk:443/dir/crop/10:9-16:9/59k/58365/168921083/58365_6934LH_IMG_02_0000_max_476x317.jpeg; https://media.rightmove.co.uk:443/dir/crop/10:9-16:9/59k/58365/168921083/58365_6934LH_IMG_03_0000_max_476x317.jpeg; https://media.rightmove.co.uk:443/dir/crop/10:9-16:9/59k/58365/168921083/58365_6934LH_IMG_04_0000_max_476x317.jpeg; https://media.rightmove.co.uk:443/dir/crop/10:9-16:9/59k/58365/168921083/58365_6934LH_IMG_05_0000_max_476x317.jpeg; https://media.rightmove.co.uk:443/dir/crop/10:9-16:9/59k/58365/168921083/58365_6934LH_IMG_06_0000_max_476x317.jpeg; https://media.rightmove.co.uk:443/dir/crop/10:9-16:9/59k/58365/168921083/58365_6934LH_IMG_07_0000_max_476x317.jpeg; https://media.rightmove.co.uk:443/dir/crop/10:9-16:9/59k/58365/168921083/58365_6934LH_IMG_08_0000_max_476x317.jpeg; https://media.rightmove.co.uk:443/dir/crop/10:9-16:9/59k/58365/168921083/58365_6934LH_IMG_09_0000_max_476x317.jpeg; https://media.rightmove.co.uk:443/dir/crop/10:9-16:9/59k/58365/168921083/58365_6934LH_IMG_10_0000_max_476x317.jpeg; https://media.rightmove.co.uk:443/dir/crop/10:9-16:9/59k/58365/168921083/58365_6934LH_IMG_11_0000_max_476x317.jpeg; https://media.rightmove.co.uk:443/dir/crop/10:9-16:9/59k/58365/168921083/58365_6934LH_IMG_12_0000_max_476x317.jpeg"
"168261419","Staffordshire","Serviced Office","Phoenix House, Hyssop Close, Cannock, Staffordshire, WS11","£279 pcm","","","","Small Office Space to let in serviced building under flexible lease","https://www.rightmove.co.uk/properties/168261419#/?channel=COM_LET","2025-10-16T14:46:40Z","","size_change","Marketed by Andrew Dixon & Company, Cannock","","52.69614","-2.0078","https://media.rightmove.co.uk:443/dir/crop/10:9-16:9/property-photo/c3fb0f4ee/168261419/c3fb0f4eeb17d8c314e716c45b2aafae_max_476x317.jpeg; https://media.rightmove.co.uk:443/dir/crop/10:9-16:9/property-photo/241572605/168261419/241572605e3e914e34e333e3aef112f0_max_476x317.jpeg; https://media.rightmove.co.uk:443/dir/crop/10:9-16:9/property-photo/6460cdf2e/168261419/6460cdf2ed56ab20d9eb4c1084fac0ae_max_476x317.jpeg; https://media.rightmove.co.uk:443/dir/crop/10:9-16:9/property-photo/9a7b6b73b/168261419/9a7b6b73bf3ea553bcb5e7a4f196b4d7_max_476x317.jpeg; https://media.rightmove.co.uk:443/dir/crop/10:9-16:9/property-photo/9041578ce/168261419/9041578cef2f3697e24a4122bd0a9b11_max_476x317.jpeg; https://media.rightmove.co.uk:443/dir/crop/10:9-16:9/property-photo/dc7f7d2b6/168261419/dc7f7d2b638038becd9836cece37193b_max_476x317.jpeg; https://media.rightmove.co.uk:443/dir/crop/10:9-16:9/property-photo/f3c92241f/168261419/f3c92241f44d41e40cc0eac43c93bff9_max_476x317.jpeg; https://media.rightmove.co.uk:443/dir/crop/10:9-16:9/property-photo/24872a26e/168261419/24872a26e0c0a7dec372db644b374adf_max_476x317.jpeg"
"147685886","Staffordshire","Warehouse","13 Hawkins Drive, Cannock, WS11 0XT","POA","","","","Hawkins Drive comprises a five bay warehouse of steel portal frame construction and ground floor offices. Located 2 miles of Cannock.","https://www.rightmove.co.uk/properties/147685886#/?channel=COM_LET","2024-05-07T12:33:14Z","","size_change","Marketed by Mileway Real Estate UK Limited, Birmingham","","52.6665","-2.0455","https://media.rightmove.co.uk:443/dir/crop/10:9-16:9/86k/85177/147685886/85177_6ywpN5BQnavgyY32l5WAhd_IMG_16_0000_max_476x317.jpeg; https://media.rightmove.co.uk:443/dir/crop/10:9-16:9/86k/85177/147685886/85177_6ywpN5BQnavgyY32l5WAhd_IMG_13_0000_max_476x317.jpeg; https://media.rightmove.co.uk:443/dir/crop/10:9-16:9/86k/85177/147685886/85177_6ywpN5BQnavgyY32l5WAhd_IMG_14_0000_max_476x317.jpeg; https://media.rightmove.co.uk:443/dir/crop/10:9-16:9/86k/85177/147685886/85177_6ywpN5BQnavgyY32l5WAhd_IMG_15_0000_max_476x317.jpeg"
"166782986","Staffordshire","Light Industrial","Progress Drive, Cannock, Staffordshire, WS11","£1,550 pcm","","","1","(Unit 9A2) 1,722.22 SQFT Warehouse TOLET in Cannock, WS11 0JE","https://www.rightmove.co.uk/properties/166782986#/?channel=COM_LET","2025-09-09T15:53:55Z","","price_reduced","Marketed by M3M Real Estate, Hayes","","52.67834","-2.02377","https://media.rightmove.co.uk:443/dir/crop/10:9-16:9/273k/272909/166782986/272909_1403_IMG_00_0001_max_476x317.jpeg; https://media.rightmove.co.uk:443/dir/crop/10:9-16:9/273k/272909/166782986/272909_1403_IMG_01_0000_max_476x317.jpeg; https://media.rightmove.co.uk:443/dir/crop/10:9-16:9/273k/272909/166782986/272909_1403_IMG_02_0000_max_476x317.jpeg; https://media.rightmove.co.uk:443/dir/crop/10:9-16:9/273k/272909/166782986/272909_1403_IMG_03_0000_max_476x317.jpeg; https://media.rightmove.co.uk:443/dir/crop/10:9-16:9/273k/272909/166782986/272909_1403_IMG_04_0000_max_476x317.jpeg"
"168835460","Staffordshire","Light Industrial","Shires Industrial Estate, Essington Close, Lichfield. WS14 9AZ","POA","","","","Jayman Commercial offer to let an end terrace warehouse unit in a great location on the popular Shires Industrial Estate off Essington Close on the edge of Lichfield. The accommodation comprises full height warehouse space with ground and first floor office. Gross internal floor area 1914...","https://www.rightmove.co.uk/properties/168835460#/?channel=COM_LET","2025-10-31T11:44:35Z","","new","Marketed by Jayman Commercial, Lichfield","","52.673469","-1.83269","https://media.rightmove.co.uk:443/dir/crop/10:9-16:9/288k/287201/168835460/287201_34277313_IMG_00_0000_max_476x317.jpeg; https://media.rightmove.co.uk:443/dir/crop/10:9-16:9/288k/287201/168835460/287201_34277313_IMG_01_0000_max_476x317.jpeg; https://media.rightmove.co.uk:443/dir/crop/10:9-16:9/288k/287201/168835460/287201_34277313_IMG_02_0000_max_476x317.jpeg; https://media.rightmove.co.uk:443/dir/crop/10:9-16:9/288k/287201/168835460/287201_34277313_IMG_03_0000_max_476x317.jpeg; https://media.rightmove.co.uk:443/dir/crop/10:9-16:9/288k/287201/168835460/287201_34277313_IMG_04_0000_max_476x317.jpeg"
"168793529","Staffordshire","Office","7 Three Spires House, Station Road, Lichfield, Staffordshire, WS13 6HX","£1,917 pcm","","","","The property comprises a two storey end of terrace office building forming part of a larger parade of 7 similar style units constructed in the late 1980's. Internally the offices offer predominantly open plan offices providing good quality accommodation across ground and first floors. The specif...","https://www.rightmove.co.uk/properties/168793529#/?channel=COM_LET","2025-10-30T13:25:15Z","","new","Marketed by Burley Browne, Sutton Coldfield","","52.681464","-1.823385","https://media.rightmove.co.uk:443/dir/crop/10:9-16:9/110k/109673/168793529/109673_8142LH_IMG_00_0000_max_476x317.jpeg; https://media.rightmove.co.uk:443/dir/crop/10:9-16:9/110k/109673/168793529/109673_8142LH_IMG_01_0000_max_476x317.jpeg; https://media.rightmove.co.uk:443/dir/crop/10:9-16:9/110k/109673/168793529/109673_8142LH_IMG_02_0000_max_476x317.jpeg; https://media.rightmove.co.uk:443/dir/crop/10:9-16:9/110k/109673/168793529/109673_8142LH_IMG_03_0000_max_476x317.jpeg; https://media.rightmove.co.uk:443/dir/crop/10:9-16:9/110k/109673/168793529/109673_8142LH_IMG_04_0000_max_476x317.jpeg; https://media.rightmove.co.uk:443/dir/crop/10:9-16:9/110k/109673/168793529/109673_8142LH_IMG_05_0000_max_476x317.jpeg; https://media.rightmove.co.uk:443/dir/crop/10:9-16:9/110k/109673/168793529/109673_8142LH_IMG_06_0000_max_476x317.jpeg; https://media.rightmove.co.uk:443/dir/crop/10:9-16:9/110k/109673/168793529/109673_8142LH_IMG_07_0000_max_476x317.jpeg; https://media.rightmove.co.uk:443/dir/crop/10:9-16:9/110k/109673/168793529/109673_8142LH_IMG_08_0000_max_476x317.jpeg; https://media.rightmove.co.uk:443/dir/crop/10:9-16:9/110k/109673/168793529/109673_8142LH_IMG_09_0000_max_476x317.jpeg; https://media.rightmove.co.uk:443/dir/crop/10:9-16:9/110k/109673/168793529/109673_8142LH_IMG_10_0000_max_476x317.jpeg; https://media.rightmove.co.uk:443/dir/crop/10:9-16:9/110k/109673/168793529/109673_8142LH_IMG_11_0000_max_476x317.jpeg; https://media.rightmove.co.uk:443/dir/crop/10:9-16:9/110k/109673/168793529/109673_8142LH_IMG_12_0000_max_476x317.jpeg"
"168785831","Staffordshire","Industrial Park","Fradley Park  Unit 5 Dove Close  Lichfield Staffordshire WS13 8SU  United K","POA","","","","Industrial Warehouse | To Let | Unit 5 Dove Close, Fradley Park","https://www.rightmove.co.uk/properties/168785831#/?channel=COM_LET","2025-10-30T11:30:19Z","","new","Marketed by Colliers International, Industrial - Birmingham","","52.706499","-1.785355","https://media.rightmove.co.uk:443/dir/crop/10:9-16:9/88k/87304/168785831/87304_a032400000YrKTOAA3_IMG_00_0000_max_476x317.jpeg; https://media.rightmove.co.uk:443/dir/crop/10:9-16:9/88k/87304/168785831/87304_a032400000YrKTOAA3_IMG_01_0000_max_476x317.jpeg"
"168767699","Staffordshire","Storage","Holyhead Road, WV8","£1,666 pcm","","",""," A brand new 1,200 sq ft storage unit with its own W.C & Kitchen.Fully insulated unit, electric roller shutter door, high-bay lighting concrete floor and smart mete.Secure location with electric gates, private drive & 3 miles from Wolverhampton City centre ","https://www.rightmove.co.uk/properties/168767699#/?channel=COM_LET","2025-10-29T20:29:09Z","","new","Marketed by Bradshaws Estates, Staffordshire","","52.61037","-2.22779","https://media.rightmove.co.uk:443/dir/crop/10:9-16:9/property-photo/ac8d374ba/168767699/ac8d374baf3db9e19a6e97bb1b1fca55_max_476x317.jpeg; https://media.rightmove.co.uk:443/dir/crop/10:9-16:9/property-photo/554d36cd7/168767699/554d36cd797e1f486b7fa9fed554e041_max_476x317.jpeg; https://media.rightmove.co.uk:443/dir/crop/10:9-16:9/property-photo/cc8efdce7/168767699/cc8efdce7151fcc62c135a1e063ca987_max_476x317.jpeg; https://media.rightmove.co.uk:443/dir/crop/10:9-16:9/property-photo/d4dda72ae/168767699/d4dda72aed8a15321e3d53731b2bbf6a_max_476x317.jpeg; https://media.rightmove.co.uk:443/dir/crop/10:9-16:9/property-photo/e2abce8d3/168767699/e2abce8d3510407e26832fb95bfe5751_max_476x317.jpeg; https://media.rightmove.co.uk:443/dir/crop/10:9-16:9/property-photo/85dccee4c/168767699/85dccee4c7d6adc439c06e1dfe9e0848_max_476x317.jpeg; https://media.rightmove.co.uk:443/dir/crop/10:9-16:9/property-photo/863e1b128/168767699/863e1b1284fbc64b3f0639a25ed4c29e_max_476x317.jpeg; https://media.rightmove.co.uk:443/dir/crop/10:9-16:9/property-photo/01678c97f/168767699/01678c97f8837a93c1c76076a2262553_max_476x317.jpeg; https://media.rightmove.co.uk:443/dir/crop/10:9-16:9/property-photo/e3d34a03a/168767699/e3d34a03aee9af913c59ceebcb21208e_max_476x317.jpeg; https://media.rightmove.co.uk:443/dir/crop/10:9-16:9/property-photo/d58c5bf3e/168767699/d58c5bf3ec3e0f6c3b9ff702028d32ea_max_476x317.jpeg; https://media.rightmove.co.uk:443/dir/crop/10:9-16:9/property-photo/f34b0928a/168767699/f34b0928ab12fdedc23561ba4fcb385d_max_476x317.jpeg; https://media.rightmove.co.uk:443/dir/crop/10:9-16:9/property-photo/7dc300017/168767699/7dc300017c36e1e6045d00004ddc27d3_max_476x317.jpeg; https://media.rightmove.co.uk:443/dir/crop/10:9-16:9/property-photo/df8d625b7/168767699/df8d625b7b4a6dac27c786cae9ad22a9_max_476x317.jpeg"
"168759473","Staffordshire","Hairdresser / Barber Shop","High Street, Silverdale, Newcastle-under-Lyme, ST5","£500 pcm","","","","TO LET: Fully Equipped Barbershop / Salon in Prime Location An excellent opportunity to lease a ready-to-trade barbershop situated in a highly visible position on a busy high street. This well-presented commercial unit offers approximately 260 sq/ft of space.","https://www.rightmove.co.uk/properties/168759473#/?channel=COM_LET","2025-10-29T16:37:31Z","","new","Marketed by Goodchilds, Stoke-On-Trent","","53.015","-2.26985","https://media.rightmove.co.uk:443/dir/crop/10:9-16:9/88k/87697/168759473/87697_P1266_IMG_00_0000_max_476x317.jpeg; https://media.rightmove.co.uk:443/dir/crop/10:9-16:9/88k/87697/168759473/87697_P1266_IMG_01_0000_max_476x317.jpeg; https://media.rightmove.co.uk:443/dir/crop/10:9-16:9/88k/87697/168759473/87697_P1266_IMG_02_0000_max_476x317.jpeg; https://media.rightmove.co.uk:443/dir/crop/10:9-16:9/88k/87697/168759473/87697_P1266_IMG_03_0000_max_476x317.jpeg; https://media.rightmove.co.uk:443/dir/crop/10:9-16:9/88k/87697/168759473/87697_P1266_IMG_04_0000_max_476x317.jpeg"
"168749738","Staffordshire","Commercial Property","Kildare Street, Dresden, Stoke-on-Trent, ST3 4LZ","£75 pcm","","","","This garage is accessed via the short part of Kildare Street just off Trentham Road making it within easy reach of Longton town centre.Please note that the garage is let on the basis of an initial six month term and a deposit of £75 is payable.There is one garage available - this being the tenth ...","https://www.rightmove.co.uk/properties/168749738#/?channel=COM_LET","2025-10-29T13:13:17Z","","new","Marketed by Austerberry, Stoke-On-Trent & Staffordshire","","52.979698","-2.132639","https://media.rightmove.co.uk:443/dir/crop/10:9-16:9/83k/82919/168749738/82919_34272445_IMG_00_0000_max_476x317.jpeg; https://media.rightmove.co.uk:443/dir/crop/10:9-16:9/83k/82919/168749738/82919_34272445_IMG_01_0000_max_476x317.jpeg; https://media.rightmove.co.uk:443/dir/crop/10:9-16:9/83k/82919/168749738/82919_34272445_IMG_02_0000_max_476x317.jpeg"
"160207337","Staffordshire","Warehouse","Kimberley Business Park, Rugeley, WS15 1RE","£1,640 pcm","From","","","Kimberley Business Park provides a modern purpose built estate. ","https://www.rightmove.co.uk/properties/160207337#/?channel=COM_LET","2025-04-03T14:09:25Z","","size_change","Marketed by Mileway Real Estate UK Limited, Birmingham","","52.7442","-1.9304","https://media.rightmove.co.uk:443/dir/crop/10:9-16:9/86k/85177/160207337/85177_3HAaJqlUsJOviRDfmDM7hz_IMG_00_0001_max_476x317.jpeg; https://media.rightmove.co.uk:443/dir/crop/10:9-16:9/86k/85177/160207337/85177_3HAaJqlUsJOviRDfmDM7hz_IMG_01_0001_max_476x317.jpeg; https://media.rightmove.co.uk:443/dir/crop/10:9-16:9/86k/85177/160207337/85177_3HAaJqlUsJOviRDfmDM7hz_IMG_02_0001_max_476x317.jpeg; https://media.rightmove.co.uk:443/dir/crop/10:9-16:9/86k/85177/160207337/85177_3HAaJqlUsJOviRDfmDM7hz_IMG_03_0001_max_476x317.jpeg; https://media.rightmove.co.uk:443/dir/crop/10:9-16:9/86k/85177/160207337/85177_3HAaJqlUsJOviRDfmDM7hz_IMG_04_0001_max_476x317.jpeg; https://media.rightmove.co.uk:443/dir/crop/10:9-16:9/86k/85177/160207337/85177_3HAaJqlUsJOviRDfmDM7hz_IMG_05_0001_max_476x317.jpeg"
"168620993","Staffordshire","Office","Heath Mill Road, Wombourne, South Staffordshire, WV5 8BD","£296 pcm","","","","The property offers ground floor serviced office suites ranging from 170sq.ft which, have recently undergone recent refurbishment and benefit from suspended ceilings, recessed LED lighting, air conditioning and carpeted floors, with the usual W.C. facilities and well appointed kitchen.","https://www.rightmove.co.uk/properties/168620993#/?channel=COM_LET","2025-10-26T13:42:07Z","","new","Marketed by Michael Tromans & Co, Wolverhampton","","52.52551","-2.20999","https://media.rightmove.co.uk:443/dir/crop/10:9-16:9/296k/295898/168620993/295898_Agatha62_IMG_00_0000_max_476x317.jpeg; https://media.rightmove.co.uk:443/dir/crop/10:9-16:9/296k/295898/168620993/295898_Agatha62_IMG_01_0000_max_476x317.jpeg; https://media.rightmove.co.uk:443/dir/crop/10:9-16:9/296k/295898/168620993/295898_Agatha62_IMG_02_0000_max_476x317.jpeg"
"168586775","Staffordshire","Land","Plot 30 Hollies Business Park, Hollies Park Road, Cannock, Staffordshire, WS11","£1,667 pcm","From","","","Open storage yard available on popular site in Cannock","https://www.rightmove.co.uk/properties/168586775#/?channel=COM_LET","2025-10-24T15:29:02Z","","new","Marketed by Andrew Dixon & Company, Cannock","","52.68895","-2.02156","https://media.rightmove.co.uk:443/dir/crop/10:9-16:9/296k/295259/168586775/295259_CABP2448KMC_IMG_00_0000_max_476x317.jpeg; https://media.rightmove.co.uk:443/dir/crop/10:9-16:9/296k/295259/168586775/295259_CABP2448KMC_IMG_02_0000_max_476x317.jpeg; https://media.rightmove.co.uk:443/dir/crop/10:9-16:9/296k/295259/168586775/295259_CABP2448KMC_IMG_01_0000_max_476x317.jpeg"
"168585260","Staffordshire","Light Industrial","Unit 13 Hawkins Drive, South Staffs Business Park, Bridgtown, WS11","POA","","","","Large warehouse with offices in Cannock, being refurbished for occupation Q4 2025","https://www.rightmove.co.uk/properties/168585260#/?channel=COM_LET","2025-10-24T15:05:27Z","","new","Marketed by Andrew Dixon & Company, Cannock","","52.66767","-2.04365","https://media.rightmove.co.uk:443/dir/crop/10:9-16:9/296k/295259/168585260/295259_CABP2316AWH_IMG_04_0000_max_476x317.jpeg; https://media.rightmove.co.uk:443/dir/crop/10:9-16:9/296k/295259/168585260/295259_CABP2316AWH_IMG_00_0000_max_476x317.jpeg; https://media.rightmove.co.uk:443/dir/crop/10:9-16:9/296k/295259/168585260/295259_CABP2316AWH_IMG_01_0000_max_476x317.jpeg; https://media.rightmove.co.uk:443/dir/crop/10:9-16:9/296k/295259/168585260/295259_CABP2316AWH_IMG_02_0000_max_476x317.jpeg; https://media.rightmove.co.uk:443/dir/crop/10:9-16:9/296k/295259/168585260/295259_CABP2316AWH_IMG_03_0000_max_476x317.jpeg; https://media.rightmove.co.uk:443/dir/crop/10:9-16:9/296k/295259/168585260/295259_CABP2316AWH_IMG_05_0000_max_476x317.jpeg"
"168581348","Staffordshire","Office","17 Wolverhampton Road, Cannock, Staffordshire, WS11","£1,000 pcm","","","","Refurbished two storey office in Cannock town centre","https://www.rightmove.co.uk/properties/168581348#/?channel=COM_LET","2025-10-24T14:55:57Z","","new","Marketed by Andrew Dixon & Company, Cannock","","52.68742","-2.03176","https://media.rightmove.co.uk:443/dir/crop/10:9-16:9/296k/295259/168581348/295259_CABP2452AWH_IMG_00_0000_max_476x317.jpeg; https://media.rightmove.co.uk:443/dir/crop/10:9-16:9/296k/295259/168581348/295259_CABP2452AWH_IMG_03_0000_max_476x317.jpeg; https://media.rightmove.co.uk:443/dir/crop/10:9-16:9/296k/295259/168581348/295259_CABP2452AWH_IMG_01_0000_max_476x317.jpeg; https://media.rightmove.co.uk:443/dir/crop/10:9-16:9/296k/295259/168581348/295259_CABP2452AWH_IMG_02_0000_max_476x317.jpeg; https://media.rightmove.co.uk:443/dir/crop/10:9-16:9/296k/295259/168581348/295259_CABP2452AWH_IMG_04_0000_max_476x317.jpeg; https://media.rightmove.co.uk:443/dir/crop/10:9-16:9/296k/295259/168581348/295259_CABP2452AWH_IMG_05_0000_max_476x317.jpeg"
"168568409","Staffordshire","Retail Property (high street)","22 - 24 Brook Square, Rugeley, Staffordshire, WS15","£833 pcm","","","","Retail shop available in Rugeley shopping precinct","https://www.rightmove.co.uk/properties/168568409#/?channel=COM_LET","2025-10-24T11:25:15Z","","new","Marketed by Andrew Dixon & Company, Cannock","","52.75941","-1.93639","https://media.rightmove.co.uk:443/dir/crop/10:9-16:9/296k/295259/168568409/295259_CABP2473ELH_IMG_00_0000_max_476x317.jpeg; https://media.rightmove.co.uk:443/dir/crop/10:9-16:9/296k/295259/168568409/295259_CABP2473ELH_IMG_01_0000_max_476x317.jpeg; https://media.rightmove.co.uk:443/dir/crop/10:9-16:9/296k/295259/168568409/295259_CABP2473ELH_IMG_02_0000_max_476x317.jpeg; https://media.rightmove.co.uk:443/dir/crop/10:9-16:9/296k/295259/168568409/295259_CABP2473ELH_IMG_03_0000_max_476x317.jpeg; https://media.rightmove.co.uk:443/dir/crop/10:9-16:9/296k/295259/168568409/295259_CABP2473ELH_IMG_04_0000_max_476x317.jpeg; https://media.rightmove.co.uk:443/dir/crop/10:9-16:9/296k/295259/168568409/295259_CABP2473ELH_IMG_05_0000_max_476x317.jpeg; https://media.rightmove.co.uk:443/dir/crop/10:9-16:9/296k/295259/168568409/295259_CABP2473ELH_IMG_06_0000_max_476x317.jpeg; https://media.rightmove.co.uk:443/dir/crop/10:9-16:9/296k/295259/168568409/295259_CABP2473ELH_IMG_07_0000_max_476x317.jpeg; https://media.rightmove.co.uk:443/dir/crop/10:9-16:9/296k/295259/168568409/295259_CABP2473ELH_IMG_08_0000_max_476x317.jpeg; https://media.rightmove.co.uk:443/dir/crop/10:9-16:9/296k/295259/168568409/295259_CABP2473ELH_IMG_09_0000_max_476x317.jpeg; https://media.rightmove.co.uk:443/dir/crop/10:9-16:9/296k/295259/168568409/295259_CABP2473ELH_IMG_10_0000_max_476x317.jpeg; https://media.rightmove.co.uk:443/dir/crop/10:9-16:9/296k/295259/168568409/295259_CABP2473ELH_IMG_11_0000_max_476x317.jpeg; https://media.rightmove.co.uk:443/dir/crop/10:9-16:9/296k/295259/168568409/295259_CABP2473ELH_IMG_12_0000_max_476x317.jpeg; https://media.rightmove.co.uk:443/dir/crop/10:9-16:9/296k/295259/168568409/295259_CABP2473ELH_IMG_13_0000_max_476x317.jpeg; https://media.rightmove.co.uk:443/dir/crop/10:9-16:9/296k/295259/168568409/295259_CABP2473ELH_IMG_14_0000_max_476x317.jpeg; https://media.rightmove.co.uk:443/dir/crop/10:9-16:9/296k/295259/168568409/295259_CABP2473ELH_IMG_15_0000_max_476x317.jpeg; https://media.rightmove.co.uk:443/dir/crop/10:9-16:9/296k/295259/168568409/295259_CABP2473ELH_IMG_16_0000_max_476x317.jpeg; https://media.rightmove.co.uk:443/dir/crop/10:9-16:9/296k/295259/168568409/295259_CABP2473ELH_IMG_17_0000_max_476x317.jpeg; https://media.rightmove.co.uk:443/dir/crop/10:9-16:9/296k/295259/168568409/295259_CABP2473ELH_IMG_18_0000_max_476x317.jpeg; https://media.rightmove.co.uk:443/dir/crop/10:9-16:9/296k/295259/168568409/295259_CABP2473ELH_IMG_19_0000_max_476x317.jpeg"
"168534314","Staffordshire","Light Industrial","Unit 28A Zone 2, Burntwood Business Park, Burntwood, Staffordshire, WS7","£2,417 pcm","","","","Mid-range unit with warehouse and offices","https://www.rightmove.co.uk/properties/168534314#/?channel=COM_LET","2025-10-23T14:25:04Z","","new","Marketed by Andrew Dixon & Company, Cannock","","52.67676","-1.93806","https://media.rightmove.co.uk:443/dir/crop/10:9-16:9/296k/295259/168534314/295259_CABP197928AELH_IMG_00_0000_max_476x317.jpeg"
"168534005","Staffordshire","Light Industrial","Unit 7A Zone 4, Burntwood Business Park, Burntwood, Staffordshire, WS7","£1,667 pcm","","","","Modern starter unit with warehouse and offices","https://www.rightmove.co.uk/properties/168534005#/?channel=COM_LET","2025-10-23T14:20:36Z","","new","Marketed by Andrew Dixon & Company, Cannock","","52.67676","-1.93806","https://media.rightmove.co.uk:443/dir/crop/10:9-16:9/296k/295259/168534005/295259_CABP19797AELH_IMG_00_0000_max_476x317.jpeg"
"168533741","Staffordshire","Light Industrial","Unit 6A Zone 4, Burntwood Business Park, Burntwood, Staffordshire, WS7","£1,833 pcm","","","","Modern starter unit with warehouse and offices","https://www.rightmove.co.uk/properties/168533741#/?channel=COM_LET","2025-10-23T14:16:48Z","","new","Marketed by Andrew Dixon & Company, Cannock","","52.67676","-1.93806","https://media.rightmove.co.uk:443/dir/crop/10:9-16:9/296k/295259/168533741/295259_CABP19796AELH_IMG_00_0000_max_476x317.jpeg"
"168529334","Staffordshire","Light Industrial","Unit 7 Anchor Point, Walsall Road, Cannock, Staffordshire, WS11","£1,354 pcm","","","","2,500 sq ft Industrial unit available","https://www.rightmove.co.uk/properties/168529334#/?channel=COM_LET","2025-10-23T13:10:25Z","","new","Marketed by Andrew Dixon & Company, Cannock","","52.66513","-1.97467","https://media.rightmove.co.uk:443/dir/crop/10:9-16:9/296k/295259/168529334/295259_CABP21477ELH_IMG_00_0000_max_476x317.jpeg; https://media.rightmove.co.uk:443/dir/crop/10:9-16:9/296k/295259/168529334/295259_CABP21477ELH_IMG_01_0000_max_476x317.jpeg"
"168529007","Staffordshire","Storage","Unit 4B Anchor Point, Walsall Road, Cannock, Staffordshire, WS11","£3,250 pcm","","","","Storage unit available in Norton Canes","https://www.rightmove.co.uk/properties/168529007#/?channel=COM_LET","2025-10-23T13:06:14Z","","new","Marketed by Andrew Dixon & Company, Cannock","","52.66513","-1.97467","https://media.rightmove.co.uk:443/dir/crop/10:9-16:9/296k/295259/168529007/295259_CABP21474ELH_IMG_00_0000_max_476x317.jpeg"
"168527003","Staffordshire","Retail Property (Shopping Centre)","30 Brook Square, Rugeley, Staffordshire, WS15","£2,500 pcm","","","","Retail unit with staff & storage facilities available in Rugeley town centre","https://www.rightmove.co.uk/properties/168527003#/?channel=COM_LET","2025-10-23T12:39:22Z","","new","Marketed by Andrew Dixon & Company, Cannock","","52.75941","-1.93639","https://media.rightmove.co.uk:443/dir/crop/10:9-16:9/296k/295259/168527003/295259_CABP2061ELH_IMG_00_0000_max_476x317.png; https://media.rightmove.co.uk:443/dir/crop/10:9-16:9/296k/295259/168527003/295259_CABP2061ELH_IMG_01_0000_max_476x317.png; https://media.rightmove.co.uk:443/dir/crop/10:9-16:9/296k/295259/168527003/295259_CABP2061ELH_IMG_02_0000_max_476x317.jpeg; https://media.rightmove.co.uk:443/dir/crop/10:9-16:9/296k/295259/168527003/295259_CABP2061ELH_IMG_03_0000_max_476x317.jpeg; https://media.rightmove.co.uk:443/dir/crop/10:9-16:9/296k/295259/168527003/295259_CABP2061ELH_IMG_04_0000_max_476x317.jpeg; https://media.rightmove.co.uk:443/dir/crop/10:9-16:9/296k/295259/168527003/295259_CABP2061ELH_IMG_05_0000_max_476x317.jpeg; https://media.rightmove.co.uk:443/dir/crop/10:9-16:9/296k/295259/168527003/295259_CABP2061ELH_IMG_06_0000_max_476x317.jpeg; https://media.rightmove.co.uk:443/dir/crop/10:9-16:9/296k/295259/168527003/295259_CABP2061ELH_IMG_07_0000_max_476x317.jpeg; https://media.rightmove.co.uk:443/dir/crop/10:9-16:9/296k/295259/168527003/295259_CABP2061ELH_IMG_08_0000_max_476x317.jpeg"
"168526028","Staffordshire","Retail Property (high street)","Shop 1, Left Hand Side, 31 Wolverhampton Road, Cannock, Staffordshire, WS11","£700 pcm","","","","Retail storefront in Cannock town centre","https://www.rightmove.co.uk/properties/168526028#/?channel=COM_LET","2025-10-23T12:27:30Z","","new","Marketed by Andrew Dixon & Company, Cannock","","52.68742","-2.03176","https://media.rightmove.co.uk:443/dir/crop/10:9-16:9/296k/295259/168526028/295259_CABP2350AWH_IMG_01_0000_max_476x317.jpeg; https://media.rightmove.co.uk:443/dir/crop/10:9-16:9/296k/295259/168526028/295259_CABP2350AWH_IMG_00_0000_max_476x317.jpeg"
"168525359","Staffordshire","Serviced Office","Suite 1 2nd Floor, Pendragon House, Ridings Park, Eastern Way, Cannock, Staffordshire, WS11","£750 pcm","","","","Second floor suite available in modern office building with allocated parking","https://www.rightmove.co.uk/properties/168525359#/?channel=COM_LET","2025-10-23T12:11:16Z","","new","Marketed by Andrew Dixon & Company, Cannock","","52.69821","-2.00958","https://media.rightmove.co.uk:443/dir/crop/10:9-16:9/296k/295259/168525359/295259_CABP2467KMC_IMG_00_0000_max_476x317.jpeg; https://media.rightmove.co.uk:443/dir/crop/10:9-16:9/296k/295259/168525359/295259_CABP2467KMC_IMG_02_0000_max_476x317.jpeg; https://media.rightmove.co.uk:443/dir/crop/10:9-16:9/296k/295259/168525359/295259_CABP2467KMC_IMG_01_0000_max_476x317.jpeg; https://media.rightmove.co.uk:443/dir/crop/10:9-16:9/296k/295259/168525359/295259_CABP2467KMC_IMG_03_0000_max_476x317.png; https://media.rightmove.co.uk:443/dir/crop/10:9-16:9/296k/295259/168525359/295259_CABP2467KMC_IMG_04_0000_max_476x317.png"
"168524633","Staffordshire","Serviced Office","Ground Floor Office Suites, Churchil House, Hyssop Close, Cannock, Staffordshire, WS11","£700 pcm","","","","Individual ground floor suites available with shared amenities","https://www.rightmove.co.uk/properties/168524633#/?channel=COM_LET","2025-10-23T12:03:28Z","","new","Marketed by Andrew Dixon & Company, Cannock","","52.69659","-2.00632","https://media.rightmove.co.uk:443/dir/crop/10:9-16:9/296k/295259/168524633/295259_CABP2453AWH_IMG_00_0001_max_476x317.jpeg"
"168524231","Staffordshire","Office","Security House, Littleton Drive, Cannock, Staffordshire, WS12","£1,900 pcm","","","","Modern, detached two storey office building with fenced car park","https://www.rightmove.co.uk/properties/168524231#/?channel=COM_LET","2025-10-23T11:57:50Z","","new","Marketed by Andrew Dixon & Company, Cannock","","52.716","-2.04452","https://media.rightmove.co.uk:443/dir/crop/10:9-16:9/296k/295259/168524231/295259_CABP2422KMC_IMG_06_0000_max_476x317.jpeg; https://media.rightmove.co.uk:443/dir/crop/10:9-16:9/296k/295259/168524231/295259_CABP2422KMC_IMG_05_0000_max_476x317.jpeg; https://media.rightmove.co.uk:443/dir/crop/10:9-16:9/296k/295259/168524231/295259_CABP2422KMC_IMG_00_0000_max_476x317.jpeg; https://media.rightmove.co.uk:443/dir/crop/10:9-16:9/296k/295259/168524231/295259_CABP2422KMC_IMG_07_0000_max_476x317.jpeg; https://media.rightmove.co.uk:443/dir/crop/10:9-16:9/296k/295259/168524231/295259_CABP2422KMC_IMG_08_0000_max_476x317.jpeg; https://media.rightmove.co.uk:443/dir/crop/10:9-16:9/296k/295259/168524231/295259_CABP2422KMC_IMG_09_0000_max_476x317.jpeg; https://media.rightmove.co.uk:443/dir/crop/10:9-16:9/296k/295259/168524231/295259_CABP2422KMC_IMG_10_0000_max_476x317.jpeg; https://media.rightmove.co.uk:443/dir/crop/10:9-16:9/296k/295259/168524231/295259_CABP2422KMC_IMG_01_0000_max_476x317.jpeg; https://media.rightmove.co.uk:443/dir/crop/10:9-16:9/296k/295259/168524231/295259_CABP2422KMC_IMG_11_0000_max_476x317.jpeg; https://media.rightmove.co.uk:443/dir/crop/10:9-16:9/296k/295259/168524231/295259_CABP2422KMC_IMG_12_0000_max_476x317.jpeg; https://media.rightmove.co.uk:443/dir/crop/10:9-16:9/296k/295259/168524231/295259_CABP2422KMC_IMG_13_0000_max_476x317.jpeg; https://media.rightmove.co.uk:443/dir/crop/10:9-16:9/296k/295259/168524231/295259_CABP2422KMC_IMG_14_0000_max_476x317.jpeg; https://media.rightmove.co.uk:443/dir/crop/10:9-16:9/296k/295259/168524231/295259_CABP2422KMC_IMG_15_0000_max_476x317.jpeg"
"168523679","Staffordshire","Office","Suite 1 Ground Floor, Commerce House, Ridings Park, Eastern Way, Cannock, Staffordshire, WS11","£933 pcm","","","","Modern ground floor office suite available in central Cannock location with allocated parking","https://www.rightmove.co.uk/properties/168523679#/?channel=COM_LET","2025-10-23T11:51:37Z","","new","Marketed by Andrew Dixon & Company, Cannock","","52.69713","-2.01017","https://media.rightmove.co.uk:443/dir/crop/10:9-16:9/296k/295259/168523679/295259_CABP2400KMC_IMG_06_0000_max_476x317.jpeg; https://media.rightmove.co.uk:443/dir/crop/10:9-16:9/296k/295259/168523679/295259_CABP2400KMC_IMG_15_0000_max_476x317.jpeg; https://media.rightmove.co.uk:443/dir/crop/10:9-16:9/296k/295259/168523679/295259_CABP2400KMC_IMG_09_0000_max_476x317.jpeg; https://media.rightmove.co.uk:443/dir/crop/10:9-16:9/296k/295259/168523679/295259_CABP2400KMC_IMG_16_0000_max_476x317.jpeg; https://media.rightmove.co.uk:443/dir/crop/10:9-16:9/296k/295259/168523679/295259_CABP2400KMC_IMG_07_0001_max_476x317.jpeg; https://media.rightmove.co.uk:443/dir/crop/10:9-16:9/296k/295259/168523679/295259_CABP2400KMC_IMG_08_0000_max_476x317.jpeg; https://media.rightmove.co.uk:443/dir/crop/10:9-16:9/296k/295259/168523679/295259_CABP2400KMC_IMG_10_0000_max_476x317.jpeg; https://media.rightmove.co.uk:443/dir/crop/10:9-16:9/296k/295259/168523679/295259_CABP2400KMC_IMG_11_0000_max_476x317.jpeg; https://media.rightmove.co.uk:443/dir/crop/10:9-16:9/296k/295259/168523679/295259_CABP2400KMC_IMG_12_0000_max_476x317.jpeg; https://media.rightmove.co.uk:443/dir/crop/10:9-16:9/296k/295259/168523679/295259_CABP2400KMC_IMG_13_0000_max_476x317.jpeg; https://media.rightmove.co.uk:443/dir/crop/10:9-16:9/296k/295259/168523679/295259_CABP2400KMC_IMG_14_0000_max_476x317.jpeg"
"158157428","Staffordshire","Office","The Stables, The Bradshaws (Offices), Holyhead Road, Codsall","£900 pcm","","","","Located within a private estate, The Stables have been converted to create a light and spacious office space. The stables offer 2,720 sqft of interconnected office space over ground and first floors with views over courtyard gardens. Facilities include a kitchen area, a secure document storage r...","https://www.rightmove.co.uk/properties/158157428#/?channel=COM_LET","2025-02-12T13:01:00Z","","price_reduced","Marketed by Bulleys Chartered Surveyors, Telford","","52.620117","-2.22582","https://media.rightmove.co.uk:443/dir/crop/10:9-16:9/282k/281315/158157428/281315_BTEL1773-LET_IMG_01_0003_max_476x317.jpeg; https://media.rightmove.co.uk:443/dir/crop/10:9-16:9/282k/281315/158157428/281315_BTEL1773-LET_IMG_02_0003_max_476x317.jpeg; https://media.rightmove.co.uk:443/dir/crop/10:9-16:9/282k/281315/158157428/281315_BTEL1773-LET_IMG_03_0003_max_476x317.jpeg; https://media.rightmove.co.uk:443/dir/crop/10:9-16:9/282k/281315/158157428/281315_BTEL1773-LET_IMG_04_0003_max_476x317.jpeg; https://media.rightmove.co.uk:443/dir/crop/10:9-16:9/282k/281315/158157428/281315_BTEL1773-LET_IMG_05_0003_max_476x317.jpeg; https://media.rightmove.co.uk:443/dir/crop/10:9-16:9/282k/281315/158157428/281315_BTEL1773-LET_IMG_00_0003_max_476x317.jpeg"
"168515165","Staffordshire","Office","Unit 20, Quinton Court, Great Wyrley, Staffordshire, WS6 6DY","£958 pcm","","","","The subjects comprise a ground floor retail unit with a glazed frontage. Internally, the premises comprise an open plan sales area, with a tea prep/staff area, WC and an access into the service yard to the rear.","https://www.rightmove.co.uk/properties/168515165#/?channel=COM_LET","2025-10-23T09:44:21Z","","new","Marketed by Creative Retail, Birmingham","","52.657421","-2.016956","https://media.rightmove.co.uk:443/dir/crop/10:9-16:9/192k/191489/168515165/191489_416LH_IMG_00_0000_max_476x317.jpeg"
"168513872","Staffordshire","Office","41 Anglesey Bus. Centre, Anglesey Rd, Burton-On-Trent DE14 3NT","£366 pcm","","","","Second floor well presented office. Includes 24 hour access with fob entry, manned reception and bookable meeting room. Shared kitchen with outdoor patio area and WCs. Well behaved pets accepted. Externally there is ample car parking operated on a first come first serve basis with an entrance ...","https://www.rightmove.co.uk/properties/168513872#/?channel=COM_LET","2025-10-23T09:22:01Z","","new","Marketed by OMEETO LTD, Derbyshire","","52.799952","-1.647196","https://media.rightmove.co.uk:443/dir/crop/10:9-16:9/226k/225461/168513872/225461_822LH_IMG_00_0000_max_476x317.jpeg; https://media.rightmove.co.uk:443/dir/crop/10:9-16:9/226k/225461/168513872/225461_822LH_IMG_01_0000_max_476x317.jpeg; https://media.rightmove.co.uk:443/dir/crop/10:9-16:9/226k/225461/168513872/225461_822LH_IMG_02_0000_max_476x317.jpeg; https://media.rightmove.co.uk:443/dir/crop/10:9-16:9/226k/225461/168513872/225461_822LH_IMG_03_0000_max_476x317.jpeg; https://media.rightmove.co.uk:443/dir/crop/10:9-16:9/226k/225461/168513872/225461_822LH_IMG_04_0000_max_476x317.jpeg; https://media.rightmove.co.uk:443/dir/crop/10:9-16:9/226k/225461/168513872/225461_822LH_IMG_05_0000_max_476x317.jpeg"
"168498032","Staffordshire","Office","11 Queen Street, Cannock, Staffordshire, WS11","£1,063 pcm","","","","Detached two storey office building in Cannock with allocated parking","https://www.rightmove.co.uk/properties/168498032#/?channel=COM_LET","2025-10-22T16:33:01Z","","new","Marketed by Andrew Dixon & Company, Cannock","","52.68778","-2.03324","https://media.rightmove.co.uk:443/dir/crop/10:9-16:9/property-photo/a4700c518/168498032/a4700c518f02a99d8a3905e5c411314f_max_476x317.jpeg; https://media.rightmove.co.uk:443/dir/crop/10:9-16:9/property-photo/6eea24d91/168498032/6eea24d91c474da74eb4c3de9151e5a5_max_476x317.jpeg; https://media.rightmove.co.uk:443/dir/crop/10:9-16:9/property-photo/59bc6c513/168498032/59bc6c513e0909c20a0de46c840f99ce_max_476x317.jpeg; https://media.rightmove.co.uk:443/dir/crop/10:9-16:9/property-photo/c42aa7251/168498032/c42aa7251d3addab596245ac3e191c06_max_476x317.jpeg; https://media.rightmove.co.uk:443/dir/crop/10:9-16:9/property-photo/f5815461f/168498032/f5815461f57d4e5a7308a387152aec36_max_476x317.jpeg; https://media.rightmove.co.uk:443/dir/crop/10:9-16:9/property-photo/3295a6c16/168498032/3295a6c16f6b7f9fc451572b4670a4a2_max_476x317.jpeg; https://media.rightmove.co.uk:443/dir/crop/10:9-16:9/property-photo/23b7022ae/168498032/23b7022ae3b4f3f0fb9c9046ea8e0f4b_max_476x317.jpeg; https://media.rightmove.co.uk:443/dir/crop/10:9-16:9/property-photo/ab4c0154d/168498032/ab4c0154df9b0ff8b743aa4479f53e42_max_476x317.jpeg; https://media.rightmove.co.uk:443/dir/crop/10:9-16:9/property-photo/0c1dea42f/168498032/0c1dea42fdd643aa09bfa8f340e3a025_max_476x317.jpeg; https://media.rightmove.co.uk:443/dir/crop/10:9-16:9/property-photo/6bc9241d4/168498032/6bc9241d4ec2a67aa2ab21bbce095ecc_max_476x317.jpeg; https://media.rightmove.co.uk:443/dir/crop/10:9-16:9/property-photo/e02a97636/168498032/e02a97636cc67b5d359c33b2e7e9d68e_max_476x317.jpeg"
"168496958","Staffordshire","Office","The Roller Mill, Teddesley Road, ST19","£2,056 pcm","","","","First & Second Floor Suites available in Penkridge character property","https://www.rightmove.co.uk/properties/168496958#/?channel=COM_LET","2025-10-22T16:20:07Z","","new","Marketed by Andrew Dixon & Company, Cannock","","52.72845","-2.11146","https://media.rightmove.co.uk:443/dir/crop/10:9-16:9/296k/295259/168496958/295259_CABP2267KMC_IMG_01_0000_max_476x317.jpeg; https://media.rightmove.co.uk:443/dir/crop/10:9-16:9/296k/295259/168496958/295259_CABP2267KMC_IMG_00_0000_max_476x317.jpeg; https://media.rightmove.co.uk:443/dir/crop/10:9-16:9/296k/295259/168496958/295259_CABP2267KMC_IMG_02_0000_max_476x317.jpeg; https://media.rightmove.co.uk:443/dir/crop/10:9-16:9/296k/295259/168496958/295259_CABP2267KMC_IMG_03_0000_max_476x317.jpeg; https://media.rightmove.co.uk:443/dir/crop/10:9-16:9/296k/295259/168496958/295259_CABP2267KMC_IMG_04_0000_max_476x317.jpeg"
"168496178","Staffordshire","Office","Ground Floor Towers Point, Wheelhouse Road, Rugeley, Staffordshire, WS15","£951 pcm","","","","Modern open plan ground floor office available with allocated parking","https://www.rightmove.co.uk/properties/168496178#/?channel=COM_LET","2025-10-22T16:05:11Z","","new","Marketed by Andrew Dixon & Company, Cannock","","52.74888","-1.91255","https://media.rightmove.co.uk:443/dir/crop/10:9-16:9/property-photo/87aad3106/168496178/87aad3106a1e31fb24dcd8c7b4f4143b_max_476x317.jpeg; https://media.rightmove.co.uk:443/dir/crop/10:9-16:9/property-photo/f54a02f8f/168496178/f54a02f8f73f729ef88c184cde1ef220_max_476x317.jpeg; https://media.rightmove.co.uk:443/dir/crop/10:9-16:9/property-photo/c57af9dd7/168496178/c57af9dd72722413b396e35e9bc95409_max_476x317.jpeg; https://media.rightmove.co.uk:443/dir/crop/10:9-16:9/property-photo/6dc6d4d4a/168496178/6dc6d4d4a72d981f9dc236ac8806832a_max_476x317.jpeg"
"168494597","Staffordshire","Office","Offices at The Graduation Centre, Progress Drive, Cannock, Staffordshire, WS11","£6,146 pcm","","","","Large modern refurbished office available in prominent Cannock location","https://www.rightmove.co.uk/properties/168494597#/?channel=COM_LET","2025-10-22T15:46:48Z","","new","Marketed by Andrew Dixon & Company, Cannock","","52.67942","-2.02421","https://media.rightmove.co.uk:443/dir/crop/10:9-16:9/296k/295259/168494597/295259_CABP1958ELH_IMG_16_0000_max_476x317.jpeg; https://media.rightmove.co.uk:443/dir/crop/10:9-16:9/296k/295259/168494597/295259_CABP1958ELH_IMG_06_0000_max_476x317.jpeg; https://media.rightmove.co.uk:443/dir/crop/10:9-16:9/296k/295259/168494597/295259_CABP1958ELH_IMG_07_0000_max_476x317.jpeg; https://media.rightmove.co.uk:443/dir/crop/10:9-16:9/296k/295259/168494597/295259_CABP1958ELH_IMG_00_0001_max_476x317.jpeg; https://media.rightmove.co.uk:443/dir/crop/10:9-16:9/296k/295259/168494597/295259_CABP1958ELH_IMG_08_0000_max_476x317.jpeg; https://media.rightmove.co.uk:443/dir/crop/10:9-16:9/296k/295259/168494597/295259_CABP1958ELH_IMG_01_0001_max_476x317.jpeg; https://media.rightmove.co.uk:443/dir/crop/10:9-16:9/296k/295259/168494597/295259_CABP1958ELH_IMG_04_0000_max_476x317.jpeg; https://media.rightmove.co.uk:443/dir/crop/10:9-16:9/296k/295259/168494597/295259_CABP1958ELH_IMG_09_0000_max_476x317.jpeg; https://media.rightmove.co.uk:443/dir/crop/10:9-16:9/296k/295259/168494597/295259_CABP1958ELH_IMG_11_0000_max_476x317.jpeg; https://media.rightmove.co.uk:443/dir/crop/10:9-16:9/296k/295259/168494597/295259_CABP1958ELH_IMG_10_0000_max_476x317.jpeg; https://media.rightmove.co.uk:443/dir/crop/10:9-16:9/296k/295259/168494597/295259_CABP1958ELH_IMG_02_0001_max_476x317.jpeg; https://media.rightmove.co.uk:443/dir/crop/10:9-16:9/296k/295259/168494597/295259_CABP1958ELH_IMG_03_0000_max_476x317.jpeg; https://media.rightmove.co.uk:443/dir/crop/10:9-16:9/296k/295259/168494597/295259_CABP1958ELH_IMG_12_0000_max_476x317.jpeg; https://media.rightmove.co.uk:443/dir/crop/10:9-16:9/296k/295259/168494597/295259_CABP1958ELH_IMG_13_0000_max_476x317.jpeg; https://media.rightmove.co.uk:443/dir/crop/10:9-16:9/296k/295259/168494597/295259_CABP1958ELH_IMG_14_0000_max_476x317.jpeg; https://media.rightmove.co.uk:443/dir/crop/10:9-16:9/296k/295259/168494597/295259_CABP1958ELH_IMG_05_0000_max_476x317.jpeg; https://media.rightmove.co.uk:443/dir/crop/10:9-16:9/296k/295259/168494597/295259_CABP1958ELH_IMG_15_0000_max_476x317.jpeg; https://media.rightmove.co.uk:443/dir/crop/10:9-16:9/296k/295259/168494597/295259_CABP1958ELH_IMG_17_0000_max_476x317.jpeg"
"168481220","Staffordshire","Retail Property (high street)","10/11 Middle Entry Shopping Centre, Market Street, Tamworth, Staffs, B79 7NJ","£2,500 pcm","","","","The property is prominently situated on the entrance to Middle Entry Shopping Centre and provides ground floor sales with open plan glazed frontage across split levels on the ground floor with rear servicing. The property benefits from ancillary storage kitchen and WC accommodation on the first ...","https://www.rightmove.co.uk/properties/168481220#/?channel=COM_LET","2025-10-22T12:34:13Z","","new","Marketed by Burley Browne, Sutton Coldfield","","52.633188","-1.695086","https://media.rightmove.co.uk:443/dir/crop/10:9-16:9/110k/109673/168481220/109673_8156LH_IMG_00_0000_max_476x317.jpeg; https://media.rightmove.co.uk:443/dir/crop/10:9-16:9/110k/109673/168481220/109673_8156LH_IMG_01_0000_max_476x317.jpeg; https://media.rightmove.co.uk:443/dir/crop/10:9-16:9/110k/109673/168481220/109673_8156LH_IMG_02_0000_max_476x317.jpeg; https://media.rightmove.co.uk:443/dir/crop/10:9-16:9/110k/109673/168481220/109673_8156LH_IMG_03_0000_max_476x317.jpeg; https://media.rightmove.co.uk:443/dir/crop/10:9-16:9/110k/109673/168481220/109673_8156LH_IMG_04_0000_max_476x317.jpeg; https://media.rightmove.co.uk:443/dir/crop/10:9-16:9/110k/109673/168481220/109673_8156LH_IMG_05_0000_max_476x317.jpeg; https://media.rightmove.co.uk:443/dir/crop/10:9-16:9/110k/109673/168481220/109673_8156LH_IMG_06_0000_max_476x317.jpeg; https://media.rightmove.co.uk:443/dir/crop/10:9-16:9/110k/109673/168481220/109673_8156LH_IMG_07_0000_max_476x317.jpeg; https://media.rightmove.co.uk:443/dir/crop/10:9-16:9/110k/109673/168481220/109673_8156LH_IMG_08_0000_max_476x317.jpeg; https://media.rightmove.co.uk:443/dir/crop/10:9-16:9/110k/109673/168481220/109673_8156LH_IMG_09_0000_max_476x317.jpeg; https://media.rightmove.co.uk:443/dir/crop/10:9-16:9/110k/109673/168481220/109673_8156LH_IMG_10_0000_max_476x317.jpeg; https://media.rightmove.co.uk:443/dir/crop/10:9-16:9/110k/109673/168481220/109673_8156LH_IMG_11_0000_max_476x317.jpeg; https://media.rightmove.co.uk:443/dir/crop/10:9-16:9/110k/109673/168481220/109673_8156LH_IMG_12_0000_max_476x317.jpeg; https://media.rightmove.co.uk:443/dir/crop/10:9-16:9/110k/109673/168481220/109673_8156LH_IMG_13_0000_max_476x317.jpeg; https://media.rightmove.co.uk:443/dir/crop/10:9-16:9/110k/109673/168481220/109673_8156LH_IMG_14_0000_max_476x317.jpeg; https://media.rightmove.co.uk:443/dir/crop/10:9-16:9/110k/109673/168481220/109673_8156LH_IMG_15_0000_max_476x317.jpeg; https://media.rightmove.co.uk:443/dir/crop/10:9-16:9/110k/109673/168481220/109673_8156LH_IMG_16_0000_max_476x317.jpeg; https://media.rightmove.co.uk:443/dir/crop/10:9-16:9/110k/109673/168481220/109673_8156LH_IMG_17_0000_max_476x317.jpeg; https://media.rightmove.co.uk:443/dir/crop/10:9-16:9/110k/109673/168481220/109673_8156LH_IMG_18_0000_max_476x317.jpeg"
"168474551","Staffordshire","Shop","Shop 9 Victorian New Hall, High Green, Cannock","£395 pcm","","","","Shop to let in Cannock town centre. Available immediately. No deposit required.","https://www.rightmove.co.uk/properties/168474551#/?channel=COM_LET","2025-10-22T11:20:42Z","","size_change","Marketed by Fred Pritchard Real Estate Limited, Cannock","","52.6894","-2.03236","https://media.rightmove.co.uk:443/dir/crop/10:9-16:9/290k/289910/168474551/289910_VNS9_IMG_05_0000_max_476x317.jpeg; https://media.rightmove.co.uk:443/dir/crop/10:9-16:9/290k/289910/168474551/289910_VNS9_IMG_03_0000_max_476x317.jpeg; https://media.rightmove.co.uk:443/dir/crop/10:9-16:9/290k/289910/168474551/289910_VNS9_IMG_02_0000_max_476x317.jpeg; https://media.rightmove.co.uk:443/dir/crop/10:9-16:9/290k/289910/168474551/289910_VNS9_IMG_00_0000_max_476x317.jpeg; https://media.rightmove.co.uk:443/dir/crop/10:9-16:9/290k/289910/168474551/289910_VNS9_IMG_01_0000_max_476x317.jpeg; https://media.rightmove.co.uk:443/dir/crop/10:9-16:9/290k/289910/168474551/289910_VNS9_IMG_04_0000_max_476x317.jpeg"
"163765160","Staffordshire","Shop","Lichfield Street, Burton upon Trent, DE14","£550 pcm","","1","1","Nicholas Humphreys are pleased to bring this retail shop until to the letting market. The property is situated in a superb location within the town centre. This retail unit has a rear scullery and w/c and storage room to the first floor. Viewing is highly recommended - Call Nicholas Humphreys...","https://www.rightmove.co.uk/properties/163765160#/?channel=COM_LET","2025-06-25T10:22:09Z","","price_reduced","Marketed by Nicholas Humphreys, Burton-on-Trent","","52.79932","-1.63391","https://media.rightmove.co.uk:443/dir/crop/10:9-16:9/40k/39818/163765160/39818_P263_IMG_00_0000_max_476x317.jpeg"
"168469049","Staffordshire","Office","Wolverhampton Road, WV8","£542 pcm","","","","Self contained office suite in popular village location","https://www.rightmove.co.uk/properties/168469049#/?channel=COM_LET","2025-10-22T09:52:42Z","","new","Marketed by Michael Tromans & Co, Wolverhampton","","52.62497","-2.18979","https://media.rightmove.co.uk:443/dir/crop/10:9-16:9/296k/295898/168469049/295898_Adriana45_IMG_00_0000_max_476x317.jpeg; https://media.rightmove.co.uk:443/dir/crop/10:9-16:9/296k/295898/168469049/295898_Adriana45_IMG_01_0000_max_476x317.jpeg; https://media.rightmove.co.uk:443/dir/crop/10:9-16:9/296k/295898/168469049/295898_Adriana45_IMG_02_0000_max_476x317.jpeg; https://media.rightmove.co.uk:443/dir/crop/10:9-16:9/296k/295898/168469049/295898_Adriana45_IMG_03_0000_max_476x317.jpeg; https://media.rightmove.co.uk:443/dir/crop/10:9-16:9/296k/295898/168469049/295898_Adriana45_IMG_04_0000_max_476x317.jpeg; https://media.rightmove.co.uk:443/dir/crop/10:9-16:9/296k/295898/168469049/295898_Adriana45_IMG_05_0000_max_476x317.jpeg"
"168466640","Staffordshire","Light Industrial","Unit 4  Lower Lanes Business Park, Fox Road, Seisdon, Wolverhampton, WV6 7EL","£9,375 pcm","","","","Former food processing, storage and distribution unit.","https://www.rightmove.co.uk/properties/168466640#/?channel=COM_LET","2025-10-22T09:18:08Z","","new","Marketed by Michael Tromans & Co, Wolverhampton","","52.55451","-2.25722","https://media.rightmove.co.uk:443/dir/crop/10:9-16:9/property-photo/0a792c91c/168466640/0a792c91ccd888f4cd086f97b73aabcd_max_476x317.jpeg; https://media.rightmove.co.uk:443/dir/crop/10:9-16:9/property-photo/b0480d072/168466640/b0480d0720b0794f64cbc076d5778349_max_476x317.jpeg; https://media.rightmove.co.uk:443/dir/crop/10:9-16:9/property-photo/75dbd044f/168466640/75dbd044f57061bb27af78f134a95f46_max_476x317.jpeg"
"168446666","Staffordshire","Light Industrial","Units 1, 2 & 3 Lower Lanes Business Park, Fox Road, Seisdon, Wolverhampton, WV6 7EL","POA","","","","Three detached warehouse units (can be taken separately) with a minimum eaves height of approximately 10m.The site benefits from a 700A and 500A supply and in addition there are diesel back up generators.24/7 security monitored by Chubb.","https://www.rightmove.co.uk/properties/168446666#/?channel=COM_LET","2025-10-22T09:01:35Z","","new","Marketed by Michael Tromans & Co, Wolverhampton","","52.55517","-2.25872","https://media.rightmove.co.uk:443/dir/crop/10:9-16:9/property-photo/5f531d7ed/168446666/5f531d7ed02be1d33a41e413111cb16a_max_476x317.jpeg; https://media.rightmove.co.uk:443/dir/crop/10:9-16:9/property-photo/f1a8e5808/168446666/f1a8e5808ba8304fed90013675b84690_max_476x317.jpeg; https://media.rightmove.co.uk:443/dir/crop/10:9-16:9/property-photo/2a86d7cab/168446666/2a86d7cabeaf8f31b47e6493d7b7c3bc_max_476x317.jpeg; https://media.rightmove.co.uk:443/dir/crop/10:9-16:9/property-photo/11138682b/168446666/11138682b66102b7dd55250fcd04d19c_max_476x317.jpeg; https://media.rightmove.co.uk:443/dir/crop/10:9-16:9/property-photo/04d91af32/168446666/04d91af3223f8865c8aa15285e4910d3_max_476x317.jpeg; https://media.rightmove.co.uk:443/dir/crop/10:9-16:9/property-photo/75dbd044f/168446666/75dbd044f57061bb27af78f134a95f46_max_476x317.jpeg"
"168465749","Staffordshire","Retail Property (high street)","Station Road, Codsall, WV8","£2,000 pcm","","","","Large shop in affluent location","https://www.rightmove.co.uk/properties/168465749#/?channel=COM_LET","2025-10-22T08:45:53Z","","new","Marketed by Michael Tromans & Co, Wolverhampton","","52.6299","-2.20163","https://media.rightmove.co.uk:443/dir/crop/10:9-16:9/296k/295898/168465749/295898_Doris37_IMG_00_0000_max_476x317.jpeg"
"158198762","Staffordshire","Office","Ventura House, Ventura Park Road, Tamworth, B78 3HL","POA","","","","Office Suites To Let","https://www.rightmove.co.uk/properties/158198762#/?channel=COM_LET","2025-02-13T09:31:50Z","","size_change","Marketed by JLL, Birmingham - Office","","52.626135","-1.708127","https://media.rightmove.co.uk:443/dir/crop/10:9-16:9/264k/263630/158198762/263630_276012-2_IMG_13_0000_max_476x317.jpeg; https://media.rightmove.co.uk:443/dir/crop/10:9-16:9/264k/263630/158198762/263630_276012-2_IMG_00_0001_max_476x317.jpeg; https://media.rightmove.co.uk:443/dir/crop/10:9-16:9/264k/263630/158198762/263630_276012-2_IMG_06_0001_max_476x317.jpeg; https://media.rightmove.co.uk:443/dir/crop/10:9-16:9/264k/263630/158198762/263630_276012-2_IMG_02_0001_max_476x317.jpeg; https://media.rightmove.co.uk:443/dir/crop/10:9-16:9/264k/263630/158198762/263630_276012-2_IMG_01_0001_max_476x317.jpeg; https://media.rightmove.co.uk:443/dir/crop/10:9-16:9/264k/263630/158198762/263630_276012-2_IMG_08_0001_max_476x317.jpeg; https://media.rightmove.co.uk:443/dir/crop/10:9-16:9/264k/263630/158198762/263630_276012-2_IMG_07_0001_max_476x317.jpeg; https://media.rightmove.co.uk:443/dir/crop/10:9-16:9/264k/263630/158198762/263630_276012-2_IMG_03_0001_max_476x317.jpeg; https://media.rightmove.co.uk:443/dir/crop/10:9-16:9/264k/263630/158198762/263630_276012-2_IMG_14_0000_max_476x317.jpeg; https://media.rightmove.co.uk:443/dir/crop/10:9-16:9/264k/263630/158198762/263630_276012-2_IMG_15_0000_max_476x317.jpeg; https://media.rightmove.co.uk:443/dir/crop/10:9-16:9/264k/263630/158198762/263630_276012-2_IMG_17_0000_max_476x317.jpeg; https://media.rightmove.co.uk:443/dir/crop/10:9-16:9/264k/263630/158198762/263630_276012-2_IMG_16_0000_max_476x317.jpeg; https://media.rightmove.co.uk:443/dir/crop/10:9-16:9/264k/263630/158198762/263630_276012-2_IMG_12_0000_max_476x317.jpeg; https://media.rightmove.co.uk:443/dir/crop/10:9-16:9/264k/263630/158198762/263630_276012-2_IMG_11_0000_max_476x317.jpeg"
"87297639","Staffordshire","Warehouse","Alan Alfred Avenue, Stoke-On-Trent, United Kingdom, ST4","£10 pcm","","","","Property Ref: 15696 Go Store is Stoke-on-Trent's newest, most advanced storage facility, purpose-built to meet the demands of modern business. …","https://www.rightmove.co.uk/properties/87297639#/?channel=COM_LET","2025-10-14T11:49:06Z","","size_change","Marketed by 99 Home, London","","52.99759","-2.157663","https://media.rightmove.co.uk:443/dir/crop/10:9-16:9/292k/291917/87297639/291917_15696_EAF_251406_IMG_00_0001_max_476x317.jpeg; https://media.rightmove.co.uk:443/dir/crop/10:9-16:9/292k/291917/87297639/291917_15696_EAF_251406_IMG_10_0000_max_476x317.jpeg; https://media.rightmove.co.uk:443/dir/crop/10:9-16:9/292k/291917/87297639/291917_15696_EAF_251406_IMG_01_0001_max_476x317.jpeg; https://media.rightmove.co.uk:443/dir/crop/10:9-16:9/292k/291917/87297639/291917_15696_EAF_251406_IMG_02_0001_max_476x317.jpeg; https://media.rightmove.co.uk:443/dir/crop/10:9-16:9/292k/291917/87297639/291917_15696_EAF_251406_IMG_11_0000_max_476x317.jpeg; https://media.rightmove.co.uk:443/dir/crop/10:9-16:9/292k/291917/87297639/291917_15696_EAF_251406_IMG_03_0001_max_476x317.jpeg; https://media.rightmove.co.uk:443/dir/crop/10:9-16:9/292k/291917/87297639/291917_15696_EAF_251406_IMG_05_0001_max_476x317.jpeg; https://media.rightmove.co.uk:443/dir/crop/10:9-16:9/292k/291917/87297639/291917_15696_EAF_251406_IMG_06_0001_max_476x317.jpeg; https://media.rightmove.co.uk:443/dir/crop/10:9-16:9/292k/291917/87297639/291917_15696_EAF_251406_IMG_04_0001_max_476x317.jpeg; https://media.rightmove.co.uk:443/dir/crop/10:9-16:9/292k/291917/87297639/291917_15696_EAF_251406_IMG_07_0001_max_476x317.jpeg; https://media.rightmove.co.uk:443/dir/crop/10:9-16:9/292k/291917/87297639/291917_15696_EAF_251406_IMG_09_0001_max_476x317.jpeg"
"722867610921440","Staffordshire","Distribution Warehouse","Unit 5, Axis 5  Lichfield South, Wall Island, Birmingham Road, Lichfield, WS14 0QP","POA","","","","AVAILABLE FROM Q2 2026","https://www.rightmove.co.uk/properties/722867610921440#/?channel=COM_LET","2025-12-03T11:40:07Z","","new","Marketed by Garrison Real Estate Limited, Solihull","","52.653443","-1.836125","https://media.rightmove.co.uk:443/dir/crop/10:9-16:9/281k/280895/722867610921440/280895_334844-2_IMG_00_0000_max_476x317.jpeg; https://media.rightmove.co.uk:443/dir/crop/10:9-16:9/281k/280895/722867610921440/280895_334844-2_IMG_01_0000_max_476x317.jpeg; https://media.rightmove.co.uk:443/dir/crop/10:9-16:9/281k/280895/722867610921440/280895_334844-2_IMG_02_0000_max_476x317.jpeg; https://media.rightmove.co.uk:443/dir/crop/10:9-16:9/281k/280895/722867610921440/280895_334844-2_IMG_03_0000_max_476x317.jpeg; https://media.rightmove.co.uk:443/dir/crop/10:9-16:9/281k/280895/722867610921440/280895_334844-2_IMG_04_0000_max_476x317.jpeg; https://media.rightmove.co.uk:443/dir/crop/10:9-16:9/281k/280895/722867610921440/280895_334844-2_IMG_05_0000_max_476x317.jpeg; https://media.rightmove.co.uk:443/dir/crop/10:9-16:9/281k/280895/722867610921440/280895_334844-2_IMG_06_0000_max_476x317.jpeg; https://media.rightmove.co.uk:443/dir/crop/10:9-16:9/281k/280895/722867610921440/280895_334844-2_IMG_07_0000_max_476x317.jpeg"
"722867606531984","Staffordshire","Distribution Warehouse","Unit 4, Axis 5  Lichfield South, Wall Island, Birmingham Road, Lichfield, WS14 0QP","POA","","","","AVAILABLE FROM Q2 2026","https://www.rightmove.co.uk/properties/722867606531984#/?channel=COM_LET","2025-12-03T11:40:07Z","","new","Marketed by Garrison Real Estate Limited, Solihull","","52.654003","-1.836028","https://media.rightmove.co.uk:443/dir/crop/10:9-16:9/281k/280895/722867606531984/280895_334843-2_IMG_00_0000_max_476x317.jpeg; https://media.rightmove.co.uk:443/dir/crop/10:9-16:9/281k/280895/722867606531984/280895_334843-2_IMG_01_0000_max_476x317.jpeg; https://media.rightmove.co.uk:443/dir/crop/10:9-16:9/281k/280895/722867606531984/280895_334843-2_IMG_02_0000_max_476x317.jpeg; https://media.rightmove.co.uk:443/dir/crop/10:9-16:9/281k/280895/722867606531984/280895_334843-2_IMG_03_0000_max_476x317.jpeg; https://media.rightmove.co.uk:443/dir/crop/10:9-16:9/281k/280895/722867606531984/280895_334843-2_IMG_04_0000_max_476x317.jpeg; https://media.rightmove.co.uk:443/dir/crop/10:9-16:9/281k/280895/722867606531984/280895_334843-2_IMG_05_0000_max_476x317.jpeg; https://media.rightmove.co.uk:443/dir/crop/10:9-16:9/281k/280895/722867606531984/280895_334843-2_IMG_06_0000_max_476x317.jpeg; https://media.rightmove.co.uk:443/dir/crop/10:9-16:9/281k/280895/722867606531984/280895_334843-2_IMG_07_0000_max_476x317.jpeg"
"722867602576160","Staffordshire","Distribution Warehouse","Unit 3, Axis 5  Lichfield South, Wall Island, Birmingham Road, Lichfield, WS14 0QP","POA","","","","AVAILABLE FROM Q2 2026","https://www.rightmove.co.uk/properties/722867602576160#/?channel=COM_LET","2025-12-03T11:39:03Z","","new","Marketed by Garrison Real Estate Limited, Solihull","","52.655018","-1.835395","https://media.rightmove.co.uk:443/dir/crop/10:9-16:9/281k/280895/722867602576160/280895_334842-2_IMG_00_0000_max_476x317.jpeg; https://media.rightmove.co.uk:443/dir/crop/10:9-16:9/281k/280895/722867602576160/280895_334842-2_IMG_01_0000_max_476x317.jpeg; https://media.rightmove.co.uk:443/dir/crop/10:9-16:9/281k/280895/722867602576160/280895_334842-2_IMG_02_0000_max_476x317.jpeg; https://media.rightmove.co.uk:443/dir/crop/10:9-16:9/281k/280895/722867602576160/280895_334842-2_IMG_03_0000_max_476x317.jpeg; https://media.rightmove.co.uk:443/dir/crop/10:9-16:9/281k/280895/722867602576160/280895_334842-2_IMG_04_0000_max_476x317.jpeg; https://media.rightmove.co.uk:443/dir/crop/10:9-16:9/281k/280895/722867602576160/280895_334842-2_IMG_05_0000_max_476x317.jpeg; https://media.rightmove.co.uk:443/dir/crop/10:9-16:9/281k/280895/722867602576160/280895_334842-2_IMG_06_0000_max_476x317.jpeg; https://media.rightmove.co.uk:443/dir/crop/10:9-16:9/281k/280895/722867602576160/280895_334842-2_IMG_07_0000_max_476x317.jpeg"
"722867598382352","Staffordshire","Distribution Warehouse","Unit 2, Axis 5  Lichfield South, Wall Island, Birmingham Road, Lichfield, WS14 0QP","POA","","","","AVAILABLE FROM Q2 2026","https://www.rightmove.co.uk/properties/722867598382352#/?channel=COM_LET","2025-12-03T11:39:07Z","","new","Marketed by Garrison Real Estate Limited, Solihull","","52.653899","-1.83635","https://media.rightmove.co.uk:443/dir/crop/10:9-16:9/281k/280895/722867598382352/280895_334841-2_IMG_00_0000_max_476x317.jpeg; https://media.rightmove.co.uk:443/dir/crop/10:9-16:9/281k/280895/722867598382352/280895_334841-2_IMG_01_0000_max_476x317.jpeg; https://media.rightmove.co.uk:443/dir/crop/10:9-16:9/281k/280895/722867598382352/280895_334841-2_IMG_02_0000_max_476x317.jpeg; https://media.rightmove.co.uk:443/dir/crop/10:9-16:9/281k/280895/722867598382352/280895_334841-2_IMG_03_0000_max_476x317.jpeg; https://media.rightmove.co.uk:443/dir/crop/10:9-16:9/281k/280895/722867598382352/280895_334841-2_IMG_04_0000_max_476x317.jpeg; https://media.rightmove.co.uk:443/dir/crop/10:9-16:9/281k/280895/722867598382352/280895_334841-2_IMG_05_0000_max_476x317.jpeg; https://media.rightmove.co.uk:443/dir/crop/10:9-16:9/281k/280895/722867598382352/280895_334841-2_IMG_06_0000_max_476x317.jpeg; https://media.rightmove.co.uk:443/dir/crop/10:9-16:9/281k/280895/722867598382352/280895_334841-2_IMG_07_0000_max_476x317.jpeg"
"722867594144177","Staffordshire","Distribution Warehouse","Unit 1, Axis 5  Lichfield South, Wall Island, Birmingham Road, Lichfield, WS14 0QP","POA","","","","AVAILABLE FROM Q2 2026","https://www.rightmove.co.uk/properties/722867594144177#/?channel=COM_LET","2025-12-03T11:39:08Z","","new","Marketed by Garrison Real Estate Limited, Solihull","","52.653196","-1.836479","https://media.rightmove.co.uk:443/dir/crop/10:9-16:9/281k/280895/722867594144177/280895_334839-2_IMG_00_0000_max_476x317.jpeg; https://media.rightmove.co.uk:443/dir/crop/10:9-16:9/281k/280895/722867594144177/280895_334839-2_IMG_01_0000_max_476x317.jpeg; https://media.rightmove.co.uk:443/dir/crop/10:9-16:9/281k/280895/722867594144177/280895_334839-2_IMG_02_0000_max_476x317.jpeg; https://media.rightmove.co.uk:443/dir/crop/10:9-16:9/281k/280895/722867594144177/280895_334839-2_IMG_03_0000_max_476x317.jpeg; https://media.rightmove.co.uk:443/dir/crop/10:9-16:9/281k/280895/722867594144177/280895_334839-2_IMG_04_0000_max_476x317.jpeg; https://media.rightmove.co.uk:443/dir/crop/10:9-16:9/281k/280895/722867594144177/280895_334839-2_IMG_05_0000_max_476x317.jpeg; https://media.rightmove.co.uk:443/dir/crop/10:9-16:9/281k/280895/722867594144177/280895_334839-2_IMG_06_0000_max_476x317.jpeg; https://media.rightmove.co.uk:443/dir/crop/10:9-16:9/281k/280895/722867594144177/280895_334839-2_IMG_07_0000_max_476x317.jpeg"
"87339750","Staffordshire","Commercial Property","Tunstall Road, Stoke-On-Trent","£433 pcm","","","","Small lock up shop in town centre location just off the main shopping street and vehicular access to the main car park. Size: 23.04 m² (248 ft²) ","https://www.rightmove.co.uk/properties/87339750#/?channel=COM_LET","2025-10-16T13:37:49Z","","new","Marketed by Timothy A Brown, Congleton","","53.113831","-2.177383","https://media.rightmove.co.uk:443/dir/crop/10:9-16:9/14k/13042/87339750/13042_12709350_IMG_00_0000_max_476x317.jpeg; https://media.rightmove.co.uk:443/dir/crop/10:9-16:9/14k/13042/87339750/13042_12709350_IMG_01_0000_max_476x317.jpeg; https://media.rightmove.co.uk:443/dir/crop/10:9-16:9/14k/13042/87339750/13042_12709350_IMG_02_0000_max_476x317.jpeg; https://media.rightmove.co.uk:443/dir/crop/10:9-16:9/14k/13042/87339750/13042_12709350_IMG_03_0000_max_476x317.jpeg"
"168258677","Staffordshire","Light Industrial","Unit 7 Ranton Park, Martindale, Cannock, Staffordshire, WS11","£1,167 pcm","","","","Starter/mid-size unit with office and car parking in Cannock","https://www.rightmove.co.uk/properties/168258677#/?channel=COM_LET","2025-10-16T12:54:35Z","","new","Marketed by Andrew Dixon & Company, Cannock","","52.6947","-2.01283","https://media.rightmove.co.uk:443/dir/crop/10:9-16:9/296k/295259/168258677/295259_CABP2470AWH_IMG_01_0000_max_476x317.jpeg; https://media.rightmove.co.uk:443/dir/crop/10:9-16:9/296k/295259/168258677/295259_CABP2470AWH_IMG_00_0000_max_476x317.jpeg"
"168256865","Staffordshire","Light Industrial","Unit 4 Power Park, Wheelhouse Road, Rugeley, Staffordshire, WS15","£4,583 pcm","","","","Good sized unit with offices and car parking available in Rugeley","https://www.rightmove.co.uk/properties/168256865#/?channel=COM_LET","2025-10-16T12:46:08Z","","new","Marketed by Andrew Dixon & Company, Cannock","","52.75054","-1.91665","https://media.rightmove.co.uk:443/dir/crop/10:9-16:9/296k/295259/168256865/295259_CABP2421ELH_IMG_00_0000_max_476x317.jpeg; https://media.rightmove.co.uk:443/dir/crop/10:9-16:9/296k/295259/168256865/295259_CABP2421ELH_IMG_01_0000_max_476x317.jpeg; https://media.rightmove.co.uk:443/dir/crop/10:9-16:9/296k/295259/168256865/295259_CABP2421ELH_IMG_02_0000_max_476x317.png; https://media.rightmove.co.uk:443/dir/crop/10:9-16:9/296k/295259/168256865/295259_CABP2421ELH_IMG_03_0000_max_476x317.jpeg; https://media.rightmove.co.uk:443/dir/crop/10:9-16:9/296k/295259/168256865/295259_CABP2421ELH_IMG_04_0000_max_476x317.jpeg; https://media.rightmove.co.uk:443/dir/crop/10:9-16:9/296k/295259/168256865/295259_CABP2421ELH_IMG_05_0000_max_476x317.jpeg; https://media.rightmove.co.uk:443/dir/crop/10:9-16:9/296k/295259/168256865/295259_CABP2421ELH_IMG_06_0000_max_476x317.jpeg; https://media.rightmove.co.uk:443/dir/crop/10:9-16:9/296k/295259/168256865/295259_CABP2421ELH_IMG_07_0000_max_476x317.jpeg; https://media.rightmove.co.uk:443/dir/crop/10:9-16:9/296k/295259/168256865/295259_CABP2421ELH_IMG_08_0000_max_476x317.jpeg"
"168254813","Staffordshire","Light Industrial","Unit C at CT Paper Sales, Hawkins Drive, WS11","£3,146 pcm","","","","Mid-range unit with offices available in Cannock","https://www.rightmove.co.uk/properties/168254813#/?channel=COM_LET","2025-10-16T12:16:15Z","","new","Marketed by Andrew Dixon & Company, Cannock","","52.66767","-2.04365","https://media.rightmove.co.uk:443/dir/crop/10:9-16:9/296k/295259/168254813/295259_CABP2412AWH_IMG_00_0000_max_476x317.jpeg; https://media.rightmove.co.uk:443/dir/crop/10:9-16:9/296k/295259/168254813/295259_CABP2412AWH_IMG_01_0000_max_476x317.jpeg"
"167900990","Staffordshire","Retail Property (high street)","43 High Street, Newcastle Under Lyme, Staffordshire, ST5","£2,083 pcm","","","","The property is situated in a prominent position in High Street at the heart of Newcastle Under Lyme town centre.","https://www.rightmove.co.uk/properties/167900990#/?channel=COM_LET","2025-10-07T11:30:13Z","","new","Marketed by Johnson Fellows, Birmingham","","53.01078","-2.22647","https://media.rightmove.co.uk:443/dir/crop/10:9-16:9/282k/281186/167900990/281186_NewcastleUnderLyme43HighStreet_IMG_04_0000_max_476x317.jpeg; https://media.rightmove.co.uk:443/dir/crop/10:9-16:9/282k/281186/167900990/281186_NewcastleUnderLyme43HighStreet_IMG_01_0000_max_476x317.jpeg; https://media.rightmove.co.uk:443/dir/crop/10:9-16:9/282k/281186/167900990/281186_NewcastleUnderLyme43HighStreet_IMG_02_0000_max_476x317.jpeg; https://media.rightmove.co.uk:443/dir/crop/10:9-16:9/282k/281186/167900990/281186_NewcastleUnderLyme43HighStreet_IMG_03_0000_max_476x317.jpeg; https://media.rightmove.co.uk:443/dir/crop/10:9-16:9/282k/281186/167900990/281186_NewcastleUnderLyme43HighStreet_IMG_00_0000_max_476x317.jpeg"
"168252626","Staffordshire","Light Industrial","Units 1, 2 & 3 Lower Lanes Business Park, Fox Road, Seisdon, Wolverhampton, WV6","£40,000 pcm","","","","Three detached warehouse units available to let in Wolverhampton - can be taken together","https://www.rightmove.co.uk/properties/168252626#/?channel=COM_LET","2025-10-16T11:54:40Z","","new","Marketed by Andrew Dixon & Company, Cannock","","52.5583","-2.25636","https://media.rightmove.co.uk:443/dir/crop/10:9-16:9/296k/295259/168252626/295259_CABP2204AELH_IMG_01_0000_max_476x317.jpeg; https://media.rightmove.co.uk:443/dir/crop/10:9-16:9/296k/295259/168252626/295259_CABP2204AELH_IMG_02_0000_max_476x317.jpeg; https://media.rightmove.co.uk:443/dir/crop/10:9-16:9/296k/295259/168252626/295259_CABP2204AELH_IMG_00_0000_max_476x317.jpeg"
"168248399","Staffordshire","Light Industrial","Unit 4 Lower Lanes Business Park, Fox Road, Seisdon, Wolverhampton, WV6","£9,375 pcm","","","","Large detached unit with interconnecting bays on Wolverhampton","https://www.rightmove.co.uk/properties/168248399#/?channel=COM_LET","2025-10-16T11:11:53Z","","new","Marketed by Andrew Dixon & Company, Cannock","","52.55881","-2.25705","https://media.rightmove.co.uk:443/dir/crop/10:9-16:9/296k/295259/168248399/295259_CABP2204ELH_IMG_02_0000_max_476x317.jpeg; https://media.rightmove.co.uk:443/dir/crop/10:9-16:9/296k/295259/168248399/295259_CABP2204ELH_IMG_01_0000_max_476x317.jpeg; https://media.rightmove.co.uk:443/dir/crop/10:9-16:9/296k/295259/168248399/295259_CABP2204ELH_IMG_00_0000_max_476x317.jpeg"
"168246599","Staffordshire","Light Industrial","Units 1 & 2 Maple House Business Park, Norton Green Lane, Cannock, Staffordshire, WS11","£2,500 pcm","","","","Mid-sized unit to let in Norton Canes","https://www.rightmove.co.uk/properties/168246599#/?channel=COM_LET","2025-10-16T10:38:46Z","","new","Marketed by Andrew Dixon & Company, Cannock","","52.66711","-1.97538","https://media.rightmove.co.uk:443/dir/crop/10:9-16:9/296k/295259/168246599/295259_CABP2179ELH_IMG_00_0000_max_476x317.jpeg; https://media.rightmove.co.uk:443/dir/crop/10:9-16:9/296k/295259/168246599/295259_CABP2179ELH_IMG_01_0000_max_476x317.jpeg"
"168232028","Staffordshire","Retail Property (out of town)","Unit 20, Quinton Court, Walsall","£958 pcm","","","","The property forms part of Quinton Court, Great Wyrley, a busy local centre with a number of national operators.   ","https://www.rightmove.co.uk/properties/168232028#/?channel=COM_LET","2025-10-16T01:12:15Z","","new","Marketed by LCP, Commercial","","52.65794","-2.01799","https://media.rightmove.co.uk:443/dir/crop/10:9-16:9/230k/229553/168232028/229553_6659d62c949927403d4c5e16_2_190_IMG_06_0001_max_476x317.jpeg; https://media.rightmove.co.uk:443/dir/crop/10:9-16:9/230k/229553/168232028/229553_6659d62c949927403d4c5e16_2_190_IMG_00_0000_max_476x317.jpeg; https://media.rightmove.co.uk:443/dir/crop/10:9-16:9/230k/229553/168232028/229553_6659d62c949927403d4c5e16_2_190_IMG_01_0000_max_476x317.jpeg; https://media.rightmove.co.uk:443/dir/crop/10:9-16:9/230k/229553/168232028/229553_6659d62c949927403d4c5e16_2_190_IMG_04_0000_max_476x317.jpeg; https://media.rightmove.co.uk:443/dir/crop/10:9-16:9/230k/229553/168232028/229553_6659d62c949927403d4c5e16_2_190_IMG_05_0000_max_476x317.jpeg; https://media.rightmove.co.uk:443/dir/crop/10:9-16:9/230k/229553/168232028/229553_6659d62c949927403d4c5e16_2_190_IMG_02_0000_max_476x317.jpeg; https://media.rightmove.co.uk:443/dir/crop/10:9-16:9/230k/229553/168232028/229553_6659d62c949927403d4c5e16_2_190_IMG_03_0000_max_476x317.jpeg"
"168195611","Staffordshire","Office","Oak View, 6 Sandy Hill Business Park, Amington, Tamworth, B77 4DU","POA","","","","Brand New Ground Floor Office Suite Currently Under Construction","https://www.rightmove.co.uk/properties/168195611#/?channel=COM_LET","2025-10-15T11:54:08Z","","new","Marketed by JLL, Birmingham - Office","","52.624953","-1.647178","https://media.rightmove.co.uk:443/dir/crop/10:9-16:9/264k/263630/168195611/263630_334636-2_IMG_00_0000_max_476x317.jpeg; https://media.rightmove.co.uk:443/dir/crop/10:9-16:9/264k/263630/168195611/263630_334636-2_IMG_01_0000_max_476x317.jpeg; https://media.rightmove.co.uk:443/dir/crop/10:9-16:9/264k/263630/168195611/263630_334636-2_IMG_02_0000_max_476x317.jpeg"
"168192761","Staffordshire","Office","Vantage House, 5 Sandy Hill Business Park, Amington, Tamworth, B77 4DU","POA","","","","Ground Floor Offices To Let","https://www.rightmove.co.uk/properties/168192761#/?channel=COM_LET","2025-10-15T11:19:23Z","","new","Marketed by JLL, Birmingham - Office","","52.624953","-1.647178","https://media.rightmove.co.uk:443/dir/crop/10:9-16:9/264k/263630/168192761/263630_334626-2_IMG_00_0000_max_476x317.jpeg; https://media.rightmove.co.uk:443/dir/crop/10:9-16:9/264k/263630/168192761/263630_334626-2_IMG_01_0000_max_476x317.jpeg; https://media.rightmove.co.uk:443/dir/crop/10:9-16:9/264k/263630/168192761/263630_334626-2_IMG_02_0000_max_476x317.jpeg; https://media.rightmove.co.uk:443/dir/crop/10:9-16:9/264k/263630/168192761/263630_334626-2_IMG_03_0000_max_476x317.jpeg; https://media.rightmove.co.uk:443/dir/crop/10:9-16:9/264k/263630/168192761/263630_334626-2_IMG_04_0000_max_476x317.jpeg"
"168189638","Staffordshire","Office","High Point, 4 Sandy Hill Business Park, Amington, Tamworth, B77 4DU","POA","","","","Ground floor offices To Let","https://www.rightmove.co.uk/properties/168189638#/?channel=COM_LET","2025-10-15T10:47:13Z","","new","Marketed by JLL, Birmingham - Office","","52.624969","-1.656328","https://media.rightmove.co.uk:443/dir/crop/10:9-16:9/264k/263630/168189638/263630_292302-2_IMG_00_0000_max_476x317.jpeg; https://media.rightmove.co.uk:443/dir/crop/10:9-16:9/264k/263630/168189638/263630_292302-2_IMG_01_0000_max_476x317.jpeg; https://media.rightmove.co.uk:443/dir/crop/10:9-16:9/264k/263630/168189638/263630_292302-2_IMG_02_0000_max_476x317.jpeg; https://media.rightmove.co.uk:443/dir/crop/10:9-16:9/264k/263630/168189638/263630_292302-2_IMG_03_0000_max_476x317.jpeg"
"87319212","Staffordshire","Light Industrial","Brookmead Industrial Estate, Telford Drive, Stafford, Staffordshire, ST16","£16,875 pcm","","","","Location: The premises are situated on the Brookmead Industrial Estate, accessed via the A513 trunk road and Tollgate Road. Brookmead Industrial Estate forms part of an established industrial area situated 1½ miles north of Stafford Town Centre. Junction 14 of the M6 Motorway is within 2 miles. ...","https://www.rightmove.co.uk/properties/87319212#/?channel=COM_LET","2025-10-14T16:35:41Z","","new","Marketed by Harris Lamb, Stoke-On-Trent","","52.828701","-2.109546","https://media.rightmove.co.uk:443/dir/crop/10:9-16:9/59k/58365/87319212/58365_6984LH_IMG_00_0000_max_476x317.jpeg; https://media.rightmove.co.uk:443/dir/crop/10:9-16:9/59k/58365/87319212/58365_6984LH_IMG_01_0000_max_476x317.jpeg"
"87292185","Staffordshire","Warehouse","Unit 7, Blenheim Way, Fradley Park, Lichfield, WS13 8SY","POA","","","","Industrial Warehouse Opportunity","https://www.rightmove.co.uk/properties/87292185#/?channel=COM_LET","2025-10-14T10:40:04Z","","new","Marketed by JLL, Midlands - Industrial","","52.707782","-1.779199","https://media.rightmove.co.uk:443/dir/crop/10:9-16:9/83k/82776/87292185/82776_331281-2_IMG_00_0000_max_476x317.jpeg; https://media.rightmove.co.uk:443/dir/crop/10:9-16:9/83k/82776/87292185/82776_331281-2_IMG_01_0000_max_476x317.jpeg; https://media.rightmove.co.uk:443/dir/crop/10:9-16:9/83k/82776/87292185/82776_331281-2_IMG_02_0000_max_476x317.jpeg; https://media.rightmove.co.uk:443/dir/crop/10:9-16:9/83k/82776/87292185/82776_331281-2_IMG_03_0000_max_476x317.jpeg"
"87287136","Staffordshire","Retail Property (high street)","U3-7 Shrewsbury Mall, Rugeley, Staffordshire, WS15 2JT","£3,750 pcm","From","","","The premises are arranged over ground and first floors.","https://www.rightmove.co.uk/properties/87287136#/?channel=COM_LET","2025-10-14T09:33:11Z","","new","Marketed by Creative Retail, Birmingham","","52.76083","-1.934178","https://media.rightmove.co.uk:443/dir/crop/10:9-16:9/192k/191489/87287136/191489_412LH_IMG_00_0000_max_476x317.jpeg; https://media.rightmove.co.uk:443/dir/crop/10:9-16:9/192k/191489/87287136/191489_412LH_IMG_01_0000_max_476x317.jpeg"
"163969118","Staffordshire","Office","Federation House, Station Road, Stoke-On-Trent, Staffordshire, ST4 2SA","POA","","","","Location: The property occupies a prominent position in the heart of Stokeon-Trent and enjoys direct frontage onto station road. The building is situated opposite Stoke-on-Trent railway station, a bus stop and taxi rank. Stoke on-Trent has excellent transport links with rapid access to the M6 mo...","https://www.rightmove.co.uk/properties/163969118#/?channel=COM_LET","2025-06-30T14:58:32Z","","size_change","Marketed by Harris Lamb, Stoke-On-Trent","","53.008858","-2.181199","https://media.rightmove.co.uk:443/dir/crop/10:9-16:9/59k/58365/163969118/58365_6914LH_IMG_01_0000_max_476x317.jpeg; https://media.rightmove.co.uk:443/dir/crop/10:9-16:9/59k/58365/163969118/58365_6914LH_IMG_00_0000_max_476x317.jpeg; https://media.rightmove.co.uk:443/dir/crop/10:9-16:9/59k/58365/163969118/58365_6914LH_IMG_02_0000_max_476x317.jpeg; https://media.rightmove.co.uk:443/dir/crop/10:9-16:9/59k/58365/163969118/58365_6914LH_IMG_03_0000_max_476x317.jpeg"
"160730594","Staffordshire","Light Industrial","Hartshill Road, Stoke-On-Trent, Staffordshire, ST4 6AF","POA","","","","Location: The scheme is prominently located on Harthill Road to the south and Stoke Old Road to the north lying to the east of Newcastle town centre. The scheme is located approx. 0.5 miles from the A500 via Shelton New Road which in turn gives dual carriageway access to Junctions 15 and 16 of t...","https://www.rightmove.co.uk/properties/160730594#/?channel=COM_LET","2025-04-15T16:35:42Z","","size_change","Marketed by Harris Lamb, Stoke-On-Trent","","53.010708","-2.210344","https://media.rightmove.co.uk:443/dir/crop/10:9-16:9/59k/58365/160730594/58365_6732LH_IMG_09_0000_max_476x317.jpeg; https://media.rightmove.co.uk:443/dir/crop/10:9-16:9/59k/58365/160730594/58365_6732LH_IMG_08_0000_max_476x317.jpeg; https://media.rightmove.co.uk:443/dir/crop/10:9-16:9/59k/58365/160730594/58365_6732LH_IMG_10_0000_max_476x317.jpeg; https://media.rightmove.co.uk:443/dir/crop/10:9-16:9/59k/58365/160730594/58365_6732LH_IMG_11_0000_max_476x317.jpeg; https://media.rightmove.co.uk:443/dir/crop/10:9-16:9/59k/58365/160730594/58365_6732LH_IMG_12_0000_max_476x317.jpeg"
"168093224","Staffordshire","Light Industrial","Units 16-17 Kimberley Business Park, Kimberley Way, WS15","£3,291 pcm","","","","Units 16 & 17 are Refurbished units on popular Business Park in Rugeley","https://www.rightmove.co.uk/properties/168093224#/?channel=COM_LET","2025-10-10T15:51:11Z","","new","Marketed by Andrew Dixon & Company, Cannock","","52.74431","-1.93034","https://media.rightmove.co.uk:443/dir/crop/10:9-16:9/296k/295259/168093224/295259_CABP2441AWH_IMG_00_0001_max_476x317.jpeg; https://media.rightmove.co.uk:443/dir/crop/10:9-16:9/296k/295259/168093224/295259_CABP2441AWH_IMG_06_0000_max_476x317.jpeg; https://media.rightmove.co.uk:443/dir/crop/10:9-16:9/296k/295259/168093224/295259_CABP2441AWH_IMG_03_0000_max_476x317.jpeg; https://media.rightmove.co.uk:443/dir/crop/10:9-16:9/296k/295259/168093224/295259_CABP2441AWH_IMG_07_0000_max_476x317.jpeg; https://media.rightmove.co.uk:443/dir/crop/10:9-16:9/296k/295259/168093224/295259_CABP2441AWH_IMG_04_0000_max_476x317.jpeg; https://media.rightmove.co.uk:443/dir/crop/10:9-16:9/296k/295259/168093224/295259_CABP2441AWH_IMG_01_0001_max_476x317.jpeg; https://media.rightmove.co.uk:443/dir/crop/10:9-16:9/296k/295259/168093224/295259_CABP2441AWH_IMG_02_0000_max_476x317.jpeg; https://media.rightmove.co.uk:443/dir/crop/10:9-16:9/296k/295259/168093224/295259_CABP2441AWH_IMG_08_0000_max_476x317.jpeg; https://media.rightmove.co.uk:443/dir/crop/10:9-16:9/296k/295259/168093224/295259_CABP2441AWH_IMG_05_0000_max_476x317.jpeg"
"168165707","Staffordshire","Office","The White House, Second Floor, 16-20 Church Street, Tamworth, Staffordshire, B79 7DH","£1,250 pcm","","","","Refurbished self contained office suite located on the second floor. The suite contains 4 well apportioned offices, of which one is currently being used as a boardroom, a separate kitchen/breakroom and male /female WCs. The specification includes LED lighting, carpet floor coverings, gas central ...","https://www.rightmove.co.uk/properties/168165707#/?channel=COM_LET","2025-10-13T15:46:26Z","","new","Marketed by Burley Browne, Sutton Coldfield","","52.634185","-1.695699","https://media.rightmove.co.uk:443/dir/crop/10:9-16:9/110k/109673/168165707/109673_8154LH_IMG_00_0000_max_476x317.jpeg; https://media.rightmove.co.uk:443/dir/crop/10:9-16:9/110k/109673/168165707/109673_8154LH_IMG_01_0000_max_476x317.jpeg; https://media.rightmove.co.uk:443/dir/crop/10:9-16:9/110k/109673/168165707/109673_8154LH_IMG_02_0000_max_476x317.jpeg; https://media.rightmove.co.uk:443/dir/crop/10:9-16:9/110k/109673/168165707/109673_8154LH_IMG_03_0000_max_476x317.jpeg; https://media.rightmove.co.uk:443/dir/crop/10:9-16:9/110k/109673/168165707/109673_8154LH_IMG_04_0000_max_476x317.jpeg; https://media.rightmove.co.uk:443/dir/crop/10:9-16:9/110k/109673/168165707/109673_8154LH_IMG_05_0000_max_476x317.jpeg; https://media.rightmove.co.uk:443/dir/crop/10:9-16:9/110k/109673/168165707/109673_8154LH_IMG_06_0000_max_476x317.jpeg; https://media.rightmove.co.uk:443/dir/crop/10:9-16:9/110k/109673/168165707/109673_8154LH_IMG_07_0000_max_476x317.jpeg; https://media.rightmove.co.uk:443/dir/crop/10:9-16:9/110k/109673/168165707/109673_8154LH_IMG_08_0000_max_476x317.jpeg"
"168090503","Staffordshire","Light Industrial","Unit 3 Morgans Business Park, Bettys Lane, Cannock, Staffordshire, WS11","£1,778 pcm","","","","Starter to mid-range industrial unit on popular business park in Norton Canes, including office and designated parking spaces.","https://www.rightmove.co.uk/properties/168090503#/?channel=COM_LET","2025-10-10T15:26:24Z","","new","Marketed by Andrew Dixon & Company, Cannock","","52.66701","-1.97245","https://media.rightmove.co.uk:443/dir/crop/10:9-16:9/296k/295259/168090503/295259_CABP2294AWH_IMG_00_0000_max_476x317.jpeg; https://media.rightmove.co.uk:443/dir/crop/10:9-16:9/296k/295259/168090503/295259_CABP2294AWH_IMG_01_0000_max_476x317.jpeg"
"168089705","Staffordshire","Light Industrial","Unit 11 Hawthorn Business Park, Attwood Road, Zone 1 Burntwood Business Park, Burntwood, Staffs, WS7","£4,975 pcm","","","","New business unit on popular park in Burntwood","https://www.rightmove.co.uk/properties/168089705#/?channel=COM_LET","2025-10-10T15:16:21Z","","new","Marketed by Andrew Dixon & Company, Cannock","","52.68174","-1.95172","https://media.rightmove.co.uk:443/dir/crop/10:9-16:9/296k/295259/168089705/295259_CABP2332ELH_IMG_00_0000_max_476x317.jpeg; https://media.rightmove.co.uk:443/dir/crop/10:9-16:9/296k/295259/168089705/295259_CABP2332ELH_IMG_01_0000_max_476x317.jpeg"
"168081740","Staffordshire","Retail Property (Shopping Centre)","George Street, Tamworth, Staffordshire, B79","POA","","","","Tamworth is a market town in Staffordshire with Ankerside Shopping Centre conveniently located in the heart of Tamworth's historic town centre overlooking the beautiful Grade 1 listed Tamworth Castle and its grounds. The centre offers a secure multi-storey car park with 700+ spaces.","https://www.rightmove.co.uk/properties/168081740#/?channel=COM_LET","2025-10-10T13:34:07Z","","new","Marketed by BARKER PROUDLOVE LIMITED, Manchester","","52.63261","-1.69356","https://media.rightmove.co.uk:443/dir/crop/10:9-16:9/229k/228962/168081740/228962_KioskAandB_Ankerside_Shopping_Centre_IMG_00_0000_max_476x317.jpeg; https://media.rightmove.co.uk:443/dir/crop/10:9-16:9/229k/228962/168081740/228962_KioskAandB_Ankerside_Shopping_Centre_IMG_01_0000_max_476x317.jpeg"
"168081110","Staffordshire","Retail Property (Shopping Centre)","George Street, Tamworth, Staffordshire, B79","POA","","","","Tamworth is a market town in Staffordshire with Ankerside Shopping Centre conveniently located in the heart of Tamworth's historic town centre overlooking the beautiful Grade 1 listed Tamworth Castle and its grounds. The centre offers a secure multi-storey car park with 700+ spaces.","https://www.rightmove.co.uk/properties/168081110#/?channel=COM_LET","2025-10-10T13:25:49Z","","new","Marketed by BARKER PROUDLOVE LIMITED, Manchester","","52.63261","-1.69356","https://media.rightmove.co.uk:443/dir/crop/10:9-16:9/229k/228962/168081110/228962_Unit_8_Ankerside_Shopping_Centre_IMG_00_0000_max_476x317.jpeg; https://media.rightmove.co.uk:443/dir/crop/10:9-16:9/229k/228962/168081110/228962_Unit_8_Ankerside_Shopping_Centre_IMG_01_0000_max_476x317.jpeg"
"141533066","Staffordshire","Office","Federation House, Station Rd, Stoke-On-Trent, ST4 2SA","£340 pcm","From","","","NEWLY REFURBISHED SUITES - AVAILABLE","https://www.rightmove.co.uk/properties/141533066#/?channel=COM_LET","2023-11-01T12:26:19Z","","size_change","Marketed by Hurstwood, Manchester","","53.008983","-2.181725","https://media.rightmove.co.uk:443/dir/crop/10:9-16:9/135k/134741/141533066/134741_64761-2_IMG_25_0000_max_476x317.jpeg; https://media.rightmove.co.uk:443/dir/crop/10:9-16:9/135k/134741/141533066/134741_64761-2_IMG_24_0000_max_476x317.jpeg; https://media.rightmove.co.uk:443/dir/crop/10:9-16:9/135k/134741/141533066/134741_64761-2_IMG_02_0001_max_476x317.jpeg; https://media.rightmove.co.uk:443/dir/crop/10:9-16:9/135k/134741/141533066/134741_64761-2_IMG_26_0000_max_476x317.jpeg; https://media.rightmove.co.uk:443/dir/crop/10:9-16:9/135k/134741/141533066/134741_64761-2_IMG_31_0000_max_476x317.jpeg; https://media.rightmove.co.uk:443/dir/crop/10:9-16:9/135k/134741/141533066/134741_64761-2_IMG_27_0000_max_476x317.jpeg; https://media.rightmove.co.uk:443/dir/crop/10:9-16:9/135k/134741/141533066/134741_64761-2_IMG_05_0001_max_476x317.jpeg; https://media.rightmove.co.uk:443/dir/crop/10:9-16:9/135k/134741/141533066/134741_64761-2_IMG_06_0001_max_476x317.jpeg; https://media.rightmove.co.uk:443/dir/crop/10:9-16:9/135k/134741/141533066/134741_64761-2_IMG_07_0001_max_476x317.jpeg; https://media.rightmove.co.uk:443/dir/crop/10:9-16:9/135k/134741/141533066/134741_64761-2_IMG_08_0001_max_476x317.jpeg; https://media.rightmove.co.uk:443/dir/crop/10:9-16:9/135k/134741/141533066/134741_64761-2_IMG_09_0001_max_476x317.jpeg; https://media.rightmove.co.uk:443/dir/crop/10:9-16:9/135k/134741/141533066/134741_64761-2_IMG_10_0001_max_476x317.jpeg; https://media.rightmove.co.uk:443/dir/crop/10:9-16:9/135k/134741/141533066/134741_64761-2_IMG_11_0001_max_476x317.jpeg; https://media.rightmove.co.uk:443/dir/crop/10:9-16:9/135k/134741/141533066/134741_64761-2_IMG_12_0001_max_476x317.jpeg; https://media.rightmove.co.uk:443/dir/crop/10:9-16:9/135k/134741/141533066/134741_64761-2_IMG_30_0000_max_476x317.jpeg; https://media.rightmove.co.uk:443/dir/crop/10:9-16:9/135k/134741/141533066/134741_64761-2_IMG_16_0001_max_476x317.jpeg; https://media.rightmove.co.uk:443/dir/crop/10:9-16:9/135k/134741/141533066/134741_64761-2_IMG_17_0001_max_476x317.jpeg; https://media.rightmove.co.uk:443/dir/crop/10:9-16:9/135k/134741/141533066/134741_64761-2_IMG_18_0001_max_476x317.jpeg; https://media.rightmove.co.uk:443/dir/crop/10:9-16:9/135k/134741/141533066/134741_64761-2_IMG_19_0001_max_476x317.jpeg; https://media.rightmove.co.uk:443/dir/crop/10:9-16:9/135k/134741/141533066/134741_64761-2_IMG_20_0001_max_476x317.jpeg; https://media.rightmove.co.uk:443/dir/crop/10:9-16:9/135k/134741/141533066/134741_64761-2_IMG_21_0001_max_476x317.jpeg; https://media.rightmove.co.uk:443/dir/crop/10:9-16:9/135k/134741/141533066/134741_64761-2_IMG_22_0001_max_476x317.jpeg; https://media.rightmove.co.uk:443/dir/crop/10:9-16:9/135k/134741/141533066/134741_64761-2_IMG_23_0001_max_476x317.jpeg; https://media.rightmove.co.uk:443/dir/crop/10:9-16:9/135k/134741/141533066/134741_64761-2_IMG_28_0000_max_476x317.jpeg; https://media.rightmove.co.uk:443/dir/crop/10:9-16:9/135k/134741/141533066/134741_64761-2_IMG_29_0000_max_476x317.jpeg"
"168074429","Staffordshire","Light Industrial","Unit 5 Waterside Business Park, Wheelhouse Road, Rugeley, WS15","£3,333 pcm","","","","Industrial Unit to let in Rugeley","https://www.rightmove.co.uk/properties/168074429#/?channel=COM_LET","2025-10-10T11:53:13Z","","new","Marketed by Andrew Dixon & Company, Cannock","","52.7505","-1.9201","https://media.rightmove.co.uk:443/dir/crop/10:9-16:9/property-photo/114203880/168074429/1142038804441a09ac4d5bfc4e2df0a0_max_476x317.jpeg; https://media.rightmove.co.uk:443/dir/crop/10:9-16:9/property-photo/bb5ee5577/168074429/bb5ee5577ccb239784dc8cf5bf3236ba_max_476x317.jpeg; https://media.rightmove.co.uk:443/dir/crop/10:9-16:9/property-photo/eb437f68c/168074429/eb437f68c30f00ae38e53dcd482c0100_max_476x317.jpeg; https://media.rightmove.co.uk:443/dir/crop/10:9-16:9/property-photo/7b1cf6bc4/168074429/7b1cf6bc4df2d684d8c0ba578f5d3022_max_476x317.jpeg; https://media.rightmove.co.uk:443/dir/crop/10:9-16:9/property-photo/4007eac2d/168074429/4007eac2d01c30006d7093954c98ac33_max_476x317.jpeg; https://media.rightmove.co.uk:443/dir/crop/10:9-16:9/property-photo/ec3bed601/168074429/ec3bed6014c9d13c1dccec9e58fc1490_max_476x317.jpeg; https://media.rightmove.co.uk:443/dir/crop/10:9-16:9/property-photo/7f524f138/168074429/7f524f1380bb8fd7ac5ea23b6cb0c638_max_476x317.jpeg"
"159864926","Staffordshire","Retail Property (high street)","Main Road, Brereton, Rugeley","£1,250 pcm","","","","WEBBS ESTATE AGENTS are delighted to present this versatile retail premises in the heart of Brereton. Prominently positioned on Main Road, this self-contained unit offers exceptional visibility and foot traffic, an ideal setting for a thriving business. Previously operating as a hair s...","https://www.rightmove.co.uk/properties/159864926#/?channel=COM_LET","2025-03-26T17:31:44Z","","price_reduced","Marketed by Webbs Estate Agents, Cannock","","52.744094","-1.920776","https://media.rightmove.co.uk:443/dir/crop/10:9-16:9/30k/29756/159864926/29756_33769843_IMG_19_0000_max_476x317.jpeg; https://media.rightmove.co.uk:443/dir/crop/10:9-16:9/30k/29756/159864926/29756_33769843_IMG_05_0000_max_476x317.jpeg; https://media.rightmove.co.uk:443/dir/crop/10:9-16:9/30k/29756/159864926/29756_33769843_IMG_00_0000_max_476x317.jpeg; https://media.rightmove.co.uk:443/dir/crop/10:9-16:9/30k/29756/159864926/29756_33769843_IMG_14_0000_max_476x317.jpeg; https://media.rightmove.co.uk:443/dir/crop/10:9-16:9/30k/29756/159864926/29756_33769843_IMG_15_0000_max_476x317.jpeg; https://media.rightmove.co.uk:443/dir/crop/10:9-16:9/30k/29756/159864926/29756_33769843_IMG_10_0000_max_476x317.jpeg; https://media.rightmove.co.uk:443/dir/crop/10:9-16:9/30k/29756/159864926/29756_33769843_IMG_03_0000_max_476x317.jpeg; https://media.rightmove.co.uk:443/dir/crop/10:9-16:9/30k/29756/159864926/29756_33769843_IMG_01_0000_max_476x317.jpeg; https://media.rightmove.co.uk:443/dir/crop/10:9-16:9/30k/29756/159864926/29756_33769843_IMG_02_0000_max_476x317.jpeg; https://media.rightmove.co.uk:443/dir/crop/10:9-16:9/30k/29756/159864926/29756_33769843_IMG_21_0000_max_476x317.jpeg; https://media.rightmove.co.uk:443/dir/crop/10:9-16:9/30k/29756/159864926/29756_33769843_IMG_04_0000_max_476x317.jpeg; https://media.rightmove.co.uk:443/dir/crop/10:9-16:9/30k/29756/159864926/29756_33769843_IMG_23_0000_max_476x317.jpeg; https://media.rightmove.co.uk:443/dir/crop/10:9-16:9/30k/29756/159864926/29756_33769843_IMG_06_0000_max_476x317.jpeg; https://media.rightmove.co.uk:443/dir/crop/10:9-16:9/30k/29756/159864926/29756_33769843_IMG_07_0000_max_476x317.jpeg; https://media.rightmove.co.uk:443/dir/crop/10:9-16:9/30k/29756/159864926/29756_33769843_IMG_08_0000_max_476x317.jpeg; https://media.rightmove.co.uk:443/dir/crop/10:9-16:9/30k/29756/159864926/29756_33769843_IMG_09_0000_max_476x317.jpeg; https://media.rightmove.co.uk:443/dir/crop/10:9-16:9/30k/29756/159864926/29756_33769843_IMG_11_0000_max_476x317.jpeg; https://media.rightmove.co.uk:443/dir/crop/10:9-16:9/30k/29756/159864926/29756_33769843_IMG_12_0000_max_476x317.jpeg; https://media.rightmove.co.uk:443/dir/crop/10:9-16:9/30k/29756/159864926/29756_33769843_IMG_13_0000_max_476x317.jpeg; https://media.rightmove.co.uk:443/dir/crop/10:9-16:9/30k/29756/159864926/29756_33769843_IMG_22_0000_max_476x317.jpeg; https://media.rightmove.co.uk:443/dir/crop/10:9-16:9/30k/29756/159864926/29756_33769843_IMG_16_0000_max_476x317.jpeg; https://media.rightmove.co.uk:443/dir/crop/10:9-16:9/30k/29756/159864926/29756_33769843_IMG_17_0000_max_476x317.jpeg; https://media.rightmove.co.uk:443/dir/crop/10:9-16:9/30k/29756/159864926/29756_33769843_IMG_18_0000_max_476x317.jpeg; https://media.rightmove.co.uk:443/dir/crop/10:9-16:9/30k/29756/159864926/29756_33769843_IMG_20_0000_max_476x317.jpeg"
"168069770","Staffordshire","Light Industrial","Progress Drive, Cannock, Staffordshire, WS11","£1,300 pcm","Guide Price","","1","Galaxy Real Estate HQ Presents A Newly Refurbished Unit Located in Progress Drive, Cannock: Size: 1,507 SQ FT Electric Shutter - New Toilets - High Ceiling - 3 Phase Electric Supply - Nicely painted and new lighting","https://www.rightmove.co.uk/properties/168069770#/?channel=COM_LET","2025-10-10T10:40:15Z","","new","Marketed by GALAXY REAL ESTATE LIMITED, Hayes","","52.6787","-2.02363","https://media.rightmove.co.uk:443/dir/crop/10:9-16:9/258k/257963/168069770/257963_3658_IMG_00_0001_max_476x317.png"
"137219006","Staffordshire","Office","Moat & Langton House, Bird Street WS13 6PY","£430 pcm","","","","Georgian office for between 1 to 16 people with free luxury boardroom, communal space, parking and inspirational views of Lichfield Cathedral.","https://www.rightmove.co.uk/properties/137219006#/?channel=COM_LET","2023-07-11T16:34:33Z","","size_change","Marketed by Sweet Marketing Ltd, Lichfield","","52.68434","-1.83221","https://media.rightmove.co.uk:443/dir/crop/10:9-16:9/263k/262733/137219006/262733_MoatLangtonHouse_IMG_06_0000_max_476x317.jpeg; https://media.rightmove.co.uk:443/dir/crop/10:9-16:9/263k/262733/137219006/262733_MoatLangtonHouse_IMG_03_0000_max_476x317.jpeg; https://media.rightmove.co.uk:443/dir/crop/10:9-16:9/263k/262733/137219006/262733_MoatLangtonHouse_IMG_07_0000_max_476x317.jpeg; https://media.rightmove.co.uk:443/dir/crop/10:9-16:9/263k/262733/137219006/262733_MoatLangtonHouse_IMG_02_0000_max_476x317.jpeg; https://media.rightmove.co.uk:443/dir/crop/10:9-16:9/263k/262733/137219006/262733_MoatLangtonHouse_IMG_05_0000_max_476x317.jpeg; https://media.rightmove.co.uk:443/dir/crop/10:9-16:9/263k/262733/137219006/262733_MoatLangtonHouse_IMG_00_0000_max_476x317.jpeg; https://media.rightmove.co.uk:443/dir/crop/10:9-16:9/263k/262733/137219006/262733_MoatLangtonHouse_IMG_01_0000_max_476x317.jpeg; https://media.rightmove.co.uk:443/dir/crop/10:9-16:9/263k/262733/137219006/262733_MoatLangtonHouse_IMG_04_0000_max_476x317.jpeg"
"162967763","Staffordshire","Light Industrial","Greenhough Road, Lichfield","£10,417 pcm","","","","A modern portal frame detached warehouse located on Greenhough Road in the centre of Lichfield. The property has been modernised in recent years (new roof, re-cladded & electric roller shutter doors) and comprises two open plan warehouse bays and offices to the front. Lease available from 5 years...","https://www.rightmove.co.uk/properties/162967763#/?channel=COM_LET","2025-06-06T15:08:17Z","","price_reduced","Marketed by Jayman Commercial, Lichfield","","52.687107","-1.838144","https://media.rightmove.co.uk:443/dir/crop/10:9-16:9/288k/287201/162967763/287201_33938568_IMG_04_0002_max_476x317.jpeg; https://media.rightmove.co.uk:443/dir/crop/10:9-16:9/288k/287201/162967763/287201_33938568_IMG_00_0000_max_476x317.jpeg; https://media.rightmove.co.uk:443/dir/crop/10:9-16:9/288k/287201/162967763/287201_33938568_IMG_05_0000_max_476x317.jpeg; https://media.rightmove.co.uk:443/dir/crop/10:9-16:9/288k/287201/162967763/287201_33938568_IMG_06_0000_max_476x317.jpeg; https://media.rightmove.co.uk:443/dir/crop/10:9-16:9/288k/287201/162967763/287201_33938568_IMG_07_0000_max_476x317.jpeg; https://media.rightmove.co.uk:443/dir/crop/10:9-16:9/288k/287201/162967763/287201_33938568_IMG_08_0000_max_476x317.jpeg; https://media.rightmove.co.uk:443/dir/crop/10:9-16:9/288k/287201/162967763/287201_33938568_IMG_09_0000_max_476x317.jpeg; https://media.rightmove.co.uk:443/dir/crop/10:9-16:9/288k/287201/162967763/287201_33938568_IMG_10_0000_max_476x317.jpeg; https://media.rightmove.co.uk:443/dir/crop/10:9-16:9/288k/287201/162967763/287201_33938568_IMG_11_0000_max_476x317.jpeg; https://media.rightmove.co.uk:443/dir/crop/10:9-16:9/288k/287201/162967763/287201_33938568_IMG_12_0000_max_476x317.jpeg"
"155419970","Staffordshire","Light Industrial","Unit J, Progress Business Park, Brookfield Drive, Cannock, Staffordshire, WS11 0JR","£2,079 pcm","","","","The subject property comprises an end of terrace business unit offering two storey offices together with a ground floor warehouse/store. The building is situated within the popular Progress Business Park off Brookfield Drive on the outskirts of Cannock. The property includes ample parking to the ...","https://www.rightmove.co.uk/properties/155419970#/?channel=COM_LET","2024-11-27T10:18:54Z","","price_reduced","Marketed by Burley Browne, Sutton Coldfield","","52.680334","-2.025437","https://media.rightmove.co.uk:443/dir/crop/10:9-16:9/110k/109673/155419970/109673_5478LH_IMG_00_0000_max_476x317.jpeg; https://media.rightmove.co.uk:443/dir/crop/10:9-16:9/110k/109673/155419970/109673_5478LH_IMG_01_0000_max_476x317.jpeg; https://media.rightmove.co.uk:443/dir/crop/10:9-16:9/110k/109673/155419970/109673_5478LH_IMG_02_0000_max_476x317.jpeg; https://media.rightmove.co.uk:443/dir/crop/10:9-16:9/110k/109673/155419970/109673_5478LH_IMG_03_0000_max_476x317.jpeg; https://media.rightmove.co.uk:443/dir/crop/10:9-16:9/110k/109673/155419970/109673_5478LH_IMG_04_0000_max_476x317.jpeg; https://media.rightmove.co.uk:443/dir/crop/10:9-16:9/110k/109673/155419970/109673_5478LH_IMG_05_0000_max_476x317.jpeg; https://media.rightmove.co.uk:443/dir/crop/10:9-16:9/110k/109673/155419970/109673_5478LH_IMG_06_0000_max_476x317.jpeg; https://media.rightmove.co.uk:443/dir/crop/10:9-16:9/110k/109673/155419970/109673_5478LH_IMG_07_0000_max_476x317.jpeg; https://media.rightmove.co.uk:443/dir/crop/10:9-16:9/110k/109673/155419970/109673_5478LH_IMG_08_0000_max_476x317.jpeg; https://media.rightmove.co.uk:443/dir/crop/10:9-16:9/110k/109673/155419970/109673_5478LH_IMG_09_0000_max_476x317.jpeg; https://media.rightmove.co.uk:443/dir/crop/10:9-16:9/110k/109673/155419970/109673_5478LH_IMG_10_0000_max_476x317.jpeg; https://media.rightmove.co.uk:443/dir/crop/10:9-16:9/110k/109673/155419970/109673_5478LH_IMG_11_0000_max_476x317.jpeg; https://media.rightmove.co.uk:443/dir/crop/10:9-16:9/110k/109673/155419970/109673_5478LH_IMG_12_0000_max_476x317.jpeg"
"167900990","Staffordshire","Retail Property (high street)","43 High Street, Newcastle Under Lyme, Staffordshire, ST5","£2,083 pcm","","","","The property is situated in a prominent position in High Street at the heart of Newcastle Under Lyme town centre.","https://www.rightmove.co.uk/properties/167900990#/?channel=COM_LET","2025-10-07T11:30:13Z","","new","Marketed by Johnson Fellows, Birmingham","","53.01078","-2.22647","https://media.rightmove.co.uk:443/dir/crop/10:9-16:9/282k/281186/167900990/281186_NewcastleUnderLyme43HighStreet_IMG_04_0000_max_476x317.jpeg; https://media.rightmove.co.uk:443/dir/crop/10:9-16:9/282k/281186/167900990/281186_NewcastleUnderLyme43HighStreet_IMG_01_0000_max_476x317.jpeg; https://media.rightmove.co.uk:443/dir/crop/10:9-16:9/282k/281186/167900990/281186_NewcastleUnderLyme43HighStreet_IMG_02_0000_max_476x317.jpeg; https://media.rightmove.co.uk:443/dir/crop/10:9-16:9/282k/281186/167900990/281186_NewcastleUnderLyme43HighStreet_IMG_03_0000_max_476x317.jpeg; https://media.rightmove.co.uk:443/dir/crop/10:9-16:9/282k/281186/167900990/281186_NewcastleUnderLyme43HighStreet_IMG_00_0000_max_476x317.jpeg"
"163576211","Staffordshire","Retail Property (high street)","94-96 Short Street, Burton-On-Trent, Staffordshire, DE15","£625 pcm","","","","The property comprises a ground floor lock up retail unit benefitting from shared servicing to the rear. ","https://www.rightmove.co.uk/properties/163576211#/?channel=COM_LET","2025-06-20T10:02:05Z","","new","Marketed by Johnson Fellows, Birmingham","","52.78681","-1.63061","https://media.rightmove.co.uk:443/dir/crop/10:9-16:9/282k/281186/163576211/281186_BurtonUponTrent94-96ShortStreet_IMG_00_0000_max_476x317.jpeg"
"163271825","Staffordshire","Retail Property (high street)","Ironmarket, Newcastle Under Lyme, Staffordshire, ST5","£1,167 pcm","","","","*	Former Betting Office*	Prominent position *	Well presented*	New Lease","https://www.rightmove.co.uk/properties/163271825#/?channel=COM_LET","2025-06-13T11:04:23Z","","new","Marketed by Johnson Fellows, Birmingham","","53.01176","-2.22733","https://media.rightmove.co.uk:443/dir/crop/10:9-16:9/282k/281186/163271825/281186_NewcastleunderLyme5-6IronMarket_IMG_00_0000_max_476x317.jpeg; https://media.rightmove.co.uk:443/dir/crop/10:9-16:9/282k/281186/163271825/281186_NewcastleunderLyme5-6IronMarket_IMG_05_0000_max_476x317.jpeg; https://media.rightmove.co.uk:443/dir/crop/10:9-16:9/282k/281186/163271825/281186_NewcastleunderLyme5-6IronMarket_IMG_04_0000_max_476x317.jpeg; https://media.rightmove.co.uk:443/dir/crop/10:9-16:9/282k/281186/163271825/281186_NewcastleunderLyme5-6IronMarket_IMG_01_0000_max_476x317.jpeg; https://media.rightmove.co.uk:443/dir/crop/10:9-16:9/282k/281186/163271825/281186_NewcastleunderLyme5-6IronMarket_IMG_02_0000_max_476x317.jpeg; https://media.rightmove.co.uk:443/dir/crop/10:9-16:9/282k/281186/163271825/281186_NewcastleunderLyme5-6IronMarket_IMG_03_0000_max_476x317.jpeg"
"165384563","Staffordshire","Office","Unit 5 Hargreaves Court, Dyson Way, Stafford, Staffordshire, ST18","POA","","","","*	Modern business park office accommodation*	Good on-site car parking*	2,539 sq ft (235.88 sq m)","https://www.rightmove.co.uk/properties/165384563#/?channel=COM_LET","2025-08-05T13:52:15Z","","new","Marketed by Johnson Fellows, Birmingham","","52.81702","-2.08602","https://media.rightmove.co.uk:443/dir/crop/10:9-16:9/282k/281186/165384563/281186_StaffordUnit5HargreavesCourt_IMG_00_0000_max_476x317.jpeg; https://media.rightmove.co.uk:443/dir/crop/10:9-16:9/282k/281186/165384563/281186_StaffordUnit5HargreavesCourt_IMG_01_0000_max_476x317.jpeg; https://media.rightmove.co.uk:443/dir/crop/10:9-16:9/282k/281186/165384563/281186_StaffordUnit5HargreavesCourt_IMG_02_0000_max_476x317.jpeg; https://media.rightmove.co.uk:443/dir/crop/10:9-16:9/282k/281186/165384563/281186_StaffordUnit5HargreavesCourt_IMG_03_0000_max_476x317.jpeg; https://media.rightmove.co.uk:443/dir/crop/10:9-16:9/282k/281186/165384563/281186_StaffordUnit5HargreavesCourt_IMG_04_0000_max_476x317.jpeg"
"167727758","Staffordshire","Office","High Street, Stoke-On-Trent, Staffordshire, ST6","£750 pcm","","","","Amazing opportunity to kickstart your business at this lovely commercial property located on a busy High Street. ","https://www.rightmove.co.uk/properties/167727758#/?channel=COM_LET","2025-10-02T16:58:03Z","","new","Marketed by Rent Eaze, Stoke-On-Trent","","53.05751","-2.21004","https://media.rightmove.co.uk:443/dir/crop/10:9-16:9/296k/295052/167727758/295052_TunstallHighStreet_IMG_05_0000_max_476x317.png; https://media.rightmove.co.uk:443/dir/crop/10:9-16:9/296k/295052/167727758/295052_TunstallHighStreet_IMG_00_0000_max_476x317.png; https://media.rightmove.co.uk:443/dir/crop/10:9-16:9/296k/295052/167727758/295052_TunstallHighStreet_IMG_01_0000_max_476x317.png; https://media.rightmove.co.uk:443/dir/crop/10:9-16:9/296k/295052/167727758/295052_TunstallHighStreet_IMG_02_0000_max_476x317.png; https://media.rightmove.co.uk:443/dir/crop/10:9-16:9/296k/295052/167727758/295052_TunstallHighStreet_IMG_03_0000_max_476x317.png; https://media.rightmove.co.uk:443/dir/crop/10:9-16:9/296k/295052/167727758/295052_TunstallHighStreet_IMG_04_0000_max_476x317.png"
"167675237","Staffordshire","Commercial Property","Market Street, Lichfield, WS13 6JX","£400 pcm","","","","*COMMERCIAL LET* Second floor office to let in prime Lichfield city centre location. Communal kitchen and toilet facilities. Utilities included. Available immediately on flexible terms.","https://www.rightmove.co.uk/properties/167675237#/?channel=COM_LET","2025-10-01T15:52:11Z","","new","Marketed by Chattings, Lichfield","","52.68299","-1.82925","https://media.rightmove.co.uk:443/dir/crop/10:9-16:9/21k/20147/167675237/20147_000936185_IMG_00_0000_max_476x317.jpeg; https://media.rightmove.co.uk:443/dir/crop/10:9-16:9/21k/20147/167675237/20147_000936185_IMG_01_0000_max_476x317.jpeg; https://media.rightmove.co.uk:443/dir/crop/10:9-16:9/21k/20147/167675237/20147_000936185_IMG_02_0000_max_476x317.jpeg"
"167666801","Staffordshire","Light Industrial","Industrial Warehouse/Storage Unit To Let Near Wolverhampton","£2,800 pcm","","","","2,800 sqft Industrial Warehouse/Storage Unit To Let Near Wolverhampton","https://www.rightmove.co.uk/properties/167666801#/?channel=COM_LET","2025-10-01T13:58:17Z","","new","Marketed by Howie Kent & Co Ltd, Essex","","52.610374","-2.227794","https://media.rightmove.co.uk:443/dir/crop/10:9-16:9/229k/228701/167666801/228701_HKC10451_IMG_00_0000_max_476x317.jpeg; https://media.rightmove.co.uk:443/dir/crop/10:9-16:9/229k/228701/167666801/228701_HKC10451_IMG_01_0000_max_476x317.png; https://media.rightmove.co.uk:443/dir/crop/10:9-16:9/229k/228701/167666801/228701_HKC10451_IMG_02_0000_max_476x317.jpeg; https://media.rightmove.co.uk:443/dir/crop/10:9-16:9/229k/228701/167666801/228701_HKC10451_IMG_03_0000_max_476x317.jpeg; https://media.rightmove.co.uk:443/dir/crop/10:9-16:9/229k/228701/167666801/228701_HKC10451_IMG_04_0000_max_476x317.png; https://media.rightmove.co.uk:443/dir/crop/10:9-16:9/229k/228701/167666801/228701_HKC10451_IMG_05_0000_max_476x317.png; https://media.rightmove.co.uk:443/dir/crop/10:9-16:9/229k/228701/167666801/228701_HKC10451_IMG_06_0000_max_476x317.jpeg"
"158409992","Staffordshire","Light Industrial","Unit 32 Parkhouse Industrial Estate West, Newcastle, Staffordshire, ST5 7RB","POA","","","","Description: The detached property is of steel portal frame construction, with brickwork and steel-clad elevations, and a pitched roof above. The unit benefits from circa 6 metre eaves, a secure private yard and two roller shutter doors. Internally, the premises benefit from solid concrete floor...","https://www.rightmove.co.uk/properties/158409992#/?channel=COM_LET","2025-02-18T16:11:59Z","","size_change","Marketed by Harris Lamb, Stoke-On-Trent","","53.047035","-2.238431","https://media.rightmove.co.uk:443/dir/crop/10:9-16:9/59k/58365/158409992/58365_6768LH_IMG_01_0000_max_476x317.jpeg; https://media.rightmove.co.uk:443/dir/crop/10:9-16:9/59k/58365/158409992/58365_6768LH_IMG_00_0000_max_476x317.jpeg; https://media.rightmove.co.uk:443/dir/crop/10:9-16:9/59k/58365/158409992/58365_6768LH_IMG_02_0000_max_476x317.jpeg"
"167555258","Staffordshire","Retail Property (out of town)","UNIT 2, CENTURY RETAIL PARK, ETRURIA ROAD, HANLEY, STOKE-ON-TRENT, STAFFORDSHIRE, ST1 5QQ","POA","","","","Retail Warehouse prominently fronting Etruria Road and Hanley town centre ring road in close proximity to A53/A500.","https://www.rightmove.co.uk/properties/167555258#/?channel=COM_LET","2025-09-29T12:36:47Z","","new","Marketed by Lamb & Swift Commercial, Bolton","","53.026119","-2.185953","https://media.rightmove.co.uk:443/dir/crop/10:9-16:9/88k/87577/167555258/87577_3539LH_IMG_00_0000_max_476x317.jpeg; https://media.rightmove.co.uk:443/dir/crop/10:9-16:9/88k/87577/167555258/87577_3539LH_IMG_01_0000_max_476x317.jpeg; https://media.rightmove.co.uk:443/dir/crop/10:9-16:9/88k/87577/167555258/87577_3539LH_IMG_02_0000_max_476x317.jpeg; https://media.rightmove.co.uk:443/dir/crop/10:9-16:9/88k/87577/167555258/87577_3539LH_IMG_03_0000_max_476x317.jpeg"
"167551355","Staffordshire","Industrial Park","Wolfpack, Unit 1 Hilton Cross Business Park, Junction 1 M54, Wolverhampton","POA","","","","The detached unit is constructed of a steel portal frame beneath a pitched lined roof surmounted by clad elevations and benefit from a market leading specification","https://www.rightmove.co.uk/properties/167551355#/?channel=COM_LET","2025-09-29T11:42:22Z","","new","Marketed by Bulleys Chartered Surveyors, Wolverhampton","","52.637257","-2.092321","https://media.rightmove.co.uk:443/dir/crop/10:9-16:9/282k/281333/167551355/281333_BWOL2054-LET_IMG_00_0003_max_476x317.jpeg; https://media.rightmove.co.uk:443/dir/crop/10:9-16:9/282k/281333/167551355/281333_BWOL2054-LET_IMG_01_0002_max_476x317.jpeg; https://media.rightmove.co.uk:443/dir/crop/10:9-16:9/282k/281333/167551355/281333_BWOL2054-LET_IMG_02_0002_max_476x317.jpeg; https://media.rightmove.co.uk:443/dir/crop/10:9-16:9/282k/281333/167551355/281333_BWOL2054-LET_IMG_03_0002_max_476x317.jpeg; https://media.rightmove.co.uk:443/dir/crop/10:9-16:9/282k/281333/167551355/281333_BWOL2054-LET_IMG_04_0002_max_476x317.jpeg; https://media.rightmove.co.uk:443/dir/crop/10:9-16:9/282k/281333/167551355/281333_BWOL2054-LET_IMG_05_0001_max_476x317.jpeg"
"167547737","Staffordshire","Light Industrial","Unit R15, Regent Works, Lawley Street, Stoke-On-Trent","£420 pcm","","","","Amco Commercial are delighted to bring to market this first-floor unit, suitable for use as a studio, office, light industrial workshop or storage. Measuring 621 sqft, this recently refurbished unit is situated on the first-floor at Regent Works, Longton, Stoke-On-Trent. Located just...","https://www.rightmove.co.uk/properties/167547737#/?channel=COM_LET","2025-09-29T10:54:20Z","","new","Marketed by Amco Commercial Ltd, Manchester","","52.984394","-2.123939","https://media.rightmove.co.uk:443/dir/crop/10:9-16:9/79k/78438/167547737/78438_34203379_IMG_00_0000_max_476x317.jpeg; https://media.rightmove.co.uk:443/dir/crop/10:9-16:9/79k/78438/167547737/78438_34203379_IMG_01_0000_max_476x317.jpeg; https://media.rightmove.co.uk:443/dir/crop/10:9-16:9/79k/78438/167547737/78438_34203379_IMG_02_0000_max_476x317.jpeg; https://media.rightmove.co.uk:443/dir/crop/10:9-16:9/79k/78438/167547737/78438_34203379_IMG_03_0000_max_476x317.jpeg; https://media.rightmove.co.uk:443/dir/crop/10:9-16:9/79k/78438/167547737/78438_34203379_IMG_04_0000_max_476x317.jpeg"
"147685886","Staffordshire","Warehouse","13 Hawkins Drive, Cannock, WS11 0XT","POA","","","","Hawkins Drive comprises a five bay warehouse of steel portal frame construction and ground floor offices. Located 2 miles of Cannock.","https://www.rightmove.co.uk/properties/147685886#/?channel=COM_LET","2024-05-07T12:33:14Z","","size_change","Marketed by Mileway Real Estate UK Limited, Birmingham","","52.6665","-2.0455","https://media.rightmove.co.uk:443/dir/crop/10:9-16:9/86k/85177/147685886/85177_6ywpN5BQnavgyY32l5WAhd_IMG_16_0000_max_476x317.jpeg; https://media.rightmove.co.uk:443/dir/crop/10:9-16:9/86k/85177/147685886/85177_6ywpN5BQnavgyY32l5WAhd_IMG_13_0000_max_476x317.jpeg; https://media.rightmove.co.uk:443/dir/crop/10:9-16:9/86k/85177/147685886/85177_6ywpN5BQnavgyY32l5WAhd_IMG_14_0000_max_476x317.jpeg; https://media.rightmove.co.uk:443/dir/crop/10:9-16:9/86k/85177/147685886/85177_6ywpN5BQnavgyY32l5WAhd_IMG_15_0000_max_476x317.jpeg"
"167485607","Staffordshire","Light Industrial","Unit 50, Britannia Enterprise Park, Britannia Way, Lichfield, Staffordshire, WS14 9UY","£2,708 pcm","","","","The subject property comprises a modern warehouse unit incorporating two storey offices and mezzanine together with ample parking within the popular Britannia Enterprise Park on the outskirts of Lichfield City Centre. The premises benefit from a prominent corner position and offer roller shutter ...","https://www.rightmove.co.uk/properties/167485607#/?channel=COM_LET","2025-09-26T15:11:01Z","","new","Marketed by Burley Browne, Sutton Coldfield","","52.685316","-1.802537","https://media.rightmove.co.uk:443/dir/crop/10:9-16:9/110k/109673/167485607/109673_8140LH_IMG_00_0000_max_476x317.jpeg; https://media.rightmove.co.uk:443/dir/crop/10:9-16:9/110k/109673/167485607/109673_8140LH_IMG_01_0000_max_476x317.jpeg; https://media.rightmove.co.uk:443/dir/crop/10:9-16:9/110k/109673/167485607/109673_8140LH_IMG_02_0000_max_476x317.jpeg; https://media.rightmove.co.uk:443/dir/crop/10:9-16:9/110k/109673/167485607/109673_8140LH_IMG_03_0000_max_476x317.jpeg; https://media.rightmove.co.uk:443/dir/crop/10:9-16:9/110k/109673/167485607/109673_8140LH_IMG_04_0000_max_476x317.jpeg; https://media.rightmove.co.uk:443/dir/crop/10:9-16:9/110k/109673/167485607/109673_8140LH_IMG_05_0000_max_476x317.jpeg; https://media.rightmove.co.uk:443/dir/crop/10:9-16:9/110k/109673/167485607/109673_8140LH_IMG_06_0000_max_476x317.jpeg; https://media.rightmove.co.uk:443/dir/crop/10:9-16:9/110k/109673/167485607/109673_8140LH_IMG_07_0000_max_476x317.jpeg; https://media.rightmove.co.uk:443/dir/crop/10:9-16:9/110k/109673/167485607/109673_8140LH_IMG_08_0000_max_476x317.jpeg; https://media.rightmove.co.uk:443/dir/crop/10:9-16:9/110k/109673/167485607/109673_8140LH_IMG_09_0000_max_476x317.jpeg; https://media.rightmove.co.uk:443/dir/crop/10:9-16:9/110k/109673/167485607/109673_8140LH_IMG_10_0000_max_476x317.jpeg; https://media.rightmove.co.uk:443/dir/crop/10:9-16:9/110k/109673/167485607/109673_8140LH_IMG_11_0000_max_476x317.jpeg; https://media.rightmove.co.uk:443/dir/crop/10:9-16:9/110k/109673/167485607/109673_8140LH_IMG_12_0000_max_476x317.jpeg; https://media.rightmove.co.uk:443/dir/crop/10:9-16:9/110k/109673/167485607/109673_8140LH_IMG_13_0000_max_476x317.jpeg; https://media.rightmove.co.uk:443/dir/crop/10:9-16:9/110k/109673/167485607/109673_8140LH_IMG_14_0000_max_476x317.jpeg; https://media.rightmove.co.uk:443/dir/crop/10:9-16:9/110k/109673/167485607/109673_8140LH_IMG_15_0000_max_476x317.jpeg; https://media.rightmove.co.uk:443/dir/crop/10:9-16:9/110k/109673/167485607/109673_8140LH_IMG_16_0000_max_476x317.jpeg; https://media.rightmove.co.uk:443/dir/crop/10:9-16:9/110k/109673/167485607/109673_8140LH_IMG_17_0000_max_476x317.jpeg"
"167484011","Staffordshire","Retail Property (Shopping Centre)","Unit 14, Cannock Shopping Centre, Cannock, Staffordshire, WS11 1WS","POA","","","","The subject property offers an excellent opportunity to trade from a fully fitted retail unit in Cannock Shopping Centre in the heart of Cannock Town Centre. Nearby occupiers include The Works, Holland & Barrett, Costa Coffee, Mind, JD Sports, Specsavers. Recent new lettings to Savers, Enchanted ...","https://www.rightmove.co.uk/properties/167484011#/?channel=COM_LET","2025-09-26T14:50:03Z","","new","Marketed by Creative Retail, Birmingham","","52.690424","-2.030642","https://media.rightmove.co.uk:443/dir/crop/10:9-16:9/192k/191489/167484011/191489_405LH_IMG_00_0000_max_476x317.jpeg; https://media.rightmove.co.uk:443/dir/crop/10:9-16:9/192k/191489/167484011/191489_405LH_IMG_01_0000_max_476x317.jpeg; https://media.rightmove.co.uk:443/dir/crop/10:9-16:9/192k/191489/167484011/191489_405LH_IMG_02_0000_max_476x317.jpeg; https://media.rightmove.co.uk:443/dir/crop/10:9-16:9/192k/191489/167484011/191489_405LH_IMG_03_0000_max_476x317.jpeg; https://media.rightmove.co.uk:443/dir/crop/10:9-16:9/192k/191489/167484011/191489_405LH_IMG_04_0000_max_476x317.jpeg; https://media.rightmove.co.uk:443/dir/crop/10:9-16:9/192k/191489/167484011/191489_405LH_IMG_05_0000_max_476x317.jpeg; https://media.rightmove.co.uk:443/dir/crop/10:9-16:9/192k/191489/167484011/191489_405LH_IMG_06_0000_max_476x317.jpeg"
"167465969","Staffordshire","Office","6 Galena Close, Amington, Tamworth, Staffordshire, B77 4AS","£5,458 pcm","","","","The property comprises a self contained brick built part three storey detached building within an office business park. The office is made up of predominantly open plan accommodation with the ground floor previously used as a mechanical testing centre with a store / loading bay to the side with r...","https://www.rightmove.co.uk/properties/167465969#/?channel=COM_LET","2025-09-26T10:42:43Z","","new","Marketed by Burley Browne, Sutton Coldfield","","52.623116","-1.650854","https://media.rightmove.co.uk:443/dir/crop/10:9-16:9/property-photo/087abb3fa/167465969/087abb3fac936a2a5cdc89324602d5c7_max_476x317.jpeg; https://media.rightmove.co.uk:443/dir/crop/10:9-16:9/property-photo/88a5b013c/167465969/88a5b013ce311f9e5461cacf73bc3f1f_max_476x317.jpeg; https://media.rightmove.co.uk:443/dir/crop/10:9-16:9/property-photo/1f30f3efd/167465969/1f30f3efd29c8e16fd8e8be2c45651cf_max_476x317.jpeg; https://media.rightmove.co.uk:443/dir/crop/10:9-16:9/property-photo/50a17f9f6/167465969/50a17f9f6b7367eea4c5021b3eb50320_max_476x317.jpeg; https://media.rightmove.co.uk:443/dir/crop/10:9-16:9/property-photo/630558cbc/167465969/630558cbccefcde48b528eb69b947c5e_max_476x317.jpeg; https://media.rightmove.co.uk:443/dir/crop/10:9-16:9/property-photo/563b702d7/167465969/563b702d78ee3533681571da7483c95a_max_476x317.jpeg; https://media.rightmove.co.uk:443/dir/crop/10:9-16:9/property-photo/e755f4c7f/167465969/e755f4c7f5f28fd854ef977b04ab14d5_max_476x317.jpeg; https://media.rightmove.co.uk:443/dir/crop/10:9-16:9/property-photo/4cf4f8d64/167465969/4cf4f8d64e01271df8a017439894a12f_max_476x317.jpeg; https://media.rightmove.co.uk:443/dir/crop/10:9-16:9/property-photo/a3c103409/167465969/a3c103409577f8ad845019798c1f2e35_max_476x317.jpeg; https://media.rightmove.co.uk:443/dir/crop/10:9-16:9/property-photo/dd8980730/167465969/dd8980730c4ca3d152f97f94137be9b7_max_476x317.jpeg; https://media.rightmove.co.uk:443/dir/crop/10:9-16:9/property-photo/c457222f7/167465969/c457222f789f3c7d08d5313dd4438088_max_476x317.jpeg"
"167417480","Staffordshire","Office","Mansell House, 22 Bore Street, Lichfield , Staffs","£1,167 pcm","","","","The property comprises a ground floor self-contained office suite with open plan accommodation and private ground floor access from the rear, kitchenette, disabled and male/female WC. The accommodation has recently been refurbished to a high standard to include carpeting, LED lighting, access con...","https://www.rightmove.co.uk/properties/167417480#/?channel=COM_LET","2025-09-25T12:48:13Z","","new","Marketed by Burley Browne, Sutton Coldfield","","52.682638","-1.827906","https://media.rightmove.co.uk:443/dir/crop/10:9-16:9/110k/109673/167417480/109673_8152LH_IMG_00_0000_max_476x317.jpeg; https://media.rightmove.co.uk:443/dir/crop/10:9-16:9/110k/109673/167417480/109673_8152LH_IMG_01_0000_max_476x317.jpeg; https://media.rightmove.co.uk:443/dir/crop/10:9-16:9/110k/109673/167417480/109673_8152LH_IMG_02_0000_max_476x317.jpeg; https://media.rightmove.co.uk:443/dir/crop/10:9-16:9/110k/109673/167417480/109673_8152LH_IMG_03_0000_max_476x317.jpeg; https://media.rightmove.co.uk:443/dir/crop/10:9-16:9/110k/109673/167417480/109673_8152LH_IMG_04_0000_max_476x317.jpeg; https://media.rightmove.co.uk:443/dir/crop/10:9-16:9/110k/109673/167417480/109673_8152LH_IMG_05_0000_max_476x317.jpeg; https://media.rightmove.co.uk:443/dir/crop/10:9-16:9/110k/109673/167417480/109673_8152LH_IMG_06_0000_max_476x317.jpeg; https://media.rightmove.co.uk:443/dir/crop/10:9-16:9/110k/109673/167417480/109673_8152LH_IMG_07_0000_max_476x317.jpeg; https://media.rightmove.co.uk:443/dir/crop/10:9-16:9/110k/109673/167417480/109673_8152LH_IMG_08_0000_max_476x317.jpeg; https://media.rightmove.co.uk:443/dir/crop/10:9-16:9/110k/109673/167417480/109673_8152LH_IMG_09_0000_max_476x317.jpeg"
"167368958","Staffordshire","Light Industrial","Unit 6-8 Brookmead Industrial Estate, Telford Drive, Stafford, Staffordshire, ST16 3ST","POA","","","","Location: The premises are situated on the Brookmead Industrial Estate, accessed via the A513 trunk road and Tollgate Road. Brookmead Industrial Estate forms part of an established industrial area situated 1½ miles north of Stafford Town Centre. Junction 14 of the M6 Motorway is within 2 miles. ...","https://www.rightmove.co.uk/properties/167368958#/?channel=COM_LET","2025-09-24T14:30:06Z","","size_change","Marketed by Harris Lamb, Stoke-On-Trent","","52.828686","-2.109549","https://media.rightmove.co.uk:443/dir/crop/10:9-16:9/59k/58365/167368958/58365_5563LH_IMG_00_0000_max_476x317.jpeg; https://media.rightmove.co.uk:443/dir/crop/10:9-16:9/59k/58365/167368958/58365_5563LH_IMG_01_0000_max_476x317.jpeg; https://media.rightmove.co.uk:443/dir/crop/10:9-16:9/59k/58365/167368958/58365_5563LH_IMG_02_0000_max_476x317.jpeg; https://media.rightmove.co.uk:443/dir/crop/10:9-16:9/59k/58365/167368958/58365_5563LH_IMG_03_0000_max_476x317.jpeg"
"167360135","Staffordshire","Light Industrial","Unit 7, Elford Lowe Farm, Elford Road, Tamworth, Staffordshire, B79 9BJ","£5,708 pcm","","","","The premises extend to provide a well presented modern warehouse building of steel portal frame surmounted by a pitched roof incorporating roof lights in part. The property has the benefit of a roller shutter door (5.31m x 5.93m) to the front elevation, 3-phase mains electricity, office and WC. E...","https://www.rightmove.co.uk/properties/167360135#/?channel=COM_LET","2025-09-24T12:30:12Z","","new","Marketed by Burley Browne, Sutton Coldfield","","52.680157","-1.712584","https://media.rightmove.co.uk:443/dir/crop/10:9-16:9/110k/109673/167360135/109673_8137LH_IMG_00_0000_max_476x317.jpeg; https://media.rightmove.co.uk:443/dir/crop/10:9-16:9/110k/109673/167360135/109673_8137LH_IMG_01_0000_max_476x317.jpeg; https://media.rightmove.co.uk:443/dir/crop/10:9-16:9/110k/109673/167360135/109673_8137LH_IMG_02_0000_max_476x317.jpeg; https://media.rightmove.co.uk:443/dir/crop/10:9-16:9/110k/109673/167360135/109673_8137LH_IMG_03_0000_max_476x317.jpeg; https://media.rightmove.co.uk:443/dir/crop/10:9-16:9/110k/109673/167360135/109673_8137LH_IMG_04_0000_max_476x317.jpeg; https://media.rightmove.co.uk:443/dir/crop/10:9-16:9/110k/109673/167360135/109673_8137LH_IMG_05_0000_max_476x317.jpeg; https://media.rightmove.co.uk:443/dir/crop/10:9-16:9/110k/109673/167360135/109673_8137LH_IMG_06_0000_max_476x317.jpeg; https://media.rightmove.co.uk:443/dir/crop/10:9-16:9/110k/109673/167360135/109673_8137LH_IMG_07_0000_max_476x317.jpeg; https://media.rightmove.co.uk:443/dir/crop/10:9-16:9/110k/109673/167360135/109673_8137LH_IMG_08_0000_max_476x317.jpeg; https://media.rightmove.co.uk:443/dir/crop/10:9-16:9/110k/109673/167360135/109673_8137LH_IMG_09_0000_max_476x317.jpeg; https://media.rightmove.co.uk:443/dir/crop/10:9-16:9/110k/109673/167360135/109673_8137LH_IMG_10_0000_max_476x317.jpeg; https://media.rightmove.co.uk:443/dir/crop/10:9-16:9/110k/109673/167360135/109673_8137LH_IMG_11_0000_max_476x317.jpeg; https://media.rightmove.co.uk:443/dir/crop/10:9-16:9/110k/109673/167360135/109673_8137LH_IMG_12_0000_max_476x317.jpeg; https://media.rightmove.co.uk:443/dir/crop/10:9-16:9/110k/109673/167360135/109673_8137LH_IMG_13_0000_max_476x317.jpeg; https://media.rightmove.co.uk:443/dir/crop/10:9-16:9/110k/109673/167360135/109673_8137LH_IMG_14_0000_max_476x317.jpeg; https://media.rightmove.co.uk:443/dir/crop/10:9-16:9/110k/109673/167360135/109673_8137LH_IMG_15_0000_max_476x317.jpeg"
"167320880","Staffordshire","Warehouse","The Granary, The Bradshaws, WV8","£3,999 pcm","","","","A 6,200 sq ft Storage/Light Industrial/Warehouse located on The Bradshaws.The Granary is fully insulated, 3-phase power, concrete floor, high-bay lighting and an office.Electric gates and ample shared yard space","https://www.rightmove.co.uk/properties/167320880#/?channel=COM_LET","2025-09-23T16:07:41Z","","size_change","Marketed by Bradshaws Estates, Staffordshire","","52.61037","-2.22779","https://media.rightmove.co.uk:443/dir/crop/10:9-16:9/289k/288782/167320880/288782_TheGranary_IMG_01_0000_max_476x317.jpeg; https://media.rightmove.co.uk:443/dir/crop/10:9-16:9/289k/288782/167320880/288782_TheGranary_IMG_00_0000_max_476x317.jpeg; https://media.rightmove.co.uk:443/dir/crop/10:9-16:9/289k/288782/167320880/288782_TheGranary_IMG_02_0000_max_476x317.png; https://media.rightmove.co.uk:443/dir/crop/10:9-16:9/289k/288782/167320880/288782_TheGranary_IMG_03_0000_max_476x317.png"
"167298104","Staffordshire","Light Industrial","Unit 6 Reads Road, Stoke-On-Trent, Staffordshire, ST4","£1,167 pcm","","","","Recently refurbished 1,279 sq. ft. Industrial Property available to let for immediate occupation ","https://www.rightmove.co.uk/properties/167298104#/?channel=COM_LET","2025-09-23T10:54:24Z","","new","Marketed by Sandyford Properties Limited, Stoke-On-Trent","","53.00985","-2.1573","https://media.rightmove.co.uk:443/dir/crop/10:9-16:9/271k/270812/167298104/270812_Fenton_IMG_03_0000_max_476x317.jpeg; https://media.rightmove.co.uk:443/dir/crop/10:9-16:9/271k/270812/167298104/270812_Fenton_IMG_02_0000_max_476x317.jpeg; https://media.rightmove.co.uk:443/dir/crop/10:9-16:9/271k/270812/167298104/270812_Fenton_IMG_00_0000_max_476x317.jpeg; https://media.rightmove.co.uk:443/dir/crop/10:9-16:9/271k/270812/167298104/270812_Fenton_IMG_01_0000_max_476x317.jpeg; https://media.rightmove.co.uk:443/dir/crop/10:9-16:9/271k/270812/167298104/270812_Fenton_IMG_05_0000_max_476x317.jpeg; https://media.rightmove.co.uk:443/dir/crop/10:9-16:9/271k/270812/167298104/270812_Fenton_IMG_04_0000_max_476x317.jpeg; https://media.rightmove.co.uk:443/dir/crop/10:9-16:9/271k/270812/167298104/270812_Fenton_IMG_07_0000_max_476x317.jpeg; https://media.rightmove.co.uk:443/dir/crop/10:9-16:9/271k/270812/167298104/270812_Fenton_IMG_06_0000_max_476x317.jpeg"
"167150534","Staffordshire","Office","Saxon House, Staffordshire Technology Park, Stafford, ST18 0AR","£2,099 pcm","","","","Office accommodation on an established business park within easy reach of local amenities, Stafford town centre and the M6 Motorway.","https://www.rightmove.co.uk/properties/167150534#/?channel=COM_LET","2025-09-18T14:24:35Z","","new","Marketed by Avison Young (UK) Limited, Offices","","52.81602","-2.084449","https://media.rightmove.co.uk:443/dir/crop/10:9-16:9/57k/56478/167150534/56478_318566-2_IMG_00_0000_max_476x317.jpeg; https://media.rightmove.co.uk:443/dir/crop/10:9-16:9/57k/56478/167150534/56478_318566-2_IMG_01_0000_max_476x317.jpeg; https://media.rightmove.co.uk:443/dir/crop/10:9-16:9/57k/56478/167150534/56478_318566-2_IMG_02_0000_max_476x317.jpeg; https://media.rightmove.co.uk:443/dir/crop/10:9-16:9/57k/56478/167150534/56478_318566-2_IMG_03_0000_max_476x317.jpeg; https://media.rightmove.co.uk:443/dir/crop/10:9-16:9/57k/56478/167150534/56478_318566-2_IMG_04_0000_max_476x317.jpeg; https://media.rightmove.co.uk:443/dir/crop/10:9-16:9/57k/56478/167150534/56478_318566-2_IMG_05_0000_max_476x317.jpeg; https://media.rightmove.co.uk:443/dir/crop/10:9-16:9/57k/56478/167150534/56478_318566-2_IMG_06_0000_max_476x317.jpeg; https://media.rightmove.co.uk:443/dir/crop/10:9-16:9/57k/56478/167150534/56478_318566-2_IMG_07_0000_max_476x317.jpeg; https://media.rightmove.co.uk:443/dir/crop/10:9-16:9/57k/56478/167150534/56478_318566-2_IMG_08_0000_max_476x317.jpeg; https://media.rightmove.co.uk:443/dir/crop/10:9-16:9/57k/56478/167150534/56478_318566-2_IMG_09_0000_max_476x317.jpeg"
"165020993","Staffordshire","Office","Kingswood Business Park, Holyhead Road, WV7","£417 pcm","From","","","An attractive Rural Office Park with a number of private professional office suites.","https://www.rightmove.co.uk/properties/165020993#/?channel=COM_LET","2025-07-28T11:23:52Z","","size_change","Marketed by WLT Commercial, Telford","","52.61802","-2.24452","https://media.rightmove.co.uk:443/dir/crop/10:9-16:9/293k/292100/165020993/292100_1015_IMG_00_0000_max_476x317.jpeg; https://media.rightmove.co.uk:443/dir/crop/10:9-16:9/293k/292100/165020993/292100_1015_IMG_01_0000_max_476x317.jpeg; https://media.rightmove.co.uk:443/dir/crop/10:9-16:9/293k/292100/165020993/292100_1015_IMG_02_0000_max_476x317.jpeg; https://media.rightmove.co.uk:443/dir/crop/10:9-16:9/293k/292100/165020993/292100_1015_IMG_03_0000_max_476x317.jpeg; https://media.rightmove.co.uk:443/dir/crop/10:9-16:9/293k/292100/165020993/292100_1015_IMG_04_0001_max_476x317.jpeg; https://media.rightmove.co.uk:443/dir/crop/10:9-16:9/293k/292100/165020993/292100_1015_IMG_05_0001_max_476x317.jpeg; https://media.rightmove.co.uk:443/dir/crop/10:9-16:9/293k/292100/165020993/292100_1015_IMG_06_0000_max_476x317.jpeg; https://media.rightmove.co.uk:443/dir/crop/10:9-16:9/293k/292100/165020993/292100_1015_IMG_07_0000_max_476x317.jpeg; https://media.rightmove.co.uk:443/dir/crop/10:9-16:9/293k/292100/165020993/292100_1015_IMG_08_0000_max_476x317.jpeg; https://media.rightmove.co.uk:443/dir/crop/10:9-16:9/293k/292100/165020993/292100_1015_IMG_09_0001_max_476x317.jpeg"
"167105378","Staffordshire","Office","Ainsley Suite, Landmark Business Centre, Speedwell Road, Newcastle Under Lyme, Staffordshire ST5 7RG","£200 pcm","","","","Landmark Business Centre in Newcastle under Lyme is an impressive three storey office premises. Originally built as a HQ Office but now offering individual suites. The building is steel framed and is arranged with a central service column in which the elevators, staircases and toilet facilitie...","https://www.rightmove.co.uk/properties/167105378#/?channel=COM_LET","2025-09-17T15:47:58Z","","size_change","Marketed by BA COMMERCIAL, BA Commercial","","53.049545","-2.240891","https://media.rightmove.co.uk:443/dir/crop/10:9-16:9/288k/287543/167105378/287543_2203LH_IMG_00_0000_max_476x317.jpeg; https://media.rightmove.co.uk:443/dir/crop/10:9-16:9/288k/287543/167105378/287543_2203LH_IMG_01_0000_max_476x317.jpeg; https://media.rightmove.co.uk:443/dir/crop/10:9-16:9/288k/287543/167105378/287543_2203LH_IMG_02_0000_max_476x317.jpeg; https://media.rightmove.co.uk:443/dir/crop/10:9-16:9/288k/287543/167105378/287543_2203LH_IMG_03_0000_max_476x317.jpeg; https://media.rightmove.co.uk:443/dir/crop/10:9-16:9/288k/287543/167105378/287543_2203LH_IMG_04_0000_max_476x317.jpeg; https://media.rightmove.co.uk:443/dir/crop/10:9-16:9/288k/287543/167105378/287543_2203LH_IMG_05_0000_max_476x317.jpeg; https://media.rightmove.co.uk:443/dir/crop/10:9-16:9/288k/287543/167105378/287543_2203LH_IMG_06_0000_max_476x317.jpeg; https://media.rightmove.co.uk:443/dir/crop/10:9-16:9/288k/287543/167105378/287543_2203LH_IMG_07_0000_max_476x317.jpeg"
"167104370","Staffordshire","Office","Unit 30, Quinton Court, Great Wyrley, Staffordshire, WS6 6DY","£1,000 pcm","","","","Fronting Wardles Lane, the property forms part of the Quinton Court Shopping Centre in the large village Great Wyrley a busy local centre with a number of national and independent operator anchored by SPAR, Cornwell's Chemists, Domino's and Tanning Shop. The subject property is situated at first ...","https://www.rightmove.co.uk/properties/167104370#/?channel=COM_LET","2025-09-17T15:34:26Z","","new","Marketed by Creative Retail, Birmingham","","52.657421","-2.016956","https://media.rightmove.co.uk:443/dir/crop/10:9-16:9/192k/191489/167104370/191489_396LH_IMG_00_0000_max_476x317.jpeg; https://media.rightmove.co.uk:443/dir/crop/10:9-16:9/192k/191489/167104370/191489_396LH_IMG_01_0000_max_476x317.jpeg; https://media.rightmove.co.uk:443/dir/crop/10:9-16:9/192k/191489/167104370/191489_396LH_IMG_02_0000_max_476x317.jpeg; https://media.rightmove.co.uk:443/dir/crop/10:9-16:9/192k/191489/167104370/191489_396LH_IMG_03_0000_max_476x317.jpeg"
"149730998","Staffordshire","Retail Property (high street)","18 Market Street, Lichfield, Staffordshire, WS13 6LH","£2,208 pcm","","","","The premises are being refurbished to provide a self-contained ground floor retail unit to comprise ground floor sales area leading through to an additional sales/storage area with WC. An external area to the rear is included.","https://www.rightmove.co.uk/properties/149730998#/?channel=COM_LET","2024-07-01T12:34:32Z","","new","Marketed by Burley Browne, Sutton Coldfield","","52.682899","-1.828767","https://media.rightmove.co.uk:443/dir/crop/10:9-16:9/110k/109673/149730998/109673_5825LH_IMG_05_0002_max_476x317.jpeg; https://media.rightmove.co.uk:443/dir/crop/10:9-16:9/110k/109673/149730998/109673_5825LH_IMG_06_0000_max_476x317.jpeg; https://media.rightmove.co.uk:443/dir/crop/10:9-16:9/110k/109673/149730998/109673_5825LH_IMG_07_0000_max_476x317.jpeg; https://media.rightmove.co.uk:443/dir/crop/10:9-16:9/110k/109673/149730998/109673_5825LH_IMG_08_0000_max_476x317.jpeg; https://media.rightmove.co.uk:443/dir/crop/10:9-16:9/110k/109673/149730998/109673_5825LH_IMG_11_0000_max_476x317.jpeg; https://media.rightmove.co.uk:443/dir/crop/10:9-16:9/110k/109673/149730998/109673_5825LH_IMG_09_0000_max_476x317.jpeg; https://media.rightmove.co.uk:443/dir/crop/10:9-16:9/110k/109673/149730998/109673_5825LH_IMG_10_0000_max_476x317.jpeg"
"87270951","Staffordshire","Distribution Warehouse","Units C1 & C2 Chatterley Park, Peacock Hay Road, Stoke-on-Trent, Stoke-On-Trent, ST7 1UN","POA","","","","For Sale / To Let - Units C1 & C2 Chatterley Park, Stoke-on-Trent close to Junction 16 of the M6.","https://www.rightmove.co.uk/properties/87270951#/?channel=COM_LET","2025-08-27T10:47:52Z","","size_change","Marketed by JLL, Manchester - Offices","","53.06334","-2.239453","https://media.rightmove.co.uk:443/dir/crop/10:9-16:9/258k/257810/87270951/257810_287704-2_IMG_00_0000_max_476x317.jpeg; https://media.rightmove.co.uk:443/dir/crop/10:9-16:9/258k/257810/87270951/257810_287704-2_IMG_01_0000_max_476x317.jpeg"
"157588010","Staffordshire","Office","Ashby Road, Tamworth, Staffordshire, B79","£1,650 pcm","From","","","Portway Farm Barns is an exclusive Barn to commercial units conversion in an idyllic rural location comprising of 12 commercial units suitable for retail use. Each unit has been converted sympathetically, retaining many original features and benefit from individual WC/Kitchenette facilities.","https://www.rightmove.co.uk/properties/157588010#/?channel=COM_LET","2025-01-31T09:42:02Z","","size_change","Marketed by Portway Farm Estates Limited, Tamworth","","52.64054","-1.69139","https://media.rightmove.co.uk:443/dir/crop/10:9-16:9/245k/244943/157588010/244943_PortwayLaneOffice_IMG_07_0001_max_476x317.jpeg; https://media.rightmove.co.uk:443/dir/crop/10:9-16:9/245k/244943/157588010/244943_PortwayLaneOffice_IMG_00_0000_max_476x317.jpeg; https://media.rightmove.co.uk:443/dir/crop/10:9-16:9/245k/244943/157588010/244943_PortwayLaneOffice_IMG_06_0001_max_476x317.jpeg; https://media.rightmove.co.uk:443/dir/crop/10:9-16:9/245k/244943/157588010/244943_PortwayLaneOffice_IMG_08_0001_max_476x317.jpeg; https://media.rightmove.co.uk:443/dir/crop/10:9-16:9/245k/244943/157588010/244943_PortwayLaneOffice_IMG_09_0001_max_476x317.jpeg"
"158169671","Staffordshire","Land","i54 Wobaston Road, Wolverhampton, Wolverhampton","POA","","","","i54 South Staffordshire is a 239 acre (97 hectare) strategic site in the centre of the UK, adjacent to the M54 motorway with its own dedicated access to Junction 2. It therefore has excellent access to the national motorway network via the M6, M6 Toll and A449.","https://www.rightmove.co.uk/properties/158169671#/?channel=COM_LET","2025-02-12T15:36:41Z","","size_change","Marketed by Bulleys Chartered Surveyors, Wolverhampton","","52.629676","-2.147286","https://media.rightmove.co.uk:443/dir/crop/10:9-16:9/282k/281333/158169671/281333_BWOL63-LET_IMG_00_0000_max_476x317.jpeg; https://media.rightmove.co.uk:443/dir/crop/10:9-16:9/282k/281333/158169671/281333_BWOL63-LET_IMG_01_0000_max_476x317.jpeg; https://media.rightmove.co.uk:443/dir/crop/10:9-16:9/282k/281333/158169671/281333_BWOL63-LET_IMG_02_0000_max_476x317.jpeg; https://media.rightmove.co.uk:443/dir/crop/10:9-16:9/282k/281333/158169671/281333_BWOL63-LET_IMG_03_0000_max_476x317.jpeg; https://media.rightmove.co.uk:443/dir/crop/10:9-16:9/282k/281333/158169671/281333_BWOL63-LET_IMG_04_0000_max_476x317.jpeg; https://media.rightmove.co.uk:443/dir/crop/10:9-16:9/282k/281333/158169671/281333_BWOL63-LET_IMG_05_0000_max_476x317.jpeg; https://media.rightmove.co.uk:443/dir/crop/10:9-16:9/282k/281333/158169671/281333_BWOL63-LET_IMG_06_0000_max_476x317.jpeg; https://media.rightmove.co.uk:443/dir/crop/10:9-16:9/282k/281333/158169671/281333_BWOL63-LET_IMG_07_0000_max_476x317.jpeg; https://media.rightmove.co.uk:443/dir/crop/10:9-16:9/282k/281333/158169671/281333_BWOL63-LET_IMG_08_0000_max_476x317.jpeg; https://media.rightmove.co.uk:443/dir/crop/10:9-16:9/282k/281333/158169671/281333_BWOL63-LET_IMG_09_0000_max_476x317.jpeg"
"168688151","Staffordshire","Garage","Storage Containers, Regent Works, Lawley Street, Stoke-On-Trent","£152 pcm","","","","Amco Commercial are pleased to offer to market a number of storage containers in clean condition. Located in Longton within the popular Regent Works industrial business hub, these containers are ideally located for for both local and motorway-link storage. With 24/7 access, the site ...","https://www.rightmove.co.uk/properties/168688151#/?channel=COM_LET","2025-10-28T10:16:33Z","","new","Marketed by Amco Commercial Ltd, Manchester","","52.984046","-2.123018","https://media.rightmove.co.uk:443/dir/crop/10:9-16:9/property-photo/d30b95023/168688151/d30b950231a3e4fbde3f7694ee51b77f_max_476x317.jpeg; https://media.rightmove.co.uk:443/dir/crop/10:9-16:9/property-photo/6f71e7810/168688151/6f71e7810dd2b4ab840e60962f9adb08_max_476x317.jpeg; https://media.rightmove.co.uk:443/dir/crop/10:9-16:9/property-photo/0d7875637/168688151/0d787563732cc34500ba6f5b63a8efb7_max_476x317.jpeg"
"158740427","Staffordshire","Warehouse","M633 Indurent Park Meaford - Build to suit, Meaford, Stone, ST15 0WQ","POA","","","","Build to suit cross docked facility of 633,332 sq ft","https://www.rightmove.co.uk/properties/158740427#/?channel=COM_LET","2025-02-26T16:23:10Z","","size_change","Marketed by Savills, Birmingham Industrial","","52.920842","-2.1643","https://media.rightmove.co.uk:443/dir/crop/10:9-16:9/property-photo/f69e206cd/158740427/f69e206cda1b431ba77c71dd46f62b8f_max_476x317.jpeg; https://media.rightmove.co.uk:443/dir/crop/10:9-16:9/property-photo/99a658a16/158740427/99a658a16347ef07adb7b671a1f83616_max_476x317.jpeg; https://media.rightmove.co.uk:443/dir/crop/10:9-16:9/property-photo/b02a2bb63/158740427/b02a2bb63f5645c98ea3b717a2fc1aee_max_476x317.jpeg"
"166869254","Staffordshire","Office","Unit 50C, Drayton House, Drayton Manor Business Park, Coleshill Road, Fazeley, Tamworth, Staffordshire, B78 3SA","POA","","","","Location: The property is located on Drayton Manor Business Park which is accessed off the A4091 Coleshill Road, Tamworth, to the south of Fazeley. To the north is the A5 Trunk Road which provides dual carriageway access to the M6 Toll JT4 and M42 motorway J10. To the south via the A4091 is the...","https://www.rightmove.co.uk/properties/166869254#/?channel=COM_LET","2025-09-11T11:45:27Z","","new","Marketed by Harris Lamb, Stoke-On-Trent","","52.608097","-1.705703","https://media.rightmove.co.uk:443/dir/crop/10:9-16:9/59k/58365/166869254/58365_6979LH_IMG_03_0000_max_476x317.jpeg; https://media.rightmove.co.uk:443/dir/crop/10:9-16:9/59k/58365/166869254/58365_6979LH_IMG_00_0000_max_476x317.jpeg; https://media.rightmove.co.uk:443/dir/crop/10:9-16:9/59k/58365/166869254/58365_6979LH_IMG_01_0000_max_476x317.jpeg; https://media.rightmove.co.uk:443/dir/crop/10:9-16:9/59k/58365/166869254/58365_6979LH_IMG_02_0000_max_476x317.jpeg; https://media.rightmove.co.uk:443/dir/crop/10:9-16:9/59k/58365/166869254/58365_6979LH_IMG_07_0000_max_476x317.jpeg; https://media.rightmove.co.uk:443/dir/crop/10:9-16:9/59k/58365/166869254/58365_6979LH_IMG_08_0000_max_476x317.jpeg; https://media.rightmove.co.uk:443/dir/crop/10:9-16:9/59k/58365/166869254/58365_6979LH_IMG_09_0000_max_476x317.jpeg; https://media.rightmove.co.uk:443/dir/crop/10:9-16:9/59k/58365/166869254/58365_6979LH_IMG_10_0000_max_476x317.jpeg; https://media.rightmove.co.uk:443/dir/crop/10:9-16:9/59k/58365/166869254/58365_6979LH_IMG_11_0000_max_476x317.jpeg; https://media.rightmove.co.uk:443/dir/crop/10:9-16:9/59k/58365/166869254/58365_6979LH_IMG_12_0000_max_476x317.jpeg; https://media.rightmove.co.uk:443/dir/crop/10:9-16:9/59k/58365/166869254/58365_6979LH_IMG_13_0000_max_476x317.jpeg; https://media.rightmove.co.uk:443/dir/crop/10:9-16:9/59k/58365/166869254/58365_6979LH_IMG_14_0000_max_476x317.jpeg; https://media.rightmove.co.uk:443/dir/crop/10:9-16:9/59k/58365/166869254/58365_6979LH_IMG_15_0000_max_476x317.jpeg; https://media.rightmove.co.uk:443/dir/crop/10:9-16:9/59k/58365/166869254/58365_6979LH_IMG_16_0000_max_476x317.jpeg"
"162720659","Staffordshire","Office","Vantage Suite, First Floor Virage Point, Cannock","£650 pcm","","","","No deposit required. 24 hour access. Parking onsite. Available immediately","https://www.rightmove.co.uk/properties/162720659#/?channel=COM_LET","2025-06-02T13:17:16Z","","price_reduced","Marketed by Fred Pritchard Real Estate Limited, Cannock","","52.67609","-2.0251","https://media.rightmove.co.uk:443/dir/crop/10:9-16:9/290k/289910/162720659/289910_VSFLR1VP_IMG_07_0000_max_476x317.jpeg; https://media.rightmove.co.uk:443/dir/crop/10:9-16:9/290k/289910/162720659/289910_VSFLR1VP_IMG_01_0000_max_476x317.jpeg; https://media.rightmove.co.uk:443/dir/crop/10:9-16:9/290k/289910/162720659/289910_VSFLR1VP_IMG_00_0000_max_476x317.jpeg; https://media.rightmove.co.uk:443/dir/crop/10:9-16:9/290k/289910/162720659/289910_VSFLR1VP_IMG_02_0000_max_476x317.jpeg; https://media.rightmove.co.uk:443/dir/crop/10:9-16:9/290k/289910/162720659/289910_VSFLR1VP_IMG_04_0000_max_476x317.jpeg; https://media.rightmove.co.uk:443/dir/crop/10:9-16:9/290k/289910/162720659/289910_VSFLR1VP_IMG_06_0000_max_476x317.jpeg; https://media.rightmove.co.uk:443/dir/crop/10:9-16:9/290k/289910/162720659/289910_VSFLR1VP_IMG_03_0000_max_476x317.jpeg; https://media.rightmove.co.uk:443/dir/crop/10:9-16:9/290k/289910/162720659/289910_VSFLR1VP_IMG_05_0000_max_476x317.jpeg"
"166790435","Staffordshire","Serviced Office","North Staffs Business Park Innovation Way, Stoke-On-Trent","£430 pcm","From","","","This Centre presents an unrivalled business solution for the start up and SME's, within a well connected inspiring new building, and offers a range of products and services to support all types of business including: Fully furnished office suites Leading edge telecoms High speed broadband in...","https://www.rightmove.co.uk/properties/166790435#/?channel=COM_LET","2025-09-09T17:07:10Z","","new","Marketed by Office Freedom, Office Freedom - Major Cities","","53.069483","-2.186966","https://media.rightmove.co.uk:443/dir/crop/10:9-16:9/246k/245114/166790435/245114_11246-1_IMG_00_0000_max_476x317.jpeg; https://media.rightmove.co.uk:443/dir/crop/10:9-16:9/246k/245114/166790435/245114_11246-1_IMG_01_0000_max_476x317.jpeg; https://media.rightmove.co.uk:443/dir/crop/10:9-16:9/246k/245114/166790435/245114_11246-1_IMG_02_0000_max_476x317.jpeg; https://media.rightmove.co.uk:443/dir/crop/10:9-16:9/246k/245114/166790435/245114_11246-1_IMG_03_0000_max_476x317.jpeg; https://media.rightmove.co.uk:443/dir/crop/10:9-16:9/246k/245114/166790435/245114_11246-1_IMG_04_0000_max_476x317.jpeg; https://media.rightmove.co.uk:443/dir/crop/10:9-16:9/246k/245114/166790435/245114_11246-1_IMG_05_0000_max_476x317.jpeg; https://media.rightmove.co.uk:443/dir/crop/10:9-16:9/246k/245114/166790435/245114_11246-1_IMG_06_0000_max_476x317.jpeg; https://media.rightmove.co.uk:443/dir/crop/10:9-16:9/246k/245114/166790435/245114_11246-1_IMG_07_0000_max_476x317.jpeg; https://media.rightmove.co.uk:443/dir/crop/10:9-16:9/246k/245114/166790435/245114_11246-1_IMG_08_0000_max_476x317.jpeg"
"166790411","Staffordshire","Serviced Office","Trent House Victoria Road Fenton / Hanley, Stoke on Trent","£313 pcm","From","","","Modern newly refurbished office building providing contemporary flexible office space, co-working, meeting rooms and virtual office services located in a prominent position close to the centre of Stoke-on-Trent. These offices are located over 2 floors with access to the annexe via a glass walkway...","https://www.rightmove.co.uk/properties/166790411#/?channel=COM_LET","2025-09-09T17:06:57Z","","new","Marketed by Office Freedom, Office Freedom - Major Cities","","53.006117","-2.165301","https://media.rightmove.co.uk:443/dir/crop/10:9-16:9/246k/245114/166790411/245114_28818-1_IMG_00_0000_max_476x317.jpeg; https://media.rightmove.co.uk:443/dir/crop/10:9-16:9/246k/245114/166790411/245114_28818-1_IMG_01_0000_max_476x317.jpeg; https://media.rightmove.co.uk:443/dir/crop/10:9-16:9/246k/245114/166790411/245114_28818-1_IMG_02_0000_max_476x317.jpeg; https://media.rightmove.co.uk:443/dir/crop/10:9-16:9/246k/245114/166790411/245114_28818-1_IMG_03_0000_max_476x317.jpeg; https://media.rightmove.co.uk:443/dir/crop/10:9-16:9/246k/245114/166790411/245114_28818-1_IMG_04_0000_max_476x317.jpeg; https://media.rightmove.co.uk:443/dir/crop/10:9-16:9/246k/245114/166790411/245114_28818-1_IMG_05_0000_max_476x317.jpeg; https://media.rightmove.co.uk:443/dir/crop/10:9-16:9/246k/245114/166790411/245114_28818-1_IMG_06_0000_max_476x317.jpeg; https://media.rightmove.co.uk:443/dir/crop/10:9-16:9/246k/245114/166790411/245114_28818-1_IMG_07_0000_max_476x317.jpeg; https://media.rightmove.co.uk:443/dir/crop/10:9-16:9/246k/245114/166790411/245114_28818-1_IMG_08_0000_max_476x317.jpeg; https://media.rightmove.co.uk:443/dir/crop/10:9-16:9/246k/245114/166790411/245114_28818-1_IMG_09_0000_max_476x317.jpeg; https://media.rightmove.co.uk:443/dir/crop/10:9-16:9/246k/245114/166790411/245114_28818-1_IMG_10_0000_max_476x317.jpeg; https://media.rightmove.co.uk:443/dir/crop/10:9-16:9/246k/245114/166790411/245114_28818-1_IMG_11_0000_max_476x317.jpeg; https://media.rightmove.co.uk:443/dir/crop/10:9-16:9/246k/245114/166790411/245114_28818-1_IMG_12_0000_max_476x317.jpeg; https://media.rightmove.co.uk:443/dir/crop/10:9-16:9/246k/245114/166790411/245114_28818-1_IMG_13_0000_max_476x317.jpeg"
"158167499","Staffordshire","Light Industrial","Units 14-16, Lakeside Business Park, Cannock","POA","","","","Units 14-16 is a mid terraced modern trade counter/industrial premises which is mezzanined throughout. The unit has 1 roller shutter door access to the rear of the premises and has good office provision. Internally there is a goods lift enabling the movement of goods from ground floor to mezzanine.","https://www.rightmove.co.uk/properties/158167499#/?channel=COM_LET","2025-02-12T15:15:29Z","","size_change","Marketed by Bulleys Chartered Surveyors, Wolverhampton","","52.672044","-2.035322","https://media.rightmove.co.uk:443/dir/crop/10:9-16:9/282k/281333/158167499/281333_BWOL1793-LET_IMG_00_0001_max_476x317.jpeg; https://media.rightmove.co.uk:443/dir/crop/10:9-16:9/282k/281333/158167499/281333_BWOL1793-LET_IMG_02_0001_max_476x317.jpeg; https://media.rightmove.co.uk:443/dir/crop/10:9-16:9/282k/281333/158167499/281333_BWOL1793-LET_IMG_03_0000_max_476x317.jpeg; https://media.rightmove.co.uk:443/dir/crop/10:9-16:9/282k/281333/158167499/281333_BWOL1793-LET_IMG_04_0000_max_476x317.jpeg; https://media.rightmove.co.uk:443/dir/crop/10:9-16:9/282k/281333/158167499/281333_BWOL1793-LET_IMG_05_0000_max_476x317.jpeg"
"166785629","Staffordshire","Retail Property (Shopping Centre)","George Street, Tamworth, Staffordshire, B79","POA","","","","Tamworth is a market town in Staffordshire with Ankerside Shopping Centre conveniently located in the heart of Tamworth's historic town centre overlooking the beautiful Grade 1 listed Tamworth Castle and its grounds. The centre offers a secure multi-storey car park with 700+ spaces.","https://www.rightmove.co.uk/properties/166785629#/?channel=COM_LET","2025-09-09T16:26:07Z","","new","Marketed by BARKER PROUDLOVE LIMITED, Manchester","","52.63261","-1.69356","https://media.rightmove.co.uk:443/dir/crop/10:9-16:9/229k/228962/166785629/228962_Unit_23_Ankerside_Shopping_Centre_IMG_00_0000_max_476x317.png; https://media.rightmove.co.uk:443/dir/crop/10:9-16:9/229k/228962/166785629/228962_Unit_23_Ankerside_Shopping_Centre_IMG_01_0000_max_476x317.png; https://media.rightmove.co.uk:443/dir/crop/10:9-16:9/229k/228962/166785629/228962_Unit_23_Ankerside_Shopping_Centre_IMG_02_0000_max_476x317.png; https://media.rightmove.co.uk:443/dir/crop/10:9-16:9/229k/228962/166785629/228962_Unit_23_Ankerside_Shopping_Centre_IMG_03_0000_max_476x317.jpeg"
"166785611","Staffordshire","Light Industrial","Progress Drive,  Cannock, WS11","£975 pcm","","","1","(Unit 9A-5) 1000 SQFT Warehouse TO-LET in Cannock, WS11 0JE","https://www.rightmove.co.uk/properties/166785611#/?channel=COM_LET","2025-09-09T16:21:27Z","","new","Marketed by M3M Real Estate, Hayes","","52.67834","-2.02377","https://media.rightmove.co.uk:443/dir/crop/10:9-16:9/273k/272909/166785611/272909_1400_IMG_00_0001_max_476x317.jpeg; https://media.rightmove.co.uk:443/dir/crop/10:9-16:9/273k/272909/166785611/272909_1400_IMG_01_0000_max_476x317.jpeg"
"166785521","Staffordshire","Light Industrial","Progress Drive, Cannock, Staffordshire, WS11","£975 pcm","","","1","(Unit 9A-4) 1000 SQFT Warehouse TO-LET in Cannock, WS11 0JE","https://www.rightmove.co.uk/properties/166785521#/?channel=COM_LET","2025-09-09T16:20:44Z","","new","Marketed by M3M Real Estate, Hayes","","52.67834","-2.02377","https://media.rightmove.co.uk:443/dir/crop/10:9-16:9/273k/272909/166785521/272909_1401_IMG_00_0001_max_476x317.jpeg; https://media.rightmove.co.uk:443/dir/crop/10:9-16:9/273k/272909/166785521/272909_1401_IMG_01_0000_max_476x317.jpeg"
"166785428","Staffordshire","Light Industrial","Progress Drive, Cannock, Staffordshire, WS11","£1,275 pcm","","","1","(Unit 9A3) 1,506.95 SQFT Warehouse TO-LET in Cannock, WS11 0JE","https://www.rightmove.co.uk/properties/166785428#/?channel=COM_LET","2025-09-09T16:19:35Z","","new","Marketed by M3M Real Estate, Hayes","","52.67834","-2.02377","https://media.rightmove.co.uk:443/dir/crop/10:9-16:9/273k/272909/166785428/272909_1402_IMG_00_0001_max_476x317.jpeg; https://media.rightmove.co.uk:443/dir/crop/10:9-16:9/273k/272909/166785428/272909_1402_IMG_01_0000_max_476x317.jpeg"
"166774298","Staffordshire","Office","Minton Suite, Landmark Business Centre, Speedwell Road, Parkhouse Industrial Estate East, Newcastle Under Lyme ST5 7RG","£1,650 pcm","","","","Landmark Business Centre in Newcastle under Lyme is an impressive three storey office premises. Originally built as a HQ Office but now offering individual suites. The building is steel framed and is arranged with a central service column in which the elevators, staircases and toilet facilitie...","https://www.rightmove.co.uk/properties/166774298#/?channel=COM_LET","2025-09-09T14:00:51Z","","new","Marketed by BA COMMERCIAL, BA Commercial","","53.049545","-2.240891","https://media.rightmove.co.uk:443/dir/crop/10:9-16:9/288k/287543/166774298/287543_2209LH_IMG_00_0000_max_476x317.jpeg; https://media.rightmove.co.uk:443/dir/crop/10:9-16:9/288k/287543/166774298/287543_2209LH_IMG_01_0000_max_476x317.jpeg; https://media.rightmove.co.uk:443/dir/crop/10:9-16:9/288k/287543/166774298/287543_2209LH_IMG_02_0000_max_476x317.jpeg; https://media.rightmove.co.uk:443/dir/crop/10:9-16:9/288k/287543/166774298/287543_2209LH_IMG_03_0000_max_476x317.jpeg; https://media.rightmove.co.uk:443/dir/crop/10:9-16:9/288k/287543/166774298/287543_2209LH_IMG_04_0000_max_476x317.jpeg; https://media.rightmove.co.uk:443/dir/crop/10:9-16:9/288k/287543/166774298/287543_2209LH_IMG_05_0000_max_476x317.jpeg; https://media.rightmove.co.uk:443/dir/crop/10:9-16:9/288k/287543/166774298/287543_2209LH_IMG_06_0000_max_476x317.jpeg; https://media.rightmove.co.uk:443/dir/crop/10:9-16:9/288k/287543/166774298/287543_2209LH_IMG_07_0000_max_476x317.jpeg"
"160728032","Staffordshire","Office","Minster House, Minster Pool Walk, Lichfield, Staffordshire, WS13 6QT","£2,292 pcm","","","","The subject property is a well presented self contained accommodation over ground and lower ground floor and has recently been refurbished to a high standard. The property benefits from a two private access points, large kitchen, male and female WCs, plaster painted walls, character features, new...","https://www.rightmove.co.uk/properties/160728032#/?channel=COM_LET","2025-04-15T16:03:51Z","","new","Marketed by Burley Browne, Sutton Coldfield","","52.683805","-1.83078","https://media.rightmove.co.uk:443/dir/crop/10:9-16:9/110k/109673/160728032/109673_8036LH_IMG_00_0000_max_476x317.jpeg; https://media.rightmove.co.uk:443/dir/crop/10:9-16:9/110k/109673/160728032/109673_8036LH_IMG_01_0000_max_476x317.jpeg; https://media.rightmove.co.uk:443/dir/crop/10:9-16:9/110k/109673/160728032/109673_8036LH_IMG_02_0000_max_476x317.jpeg; https://media.rightmove.co.uk:443/dir/crop/10:9-16:9/110k/109673/160728032/109673_8036LH_IMG_03_0000_max_476x317.jpeg; https://media.rightmove.co.uk:443/dir/crop/10:9-16:9/110k/109673/160728032/109673_8036LH_IMG_04_0000_max_476x317.jpeg; https://media.rightmove.co.uk:443/dir/crop/10:9-16:9/110k/109673/160728032/109673_8036LH_IMG_05_0000_max_476x317.jpeg; https://media.rightmove.co.uk:443/dir/crop/10:9-16:9/110k/109673/160728032/109673_8036LH_IMG_06_0000_max_476x317.jpeg; https://media.rightmove.co.uk:443/dir/crop/10:9-16:9/110k/109673/160728032/109673_8036LH_IMG_07_0000_max_476x317.jpeg; https://media.rightmove.co.uk:443/dir/crop/10:9-16:9/110k/109673/160728032/109673_8036LH_IMG_08_0000_max_476x317.jpeg; https://media.rightmove.co.uk:443/dir/crop/10:9-16:9/110k/109673/160728032/109673_8036LH_IMG_09_0000_max_476x317.jpeg; https://media.rightmove.co.uk:443/dir/crop/10:9-16:9/110k/109673/160728032/109673_8036LH_IMG_10_0000_max_476x317.jpeg"
"166603112","Staffordshire","Light Industrial","Unit 1, Elford Lowe Farm, Elford Road, Elford, Tamworth, Staffordshire, B79 9BJ","£4,708 pcm","","","","The subject property comprises a well presented warehouse incorporating offices and WC. The building is situated within Elford Lowe Farm offering a secure commercial estate on the outskirts of Tamworth town centre. On site parking is available with 24/7 access.","https://www.rightmove.co.uk/properties/166603112#/?channel=COM_LET","2025-09-04T17:23:03Z","","new","Marketed by Burley Browne, Sutton Coldfield","","52.680653","-1.713856","https://media.rightmove.co.uk:443/dir/crop/10:9-16:9/110k/109673/166603112/109673_7992LH_IMG_00_0000_max_476x317.jpeg; https://media.rightmove.co.uk:443/dir/crop/10:9-16:9/110k/109673/166603112/109673_7992LH_IMG_08_0000_max_476x317.jpeg; https://media.rightmove.co.uk:443/dir/crop/10:9-16:9/110k/109673/166603112/109673_7992LH_IMG_01_0000_max_476x317.jpeg; https://media.rightmove.co.uk:443/dir/crop/10:9-16:9/110k/109673/166603112/109673_7992LH_IMG_04_0000_max_476x317.jpeg; https://media.rightmove.co.uk:443/dir/crop/10:9-16:9/110k/109673/166603112/109673_7992LH_IMG_07_0000_max_476x317.jpeg; https://media.rightmove.co.uk:443/dir/crop/10:9-16:9/110k/109673/166603112/109673_7992LH_IMG_09_0000_max_476x317.jpeg; https://media.rightmove.co.uk:443/dir/crop/10:9-16:9/110k/109673/166603112/109673_7992LH_IMG_05_0000_max_476x317.jpeg; https://media.rightmove.co.uk:443/dir/crop/10:9-16:9/110k/109673/166603112/109673_7992LH_IMG_10_0000_max_476x317.jpeg; https://media.rightmove.co.uk:443/dir/crop/10:9-16:9/110k/109673/166603112/109673_7992LH_IMG_11_0000_max_476x317.jpeg; https://media.rightmove.co.uk:443/dir/crop/10:9-16:9/110k/109673/166603112/109673_7992LH_IMG_12_0000_max_476x317.jpeg; https://media.rightmove.co.uk:443/dir/crop/10:9-16:9/110k/109673/166603112/109673_7992LH_IMG_13_0000_max_476x317.jpeg; https://media.rightmove.co.uk:443/dir/crop/10:9-16:9/110k/109673/166603112/109673_7992LH_IMG_14_0000_max_476x317.jpeg; https://media.rightmove.co.uk:443/dir/crop/10:9-16:9/110k/109673/166603112/109673_7992LH_IMG_15_0000_max_476x317.jpeg; https://media.rightmove.co.uk:443/dir/crop/10:9-16:9/110k/109673/166603112/109673_7992LH_IMG_16_0000_max_476x317.jpeg; https://media.rightmove.co.uk:443/dir/crop/10:9-16:9/110k/109673/166603112/109673_7992LH_IMG_17_0000_max_476x317.jpeg; https://media.rightmove.co.uk:443/dir/crop/10:9-16:9/110k/109673/166603112/109673_7992LH_IMG_18_0000_max_476x317.jpeg; https://media.rightmove.co.uk:443/dir/crop/10:9-16:9/110k/109673/166603112/109673_7992LH_IMG_19_0000_max_476x317.jpeg; https://media.rightmove.co.uk:443/dir/crop/10:9-16:9/110k/109673/166603112/109673_7992LH_IMG_20_0000_max_476x317.jpeg; https://media.rightmove.co.uk:443/dir/crop/10:9-16:9/110k/109673/166603112/109673_7992LH_IMG_21_0000_max_476x317.jpeg"
"57194489","Staffordshire","Business Park","Unit 6 North Staffs Business Park, Innovation Way,Stoke-On-Trent,ST6 4BF","POA","","","","UNIT COMING SOON, Trade Counter/Industrial units benefiting from three-phase electricity, ROLLER SHUTTER and separate personnel entrance and CAR PARKING. All units have separate integral OFFICES and are located in an ESTABLISHED Trade and Industrial area. Sizes from 1,099 - 3,672 sq ft.","https://www.rightmove.co.uk/properties/57194489#/?channel=COM_LET","2016-01-08T16:22:31Z","","size_change","Marketed by Northern Trust, Midlands","","53.06187","-2.22477","https://media.rightmove.co.uk:443/dir/crop/10:9-16:9/88k/87535/57194489/87535_M844__U16_NSBP_ST6__IMG_10_0000_max_476x317.jpeg; https://media.rightmove.co.uk:443/dir/crop/10:9-16:9/88k/87535/57194489/87535_M844__U16_NSBP_ST6__IMG_04_0000_max_476x317.jpg; https://media.rightmove.co.uk:443/dir/crop/10:9-16:9/88k/87535/57194489/87535_M844__U16_NSBP_ST6__IMG_06_0000_max_476x317.JPG; https://media.rightmove.co.uk:443/dir/crop/10:9-16:9/88k/87535/57194489/87535_M844__U16_NSBP_ST6__IMG_07_0000_max_476x317.JPG; https://media.rightmove.co.uk:443/dir/crop/10:9-16:9/88k/87535/57194489/87535_M844__U16_NSBP_ST6__IMG_08_0000_max_476x317.JPG; https://media.rightmove.co.uk:443/dir/crop/10:9-16:9/88k/87535/57194489/87535_M844__U16_NSBP_ST6__IMG_09_0000_max_476x317.JPG"
"721780623378208","Staffordshire","Light Industrial","Fradley 437, Fradley 437, Halifax Avenue, Lichfield, WS13 8SS","POA","","","","TO LET - 437,054 SQ FT - IMMEDIATELY AVAILABLE","https://www.rightmove.co.uk/properties/721780623378208#/?channel=COM_LET","2025-11-27T11:37:03Z","","new","Marketed by Newmark, Industrial - Birmingham","","52.713833","-1.784557","https://media.rightmove.co.uk:443/dir/crop/10:9-16:9/279k/278948/721780623378208/278948_328115-2_IMG_00_0000_max_476x317.jpeg; https://media.rightmove.co.uk:443/dir/crop/10:9-16:9/279k/278948/721780623378208/278948_328115-2_IMG_01_0000_max_476x317.jpeg; https://media.rightmove.co.uk:443/dir/crop/10:9-16:9/279k/278948/721780623378208/278948_328115-2_IMG_02_0000_max_476x317.jpeg; https://media.rightmove.co.uk:443/dir/crop/10:9-16:9/279k/278948/721780623378208/278948_328115-2_IMG_03_0000_max_476x317.jpeg; https://media.rightmove.co.uk:443/dir/crop/10:9-16:9/279k/278948/721780623378208/278948_328115-2_IMG_04_0000_max_476x317.jpeg; https://media.rightmove.co.uk:443/dir/crop/10:9-16:9/279k/278948/721780623378208/278948_328115-2_IMG_05_0000_max_476x317.jpeg; https://media.rightmove.co.uk:443/dir/crop/10:9-16:9/279k/278948/721780623378208/278948_328115-2_IMG_06_0000_max_476x317.jpeg; https://media.rightmove.co.uk:443/dir/crop/10:9-16:9/279k/278948/721780623378208/278948_328115-2_IMG_07_0000_max_476x317.jpeg"
"75114639","Staffordshire","Storage","Armadillo Stoke Victoria Road, Stoke-on-trent, Staffordshire, ST4","POA","","","","We have lot of different storage room sizes, from 50 sq ft to 500+ sq ft. Prices vary depending on size and availability. Please contact your local store for further details and the latest prices.","https://www.rightmove.co.uk/properties/75114639#/?channel=COM_LET","2020-11-09T12:44:47Z","","size_change","Marketed by Armadillo Self Storage, Armadillo Stoke","","53.010168","-2.164855","https://media.rightmove.co.uk:443/dir/crop/10:9-16:9/173k/172844/75114639/172844_86LH_IMG_00_0000_max_476x317.jpeg; https://media.rightmove.co.uk:443/dir/crop/10:9-16:9/173k/172844/75114639/172844_86LH_IMG_01_0002_max_476x317.jpeg; https://media.rightmove.co.uk:443/dir/crop/10:9-16:9/173k/172844/75114639/172844_86LH_IMG_02_0001_max_476x317.jpeg; https://media.rightmove.co.uk:443/dir/crop/10:9-16:9/173k/172844/75114639/172844_86LH_IMG_03_0001_max_476x317.jpeg; https://media.rightmove.co.uk:443/dir/crop/10:9-16:9/173k/172844/75114639/172844_86LH_IMG_04_0001_max_476x317.jpeg; https://media.rightmove.co.uk:443/dir/crop/10:9-16:9/173k/172844/75114639/172844_86LH_IMG_05_0001_max_476x317.jpeg; https://media.rightmove.co.uk:443/dir/crop/10:9-16:9/173k/172844/75114639/172844_86LH_IMG_06_0001_max_476x317.jpeg"
"165246245","Staffordshire","Light Industrial","Unit D, Peacock View, Fenton Industrial Estate, Stoke-On-Trent, Staffordshire, ST4","£4,583 pcm","","","","Location: The building is located on Peacock View which forms part of the Fenton Industrial Estate accessed off Victoria Road. The estate accommodates a broad range of industrial / warehouse occupiers. The A500 D Road is within 2 miles providing dual carriageway access to all main arterial roads...","https://www.rightmove.co.uk/properties/165246245#/?channel=COM_LET","2025-08-01T16:40:00Z","","price_reduced","Marketed by Harris Lamb, Stoke-On-Trent","","53.011673","-2.156156","https://media.rightmove.co.uk:443/dir/crop/10:9-16:9/59k/58365/165246245/58365_6944LH_IMG_01_0000_max_476x317.jpeg; https://media.rightmove.co.uk:443/dir/crop/10:9-16:9/59k/58365/165246245/58365_6944LH_IMG_04_0000_max_476x317.jpeg; https://media.rightmove.co.uk:443/dir/crop/10:9-16:9/59k/58365/165246245/58365_6944LH_IMG_06_0000_max_476x317.jpeg; https://media.rightmove.co.uk:443/dir/crop/10:9-16:9/59k/58365/165246245/58365_6944LH_IMG_02_0000_max_476x317.jpeg; https://media.rightmove.co.uk:443/dir/crop/10:9-16:9/59k/58365/165246245/58365_6944LH_IMG_03_0000_max_476x317.jpeg; https://media.rightmove.co.uk:443/dir/crop/10:9-16:9/59k/58365/165246245/58365_6944LH_IMG_05_0000_max_476x317.jpeg"
"161532764","Staffordshire","Serviced Office","Codsall, WV8","£950 pcm","From","","1","A recently converted stable block offering 4 x self contained offices measuring 700 sqft each. Each self contained office overlooks a landscaped courtyard and has access to a W.C and Kitchen. Ample parking on site and additional storage if required. ","https://www.rightmove.co.uk/properties/161532764#/?channel=COM_LET","2025-05-06T10:25:36Z","","price_reduced","Marketed by Bradshaws Estates, Staffordshire","","52.61037","-2.22779","https://media.rightmove.co.uk:443/dir/crop/10:9-16:9/289k/288782/161532764/288782_Stables_IMG_01_0000_max_476x317.jpeg; https://media.rightmove.co.uk:443/dir/crop/10:9-16:9/289k/288782/161532764/288782_Stables_IMG_02_0000_max_476x317.jpeg; https://media.rightmove.co.uk:443/dir/crop/10:9-16:9/289k/288782/161532764/288782_Stables_IMG_05_0000_max_476x317.jpeg; https://media.rightmove.co.uk:443/dir/crop/10:9-16:9/289k/288782/161532764/288782_Stables_IMG_00_0000_max_476x317.jpeg; https://media.rightmove.co.uk:443/dir/crop/10:9-16:9/289k/288782/161532764/288782_Stables_IMG_06_0000_max_476x317.jpeg; https://media.rightmove.co.uk:443/dir/crop/10:9-16:9/289k/288782/161532764/288782_Stables_IMG_07_0001_max_476x317.png; https://media.rightmove.co.uk:443/dir/crop/10:9-16:9/289k/288782/161532764/288782_Stables_IMG_04_0000_max_476x317.jpeg; https://media.rightmove.co.uk:443/dir/crop/10:9-16:9/289k/288782/161532764/288782_Stables_IMG_08_0000_max_476x317.png"
"166363763","Staffordshire","Commercial Property","41 High Street, Kinver","£1,100 pcm","","","","A wonderful and rare opportunity to lease this high profile High Street frontage retail shop in Kinver directly adjacent to the beautiful Chenevare Mews. Having approximately 44sq/mtrs (476 sq/ft) of retail space this lovely shop features a fantastic showpiece bay window fronting Kinver'...","https://www.rightmove.co.uk/properties/166363763#/?channel=COM_LET","2025-08-29T14:05:41Z","","new","Marketed by Bloore King & Kavanagh, Halesowen","","52.447986","-2.228373","https://media.rightmove.co.uk:443/dir/crop/10:9-16:9/55k/54947/166363763/54947_34136613_IMG_00_0000_max_476x317.jpeg; https://media.rightmove.co.uk:443/dir/crop/10:9-16:9/55k/54947/166363763/54947_34136613_IMG_01_0000_max_476x317.jpeg; https://media.rightmove.co.uk:443/dir/crop/10:9-16:9/55k/54947/166363763/54947_34136613_IMG_02_0000_max_476x317.jpeg; https://media.rightmove.co.uk:443/dir/crop/10:9-16:9/55k/54947/166363763/54947_34136613_IMG_03_0000_max_476x317.jpeg; https://media.rightmove.co.uk:443/dir/crop/10:9-16:9/55k/54947/166363763/54947_34136613_IMG_04_0000_max_476x317.jpeg; https://media.rightmove.co.uk:443/dir/crop/10:9-16:9/55k/54947/166363763/54947_34136613_IMG_05_0000_max_476x317.jpeg; https://media.rightmove.co.uk:443/dir/crop/10:9-16:9/55k/54947/166363763/54947_34136613_IMG_06_0000_max_476x317.jpeg; https://media.rightmove.co.uk:443/dir/crop/10:9-16:9/55k/54947/166363763/54947_34136613_IMG_07_0000_max_476x317.jpeg; https://media.rightmove.co.uk:443/dir/crop/10:9-16:9/55k/54947/166363763/54947_34136613_IMG_08_0000_max_476x317.jpeg"
"166363769","Staffordshire","Commercial Property","41 High Street, Kinver","£700 pcm","","","","A wonderful opportunity to lease this excellent first floor unit situated within 41 High Street, Kinver. Situated and accessed from Chenevare Mews the space is approximatly 43 sq/mtrs (472 sq/ft) There is a communal area to the ground floor with access door leading from the Me...","https://www.rightmove.co.uk/properties/166363769#/?channel=COM_LET","2025-08-29T14:05:42Z","","new","Marketed by Bloore King & Kavanagh, Halesowen","","52.447986","-2.228373","https://media.rightmove.co.uk:443/dir/crop/10:9-16:9/55k/54947/166363769/54947_34136614_IMG_00_0000_max_476x317.jpeg; https://media.rightmove.co.uk:443/dir/crop/10:9-16:9/55k/54947/166363769/54947_34136614_IMG_01_0000_max_476x317.jpeg; https://media.rightmove.co.uk:443/dir/crop/10:9-16:9/55k/54947/166363769/54947_34136614_IMG_02_0000_max_476x317.jpeg; https://media.rightmove.co.uk:443/dir/crop/10:9-16:9/55k/54947/166363769/54947_34136614_IMG_03_0000_max_476x317.jpeg; https://media.rightmove.co.uk:443/dir/crop/10:9-16:9/55k/54947/166363769/54947_34136614_IMG_04_0000_max_476x317.jpeg; https://media.rightmove.co.uk:443/dir/crop/10:9-16:9/55k/54947/166363769/54947_34136614_IMG_05_0000_max_476x317.jpeg; https://media.rightmove.co.uk:443/dir/crop/10:9-16:9/55k/54947/166363769/54947_34136614_IMG_06_0000_max_476x317.jpeg"
"152362817","Staffordshire","Industrial Park","Unit 24-29 & 31 Drayton Manor Business Park, Coleshill Road, Tamworth, Staffordshire, B78","POA","","","","The property comprises a warehouse unit which can be taken as a whole or split into smaller units. To let from 7,100 - 60,664 sqft","https://www.rightmove.co.uk/properties/152362817#/?channel=COM_LET","2024-09-12T17:02:51Z","","new","Marketed by FI Real Estate Management Limited, Lancashire","","52.60804","-1.7058","https://media.rightmove.co.uk:443/dir/crop/10:9-16:9/218k/217043/152362817/217043_Unit2429and31Drayton_IMG_02_0000_max_476x317.jpeg; https://media.rightmove.co.uk:443/dir/crop/10:9-16:9/218k/217043/152362817/217043_Unit2429and31Drayton_IMG_00_0000_max_476x317.jpeg; https://media.rightmove.co.uk:443/dir/crop/10:9-16:9/218k/217043/152362817/217043_Unit2429and31Drayton_IMG_01_0000_max_476x317.jpeg"
"166275164","Staffordshire","Office","Kingswood Business Park, Holyhead Road, WV7","£2,917 pcm","","","","There is a rare opportunity to exclusively occupy this premises in its entirety. The space extends over 2,967 sq ft with private access leading to partitioned office space and ancillary facilities throughout. The premises has its own parking and access to tenant-only fibre broadband connection.","https://www.rightmove.co.uk/properties/166275164#/?channel=COM_LET","2025-08-27T16:45:03Z","","size_change","Marketed by WLT Commercial, Telford","","52.61741","-2.24426","https://media.rightmove.co.uk:443/dir/crop/10:9-16:9/293k/292100/166275164/292100_WalnutHouse_IMG_00_0000_max_476x317.jpeg; https://media.rightmove.co.uk:443/dir/crop/10:9-16:9/293k/292100/166275164/292100_WalnutHouse_IMG_01_0000_max_476x317.jpeg; https://media.rightmove.co.uk:443/dir/crop/10:9-16:9/293k/292100/166275164/292100_WalnutHouse_IMG_02_0000_max_476x317.jpeg; https://media.rightmove.co.uk:443/dir/crop/10:9-16:9/293k/292100/166275164/292100_WalnutHouse_IMG_03_0000_max_476x317.jpeg; https://media.rightmove.co.uk:443/dir/crop/10:9-16:9/293k/292100/166275164/292100_WalnutHouse_IMG_04_0000_max_476x317.jpeg; https://media.rightmove.co.uk:443/dir/crop/10:9-16:9/293k/292100/166275164/292100_WalnutHouse_IMG_05_0000_max_476x317.jpeg"
"87271725","Staffordshire","Office","Unit 2A Marconi Gate, Dyson Way, Staffordshire Technology Park, Stafford, Staffordshire, ST18 0FZ","£1,000 pcm","","","","Location: Marconi Gate is situated close to the University on the Staffordshire Technology Park at Beaconside, approximately one mile north-east from the town centre and linked to Junction 14 of the M6 motorway about one mile distant via the A513 eastern distributor road. Stafford also benefits ...","https://www.rightmove.co.uk/properties/87271725#/?channel=COM_LET","2025-08-27T10:58:31Z","","new","Marketed by Harris Lamb, Stoke-On-Trent","","52.81493","-2.088086","https://media.rightmove.co.uk:443/dir/crop/10:9-16:9/59k/58365/87271725/58365_6700LH_IMG_00_0000_max_476x317.jpeg; https://media.rightmove.co.uk:443/dir/crop/10:9-16:9/59k/58365/87271725/58365_6700LH_IMG_01_0000_max_476x317.jpeg; https://media.rightmove.co.uk:443/dir/crop/10:9-16:9/59k/58365/87271725/58365_6700LH_IMG_02_0000_max_476x317.jpeg; https://media.rightmove.co.uk:443/dir/crop/10:9-16:9/59k/58365/87271725/58365_6700LH_IMG_03_0000_max_476x317.jpeg; https://media.rightmove.co.uk:443/dir/crop/10:9-16:9/59k/58365/87271725/58365_6700LH_IMG_04_0000_max_476x317.jpeg; https://media.rightmove.co.uk:443/dir/crop/10:9-16:9/59k/58365/87271725/58365_6700LH_IMG_05_0000_max_476x317.jpeg"
"87271035","Staffordshire","Warehouse","Unit D1 Chatterley Park, Peacock Hay Road, Stoke-on-Trent, Stoke-On-Trent, ST7 1UN","POA","","","","To Let / For Sale - 76,000 sq ft Speculative New Build unit close to Junction 16 of the M6.","https://www.rightmove.co.uk/properties/87271035#/?channel=COM_LET","2025-08-27T10:49:03Z","","new","Marketed by JLL, Manchester - Offices","","53.06334","-2.239453","https://media.rightmove.co.uk:443/dir/crop/10:9-16:9/258k/257810/87271035/257810_287705-2_IMG_00_0000_max_476x317.jpeg; https://media.rightmove.co.uk:443/dir/crop/10:9-16:9/258k/257810/87271035/257810_287705-2_IMG_01_0000_max_476x317.jpeg"
"147974273","Staffordshire","Light Industrial","Units A2-A4, B4 & C3 Sneyd Hill Industrial Estate, Burslem, Stoke-On-Trent, Staffordshire, ST6 2EB","POA","","","","Location: Sneyd Hill Industrial Estate is located in Burslem and accessed from Sandbach Road via two entrances. Existing occupiers include Screwfix, City Plumbing Supplies, GT Paper and Packaging, Eyre & Elliston Ltd and Sunbelt Rentals. Burslem is one of the 5 towns of Stoke on Trent with Han...","https://www.rightmove.co.uk/properties/147974273#/?channel=COM_LET","2024-05-14T14:25:05Z","","size_change","Marketed by Harris Lamb, Stoke-On-Trent","","53.046829","-2.181046","https://media.rightmove.co.uk:443/dir/crop/10:9-16:9/59k/58365/147974273/58365_6593LH_IMG_05_0000_max_476x317.jpeg; https://media.rightmove.co.uk:443/dir/crop/10:9-16:9/59k/58365/147974273/58365_6593LH_IMG_03_0000_max_476x317.jpeg; https://media.rightmove.co.uk:443/dir/crop/10:9-16:9/59k/58365/147974273/58365_6593LH_IMG_04_0000_max_476x317.jpeg; https://media.rightmove.co.uk:443/dir/crop/10:9-16:9/59k/58365/147974273/58365_6593LH_IMG_00_0000_max_476x317.jpeg; https://media.rightmove.co.uk:443/dir/crop/10:9-16:9/59k/58365/147974273/58365_6593LH_IMG_06_0000_max_476x317.jpeg; https://media.rightmove.co.uk:443/dir/crop/10:9-16:9/59k/58365/147974273/58365_6593LH_IMG_07_0000_max_476x317.jpeg; https://media.rightmove.co.uk:443/dir/crop/10:9-16:9/59k/58365/147974273/58365_6593LH_IMG_08_0000_max_476x317.jpeg"
"147590456","Staffordshire","Office","LICHFIELD ROAD, BURNTWOOD","£575 pcm","","","","Self Contained First Floor Offices  Prominent Location in the centre of Burntwood  622 sq.ft. (57.79m²)  Two car parking spaces","https://www.rightmove.co.uk/properties/147590456#/?channel=COM_LET","2024-05-03T13:15:14Z","","price_reduced","Marketed by Fraser Wood Commercial, Walsall","","52.676704","-1.902653","https://media.rightmove.co.uk:443/dir/crop/10:9-16:9/property-photo/f26a77f62/147590456/f26a77f6293239841849081ea2227c95_max_476x317.jpeg; https://media.rightmove.co.uk:443/dir/crop/10:9-16:9/property-photo/e922e2912/147590456/e922e29129b777b47beb3e0fac61b75d_max_476x317.jpeg; https://media.rightmove.co.uk:443/dir/crop/10:9-16:9/property-photo/eaf43321d/147590456/eaf43321db0c16e0e4396bc6d8ea5bc9_max_476x317.jpeg; https://media.rightmove.co.uk:443/dir/crop/10:9-16:9/property-photo/4d8c1d52c/147590456/4d8c1d52cc793a51d810fb2cb1badbde_max_476x317.jpeg; https://media.rightmove.co.uk:443/dir/crop/10:9-16:9/property-photo/40852f55a/147590456/40852f55a1938983b62b5b4b4a33146d_max_476x317.jpeg; https://media.rightmove.co.uk:443/dir/crop/10:9-16:9/property-photo/d9988309d/147590456/d9988309d95151fb866a6b8fa8618069_max_476x317.jpeg; https://media.rightmove.co.uk:443/dir/crop/10:9-16:9/property-photo/6431c0c76/147590456/6431c0c765bb85807edb1714db66fe99_max_476x317.jpeg; https://media.rightmove.co.uk:443/dir/crop/10:9-16:9/property-photo/f9e702d63/147590456/f9e702d63dc192b2b8a59401ce8e8280_max_476x317.jpeg"
"166077881","Staffordshire","Storage","Shirrall Drive, Drayton Bassett, Nr Sutton Coldfield","£500 pcm","","","","Three recently refurbished storage units are available to let within a secure and discreet location positioned between Sutton Coldfield and Tamworth. The site benefits from being only a one-minute drive from Bassets Pole, offering excellent access to major commuting links.","https://www.rightmove.co.uk/properties/166077881#/?channel=COM_LET","2025-08-21T20:16:30Z","","new","Marketed by Rock Innovate Limited, Covering Birmingham","","52.59541","-1.76641","https://media.rightmove.co.uk:443/dir/crop/10:9-16:9/265k/264893/166077881/264893_ROCK_0085_IMG_00_0000_max_476x317.jpeg; https://media.rightmove.co.uk:443/dir/crop/10:9-16:9/265k/264893/166077881/264893_ROCK_0085_IMG_01_0000_max_476x317.jpeg"
"166031558","Staffordshire","Commercial Property","69 Stafford St, Hanley, Stoke-on-Trent ST1 1LW","£1,213 pcm","","","1","Spacious 667 sq ft (62 sqm) commercial unit in prime Stafford Street, Stoke-on-Trent. Modern open-plan layout, large glass frontage & high footfall. Ideal for retail, restaurants, salons, offices or other commercial use. Rent £280","https://www.rightmove.co.uk/properties/166031558#/?channel=COM_LET","2025-08-20T20:27:29Z","","new","Marketed by Bluefin Management Ltd, Skelmersdale","","53.02628","-2.17693","https://media.rightmove.co.uk:443/dir/crop/10:9-16:9/277k/276872/166031558/276872_SOT12--280-1250_IMG_00_0000_max_476x317.png; https://media.rightmove.co.uk:443/dir/crop/10:9-16:9/277k/276872/166031558/276872_SOT12--280-1250_IMG_01_0000_max_476x317.png; https://media.rightmove.co.uk:443/dir/crop/10:9-16:9/277k/276872/166031558/276872_SOT12--280-1250_IMG_02_0000_max_476x317.png; https://media.rightmove.co.uk:443/dir/crop/10:9-16:9/277k/276872/166031558/276872_SOT12--280-1250_IMG_03_0000_max_476x317.png; https://media.rightmove.co.uk:443/dir/crop/10:9-16:9/277k/276872/166031558/276872_SOT12--280-1250_IMG_04_0000_max_476x317.png; https://media.rightmove.co.uk:443/dir/crop/10:9-16:9/277k/276872/166031558/276872_SOT12--280-1250_IMG_05_0000_max_476x317.png; https://media.rightmove.co.uk:443/dir/crop/10:9-16:9/277k/276872/166031558/276872_SOT12--280-1250_IMG_06_0000_max_476x317.png; https://media.rightmove.co.uk:443/dir/crop/10:9-16:9/277k/276872/166031558/276872_SOT12--280-1250_IMG_07_0000_max_476x317.jpeg"
"166031507","Staffordshire","Commercial Property","69 Stafford St, Hanley, Stoke-on-Trent ST1 1LW","£2,383 pcm","","","1","Spacious 1,615 sqft commercial unit in prime Stafford Street, Stoke-on-Trent. Modern open-plan layout, large glass frontage & high footfall. Ideal for retail, restaurants, salons, offices or other commercial use. Rent £550","https://www.rightmove.co.uk/properties/166031507#/?channel=COM_LET","2025-08-20T20:20:05Z","","new","Marketed by Bluefin Management Ltd, Skelmersdale","","53.02628","-2.17693","https://media.rightmove.co.uk:443/dir/crop/10:9-16:9/277k/276872/166031507/276872_SOTUnt1-150sqmt_IMG_06_0000_max_476x317.png; https://media.rightmove.co.uk:443/dir/crop/10:9-16:9/277k/276872/166031507/276872_SOTUnt1-150sqmt_IMG_00_0000_max_476x317.png; https://media.rightmove.co.uk:443/dir/crop/10:9-16:9/277k/276872/166031507/276872_SOTUnt1-150sqmt_IMG_01_0000_max_476x317.png; https://media.rightmove.co.uk:443/dir/crop/10:9-16:9/277k/276872/166031507/276872_SOTUnt1-150sqmt_IMG_02_0000_max_476x317.png; https://media.rightmove.co.uk:443/dir/crop/10:9-16:9/277k/276872/166031507/276872_SOTUnt1-150sqmt_IMG_03_0000_max_476x317.png; https://media.rightmove.co.uk:443/dir/crop/10:9-16:9/277k/276872/166031507/276872_SOTUnt1-150sqmt_IMG_04_0000_max_476x317.png; https://media.rightmove.co.uk:443/dir/crop/10:9-16:9/277k/276872/166031507/276872_SOTUnt1-150sqmt_IMG_05_0000_max_476x317.png; https://media.rightmove.co.uk:443/dir/crop/10:9-16:9/277k/276872/166031507/276872_SOTUnt1-150sqmt_IMG_07_0000_max_476x317.jpeg"
"160464740","Staffordshire","Retail Property (high street)","83 High Street, Stoke-On-Trent, Staffordshire, ST6","£625 pcm","","","","Comprises ground floor shop with ancillary above. Occupiers close by include Argos, Poundland, and Shoezone, amongst others. ","https://www.rightmove.co.uk/properties/160464740#/?channel=COM_LET","2025-04-09T15:12:13Z","","price_reduced","Marketed by Blue Alpine, London","","53.05733","-2.21063","https://media.rightmove.co.uk:443/dir/crop/10:9-16:9/231k/230087/160464740/230087_83highstreetstoke_IMG_00_0000_max_476x317.jpeg; https://media.rightmove.co.uk:443/dir/crop/10:9-16:9/231k/230087/160464740/230087_83highstreetstoke_IMG_01_0000_max_476x317.jpeg; https://media.rightmove.co.uk:443/dir/crop/10:9-16:9/231k/230087/160464740/230087_83highstreetstoke_IMG_02_0000_max_476x317.jpeg; https://media.rightmove.co.uk:443/dir/crop/10:9-16:9/231k/230087/160464740/230087_83highstreetstoke_IMG_03_0000_max_476x317.jpeg"
"157801766","Staffordshire","Distribution Warehouse","Unit 15 Home Farm, Main Road, Milford, Stafford","£83 pcm","","","","Unit 15 is a traditional concrete framed constructed building with brick walls and fibre cement cladding and roof. The unit consists of a large workshop with adjacent storage rooms with high reaching vaulted roof.","https://www.rightmove.co.uk/properties/157801766#/?channel=COM_LET","2025-02-05T10:45:52Z","","price_reduced","Marketed by Balfours LLP, Shrewsbury","","52.78882","-2.04726","https://media.rightmove.co.uk:443/dir/crop/10:9-16:9/74k/73234/157801766/73234_SRL250007_L_IMG_05_0000_max_476x317.jpeg; https://media.rightmove.co.uk:443/dir/crop/10:9-16:9/74k/73234/157801766/73234_SRL250007_L_IMG_00_0000_max_476x317.jpeg; https://media.rightmove.co.uk:443/dir/crop/10:9-16:9/74k/73234/157801766/73234_SRL250007_L_IMG_01_0000_max_476x317.jpeg; https://media.rightmove.co.uk:443/dir/crop/10:9-16:9/74k/73234/157801766/73234_SRL250007_L_IMG_02_0000_max_476x317.jpeg; https://media.rightmove.co.uk:443/dir/crop/10:9-16:9/74k/73234/157801766/73234_SRL250007_L_IMG_03_0000_max_476x317.jpeg; https://media.rightmove.co.uk:443/dir/crop/10:9-16:9/74k/73234/157801766/73234_SRL250007_L_IMG_04_0000_max_476x317.jpeg"
"70114082","Staffordshire","Serviced Office","Watling Court, Orbital Plaza, Watling Street, Bridgtown, Birmingham, WS11 0EL","£119 pcm","From","","4","Flexible coworking in Cannock. Work surrounded by green space, with sleek interiors and a collaborative business vibe.","https://www.rightmove.co.uk/properties/70114082#/?channel=COM_LET","2017-11-14T08:16:45Z","","size_change","Marketed by IW Group Services (UK) Limited, Regus","","52.67313","-2.02554","https://media.rightmove.co.uk:443/dir/crop/10:9-16:9/130k/129853/70114082/129853_UKcw961_IMG_11_0001_max_476x317.jpeg; https://media.rightmove.co.uk:443/dir/crop/10:9-16:9/130k/129853/70114082/129853_UKcw961_IMG_12_0001_max_476x317.jpeg; https://media.rightmove.co.uk:443/dir/crop/10:9-16:9/130k/129853/70114082/129853_UKcw961_IMG_07_0001_max_476x317.jpeg; https://media.rightmove.co.uk:443/dir/crop/10:9-16:9/130k/129853/70114082/129853_UKcw961_IMG_04_0001_max_476x317.jpeg; https://media.rightmove.co.uk:443/dir/crop/10:9-16:9/130k/129853/70114082/129853_UKcw961_IMG_09_0001_max_476x317.jpeg; https://media.rightmove.co.uk:443/dir/crop/10:9-16:9/130k/129853/70114082/129853_UKcw961_IMG_10_0000_max_476x317.jpeg; https://media.rightmove.co.uk:443/dir/crop/10:9-16:9/130k/129853/70114082/129853_UKcw961_IMG_13_0000_max_476x317.jpeg"
"83292281","Staffordshire","Serviced Office","Watling Court, Orbital Plaza, Watling Street, Bridgtown, Birmingham, WS11 0EL","£379 pcm","From","","4","Private workspace for up to 3 in Cannock. Fully flexible, with ergonomic furniture and fast Wi-Fi included.","https://www.rightmove.co.uk/properties/83292281#/?channel=COM_LET","2019-07-13T08:04:56Z","","size_change","Marketed by IW Group Services (UK) Limited, Regus","","52.67313","-2.02554","https://media.rightmove.co.uk:443/dir/crop/10:9-16:9/130k/129853/83292281/129853_UK3ws961_IMG_03_0001_max_476x317.jpeg; https://media.rightmove.co.uk:443/dir/crop/10:9-16:9/130k/129853/83292281/129853_UK3ws961_IMG_05_0001_max_476x317.jpeg; https://media.rightmove.co.uk:443/dir/crop/10:9-16:9/130k/129853/83292281/129853_UK3ws961_IMG_01_0001_max_476x317.jpeg; https://media.rightmove.co.uk:443/dir/crop/10:9-16:9/130k/129853/83292281/129853_UK3ws961_IMG_04_0001_max_476x317.jpeg; https://media.rightmove.co.uk:443/dir/crop/10:9-16:9/130k/129853/83292281/129853_UK3ws961_IMG_09_0000_max_476x317.jpeg; https://media.rightmove.co.uk:443/dir/crop/10:9-16:9/130k/129853/83292281/129853_UK3ws961_IMG_07_0001_max_476x317.jpeg; https://media.rightmove.co.uk:443/dir/crop/10:9-16:9/130k/129853/83292281/129853_UK3ws961_IMG_14_0000_max_476x317.jpeg; https://media.rightmove.co.uk:443/dir/crop/10:9-16:9/130k/129853/83292281/129853_UK3ws961_IMG_11_0000_max_476x317.jpeg; https://media.rightmove.co.uk:443/dir/crop/10:9-16:9/130k/129853/83292281/129853_UK3ws961_IMG_13_0000_max_476x317.jpeg; https://media.rightmove.co.uk:443/dir/crop/10:9-16:9/130k/129853/83292281/129853_UK3ws961_IMG_12_0000_max_476x317.jpeg"
"165768995","Staffordshire","Retail Property (Shopping Centre)","69-71 Stafford Street, Stoke-On-Trent, Staffordshire, ST1","£3,467 pcm","","","","Prime 2,281 sq.ft retail unit to let at 69-71 Stafford Street, Hanley, Stoke on Trent, ST1 1LW. Ideal for retail, health & beauty, or food businesses (subject to planning). Features high footfall, wide frontage, and excellent transport links. ","https://www.rightmove.co.uk/properties/165768995#/?channel=COM_LET","2025-08-14T18:19:50Z","","new","Marketed by Bluefin Management Ltd, Skelmersdale","","53.02654","-2.1768","https://media.rightmove.co.uk:443/dir/crop/10:9-16:9/277k/276872/165768995/276872_tstokeontrent_IMG_00_0000_max_476x317.png; https://media.rightmove.co.uk:443/dir/crop/10:9-16:9/277k/276872/165768995/276872_tstokeontrent_IMG_01_0000_max_476x317.jpeg; https://media.rightmove.co.uk:443/dir/crop/10:9-16:9/277k/276872/165768995/276872_tstokeontrent_IMG_02_0000_max_476x317.png; https://media.rightmove.co.uk:443/dir/crop/10:9-16:9/277k/276872/165768995/276872_tstokeontrent_IMG_03_0000_max_476x317.jpeg; https://media.rightmove.co.uk:443/dir/crop/10:9-16:9/277k/276872/165768995/276872_tstokeontrent_IMG_04_0000_max_476x317.png; https://media.rightmove.co.uk:443/dir/crop/10:9-16:9/277k/276872/165768995/276872_tstokeontrent_IMG_05_0000_max_476x317.png; https://media.rightmove.co.uk:443/dir/crop/10:9-16:9/277k/276872/165768995/276872_tstokeontrent_IMG_06_0000_max_476x317.png; https://media.rightmove.co.uk:443/dir/crop/10:9-16:9/277k/276872/165768995/276872_tstokeontrent_IMG_07_0000_max_476x317.png; https://media.rightmove.co.uk:443/dir/crop/10:9-16:9/277k/276872/165768995/276872_tstokeontrent_IMG_08_0000_max_476x317.png; https://media.rightmove.co.uk:443/dir/crop/10:9-16:9/277k/276872/165768995/276872_tstokeontrent_IMG_09_0000_max_476x317.png; https://media.rightmove.co.uk:443/dir/crop/10:9-16:9/277k/276872/165768995/276872_tstokeontrent_IMG_10_0000_max_476x317.png; https://media.rightmove.co.uk:443/dir/crop/10:9-16:9/277k/276872/165768995/276872_tstokeontrent_IMG_11_0000_max_476x317.png; https://media.rightmove.co.uk:443/dir/crop/10:9-16:9/277k/276872/165768995/276872_tstokeontrent_IMG_12_0000_max_476x317.png; https://media.rightmove.co.uk:443/dir/crop/10:9-16:9/277k/276872/165768995/276872_tstokeontrent_IMG_13_0000_max_476x317.png; https://media.rightmove.co.uk:443/dir/crop/10:9-16:9/277k/276872/165768995/276872_tstokeontrent_IMG_14_0000_max_476x317.png; https://media.rightmove.co.uk:443/dir/crop/10:9-16:9/277k/276872/165768995/276872_tstokeontrent_IMG_15_0000_max_476x317.png; https://media.rightmove.co.uk:443/dir/crop/10:9-16:9/277k/276872/165768995/276872_tstokeontrent_IMG_16_0000_max_476x317.png"
"158400470","Staffordshire","Warehouse","Parkhouse Industrial Estate West, Newcastle-under-Lyme, ST5 7RU","POA","","","","Detached property is of steel portal frame construction, with brickwork and steel-clad elevations, and a pitched roof above.","https://www.rightmove.co.uk/properties/158400470#/?channel=COM_LET","2025-02-18T14:05:23Z","","size_change","Marketed by Mileway Real Estate UK Limited, North West","","53.0461","-2.2453","https://media.rightmove.co.uk:443/dir/crop/10:9-16:9/99k/98021/158400470/98021_5sx5P5HZC2M2hqQuxNXvLL_IMG_05_0000_max_476x317.jpeg; https://media.rightmove.co.uk:443/dir/crop/10:9-16:9/99k/98021/158400470/98021_5sx5P5HZC2M2hqQuxNXvLL_IMG_01_0000_max_476x317.jpeg; https://media.rightmove.co.uk:443/dir/crop/10:9-16:9/99k/98021/158400470/98021_5sx5P5HZC2M2hqQuxNXvLL_IMG_02_0000_max_476x317.jpeg; https://media.rightmove.co.uk:443/dir/crop/10:9-16:9/99k/98021/158400470/98021_5sx5P5HZC2M2hqQuxNXvLL_IMG_04_0000_max_476x317.jpeg; https://media.rightmove.co.uk:443/dir/crop/10:9-16:9/99k/98021/158400470/98021_5sx5P5HZC2M2hqQuxNXvLL_IMG_03_0000_max_476x317.jpeg"
"721780592057712","Staffordshire","Distribution Warehouse","Stoke 439, Trentham Lakes, Eastern Rise, Stoke-on-Trent, ST4 8WG","POA","","","","Cross-Docked Distribution Warehouse - Available from Q4 2025 (Post Refurbishment)","https://www.rightmove.co.uk/properties/721780592057712#/?channel=COM_LET","2025-11-27T11:37:08Z","","new","Marketed by Newmark, Industrial - Birmingham","","52.981905","-2.169817","https://media.rightmove.co.uk:443/dir/crop/10:9-16:9/279k/278948/721780592057712/278948_326218-2_IMG_00_0000_max_476x317.jpeg; https://media.rightmove.co.uk:443/dir/crop/10:9-16:9/279k/278948/721780592057712/278948_326218-2_IMG_01_0000_max_476x317.jpeg; https://media.rightmove.co.uk:443/dir/crop/10:9-16:9/279k/278948/721780592057712/278948_326218-2_IMG_02_0000_max_476x317.jpeg; https://media.rightmove.co.uk:443/dir/crop/10:9-16:9/279k/278948/721780592057712/278948_326218-2_IMG_03_0000_max_476x317.jpeg; https://media.rightmove.co.uk:443/dir/crop/10:9-16:9/279k/278948/721780592057712/278948_326218-2_IMG_04_0000_max_476x317.jpeg; https://media.rightmove.co.uk:443/dir/crop/10:9-16:9/279k/278948/721780592057712/278948_326218-2_IMG_05_0000_max_476x317.jpeg; https://media.rightmove.co.uk:443/dir/crop/10:9-16:9/279k/278948/721780592057712/278948_326218-2_IMG_06_0000_max_476x317.jpeg; https://media.rightmove.co.uk:443/dir/crop/10:9-16:9/279k/278948/721780592057712/278948_326218-2_IMG_07_0000_max_476x317.jpeg; https://media.rightmove.co.uk:443/dir/crop/10:9-16:9/279k/278948/721780592057712/278948_326218-2_IMG_08_0000_max_476x317.jpeg; https://media.rightmove.co.uk:443/dir/crop/10:9-16:9/279k/278948/721780592057712/278948_326218-2_IMG_09_0000_max_476x317.jpeg"
"165692393","Staffordshire","Retail Property (Shopping Centre)","Unit 15, Cannock Shopping Centre, Cannock, Staffordshire, WS11 1WS","POA","","","","The property occupies a large corner position in Cannock Shopping Centre. Adjacent to Bodycare and near to Easy Living Mobility and Specsavers. The subject property offers an excellent opportunity to trade from a large retail unit in Cannock Town Centre. New lettings to Savers, Enchanted Cards, a...","https://www.rightmove.co.uk/properties/165692393#/?channel=COM_LET","2025-08-13T11:23:43Z","","new","Marketed by Creative Retail, Birmingham","","52.690362","-2.030825","https://media.rightmove.co.uk:443/dir/crop/10:9-16:9/192k/191489/165692393/191489_376LH_IMG_00_0000_max_476x317.jpeg; https://media.rightmove.co.uk:443/dir/crop/10:9-16:9/192k/191489/165692393/191489_376LH_IMG_01_0000_max_476x317.jpeg; https://media.rightmove.co.uk:443/dir/crop/10:9-16:9/192k/191489/165692393/191489_376LH_IMG_02_0000_max_476x317.jpeg; https://media.rightmove.co.uk:443/dir/crop/10:9-16:9/192k/191489/165692393/191489_376LH_IMG_03_0000_max_476x317.jpeg; https://media.rightmove.co.uk:443/dir/crop/10:9-16:9/192k/191489/165692393/191489_376LH_IMG_04_0000_max_476x317.jpeg; https://media.rightmove.co.uk:443/dir/crop/10:9-16:9/192k/191489/165692393/191489_376LH_IMG_05_0000_max_476x317.jpeg; https://media.rightmove.co.uk:443/dir/crop/10:9-16:9/192k/191489/165692393/191489_376LH_IMG_06_0000_max_476x317.jpeg; https://media.rightmove.co.uk:443/dir/crop/10:9-16:9/192k/191489/165692393/191489_376LH_IMG_07_0000_max_476x317.jpeg"
"168028235","Staffordshire","Office","18 Albert Road, Tamworth, Staffordshire, B79 7JN","£1,135 pcm","","","","The accommodation is within a two storey period building offering self-contained offices on the ground floor. The main office opens into a large reception office area with a private office to the rear with kitchen and two WC's. The property benefits from gas central heating, LED lighting and ca...","https://www.rightmove.co.uk/properties/168028235#/?channel=COM_LET","2025-10-09T12:18:16Z","","price_reduced","Marketed by Burley Browne, Sutton Coldfield","","52.6366","-1.693025","https://media.rightmove.co.uk:443/dir/crop/10:9-16:9/110k/109673/168028235/109673_8122LH_IMG_14_0001_max_476x317.jpeg; https://media.rightmove.co.uk:443/dir/crop/10:9-16:9/110k/109673/168028235/109673_8122LH_IMG_05_0000_max_476x317.jpeg; https://media.rightmove.co.uk:443/dir/crop/10:9-16:9/110k/109673/168028235/109673_8122LH_IMG_06_0000_max_476x317.jpeg; https://media.rightmove.co.uk:443/dir/crop/10:9-16:9/110k/109673/168028235/109673_8122LH_IMG_07_0000_max_476x317.jpeg; https://media.rightmove.co.uk:443/dir/crop/10:9-16:9/110k/109673/168028235/109673_8122LH_IMG_08_0000_max_476x317.jpeg; https://media.rightmove.co.uk:443/dir/crop/10:9-16:9/110k/109673/168028235/109673_8122LH_IMG_09_0000_max_476x317.jpeg; https://media.rightmove.co.uk:443/dir/crop/10:9-16:9/110k/109673/168028235/109673_8122LH_IMG_10_0000_max_476x317.jpeg; https://media.rightmove.co.uk:443/dir/crop/10:9-16:9/110k/109673/168028235/109673_8122LH_IMG_11_0000_max_476x317.jpeg; https://media.rightmove.co.uk:443/dir/crop/10:9-16:9/110k/109673/168028235/109673_8122LH_IMG_12_0000_max_476x317.jpeg; https://media.rightmove.co.uk:443/dir/crop/10:9-16:9/110k/109673/168028235/109673_8122LH_IMG_02_0000_max_476x317.jpeg; https://media.rightmove.co.uk:443/dir/crop/10:9-16:9/110k/109673/168028235/109673_8122LH_IMG_03_0000_max_476x317.jpeg; https://media.rightmove.co.uk:443/dir/crop/10:9-16:9/110k/109673/168028235/109673_8122LH_IMG_04_0000_max_476x317.jpeg; https://media.rightmove.co.uk:443/dir/crop/10:9-16:9/110k/109673/168028235/109673_8122LH_IMG_00_0000_max_476x317.jpeg; https://media.rightmove.co.uk:443/dir/crop/10:9-16:9/110k/109673/168028235/109673_8122LH_IMG_01_0000_max_476x317.jpeg; https://media.rightmove.co.uk:443/dir/crop/10:9-16:9/110k/109673/168028235/109673_8122LH_IMG_13_0000_max_476x317.jpeg"
"165580601","Staffordshire","Retail Property (high street)","22 Walsall Road, Cannock, Staffordshire, WS11","£700 pcm","","","","Comprises ground floor shop. Available on a new lease with terms to be agreed buy negotiation. ","https://www.rightmove.co.uk/properties/165580601#/?channel=COM_LET","2025-08-10T11:00:43Z","","new","Marketed by Blue Alpine, London","","52.68751","-2.02881","https://media.rightmove.co.uk:443/dir/crop/10:9-16:9/231k/230087/165580601/230087_22walsall_IMG_00_0000_max_476x317.jpeg; https://media.rightmove.co.uk:443/dir/crop/10:9-16:9/231k/230087/165580601/230087_22walsall_IMG_01_0000_max_476x317.jpeg; https://media.rightmove.co.uk:443/dir/crop/10:9-16:9/231k/230087/165580601/230087_22walsall_IMG_02_0000_max_476x317.jpeg"
"165542846","Staffordshire","Light Industrial","Unit 6RW, Lawley Street, Stoke-On-Trent","£2,000 pcm","","","","Amco Commercial is delighted to bring to market this large light-industrial unit. The unit is located on the ground floor and is connected to the popular Regents Works, Longton, Stoke-On-Trent. Situated just off the A50, the location offers easy access to the A500 and the M6. ","https://www.rightmove.co.uk/properties/165542846#/?channel=COM_LET","2025-08-08T15:06:49Z","","new","Marketed by Amco Commercial Ltd, Manchester","","52.984394","-2.123939","https://media.rightmove.co.uk:443/dir/crop/10:9-16:9/79k/78438/165542846/78438_34093174_IMG_00_0000_max_476x317.jpeg; https://media.rightmove.co.uk:443/dir/crop/10:9-16:9/79k/78438/165542846/78438_34093174_IMG_01_0000_max_476x317.jpeg; https://media.rightmove.co.uk:443/dir/crop/10:9-16:9/79k/78438/165542846/78438_34093174_IMG_02_0000_max_476x317.jpeg; https://media.rightmove.co.uk:443/dir/crop/10:9-16:9/79k/78438/165542846/78438_34093174_IMG_03_0000_max_476x317.jpeg; https://media.rightmove.co.uk:443/dir/crop/10:9-16:9/79k/78438/165542846/78438_34093174_IMG_04_0000_max_476x317.jpeg; https://media.rightmove.co.uk:443/dir/crop/10:9-16:9/79k/78438/165542846/78438_34093174_IMG_05_0000_max_476x317.jpeg; https://media.rightmove.co.uk:443/dir/crop/10:9-16:9/79k/78438/165542846/78438_34093174_IMG_06_0000_max_476x317.jpeg"
"164679884","Staffordshire","Land","Yard E Moorfields Industrial Estate, ST21 6QY","£4,167 pcm","","","","Yard E totals 1.02 acres and is available to occupy from September 2025 at a rent of £50,000 per annum, per acre, exclusive.","https://www.rightmove.co.uk/properties/164679884#/?channel=COM_LET","2025-07-18T11:53:29Z","","size_change","Marketed by Wildbrook Real Estate Limited, Manchester","","52.91749","-2.24044","https://media.rightmove.co.uk:443/dir/crop/10:9-16:9/271k/270272/164679884/270272_YARDEMOORFIELDS_IMG_04_0000_max_476x317.jpeg; https://media.rightmove.co.uk:443/dir/crop/10:9-16:9/271k/270272/164679884/270272_YARDEMOORFIELDS_IMG_05_0000_max_476x317.jpeg; https://media.rightmove.co.uk:443/dir/crop/10:9-16:9/271k/270272/164679884/270272_YARDEMOORFIELDS_IMG_00_0000_max_476x317.jpeg; https://media.rightmove.co.uk:443/dir/crop/10:9-16:9/271k/270272/164679884/270272_YARDEMOORFIELDS_IMG_01_0000_max_476x317.jpeg; https://media.rightmove.co.uk:443/dir/crop/10:9-16:9/271k/270272/164679884/270272_YARDEMOORFIELDS_IMG_02_0000_max_476x317.jpeg; https://media.rightmove.co.uk:443/dir/crop/10:9-16:9/271k/270272/164679884/270272_YARDEMOORFIELDS_IMG_03_0000_max_476x317.jpeg; https://media.rightmove.co.uk:443/dir/crop/10:9-16:9/271k/270272/164679884/270272_YARDEMOORFIELDS_IMG_06_0000_max_476x317.jpeg; https://media.rightmove.co.uk:443/dir/crop/10:9-16:9/271k/270272/164679884/270272_YARDEMOORFIELDS_IMG_07_0000_max_476x317.jpeg"
"165487286","Staffordshire","Warehouse","Brunel Drive, Burton-On-Trent, Staffordshire, DE13","POA","","","","Unit 1, Brunel Drive is a modern, partially fitted warehouse unit located on the Stretton Business Park, Burton upon Trent. ","https://www.rightmove.co.uk/properties/165487286#/?channel=COM_LET","2025-08-07T17:33:22Z","","new","Marketed by CBRE - Birmingham, Birmingham Industrial","","52.83021","-1.62371","https://media.rightmove.co.uk:443/dir/crop/10:9-16:9/251k/250757/165487286/250757_Unit_1_Brunel_Drive_Burton_Upon_Trent_DE13_0BZ_IMG_00_0000_max_476x317.jpeg; https://media.rightmove.co.uk:443/dir/crop/10:9-16:9/251k/250757/165487286/250757_Unit_1_Brunel_Drive_Burton_Upon_Trent_DE13_0BZ_IMG_01_0000_max_476x317.jpeg; https://media.rightmove.co.uk:443/dir/crop/10:9-16:9/251k/250757/165487286/250757_Unit_1_Brunel_Drive_Burton_Upon_Trent_DE13_0BZ_IMG_02_0000_max_476x317.jpeg; https://media.rightmove.co.uk:443/dir/crop/10:9-16:9/251k/250757/165487286/250757_Unit_1_Brunel_Drive_Burton_Upon_Trent_DE13_0BZ_IMG_03_0000_max_476x317.jpeg"
"165454535","Staffordshire","Light Industrial","Unit 5 Four Ashes Industrial Estate, Station Road, Wolverhampton","POA","","","","Refurbished - Toilets / Amenity Block, 3 Phase Power Supply, 3 Level Access Loading Doors,  Staff Parking, LED Warehouse Lighting, Concrete Flooring, Pitched Roof with Roof Lights.","https://www.rightmove.co.uk/properties/165454535#/?channel=COM_LET","2025-08-07T10:31:58Z","","new","Marketed by Bulleys Chartered Surveyors, Wolverhampton","","52.674357","-2.120285","https://media.rightmove.co.uk:443/dir/crop/10:9-16:9/282k/281333/165454535/281333_BWOL2034-LET_IMG_00_0000_max_476x317.jpeg; https://media.rightmove.co.uk:443/dir/crop/10:9-16:9/282k/281333/165454535/281333_BWOL2034-LET_IMG_01_0000_max_476x317.jpeg; https://media.rightmove.co.uk:443/dir/crop/10:9-16:9/282k/281333/165454535/281333_BWOL2034-LET_IMG_02_0000_max_476x317.jpeg; https://media.rightmove.co.uk:443/dir/crop/10:9-16:9/282k/281333/165454535/281333_BWOL2034-LET_IMG_03_0000_max_476x317.jpeg; https://media.rightmove.co.uk:443/dir/crop/10:9-16:9/282k/281333/165454535/281333_BWOL2034-LET_IMG_04_0000_max_476x317.jpeg; https://media.rightmove.co.uk:443/dir/crop/10:9-16:9/282k/281333/165454535/281333_BWOL2034-LET_IMG_05_0000_max_476x317.jpeg; https://media.rightmove.co.uk:443/dir/crop/10:9-16:9/282k/281333/165454535/281333_BWOL2034-LET_IMG_06_0000_max_476x317.jpeg; https://media.rightmove.co.uk:443/dir/crop/10:9-16:9/282k/281333/165454535/281333_BWOL2034-LET_IMG_07_0000_max_476x317.jpeg; https://media.rightmove.co.uk:443/dir/crop/10:9-16:9/282k/281333/165454535/281333_BWOL2034-LET_IMG_08_0000_max_476x317.jpeg; https://media.rightmove.co.uk:443/dir/crop/10:9-16:9/282k/281333/165454535/281333_BWOL2034-LET_IMG_09_0000_max_476x317.jpeg; https://media.rightmove.co.uk:443/dir/crop/10:9-16:9/282k/281333/165454535/281333_BWOL2034-LET_IMG_10_0000_max_476x317.jpeg"
"165423254","Staffordshire","Retail Property (high street)","HIGH STREET, BLOXWICH, WALSALL","£1,042 pcm","","","","Prime retail premises located on the High Street in Bloxwich  524 sq.ft. (48.6m²)  National retailers include Wetherspoons, Asda Superstore, Greggs and Post Office","https://www.rightmove.co.uk/properties/165423254#/?channel=COM_LET","2025-08-06T14:33:16Z","","new","Marketed by Fraser Wood Commercial, Walsall","","52.847088","-2.298134","https://media.rightmove.co.uk:443/dir/crop/10:9-16:9/71k/70533/165423254/70533_915_IMG_00_0000_max_476x317.jpeg; https://media.rightmove.co.uk:443/dir/crop/10:9-16:9/71k/70533/165423254/70533_915_IMG_01_0000_max_476x317.jpeg; https://media.rightmove.co.uk:443/dir/crop/10:9-16:9/71k/70533/165423254/70533_915_IMG_02_0000_max_476x317.jpeg; https://media.rightmove.co.uk:443/dir/crop/10:9-16:9/71k/70533/165423254/70533_915_IMG_03_0000_max_476x317.jpeg; https://media.rightmove.co.uk:443/dir/crop/10:9-16:9/71k/70533/165423254/70533_915_IMG_04_0000_max_476x317.jpeg; https://media.rightmove.co.uk:443/dir/crop/10:9-16:9/71k/70533/165423254/70533_915_IMG_05_0000_max_476x317.jpeg; https://media.rightmove.co.uk:443/dir/crop/10:9-16:9/71k/70533/165423254/70533_915_IMG_06_0000_max_476x317.jpeg; https://media.rightmove.co.uk:443/dir/crop/10:9-16:9/71k/70533/165423254/70533_915_IMG_07_0000_max_476x317.jpeg; https://media.rightmove.co.uk:443/dir/crop/10:9-16:9/71k/70533/165423254/70533_915_IMG_08_0000_max_476x317.jpeg; https://media.rightmove.co.uk:443/dir/crop/10:9-16:9/71k/70533/165423254/70533_915_IMG_09_0000_max_476x317.jpeg; https://media.rightmove.co.uk:443/dir/crop/10:9-16:9/71k/70533/165423254/70533_915_IMG_10_0000_max_476x317.jpeg; https://media.rightmove.co.uk:443/dir/crop/10:9-16:9/71k/70533/165423254/70533_915_IMG_11_0000_max_476x317.jpeg; https://media.rightmove.co.uk:443/dir/crop/10:9-16:9/71k/70533/165423254/70533_915_IMG_12_0000_max_476x317.jpeg"
"158167181","Staffordshire","Light Industrial","Four Ashes Industrial Estate, Station Road, Wolverhampton","POA","","","","Unit 4b is constructed of steel portal frame beneath a pitched roof and corrugated sheet elevations, plastered or boarded internally, with floors being of concrete construction. The warehouse is lit by fluorescent strip lights and vehicular access is via a roller shutter door located on the front...","https://www.rightmove.co.uk/properties/158167181#/?channel=COM_LET","2025-02-12T15:11:52Z","","size_change","Marketed by Bulleys Chartered Surveyors, Wolverhampton","","52.675184","-2.12042","https://media.rightmove.co.uk:443/dir/crop/10:9-16:9/282k/281333/158167181/281333_BWOL1547-LET_IMG_02_0001_max_476x317.jpeg; https://media.rightmove.co.uk:443/dir/crop/10:9-16:9/282k/281333/158167181/281333_BWOL1547-LET_IMG_03_0001_max_476x317.jpeg; https://media.rightmove.co.uk:443/dir/crop/10:9-16:9/282k/281333/158167181/281333_BWOL1547-LET_IMG_04_0000_max_476x317.jpeg; https://media.rightmove.co.uk:443/dir/crop/10:9-16:9/282k/281333/158167181/281333_BWOL1547-LET_IMG_05_0000_max_476x317.jpeg; https://media.rightmove.co.uk:443/dir/crop/10:9-16:9/282k/281333/158167181/281333_BWOL1547-LET_IMG_00_0001_max_476x317.jpeg; https://media.rightmove.co.uk:443/dir/crop/10:9-16:9/282k/281333/158167181/281333_BWOL1547-LET_IMG_01_0001_max_476x317.jpeg"
"136061615","Staffordshire","Retail Property (high street)","21-23 Market Street, Lichfield, Staffordshire, WS13 6JX","£3,958 pcm","","","","The premises comprise self-contained retail accommodation providing ground floor sales area with ancillary office / storage and rear yard for loading / unloading together with first floor ancillary storage, staff room and WC's.","https://www.rightmove.co.uk/properties/136061615#/?channel=COM_LET","2023-06-14T11:57:44Z","","new","Marketed by Burley Browne, Sutton Coldfield","","52.683037","-1.829144","https://media.rightmove.co.uk:443/dir/crop/10:9-16:9/110k/109673/136061615/109673_4397LH_IMG_00_0001_max_476x317.jpeg; https://media.rightmove.co.uk:443/dir/crop/10:9-16:9/110k/109673/136061615/109673_4397LH_IMG_01_0001_max_476x317.jpeg; https://media.rightmove.co.uk:443/dir/crop/10:9-16:9/110k/109673/136061615/109673_4397LH_IMG_02_0001_max_476x317.jpeg; https://media.rightmove.co.uk:443/dir/crop/10:9-16:9/110k/109673/136061615/109673_4397LH_IMG_03_0001_max_476x317.jpeg; https://media.rightmove.co.uk:443/dir/crop/10:9-16:9/110k/109673/136061615/109673_4397LH_IMG_04_0001_max_476x317.jpeg; https://media.rightmove.co.uk:443/dir/crop/10:9-16:9/110k/109673/136061615/109673_4397LH_IMG_05_0001_max_476x317.jpeg; https://media.rightmove.co.uk:443/dir/crop/10:9-16:9/110k/109673/136061615/109673_4397LH_IMG_06_0001_max_476x317.jpeg; https://media.rightmove.co.uk:443/dir/crop/10:9-16:9/110k/109673/136061615/109673_4397LH_IMG_07_0001_max_476x317.jpeg; https://media.rightmove.co.uk:443/dir/crop/10:9-16:9/110k/109673/136061615/109673_4397LH_IMG_08_0001_max_476x317.jpeg; https://media.rightmove.co.uk:443/dir/crop/10:9-16:9/110k/109673/136061615/109673_4397LH_IMG_09_0001_max_476x317.jpeg; https://media.rightmove.co.uk:443/dir/crop/10:9-16:9/110k/109673/136061615/109673_4397LH_IMG_10_0001_max_476x317.jpeg; https://media.rightmove.co.uk:443/dir/crop/10:9-16:9/110k/109673/136061615/109673_4397LH_IMG_11_0001_max_476x317.jpeg"
"149452280","Staffordshire","Land","Open Storage Land - Drayton Manor Business Park | Tamworth Coleshill Road, Tamworth, B78 3TL","POA","","","","Open Storage land available to let from 0.25 up to 5 acres, at Drayton Manor Business Park. This space is suitable for a variety of uses, with manned security and 24/7 access, with additional storage and offices on site if required.","https://www.rightmove.co.uk/properties/149452280#/?channel=COM_LET","2024-06-21T16:52:28Z","","size_change","Marketed by FI Real Estate Management Limited, Lancashire","","52.61085","-1.70621","https://media.rightmove.co.uk:443/dir/crop/10:9-16:9/218k/217043/149452280/217043_OpenStorageDraytonManor_IMG_00_0001_max_476x317.jpeg; https://media.rightmove.co.uk:443/dir/crop/10:9-16:9/218k/217043/149452280/217043_OpenStorageDraytonManor_IMG_01_0001_max_476x317.jpeg; https://media.rightmove.co.uk:443/dir/crop/10:9-16:9/218k/217043/149452280/217043_OpenStorageDraytonManor_IMG_02_0001_max_476x317.jpeg; https://media.rightmove.co.uk:443/dir/crop/10:9-16:9/218k/217043/149452280/217043_OpenStorageDraytonManor_IMG_03_0001_max_476x317.jpeg; https://media.rightmove.co.uk:443/dir/crop/10:9-16:9/218k/217043/149452280/217043_OpenStorageDraytonManor_IMG_04_0001_max_476x317.jpeg"
"158166539","Staffordshire","Light Industrial","Sprint Industrial Estate, Station Road, Wolverhampton","POA","","","","The units are of steel portal frame construction with part brick/part corrugated sheet elevations beneath a pitched roof incorporating translucent roof lights and having a concrete floor. The warehouse is lit by fluorescent strip lights and vehicular access is via a roller shutter door located on...","https://www.rightmove.co.uk/properties/158166539#/?channel=COM_LET","2025-02-12T15:04:14Z","","size_change","Marketed by Bulleys Chartered Surveyors, Wolverhampton","","52.674509","-2.123375","https://media.rightmove.co.uk:443/dir/crop/10:9-16:9/property-photo/9b08ba906/158166539/9b08ba906631f5469ba4568921d69fb6_max_476x317.jpeg; https://media.rightmove.co.uk:443/dir/crop/10:9-16:9/property-photo/ce3d4420e/158166539/ce3d4420e3f41268fa56bba135b2f3a3_max_476x317.jpeg"
"165317648","Staffordshire","Light Industrial","Unit 7, 9 & 10, Sprint Industrial Estate, Station Road, Four Ashes, Wolverhampton, Staffordshire, WV10 7DA","POA","","","","Location: The units are located on Sprint Industrial Estate which is situated just off Station Road. The A449 Wolverhampton to Stafford dual carriageway lies approximately 1/3 mile distant to the East. Wolverhampton City Centre is some 6 miles to the South and Stafford 9 miles to the North. Conn...","https://www.rightmove.co.uk/properties/165317648#/?channel=COM_LET","2025-08-04T10:46:48Z","","new","Marketed by Harris Lamb, Birmingham","","52.674568","-2.123711","https://media.rightmove.co.uk:443/dir/crop/10:9-16:9/105k/104813/165317648/104813_6945LH_IMG_00_0000_max_476x317.jpeg; https://media.rightmove.co.uk:443/dir/crop/10:9-16:9/105k/104813/165317648/104813_6945LH_IMG_01_0000_max_476x317.jpeg"
"160248779","Staffordshire","Office","Hawkesyard Hall, Hawkesyard, Rugeley, Staffordshire, WS15 1PU","£300 pcm","From","","","A range of office options are available, including individual offices, open plan spaces or interconnecting offices, designed to accommodate 1 to 5 people, rents starting from £300 pcm.","https://www.rightmove.co.uk/properties/160248779#/?channel=COM_LET","2025-04-04T10:39:24Z","","size_change","Marketed by Howkins & Harrison, Commercial","","52.744473","-1.902754","https://media.rightmove.co.uk:443/dir/crop/10:9-16:9/174k/173936/160248779/173936_3541LH_IMG_01_0000_max_476x317.jpeg; https://media.rightmove.co.uk:443/dir/crop/10:9-16:9/174k/173936/160248779/173936_3541LH_IMG_00_0000_max_476x317.jpeg; https://media.rightmove.co.uk:443/dir/crop/10:9-16:9/174k/173936/160248779/173936_3541LH_IMG_02_0000_max_476x317.jpeg; https://media.rightmove.co.uk:443/dir/crop/10:9-16:9/174k/173936/160248779/173936_3541LH_IMG_03_0000_max_476x317.jpeg; https://media.rightmove.co.uk:443/dir/crop/10:9-16:9/174k/173936/160248779/173936_3541LH_IMG_04_0000_max_476x317.jpeg; https://media.rightmove.co.uk:443/dir/crop/10:9-16:9/174k/173936/160248779/173936_3541LH_IMG_05_0000_max_476x317.jpeg; https://media.rightmove.co.uk:443/dir/crop/10:9-16:9/174k/173936/160248779/173936_3541LH_IMG_06_0000_max_476x317.jpeg"
"165168536","Staffordshire","Light Industrial","Unit 3F, Churnet Park, Macclesfield Road, Leek, Staffordshire, ST13 8YH","POA","","","","Open afternoon to view from 12pm until 2 on Monday 6th October Location: Churnet Park is prominently located on Macclesfield Road (A523) in Leek, Staffordshire, providing direct access to nearby towns such as Macclesfield, Buxton, and Stoke-on Trent. The site benefits from excellent road connec...","https://www.rightmove.co.uk/properties/165168536#/?channel=COM_LET","2025-07-31T11:00:07Z","","new","Marketed by Harris Lamb, Stoke-On-Trent","","53.111088","-2.037588","https://media.rightmove.co.uk:443/dir/crop/10:9-16:9/59k/58365/165168536/58365_6942LH_IMG_00_0000_max_476x317.jpeg; https://media.rightmove.co.uk:443/dir/crop/10:9-16:9/59k/58365/165168536/58365_6942LH_IMG_01_0000_max_476x317.jpeg; https://media.rightmove.co.uk:443/dir/crop/10:9-16:9/59k/58365/165168536/58365_6942LH_IMG_02_0000_max_476x317.jpeg"
"167971817","Staffordshire","Light Industrial","Unit 3F, Churnet Park, Leek","POA","","","","Churnet Park is located on the former Churnet Works site on the outskirts of Leek Town Centre. The site is accessed directly off the Macclesfield Road (A523) approximately 0.5 mile to the west of the town centre. Adjacent to the business park is a Sainsbu...","https://www.rightmove.co.uk/properties/167971817#/?channel=COM_LET","2025-10-08T10:42:54Z","","new","Marketed by LCP, Commercial","","53.11099","-2.03761","https://media.rightmove.co.uk:443/dir/crop/10:9-16:9/230k/229553/167971817/229553_6659d5f0ab0736d0e312469a_2_229_IMG_06_0000_max_476x317.png; https://media.rightmove.co.uk:443/dir/crop/10:9-16:9/230k/229553/167971817/229553_6659d5f0ab0736d0e312469a_2_229_IMG_05_0000_max_476x317.png; https://media.rightmove.co.uk:443/dir/crop/10:9-16:9/230k/229553/167971817/229553_6659d5f0ab0736d0e312469a_2_229_IMG_04_0000_max_476x317.jpeg; https://media.rightmove.co.uk:443/dir/crop/10:9-16:9/230k/229553/167971817/229553_6659d5f0ab0736d0e312469a_2_229_IMG_07_0000_max_476x317.jpeg; https://media.rightmove.co.uk:443/dir/crop/10:9-16:9/230k/229553/167971817/229553_6659d5f0ab0736d0e312469a_2_229_IMG_01_0000_max_476x317.jpeg; https://media.rightmove.co.uk:443/dir/crop/10:9-16:9/230k/229553/167971817/229553_6659d5f0ab0736d0e312469a_2_229_IMG_02_0000_max_476x317.jpeg; https://media.rightmove.co.uk:443/dir/crop/10:9-16:9/230k/229553/167971817/229553_6659d5f0ab0736d0e312469a_2_229_IMG_03_0000_max_476x317.jpeg; https://media.rightmove.co.uk:443/dir/crop/10:9-16:9/230k/229553/167971817/229553_6659d5f0ab0736d0e312469a_2_229_IMG_00_0000_max_476x317.jpeg"
"165060728","Staffordshire","Light Industrial","Etruria Trading Estate, Newcastle Under Lyme, ST4 6JQ","POA","","","","Mid terrace steel portal frame industrial/warehouse unit. Its excellent location for Hanley and Newcastle-under-Lyme..","https://www.rightmove.co.uk/properties/165060728#/?channel=COM_LET","2025-07-29T10:22:49Z","","size_change","Marketed by Mileway Real Estate UK Limited, North West","","53.0203","-2.2065","https://media.rightmove.co.uk:443/dir/crop/10:9-16:9/99k/98021/165060728/98021_5SruHAN131AzkCEC7grmEp_IMG_00_0000_max_476x317.jpeg; https://media.rightmove.co.uk:443/dir/crop/10:9-16:9/99k/98021/165060728/98021_5SruHAN131AzkCEC7grmEp_IMG_01_0000_max_476x317.jpeg; https://media.rightmove.co.uk:443/dir/crop/10:9-16:9/99k/98021/165060728/98021_5SruHAN131AzkCEC7grmEp_IMG_02_0000_max_476x317.jpeg; https://media.rightmove.co.uk:443/dir/crop/10:9-16:9/99k/98021/165060728/98021_5SruHAN131AzkCEC7grmEp_IMG_03_0000_max_476x317.jpeg; https://media.rightmove.co.uk:443/dir/crop/10:9-16:9/99k/98021/165060728/98021_5SruHAN131AzkCEC7grmEp_IMG_04_0000_max_476x317.jpeg; https://media.rightmove.co.uk:443/dir/crop/10:9-16:9/99k/98021/165060728/98021_5SruHAN131AzkCEC7grmEp_IMG_05_0000_max_476x317.jpeg; https://media.rightmove.co.uk:443/dir/crop/10:9-16:9/99k/98021/165060728/98021_5SruHAN131AzkCEC7grmEp_IMG_06_0000_max_476x317.jpeg; https://media.rightmove.co.uk:443/dir/crop/10:9-16:9/99k/98021/165060728/98021_5SruHAN131AzkCEC7grmEp_IMG_07_0000_max_476x317.jpeg; https://media.rightmove.co.uk:443/dir/crop/10:9-16:9/99k/98021/165060728/98021_5SruHAN131AzkCEC7grmEp_IMG_08_0000_max_476x317.jpeg"
"165051161","Staffordshire","Convenience Store","Stafford Street, Stoke-On-Trent, Staffordshire, ST1","£0 pcm","","","2","Prime retail unit in Hanley town centre - ideal for supermarket, grocery, off-licence, homeware or bargain store. Sizes from 667 to 2,282 sq ft. High footfall, great frontage, flexible terms. Don't miss this excellent business opportunity!","https://www.rightmove.co.uk/properties/165051161#/?channel=COM_LET","2025-07-28T20:59:42Z","","size_change","Marketed by Bluefin Management Ltd, Skelmersdale","","53.02628","-2.17693","https://media.rightmove.co.uk:443/dir/crop/10:9-16:9/277k/276872/165051161/276872_RetailSpaceSupermarketGroceryOffLicenceHomewareBargainPoundStoreToRent_IMG_06_0000_max_476x317.png; https://media.rightmove.co.uk:443/dir/crop/10:9-16:9/277k/276872/165051161/276872_RetailSpaceSupermarketGroceryOffLicenceHomewareBargainPoundStoreToRent_IMG_00_0000_max_476x317.png; https://media.rightmove.co.uk:443/dir/crop/10:9-16:9/277k/276872/165051161/276872_RetailSpaceSupermarketGroceryOffLicenceHomewareBargainPoundStoreToRent_IMG_02_0000_max_476x317.png; https://media.rightmove.co.uk:443/dir/crop/10:9-16:9/277k/276872/165051161/276872_RetailSpaceSupermarketGroceryOffLicenceHomewareBargainPoundStoreToRent_IMG_03_0000_max_476x317.png; https://media.rightmove.co.uk:443/dir/crop/10:9-16:9/277k/276872/165051161/276872_RetailSpaceSupermarketGroceryOffLicenceHomewareBargainPoundStoreToRent_IMG_04_0000_max_476x317.png; https://media.rightmove.co.uk:443/dir/crop/10:9-16:9/277k/276872/165051161/276872_RetailSpaceSupermarketGroceryOffLicenceHomewareBargainPoundStoreToRent_IMG_05_0000_max_476x317.png; https://media.rightmove.co.uk:443/dir/crop/10:9-16:9/277k/276872/165051161/276872_RetailSpaceSupermarketGroceryOffLicenceHomewareBargainPoundStoreToRent_IMG_07_0000_max_476x317.png; https://media.rightmove.co.uk:443/dir/crop/10:9-16:9/277k/276872/165051161/276872_RetailSpaceSupermarketGroceryOffLicenceHomewareBargainPoundStoreToRent_IMG_08_0000_max_476x317.png; https://media.rightmove.co.uk:443/dir/crop/10:9-16:9/277k/276872/165051161/276872_RetailSpaceSupermarketGroceryOffLicenceHomewareBargainPoundStoreToRent_IMG_09_0000_max_476x317.png; https://media.rightmove.co.uk:443/dir/crop/10:9-16:9/277k/276872/165051161/276872_RetailSpaceSupermarketGroceryOffLicenceHomewareBargainPoundStoreToRent_IMG_10_0000_max_476x317.png; https://media.rightmove.co.uk:443/dir/crop/10:9-16:9/277k/276872/165051161/276872_RetailSpaceSupermarketGroceryOffLicenceHomewareBargainPoundStoreToRent_IMG_11_0000_max_476x317.png; https://media.rightmove.co.uk:443/dir/crop/10:9-16:9/277k/276872/165051161/276872_RetailSpaceSupermarketGroceryOffLicenceHomewareBargainPoundStoreToRent_IMG_12_0000_max_476x317.png; https://media.rightmove.co.uk:443/dir/crop/10:9-16:9/277k/276872/165051161/276872_RetailSpaceSupermarketGroceryOffLicenceHomewareBargainPoundStoreToRent_IMG_13_0000_max_476x317.png; https://media.rightmove.co.uk:443/dir/crop/10:9-16:9/277k/276872/165051161/276872_RetailSpaceSupermarketGroceryOffLicenceHomewareBargainPoundStoreToRent_IMG_01_0000_max_476x317.png"
"164962166","Staffordshire","Light Industrial","Unit 3, Midland Works, Heath Mill Road, Wombourne","£4,583 pcm","","","","The two bay warehouse is of steel framed construction with brick/blockwork and metal profiled sheeted walls surmounted by two, pitched metal profiled sheeted roofs incorporating filon roof lights. Access is via a roller shutter door. Height to eaves - 6.25 m. (20'6'') approx. The windows are UPVC...","https://www.rightmove.co.uk/properties/164962166#/?channel=COM_LET","2025-07-25T16:23:06Z","","new","Marketed by Bulleys Chartered Surveyors, Wolverhampton","","52.521809","-2.209119","https://media.rightmove.co.uk:443/dir/crop/10:9-16:9/282k/281333/164962166/281333_BWOL2022-LET_IMG_00_0000_max_476x317.jpeg; https://media.rightmove.co.uk:443/dir/crop/10:9-16:9/282k/281333/164962166/281333_BWOL2022-LET_IMG_01_0000_max_476x317.jpeg; https://media.rightmove.co.uk:443/dir/crop/10:9-16:9/282k/281333/164962166/281333_BWOL2022-LET_IMG_02_0000_max_476x317.jpeg; https://media.rightmove.co.uk:443/dir/crop/10:9-16:9/282k/281333/164962166/281333_BWOL2022-LET_IMG_03_0000_max_476x317.jpeg"
"164957858","Staffordshire","Light Industrial","Four Ashes Industrial Estate, Station Road, Four Ashes, Wolverhampton, Staffordshire, WV10","POA","","","","Location: The units are located on Four Ashes Industrial Estate which is situated just off Station Road. The A449 Wolverhampton to Stafford dual carriageway lies approximately 1/3 mile distant to the East. Wolverhampton City Centre is some 6 miles to the South and Stafford 9 miles to the North...","https://www.rightmove.co.uk/properties/164957858#/?channel=COM_LET","2025-07-25T15:21:09Z","","new","Marketed by Harris Lamb, Birmingham","","52.675343","-2.12216","https://media.rightmove.co.uk:443/dir/crop/10:9-16:9/105k/104813/164957858/104813_6937LH_IMG_03_0000_max_476x317.jpeg; https://media.rightmove.co.uk:443/dir/crop/10:9-16:9/105k/104813/164957858/104813_6937LH_IMG_04_0000_max_476x317.jpeg; https://media.rightmove.co.uk:443/dir/crop/10:9-16:9/105k/104813/164957858/104813_6937LH_IMG_05_0000_max_476x317.jpeg; https://media.rightmove.co.uk:443/dir/crop/10:9-16:9/105k/104813/164957858/104813_6937LH_IMG_06_0000_max_476x317.jpeg; https://media.rightmove.co.uk:443/dir/crop/10:9-16:9/105k/104813/164957858/104813_6937LH_IMG_07_0000_max_476x317.jpeg; https://media.rightmove.co.uk:443/dir/crop/10:9-16:9/105k/104813/164957858/104813_6937LH_IMG_08_0000_max_476x317.jpeg; https://media.rightmove.co.uk:443/dir/crop/10:9-16:9/105k/104813/164957858/104813_6937LH_IMG_09_0000_max_476x317.jpeg; https://media.rightmove.co.uk:443/dir/crop/10:9-16:9/105k/104813/164957858/104813_6937LH_IMG_10_0000_max_476x317.jpeg"
"164956220","Staffordshire","Retail Property (high street)","Stafford Street, Stoke-On-Trent, Staffordshire, ST1","Offers Invited","","","1","Flexible ground floor commercial unit(s) available in Hanley town centre - suitable for retail, office, beauty, wellness or light food use. Let individually at 150 m² (1,615 sq ft) or combined to provide up to 212 m² (2,282 sq ft).","https://www.rightmove.co.uk/properties/164956220#/?channel=COM_LET","2025-07-25T15:08:04Z","","new","Marketed by Bluefin Management Ltd, Skelmersdale","","53.02628","-2.17693","https://media.rightmove.co.uk:443/dir/crop/10:9-16:9/277k/276872/164956220/276872_SpaceToRentStokeOnTrent1615sqft_IMG_00_0000_max_476x317.png; https://media.rightmove.co.uk:443/dir/crop/10:9-16:9/277k/276872/164956220/276872_SpaceToRentStokeOnTrent1615sqft_IMG_13_0000_max_476x317.png; https://media.rightmove.co.uk:443/dir/crop/10:9-16:9/277k/276872/164956220/276872_SpaceToRentStokeOnTrent1615sqft_IMG_03_0000_max_476x317.png; https://media.rightmove.co.uk:443/dir/crop/10:9-16:9/277k/276872/164956220/276872_SpaceToRentStokeOnTrent1615sqft_IMG_04_0000_max_476x317.png; https://media.rightmove.co.uk:443/dir/crop/10:9-16:9/277k/276872/164956220/276872_SpaceToRentStokeOnTrent1615sqft_IMG_05_0000_max_476x317.png; https://media.rightmove.co.uk:443/dir/crop/10:9-16:9/277k/276872/164956220/276872_SpaceToRentStokeOnTrent1615sqft_IMG_02_0000_max_476x317.png; https://media.rightmove.co.uk:443/dir/crop/10:9-16:9/277k/276872/164956220/276872_SpaceToRentStokeOnTrent1615sqft_IMG_08_0000_max_476x317.png; https://media.rightmove.co.uk:443/dir/crop/10:9-16:9/277k/276872/164956220/276872_SpaceToRentStokeOnTrent1615sqft_IMG_01_0000_max_476x317.png; https://media.rightmove.co.uk:443/dir/crop/10:9-16:9/277k/276872/164956220/276872_SpaceToRentStokeOnTrent1615sqft_IMG_06_0000_max_476x317.png; https://media.rightmove.co.uk:443/dir/crop/10:9-16:9/277k/276872/164956220/276872_SpaceToRentStokeOnTrent1615sqft_IMG_07_0000_max_476x317.png; https://media.rightmove.co.uk:443/dir/crop/10:9-16:9/277k/276872/164956220/276872_SpaceToRentStokeOnTrent1615sqft_IMG_09_0000_max_476x317.png; https://media.rightmove.co.uk:443/dir/crop/10:9-16:9/277k/276872/164956220/276872_SpaceToRentStokeOnTrent1615sqft_IMG_10_0000_max_476x317.png; https://media.rightmove.co.uk:443/dir/crop/10:9-16:9/277k/276872/164956220/276872_SpaceToRentStokeOnTrent1615sqft_IMG_11_0000_max_476x317.png; https://media.rightmove.co.uk:443/dir/crop/10:9-16:9/277k/276872/164956220/276872_SpaceToRentStokeOnTrent1615sqft_IMG_12_0000_max_476x317.png"
"164966348","Staffordshire","Convenience Store","Stafford Street, Stoke-On-Trent, Staffordshire, ST1","£4 pcm","From","","1","Ground Floor Retail Unit - Ideal for Convenience StoreA high-visibility 1,615 sq ft retail unit located in the heart of Hanley town centre, directly opposite The Potteries Shopping Centre. This prime corner unit offers an open-plan layout, making it perfect for a convenience store.","https://www.rightmove.co.uk/properties/164966348#/?channel=COM_LET","2025-07-25T17:04:14Z","","new","Marketed by Bluefin Management Ltd, Skelmersdale","","53.02628","-2.17693","https://media.rightmove.co.uk:443/dir/crop/10:9-16:9/277k/276872/164966348/276872_Newsagentgrocerystoretoletstokeontrent_IMG_13_0000_max_476x317.png; https://media.rightmove.co.uk:443/dir/crop/10:9-16:9/277k/276872/164966348/276872_Newsagentgrocerystoretoletstokeontrent_IMG_00_0000_max_476x317.png; https://media.rightmove.co.uk:443/dir/crop/10:9-16:9/277k/276872/164966348/276872_Newsagentgrocerystoretoletstokeontrent_IMG_02_0000_max_476x317.png; https://media.rightmove.co.uk:443/dir/crop/10:9-16:9/277k/276872/164966348/276872_Newsagentgrocerystoretoletstokeontrent_IMG_08_0000_max_476x317.png; https://media.rightmove.co.uk:443/dir/crop/10:9-16:9/277k/276872/164966348/276872_Newsagentgrocerystoretoletstokeontrent_IMG_05_0000_max_476x317.png; https://media.rightmove.co.uk:443/dir/crop/10:9-16:9/277k/276872/164966348/276872_Newsagentgrocerystoretoletstokeontrent_IMG_07_0000_max_476x317.png; https://media.rightmove.co.uk:443/dir/crop/10:9-16:9/277k/276872/164966348/276872_Newsagentgrocerystoretoletstokeontrent_IMG_06_0000_max_476x317.png; https://media.rightmove.co.uk:443/dir/crop/10:9-16:9/277k/276872/164966348/276872_Newsagentgrocerystoretoletstokeontrent_IMG_09_0000_max_476x317.png; https://media.rightmove.co.uk:443/dir/crop/10:9-16:9/277k/276872/164966348/276872_Newsagentgrocerystoretoletstokeontrent_IMG_11_0000_max_476x317.png; https://media.rightmove.co.uk:443/dir/crop/10:9-16:9/277k/276872/164966348/276872_Newsagentgrocerystoretoletstokeontrent_IMG_12_0000_max_476x317.png"
"164953574","Staffordshire","Warehouse","Unit 2 The Glades, Festival Way, Stoke-On-Trent, Staffordshire, ST1","£3,333 pcm","","","","Recently refurbished 4,000 sq. ft. industrial warehouse to rent in Festival Park. Rare opportunity to locate in a prominent commercial location with excellent transport links. ","https://www.rightmove.co.uk/properties/164953574#/?channel=COM_LET","2025-07-25T14:27:22Z","","new","Marketed by Sandyford Properties Limited, Stoke-On-Trent","","53.0329","-2.19829","https://media.rightmove.co.uk:443/dir/crop/10:9-16:9/271k/270812/164953574/270812_2glades_IMG_00_0000_max_476x317.jpeg; https://media.rightmove.co.uk:443/dir/crop/10:9-16:9/271k/270812/164953574/270812_2glades_IMG_01_0000_max_476x317.jpeg; https://media.rightmove.co.uk:443/dir/crop/10:9-16:9/271k/270812/164953574/270812_2glades_IMG_18_0000_max_476x317.jpeg; https://media.rightmove.co.uk:443/dir/crop/10:9-16:9/271k/270812/164953574/270812_2glades_IMG_22_0000_max_476x317.jpeg; https://media.rightmove.co.uk:443/dir/crop/10:9-16:9/271k/270812/164953574/270812_2glades_IMG_24_0000_max_476x317.jpeg; https://media.rightmove.co.uk:443/dir/crop/10:9-16:9/271k/270812/164953574/270812_2glades_IMG_02_0000_max_476x317.jpeg; https://media.rightmove.co.uk:443/dir/crop/10:9-16:9/271k/270812/164953574/270812_2glades_IMG_28_0000_max_476x317.jpeg; https://media.rightmove.co.uk:443/dir/crop/10:9-16:9/271k/270812/164953574/270812_2glades_IMG_21_0000_max_476x317.jpeg; https://media.rightmove.co.uk:443/dir/crop/10:9-16:9/271k/270812/164953574/270812_2glades_IMG_10_0000_max_476x317.jpeg; https://media.rightmove.co.uk:443/dir/crop/10:9-16:9/271k/270812/164953574/270812_2glades_IMG_17_0000_max_476x317.jpeg; https://media.rightmove.co.uk:443/dir/crop/10:9-16:9/271k/270812/164953574/270812_2glades_IMG_11_0000_max_476x317.jpeg; https://media.rightmove.co.uk:443/dir/crop/10:9-16:9/271k/270812/164953574/270812_2glades_IMG_15_0000_max_476x317.jpeg; https://media.rightmove.co.uk:443/dir/crop/10:9-16:9/271k/270812/164953574/270812_2glades_IMG_08_0000_max_476x317.jpeg; https://media.rightmove.co.uk:443/dir/crop/10:9-16:9/271k/270812/164953574/270812_2glades_IMG_26_0000_max_476x317.jpeg; https://media.rightmove.co.uk:443/dir/crop/10:9-16:9/271k/270812/164953574/270812_2glades_IMG_09_0000_max_476x317.jpeg; https://media.rightmove.co.uk:443/dir/crop/10:9-16:9/271k/270812/164953574/270812_2glades_IMG_14_0000_max_476x317.jpeg; https://media.rightmove.co.uk:443/dir/crop/10:9-16:9/271k/270812/164953574/270812_2glades_IMG_16_0000_max_476x317.jpeg; https://media.rightmove.co.uk:443/dir/crop/10:9-16:9/271k/270812/164953574/270812_2glades_IMG_19_0000_max_476x317.jpeg; https://media.rightmove.co.uk:443/dir/crop/10:9-16:9/271k/270812/164953574/270812_2glades_IMG_20_0000_max_476x317.jpeg"
"75120350","Staffordshire","Light Industrial","Keys Business Village, Keys Park Road, Cannock, Staffordshire, WS12","POA","","","","A rare opportunity to lease a modern, light industrial unit at Keys Business Village, Cannock. Featuring ample turning circles and parking with roller shutter 24/7 access, CCTV and flexible workspace - ideal for warehousing, production or light industrial in a prime business location close to the M6","https://www.rightmove.co.uk/properties/75120350#/?channel=COM_LET","2018-08-22T16:39:25Z","","new","Marketed by Northern Trust, Midlands","","52.69956","-1.98708","https://media.rightmove.co.uk:443/dir/crop/10:9-16:9/88k/87535/75120350/87535_MIDS_06847_Unit2_Keys_BV_Cannock_IMG_02_0001_max_476x317.jpeg; https://media.rightmove.co.uk:443/dir/crop/10:9-16:9/88k/87535/75120350/87535_MIDS_06847_Unit2_Keys_BV_Cannock_IMG_03_0001_max_476x317.jpeg; https://media.rightmove.co.uk:443/dir/crop/10:9-16:9/88k/87535/75120350/87535_MIDS_06847_Unit2_Keys_BV_Cannock_IMG_06_0001_max_476x317.jpeg; https://media.rightmove.co.uk:443/dir/crop/10:9-16:9/88k/87535/75120350/87535_MIDS_06847_Unit2_Keys_BV_Cannock_IMG_05_0001_max_476x317.jpeg; https://media.rightmove.co.uk:443/dir/crop/10:9-16:9/88k/87535/75120350/87535_MIDS_06847_Unit2_Keys_BV_Cannock_IMG_04_0001_max_476x317.jpeg; https://media.rightmove.co.uk:443/dir/crop/10:9-16:9/88k/87535/75120350/87535_MIDS_06847_Unit2_Keys_BV_Cannock_IMG_07_0001_max_476x317.jpeg; https://media.rightmove.co.uk:443/dir/crop/10:9-16:9/88k/87535/75120350/87535_MIDS_06847_Unit2_Keys_BV_Cannock_IMG_08_0001_max_476x317.jpeg; https://media.rightmove.co.uk:443/dir/crop/10:9-16:9/88k/87535/75120350/87535_MIDS_06847_Unit2_Keys_BV_Cannock_IMG_09_0001_max_476x317.jpeg; https://media.rightmove.co.uk:443/dir/crop/10:9-16:9/88k/87535/75120350/87535_MIDS_06847_Unit2_Keys_BV_Cannock_IMG_10_0001_max_476x317.jpeg; https://media.rightmove.co.uk:443/dir/crop/10:9-16:9/88k/87535/75120350/87535_MIDS_06847_Unit2_Keys_BV_Cannock_IMG_00_0001_max_476x317.jpeg; https://media.rightmove.co.uk:443/dir/crop/10:9-16:9/88k/87535/75120350/87535_MIDS_06847_Unit2_Keys_BV_Cannock_IMG_01_0001_max_476x317.jpeg"
"165316637","Staffordshire","Light Industrial","Unit 4b & 12, Four Ashes Industrial Estate, Station Road, Four Ashes, Wolverhampton, Staffordshire, WV10 7DB","POA","","","","Location: The units are located on Four Ashes Industrial Estate which is situated just off Station Road. The A449 Wolverhampton to Stafford dual carriageway lies approximately 1/3 mile distant to the East. Wolverhampton City Centre is some 6 miles to the South and Stafford 9 miles to the North...","https://www.rightmove.co.uk/properties/165316637#/?channel=COM_LET","2025-08-04T10:30:45Z","","size_change","Marketed by Harris Lamb, Birmingham","","52.675343","-2.12216","https://media.rightmove.co.uk:443/dir/crop/10:9-16:9/property-photo/b69cae8a5/165316637/b69cae8a589476767c6cc01bfb141cb2_max_476x317.jpeg; https://media.rightmove.co.uk:443/dir/crop/10:9-16:9/property-photo/c02c160db/165316637/c02c160dbb66cf6a36119b777b87106c_max_476x317.jpeg"
"164846126","Staffordshire","Light Industrial","Heath Mill Road, Wombourne, Wolverhampton, Staffordshire, WV5 8AP","£4,583 pcm","","","","Location: The unit is situated to the rear of Heath Mill Road. Wolverhampton City Centre is within 5 miles and the Motorway Network is accessible via Junction 2 of the M54 at Featherstone, Wolverhampton. Description: The two bay warehouse is of steel framed construction with brick/blockwork ...","https://www.rightmove.co.uk/properties/164846126#/?channel=COM_LET","2025-07-23T11:13:17Z","","new","Marketed by Harris Lamb, Dudley","","52.52206","-2.209425","https://media.rightmove.co.uk:443/dir/crop/10:9-16:9/223k/222038/164846126/222038_6932LH_IMG_07_0000_max_476x317.jpeg; https://media.rightmove.co.uk:443/dir/crop/10:9-16:9/223k/222038/164846126/222038_6932LH_IMG_00_0000_max_476x317.jpeg; https://media.rightmove.co.uk:443/dir/crop/10:9-16:9/223k/222038/164846126/222038_6932LH_IMG_01_0000_max_476x317.jpeg; https://media.rightmove.co.uk:443/dir/crop/10:9-16:9/223k/222038/164846126/222038_6932LH_IMG_02_0000_max_476x317.jpeg; https://media.rightmove.co.uk:443/dir/crop/10:9-16:9/223k/222038/164846126/222038_6932LH_IMG_03_0000_max_476x317.jpeg; https://media.rightmove.co.uk:443/dir/crop/10:9-16:9/223k/222038/164846126/222038_6932LH_IMG_04_0000_max_476x317.jpeg; https://media.rightmove.co.uk:443/dir/crop/10:9-16:9/223k/222038/164846126/222038_6932LH_IMG_05_0000_max_476x317.jpeg; https://media.rightmove.co.uk:443/dir/crop/10:9-16:9/223k/222038/164846126/222038_6932LH_IMG_06_0000_max_476x317.jpeg"
"164788712","Staffordshire","Warehouse","Lakeside Industrial Park, Tamworth, Staffordshire, B78","£3,018 pcm","","","","Lakeside Business Park is a small, modern development of business units, benefiting from excellent visibility and immediate access, making them ideal for businesses seeking both convenience and professional presentation. Units can be taken as a whole or sub divided into 2 units. ","https://www.rightmove.co.uk/properties/164788712#/?channel=COM_LET","2025-07-22T10:09:53Z","","new","Marketed by KWB, Birmingham","","52.61759","-1.71327","https://media.rightmove.co.uk:443/dir/crop/10:9-16:9/97k/96407/164788712/96407_LakesideBusinessPark_IMG_00_0000_max_476x317.jpeg; https://media.rightmove.co.uk:443/dir/crop/10:9-16:9/97k/96407/164788712/96407_LakesideBusinessPark_IMG_01_0000_max_476x317.jpeg; https://media.rightmove.co.uk:443/dir/crop/10:9-16:9/97k/96407/164788712/96407_LakesideBusinessPark_IMG_02_0000_max_476x317.jpeg; https://media.rightmove.co.uk:443/dir/crop/10:9-16:9/97k/96407/164788712/96407_LakesideBusinessPark_IMG_03_0000_max_476x317.jpeg; https://media.rightmove.co.uk:443/dir/crop/10:9-16:9/97k/96407/164788712/96407_LakesideBusinessPark_IMG_04_0000_max_476x317.jpeg"
"164774141","Staffordshire","Light Industrial","Lodge B, Regent Works, Lawley Street, Stoke-On-Trent","£410 pcm","","","","Amco Commercial are delighted to bring to market Lodge B, Regent Works, a ground-floor unit, suitable for use as a studio, salon, office or light industrial workshop and storage space. Lodge B, is a naturally bright creative space, measuring approximately 335 Sqft, and has it's own priv...","https://www.rightmove.co.uk/properties/164774141#/?channel=COM_LET","2025-07-21T17:25:08Z","","new","Marketed by Amco Commercial Ltd, Manchester","","52.984394","-2.123939","https://media.rightmove.co.uk:443/dir/crop/10:9-16:9/79k/78438/164774141/78438_34051169_IMG_00_0000_max_476x317.png; https://media.rightmove.co.uk:443/dir/crop/10:9-16:9/79k/78438/164774141/78438_34051169_IMG_01_0000_max_476x317.jpeg; https://media.rightmove.co.uk:443/dir/crop/10:9-16:9/79k/78438/164774141/78438_34051169_IMG_02_0000_max_476x317.jpeg; https://media.rightmove.co.uk:443/dir/crop/10:9-16:9/79k/78438/164774141/78438_34051169_IMG_03_0000_max_476x317.jpeg"
"153945515","Staffordshire","Light Industrial","Unit 5, Falcon Park, Claymore, Wilnecote, Tamworth, Staffs, B77 5DQ","£1,458 pcm","","","","The subject property comprises a mid terrace industrial/warehouse unit incorporating a mezzanine floor providing a number of cellular style offices with kitchen. The ground floor provides a warehouse area which is accessed via a roller shutter door. There is also the use of a single WC. The prop...","https://www.rightmove.co.uk/properties/153945515#/?channel=COM_LET","2024-10-18T13:07:05Z","","new","Marketed by Burley Browne, Sutton Coldfield","","52.607213","-1.676036","https://media.rightmove.co.uk:443/dir/crop/10:9-16:9/110k/109673/153945515/109673_5899LH_IMG_00_0000_max_476x317.jpeg; https://media.rightmove.co.uk:443/dir/crop/10:9-16:9/110k/109673/153945515/109673_5899LH_IMG_01_0000_max_476x317.jpeg; https://media.rightmove.co.uk:443/dir/crop/10:9-16:9/110k/109673/153945515/109673_5899LH_IMG_02_0000_max_476x317.jpeg; https://media.rightmove.co.uk:443/dir/crop/10:9-16:9/110k/109673/153945515/109673_5899LH_IMG_03_0000_max_476x317.jpeg; https://media.rightmove.co.uk:443/dir/crop/10:9-16:9/110k/109673/153945515/109673_5899LH_IMG_04_0000_max_476x317.jpeg; https://media.rightmove.co.uk:443/dir/crop/10:9-16:9/110k/109673/153945515/109673_5899LH_IMG_05_0000_max_476x317.jpeg; https://media.rightmove.co.uk:443/dir/crop/10:9-16:9/110k/109673/153945515/109673_5899LH_IMG_06_0000_max_476x317.jpeg; https://media.rightmove.co.uk:443/dir/crop/10:9-16:9/110k/109673/153945515/109673_5899LH_IMG_07_0000_max_476x317.jpeg; https://media.rightmove.co.uk:443/dir/crop/10:9-16:9/110k/109673/153945515/109673_5899LH_IMG_08_0000_max_476x317.jpeg; https://media.rightmove.co.uk:443/dir/crop/10:9-16:9/110k/109673/153945515/109673_5899LH_IMG_09_0000_max_476x317.jpeg; https://media.rightmove.co.uk:443/dir/crop/10:9-16:9/110k/109673/153945515/109673_5899LH_IMG_10_0000_max_476x317.jpeg; https://media.rightmove.co.uk:443/dir/crop/10:9-16:9/110k/109673/153945515/109673_5899LH_IMG_11_0000_max_476x317.jpeg; https://media.rightmove.co.uk:443/dir/crop/10:9-16:9/110k/109673/153945515/109673_5899LH_IMG_12_0000_max_476x317.jpeg; https://media.rightmove.co.uk:443/dir/crop/10:9-16:9/110k/109673/153945515/109673_5899LH_IMG_13_0000_max_476x317.jpeg; https://media.rightmove.co.uk:443/dir/crop/10:9-16:9/110k/109673/153945515/109673_5899LH_IMG_14_0000_max_476x317.jpeg; https://media.rightmove.co.uk:443/dir/crop/10:9-16:9/110k/109673/153945515/109673_5899LH_IMG_15_0000_max_476x317.jpeg; https://media.rightmove.co.uk:443/dir/crop/10:9-16:9/110k/109673/153945515/109673_5899LH_IMG_16_0000_max_476x317.jpeg"
"722867541517281","Staffordshire","Distribution Warehouse","Axis 5  Lichfield South, Wall Island, Birmingham Road, Lichfield, WS14 0QP","POA","","","","AVAILABLE FROM Q2 2026","https://www.rightmove.co.uk/properties/722867541517281#/?channel=COM_LET","2025-12-03T11:39:06Z","","new","Marketed by Garrison Real Estate Limited, Solihull","","52.652828","-1.835888","https://media.rightmove.co.uk:443/dir/crop/10:9-16:9/281k/280895/722867541517281/280895_270881-2_IMG_00_0000_max_476x317.jpeg; https://media.rightmove.co.uk:443/dir/crop/10:9-16:9/281k/280895/722867541517281/280895_270881-2_IMG_01_0000_max_476x317.jpeg; https://media.rightmove.co.uk:443/dir/crop/10:9-16:9/281k/280895/722867541517281/280895_270881-2_IMG_02_0000_max_476x317.jpeg; https://media.rightmove.co.uk:443/dir/crop/10:9-16:9/281k/280895/722867541517281/280895_270881-2_IMG_03_0000_max_476x317.jpeg; https://media.rightmove.co.uk:443/dir/crop/10:9-16:9/281k/280895/722867541517281/280895_270881-2_IMG_04_0000_max_476x317.jpeg; https://media.rightmove.co.uk:443/dir/crop/10:9-16:9/281k/280895/722867541517281/280895_270881-2_IMG_05_0000_max_476x317.jpeg; https://media.rightmove.co.uk:443/dir/crop/10:9-16:9/281k/280895/722867541517281/280895_270881-2_IMG_06_0000_max_476x317.jpeg; https://media.rightmove.co.uk:443/dir/crop/10:9-16:9/281k/280895/722867541517281/280895_270881-2_IMG_07_0000_max_476x317.jpeg; https://media.rightmove.co.uk:443/dir/crop/10:9-16:9/281k/280895/722867541517281/280895_270881-2_IMG_08_0000_max_476x317.jpeg; https://media.rightmove.co.uk:443/dir/crop/10:9-16:9/281k/280895/722867541517281/280895_270881-2_IMG_09_0000_max_476x317.jpeg"
"164672054","Staffordshire","Retail Property (high street)","1 Middle Entry, Tamworth, Staffordshire, B79 7NJ","£1,875 pcm","","","","The self contained retail unit with glazed frontages overlooking St Edithas Square and the mall and comprises ground floor retail unit with two partitoned rooms to the rear with staircase to large open plan area together with kitchen and WCs.","https://www.rightmove.co.uk/properties/164672054#/?channel=COM_LET","2025-07-18T09:58:29Z","","new","Marketed by Burley Browne, Sutton Coldfield","","52.633423","-1.695116","https://media.rightmove.co.uk:443/dir/crop/10:9-16:9/110k/109673/164672054/109673_8092LH_IMG_00_0000_max_476x317.jpeg; https://media.rightmove.co.uk:443/dir/crop/10:9-16:9/110k/109673/164672054/109673_8092LH_IMG_04_0000_max_476x317.jpeg; https://media.rightmove.co.uk:443/dir/crop/10:9-16:9/110k/109673/164672054/109673_8092LH_IMG_05_0000_max_476x317.jpeg; https://media.rightmove.co.uk:443/dir/crop/10:9-16:9/110k/109673/164672054/109673_8092LH_IMG_07_0000_max_476x317.jpeg; https://media.rightmove.co.uk:443/dir/crop/10:9-16:9/110k/109673/164672054/109673_8092LH_IMG_10_0000_max_476x317.jpeg; https://media.rightmove.co.uk:443/dir/crop/10:9-16:9/110k/109673/164672054/109673_8092LH_IMG_01_0000_max_476x317.jpeg; https://media.rightmove.co.uk:443/dir/crop/10:9-16:9/110k/109673/164672054/109673_8092LH_IMG_06_0000_max_476x317.jpeg; https://media.rightmove.co.uk:443/dir/crop/10:9-16:9/110k/109673/164672054/109673_8092LH_IMG_09_0000_max_476x317.jpeg; https://media.rightmove.co.uk:443/dir/crop/10:9-16:9/110k/109673/164672054/109673_8092LH_IMG_02_0000_max_476x317.jpeg; https://media.rightmove.co.uk:443/dir/crop/10:9-16:9/110k/109673/164672054/109673_8092LH_IMG_03_0000_max_476x317.jpeg"
"158402705","Staffordshire","Commercial Property","Upper St. John Street, Lichfield, Staffordshire, WS14","£850 pcm","","","1","Spacious and versatile commercial property comprising of 3 rooms and a WC.","https://www.rightmove.co.uk/properties/158402705#/?channel=COM_LET","2025-02-18T14:51:29Z","","price_reduced","Marketed by Pole Star Property, Guildford","","52.67858","-1.82587","https://media.rightmove.co.uk:443/dir/crop/10:9-16:9/277k/276599/158402705/276599_81aUSJS_IMG_00_0000_max_476x317.jpeg; https://media.rightmove.co.uk:443/dir/crop/10:9-16:9/277k/276599/158402705/276599_81aUSJS_IMG_01_0000_max_476x317.jpeg; https://media.rightmove.co.uk:443/dir/crop/10:9-16:9/277k/276599/158402705/276599_81aUSJS_IMG_02_0000_max_476x317.jpeg; https://media.rightmove.co.uk:443/dir/crop/10:9-16:9/277k/276599/158402705/276599_81aUSJS_IMG_03_0000_max_476x317.jpeg; https://media.rightmove.co.uk:443/dir/crop/10:9-16:9/277k/276599/158402705/276599_81aUSJS_IMG_04_0000_max_476x317.jpeg; https://media.rightmove.co.uk:443/dir/crop/10:9-16:9/277k/276599/158402705/276599_81aUSJS_IMG_05_0000_max_476x317.jpeg; https://media.rightmove.co.uk:443/dir/crop/10:9-16:9/277k/276599/158402705/276599_81aUSJS_IMG_06_0000_max_476x317.jpeg; https://media.rightmove.co.uk:443/dir/crop/10:9-16:9/277k/276599/158402705/276599_81aUSJS_IMG_07_0000_max_476x317.jpeg; https://media.rightmove.co.uk:443/dir/crop/10:9-16:9/277k/276599/158402705/276599_81aUSJS_IMG_08_0000_max_476x317.jpeg; https://media.rightmove.co.uk:443/dir/crop/10:9-16:9/277k/276599/158402705/276599_81aUSJS_IMG_09_0000_max_476x317.jpeg; https://media.rightmove.co.uk:443/dir/crop/10:9-16:9/277k/276599/158402705/276599_81aUSJS_IMG_10_0000_max_476x317.jpeg; https://media.rightmove.co.uk:443/dir/crop/10:9-16:9/277k/276599/158402705/276599_81aUSJS_IMG_11_0000_max_476x317.jpeg; https://media.rightmove.co.uk:443/dir/crop/10:9-16:9/277k/276599/158402705/276599_81aUSJS_IMG_12_0000_max_476x317.jpeg"
"167971508","Staffordshire","Light Industrial","Unit 28A Zone 2, Multipark Burntwood, Burntwood","POA","","","","Multipark Burntwood, previously known as Burntwood Business Park, Zones 2 , 3 & 4 are within a large and popular business location in Staffordshire, totalling over 1 million sq.ft in size and with an onsite management team. ","https://www.rightmove.co.uk/properties/167971508#/?channel=COM_LET","2025-10-08T10:40:35Z","","new","Marketed by LCP, Commercial","","52.67676","-1.93806","https://media.rightmove.co.uk:443/dir/crop/10:9-16:9/230k/229553/167971508/229553_687673481ada61457b804dc1_2_229_IMG_04_0000_max_476x317.jpeg; https://media.rightmove.co.uk:443/dir/crop/10:9-16:9/230k/229553/167971508/229553_687673481ada61457b804dc1_2_229_IMG_05_0000_max_476x317.jpeg; https://media.rightmove.co.uk:443/dir/crop/10:9-16:9/230k/229553/167971508/229553_687673481ada61457b804dc1_2_229_IMG_00_0000_max_476x317.jpeg; https://media.rightmove.co.uk:443/dir/crop/10:9-16:9/230k/229553/167971508/229553_687673481ada61457b804dc1_2_229_IMG_03_0000_max_476x317.jpeg; https://media.rightmove.co.uk:443/dir/crop/10:9-16:9/230k/229553/167971508/229553_687673481ada61457b804dc1_2_229_IMG_02_0000_max_476x317.jpeg; https://media.rightmove.co.uk:443/dir/crop/10:9-16:9/230k/229553/167971508/229553_687673481ada61457b804dc1_2_229_IMG_01_0000_max_476x317.jpeg"
"67793264","Staffordshire","Serviced Office","Genesis Centre, North Staffs Business Park, Innovation Way, Stoke-On-Trent, ST6 4BF","£6,130 pcm","From","","","Serviced offices from 177 sq ft available now at Genesis Business Centre. Flexible terms, free parking, 24/7 access, visitor sign-in system in place.","https://www.rightmove.co.uk/properties/67793264#/?channel=COM_LET","2017-07-19T15:46:22Z","","size_change","Marketed by Northern Trust, Midlands","","53.06187","-2.22477","https://media.rightmove.co.uk:443/dir/crop/10:9-16:9/property-photo/703a23243/67793264/703a2324304653c5b89ff961f1df93cf_max_476x317.jpeg; https://media.rightmove.co.uk:443/dir/crop/10:9-16:9/property-photo/991aa179e/67793264/991aa179e86ded20802d4a1d37bea91e_max_476x317.jpeg; https://media.rightmove.co.uk:443/dir/crop/10:9-16:9/property-photo/57f2cd6d5/67793264/57f2cd6d569a679ad40246ae98c8e42f_max_476x317.jpeg; https://media.rightmove.co.uk:443/dir/crop/10:9-16:9/property-photo/a7c1c77d9/67793264/a7c1c77d9614a04fb9196f85c38cd480_max_476x317.jpeg; https://media.rightmove.co.uk:443/dir/crop/10:9-16:9/property-photo/fdd974516/67793264/fdd974516675858cb043a55233902670_max_476x317.jpeg; https://media.rightmove.co.uk:443/dir/crop/10:9-16:9/property-photo/7092b33ec/67793264/7092b33ecdf7a2bfa6629d5644e789cc_max_476x317.jpeg; https://media.rightmove.co.uk:443/dir/crop/10:9-16:9/property-photo/a71ae44ba/67793264/a71ae44badc45bb6f5b5781aa5d399ac_max_476x317.jpeg; https://media.rightmove.co.uk:443/dir/crop/10:9-16:9/property-photo/ba65412af/67793264/ba65412af6a50ecbc8bbd9874a0c4946_max_476x317.jpeg; https://media.rightmove.co.uk:443/dir/crop/10:9-16:9/property-photo/66613271b/67793264/66613271b1047d15143b166b9bd579fc_max_476x317.jpeg; https://media.rightmove.co.uk:443/dir/crop/10:9-16:9/property-photo/70bdfbbb6/67793264/70bdfbbb6c1f16f5419d97d00276984c_max_476x317.jpeg; https://media.rightmove.co.uk:443/dir/crop/10:9-16:9/property-photo/6fa5cecfa/67793264/6fa5cecfa466106048876a14b079c544_max_476x317.jpeg; https://media.rightmove.co.uk:443/dir/crop/10:9-16:9/property-photo/7e4202313/67793264/7e420231311ad4204c2836d535a2ffdc_max_476x317.jpeg; https://media.rightmove.co.uk:443/dir/crop/10:9-16:9/property-photo/197c3b54a/67793264/197c3b54a7d4e9addf20651d1eefaf02_max_476x317.jpeg; https://media.rightmove.co.uk:443/dir/crop/10:9-16:9/property-photo/142327782/67793264/14232778293ba3d4058ca7b67ff0eda9_max_476x317.jpeg; https://media.rightmove.co.uk:443/dir/crop/10:9-16:9/property-photo/cf5399466/67793264/cf5399466ce87696ee5342350ded86d7_max_476x317.jpeg; https://media.rightmove.co.uk:443/dir/crop/10:9-16:9/property-photo/288e3ccb8/67793264/288e3ccb867e6f00d9f9f802e94f7fd7_max_476x317.jpeg; https://media.rightmove.co.uk:443/dir/crop/10:9-16:9/property-photo/13207bea1/67793264/13207bea1cbb98f29de757df32aef15d_max_476x317.jpeg; https://media.rightmove.co.uk:443/dir/crop/10:9-16:9/property-photo/7654cf8eb/67793264/7654cf8ebb3667a149a26df6472d9009_max_476x317.jpeg; https://media.rightmove.co.uk:443/dir/crop/10:9-16:9/property-photo/8bcea70d8/67793264/8bcea70d8d66028925af4429fa3957fc_max_476x317.jpeg; https://media.rightmove.co.uk:443/dir/crop/10:9-16:9/property-photo/9e2830d6c/67793264/9e2830d6cf263615211be97411db1f5c_max_476x317.jpeg; https://media.rightmove.co.uk:443/dir/crop/10:9-16:9/property-photo/2952a82e6/67793264/2952a82e6db60b80b4f2c828aeb32e00_max_476x317.jpeg; https://media.rightmove.co.uk:443/dir/crop/10:9-16:9/property-photo/669dc2a3d/67793264/669dc2a3d4efe3cd66fa199bddf52d34_max_476x317.jpeg"
"158157428","Staffordshire","Office","The Stables, The Bradshaws (Offices), Holyhead Road, Codsall","£900 pcm","","","","Located within a private estate, The Stables have been converted to create a light and spacious office space. The stables offer 2,720 sqft of interconnected office space over ground and first floors with views over courtyard gardens. Facilities include a kitchen area, a secure document storage r...","https://www.rightmove.co.uk/properties/158157428#/?channel=COM_LET","2025-02-12T13:01:00Z","","price_reduced","Marketed by Bulleys Chartered Surveyors, Telford","","52.620117","-2.22582","https://media.rightmove.co.uk:443/dir/crop/10:9-16:9/282k/281315/158157428/281315_BTEL1773-LET_IMG_01_0003_max_476x317.jpeg; https://media.rightmove.co.uk:443/dir/crop/10:9-16:9/282k/281315/158157428/281315_BTEL1773-LET_IMG_02_0003_max_476x317.jpeg; https://media.rightmove.co.uk:443/dir/crop/10:9-16:9/282k/281315/158157428/281315_BTEL1773-LET_IMG_03_0003_max_476x317.jpeg; https://media.rightmove.co.uk:443/dir/crop/10:9-16:9/282k/281315/158157428/281315_BTEL1773-LET_IMG_04_0003_max_476x317.jpeg; https://media.rightmove.co.uk:443/dir/crop/10:9-16:9/282k/281315/158157428/281315_BTEL1773-LET_IMG_05_0003_max_476x317.jpeg; https://media.rightmove.co.uk:443/dir/crop/10:9-16:9/282k/281315/158157428/281315_BTEL1773-LET_IMG_00_0003_max_476x317.jpeg"
"164537408","Staffordshire","Serviced Office","Suite S27, Genesis Business Centre, North Staffs Business Park, Innovation Way, Stoke-On-Trent, ST6 4BF","POA","","","","211 sq ft second floor office for 3 at Genesis Business Centre. Fully serviced, flexible terms, free parking, visitor sign-in system now live.","https://www.rightmove.co.uk/properties/164537408#/?channel=COM_LET","2025-07-15T16:44:23Z","","new","Marketed by Northern Trust, Midlands","","53.06187","-2.22477","https://media.rightmove.co.uk:443/dir/crop/10:9-16:9/88k/87535/164537408/87535_Mids_06845_Genesis_SuiteS27_IMG_15_0000_max_476x317.jpeg; https://media.rightmove.co.uk:443/dir/crop/10:9-16:9/88k/87535/164537408/87535_Mids_06845_Genesis_SuiteS27_IMG_14_0000_max_476x317.jpeg; https://media.rightmove.co.uk:443/dir/crop/10:9-16:9/88k/87535/164537408/87535_Mids_06845_Genesis_SuiteS27_IMG_13_0000_max_476x317.jpeg; https://media.rightmove.co.uk:443/dir/crop/10:9-16:9/88k/87535/164537408/87535_Mids_06845_Genesis_SuiteS27_IMG_16_0000_max_476x317.jpeg; https://media.rightmove.co.uk:443/dir/crop/10:9-16:9/88k/87535/164537408/87535_Mids_06845_Genesis_SuiteS27_IMG_00_0000_max_476x317.jpeg; https://media.rightmove.co.uk:443/dir/crop/10:9-16:9/88k/87535/164537408/87535_Mids_06845_Genesis_SuiteS27_IMG_01_0000_max_476x317.jpeg; https://media.rightmove.co.uk:443/dir/crop/10:9-16:9/88k/87535/164537408/87535_Mids_06845_Genesis_SuiteS27_IMG_02_0000_max_476x317.jpeg; https://media.rightmove.co.uk:443/dir/crop/10:9-16:9/88k/87535/164537408/87535_Mids_06845_Genesis_SuiteS27_IMG_03_0000_max_476x317.jpeg; https://media.rightmove.co.uk:443/dir/crop/10:9-16:9/88k/87535/164537408/87535_Mids_06845_Genesis_SuiteS27_IMG_04_0000_max_476x317.jpeg; https://media.rightmove.co.uk:443/dir/crop/10:9-16:9/88k/87535/164537408/87535_Mids_06845_Genesis_SuiteS27_IMG_05_0000_max_476x317.jpeg; https://media.rightmove.co.uk:443/dir/crop/10:9-16:9/88k/87535/164537408/87535_Mids_06845_Genesis_SuiteS27_IMG_06_0000_max_476x317.jpeg; https://media.rightmove.co.uk:443/dir/crop/10:9-16:9/88k/87535/164537408/87535_Mids_06845_Genesis_SuiteS27_IMG_07_0000_max_476x317.jpeg; https://media.rightmove.co.uk:443/dir/crop/10:9-16:9/88k/87535/164537408/87535_Mids_06845_Genesis_SuiteS27_IMG_08_0000_max_476x317.jpeg; https://media.rightmove.co.uk:443/dir/crop/10:9-16:9/88k/87535/164537408/87535_Mids_06845_Genesis_SuiteS27_IMG_09_0000_max_476x317.jpeg; https://media.rightmove.co.uk:443/dir/crop/10:9-16:9/88k/87535/164537408/87535_Mids_06845_Genesis_SuiteS27_IMG_10_0000_max_476x317.jpeg; https://media.rightmove.co.uk:443/dir/crop/10:9-16:9/88k/87535/164537408/87535_Mids_06845_Genesis_SuiteS27_IMG_11_0000_max_476x317.jpeg; https://media.rightmove.co.uk:443/dir/crop/10:9-16:9/88k/87535/164537408/87535_Mids_06845_Genesis_SuiteS27_IMG_12_0000_max_476x317.jpeg"
"164536601","Staffordshire","Serviced Office","Suite S24, Genesis Business Centre, North Staffs Business Park, Innovation Way, Stoke-On-Trent, ST6 4BF","POA","","","","Spacious 405 sq ft office for 6 on 2nd floor at Genesis Business Centre. Fully serviced, flexible terms, free parking, ideal for growing teams.","https://www.rightmove.co.uk/properties/164536601#/?channel=COM_LET","2025-07-15T15:56:56Z","","new","Marketed by Northern Trust, Midlands","","53.06187","-2.22477","https://media.rightmove.co.uk:443/dir/crop/10:9-16:9/88k/87535/164536601/87535_Mids_06845_Genesis_SuiteS24_IMG_02_0000_max_476x317.jpeg; https://media.rightmove.co.uk:443/dir/crop/10:9-16:9/88k/87535/164536601/87535_Mids_06845_Genesis_SuiteS24_IMG_16_0000_max_476x317.jpeg; https://media.rightmove.co.uk:443/dir/crop/10:9-16:9/88k/87535/164536601/87535_Mids_06845_Genesis_SuiteS24_IMG_14_0000_max_476x317.jpeg; https://media.rightmove.co.uk:443/dir/crop/10:9-16:9/88k/87535/164536601/87535_Mids_06845_Genesis_SuiteS24_IMG_15_0000_max_476x317.jpeg; https://media.rightmove.co.uk:443/dir/crop/10:9-16:9/88k/87535/164536601/87535_Mids_06845_Genesis_SuiteS24_IMG_13_0000_max_476x317.jpeg; https://media.rightmove.co.uk:443/dir/crop/10:9-16:9/88k/87535/164536601/87535_Mids_06845_Genesis_SuiteS24_IMG_00_0000_max_476x317.jpeg; https://media.rightmove.co.uk:443/dir/crop/10:9-16:9/88k/87535/164536601/87535_Mids_06845_Genesis_SuiteS24_IMG_01_0000_max_476x317.jpeg; https://media.rightmove.co.uk:443/dir/crop/10:9-16:9/88k/87535/164536601/87535_Mids_06845_Genesis_SuiteS24_IMG_03_0000_max_476x317.jpeg; https://media.rightmove.co.uk:443/dir/crop/10:9-16:9/88k/87535/164536601/87535_Mids_06845_Genesis_SuiteS24_IMG_04_0000_max_476x317.jpeg; https://media.rightmove.co.uk:443/dir/crop/10:9-16:9/88k/87535/164536601/87535_Mids_06845_Genesis_SuiteS24_IMG_05_0000_max_476x317.jpeg; https://media.rightmove.co.uk:443/dir/crop/10:9-16:9/88k/87535/164536601/87535_Mids_06845_Genesis_SuiteS24_IMG_06_0000_max_476x317.jpeg; https://media.rightmove.co.uk:443/dir/crop/10:9-16:9/88k/87535/164536601/87535_Mids_06845_Genesis_SuiteS24_IMG_07_0000_max_476x317.jpeg; https://media.rightmove.co.uk:443/dir/crop/10:9-16:9/88k/87535/164536601/87535_Mids_06845_Genesis_SuiteS24_IMG_08_0000_max_476x317.jpeg; https://media.rightmove.co.uk:443/dir/crop/10:9-16:9/88k/87535/164536601/87535_Mids_06845_Genesis_SuiteS24_IMG_09_0000_max_476x317.jpeg; https://media.rightmove.co.uk:443/dir/crop/10:9-16:9/88k/87535/164536601/87535_Mids_06845_Genesis_SuiteS24_IMG_10_0000_max_476x317.jpeg; https://media.rightmove.co.uk:443/dir/crop/10:9-16:9/88k/87535/164536601/87535_Mids_06845_Genesis_SuiteS24_IMG_11_0000_max_476x317.jpeg; https://media.rightmove.co.uk:443/dir/crop/10:9-16:9/88k/87535/164536601/87535_Mids_06845_Genesis_SuiteS24_IMG_12_0000_max_476x317.jpeg"
"164535788","Staffordshire","Serviced Office","Suite G16, Genesis Business Centre, North Staffs Business Park, Innovation Way, Stoke-On-Trent, ST6 4BF","POA","","","","Modern 267 sq ft office for 3 at Genesis Business Centre. Fully serviced, flexible terms, free parking, 24/7 access - ideal for small businesses.","https://www.rightmove.co.uk/properties/164535788#/?channel=COM_LET","2025-07-15T15:49:10Z","","new","Marketed by Northern Trust, Midlands","","53.06187","-2.22477","https://media.rightmove.co.uk:443/dir/crop/10:9-16:9/property-photo/0cfb7d3ff/164535788/0cfb7d3ffbb5980095363fedc98d2218_max_476x317.jpeg; https://media.rightmove.co.uk:443/dir/crop/10:9-16:9/property-photo/03dd4edae/164535788/03dd4edaec18f5eb21846775975fed92_max_476x317.jpeg; https://media.rightmove.co.uk:443/dir/crop/10:9-16:9/property-photo/fdd974516/164535788/fdd974516675858cb043a55233902670_max_476x317.jpeg; https://media.rightmove.co.uk:443/dir/crop/10:9-16:9/property-photo/702835236/164535788/702835236987526dcb136a5f6620c8c0_max_476x317.jpeg; https://media.rightmove.co.uk:443/dir/crop/10:9-16:9/property-photo/ef5352d74/164535788/ef5352d74da41d550fa80819de624540_max_476x317.jpeg; https://media.rightmove.co.uk:443/dir/crop/10:9-16:9/property-photo/c0d1e8956/164535788/c0d1e895614175d0ab81b0d9cbb6644a_max_476x317.jpeg; https://media.rightmove.co.uk:443/dir/crop/10:9-16:9/property-photo/edf37cca7/164535788/edf37cca766638820fdb2664227fb6b6_max_476x317.jpeg; https://media.rightmove.co.uk:443/dir/crop/10:9-16:9/property-photo/d6a2314b4/164535788/d6a2314b4ffdf26745753614dd04f20b_max_476x317.jpeg; https://media.rightmove.co.uk:443/dir/crop/10:9-16:9/property-photo/25fa7217e/164535788/25fa7217e2fd9f73335800afc621f05d_max_476x317.jpeg; https://media.rightmove.co.uk:443/dir/crop/10:9-16:9/property-photo/dee996ecd/164535788/dee996ecdae79979ae363bfbbd2b9a09_max_476x317.jpeg; https://media.rightmove.co.uk:443/dir/crop/10:9-16:9/property-photo/a917ecbfa/164535788/a917ecbfacf5c8400ca07797697763cf_max_476x317.jpeg; https://media.rightmove.co.uk:443/dir/crop/10:9-16:9/property-photo/f6843cb0a/164535788/f6843cb0af03d13080fff16d2058c867_max_476x317.jpeg; https://media.rightmove.co.uk:443/dir/crop/10:9-16:9/property-photo/7d53b6bbd/164535788/7d53b6bbde777c198a1dab6cf652f49e_max_476x317.jpeg; https://media.rightmove.co.uk:443/dir/crop/10:9-16:9/property-photo/7164fee60/164535788/7164fee608b94e5dd3d7eb3b6721a96c_max_476x317.jpeg; https://media.rightmove.co.uk:443/dir/crop/10:9-16:9/property-photo/0d5e60d5c/164535788/0d5e60d5cc5e00b68fe606e64d9a95c9_max_476x317.jpeg; https://media.rightmove.co.uk:443/dir/crop/10:9-16:9/property-photo/243f05fb7/164535788/243f05fb7355a84a5987e21a8906d297_max_476x317.jpeg; https://media.rightmove.co.uk:443/dir/crop/10:9-16:9/property-photo/2b2debb79/164535788/2b2debb79a2959043bab7247d688d547_max_476x317.jpeg; https://media.rightmove.co.uk:443/dir/crop/10:9-16:9/property-photo/498fad1d0/164535788/498fad1d0b758dbeec17e0c311fcf676_max_476x317.jpeg"
"164534357","Staffordshire","Serviced Office","Suite G03, Genesis Business Centre, North Staffs Business Park, Innovation Way, Stoke-On-Trent, ST6 4BF","POA","","","","Modern 319 sq ft office for 4 at Genesis Business Centre. Fully serviced, flexible terms, free parking, 24/7 access, ideal for growing businesses.","https://www.rightmove.co.uk/properties/164534357#/?channel=COM_LET","2025-07-15T15:41:53Z","","new","Marketed by Northern Trust, Midlands","","53.06187","-2.22477","https://media.rightmove.co.uk:443/dir/crop/10:9-16:9/88k/87535/164534357/87535_Mids_06845_Genesis_SuiteG03_IMG_01_0000_max_476x317.jpeg; https://media.rightmove.co.uk:443/dir/crop/10:9-16:9/88k/87535/164534357/87535_Mids_06845_Genesis_SuiteG03_IMG_15_0000_max_476x317.jpeg; https://media.rightmove.co.uk:443/dir/crop/10:9-16:9/88k/87535/164534357/87535_Mids_06845_Genesis_SuiteG03_IMG_14_0000_max_476x317.jpeg; https://media.rightmove.co.uk:443/dir/crop/10:9-16:9/88k/87535/164534357/87535_Mids_06845_Genesis_SuiteG03_IMG_03_0000_max_476x317.jpeg; https://media.rightmove.co.uk:443/dir/crop/10:9-16:9/88k/87535/164534357/87535_Mids_06845_Genesis_SuiteG03_IMG_00_0000_max_476x317.jpeg; https://media.rightmove.co.uk:443/dir/crop/10:9-16:9/88k/87535/164534357/87535_Mids_06845_Genesis_SuiteG03_IMG_02_0000_max_476x317.jpeg; https://media.rightmove.co.uk:443/dir/crop/10:9-16:9/88k/87535/164534357/87535_Mids_06845_Genesis_SuiteG03_IMG_13_0000_max_476x317.jpeg; https://media.rightmove.co.uk:443/dir/crop/10:9-16:9/88k/87535/164534357/87535_Mids_06845_Genesis_SuiteG03_IMG_07_0000_max_476x317.jpeg; https://media.rightmove.co.uk:443/dir/crop/10:9-16:9/88k/87535/164534357/87535_Mids_06845_Genesis_SuiteG03_IMG_12_0000_max_476x317.jpeg; https://media.rightmove.co.uk:443/dir/crop/10:9-16:9/88k/87535/164534357/87535_Mids_06845_Genesis_SuiteG03_IMG_16_0000_max_476x317.jpeg; https://media.rightmove.co.uk:443/dir/crop/10:9-16:9/88k/87535/164534357/87535_Mids_06845_Genesis_SuiteG03_IMG_11_0000_max_476x317.jpeg; https://media.rightmove.co.uk:443/dir/crop/10:9-16:9/88k/87535/164534357/87535_Mids_06845_Genesis_SuiteG03_IMG_09_0000_max_476x317.jpeg; https://media.rightmove.co.uk:443/dir/crop/10:9-16:9/88k/87535/164534357/87535_Mids_06845_Genesis_SuiteG03_IMG_08_0000_max_476x317.jpeg; https://media.rightmove.co.uk:443/dir/crop/10:9-16:9/88k/87535/164534357/87535_Mids_06845_Genesis_SuiteG03_IMG_10_0000_max_476x317.jpeg; https://media.rightmove.co.uk:443/dir/crop/10:9-16:9/88k/87535/164534357/87535_Mids_06845_Genesis_SuiteG03_IMG_04_0000_max_476x317.jpeg; https://media.rightmove.co.uk:443/dir/crop/10:9-16:9/88k/87535/164534357/87535_Mids_06845_Genesis_SuiteG03_IMG_05_0000_max_476x317.jpeg; https://media.rightmove.co.uk:443/dir/crop/10:9-16:9/88k/87535/164534357/87535_Mids_06845_Genesis_SuiteG03_IMG_06_0000_max_476x317.jpeg"
"167971463","Staffordshire","Light Industrial","Unit 7A Zone 4, Multipark Burntwood, Burntwood","POA","","","","Multipark Burntwood, previously known as Burntwood Business Park, Zones 2 , 3 & 4 are within a large and popular business location in Staffordshire, totalling over 1 million sq.ft in size and with an onsite management team. ","https://www.rightmove.co.uk/properties/167971463#/?channel=COM_LET","2025-10-08T10:40:12Z","","new","Marketed by LCP, Commercial","","52.68058","-1.94331","https://media.rightmove.co.uk:443/dir/crop/10:9-16:9/230k/229553/167971463/229553_6659d61bab0736d0e3124744_2_229_IMG_06_0000_max_476x317.jpeg; https://media.rightmove.co.uk:443/dir/crop/10:9-16:9/230k/229553/167971463/229553_6659d61bab0736d0e3124744_2_229_IMG_01_0000_max_476x317.jpeg; https://media.rightmove.co.uk:443/dir/crop/10:9-16:9/230k/229553/167971463/229553_6659d61bab0736d0e3124744_2_229_IMG_02_0000_max_476x317.jpeg; https://media.rightmove.co.uk:443/dir/crop/10:9-16:9/230k/229553/167971463/229553_6659d61bab0736d0e3124744_2_229_IMG_07_0000_max_476x317.jpeg; https://media.rightmove.co.uk:443/dir/crop/10:9-16:9/230k/229553/167971463/229553_6659d61bab0736d0e3124744_2_229_IMG_00_0000_max_476x317.jpeg; https://media.rightmove.co.uk:443/dir/crop/10:9-16:9/230k/229553/167971463/229553_6659d61bab0736d0e3124744_2_229_IMG_05_0000_max_476x317.jpeg; https://media.rightmove.co.uk:443/dir/crop/10:9-16:9/230k/229553/167971463/229553_6659d61bab0736d0e3124744_2_229_IMG_04_0000_max_476x317.jpeg; https://media.rightmove.co.uk:443/dir/crop/10:9-16:9/230k/229553/167971463/229553_6659d61bab0736d0e3124744_2_229_IMG_03_0000_max_476x317.jpeg"
"157079534","Staffordshire","Storage","Endon Road, Norton, Stoke-on-Trent, Staffordshire, ST6 8NA","£120 pcm","From","","","Need extra space? Our 20ft containers are the ideal self-storage solution in Stoke-on-Trent! With dimensions of 20ft x 8ft x 8.6ft and 160sq ft, you can store everything from household items to business supplies securely. Find out more at by visiting the website ","https://www.rightmove.co.uk/properties/157079534#/?channel=COM_LET","2025-01-19T12:38:02Z","","price_reduced","Marketed by Daniel & Hulme, Leek","","53.063813","-2.157217","https://media.rightmove.co.uk:443/dir/crop/10:9-16:9/property-photo/9dc4181d4/157079534/9dc4181d4a3458d74115ec78c061b94a_max_476x317.jpeg; https://media.rightmove.co.uk:443/dir/crop/10:9-16:9/property-photo/c7e0e8e69/157079534/c7e0e8e699cdfd12d037e9cdb45baaa9_max_476x317.jpeg; https://media.rightmove.co.uk:443/dir/crop/10:9-16:9/property-photo/d0d26553e/157079534/d0d26553e561bdc558c5164de8cb70be_max_476x317.jpeg; https://media.rightmove.co.uk:443/dir/crop/10:9-16:9/property-photo/cda3a90cd/157079534/cda3a90cd0a61c8929b0fda2b3b68cca_max_476x317.jpeg; https://media.rightmove.co.uk:443/dir/crop/10:9-16:9/property-photo/a5a7344e2/157079534/a5a7344e2495a90b7dc1860c05d149ca_max_476x317.jpeg"
"164420663","Staffordshire","Retail Property (high street)","Church Street, Tamworth, Staffordshire, B79","£433 pcm","","","","Range of indoor market stalls ranging from £90 - £200 per week. Prime Location next door to New College Building and New Square . Available Immediately","https://www.rightmove.co.uk/properties/164420663#/?channel=COM_LET","2025-07-11T17:49:59Z","","new","Marketed by Aisha Realty Limited, Birmingham","","52.63354","-1.69455","https://media.rightmove.co.uk:443/dir/crop/10:9-16:9/279k/278555/164420663/278555_110720252_IMG_03_0000_max_476x317.jpeg; https://media.rightmove.co.uk:443/dir/crop/10:9-16:9/279k/278555/164420663/278555_110720252_IMG_09_0000_max_476x317.jpeg; https://media.rightmove.co.uk:443/dir/crop/10:9-16:9/279k/278555/164420663/278555_110720252_IMG_08_0000_max_476x317.jpeg; https://media.rightmove.co.uk:443/dir/crop/10:9-16:9/279k/278555/164420663/278555_110720252_IMG_07_0000_max_476x317.jpeg; https://media.rightmove.co.uk:443/dir/crop/10:9-16:9/279k/278555/164420663/278555_110720252_IMG_00_0000_max_476x317.jpeg; https://media.rightmove.co.uk:443/dir/crop/10:9-16:9/279k/278555/164420663/278555_110720252_IMG_01_0000_max_476x317.jpeg; https://media.rightmove.co.uk:443/dir/crop/10:9-16:9/279k/278555/164420663/278555_110720252_IMG_02_0000_max_476x317.jpeg; https://media.rightmove.co.uk:443/dir/crop/10:9-16:9/279k/278555/164420663/278555_110720252_IMG_04_0000_max_476x317.jpeg; https://media.rightmove.co.uk:443/dir/crop/10:9-16:9/279k/278555/164420663/278555_110720252_IMG_05_0000_max_476x317.jpeg; https://media.rightmove.co.uk:443/dir/crop/10:9-16:9/279k/278555/164420663/278555_110720252_IMG_06_0000_max_476x317.jpeg"
"87212520","Staffordshire","Serviced Office","WOMBOURNE VILLAGE CENTRE, Gravel Hill","£1,208 pcm","","","","**IMMEDIATE AVAILABILITY** Spacious Office Suite, formerly the Citizens Advice Bureau situated adjacent to the Civic Centre building in the heart of the village centre with ample communal parking facility provided close by. The suite is is located in a separate detached building save for the Coun...","https://www.rightmove.co.uk/properties/87212520#/?channel=COM_LET","2025-07-10T15:20:01Z","","new","Marketed by Bartlams Lettings Ltd, Tettenhall","","52.533554","-2.185642","https://media.rightmove.co.uk:443/dir/crop/10:9-16:9/251k/250415/87212520/250415_34027838_IMG_00_0000_max_476x317.jpeg; https://media.rightmove.co.uk:443/dir/crop/10:9-16:9/251k/250415/87212520/250415_34027838_IMG_01_0000_max_476x317.jpeg; https://media.rightmove.co.uk:443/dir/crop/10:9-16:9/251k/250415/87212520/250415_34027838_IMG_02_0000_max_476x317.jpeg; https://media.rightmove.co.uk:443/dir/crop/10:9-16:9/251k/250415/87212520/250415_34027838_IMG_03_0000_max_476x317.jpeg; https://media.rightmove.co.uk:443/dir/crop/10:9-16:9/251k/250415/87212520/250415_34027838_IMG_04_0000_max_476x317.jpeg; https://media.rightmove.co.uk:443/dir/crop/10:9-16:9/251k/250415/87212520/250415_34027838_IMG_05_0000_max_476x317.jpeg; https://media.rightmove.co.uk:443/dir/crop/10:9-16:9/251k/250415/87212520/250415_34027838_IMG_06_0000_max_476x317.jpeg; https://media.rightmove.co.uk:443/dir/crop/10:9-16:9/251k/250415/87212520/250415_34027838_IMG_07_0000_max_476x317.jpeg; https://media.rightmove.co.uk:443/dir/crop/10:9-16:9/251k/250415/87212520/250415_34027838_IMG_08_0000_max_476x317.jpeg; https://media.rightmove.co.uk:443/dir/crop/10:9-16:9/251k/250415/87212520/250415_34027838_IMG_09_0000_max_476x317.jpeg; https://media.rightmove.co.uk:443/dir/crop/10:9-16:9/251k/250415/87212520/250415_34027838_IMG_10_0000_max_476x317.jpeg; https://media.rightmove.co.uk:443/dir/crop/10:9-16:9/251k/250415/87212520/250415_34027838_IMG_11_0000_max_476x317.jpeg; https://media.rightmove.co.uk:443/dir/crop/10:9-16:9/251k/250415/87212520/250415_34027838_IMG_12_0000_max_476x317.jpeg"
"164349602","Staffordshire","Office","8 Bore Street, Lichfield, Staffordshire WS13 6LL","£771 pcm","","","","The office suite is situated on the second floor and provides cellular accommodation having the benefit of gas central heating and carpet floor coverings. The offices provide considerable character and quality which can be accessed via an impressive central hallway and staircase. The suite compri...","https://www.rightmove.co.uk/properties/164349602#/?channel=COM_LET","2025-07-09T11:45:04Z","","new","Marketed by Burley Browne, Sutton Coldfield","","52.682529","-1.828021","https://media.rightmove.co.uk:443/dir/crop/10:9-16:9/110k/109673/164349602/109673_8074LH_IMG_00_0000_max_476x317.jpeg; https://media.rightmove.co.uk:443/dir/crop/10:9-16:9/110k/109673/164349602/109673_8074LH_IMG_01_0000_max_476x317.jpeg; https://media.rightmove.co.uk:443/dir/crop/10:9-16:9/110k/109673/164349602/109673_8074LH_IMG_02_0000_max_476x317.jpeg"
"164335310","Staffordshire","Light Industrial","Parkhouse Industrial Estate West, Newcastle-under-Lyme, ST5 7RU","POA","","","","End terraced property is of steel portal frame construction, with brickwork and steel-clad elevations, and a pitched roof above.","https://www.rightmove.co.uk/properties/164335310#/?channel=COM_LET","2025-07-09T08:07:45Z","","new","Marketed by Mileway Real Estate UK Limited, Leeds","","53.0461","-2.2453","https://media.rightmove.co.uk:443/dir/crop/10:9-16:9/96k/95690/164335310/95690_3k4hKWzO8PbcmiWzhtJpLd_IMG_00_0000_max_476x317.jpeg; https://media.rightmove.co.uk:443/dir/crop/10:9-16:9/96k/95690/164335310/95690_3k4hKWzO8PbcmiWzhtJpLd_IMG_01_0000_max_476x317.jpeg; https://media.rightmove.co.uk:443/dir/crop/10:9-16:9/96k/95690/164335310/95690_3k4hKWzO8PbcmiWzhtJpLd_IMG_02_0000_max_476x317.jpeg"
"164285537","Staffordshire","Commercial Property","Far Lane  Industrial Estate, Froghall Road Ipstones","£1,083 pcm","","","","A good sized framed building, which has been completed to a high standard including insulated roof. Benefitting from excellent access and yard area. Open plan layout with painted concrete floor. Having roller shutter doors; lavatories; and three phase electric. Gross area approximately 19.144m x ...","https://www.rightmove.co.uk/properties/164285537#/?channel=COM_LET","2025-07-08T09:45:57Z","","new","Marketed by Graham Watkins, Leek","","53.04385","-1.97147","https://media.rightmove.co.uk:443/dir/crop/10:9-16:9/61k/60890/164285537/60890_33871674_IMG_00_0000_max_476x317.jpeg; https://media.rightmove.co.uk:443/dir/crop/10:9-16:9/61k/60890/164285537/60890_33871674_IMG_01_0000_max_476x317.jpeg; https://media.rightmove.co.uk:443/dir/crop/10:9-16:9/61k/60890/164285537/60890_33871674_IMG_02_0000_max_476x317.jpeg; https://media.rightmove.co.uk:443/dir/crop/10:9-16:9/61k/60890/164285537/60890_33871674_IMG_03_0000_max_476x317.jpeg"
"164263085","Staffordshire","Warehouse","L46, Indurent Park, Lichfield, London Road, Lichfield, WS14 9ER","POA","","","","Brand-new, high-quality 40,090 sq ft industrial unit available from October 2026.","https://www.rightmove.co.uk/properties/164263085#/?channel=COM_LET","2025-07-07T16:35:07Z","","size_change","Marketed by Savills, Birmingham Industrial","","52.665683","-1.81769","https://media.rightmove.co.uk:443/dir/crop/10:9-16:9/215k/214100/164263085/214100_300856-2_IMG_00_0000_max_476x317.jpeg; https://media.rightmove.co.uk:443/dir/crop/10:9-16:9/215k/214100/164263085/214100_300856-2_IMG_01_0000_max_476x317.jpeg; https://media.rightmove.co.uk:443/dir/crop/10:9-16:9/215k/214100/164263085/214100_300856-2_IMG_02_0000_max_476x317.jpeg; https://media.rightmove.co.uk:443/dir/crop/10:9-16:9/215k/214100/164263085/214100_300856-2_IMG_03_0000_max_476x317.jpeg; https://media.rightmove.co.uk:443/dir/crop/10:9-16:9/215k/214100/164263085/214100_300856-2_IMG_04_0000_max_476x317.jpeg; https://media.rightmove.co.uk:443/dir/crop/10:9-16:9/215k/214100/164263085/214100_300856-2_IMG_05_0000_max_476x317.jpeg; https://media.rightmove.co.uk:443/dir/crop/10:9-16:9/215k/214100/164263085/214100_300856-2_IMG_06_0000_max_476x317.jpeg"
"168437756","Staffordshire","Warehouse","Unit B59 Indurent Park Burton, A38 Lichfield Road, Burton upon Trent, DE13 8ED","POA","","","","New Industrial / Warehouse Unit of 59,439 Sq Ft - Available Now","https://www.rightmove.co.uk/properties/168437756#/?channel=COM_LET","2025-10-21T14:12:49Z","","new","Marketed by Savills, Birmingham Industrial","","52.772346","-1.685175","https://media.rightmove.co.uk:443/dir/crop/10:9-16:9/215k/214100/168437756/214100_305193-2_IMG_00_0000_max_476x317.jpeg; https://media.rightmove.co.uk:443/dir/crop/10:9-16:9/215k/214100/168437756/214100_305193-2_IMG_01_0000_max_476x317.jpeg; https://media.rightmove.co.uk:443/dir/crop/10:9-16:9/215k/214100/168437756/214100_305193-2_IMG_10_0000_max_476x317.jpeg; https://media.rightmove.co.uk:443/dir/crop/10:9-16:9/215k/214100/168437756/214100_305193-2_IMG_11_0000_max_476x317.jpeg; https://media.rightmove.co.uk:443/dir/crop/10:9-16:9/215k/214100/168437756/214100_305193-2_IMG_12_0000_max_476x317.jpeg; https://media.rightmove.co.uk:443/dir/crop/10:9-16:9/215k/214100/168437756/214100_305193-2_IMG_13_0000_max_476x317.jpeg; https://media.rightmove.co.uk:443/dir/crop/10:9-16:9/215k/214100/168437756/214100_305193-2_IMG_06_0000_max_476x317.jpeg; https://media.rightmove.co.uk:443/dir/crop/10:9-16:9/215k/214100/168437756/214100_305193-2_IMG_14_0000_max_476x317.jpeg; https://media.rightmove.co.uk:443/dir/crop/10:9-16:9/215k/214100/168437756/214100_305193-2_IMG_15_0000_max_476x317.jpeg; https://media.rightmove.co.uk:443/dir/crop/10:9-16:9/215k/214100/168437756/214100_305193-2_IMG_09_0000_max_476x317.jpeg"
"164252810","Staffordshire","Storage","Unit B38 Indurent Park Burton, A38 Lichfield Road, Burton upon Trent, DE13 8ED","POA","","","","New Industrial / Warehouse Unit of 38,360 Sq Ft - Available Now","https://www.rightmove.co.uk/properties/164252810#/?channel=COM_LET","2025-07-07T14:23:00Z","","new","Marketed by Savills, Birmingham Industrial","","52.814028","-1.637136","https://media.rightmove.co.uk:443/dir/crop/10:9-16:9/215k/214100/164252810/214100_305191-2_IMG_00_0000_max_476x317.jpeg; https://media.rightmove.co.uk:443/dir/crop/10:9-16:9/215k/214100/164252810/214100_305191-2_IMG_01_0000_max_476x317.jpeg; https://media.rightmove.co.uk:443/dir/crop/10:9-16:9/215k/214100/164252810/214100_305191-2_IMG_02_0000_max_476x317.jpeg; https://media.rightmove.co.uk:443/dir/crop/10:9-16:9/215k/214100/164252810/214100_305191-2_IMG_03_0000_max_476x317.jpeg; https://media.rightmove.co.uk:443/dir/crop/10:9-16:9/215k/214100/164252810/214100_305191-2_IMG_04_0000_max_476x317.jpeg; https://media.rightmove.co.uk:443/dir/crop/10:9-16:9/215k/214100/164252810/214100_305191-2_IMG_05_0000_max_476x317.jpeg; https://media.rightmove.co.uk:443/dir/crop/10:9-16:9/215k/214100/164252810/214100_305191-2_IMG_06_0000_max_476x317.jpeg; https://media.rightmove.co.uk:443/dir/crop/10:9-16:9/215k/214100/164252810/214100_305191-2_IMG_07_0000_max_476x317.jpeg; https://media.rightmove.co.uk:443/dir/crop/10:9-16:9/215k/214100/164252810/214100_305191-2_IMG_08_0000_max_476x317.jpeg"
"164252702","Staffordshire","Warehouse","Unit B42 Indurent Park Burton, A38 Lichfield Road, Burton upon Trent, DE13 8ED","POA","","","","New Industrial / Warehouse Unit of 41,915 Sq Ft - Available Now","https://www.rightmove.co.uk/properties/164252702#/?channel=COM_LET","2025-07-07T14:21:35Z","","new","Marketed by Savills, Birmingham Industrial","","52.772346","-1.685175","https://media.rightmove.co.uk:443/dir/crop/10:9-16:9/215k/214100/164252702/214100_305192-2_IMG_00_0000_max_476x317.jpeg; https://media.rightmove.co.uk:443/dir/crop/10:9-16:9/215k/214100/164252702/214100_305192-2_IMG_01_0000_max_476x317.jpeg; https://media.rightmove.co.uk:443/dir/crop/10:9-16:9/215k/214100/164252702/214100_305192-2_IMG_02_0000_max_476x317.jpeg; https://media.rightmove.co.uk:443/dir/crop/10:9-16:9/215k/214100/164252702/214100_305192-2_IMG_03_0000_max_476x317.jpeg; https://media.rightmove.co.uk:443/dir/crop/10:9-16:9/215k/214100/164252702/214100_305192-2_IMG_04_0000_max_476x317.jpeg; https://media.rightmove.co.uk:443/dir/crop/10:9-16:9/215k/214100/164252702/214100_305192-2_IMG_05_0000_max_476x317.jpeg; https://media.rightmove.co.uk:443/dir/crop/10:9-16:9/215k/214100/164252702/214100_305192-2_IMG_06_0000_max_476x317.jpeg; https://media.rightmove.co.uk:443/dir/crop/10:9-16:9/215k/214100/164252702/214100_305192-2_IMG_07_0000_max_476x317.jpeg; https://media.rightmove.co.uk:443/dir/crop/10:9-16:9/215k/214100/164252702/214100_305192-2_IMG_08_0000_max_476x317.jpeg"
"164252513","Staffordshire","Warehouse","Unit B81 Indurent Park Burton, A38 Lichfield Road, Burton upon Trent, DE13 8ED","POA","","","","New Industrial / Warehouse Unit of 80,846 Sq Ft - Available Now","https://www.rightmove.co.uk/properties/164252513#/?channel=COM_LET","2025-07-07T14:19:30Z","","new","Marketed by Savills, Birmingham Industrial","","52.772346","-1.685175","https://media.rightmove.co.uk:443/dir/crop/10:9-16:9/215k/214100/164252513/214100_305194-2_IMG_00_0000_max_476x317.jpeg; https://media.rightmove.co.uk:443/dir/crop/10:9-16:9/215k/214100/164252513/214100_305194-2_IMG_01_0000_max_476x317.jpeg; https://media.rightmove.co.uk:443/dir/crop/10:9-16:9/215k/214100/164252513/214100_305194-2_IMG_02_0000_max_476x317.jpeg; https://media.rightmove.co.uk:443/dir/crop/10:9-16:9/215k/214100/164252513/214100_305194-2_IMG_03_0000_max_476x317.jpeg; https://media.rightmove.co.uk:443/dir/crop/10:9-16:9/215k/214100/164252513/214100_305194-2_IMG_04_0000_max_476x317.jpeg; https://media.rightmove.co.uk:443/dir/crop/10:9-16:9/215k/214100/164252513/214100_305194-2_IMG_05_0000_max_476x317.jpeg; https://media.rightmove.co.uk:443/dir/crop/10:9-16:9/215k/214100/164252513/214100_305194-2_IMG_06_0000_max_476x317.jpeg; https://media.rightmove.co.uk:443/dir/crop/10:9-16:9/215k/214100/164252513/214100_305194-2_IMG_07_0000_max_476x317.jpeg"
"164135336","Staffordshire","Retail Property (Shopping Centre)","Unit 8B Anders Square, WV6","POA","","","","Unit 8B provides open plan retail area & WC's and storage to the rear.The premises immediately face the pedestrianised area with a return frontage.Unit 8B is located on Anders Square Shopping Centre & is located amongst other retail users including Sainsbury's Supermarket & Wrottesley Arms pub.","https://www.rightmove.co.uk/properties/164135336#/?channel=COM_LET","2025-07-03T16:55:19Z","","new","Marketed by First City Limited, Wolverhampton","","52.59474","-2.20309","https://media.rightmove.co.uk:443/dir/crop/10:9-16:9/106k/105019/164135336/105019_5458_IMG_00_0000_max_476x317.jpeg"
"163932233","Staffordshire","Office","Centrum Point, Third Avenue, Centrum One Hundred, Burton-on-Trent","POA","","","","Modern office/training/conference/showroom space from 5,934-13,129 sq ft available to let. Includes approx. 50 car parking spaces. High-spec fit-out with gym potential. Rent from £64,977 to £143,750 per annum, exclusive of outgoings. Flexible terms available.","https://www.rightmove.co.uk/properties/163932233#/?channel=COM_LET","2025-06-29T01:11:03Z","","new","Marketed by Just Move Estate Agents & Lettings, Great Barr","","52.7988","-1.66545","https://media.rightmove.co.uk:443/dir/crop/10:9-16:9/108k/107051/163932233/107051_CL0061_IMG_00_0000_max_476x317.jpeg; https://media.rightmove.co.uk:443/dir/crop/10:9-16:9/108k/107051/163932233/107051_CL0061_IMG_01_0000_max_476x317.jpeg; https://media.rightmove.co.uk:443/dir/crop/10:9-16:9/108k/107051/163932233/107051_CL0061_IMG_02_0000_max_476x317.jpeg; https://media.rightmove.co.uk:443/dir/crop/10:9-16:9/108k/107051/163932233/107051_CL0061_IMG_04_0000_max_476x317.jpeg; https://media.rightmove.co.uk:443/dir/crop/10:9-16:9/108k/107051/163932233/107051_CL0061_IMG_05_0000_max_476x317.jpeg; https://media.rightmove.co.uk:443/dir/crop/10:9-16:9/108k/107051/163932233/107051_CL0061_IMG_07_0000_max_476x317.jpeg; https://media.rightmove.co.uk:443/dir/crop/10:9-16:9/108k/107051/163932233/107051_CL0061_IMG_10_0000_max_476x317.jpeg; https://media.rightmove.co.uk:443/dir/crop/10:9-16:9/108k/107051/163932233/107051_CL0061_IMG_11_0000_max_476x317.jpeg; https://media.rightmove.co.uk:443/dir/crop/10:9-16:9/108k/107051/163932233/107051_CL0061_IMG_12_0000_max_476x317.jpeg; https://media.rightmove.co.uk:443/dir/crop/10:9-16:9/108k/107051/163932233/107051_CL0061_IMG_13_0000_max_476x317.jpeg; https://media.rightmove.co.uk:443/dir/crop/10:9-16:9/108k/107051/163932233/107051_CL0061_IMG_15_0000_max_476x317.jpeg; https://media.rightmove.co.uk:443/dir/crop/10:9-16:9/108k/107051/163932233/107051_CL0061_IMG_18_0000_max_476x317.jpeg; https://media.rightmove.co.uk:443/dir/crop/10:9-16:9/108k/107051/163932233/107051_CL0061_IMG_20_0000_max_476x317.jpeg; https://media.rightmove.co.uk:443/dir/crop/10:9-16:9/108k/107051/163932233/107051_CL0061_IMG_21_0000_max_476x317.jpeg; https://media.rightmove.co.uk:443/dir/crop/10:9-16:9/108k/107051/163932233/107051_CL0061_IMG_24_0000_max_476x317.jpeg; https://media.rightmove.co.uk:443/dir/crop/10:9-16:9/108k/107051/163932233/107051_CL0061_IMG_25_0000_max_476x317.jpeg; https://media.rightmove.co.uk:443/dir/crop/10:9-16:9/108k/107051/163932233/107051_CL0061_IMG_26_0000_max_476x317.jpeg; https://media.rightmove.co.uk:443/dir/crop/10:9-16:9/108k/107051/163932233/107051_CL0061_IMG_27_0000_max_476x317.jpeg; https://media.rightmove.co.uk:443/dir/crop/10:9-16:9/108k/107051/163932233/107051_CL0061_IMG_28_0000_max_476x317.jpeg; https://media.rightmove.co.uk:443/dir/crop/10:9-16:9/108k/107051/163932233/107051_CL0061_IMG_29_0000_max_476x317.jpeg; https://media.rightmove.co.uk:443/dir/crop/10:9-16:9/108k/107051/163932233/107051_CL0061_IMG_30_0000_max_476x317.jpeg; https://media.rightmove.co.uk:443/dir/crop/10:9-16:9/108k/107051/163932233/107051_CL0061_IMG_32_0000_max_476x317.jpeg; https://media.rightmove.co.uk:443/dir/crop/10:9-16:9/108k/107051/163932233/107051_CL0061_IMG_33_0000_max_476x317.jpeg; https://media.rightmove.co.uk:443/dir/crop/10:9-16:9/108k/107051/163932233/107051_CL0061_IMG_35_0000_max_476x317.jpeg; https://media.rightmove.co.uk:443/dir/crop/10:9-16:9/108k/107051/163932233/107051_CL0061_IMG_37_0000_max_476x317.jpeg; https://media.rightmove.co.uk:443/dir/crop/10:9-16:9/108k/107051/163932233/107051_CL0061_IMG_40_0000_max_476x317.jpeg; https://media.rightmove.co.uk:443/dir/crop/10:9-16:9/108k/107051/163932233/107051_CL0061_IMG_44_0000_max_476x317.jpeg; https://media.rightmove.co.uk:443/dir/crop/10:9-16:9/108k/107051/163932233/107051_CL0061_IMG_45_0000_max_476x317.jpeg; https://media.rightmove.co.uk:443/dir/crop/10:9-16:9/108k/107051/163932233/107051_CL0061_IMG_48_0000_max_476x317.jpeg; https://media.rightmove.co.uk:443/dir/crop/10:9-16:9/108k/107051/163932233/107051_CL0061_IMG_49_0000_max_476x317.jpeg; https://media.rightmove.co.uk:443/dir/crop/10:9-16:9/108k/107051/163932233/107051_CL0061_IMG_50_0000_max_476x317.jpeg; https://media.rightmove.co.uk:443/dir/crop/10:9-16:9/108k/107051/163932233/107051_CL0061_IMG_51_0000_max_476x317.jpeg; https://media.rightmove.co.uk:443/dir/crop/10:9-16:9/108k/107051/163932233/107051_CL0061_IMG_52_0000_max_476x317.jpeg"
"166031300","Staffordshire","Commercial Property","69 Stafford St, Hanley, Stoke-on-Trent ST1 1LW","£3,467 pcm","","","1","Spacious 2,281 sqft commercial unit in prime Stafford Street, Stoke-on-Trent. Modern open-plan layout, large glass frontage & high footfall. Ideal for retail, restaurants, salons, offices or other commercial use. Rent £800","https://www.rightmove.co.uk/properties/166031300#/?channel=COM_LET","2025-08-20T20:13:05Z","","size_change","Marketed by Bluefin Management Ltd, Skelmersdale","","53.02628","-2.17693","https://media.rightmove.co.uk:443/dir/crop/10:9-16:9/277k/276872/166031300/276872_SOT12-3500-800_IMG_00_0000_max_476x317.jpeg; https://media.rightmove.co.uk:443/dir/crop/10:9-16:9/277k/276872/166031300/276872_SOT12-3500-800_IMG_01_0000_max_476x317.png; https://media.rightmove.co.uk:443/dir/crop/10:9-16:9/277k/276872/166031300/276872_SOT12-3500-800_IMG_02_0000_max_476x317.png; https://media.rightmove.co.uk:443/dir/crop/10:9-16:9/277k/276872/166031300/276872_SOT12-3500-800_IMG_03_0000_max_476x317.png; https://media.rightmove.co.uk:443/dir/crop/10:9-16:9/277k/276872/166031300/276872_SOT12-3500-800_IMG_04_0000_max_476x317.png; https://media.rightmove.co.uk:443/dir/crop/10:9-16:9/277k/276872/166031300/276872_SOT12-3500-800_IMG_05_0000_max_476x317.png; https://media.rightmove.co.uk:443/dir/crop/10:9-16:9/277k/276872/166031300/276872_SOT12-3500-800_IMG_06_0000_max_476x317.png; https://media.rightmove.co.uk:443/dir/crop/10:9-16:9/277k/276872/166031300/276872_SOT12-3500-800_IMG_07_0000_max_476x317.png"
"163910000","Staffordshire","Shop","69-71 Stafford Street, Stoke-On-Trent, Staffordshire, ST1","£800 pcm","","","","Prime 2,281 sq.ft retail unit to let at 69-71 Stafford Street, Hanley, Stoke on Trent, ST1 1LW. Ideal for retail, health & beauty, or food businesses (subject to planning). Features high footfall, wide frontage, and excellent transport links. ","https://www.rightmove.co.uk/properties/163910000#/?channel=COM_LET","2025-06-27T21:03:33Z","","size_change","Marketed by Bluefin Management Ltd, Skelmersdale","","53.02654","-2.1768","https://media.rightmove.co.uk:443/dir/crop/10:9-16:9/277k/276872/163910000/276872_69-71StaffordStreetUnit1-2_IMG_15_0000_max_476x317.png; https://media.rightmove.co.uk:443/dir/crop/10:9-16:9/277k/276872/163910000/276872_69-71StaffordStreetUnit1-2_IMG_00_0000_max_476x317.jpeg; https://media.rightmove.co.uk:443/dir/crop/10:9-16:9/277k/276872/163910000/276872_69-71StaffordStreetUnit1-2_IMG_01_0001_max_476x317.png; https://media.rightmove.co.uk:443/dir/crop/10:9-16:9/277k/276872/163910000/276872_69-71StaffordStreetUnit1-2_IMG_02_0001_max_476x317.jpeg; https://media.rightmove.co.uk:443/dir/crop/10:9-16:9/277k/276872/163910000/276872_69-71StaffordStreetUnit1-2_IMG_03_0001_max_476x317.png; https://media.rightmove.co.uk:443/dir/crop/10:9-16:9/277k/276872/163910000/276872_69-71StaffordStreetUnit1-2_IMG_04_0001_max_476x317.png; https://media.rightmove.co.uk:443/dir/crop/10:9-16:9/277k/276872/163910000/276872_69-71StaffordStreetUnit1-2_IMG_05_0000_max_476x317.png; https://media.rightmove.co.uk:443/dir/crop/10:9-16:9/277k/276872/163910000/276872_69-71StaffordStreetUnit1-2_IMG_06_0000_max_476x317.png; https://media.rightmove.co.uk:443/dir/crop/10:9-16:9/277k/276872/163910000/276872_69-71StaffordStreetUnit1-2_IMG_07_0000_max_476x317.png; https://media.rightmove.co.uk:443/dir/crop/10:9-16:9/277k/276872/163910000/276872_69-71StaffordStreetUnit1-2_IMG_08_0000_max_476x317.png; https://media.rightmove.co.uk:443/dir/crop/10:9-16:9/277k/276872/163910000/276872_69-71StaffordStreetUnit1-2_IMG_09_0000_max_476x317.png; https://media.rightmove.co.uk:443/dir/crop/10:9-16:9/277k/276872/163910000/276872_69-71StaffordStreetUnit1-2_IMG_10_0000_max_476x317.png; https://media.rightmove.co.uk:443/dir/crop/10:9-16:9/277k/276872/163910000/276872_69-71StaffordStreetUnit1-2_IMG_11_0000_max_476x317.png; https://media.rightmove.co.uk:443/dir/crop/10:9-16:9/277k/276872/163910000/276872_69-71StaffordStreetUnit1-2_IMG_12_0000_max_476x317.png; https://media.rightmove.co.uk:443/dir/crop/10:9-16:9/277k/276872/163910000/276872_69-71StaffordStreetUnit1-2_IMG_13_0000_max_476x317.png; https://media.rightmove.co.uk:443/dir/crop/10:9-16:9/277k/276872/163910000/276872_69-71StaffordStreetUnit1-2_IMG_14_0000_max_476x317.png; https://media.rightmove.co.uk:443/dir/crop/10:9-16:9/277k/276872/163910000/276872_69-71StaffordStreetUnit1-2_IMG_16_0000_max_476x317.png"
"163909631","Staffordshire","Shop","Stafford Street, Stoke-On-Trent, Staffordshire, ST1","£1,257 pcm","","","","Prime 668 sqft retail unit to let at 69-71 Stafford Street, Hanley, Stoke on Trent, ST1 1LW. Ideal for retail, health & beauty, or food businesses (subject to planning). Features high footfall, wide frontage, and excellent transport links. ","https://www.rightmove.co.uk/properties/163909631#/?channel=COM_LET","2025-06-27T20:46:24Z","","size_change","Marketed by Bluefin Management Ltd, Skelmersdale","","53.02654","-2.17683","https://media.rightmove.co.uk:443/dir/crop/10:9-16:9/277k/276872/163909631/276872_69-71StaffordStreetUnit2_62m2_IMG_05_0000_max_476x317.png; https://media.rightmove.co.uk:443/dir/crop/10:9-16:9/277k/276872/163909631/276872_69-71StaffordStreetUnit2_62m2_IMG_06_0000_max_476x317.png; https://media.rightmove.co.uk:443/dir/crop/10:9-16:9/277k/276872/163909631/276872_69-71StaffordStreetUnit2_62m2_IMG_07_0000_max_476x317.png; https://media.rightmove.co.uk:443/dir/crop/10:9-16:9/277k/276872/163909631/276872_69-71StaffordStreetUnit2_62m2_IMG_08_0000_max_476x317.png; https://media.rightmove.co.uk:443/dir/crop/10:9-16:9/277k/276872/163909631/276872_69-71StaffordStreetUnit2_62m2_IMG_09_0000_max_476x317.png; https://media.rightmove.co.uk:443/dir/crop/10:9-16:9/277k/276872/163909631/276872_69-71StaffordStreetUnit2_62m2_IMG_10_0000_max_476x317.png; https://media.rightmove.co.uk:443/dir/crop/10:9-16:9/277k/276872/163909631/276872_69-71StaffordStreetUnit2_62m2_IMG_11_0000_max_476x317.png; https://media.rightmove.co.uk:443/dir/crop/10:9-16:9/277k/276872/163909631/276872_69-71StaffordStreetUnit2_62m2_IMG_12_0000_max_476x317.png; https://media.rightmove.co.uk:443/dir/crop/10:9-16:9/277k/276872/163909631/276872_69-71StaffordStreetUnit2_62m2_IMG_13_0000_max_476x317.png; https://media.rightmove.co.uk:443/dir/crop/10:9-16:9/277k/276872/163909631/276872_69-71StaffordStreetUnit2_62m2_IMG_14_0000_max_476x317.png; https://media.rightmove.co.uk:443/dir/crop/10:9-16:9/277k/276872/163909631/276872_69-71StaffordStreetUnit2_62m2_IMG_15_0000_max_476x317.png; https://media.rightmove.co.uk:443/dir/crop/10:9-16:9/277k/276872/163909631/276872_69-71StaffordStreetUnit2_62m2_IMG_16_0000_max_476x317.png; https://media.rightmove.co.uk:443/dir/crop/10:9-16:9/277k/276872/163909631/276872_69-71StaffordStreetUnit2_62m2_IMG_17_0000_max_476x317.png; https://media.rightmove.co.uk:443/dir/crop/10:9-16:9/277k/276872/163909631/276872_69-71StaffordStreetUnit2_62m2_IMG_18_0000_max_476x317.png; https://media.rightmove.co.uk:443/dir/crop/10:9-16:9/277k/276872/163909631/276872_69-71StaffordStreetUnit2_62m2_IMG_19_0000_max_476x317.png; https://media.rightmove.co.uk:443/dir/crop/10:9-16:9/277k/276872/163909631/276872_69-71StaffordStreetUnit2_62m2_IMG_20_0000_max_476x317.png"
"163908869","Staffordshire","Shop","Stafford Street, Stoke-On-Trent, Staffordshire, ST1","£2,500 pcm","","","","Spacious 150m² ground floor retail unit at 69-71 Stafford Street, Hanley, Stoke-on-Trent, ST1 1LW. Ideal for shops, restaurants, salons. High footfall, large display frontage, flexible lease terms. Prime commercial location ready for immediate use.","https://www.rightmove.co.uk/properties/163908869#/?channel=COM_LET","2025-06-27T20:30:48Z","","new","Marketed by Bluefin Management Ltd, Skelmersdale","","53.02652","-2.17669","https://media.rightmove.co.uk:443/dir/crop/10:9-16:9/277k/276872/163908869/276872_69-71StaffordStreetUnit1_150m2_IMG_11_0000_max_476x317.png; https://media.rightmove.co.uk:443/dir/crop/10:9-16:9/277k/276872/163908869/276872_69-71StaffordStreetUnit1_150m2_IMG_01_0000_max_476x317.jpeg; https://media.rightmove.co.uk:443/dir/crop/10:9-16:9/277k/276872/163908869/276872_69-71StaffordStreetUnit1_150m2_IMG_04_0000_max_476x317.png; https://media.rightmove.co.uk:443/dir/crop/10:9-16:9/277k/276872/163908869/276872_69-71StaffordStreetUnit1_150m2_IMG_05_0000_max_476x317.png; https://media.rightmove.co.uk:443/dir/crop/10:9-16:9/277k/276872/163908869/276872_69-71StaffordStreetUnit1_150m2_IMG_06_0000_max_476x317.jpeg; https://media.rightmove.co.uk:443/dir/crop/10:9-16:9/277k/276872/163908869/276872_69-71StaffordStreetUnit1_150m2_IMG_07_0000_max_476x317.png; https://media.rightmove.co.uk:443/dir/crop/10:9-16:9/277k/276872/163908869/276872_69-71StaffordStreetUnit1_150m2_IMG_08_0000_max_476x317.png; https://media.rightmove.co.uk:443/dir/crop/10:9-16:9/277k/276872/163908869/276872_69-71StaffordStreetUnit1_150m2_IMG_09_0000_max_476x317.png; https://media.rightmove.co.uk:443/dir/crop/10:9-16:9/277k/276872/163908869/276872_69-71StaffordStreetUnit1_150m2_IMG_10_0000_max_476x317.png; https://media.rightmove.co.uk:443/dir/crop/10:9-16:9/277k/276872/163908869/276872_69-71StaffordStreetUnit1_150m2_IMG_12_0000_max_476x317.png; https://media.rightmove.co.uk:443/dir/crop/10:9-16:9/277k/276872/163908869/276872_69-71StaffordStreetUnit1_150m2_IMG_13_0000_max_476x317.png; https://media.rightmove.co.uk:443/dir/crop/10:9-16:9/277k/276872/163908869/276872_69-71StaffordStreetUnit1_150m2_IMG_14_0000_max_476x317.png; https://media.rightmove.co.uk:443/dir/crop/10:9-16:9/277k/276872/163908869/276872_69-71StaffordStreetUnit1_150m2_IMG_15_0000_max_476x317.png; https://media.rightmove.co.uk:443/dir/crop/10:9-16:9/277k/276872/163908869/276872_69-71StaffordStreetUnit1_150m2_IMG_16_0000_max_476x317.png; https://media.rightmove.co.uk:443/dir/crop/10:9-16:9/277k/276872/163908869/276872_69-71StaffordStreetUnit1_150m2_IMG_17_0000_max_476x317.png; https://media.rightmove.co.uk:443/dir/crop/10:9-16:9/277k/276872/163908869/276872_69-71StaffordStreetUnit1_150m2_IMG_18_0000_max_476x317.png; https://media.rightmove.co.uk:443/dir/crop/10:9-16:9/277k/276872/163908869/276872_69-71StaffordStreetUnit1_150m2_IMG_19_0000_max_476x317.png; https://media.rightmove.co.uk:443/dir/crop/10:9-16:9/277k/276872/163908869/276872_69-71StaffordStreetUnit1_150m2_IMG_20_0000_max_476x317.png"
"163900916","Staffordshire","Storage","L64, Indurent Park, Lichfield, London Road, Lichfield, WS14 9ER","POA","","","","Brand-new, 63,518 sq ft high-quality industrial unit available from October 2026.","https://www.rightmove.co.uk/properties/163900916#/?channel=COM_LET","2025-06-27T16:57:40Z","","size_change","Marketed by Savills, Birmingham Industrial","","52.665683","-1.81769","https://media.rightmove.co.uk:443/dir/crop/10:9-16:9/215k/214100/163900916/214100_300870-2_IMG_00_0000_max_476x317.jpeg; https://media.rightmove.co.uk:443/dir/crop/10:9-16:9/215k/214100/163900916/214100_300870-2_IMG_01_0000_max_476x317.jpeg; https://media.rightmove.co.uk:443/dir/crop/10:9-16:9/215k/214100/163900916/214100_300870-2_IMG_02_0000_max_476x317.jpeg; https://media.rightmove.co.uk:443/dir/crop/10:9-16:9/215k/214100/163900916/214100_300870-2_IMG_03_0000_max_476x317.jpeg; https://media.rightmove.co.uk:443/dir/crop/10:9-16:9/215k/214100/163900916/214100_300870-2_IMG_04_0000_max_476x317.jpeg; https://media.rightmove.co.uk:443/dir/crop/10:9-16:9/215k/214100/163900916/214100_300870-2_IMG_05_0000_max_476x317.jpeg; https://media.rightmove.co.uk:443/dir/crop/10:9-16:9/215k/214100/163900916/214100_300870-2_IMG_06_0000_max_476x317.jpeg"
"163900832","Staffordshire","Warehouse","Indurent Park Lichfield, London Road, Lichfield, WS14 9ER","POA","","","","3 brand-new, high-quality logistics and industrial development located with direct access to the A38, available from October 2026.","https://www.rightmove.co.uk/properties/163900832#/?channel=COM_LET","2025-06-27T16:56:46Z","","new","Marketed by Savills, Birmingham Industrial","","52.665683","-1.81769","https://media.rightmove.co.uk:443/dir/crop/10:9-16:9/215k/214100/163900832/214100_300693-2_IMG_07_0000_max_476x317.jpeg; https://media.rightmove.co.uk:443/dir/crop/10:9-16:9/215k/214100/163900832/214100_300693-2_IMG_08_0000_max_476x317.jpeg; https://media.rightmove.co.uk:443/dir/crop/10:9-16:9/215k/214100/163900832/214100_300693-2_IMG_01_0000_max_476x317.jpeg; https://media.rightmove.co.uk:443/dir/crop/10:9-16:9/215k/214100/163900832/214100_300693-2_IMG_02_0000_max_476x317.jpeg; https://media.rightmove.co.uk:443/dir/crop/10:9-16:9/215k/214100/163900832/214100_300693-2_IMG_03_0000_max_476x317.jpeg; https://media.rightmove.co.uk:443/dir/crop/10:9-16:9/215k/214100/163900832/214100_300693-2_IMG_04_0000_max_476x317.jpeg"
"158157428","Staffordshire","Office","The Stables, The Bradshaws (Offices), Holyhead Road, Codsall","£900 pcm","","","","Located within a private estate, The Stables have been converted to create a light and spacious office space. The stables offer 2,720 sqft of interconnected office space over ground and first floors with views over courtyard gardens. Facilities include a kitchen area, a secure document storage r...","https://www.rightmove.co.uk/properties/158157428#/?channel=COM_LET","2025-02-12T13:01:00Z","","price_reduced","Marketed by Bulleys Chartered Surveyors, Telford","","52.620117","-2.22582","https://media.rightmove.co.uk:443/dir/crop/10:9-16:9/282k/281315/158157428/281315_BTEL1773-LET_IMG_01_0003_max_476x317.jpeg; https://media.rightmove.co.uk:443/dir/crop/10:9-16:9/282k/281315/158157428/281315_BTEL1773-LET_IMG_02_0003_max_476x317.jpeg; https://media.rightmove.co.uk:443/dir/crop/10:9-16:9/282k/281315/158157428/281315_BTEL1773-LET_IMG_03_0003_max_476x317.jpeg; https://media.rightmove.co.uk:443/dir/crop/10:9-16:9/282k/281315/158157428/281315_BTEL1773-LET_IMG_04_0003_max_476x317.jpeg; https://media.rightmove.co.uk:443/dir/crop/10:9-16:9/282k/281315/158157428/281315_BTEL1773-LET_IMG_05_0003_max_476x317.jpeg; https://media.rightmove.co.uk:443/dir/crop/10:9-16:9/282k/281315/158157428/281315_BTEL1773-LET_IMG_00_0003_max_476x317.jpeg"
"163900733","Staffordshire","Warehouse","L78, Indurent Park, Lichfield, London Road, Lichfield, WS14 9ER","POA","","","","Brand-new, 77,537 sq ft high-quality industrial unit available from October 2026.","https://www.rightmove.co.uk/properties/163900733#/?channel=COM_LET","2025-06-27T16:55:43Z","","new","Marketed by Savills, Birmingham Industrial","","52.665683","-1.81769","https://media.rightmove.co.uk:443/dir/crop/10:9-16:9/215k/214100/163900733/214100_300897-2_IMG_00_0000_max_476x317.jpeg; https://media.rightmove.co.uk:443/dir/crop/10:9-16:9/215k/214100/163900733/214100_300897-2_IMG_01_0000_max_476x317.jpeg; https://media.rightmove.co.uk:443/dir/crop/10:9-16:9/215k/214100/163900733/214100_300897-2_IMG_02_0000_max_476x317.jpeg; https://media.rightmove.co.uk:443/dir/crop/10:9-16:9/215k/214100/163900733/214100_300897-2_IMG_03_0000_max_476x317.jpeg; https://media.rightmove.co.uk:443/dir/crop/10:9-16:9/215k/214100/163900733/214100_300897-2_IMG_04_0000_max_476x317.jpeg; https://media.rightmove.co.uk:443/dir/crop/10:9-16:9/215k/214100/163900733/214100_300897-2_IMG_05_0000_max_476x317.jpeg; https://media.rightmove.co.uk:443/dir/crop/10:9-16:9/215k/214100/163900733/214100_300897-2_IMG_06_0000_max_476x317.jpeg"
"163879712","Staffordshire","Retail Property (Shopping Centre)","Unit 12 Ankerside Shopping Centre, Tamworth, Staffordshire, B79","POA","","","","Tamworth is a market town in Staffordshire with Ankerside Shopping Centre conveniently located in the heart of Tamworth's historic town centre overlooking the beautiful Grade 1 listed Tamworth Castle and its grounds. The centre offers a secure multi-storey car park with 700+ spaces.","https://www.rightmove.co.uk/properties/163879712#/?channel=COM_LET","2025-06-27T12:43:15Z","","new","Marketed by BARKER PROUDLOVE LIMITED, Manchester","","52.63264","-1.69352","https://media.rightmove.co.uk:443/dir/crop/10:9-16:9/229k/228962/163879712/228962_Unit_12_Ankerside_Shopping_Centre_IMG_00_0000_max_476x317.jpeg; https://media.rightmove.co.uk:443/dir/crop/10:9-16:9/229k/228962/163879712/228962_Unit_12_Ankerside_Shopping_Centre_IMG_01_0000_max_476x317.jpeg"
"163764599","Staffordshire","Light Industrial","Unit 2 Federation Road, Burslem, Stoke-On-Trent, ST6 4HU","POA","","","","COMING SOON Light industrial/warehouse unit on popular Federation Rd Trading Estate, Stoke-on-Trent. Office space included. Parking to the side of the unit. Excellent transport links to the M6 and wider region Ideal for trade or storage.","https://www.rightmove.co.uk/properties/163764599#/?channel=COM_LET","2025-06-25T10:15:17Z","","size_change","Marketed by Northern Trust, Midlands","","53.04896","-2.20004","https://media.rightmove.co.uk:443/dir/crop/10:9-16:9/88k/87535/163764599/87535_MIDS_06842_Federation_U2_IMG_06_0000_max_476x317.jpeg; https://media.rightmove.co.uk:443/dir/crop/10:9-16:9/88k/87535/163764599/87535_MIDS_06842_Federation_U2_IMG_07_0000_max_476x317.jpeg; https://media.rightmove.co.uk:443/dir/crop/10:9-16:9/88k/87535/163764599/87535_MIDS_06842_Federation_U2_IMG_08_0000_max_476x317.jpeg; https://media.rightmove.co.uk:443/dir/crop/10:9-16:9/88k/87535/163764599/87535_06842_Federation_U2_IMG_01_0000_max_476x317.jpeg; https://media.rightmove.co.uk:443/dir/crop/10:9-16:9/88k/87535/163764599/87535_MIDS_06842_Federation_U2_IMG_05_0000_max_476x317.jpeg; https://media.rightmove.co.uk:443/dir/crop/10:9-16:9/88k/87535/163764599/87535_06842_Federation_U2_IMG_00_0000_max_476x317.jpeg; https://media.rightmove.co.uk:443/dir/crop/10:9-16:9/88k/87535/163764599/87535_06842_Federation_U2_IMG_04_0000_max_476x317.jpg"
"163764419","Staffordshire","Light Industrial","Unit 1 Federation Road, Burslem, Stoke-On-Trent, ST6 4HU","POA","","","","COMING SOON Light industrial/warehouse unit on popular Federation Rd Trading Estate, Stoke-on-Trent. Office space included. Parking to the side of the unit. Excellent transport links to the M6 and wider region Ideal for trade or storage.","https://www.rightmove.co.uk/properties/163764419#/?channel=COM_LET","2025-06-25T10:13:41Z","","new","Marketed by Northern Trust, Midlands","","53.04896","-2.20004","https://media.rightmove.co.uk:443/dir/crop/10:9-16:9/88k/87535/163764419/87535_MIDS_06842_Federation_U1_IMG_08_0000_max_476x317.jpeg; https://media.rightmove.co.uk:443/dir/crop/10:9-16:9/88k/87535/163764419/87535_MIDS_06842_Federation_U1_IMG_11_0000_max_476x317.jpeg; https://media.rightmove.co.uk:443/dir/crop/10:9-16:9/88k/87535/163764419/87535_MIDS_06842_Federation_U1_IMG_05_0000_max_476x317.jpeg; https://media.rightmove.co.uk:443/dir/crop/10:9-16:9/88k/87535/163764419/87535_MIDS_06842_Federation_U1_IMG_07_0000_max_476x317.jpeg; https://media.rightmove.co.uk:443/dir/crop/10:9-16:9/88k/87535/163764419/87535_MIDS_06842_Federation_U1_IMG_06_0000_max_476x317.jpeg; https://media.rightmove.co.uk:443/dir/crop/10:9-16:9/88k/87535/163764419/87535_MIDS_06842_Federation_U1_IMG_09_0000_max_476x317.jpeg; https://media.rightmove.co.uk:443/dir/crop/10:9-16:9/88k/87535/163764419/87535_MIDS_06842_Federation_U1_IMG_10_0000_max_476x317.jpeg; https://media.rightmove.co.uk:443/dir/crop/10:9-16:9/88k/87535/163764419/87535_06842_Federation_U1_IMG_01_0000_max_476x317.jpeg; https://media.rightmove.co.uk:443/dir/crop/10:9-16:9/88k/87535/163764419/87535_06842_Federation_U1_IMG_00_0000_max_476x317.jpeg; https://media.rightmove.co.uk:443/dir/crop/10:9-16:9/88k/87535/163764419/87535_06842_Federation_U1_IMG_04_0000_max_476x317.jpg"
"143680604","Staffordshire","Retail Property (out of town)","Dog Grooming Parlour, Portway Lane, B79","£750 pcm","From","","","Dog Grooming Parlour opportunity","https://www.rightmove.co.uk/properties/143680604#/?channel=COM_LET","2024-01-16T10:40:10Z","","size_change","Marketed by Portway Farm Estates Limited, Tamworth","","52.64054","-1.69139","https://media.rightmove.co.uk:443/dir/crop/10:9-16:9/245k/244943/143680604/244943_PortwayFarmBarns_IMG_04_0001_max_476x317.jpeg; https://media.rightmove.co.uk:443/dir/crop/10:9-16:9/245k/244943/143680604/244943_PortwayFarmBarns_IMG_03_0000_max_476x317.jpeg; https://media.rightmove.co.uk:443/dir/crop/10:9-16:9/245k/244943/143680604/244943_PortwayFarmBarns_IMG_05_0001_max_476x317.jpeg; https://media.rightmove.co.uk:443/dir/crop/10:9-16:9/245k/244943/143680604/244943_PortwayFarmBarns_IMG_06_0001_max_476x317.jpeg; https://media.rightmove.co.uk:443/dir/crop/10:9-16:9/245k/244943/143680604/244943_PortwayFarmBarns_IMG_07_0001_max_476x317.jpeg"
"163572320","Staffordshire","Retail Property (Shopping Centre)","Unit 20 Cannock Shopping Centre, Cannock, Staffordshire, WS11 1EB","£908 pcm","From","","","Brand new occupiers to the scheme include Savers and Enchanted Cards among a number of major multiple retailers including Poundstretcher, Body Care, EE, Specsavers, Holland Barrett, Costa Coffee, JD Sports, and The Works. In addition, there are a selection of local and regional retailers includin...","https://www.rightmove.co.uk/properties/163572320#/?channel=COM_LET","2025-06-20T09:18:42Z","","new","Marketed by Creative Retail, Birmingham","","52.690167","-2.030164","https://media.rightmove.co.uk:443/dir/crop/10:9-16:9/192k/191489/163572320/191489_164LH_IMG_00_0000_max_476x317.jpeg; https://media.rightmove.co.uk:443/dir/crop/10:9-16:9/192k/191489/163572320/191489_164LH_IMG_01_0000_max_476x317.jpeg; https://media.rightmove.co.uk:443/dir/crop/10:9-16:9/192k/191489/163572320/191489_164LH_IMG_02_0000_max_476x317.jpeg; https://media.rightmove.co.uk:443/dir/crop/10:9-16:9/192k/191489/163572320/191489_164LH_IMG_03_0000_max_476x317.jpeg; https://media.rightmove.co.uk:443/dir/crop/10:9-16:9/192k/191489/163572320/191489_164LH_IMG_04_0000_max_476x317.jpeg; https://media.rightmove.co.uk:443/dir/crop/10:9-16:9/192k/191489/163572320/191489_164LH_IMG_05_0000_max_476x317.jpeg; https://media.rightmove.co.uk:443/dir/crop/10:9-16:9/192k/191489/163572320/191489_164LH_IMG_06_0000_max_476x317.jpeg"
"163527848","Staffordshire","Retail Property (high street)","131 High Street, Stoke-on-Trent, ST6 5TA","£542 pcm","","","","Ground floor retail/office unit in prime town centre location","https://www.rightmove.co.uk/properties/163527848#/?channel=COM_LET","2025-06-19T12:24:17Z","","new","Marketed by Stirling Ackroyd, Commercial","","53.057351","-2.210528","https://media.rightmove.co.uk:443/dir/crop/10:9-16:9/property-photo/533c07d8d/163527848/533c07d8da0f94bf867754778c762876_max_476x317.jpeg; https://media.rightmove.co.uk:443/dir/crop/10:9-16:9/property-photo/04bc8b2a3/163527848/04bc8b2a33a7f4f7a7702ed9dad1aef9_max_476x317.jpeg; https://media.rightmove.co.uk:443/dir/crop/10:9-16:9/property-photo/ea59f6ade/163527848/ea59f6ade3918269e761503f379e2fc3_max_476x317.jpeg; https://media.rightmove.co.uk:443/dir/crop/10:9-16:9/property-photo/dbe3c931c/163527848/dbe3c931c484ad98a6011aab6d95de81_max_476x317.jpeg"
"163487018","Staffordshire","Office","Unit 3.2, Building 3, Lichfield South, The Wall, Lichfield, Staffordshire, WS14 0QP","£6,499 pcm","","","","The unit is situated on the first floor within a two storey detached office property within an established business park and accessed via a shared reception area with stair and lift access to the first floor landing area where the shared WCs are located. The unit extends to provide open plan acco...","https://www.rightmove.co.uk/properties/163487018#/?channel=COM_LET","2025-06-18T15:17:57Z","","new","Marketed by Burley Browne, Sutton Coldfield","","52.654746","-1.835016","https://media.rightmove.co.uk:443/dir/crop/10:9-16:9/110k/109673/163487018/109673_8050LH_IMG_00_0000_max_476x317.jpeg; https://media.rightmove.co.uk:443/dir/crop/10:9-16:9/110k/109673/163487018/109673_8050LH_IMG_01_0000_max_476x317.jpeg; https://media.rightmove.co.uk:443/dir/crop/10:9-16:9/110k/109673/163487018/109673_8050LH_IMG_02_0000_max_476x317.jpeg; https://media.rightmove.co.uk:443/dir/crop/10:9-16:9/110k/109673/163487018/109673_8050LH_IMG_03_0000_max_476x317.jpeg; https://media.rightmove.co.uk:443/dir/crop/10:9-16:9/110k/109673/163487018/109673_8050LH_IMG_04_0000_max_476x317.jpeg; https://media.rightmove.co.uk:443/dir/crop/10:9-16:9/110k/109673/163487018/109673_8050LH_IMG_05_0000_max_476x317.jpeg; https://media.rightmove.co.uk:443/dir/crop/10:9-16:9/110k/109673/163487018/109673_8050LH_IMG_06_0000_max_476x317.jpeg; https://media.rightmove.co.uk:443/dir/crop/10:9-16:9/110k/109673/163487018/109673_8050LH_IMG_07_0000_max_476x317.jpeg; https://media.rightmove.co.uk:443/dir/crop/10:9-16:9/110k/109673/163487018/109673_8050LH_IMG_08_0000_max_476x317.jpeg; https://media.rightmove.co.uk:443/dir/crop/10:9-16:9/110k/109673/163487018/109673_8050LH_IMG_09_0000_max_476x317.jpeg; https://media.rightmove.co.uk:443/dir/crop/10:9-16:9/110k/109673/163487018/109673_8050LH_IMG_10_0000_max_476x317.jpeg; https://media.rightmove.co.uk:443/dir/crop/10:9-16:9/110k/109673/163487018/109673_8050LH_IMG_11_0000_max_476x317.jpeg; https://media.rightmove.co.uk:443/dir/crop/10:9-16:9/110k/109673/163487018/109673_8050LH_IMG_12_0000_max_476x317.jpeg; https://media.rightmove.co.uk:443/dir/crop/10:9-16:9/110k/109673/163487018/109673_8050LH_IMG_13_0000_max_476x317.jpeg; https://media.rightmove.co.uk:443/dir/crop/10:9-16:9/110k/109673/163487018/109673_8050LH_IMG_14_0000_max_476x317.jpeg"
"163455905","Staffordshire","Office","Anson Court, Stafford, Staffordshire, ST18","£992 pcm","","","","A modern office space located on the 1st and 2nd floors of Gloucester House; one of four buildings forming part of the well-established Anson Court Business Centre situated on the popular Staffordshire Technology Park. ","https://www.rightmove.co.uk/properties/163455905#/?channel=COM_LET","2025-06-18T07:10:12Z","","new","Marketed by Anson Offices, Anson Offices","","52.81601","-2.08217","https://media.rightmove.co.uk:443/dir/crop/10:9-16:9/271k/270731/163455905/270731_103GloucesterHouse_IMG_03_0000_max_476x317.jpeg; https://media.rightmove.co.uk:443/dir/crop/10:9-16:9/271k/270731/163455905/270731_103GloucesterHouse_IMG_04_0000_max_476x317.jpeg; https://media.rightmove.co.uk:443/dir/crop/10:9-16:9/271k/270731/163455905/270731_103GloucesterHouse_IMG_05_0000_max_476x317.jpeg; https://media.rightmove.co.uk:443/dir/crop/10:9-16:9/271k/270731/163455905/270731_103GloucesterHouse_IMG_09_0000_max_476x317.jpeg; https://media.rightmove.co.uk:443/dir/crop/10:9-16:9/271k/270731/163455905/270731_103GloucesterHouse_IMG_06_0000_max_476x317.jpeg; https://media.rightmove.co.uk:443/dir/crop/10:9-16:9/271k/270731/163455905/270731_103GloucesterHouse_IMG_07_0000_max_476x317.jpeg; https://media.rightmove.co.uk:443/dir/crop/10:9-16:9/271k/270731/163455905/270731_103GloucesterHouse_IMG_01_0000_max_476x317.jpeg; https://media.rightmove.co.uk:443/dir/crop/10:9-16:9/271k/270731/163455905/270731_103GloucesterHouse_IMG_08_0000_max_476x317.jpeg; https://media.rightmove.co.uk:443/dir/crop/10:9-16:9/271k/270731/163455905/270731_103GloucesterHouse_IMG_02_0000_max_476x317.jpeg; https://media.rightmove.co.uk:443/dir/crop/10:9-16:9/271k/270731/163455905/270731_103GloucesterHouse_IMG_00_0000_max_476x317.jpeg"
"96640780","Staffordshire","Light Industrial","Ring Road, Burntwood, Staffordshire, WS7","£1,200 pcm","","","","Commercial unit (900 SQFT) on thriving industrial estate. Would suit many business types. ","https://www.rightmove.co.uk/properties/96640780#/?channel=COM_LET","2022-05-30T14:44:17Z","","new","Marketed by Charlton Haynes Ltd, Cheltenham","","52.68058","-1.94331","https://media.rightmove.co.uk:443/dir/crop/10:9-16:9/246k/245339/96640780/245339_RingRoadIndustrialEstate_IMG_03_0002_max_476x317.jpeg; https://media.rightmove.co.uk:443/dir/crop/10:9-16:9/246k/245339/96640780/245339_RingRoadIndustrialEstate_IMG_02_0000_max_476x317.jpeg"
"163172525","Staffordshire","Retail Property (high street)","Station Street, Burton-On-Trent, Staffordshire, DE14","POA","","","","Burton Place Shopping Centre plays a large role in Burton's extensive retail offering, anchored by a Home Bargains and Farmfoods and benefitting from a 354 space car park. 195a Station Street forms an outward facing high street unit with nearby occupiers including Subway and McDonalds ","https://www.rightmove.co.uk/properties/163172525#/?channel=COM_LET","2025-06-16T13:49:30Z","","new","Marketed by THE HOLLINS MURRAY GROUP LIMITED, Altrincham","","52.80334","-1.6314","https://media.rightmove.co.uk:443/dir/crop/10:9-16:9/291k/290657/163172525/290657_stationstburton_IMG_00_0000_max_476x317.jpeg; https://media.rightmove.co.uk:443/dir/crop/10:9-16:9/291k/290657/163172525/290657_stationstburton_IMG_01_0000_max_476x317.jpeg; https://media.rightmove.co.uk:443/dir/crop/10:9-16:9/291k/290657/163172525/290657_stationstburton_IMG_02_0000_max_476x317.jpeg; https://media.rightmove.co.uk:443/dir/crop/10:9-16:9/291k/290657/163172525/290657_stationstburton_IMG_03_0000_max_476x317.jpeg; https://media.rightmove.co.uk:443/dir/crop/10:9-16:9/291k/290657/163172525/290657_stationstburton_IMG_04_0000_max_476x317.jpeg; https://media.rightmove.co.uk:443/dir/crop/10:9-16:9/291k/290657/163172525/290657_stationstburton_IMG_05_0000_max_476x317.jpeg"
"163367411","Staffordshire","Light Industrial","FP155, Wood End Lane, Fradley Park, Lichfield, Staffordshire, WS13 8NG","POA","","","","Location: Located at the centre of the country's extensive FP155 motorway network, the site sits just 4.5 miles away from T4 and T5 of the M6 Toll Road. It boasts exceptional connectivity to major routes such as the M1, M42, M40, M6, and A50 through the A38. Additionally, the site is convenientl...","https://www.rightmove.co.uk/properties/163367411#/?channel=COM_LET","2025-06-16T11:49:45Z","","new","Marketed by Harris Lamb, Birmingham","","52.710732","-1.788953","https://media.rightmove.co.uk:443/dir/crop/10:9-16:9/105k/104813/163367411/104813_6900LH_IMG_04_0000_max_476x317.jpeg; https://media.rightmove.co.uk:443/dir/crop/10:9-16:9/105k/104813/163367411/104813_6900LH_IMG_03_0000_max_476x317.jpeg; https://media.rightmove.co.uk:443/dir/crop/10:9-16:9/105k/104813/163367411/104813_6900LH_IMG_05_0000_max_476x317.jpeg; https://media.rightmove.co.uk:443/dir/crop/10:9-16:9/105k/104813/163367411/104813_6900LH_IMG_06_0000_max_476x317.jpeg; https://media.rightmove.co.uk:443/dir/crop/10:9-16:9/105k/104813/163367411/104813_6900LH_IMG_07_0000_max_476x317.jpeg; https://media.rightmove.co.uk:443/dir/crop/10:9-16:9/105k/104813/163367411/104813_6900LH_IMG_08_0000_max_476x317.jpeg; https://media.rightmove.co.uk:443/dir/crop/10:9-16:9/105k/104813/163367411/104813_6900LH_IMG_09_0000_max_476x317.jpeg; https://media.rightmove.co.uk:443/dir/crop/10:9-16:9/105k/104813/163367411/104813_6900LH_IMG_10_0000_max_476x317.jpeg; https://media.rightmove.co.uk:443/dir/crop/10:9-16:9/105k/104813/163367411/104813_6900LH_IMG_11_0000_max_476x317.jpeg; https://media.rightmove.co.uk:443/dir/crop/10:9-16:9/105k/104813/163367411/104813_6900LH_IMG_12_0000_max_476x317.jpeg; https://media.rightmove.co.uk:443/dir/crop/10:9-16:9/105k/104813/163367411/104813_6900LH_IMG_13_0000_max_476x317.jpeg; https://media.rightmove.co.uk:443/dir/crop/10:9-16:9/105k/104813/163367411/104813_6900LH_IMG_14_0000_max_476x317.jpeg; https://media.rightmove.co.uk:443/dir/crop/10:9-16:9/105k/104813/163367411/104813_6900LH_IMG_15_0000_max_476x317.jpeg; https://media.rightmove.co.uk:443/dir/crop/10:9-16:9/105k/104813/163367411/104813_6900LH_IMG_16_0000_max_476x317.jpeg"
"145421462","Staffordshire","Retail Property (high street)","1 Breadmarket Street, Lichfield, Staffordshire, WS13 6JY","£6,667 pcm","","","","The premises which are situated within a prominently 3 storey former bank building and set across two floors, with the ground floor comprising a banking hall with ancillary offices to the rear, with the first floor providing newly refurbished offices and staffing area. The property also benefits ...","https://www.rightmove.co.uk/properties/145421462#/?channel=COM_LET","2024-03-06T10:48:01Z","","new","Marketed by Burley Browne, Sutton Coldfield","","52.683098","-1.827582","https://media.rightmove.co.uk:443/dir/crop/10:9-16:9/110k/109673/145421462/109673_5691LH_IMG_00_0001_max_476x317.jpeg; https://media.rightmove.co.uk:443/dir/crop/10:9-16:9/110k/109673/145421462/109673_5691LH_IMG_01_0001_max_476x317.jpeg"
"163308479","Staffordshire","Commercial Property","Unit 19 (Pet shop), Smithfield Centre, Leek, ST13 5JW","£750 pcm","Guide Price","","","The property comprises a self-contained end-terrace retail premises arranged over ground and first floor. The property is accessed via a pedestrian entrance off the Smithfield Centre courtyard and is for offer at 9,000 per annum exclusive of VAT.","https://www.rightmove.co.uk/properties/163308479#/?channel=COM_LET","2025-06-13T17:06:03Z","","new","Marketed by Daniel & Hulme, Leek","","53.104763","-2.021351","https://media.rightmove.co.uk:443/dir/crop/10:9-16:9/265k/264752/163308479/264752_VYR-70326867_IMG_00_0000_max_476x317.jpeg; https://media.rightmove.co.uk:443/dir/crop/10:9-16:9/265k/264752/163308479/264752_VYR-70326867_IMG_01_0000_max_476x317.jpeg; https://media.rightmove.co.uk:443/dir/crop/10:9-16:9/265k/264752/163308479/264752_VYR-70326867_IMG_02_0000_max_476x317.jpeg; https://media.rightmove.co.uk:443/dir/crop/10:9-16:9/265k/264752/163308479/264752_VYR-70326867_IMG_03_0000_max_476x317.jpeg; https://media.rightmove.co.uk:443/dir/crop/10:9-16:9/265k/264752/163308479/264752_VYR-70326867_IMG_04_0000_max_476x317.jpeg; https://media.rightmove.co.uk:443/dir/crop/10:9-16:9/265k/264752/163308479/264752_VYR-70326867_IMG_05_0000_max_476x317.jpeg; https://media.rightmove.co.uk:443/dir/crop/10:9-16:9/265k/264752/163308479/264752_VYR-70326867_IMG_06_0000_max_476x317.jpeg"
"163301687","Staffordshire","Office","The Studio, Bradford Estates, Weston-Under-Lizard, Shifnal. TF11 8JU","£1,020 pcm","","","","Approx 700 sqft - Modern Office Studio, located within the Bradford Estate Office Compound. Private Parking for several vehicles Available - Now. Enquires to Adam Teecey at Fields of Shifnal. ","https://www.rightmove.co.uk/properties/163301687#/?channel=COM_LET","2025-06-13T16:12:27Z","","new","Marketed by Fields Of Shifnal Ltd, Shifnal","","52.695148","-2.293074","https://media.rightmove.co.uk:443/dir/crop/10:9-16:9/30k/29609/163301687/29609_12694162_IMG_00_0000_max_476x317.jpeg; https://media.rightmove.co.uk:443/dir/crop/10:9-16:9/30k/29609/163301687/29609_12694162_IMG_01_0000_max_476x317.jpeg; https://media.rightmove.co.uk:443/dir/crop/10:9-16:9/30k/29609/163301687/29609_12694162_IMG_02_0000_max_476x317.jpeg; https://media.rightmove.co.uk:443/dir/crop/10:9-16:9/30k/29609/163301687/29609_12694162_IMG_03_0000_max_476x317.jpeg; https://media.rightmove.co.uk:443/dir/crop/10:9-16:9/30k/29609/163301687/29609_12694162_IMG_04_0000_max_476x317.jpeg; https://media.rightmove.co.uk:443/dir/crop/10:9-16:9/30k/29609/163301687/29609_12694162_IMG_05_0000_max_476x317.jpeg; https://media.rightmove.co.uk:443/dir/crop/10:9-16:9/30k/29609/163301687/29609_12694162_IMG_06_0000_max_476x317.jpeg; https://media.rightmove.co.uk:443/dir/crop/10:9-16:9/30k/29609/163301687/29609_12694162_IMG_07_0000_max_476x317.jpeg; https://media.rightmove.co.uk:443/dir/crop/10:9-16:9/30k/29609/163301687/29609_12694162_IMG_08_0000_max_476x317.jpeg"
"138292490","Staffordshire","Light Industrial","Ninth Avenue, Burton-On-Trent, Staffordshire, DE14","£1,625 pcm","","","","Flexible Terms MIN STAY 90 DAYS,All rates included and FREE WIFI","https://www.rightmove.co.uk/properties/138292490#/?channel=COM_LET","2023-08-04T14:40:11Z","","new","Marketed by Flexiss Management Services Ltd, Wilmslow","","52.79041","-1.66978","https://media.rightmove.co.uk:443/dir/crop/10:9-16:9/262k/261620/138292490/261620_TC-BURT_IMG_09_0000_max_476x317.png; https://media.rightmove.co.uk:443/dir/crop/10:9-16:9/262k/261620/138292490/261620_TC-BURT_IMG_08_0000_max_476x317.png; https://media.rightmove.co.uk:443/dir/crop/10:9-16:9/262k/261620/138292490/261620_TC-BURT_IMG_03_0000_max_476x317.jpeg; https://media.rightmove.co.uk:443/dir/crop/10:9-16:9/262k/261620/138292490/261620_TC-BURT_IMG_00_0000_max_476x317.jpeg; https://media.rightmove.co.uk:443/dir/crop/10:9-16:9/262k/261620/138292490/261620_TC-BURT_IMG_02_0000_max_476x317.jpeg; https://media.rightmove.co.uk:443/dir/crop/10:9-16:9/262k/261620/138292490/261620_TC-BURT_IMG_07_0000_max_476x317.png; https://media.rightmove.co.uk:443/dir/crop/10:9-16:9/262k/261620/138292490/261620_TC-BURT_IMG_06_0000_max_476x317.png; https://media.rightmove.co.uk:443/dir/crop/10:9-16:9/262k/261620/138292490/261620_TC-BURT_IMG_01_0000_max_476x317.jpeg; https://media.rightmove.co.uk:443/dir/crop/10:9-16:9/262k/261620/138292490/261620_TC-BURT_IMG_04_0000_max_476x317.jpeg; https://media.rightmove.co.uk:443/dir/crop/10:9-16:9/262k/261620/138292490/261620_TC-BURT_IMG_05_0000_max_476x317.jpeg"
"152508140","Staffordshire","Retail Property (Retail Park)","Festival Heights Retail Park, Greyhound Way, Stoke-On-Trent, Staffordshire, ST1","£1,250 pcm","","","2","RATES INCFREE WIFI FREE PARKINGRETAIL PARKFLEXIBLE LEASE","https://www.rightmove.co.uk/properties/152508140#/?channel=COM_LET","2024-09-16T16:54:11Z","","new","Marketed by Flexiss Management Services Ltd, Wilmslow","","53.03175","-2.18918","https://media.rightmove.co.uk:443/dir/crop/10:9-16:9/262k/261620/152508140/261620_STOKETC_IMG_00_0000_max_476x317.jpeg; https://media.rightmove.co.uk:443/dir/crop/10:9-16:9/262k/261620/152508140/261620_STOKETC_IMG_02_0000_max_476x317.jpeg; https://media.rightmove.co.uk:443/dir/crop/10:9-16:9/262k/261620/152508140/261620_STOKETC_IMG_05_0000_max_476x317.jpeg; https://media.rightmove.co.uk:443/dir/crop/10:9-16:9/262k/261620/152508140/261620_STOKETC_IMG_07_0000_max_476x317.jpeg; https://media.rightmove.co.uk:443/dir/crop/10:9-16:9/262k/261620/152508140/261620_STOKETC_IMG_04_0000_max_476x317.jpeg; https://media.rightmove.co.uk:443/dir/crop/10:9-16:9/262k/261620/152508140/261620_STOKETC_IMG_03_0000_max_476x317.jpeg; https://media.rightmove.co.uk:443/dir/crop/10:9-16:9/262k/261620/152508140/261620_STOKETC_IMG_01_0000_max_476x317.jpeg; https://media.rightmove.co.uk:443/dir/crop/10:9-16:9/262k/261620/152508140/261620_STOKETC_IMG_06_0000_max_476x317.jpeg"
"156639494","Staffordshire","Commercial Property","6 High Street, Cheadle, Stoke On Trent, ST10 1AF","£850 pcm","","","1","*** Two months free*** An end of terrace commercial premises in the town center having an extensive frontage to the High Street at its junction with Croft Road. There are a number of both national and local retailers within close proximately to include Lloyds Bank and Bargain Booze Plus and publi...","https://www.rightmove.co.uk/properties/156639494#/?channel=COM_LET","2025-01-08T16:12:21Z","","price_reduced","Marketed by Hicks Hadley, Halesowen","","52.988316","-1.987861","https://media.rightmove.co.uk:443/dir/crop/10:9-16:9/121k/120175/156639494/120175_10540128_IMG_02_0000_max_476x317.jpeg; https://media.rightmove.co.uk:443/dir/crop/10:9-16:9/121k/120175/156639494/120175_10540128_IMG_01_0000_max_476x317.jpeg; https://media.rightmove.co.uk:443/dir/crop/10:9-16:9/121k/120175/156639494/120175_10540128_IMG_00_0000_max_476x317.jpeg; https://media.rightmove.co.uk:443/dir/crop/10:9-16:9/121k/120175/156639494/120175_10540128_IMG_03_0000_max_476x317.jpeg; https://media.rightmove.co.uk:443/dir/crop/10:9-16:9/121k/120175/156639494/120175_10540128_IMG_04_0000_max_476x317.jpeg; https://media.rightmove.co.uk:443/dir/crop/10:9-16:9/121k/120175/156639494/120175_10540128_IMG_05_0000_max_476x317.jpeg; https://media.rightmove.co.uk:443/dir/crop/10:9-16:9/121k/120175/156639494/120175_10540128_IMG_06_0000_max_476x317.jpeg"
"721783446163264","Staffordshire","Office","First Floor Office - Stafford 128, Mustang Drive, Stafford, ST16 1GW","POA","","","","Immediately available first floor office space, which is in close proximity to J14 of the M6","https://www.rightmove.co.uk/properties/721783446163264#/?channel=COM_LET","2025-11-27T12:12:05Z","","new","Marketed by M1 Agency LLP, M1 agency (Nottingham) LLP","","52.831402","-2.141541","https://media.rightmove.co.uk:443/dir/crop/10:9-16:9/property-photo/2207a3029/721783446163264/2207a3029fba543a8493d03dd0e1a681_max_476x317.jpeg; https://media.rightmove.co.uk:443/dir/crop/10:9-16:9/property-photo/fc28c7200/721783446163264/fc28c7200b051a22dbb749781c67a3c4_max_476x317.jpeg; https://media.rightmove.co.uk:443/dir/crop/10:9-16:9/property-photo/b9a30151b/721783446163264/b9a30151b1bc664b5f6caa6f7282a1b8_max_476x317.jpeg; https://media.rightmove.co.uk:443/dir/crop/10:9-16:9/property-photo/460d17205/721783446163264/460d17205b4cac4979d4b658bab26eaa_max_476x317.jpeg; https://media.rightmove.co.uk:443/dir/crop/10:9-16:9/property-photo/89d642ced/721783446163264/89d642ced3063d996dd2dc74010cb6e6_max_476x317.jpeg"
"163064963","Staffordshire","Retail Property (high street)","21, Station Street, Burton-On-Trent, Staffordshire, DE14","£1,458 pcm","","","","* Busy pedestrianised location, close to the entrances to both Coopers Walk and Burton Place Shopping Centres * Occupiers close by include Costa Coffee, Dominos Pizza and Coral * Ground Floor c.720 sq ft (67 sqm) & First Floor c.550 sq ft (52 sqm) * Rear vehicular access *Car parking close by","https://www.rightmove.co.uk/properties/163064963#/?channel=COM_LET","2025-06-09T16:51:25Z","","new","Marketed by Nicholas Brett & Co, Bromsgrove","","52.80318","-1.63225","https://media.rightmove.co.uk:443/dir/crop/10:9-16:9/107k/106556/163064963/106556_21stationstreet_IMG_00_0000_max_476x317.jpeg; https://media.rightmove.co.uk:443/dir/crop/10:9-16:9/107k/106556/163064963/106556_21stationstreet_IMG_01_0000_max_476x317.jpeg; https://media.rightmove.co.uk:443/dir/crop/10:9-16:9/107k/106556/163064963/106556_21stationstreet_IMG_02_0000_max_476x317.jpeg; https://media.rightmove.co.uk:443/dir/crop/10:9-16:9/107k/106556/163064963/106556_21stationstreet_IMG_03_0000_max_476x317.jpeg"
"162947894","Staffordshire","Hotel","Featherstone Farmhouse, New Road, Featherstone, Wolverhampton, WV10 7NW","£4,167 pcm","","9","","A FANTASTIC INVESTMENT OPPORTUNITY TO RENT A FORMER HOTEL IN THE DESIRABLE VILLAGE OF FEATHERSTONE","https://www.rightmove.co.uk/properties/162947894#/?channel=COM_LET","2025-06-06T11:23:39Z","","new","Marketed by R & R Properties, Wolverhampton","","52.64918","-2.09751","https://media.rightmove.co.uk:443/dir/crop/10:9-16:9/238k/237983/162947894/237983_275368_IMG_00_0000_max_476x317.png; https://media.rightmove.co.uk:443/dir/crop/10:9-16:9/238k/237983/162947894/237983_275368_IMG_01_0000_max_476x317.png"
"162835211","Staffordshire","Serviced Office","Newbury Suite 2, Centrix at Keys Business Village, Keys Park Road, Cannock, Staffordshire, WS12 2HA","POA","","","","Modern, efficient workspace with great onsite amenities. 937 sq ft second-floor office with new solar, air source heating, high-tech meeting rooms and breakout space at Centrix @ Keys.","https://www.rightmove.co.uk/properties/162835211#/?channel=COM_LET","2025-06-04T12:53:40Z","","new","Marketed by Northern Trust, Midlands","","52.69956","-1.98708","https://media.rightmove.co.uk:443/dir/crop/10:9-16:9/88k/87535/162835211/87535_MIDS_06847_Centrix_NewbS2_IMG_14_0000_max_476x317.jpeg; https://media.rightmove.co.uk:443/dir/crop/10:9-16:9/88k/87535/162835211/87535_06847_Centrix_NewbS2_IMG_08_0000_max_476x317.jpeg; https://media.rightmove.co.uk:443/dir/crop/10:9-16:9/88k/87535/162835211/87535_06847_Centrix_NewbS2_IMG_09_0000_max_476x317.jpeg; https://media.rightmove.co.uk:443/dir/crop/10:9-16:9/88k/87535/162835211/87535_MIDS_06847_Centrix_NewbS2_IMG_11_0000_max_476x317.jpeg; https://media.rightmove.co.uk:443/dir/crop/10:9-16:9/88k/87535/162835211/87535_MIDS_06847_Centrix_NewbS2_IMG_12_0000_max_476x317.jpeg; https://media.rightmove.co.uk:443/dir/crop/10:9-16:9/88k/87535/162835211/87535_MIDS_06847_Centrix_NewbS2_IMG_17_0000_max_476x317.jpeg; https://media.rightmove.co.uk:443/dir/crop/10:9-16:9/88k/87535/162835211/87535_MIDS_06847_Centrix_NewbS2_IMG_18_0000_max_476x317.jpeg; https://media.rightmove.co.uk:443/dir/crop/10:9-16:9/88k/87535/162835211/87535_MIDS_06847_Centrix_NewbS2_IMG_13_0000_max_476x317.jpeg; https://media.rightmove.co.uk:443/dir/crop/10:9-16:9/88k/87535/162835211/87535_MIDS_06847_Centrix_NewbS2_IMG_15_0000_max_476x317.jpeg; https://media.rightmove.co.uk:443/dir/crop/10:9-16:9/88k/87535/162835211/87535_MIDS_06847_Centrix_NewbS2_IMG_16_0000_max_476x317.jpeg; https://media.rightmove.co.uk:443/dir/crop/10:9-16:9/88k/87535/162835211/87535_MIDS_06847_Centrix_NewbS2_IMG_10_0000_max_476x317.jpeg; https://media.rightmove.co.uk:443/dir/crop/10:9-16:9/88k/87535/162835211/87535_MIDS_06847_Centrix_NewbS2_IMG_19_0000_max_476x317.jpeg; https://media.rightmove.co.uk:443/dir/crop/10:9-16:9/88k/87535/162835211/87535_MIDS_06847_Centrix_NewbS2_IMG_20_0000_max_476x317.jpeg"
"162832778","Staffordshire","Office","231 Cannock Road, Accessed Between No 225 and 227 Cannock Road, Chadsmoor, Staffordshire, WS11","£585 pcm","","","","Small Workshop/Offices/Storage. Conveniently Located","https://www.rightmove.co.uk/properties/162832778#/?channel=COM_LET","2025-06-04T12:26:41Z","","new","Marketed by Boot & Son Chartered Surveyors, Cannock","","52.702698","-2.015742","https://media.rightmove.co.uk:443/dir/crop/10:9-16:9/279k/278474/162832778/278474_BAS250142_L_IMG_00_0000_max_476x317.jpeg; https://media.rightmove.co.uk:443/dir/crop/10:9-16:9/279k/278474/162832778/278474_BAS250142_L_IMG_01_0000_max_476x317.jpeg; https://media.rightmove.co.uk:443/dir/crop/10:9-16:9/279k/278474/162832778/278474_BAS250142_L_IMG_02_0000_max_476x317.jpeg; https://media.rightmove.co.uk:443/dir/crop/10:9-16:9/279k/278474/162832778/278474_BAS250142_L_IMG_03_0000_max_476x317.jpeg; https://media.rightmove.co.uk:443/dir/crop/10:9-16:9/279k/278474/162832778/278474_BAS250142_L_IMG_04_0000_max_476x317.jpeg"
"721780396884976","Staffordshire","Light Industrial","Unit L46, Indurent Park, Lichfield Cricket Lane, Lichfield, WS14 9ER","POA","","","","Available October 2026. Indurent Park Lichfield is a brand-new, high-quality logistics and industrial development.","https://www.rightmove.co.uk/properties/721780396884976#/?channel=COM_LET","2025-11-27T11:36:04Z","","size_change","Marketed by Newmark, Industrial - Birmingham","","52.671058","-1.816445","https://media.rightmove.co.uk:443/dir/crop/10:9-16:9/279k/278948/721780396884976/278948_300960-2_IMG_00_0000_max_476x317.jpeg; https://media.rightmove.co.uk:443/dir/crop/10:9-16:9/279k/278948/721780396884976/278948_300960-2_IMG_01_0000_max_476x317.jpeg; https://media.rightmove.co.uk:443/dir/crop/10:9-16:9/279k/278948/721780396884976/278948_300960-2_IMG_02_0000_max_476x317.jpeg; https://media.rightmove.co.uk:443/dir/crop/10:9-16:9/279k/278948/721780396884976/278948_300960-2_IMG_03_0000_max_476x317.png; https://media.rightmove.co.uk:443/dir/crop/10:9-16:9/279k/278948/721780396884976/278948_300960-2_IMG_04_0000_max_476x317.jpeg"
"148466069","Staffordshire","Office","1 Smithfield, Leonard Coates Way, Hanley, Stoke-On-Trent, ST1 4FA","£11,056 pcm","","","","Office To Let, Stoke-On-Trent","https://www.rightmove.co.uk/properties/148466069#/?channel=COM_LET","2024-05-28T14:29:09Z","","size_change","Marketed by Avison Young (UK) Limited, Offices","","53.021866","-2.178109","https://media.rightmove.co.uk:443/dir/crop/10:9-16:9/57k/56478/148466069/56478_110986-2_IMG_35_0000_max_476x317.jpeg; https://media.rightmove.co.uk:443/dir/crop/10:9-16:9/57k/56478/148466069/56478_110986-2_IMG_04_0000_max_476x317.jpeg; https://media.rightmove.co.uk:443/dir/crop/10:9-16:9/57k/56478/148466069/56478_110986-2_IMG_37_0000_max_476x317.jpeg; https://media.rightmove.co.uk:443/dir/crop/10:9-16:9/57k/56478/148466069/56478_110986-2_IMG_24_0000_max_476x317.jpeg; https://media.rightmove.co.uk:443/dir/crop/10:9-16:9/57k/56478/148466069/56478_110986-2_IMG_23_0000_max_476x317.jpeg; https://media.rightmove.co.uk:443/dir/crop/10:9-16:9/57k/56478/148466069/56478_110986-2_IMG_19_0000_max_476x317.jpeg; https://media.rightmove.co.uk:443/dir/crop/10:9-16:9/57k/56478/148466069/56478_110986-2_IMG_20_0000_max_476x317.jpeg; https://media.rightmove.co.uk:443/dir/crop/10:9-16:9/57k/56478/148466069/56478_110986-2_IMG_26_0000_max_476x317.jpeg; https://media.rightmove.co.uk:443/dir/crop/10:9-16:9/57k/56478/148466069/56478_110986-2_IMG_28_0000_max_476x317.jpeg; https://media.rightmove.co.uk:443/dir/crop/10:9-16:9/57k/56478/148466069/56478_110986-2_IMG_27_0000_max_476x317.jpeg; https://media.rightmove.co.uk:443/dir/crop/10:9-16:9/57k/56478/148466069/56478_110986-2_IMG_25_0000_max_476x317.jpeg; https://media.rightmove.co.uk:443/dir/crop/10:9-16:9/57k/56478/148466069/56478_110986-2_IMG_31_0000_max_476x317.jpeg; https://media.rightmove.co.uk:443/dir/crop/10:9-16:9/57k/56478/148466069/56478_110986-2_IMG_32_0000_max_476x317.jpeg; https://media.rightmove.co.uk:443/dir/crop/10:9-16:9/57k/56478/148466069/56478_110986-2_IMG_22_0000_max_476x317.jpeg; https://media.rightmove.co.uk:443/dir/crop/10:9-16:9/57k/56478/148466069/56478_110986-2_IMG_21_0000_max_476x317.jpeg; https://media.rightmove.co.uk:443/dir/crop/10:9-16:9/57k/56478/148466069/56478_110986-2_IMG_33_0000_max_476x317.jpeg; https://media.rightmove.co.uk:443/dir/crop/10:9-16:9/57k/56478/148466069/56478_110986-2_IMG_18_0000_max_476x317.jpeg; https://media.rightmove.co.uk:443/dir/crop/10:9-16:9/57k/56478/148466069/56478_110986-2_IMG_29_0000_max_476x317.jpeg; https://media.rightmove.co.uk:443/dir/crop/10:9-16:9/57k/56478/148466069/56478_110986-2_IMG_34_0000_max_476x317.jpeg; https://media.rightmove.co.uk:443/dir/crop/10:9-16:9/57k/56478/148466069/56478_110986-2_IMG_17_0000_max_476x317.jpeg; https://media.rightmove.co.uk:443/dir/crop/10:9-16:9/57k/56478/148466069/56478_110986-2_IMG_36_0000_max_476x317.jpeg; https://media.rightmove.co.uk:443/dir/crop/10:9-16:9/57k/56478/148466069/56478_110986-2_IMG_38_0000_max_476x317.jpeg"
"721780403195601","Staffordshire","Light Industrial","Unit L78, Indurent Park Lichfield, Cricket Lane, Lichfield, WS14 9ER","POA","","","","Available October 2026. Indurent Park Lichfield is a brand-new, high-quality logistics and industrial development.","https://www.rightmove.co.uk/properties/721780403195601#/?channel=COM_LET","2025-11-27T11:36:04Z","","size_change","Marketed by Newmark, Industrial - Birmingham","","52.671058","-1.816445","https://media.rightmove.co.uk:443/dir/crop/10:9-16:9/279k/278948/721780403195601/278948_300968-2_IMG_00_0000_max_476x317.jpeg; https://media.rightmove.co.uk:443/dir/crop/10:9-16:9/279k/278948/721780403195601/278948_300968-2_IMG_01_0000_max_476x317.jpeg; https://media.rightmove.co.uk:443/dir/crop/10:9-16:9/279k/278948/721780403195601/278948_300968-2_IMG_02_0000_max_476x317.jpeg; https://media.rightmove.co.uk:443/dir/crop/10:9-16:9/279k/278948/721780403195601/278948_300968-2_IMG_03_0000_max_476x317.jpeg; https://media.rightmove.co.uk:443/dir/crop/10:9-16:9/279k/278948/721780403195601/278948_300968-2_IMG_04_0000_max_476x317.jpeg; https://media.rightmove.co.uk:443/dir/crop/10:9-16:9/279k/278948/721780403195601/278948_300968-2_IMG_05_0000_max_476x317.png"
"721780401098112","Staffordshire","Light Industrial","Unit L64, Indurent Park Lichfield, Cricket Lane, Lichfield, WS14 9ER","POA","","","","Available October 2026. Indurent Park Lichfield is a brand-new, high-quality logistics and industrial development.","https://www.rightmove.co.uk/properties/721780401098112#/?channel=COM_LET","2025-11-27T11:36:11Z","","new","Marketed by Newmark, Industrial - Birmingham","","52.671058","-1.816445","https://media.rightmove.co.uk:443/dir/crop/10:9-16:9/property-photo/873a2f22c/721780401098112/873a2f22cee34278dd93b3d57572a6d7_max_476x317.jpeg; https://media.rightmove.co.uk:443/dir/crop/10:9-16:9/property-photo/cba159886/721780401098112/cba15988654f99f0f1983cc9715c0a39_max_476x317.jpeg; https://media.rightmove.co.uk:443/dir/crop/10:9-16:9/property-photo/a7a0609d7/721780401098112/a7a0609d7c7fafc363cac620f36762d1_max_476x317.jpeg; https://media.rightmove.co.uk:443/dir/crop/10:9-16:9/property-photo/b6ec0e727/721780401098112/b6ec0e727002cb3d4ec1e3417c76a246_max_476x317.png; https://media.rightmove.co.uk:443/dir/crop/10:9-16:9/property-photo/3f1ad436c/721780401098112/3f1ad436cc50431e059b59fc980911e8_max_476x317.jpeg; https://media.rightmove.co.uk:443/dir/crop/10:9-16:9/property-photo/3d6799173/721780401098112/3d6799173ced20e935b7f83680e37b8b_max_476x317.jpeg"
"721600081566016","Staffordshire","Mixed Use","Enterprise House, West Avenue, Stoke-on-Trent, ST7 1TL","£118,500 pcm","","","","Fully fitted Distribution Facility to rent by way of a sublease or assignment on a lease expiring 12th December 2027 inside the L&T Act.","https://www.rightmove.co.uk/properties/721600081566016#/?channel=COM_LET","2025-11-26T11:30:03Z","","new","Marketed by Ferwood Limited, London","","53.085571","-2.268849","https://media.rightmove.co.uk:443/dir/crop/10:9-16:9/179k/178406/721600081566016/178406_275908-2_IMG_00_0000_max_476x317.jpeg; https://media.rightmove.co.uk:443/dir/crop/10:9-16:9/179k/178406/721600081566016/178406_275908-2_IMG_01_0000_max_476x317.jpeg; https://media.rightmove.co.uk:443/dir/crop/10:9-16:9/179k/178406/721600081566016/178406_275908-2_IMG_02_0000_max_476x317.jpeg; https://media.rightmove.co.uk:443/dir/crop/10:9-16:9/179k/178406/721600081566016/178406_275908-2_IMG_03_0000_max_476x317.jpeg; https://media.rightmove.co.uk:443/dir/crop/10:9-16:9/179k/178406/721600081566016/178406_275908-2_IMG_04_0000_max_476x317.jpeg; https://media.rightmove.co.uk:443/dir/crop/10:9-16:9/179k/178406/721600081566016/178406_275908-2_IMG_05_0000_max_476x317.jpeg; https://media.rightmove.co.uk:443/dir/crop/10:9-16:9/179k/178406/721600081566016/178406_275908-2_IMG_06_0000_max_476x317.jpeg; https://media.rightmove.co.uk:443/dir/crop/10:9-16:9/179k/178406/721600081566016/178406_275908-2_IMG_07_0000_max_476x317.jpeg; https://media.rightmove.co.uk:443/dir/crop/10:9-16:9/179k/178406/721600081566016/178406_275908-2_IMG_08_0000_max_476x317.jpeg; https://media.rightmove.co.uk:443/dir/crop/10:9-16:9/179k/178406/721600081566016/178406_275908-2_IMG_09_0000_max_476x317.jpeg; https://media.rightmove.co.uk:443/dir/crop/10:9-16:9/179k/178406/721600081566016/178406_275908-2_IMG_10_0000_max_476x317.jpeg; https://media.rightmove.co.uk:443/dir/crop/10:9-16:9/179k/178406/721600081566016/178406_275908-2_IMG_11_0000_max_476x317.jpeg; https://media.rightmove.co.uk:443/dir/crop/10:9-16:9/179k/178406/721600081566016/178406_275908-2_IMG_12_0000_max_476x317.jpeg"
"721781854406448","Staffordshire","Distribution Warehouse","Indurent Burton, A38 Lichfield Road, Burton-on-Trent, DE13 8ED","POA","","","","5 new units fronting onto the A38 in Burton","https://www.rightmove.co.uk/properties/721781854406448#/?channel=COM_LET","2025-11-27T11:55:06Z","","new","Marketed by BOX 4 REAL ESTATE, Birmingham","","52.772346","-1.685175","https://media.rightmove.co.uk:443/dir/crop/10:9-16:9/290k/289985/721781854406448/289985_295948-2_IMG_00_0000_max_476x317.jpeg; https://media.rightmove.co.uk:443/dir/crop/10:9-16:9/290k/289985/721781854406448/289985_295948-2_IMG_01_0000_max_476x317.jpeg; https://media.rightmove.co.uk:443/dir/crop/10:9-16:9/290k/289985/721781854406448/289985_295948-2_IMG_02_0000_max_476x317.jpeg; https://media.rightmove.co.uk:443/dir/crop/10:9-16:9/290k/289985/721781854406448/289985_295948-2_IMG_03_0000_max_476x317.jpeg; https://media.rightmove.co.uk:443/dir/crop/10:9-16:9/290k/289985/721781854406448/289985_295948-2_IMG_04_0000_max_476x317.jpeg; https://media.rightmove.co.uk:443/dir/crop/10:9-16:9/290k/289985/721781854406448/289985_295948-2_IMG_05_0000_max_476x317.jpeg; https://media.rightmove.co.uk:443/dir/crop/10:9-16:9/290k/289985/721781854406448/289985_295948-2_IMG_06_0000_max_476x317.jpeg; https://media.rightmove.co.uk:443/dir/crop/10:9-16:9/290k/289985/721781854406448/289985_295948-2_IMG_07_0000_max_476x317.jpeg; https://media.rightmove.co.uk:443/dir/crop/10:9-16:9/290k/289985/721781854406448/289985_295948-2_IMG_08_0000_max_476x317.jpeg; https://media.rightmove.co.uk:443/dir/crop/10:9-16:9/290k/289985/721781854406448/289985_295948-2_IMG_09_0000_max_476x317.jpeg"
"721781896365281","Staffordshire","Distribution Warehouse","B81 Indurent Burton, A38 Lichfield Road, Burton-on-Trent, DE13 8ED","POA","","","","New units fronting onto the A38 in Burton","https://www.rightmove.co.uk/properties/721781896365281#/?channel=COM_LET","2025-11-27T11:56:07Z","","new","Marketed by BOX 4 REAL ESTATE, Birmingham","","52.772346","-1.685175","https://media.rightmove.co.uk:443/dir/crop/10:9-16:9/290k/289985/721781896365281/289985_299329-2_IMG_00_0000_max_476x317.jpeg; https://media.rightmove.co.uk:443/dir/crop/10:9-16:9/290k/289985/721781896365281/289985_299329-2_IMG_01_0000_max_476x317.jpeg; https://media.rightmove.co.uk:443/dir/crop/10:9-16:9/290k/289985/721781896365281/289985_299329-2_IMG_02_0000_max_476x317.jpeg; https://media.rightmove.co.uk:443/dir/crop/10:9-16:9/290k/289985/721781896365281/289985_299329-2_IMG_03_0000_max_476x317.jpeg; https://media.rightmove.co.uk:443/dir/crop/10:9-16:9/290k/289985/721781896365281/289985_299329-2_IMG_04_0000_max_476x317.jpeg; https://media.rightmove.co.uk:443/dir/crop/10:9-16:9/290k/289985/721781896365281/289985_299329-2_IMG_05_0000_max_476x317.jpeg; https://media.rightmove.co.uk:443/dir/crop/10:9-16:9/290k/289985/721781896365281/289985_299329-2_IMG_06_0000_max_476x317.jpeg; https://media.rightmove.co.uk:443/dir/crop/10:9-16:9/290k/289985/721781896365281/289985_299329-2_IMG_07_0000_max_476x317.jpeg"
"721781904737393","Staffordshire","Distribution Warehouse","B38 Indurent Burton, A38 Lichfield Road, Burton-on-Trent, DE13 8ED","POA","","","","New units fronting onto the A38 in Burton","https://www.rightmove.co.uk/properties/721781904737393#/?channel=COM_LET","2025-11-27T11:56:13Z","","size_change","Marketed by BOX 4 REAL ESTATE, Birmingham","","52.772346","-1.685175","https://media.rightmove.co.uk:443/dir/crop/10:9-16:9/290k/289985/721781904737393/289985_299332-2_IMG_00_0000_max_476x317.jpeg; https://media.rightmove.co.uk:443/dir/crop/10:9-16:9/290k/289985/721781904737393/289985_299332-2_IMG_01_0000_max_476x317.jpeg; https://media.rightmove.co.uk:443/dir/crop/10:9-16:9/290k/289985/721781904737393/289985_299332-2_IMG_02_0000_max_476x317.jpeg; https://media.rightmove.co.uk:443/dir/crop/10:9-16:9/290k/289985/721781904737393/289985_299332-2_IMG_03_0000_max_476x317.jpeg; https://media.rightmove.co.uk:443/dir/crop/10:9-16:9/290k/289985/721781904737393/289985_299332-2_IMG_04_0000_max_476x317.jpeg; https://media.rightmove.co.uk:443/dir/crop/10:9-16:9/290k/289985/721781904737393/289985_299332-2_IMG_05_0000_max_476x317.jpeg; https://media.rightmove.co.uk:443/dir/crop/10:9-16:9/290k/289985/721781904737393/289985_299332-2_IMG_06_0000_max_476x317.jpeg; https://media.rightmove.co.uk:443/dir/crop/10:9-16:9/290k/289985/721781904737393/289985_299332-2_IMG_07_0000_max_476x317.jpeg; https://media.rightmove.co.uk:443/dir/crop/10:9-16:9/290k/289985/721781904737393/289985_299332-2_IMG_08_0000_max_476x317.jpeg"
"721781900560736","Staffordshire","Distribution Warehouse","B42 Indurent Burton, A38 Lichfield Road, Burton-on-Trent, DE13 8ED","POA","","","","New units fronting onto the A38 in Burton","https://www.rightmove.co.uk/properties/721781900560736#/?channel=COM_LET","2025-11-27T11:56:04Z","","new","Marketed by BOX 4 REAL ESTATE, Birmingham","","52.772346","-1.685175","https://media.rightmove.co.uk:443/dir/crop/10:9-16:9/290k/289985/721781900560736/289985_299331-2_IMG_00_0000_max_476x317.jpeg; https://media.rightmove.co.uk:443/dir/crop/10:9-16:9/290k/289985/721781900560736/289985_299331-2_IMG_01_0000_max_476x317.jpeg; https://media.rightmove.co.uk:443/dir/crop/10:9-16:9/290k/289985/721781900560736/289985_299331-2_IMG_02_0000_max_476x317.jpeg; https://media.rightmove.co.uk:443/dir/crop/10:9-16:9/290k/289985/721781900560736/289985_299331-2_IMG_03_0000_max_476x317.jpeg; https://media.rightmove.co.uk:443/dir/crop/10:9-16:9/290k/289985/721781900560736/289985_299331-2_IMG_04_0000_max_476x317.jpeg; https://media.rightmove.co.uk:443/dir/crop/10:9-16:9/290k/289985/721781900560736/289985_299331-2_IMG_05_0000_max_476x317.jpeg; https://media.rightmove.co.uk:443/dir/crop/10:9-16:9/290k/289985/721781900560736/289985_299331-2_IMG_06_0000_max_476x317.jpeg"
"721781831274625","Staffordshire","Distribution Warehouse","Unit 5, Lymedale Cross Industrial Estate, Newcastle, ST5 9EN","POA","","","","Refurbished high bay warehouse unit with self contained yard","https://www.rightmove.co.uk/properties/721781831274625#/?channel=COM_LET","2025-11-27T11:55:10Z","","new","Marketed by BOX 4 REAL ESTATE, Birmingham","","53.026873","-2.241719","https://media.rightmove.co.uk:443/dir/crop/10:9-16:9/290k/289985/721781831274625/289985_295841-2_IMG_00_0000_max_476x317.jpeg; https://media.rightmove.co.uk:443/dir/crop/10:9-16:9/290k/289985/721781831274625/289985_295841-2_IMG_01_0000_max_476x317.jpeg; https://media.rightmove.co.uk:443/dir/crop/10:9-16:9/290k/289985/721781831274625/289985_295841-2_IMG_02_0000_max_476x317.png; https://media.rightmove.co.uk:443/dir/crop/10:9-16:9/290k/289985/721781831274625/289985_295841-2_IMG_03_0000_max_476x317.jpeg; https://media.rightmove.co.uk:443/dir/crop/10:9-16:9/290k/289985/721781831274625/289985_295841-2_IMG_04_0000_max_476x317.jpeg; https://media.rightmove.co.uk:443/dir/crop/10:9-16:9/290k/289985/721781831274625/289985_295841-2_IMG_05_0000_max_476x317.jpeg; https://media.rightmove.co.uk:443/dir/crop/10:9-16:9/290k/289985/721781831274625/289985_295841-2_IMG_06_0000_max_476x317.jpeg; https://media.rightmove.co.uk:443/dir/crop/10:9-16:9/290k/289985/721781831274625/289985_295841-2_IMG_07_0000_max_476x317.jpeg"
"721781850227073","Staffordshire","Distribution Warehouse","B173, Indurent Park Burton, Gateway Road, Burton-on-Trent, DE13 8FL","POA","","","","Brand new Logistics unit on the A38 corridor","https://www.rightmove.co.uk/properties/721781850227073#/?channel=COM_LET","2025-11-27T11:55:04Z","","new","Marketed by BOX 4 REAL ESTATE, Birmingham","","52.770935","-1.686495","https://media.rightmove.co.uk:443/dir/crop/10:9-16:9/290k/289985/721781850227073/289985_295860-2_IMG_00_0000_max_476x317.jpeg; https://media.rightmove.co.uk:443/dir/crop/10:9-16:9/290k/289985/721781850227073/289985_295860-2_IMG_01_0000_max_476x317.jpeg; https://media.rightmove.co.uk:443/dir/crop/10:9-16:9/290k/289985/721781850227073/289985_295860-2_IMG_02_0000_max_476x317.jpeg; https://media.rightmove.co.uk:443/dir/crop/10:9-16:9/290k/289985/721781850227073/289985_295860-2_IMG_03_0000_max_476x317.jpeg; https://media.rightmove.co.uk:443/dir/crop/10:9-16:9/290k/289985/721781850227073/289985_295860-2_IMG_04_0000_max_476x317.jpeg; https://media.rightmove.co.uk:443/dir/crop/10:9-16:9/290k/289985/721781850227073/289985_295860-2_IMG_05_0000_max_476x317.jpeg; https://media.rightmove.co.uk:443/dir/crop/10:9-16:9/290k/289985/721781850227073/289985_295860-2_IMG_06_0000_max_476x317.jpeg; https://media.rightmove.co.uk:443/dir/crop/10:9-16:9/290k/289985/721781850227073/289985_295860-2_IMG_07_0000_max_476x317.jpeg"
"162202217","Staffordshire","Light Industrial","Daniel Platts Business Park, Charles Clowes Drive, Off Brownhills Road, Tunstall, Stoke-On-Trent, Staffordshire, ST6 4JU","POA","","","","Location: Daniel Platts Business Park is located on the edge of Tunstall Town Centre accessed off A5271 Brownhills Road via Charles Clowes Drive. The location provides good access the A500 which connects to other aerial roads in the areas to include Junctions 15 and 16 M6 Motorway and the A50 pr...","https://www.rightmove.co.uk/properties/162202217#/?channel=COM_LET","2025-05-20T15:54:10Z","","size_change","Marketed by Harris Lamb, Stoke-On-Trent","","53.054447","-2.210827","https://media.rightmove.co.uk:443/dir/crop/10:9-16:9/59k/58365/162202217/58365_3937LH_IMG_00_0000_max_476x317.jpeg; https://media.rightmove.co.uk:443/dir/crop/10:9-16:9/59k/58365/162202217/58365_3937LH_IMG_01_0000_max_476x317.jpeg; https://media.rightmove.co.uk:443/dir/crop/10:9-16:9/59k/58365/162202217/58365_3937LH_IMG_02_0000_max_476x317.jpeg; https://media.rightmove.co.uk:443/dir/crop/10:9-16:9/59k/58365/162202217/58365_3937LH_IMG_03_0000_max_476x317.jpeg; https://media.rightmove.co.uk:443/dir/crop/10:9-16:9/59k/58365/162202217/58365_3937LH_IMG_04_0000_max_476x317.jpeg"
"162121115","Staffordshire","Heavy Industrial","Owens Trading Estate, Wobaston Road, Wolverhampton","POA","","","","The unit is of lattice portal frame construction with steel profile cladding to the external elevations. There is a concrete floor and access is via roller shutter doors. The unit benefits from a large yard area of approximately 1 acre. The building has a maximum work height of approximately 6 me...","https://www.rightmove.co.uk/properties/162121115#/?channel=COM_LET","2025-05-19T12:50:46Z","","new","Marketed by Bulleys Chartered Surveyors, Wolverhampton","","52.627466","-2.164328","https://media.rightmove.co.uk:443/dir/crop/10:9-16:9/282k/281333/162121115/281333_BWOL969-LET_IMG_00_0001_max_476x317.jpeg; https://media.rightmove.co.uk:443/dir/crop/10:9-16:9/282k/281333/162121115/281333_BWOL969-LET_IMG_01_0001_max_476x317.jpeg; https://media.rightmove.co.uk:443/dir/crop/10:9-16:9/282k/281333/162121115/281333_BWOL969-LET_IMG_02_0001_max_476x317.jpeg; https://media.rightmove.co.uk:443/dir/crop/10:9-16:9/282k/281333/162121115/281333_BWOL969-LET_IMG_03_0001_max_476x317.jpeg; https://media.rightmove.co.uk:443/dir/crop/10:9-16:9/282k/281333/162121115/281333_BWOL969-LET_IMG_04_0001_max_476x317.jpeg; https://media.rightmove.co.uk:443/dir/crop/10:9-16:9/282k/281333/162121115/281333_BWOL969-LET_IMG_05_0001_max_476x317.jpeg"
"153555878","Staffordshire","Restaurant","First Floor Space Three Spires Quarter, Gresley Row, Lichfield, Staffordshire, WS13 6JF","POA","","","","Lichfield District Council and Evolve Estates have partnered on a joint venture to repurpose the former Debenhams unit at Three Spires shopping centre, further enhancing the city's leisure and entertainment offer. The development of a new cinema has long been on the agenda for Lichfield city cent...","https://www.rightmove.co.uk/properties/153555878#/?channel=COM_LET","2024-10-09T14:13:14Z","","size_change","Marketed by Creative Retail, Birmingham","","52.682884","-1.82407","https://media.rightmove.co.uk:443/dir/crop/10:9-16:9/192k/191489/153555878/191489_237LH_IMG_00_0000_max_476x317.jpeg; https://media.rightmove.co.uk:443/dir/crop/10:9-16:9/192k/191489/153555878/191489_237LH_IMG_01_0000_max_476x317.jpeg; https://media.rightmove.co.uk:443/dir/crop/10:9-16:9/192k/191489/153555878/191489_237LH_IMG_02_0000_max_476x317.jpeg; https://media.rightmove.co.uk:443/dir/crop/10:9-16:9/192k/191489/153555878/191489_237LH_IMG_03_0000_max_476x317.jpeg"
"161919662","Staffordshire","Warehouse","Wolverhampton 144, Hilton Cross Business Park, Wolverhampton, WV10 7QZ","POA","","","","Modern manufacturing/distribution warehouse in Wolverhampton available for immediate occupation","https://www.rightmove.co.uk/properties/161919662#/?channel=COM_LET","2025-05-14T11:02:00Z","","new","Marketed by Avison Young (UK) Limited, Avison Young Industrial 2","","52.638354","-2.092115","https://media.rightmove.co.uk:443/dir/crop/10:9-16:9/209k/208949/161919662/208949_293491-2_IMG_00_0000_max_476x317.jpeg; https://media.rightmove.co.uk:443/dir/crop/10:9-16:9/209k/208949/161919662/208949_293491-2_IMG_01_0000_max_476x317.jpeg; https://media.rightmove.co.uk:443/dir/crop/10:9-16:9/209k/208949/161919662/208949_293491-2_IMG_02_0000_max_476x317.jpeg"
"161911016","Staffordshire","Office","Stowe Street, Lichfield","£700 pcm","","","","Jayman Commercial are delighted to offer offices at the successful Advantage House on Stowe Street, close to the centre of Lichfield. This busy serviced office centre is perfect for small business seeking low cost, professional office space on flexible terms. Current availability:- There...","https://www.rightmove.co.uk/properties/161911016#/?channel=COM_LET","2025-05-14T09:19:26Z","","new","Marketed by Jayman Commercial, Lichfield","","52.685356","-1.823521","https://media.rightmove.co.uk:443/dir/crop/10:9-16:9/288k/287201/161911016/287201_33881732_IMG_04_0000_max_476x317.jpeg; https://media.rightmove.co.uk:443/dir/crop/10:9-16:9/288k/287201/161911016/287201_33881732_IMG_03_0000_max_476x317.jpeg; https://media.rightmove.co.uk:443/dir/crop/10:9-16:9/288k/287201/161911016/287201_33881732_IMG_02_0000_max_476x317.jpeg; https://media.rightmove.co.uk:443/dir/crop/10:9-16:9/288k/287201/161911016/287201_33881732_IMG_06_0000_max_476x317.jpeg; https://media.rightmove.co.uk:443/dir/crop/10:9-16:9/288k/287201/161911016/287201_33881732_IMG_07_0000_max_476x317.jpeg; https://media.rightmove.co.uk:443/dir/crop/10:9-16:9/288k/287201/161911016/287201_33881732_IMG_08_0000_max_476x317.jpeg; https://media.rightmove.co.uk:443/dir/crop/10:9-16:9/288k/287201/161911016/287201_33881732_IMG_09_0000_max_476x317.jpeg; https://media.rightmove.co.uk:443/dir/crop/10:9-16:9/288k/287201/161911016/287201_33881732_IMG_10_0000_max_476x317.jpeg; https://media.rightmove.co.uk:443/dir/crop/10:9-16:9/288k/287201/161911016/287201_33881732_IMG_11_0000_max_476x317.jpeg; https://media.rightmove.co.uk:443/dir/crop/10:9-16:9/288k/287201/161911016/287201_33881732_IMG_12_0000_max_476x317.jpeg; https://media.rightmove.co.uk:443/dir/crop/10:9-16:9/288k/287201/161911016/287201_33881732_IMG_13_0000_max_476x317.jpeg; https://media.rightmove.co.uk:443/dir/crop/10:9-16:9/288k/287201/161911016/287201_33881732_IMG_14_0000_max_476x317.jpeg; https://media.rightmove.co.uk:443/dir/crop/10:9-16:9/288k/287201/161911016/287201_33881732_IMG_01_0000_max_476x317.jpeg; https://media.rightmove.co.uk:443/dir/crop/10:9-16:9/288k/287201/161911016/287201_33881732_IMG_00_0000_max_476x317.jpeg; https://media.rightmove.co.uk:443/dir/crop/10:9-16:9/288k/287201/161911016/287201_33881732_IMG_05_0000_max_476x317.jpeg"
"161113013","Staffordshire","Trade Counter","Peter's Yard, Bradshaws Estate, WV6 7HL","£1,333 pcm","From","","4","Brand new development (STPP) located on the Perton Farm Shop Site (Bradshaws, WV6 7HL). Proposals have been submitted for a best in class, c. 8,300 sq ft of Use Class E Space and 4 x Padel Courts. The site is offered to let Subject to Planning Permission being granted (STPP).","https://www.rightmove.co.uk/properties/161113013#/?channel=COM_LET","2025-04-25T10:46:35Z","","new","Marketed by Bradshaws Estates, Staffordshire","","52.60541","-2.20717","https://media.rightmove.co.uk:443/dir/crop/10:9-16:9/289k/288782/161113013/288782_PetersYardTradeCounter_IMG_00_0000_max_476x317.jpeg; https://media.rightmove.co.uk:443/dir/crop/10:9-16:9/289k/288782/161113013/288782_PetersYardTradeCounter_IMG_01_0000_max_476x317.jpeg; https://media.rightmove.co.uk:443/dir/crop/10:9-16:9/289k/288782/161113013/288782_PetersYardTradeCounter_IMG_02_0000_max_476x317.jpeg; https://media.rightmove.co.uk:443/dir/crop/10:9-16:9/289k/288782/161113013/288782_PetersYardTradeCounter_IMG_03_0000_max_476x317.png; https://media.rightmove.co.uk:443/dir/crop/10:9-16:9/289k/288782/161113013/288782_PetersYardTradeCounter_IMG_04_0000_max_476x317.jpeg; https://media.rightmove.co.uk:443/dir/crop/10:9-16:9/289k/288782/161113013/288782_PetersYardTradeCounter_IMG_05_0000_max_476x317.jpeg; https://media.rightmove.co.uk:443/dir/crop/10:9-16:9/289k/288782/161113013/288782_PetersYardTradeCounter_IMG_06_0000_max_476x317.png; https://media.rightmove.co.uk:443/dir/crop/10:9-16:9/289k/288782/161113013/288782_PetersYardTradeCounter_IMG_07_0000_max_476x317.png; https://media.rightmove.co.uk:443/dir/crop/10:9-16:9/289k/288782/161113013/288782_PetersYardTradeCounter_IMG_08_0000_max_476x317.png; https://media.rightmove.co.uk:443/dir/crop/10:9-16:9/289k/288782/161113013/288782_PetersYardTradeCounter_IMG_09_0000_max_476x317.png; https://media.rightmove.co.uk:443/dir/crop/10:9-16:9/289k/288782/161113013/288782_PetersYardTradeCounter_IMG_10_0000_max_476x317.jpeg; https://media.rightmove.co.uk:443/dir/crop/10:9-16:9/289k/288782/161113013/288782_PetersYardTradeCounter_IMG_11_0000_max_476x317.jpeg; https://media.rightmove.co.uk:443/dir/crop/10:9-16:9/289k/288782/161113013/288782_PetersYardTradeCounter_IMG_12_0000_max_476x317.jpeg"
"161112809","Staffordshire","Warehouse","The Museum, Holyhead Road, WV8","£2,800 pcm","","","1","*Under Construction*- A brand new light industrial unit, steel frame, 80mm insulated cladding, roof lights, concrete floor, Electric roller shutter door -Steel personnel door -UPVc double glazed windows -Skylights-250W high bay LED lights -Smart Meter -W.C & Kitchen ","https://www.rightmove.co.uk/properties/161112809#/?channel=COM_LET","2025-04-25T10:44:34Z","","new","Marketed by Bradshaws Estates, Staffordshire","","52.61126","-2.22812","https://media.rightmove.co.uk:443/dir/crop/10:9-16:9/property-photo/7d15ad6aa/161112809/7d15ad6aa0083572f88416762934be12_max_476x317.jpeg; https://media.rightmove.co.uk:443/dir/crop/10:9-16:9/property-photo/3ec0385ae/161112809/3ec0385ae9aa8513a96643fc3c72ac4c_max_476x317.png; https://media.rightmove.co.uk:443/dir/crop/10:9-16:9/property-photo/501abb490/161112809/501abb4909a9887aaed022fa1d41e8ba_max_476x317.jpeg; https://media.rightmove.co.uk:443/dir/crop/10:9-16:9/property-photo/4658bd9ee/161112809/4658bd9eee9f73cb8989132a6e97caa3_max_476x317.jpeg; https://media.rightmove.co.uk:443/dir/crop/10:9-16:9/property-photo/aa5de3fbf/161112809/aa5de3fbfa7de45afd693d00cd12acc7_max_476x317.png; https://media.rightmove.co.uk:443/dir/crop/10:9-16:9/property-photo/d4f12ecda/161112809/d4f12ecda6df1c049760ad9a93e59e93_max_476x317.png; https://media.rightmove.co.uk:443/dir/crop/10:9-16:9/property-photo/34b8faf24/161112809/34b8faf246987f3a27586850777debf4_max_476x317.jpeg; https://media.rightmove.co.uk:443/dir/crop/10:9-16:9/property-photo/2c912ff38/161112809/2c912ff381bcb587a54c6697abfc67d6_max_476x317.jpeg"
"161112671","Staffordshire","Mixed Use","Peter's Yard, Bradshaws Estate, WV6 7HL","£1,333 pcm","From","","4","Brand new development (STPP) located on the Perton Farm Shop Site (Bradshaws, WV6 7HL). Proposals have been submitted for a best in class, c. 8,300 sq ft of Use Class E Space and 4 x Padel Courts. The site is offered to let Subject to Planning Permission being granted (STPP).","https://www.rightmove.co.uk/properties/161112671#/?channel=COM_LET","2025-04-25T10:42:30Z","","new","Marketed by Bradshaws Estates, Staffordshire","","52.60541","-2.20717","https://media.rightmove.co.uk:443/dir/crop/10:9-16:9/289k/288782/161112671/288782_PetersYardClassE_IMG_00_0000_max_476x317.jpeg; https://media.rightmove.co.uk:443/dir/crop/10:9-16:9/289k/288782/161112671/288782_PetersYardClassE_IMG_01_0000_max_476x317.jpeg; https://media.rightmove.co.uk:443/dir/crop/10:9-16:9/289k/288782/161112671/288782_PetersYardClassE_IMG_02_0000_max_476x317.jpeg; https://media.rightmove.co.uk:443/dir/crop/10:9-16:9/289k/288782/161112671/288782_PetersYardClassE_IMG_03_0000_max_476x317.png; https://media.rightmove.co.uk:443/dir/crop/10:9-16:9/289k/288782/161112671/288782_PetersYardClassE_IMG_04_0000_max_476x317.jpeg; https://media.rightmove.co.uk:443/dir/crop/10:9-16:9/289k/288782/161112671/288782_PetersYardClassE_IMG_05_0000_max_476x317.jpeg; https://media.rightmove.co.uk:443/dir/crop/10:9-16:9/289k/288782/161112671/288782_PetersYardClassE_IMG_06_0000_max_476x317.png; https://media.rightmove.co.uk:443/dir/crop/10:9-16:9/289k/288782/161112671/288782_PetersYardClassE_IMG_07_0000_max_476x317.png; https://media.rightmove.co.uk:443/dir/crop/10:9-16:9/289k/288782/161112671/288782_PetersYardClassE_IMG_08_0000_max_476x317.png; https://media.rightmove.co.uk:443/dir/crop/10:9-16:9/289k/288782/161112671/288782_PetersYardClassE_IMG_09_0000_max_476x317.png; https://media.rightmove.co.uk:443/dir/crop/10:9-16:9/289k/288782/161112671/288782_PetersYardClassE_IMG_10_0000_max_476x317.jpeg; https://media.rightmove.co.uk:443/dir/crop/10:9-16:9/289k/288782/161112671/288782_PetersYardClassE_IMG_11_0000_max_476x317.jpeg; https://media.rightmove.co.uk:443/dir/crop/10:9-16:9/289k/288782/161112671/288782_PetersYardClassE_IMG_12_0000_max_476x317.jpeg"
"161112260","Staffordshire","Retail Property (high street)","Peter's Yard, Bradshaws Estate, WV6 7HL","£1,333 pcm","From","","4","Brand new development (STPP) located on the Perton Farm Shop Site (Bradshaws, WV6 7HL). Proposals have been submitted for a best in class, c. 8,300 sq ft of Use Class E Space and 4 x Padel Courts. The site is offered to let Subject to Planning Permission being granted (STPP).","https://www.rightmove.co.uk/properties/161112260#/?channel=COM_LET","2025-04-25T10:37:06Z","","new","Marketed by Bradshaws Estates, Staffordshire","","52.60541","-2.20717","https://media.rightmove.co.uk:443/dir/crop/10:9-16:9/289k/288782/161112260/288782_PetersYardRetail_IMG_00_0000_max_476x317.jpeg; https://media.rightmove.co.uk:443/dir/crop/10:9-16:9/289k/288782/161112260/288782_PetersYardRetail_IMG_01_0000_max_476x317.jpeg; https://media.rightmove.co.uk:443/dir/crop/10:9-16:9/289k/288782/161112260/288782_PetersYardRetail_IMG_02_0000_max_476x317.jpeg; https://media.rightmove.co.uk:443/dir/crop/10:9-16:9/289k/288782/161112260/288782_PetersYardRetail_IMG_03_0000_max_476x317.png; https://media.rightmove.co.uk:443/dir/crop/10:9-16:9/289k/288782/161112260/288782_PetersYardRetail_IMG_04_0000_max_476x317.jpeg; https://media.rightmove.co.uk:443/dir/crop/10:9-16:9/289k/288782/161112260/288782_PetersYardRetail_IMG_05_0000_max_476x317.jpeg; https://media.rightmove.co.uk:443/dir/crop/10:9-16:9/289k/288782/161112260/288782_PetersYardRetail_IMG_06_0000_max_476x317.png; https://media.rightmove.co.uk:443/dir/crop/10:9-16:9/289k/288782/161112260/288782_PetersYardRetail_IMG_07_0000_max_476x317.png; https://media.rightmove.co.uk:443/dir/crop/10:9-16:9/289k/288782/161112260/288782_PetersYardRetail_IMG_08_0000_max_476x317.png; https://media.rightmove.co.uk:443/dir/crop/10:9-16:9/289k/288782/161112260/288782_PetersYardRetail_IMG_09_0000_max_476x317.png; https://media.rightmove.co.uk:443/dir/crop/10:9-16:9/289k/288782/161112260/288782_PetersYardRetail_IMG_10_0000_max_476x317.jpeg; https://media.rightmove.co.uk:443/dir/crop/10:9-16:9/289k/288782/161112260/288782_PetersYardRetail_IMG_11_0000_max_476x317.jpeg; https://media.rightmove.co.uk:443/dir/crop/10:9-16:9/289k/288782/161112260/288782_PetersYardRetail_IMG_12_0000_max_476x317.jpeg"
"161112716","Staffordshire","Office","Peter's Yard, Bradshaws Estate, WV6 7HL","£1,333 pcm","From","","4","Brand new development (STPP) located on the Perton Farm Shop Site (Bradshaws, WV6 7HL). Proposals have been submitted for a best in class, c. 8,300 sq ft of Use Class E Space and 4 x Padel Courts. The site is offered to let Subject to Planning Permission being granted (STPP).","https://www.rightmove.co.uk/properties/161112716#/?channel=COM_LET","2025-04-25T10:43:10Z","","new","Marketed by Bradshaws Estates, Staffordshire","","52.60541","-2.20717","https://media.rightmove.co.uk:443/dir/crop/10:9-16:9/289k/288782/161112716/288782_PetersYardOffice_IMG_00_0000_max_476x317.jpeg; https://media.rightmove.co.uk:443/dir/crop/10:9-16:9/289k/288782/161112716/288782_PetersYardOffice_IMG_01_0000_max_476x317.jpeg; https://media.rightmove.co.uk:443/dir/crop/10:9-16:9/289k/288782/161112716/288782_PetersYardOffice_IMG_02_0000_max_476x317.jpeg; https://media.rightmove.co.uk:443/dir/crop/10:9-16:9/289k/288782/161112716/288782_PetersYardOffice_IMG_03_0000_max_476x317.png; https://media.rightmove.co.uk:443/dir/crop/10:9-16:9/289k/288782/161112716/288782_PetersYardOffice_IMG_04_0000_max_476x317.jpeg; https://media.rightmove.co.uk:443/dir/crop/10:9-16:9/289k/288782/161112716/288782_PetersYardOffice_IMG_05_0000_max_476x317.jpeg; https://media.rightmove.co.uk:443/dir/crop/10:9-16:9/289k/288782/161112716/288782_PetersYardOffice_IMG_06_0000_max_476x317.png; https://media.rightmove.co.uk:443/dir/crop/10:9-16:9/289k/288782/161112716/288782_PetersYardOffice_IMG_07_0000_max_476x317.png; https://media.rightmove.co.uk:443/dir/crop/10:9-16:9/289k/288782/161112716/288782_PetersYardOffice_IMG_08_0000_max_476x317.png; https://media.rightmove.co.uk:443/dir/crop/10:9-16:9/289k/288782/161112716/288782_PetersYardOffice_IMG_09_0000_max_476x317.png; https://media.rightmove.co.uk:443/dir/crop/10:9-16:9/289k/288782/161112716/288782_PetersYardOffice_IMG_10_0000_max_476x317.jpeg; https://media.rightmove.co.uk:443/dir/crop/10:9-16:9/289k/288782/161112716/288782_PetersYardOffice_IMG_11_0000_max_476x317.jpeg; https://media.rightmove.co.uk:443/dir/crop/10:9-16:9/289k/288782/161112716/288782_PetersYardOffice_IMG_12_0000_max_476x317.jpeg"
"161884073","Staffordshire","Shop","Weston Road, Meir, Stoke-on-Trent","£400 pcm","","","","Self-contained shop unit in popular high street location. Ground Floor retail premises TO LET Rent £400 per calendar month Deposit £400 - available IMMEDIATELY on flexible lease terms. Large ground floor area Toilet and wash Room Roller Shutter doors The Property is s...","https://www.rightmove.co.uk/properties/161884073#/?channel=COM_LET","2025-05-13T15:29:40Z","","new","Marketed by Tinsley-Garner Independent Estate Agents, Stone","","52.979202","-2.102515","https://media.rightmove.co.uk:443/dir/crop/10:9-16:9/32k/31418/161884073/31418_33880387_IMG_00_0000_max_476x317.jpeg"
"167971466","Staffordshire","Light Industrial","Unit 6A, Zone 4, Multipark Burntwood, Burntwood","£1,833 pcm","","","","Multipark Burntwood, previously known as Burntwood Business Park, Zones 2 , 3 & 4 are within a large and popular business location in Staffordshire, totalling over 1 million sq.ft in size and with an onsite management team. ","https://www.rightmove.co.uk/properties/167971466#/?channel=COM_LET","2025-10-08T10:40:15Z","","new","Marketed by LCP, Commercial","","52.67676","-1.93806","https://media.rightmove.co.uk:443/dir/crop/10:9-16:9/property-photo/dd7be4949/167971466/dd7be4949c0b2a3c5a6b34730662f355_max_476x317.jpeg; https://media.rightmove.co.uk:443/dir/crop/10:9-16:9/property-photo/2d34b29e1/167971466/2d34b29e1ecf0bd373ab51d0b72f0fcf_max_476x317.jpeg; https://media.rightmove.co.uk:443/dir/crop/10:9-16:9/property-photo/685cb78c7/167971466/685cb78c7c90374704c958eddcf8c342_max_476x317.jpeg; https://media.rightmove.co.uk:443/dir/crop/10:9-16:9/property-photo/8124287e2/167971466/8124287e2d7aa3377fa63e2a303c9248_max_476x317.jpeg; https://media.rightmove.co.uk:443/dir/crop/10:9-16:9/property-photo/ebfe27a6a/167971466/ebfe27a6a681f527b2b524a223c11e16_max_476x317.jpeg; https://media.rightmove.co.uk:443/dir/crop/10:9-16:9/property-photo/ce0c3283c/167971466/ce0c3283c800a42d9ca91c54b95dc9c8_max_476x317.jpeg; https://media.rightmove.co.uk:443/dir/crop/10:9-16:9/property-photo/31cd21ed1/167971466/31cd21ed16d0eb502d1c43e50b24f55d_max_476x317.jpeg; https://media.rightmove.co.uk:443/dir/crop/10:9-16:9/property-photo/ab21c819a/167971466/ab21c819ac99222ba403fbeca3e420e9_max_476x317.jpeg"
"167971838","Staffordshire","Retail Property (out of town)","Unit 30, Quinton Court, Great Wyrley","£1,000 pcm","","","","The property forms part of Quinton Court, Great Wyrley, a busy local centre with a number of national operators.   ","https://www.rightmove.co.uk/properties/167971838#/?channel=COM_LET","2025-10-08T10:43:01Z","","new","Marketed by LCP, Commercial","","52.65794","-2.01799","https://media.rightmove.co.uk:443/dir/crop/10:9-16:9/230k/229553/167971838/229553_681cd0f388ee362b6b63967b_2_190_IMG_04_0000_max_476x317.jpeg; https://media.rightmove.co.uk:443/dir/crop/10:9-16:9/230k/229553/167971838/229553_681cd0f388ee362b6b63967b_2_190_IMG_06_0000_max_476x317.jpeg; https://media.rightmove.co.uk:443/dir/crop/10:9-16:9/230k/229553/167971838/229553_681cd0f388ee362b6b63967b_2_190_IMG_02_0000_max_476x317.jpeg; https://media.rightmove.co.uk:443/dir/crop/10:9-16:9/230k/229553/167971838/229553_681cd0f388ee362b6b63967b_2_190_IMG_03_0000_max_476x317.jpeg; https://media.rightmove.co.uk:443/dir/crop/10:9-16:9/230k/229553/167971838/229553_681cd0f388ee362b6b63967b_2_190_IMG_00_0000_max_476x317.jpeg; https://media.rightmove.co.uk:443/dir/crop/10:9-16:9/230k/229553/167971838/229553_681cd0f388ee362b6b63967b_2_190_IMG_01_0000_max_476x317.jpeg"
"161693213","Staffordshire","Light Industrial","The Glades, Festival Way, Stoke-On-Trent, Staffordshire, ST1 5SQ","POA","","","","Location: The property is located off Festival Way which is accessed from the A500 dual carriageway. The A500 provides direct access to both Junctions 15 and 16 of the M6 Motorway within 7 miles from the property and the A50 dual carriageway towards the East within 5 miles. Festival Park has su...","https://www.rightmove.co.uk/properties/161693213#/?channel=COM_LET","2025-05-08T16:37:52Z","","new","Marketed by Harris Lamb, Stoke-On-Trent","","53.032967","-2.198255","https://media.rightmove.co.uk:443/dir/crop/10:9-16:9/59k/58365/161693213/58365_6862LH_IMG_00_0000_max_476x317.jpeg; https://media.rightmove.co.uk:443/dir/crop/10:9-16:9/59k/58365/161693213/58365_6862LH_IMG_01_0000_max_476x317.jpeg; https://media.rightmove.co.uk:443/dir/crop/10:9-16:9/59k/58365/161693213/58365_6862LH_IMG_04_0000_max_476x317.jpeg; https://media.rightmove.co.uk:443/dir/crop/10:9-16:9/59k/58365/161693213/58365_6862LH_IMG_05_0000_max_476x317.jpeg; https://media.rightmove.co.uk:443/dir/crop/10:9-16:9/59k/58365/161693213/58365_6862LH_IMG_06_0000_max_476x317.jpeg; https://media.rightmove.co.uk:443/dir/crop/10:9-16:9/59k/58365/161693213/58365_6862LH_IMG_07_0000_max_476x317.jpeg"
"161568227","Staffordshire","Light Industrial","Unit 13, Hawkins Drive, Cannock, Staffordshire, WS11 0XT","POA","","","","Location: The property is situated in an established industrial area 2 miles south west of Cannock town centre, 1 mile east of junction 11 of the M6 motorway and 1 mile from the A5 Watling Street. Cannock benefits from excellent communication links located at the heart of the national motorway...","https://www.rightmove.co.uk/properties/161568227#/?channel=COM_LET","2025-05-06T16:52:33Z","","new","Marketed by Harris Lamb, Birmingham","","52.667686","-2.043646","https://media.rightmove.co.uk:443/dir/crop/10:9-16:9/105k/104813/161568227/104813_6832LH_IMG_00_0001_max_476x317.jpeg; https://media.rightmove.co.uk:443/dir/crop/10:9-16:9/105k/104813/161568227/104813_6832LH_IMG_01_0001_max_476x317.jpeg; https://media.rightmove.co.uk:443/dir/crop/10:9-16:9/105k/104813/161568227/104813_6832LH_IMG_02_0001_max_476x317.jpeg; https://media.rightmove.co.uk:443/dir/crop/10:9-16:9/105k/104813/161568227/104813_6832LH_IMG_03_0001_max_476x317.jpeg; https://media.rightmove.co.uk:443/dir/crop/10:9-16:9/105k/104813/161568227/104813_6832LH_IMG_04_0001_max_476x317.jpeg; https://media.rightmove.co.uk:443/dir/crop/10:9-16:9/105k/104813/161568227/104813_6832LH_IMG_05_0000_max_476x317.jpeg"
"169913693","Staffordshire","Shop","New Street, Staffordshire, Burton upon Trent, DE14","£585 pcm","","1","","SHOP TO LET Nicholas Humphreys are pleased to offer this ground floor shop to let in Burton on Trent. The shop consists of ground floor unit, kitchen area, separate wc. Located in the town center it would be ideal for small business or office space. Please call Nicholas Humphreys ...","https://www.rightmove.co.uk/properties/169913693#/?channel=COM_LET","2025-12-02T12:25:14Z","","new","Marketed by Nicholas Humphreys, Burton-on-Trent","","52.80183","-1.63692","https://media.rightmove.co.uk:443/dir/crop/10:9-16:9/40k/39818/169913693/39818_P1742_IMG_00_0000_max_476x317.jpeg; https://media.rightmove.co.uk:443/dir/crop/10:9-16:9/40k/39818/169913693/39818_P1742_IMG_01_0000_max_476x317.jpeg; https://media.rightmove.co.uk:443/dir/crop/10:9-16:9/40k/39818/169913693/39818_P1742_IMG_02_0000_max_476x317.jpeg; https://media.rightmove.co.uk:443/dir/crop/10:9-16:9/40k/39818/169913693/39818_P1742_IMG_03_0000_max_476x317.jpeg; https://media.rightmove.co.uk:443/dir/crop/10:9-16:9/40k/39818/169913693/39818_P1742_IMG_04_0000_max_476x317.jpeg"
"161418491","Staffordshire","Warehouse","Lichfield 283, Liberty Park, Lichfield, WS14 9HY","POA","","","","Brand new industrial / warehouse unit. Design & build 283,000 sq. ft. Deliverable within 12 months","https://www.rightmove.co.uk/properties/161418491#/?channel=COM_LET","2025-05-02T09:15:00Z","","new","Marketed by Savills, Birmingham Industrial","","52.68776","-1.793294","https://media.rightmove.co.uk:443/dir/crop/10:9-16:9/215k/214100/161418491/214100_295854-2_IMG_00_0000_max_476x317.jpeg; https://media.rightmove.co.uk:443/dir/crop/10:9-16:9/215k/214100/161418491/214100_295854-2_IMG_01_0000_max_476x317.jpeg; https://media.rightmove.co.uk:443/dir/crop/10:9-16:9/215k/214100/161418491/214100_295854-2_IMG_02_0000_max_476x317.jpeg"
"161417900","Staffordshire","Warehouse","Lichfield 80, Liberty Park, Lichfield, WS14 9HY","POA","","","","Brand new industrial / warehouse unit. Design & build 80,000 sq. ft. Deliverable within 12 months","https://www.rightmove.co.uk/properties/161417900#/?channel=COM_LET","2025-05-02T09:06:54Z","","size_change","Marketed by Savills, Birmingham Industrial","","52.68776","-1.793294","https://media.rightmove.co.uk:443/dir/crop/10:9-16:9/215k/214100/161417900/214100_295855-2_IMG_00_0000_max_476x317.jpeg; https://media.rightmove.co.uk:443/dir/crop/10:9-16:9/215k/214100/161417900/214100_295855-2_IMG_01_0000_max_476x317.jpeg; https://media.rightmove.co.uk:443/dir/crop/10:9-16:9/215k/214100/161417900/214100_295855-2_IMG_02_0000_max_476x317.jpeg"
"161417072","Staffordshire","Warehouse","Lichfield 150, Liberty Park, Lichfield, WS14 9HY","POA","","","","Brand new industrial / warehouse unit. Design & build 150,000 sq. ft. Deliverable within 12 months","https://www.rightmove.co.uk/properties/161417072#/?channel=COM_LET","2025-05-02T08:45:27Z","","new","Marketed by Savills, Birmingham Industrial","","52.68776","-1.793294","https://media.rightmove.co.uk:443/dir/crop/10:9-16:9/215k/214100/161417072/214100_295858-2_IMG_00_0000_max_476x317.jpeg; https://media.rightmove.co.uk:443/dir/crop/10:9-16:9/215k/214100/161417072/214100_295858-2_IMG_01_0000_max_476x317.jpeg; https://media.rightmove.co.uk:443/dir/crop/10:9-16:9/215k/214100/161417072/214100_295858-2_IMG_02_0000_max_476x317.jpeg"
"144849620","Staffordshire","Distribution Warehouse","Bellerton Lane, Stoke-on-Trent","£100 pcm","","","","Storage containers to rent - 10ft - 20ft Available Immediately. Incentives available. ","https://www.rightmove.co.uk/properties/144849620#/?channel=COM_LET","2024-02-18T08:11:05Z","","new","Marketed by Reign Commercial Limited, Leicester","","53.05561","-2.16228","https://media.rightmove.co.uk:443/dir/crop/10:9-16:9/130k/129790/144849620/129790_101592001655_IMG_00_0000_max_476x317.jpeg; https://media.rightmove.co.uk:443/dir/crop/10:9-16:9/130k/129790/144849620/129790_101592001655_IMG_01_0000_max_476x317.jpeg; https://media.rightmove.co.uk:443/dir/crop/10:9-16:9/130k/129790/144849620/129790_101592001655_IMG_02_0000_max_476x317.jpeg"
"155419970","Staffordshire","Light Industrial","Unit J, Progress Business Park, Brookfield Drive, Cannock, Staffordshire, WS11 0JR","£2,079 pcm","","","","The subject property comprises an end of terrace business unit offering two storey offices together with a ground floor warehouse/store. The building is situated within the popular Progress Business Park off Brookfield Drive on the outskirts of Cannock. The property includes ample parking to the ...","https://www.rightmove.co.uk/properties/155419970#/?channel=COM_LET","2024-11-27T10:18:54Z","","price_reduced","Marketed by Burley Browne, Sutton Coldfield","","52.680334","-2.025437","https://media.rightmove.co.uk:443/dir/crop/10:9-16:9/110k/109673/155419970/109673_5478LH_IMG_00_0000_max_476x317.jpeg; https://media.rightmove.co.uk:443/dir/crop/10:9-16:9/110k/109673/155419970/109673_5478LH_IMG_01_0000_max_476x317.jpeg; https://media.rightmove.co.uk:443/dir/crop/10:9-16:9/110k/109673/155419970/109673_5478LH_IMG_02_0000_max_476x317.jpeg; https://media.rightmove.co.uk:443/dir/crop/10:9-16:9/110k/109673/155419970/109673_5478LH_IMG_03_0000_max_476x317.jpeg; https://media.rightmove.co.uk:443/dir/crop/10:9-16:9/110k/109673/155419970/109673_5478LH_IMG_04_0000_max_476x317.jpeg; https://media.rightmove.co.uk:443/dir/crop/10:9-16:9/110k/109673/155419970/109673_5478LH_IMG_05_0000_max_476x317.jpeg; https://media.rightmove.co.uk:443/dir/crop/10:9-16:9/110k/109673/155419970/109673_5478LH_IMG_06_0000_max_476x317.jpeg; https://media.rightmove.co.uk:443/dir/crop/10:9-16:9/110k/109673/155419970/109673_5478LH_IMG_07_0000_max_476x317.jpeg; https://media.rightmove.co.uk:443/dir/crop/10:9-16:9/110k/109673/155419970/109673_5478LH_IMG_08_0000_max_476x317.jpeg; https://media.rightmove.co.uk:443/dir/crop/10:9-16:9/110k/109673/155419970/109673_5478LH_IMG_09_0000_max_476x317.jpeg; https://media.rightmove.co.uk:443/dir/crop/10:9-16:9/110k/109673/155419970/109673_5478LH_IMG_10_0000_max_476x317.jpeg; https://media.rightmove.co.uk:443/dir/crop/10:9-16:9/110k/109673/155419970/109673_5478LH_IMG_11_0000_max_476x317.jpeg; https://media.rightmove.co.uk:443/dir/crop/10:9-16:9/110k/109673/155419970/109673_5478LH_IMG_12_0000_max_476x317.jpeg"
"161312042","Staffordshire","Office","TRENT HOUSE, 234 VICTORIA ROAD, STOKE ON TRENT, ST4 2LW","£315 pcm","From","","","CONFERENCE AND MEETING ROOM FACILITIESVIRTUAL OFFICE SERVICESC0-WORKING OPTIONS AVAILABLEFULLY FURNISHED SUITED WITH AIR CONDITIONINGAMPLE SECURE ONSITE CAR PARKING WITH A NUMBER PLATE RECOGNITION SYSTEM IN PLACE WITH ELECTRIC VEHICLE CHARGE POINTS","https://www.rightmove.co.uk/properties/161312042#/?channel=COM_LET","2025-04-30T09:45:29Z","","new","Marketed by Read Property Associates, Warrington","","53.00616","-2.16508","https://media.rightmove.co.uk:443/dir/crop/10:9-16:9/289k/288533/161312042/288533_TRENTHOUSE_IMG_04_0000_max_476x317.jpeg; https://media.rightmove.co.uk:443/dir/crop/10:9-16:9/289k/288533/161312042/288533_TRENTHOUSE_IMG_00_0000_max_476x317.jpeg; https://media.rightmove.co.uk:443/dir/crop/10:9-16:9/289k/288533/161312042/288533_TRENTHOUSE_IMG_01_0000_max_476x317.jpeg; https://media.rightmove.co.uk:443/dir/crop/10:9-16:9/289k/288533/161312042/288533_TRENTHOUSE_IMG_02_0000_max_476x317.jpeg; https://media.rightmove.co.uk:443/dir/crop/10:9-16:9/289k/288533/161312042/288533_TRENTHOUSE_IMG_03_0000_max_476x317.jpeg"
"151497488","Staffordshire","Office","4D & 4E Gagarin, Lichfield Road Trading Estate, Tamworth, B79 7GN","£850 pcm","","","","The property presents off Gagarin through a private shared access road and is located within a secured gated area. The property has a well-presented shared entranceway that leads onto a reception area with separate kitchen and toilets that have been well maintained. The office suite is spread out...","https://www.rightmove.co.uk/properties/151497488#/?channel=COM_LET","2024-08-19T16:45:26Z","","price_reduced","Marketed by Burley Browne, Sutton Coldfield","","52.635979","-1.710864","https://media.rightmove.co.uk:443/dir/crop/10:9-16:9/110k/109673/151497488/109673_5865LH_IMG_00_0000_max_476x317.jpeg; https://media.rightmove.co.uk:443/dir/crop/10:9-16:9/110k/109673/151497488/109673_5865LH_IMG_01_0000_max_476x317.jpeg; https://media.rightmove.co.uk:443/dir/crop/10:9-16:9/110k/109673/151497488/109673_5865LH_IMG_02_0000_max_476x317.jpeg; https://media.rightmove.co.uk:443/dir/crop/10:9-16:9/110k/109673/151497488/109673_5865LH_IMG_03_0000_max_476x317.jpeg; https://media.rightmove.co.uk:443/dir/crop/10:9-16:9/110k/109673/151497488/109673_5865LH_IMG_04_0000_max_476x317.jpeg; https://media.rightmove.co.uk:443/dir/crop/10:9-16:9/110k/109673/151497488/109673_5865LH_IMG_05_0000_max_476x317.jpeg; https://media.rightmove.co.uk:443/dir/crop/10:9-16:9/110k/109673/151497488/109673_5865LH_IMG_07_0000_max_476x317.jpeg; https://media.rightmove.co.uk:443/dir/crop/10:9-16:9/110k/109673/151497488/109673_5865LH_IMG_09_0000_max_476x317.jpeg; https://media.rightmove.co.uk:443/dir/crop/10:9-16:9/110k/109673/151497488/109673_5865LH_IMG_10_0000_max_476x317.jpeg; https://media.rightmove.co.uk:443/dir/crop/10:9-16:9/110k/109673/151497488/109673_5865LH_IMG_11_0000_max_476x317.jpeg"
"160823411","Staffordshire","Light Industrial","Unit 14 C Longbridge Hayes Road, Stoke-On-Trent, Staffordshire, ST6","£2,300 pcm","From","","","Queensway Industrial Estate is located in an established trade location, with excellent rail and major road access. The estate provides a range of units which would be suited to uses including trade/retail counter, warehouse and manufacturing. ","https://www.rightmove.co.uk/properties/160823411#/?channel=COM_LET","2025-04-17T13:35:00Z","","new","Marketed by Indurent, London","","53.04266","-2.21847","https://media.rightmove.co.uk:443/dir/crop/10:9-16:9/property-photo/21187efe0/160823411/21187efe0b52285222b49f79a292bb34_max_476x317.jpeg; https://media.rightmove.co.uk:443/dir/crop/10:9-16:9/property-photo/ccd022e77/160823411/ccd022e77fe020eb56f40701f99c7608_max_476x317.jpeg; https://media.rightmove.co.uk:443/dir/crop/10:9-16:9/property-photo/b6ec06095/160823411/b6ec060958d1b489f5b7a5b502e3763e_max_476x317.jpeg; https://media.rightmove.co.uk:443/dir/crop/10:9-16:9/property-photo/6128a797c/160823411/6128a797c5ed5b92514e24807cf50671_max_476x317.jpeg; https://media.rightmove.co.uk:443/dir/crop/10:9-16:9/property-photo/f5b67d318/160823411/f5b67d3189ef3b73d918672710a5416c_max_476x317.jpeg; https://media.rightmove.co.uk:443/dir/crop/10:9-16:9/property-photo/00ffd47bf/160823411/00ffd47bf10d8faed8ce7e23ee6d7fb5_max_476x317.jpeg; https://media.rightmove.co.uk:443/dir/crop/10:9-16:9/property-photo/5922b657b/160823411/5922b657bde9a350081e8badab7fea4f_max_476x317.jpeg; https://media.rightmove.co.uk:443/dir/crop/10:9-16:9/property-photo/8c8378678/160823411/8c8378678e6f8de56504d091aeb946ec_max_476x317.jpeg; https://media.rightmove.co.uk:443/dir/crop/10:9-16:9/property-photo/6deebbcac/160823411/6deebbcac79845d5b3646c6c33ec8458_max_476x317.jpeg; https://media.rightmove.co.uk:443/dir/crop/10:9-16:9/property-photo/6e2c83f22/160823411/6e2c83f2281c8e2c1f00320d88eaf25c_max_476x317.jpeg; https://media.rightmove.co.uk:443/dir/crop/10:9-16:9/property-photo/a0fd80690/160823411/a0fd8069000f641c224e58b3ff1f5031_max_476x317.jpeg; https://media.rightmove.co.uk:443/dir/crop/10:9-16:9/property-photo/80079506f/160823411/80079506f15ca81dc89c50ab4997a003_max_476x317.jpeg"
"152864651","Staffordshire","Office","Suite 2, Sandford Court, Sandford Street, Lichfield, WS13 6QA","£833 pcm","","","","The property comprises self contained two storey offices within a three storey building offering cellular accommodation with kitchen and WC. The first and second floor offices are accessed via a private ground floor entrance leading onto the offices above which are laid out as predominantly open ...","https://www.rightmove.co.uk/properties/152864651#/?channel=COM_LET","2024-09-24T16:42:42Z","","new","Marketed by Burley Browne, Sutton Coldfield","","52.682121","-1.830929","https://media.rightmove.co.uk:443/dir/crop/10:9-16:9/110k/109673/152864651/109673_5886LH_IMG_00_0000_max_476x317.jpeg; https://media.rightmove.co.uk:443/dir/crop/10:9-16:9/110k/109673/152864651/109673_5886LH_IMG_01_0000_max_476x317.jpeg; https://media.rightmove.co.uk:443/dir/crop/10:9-16:9/110k/109673/152864651/109673_5886LH_IMG_02_0000_max_476x317.jpeg; https://media.rightmove.co.uk:443/dir/crop/10:9-16:9/110k/109673/152864651/109673_5886LH_IMG_03_0000_max_476x317.jpeg; https://media.rightmove.co.uk:443/dir/crop/10:9-16:9/110k/109673/152864651/109673_5886LH_IMG_04_0000_max_476x317.jpeg; https://media.rightmove.co.uk:443/dir/crop/10:9-16:9/110k/109673/152864651/109673_5886LH_IMG_05_0000_max_476x317.jpeg; https://media.rightmove.co.uk:443/dir/crop/10:9-16:9/110k/109673/152864651/109673_5886LH_IMG_06_0000_max_476x317.jpeg; https://media.rightmove.co.uk:443/dir/crop/10:9-16:9/110k/109673/152864651/109673_5886LH_IMG_07_0000_max_476x317.jpeg; https://media.rightmove.co.uk:443/dir/crop/10:9-16:9/110k/109673/152864651/109673_5886LH_IMG_08_0000_max_476x317.jpeg; https://media.rightmove.co.uk:443/dir/crop/10:9-16:9/110k/109673/152864651/109673_5886LH_IMG_09_0000_max_476x317.jpeg"
"160812950","Staffordshire","Office","Drayton House Unit 50c, Drayton Manor Business Park, Coleshill Road, Tamworth, B78 3SA","£3,545 pcm","","","","First Floor Drayton House provides refurbished office accommodation, with shared welfare, kitchen and access controls. The first floor can be accessed by the lift at the rear of the property or the stairs from the main entrance. Drayton Manor Business Park also benefits from 24/7 on-site security...","https://www.rightmove.co.uk/properties/160812950#/?channel=COM_LET","2025-04-17T11:23:05Z","","new","Marketed by Burley Browne, Sutton Coldfield","","52.608082","-1.705709","https://media.rightmove.co.uk:443/dir/crop/10:9-16:9/110k/109673/160812950/109673_8039LH_IMG_00_0000_max_476x317.jpeg; https://media.rightmove.co.uk:443/dir/crop/10:9-16:9/110k/109673/160812950/109673_8039LH_IMG_01_0000_max_476x317.jpeg; https://media.rightmove.co.uk:443/dir/crop/10:9-16:9/110k/109673/160812950/109673_8039LH_IMG_02_0000_max_476x317.jpeg; https://media.rightmove.co.uk:443/dir/crop/10:9-16:9/110k/109673/160812950/109673_8039LH_IMG_03_0000_max_476x317.jpeg; https://media.rightmove.co.uk:443/dir/crop/10:9-16:9/110k/109673/160812950/109673_8039LH_IMG_04_0000_max_476x317.jpeg; https://media.rightmove.co.uk:443/dir/crop/10:9-16:9/110k/109673/160812950/109673_8039LH_IMG_05_0000_max_476x317.jpeg; https://media.rightmove.co.uk:443/dir/crop/10:9-16:9/110k/109673/160812950/109673_8039LH_IMG_06_0000_max_476x317.jpeg; https://media.rightmove.co.uk:443/dir/crop/10:9-16:9/110k/109673/160812950/109673_8039LH_IMG_07_0000_max_476x317.jpeg; https://media.rightmove.co.uk:443/dir/crop/10:9-16:9/110k/109673/160812950/109673_8039LH_IMG_08_0000_max_476x317.jpeg"
"160675493","Staffordshire","Retail Property (high street)","14 High street, Stone, Staffordshire, ST15 8AW","£1,250 pcm","","","","To Let: 765 Sq.ft Ground floor retail premises located on Stone High Street","https://www.rightmove.co.uk/properties/160675493#/?channel=COM_LET","2025-04-14T16:33:51Z","","new","Marketed by MBRE, Stockport","","52.901691","-2.146226","https://media.rightmove.co.uk:443/dir/crop/10:9-16:9/property-photo/3ea3dbdc4/160675493/3ea3dbdc4d11d80cc5e6aa4eda1a1596_max_476x317.jpeg; https://media.rightmove.co.uk:443/dir/crop/10:9-16:9/property-photo/e9c00ec83/160675493/e9c00ec83a4b209fb6adf77c72217497_max_476x317.jpeg; https://media.rightmove.co.uk:443/dir/crop/10:9-16:9/property-photo/6fd4738f7/160675493/6fd4738f777f7ce56ab6c10f32833136_max_476x317.jpeg; https://media.rightmove.co.uk:443/dir/crop/10:9-16:9/property-photo/dccec5b09/160675493/dccec5b093cb689cdd1c265a8669d750_max_476x317.jpeg; https://media.rightmove.co.uk:443/dir/crop/10:9-16:9/property-photo/fb5b51227/160675493/fb5b51227f972cb9210501c99131acbd_max_476x317.jpeg; https://media.rightmove.co.uk:443/dir/crop/10:9-16:9/property-photo/09e05d645/160675493/09e05d645d96189d457d8536142cbdc1_max_476x317.jpeg; https://media.rightmove.co.uk:443/dir/crop/10:9-16:9/property-photo/26e05ea25/160675493/26e05ea25cce104ff94e9a98ee045cdd_max_476x317.jpeg; https://media.rightmove.co.uk:443/dir/crop/10:9-16:9/property-photo/a52d7ee56/160675493/a52d7ee562359561f0814cc54ffac3e8_max_476x317.jpeg; https://media.rightmove.co.uk:443/dir/crop/10:9-16:9/property-photo/306b604c6/160675493/306b604c6a01c40b7b17ad0668887767_max_476x317.jpeg; https://media.rightmove.co.uk:443/dir/crop/10:9-16:9/property-photo/f523ca3ba/160675493/f523ca3badc79182f3e3894522bebac6_max_476x317.jpeg; https://media.rightmove.co.uk:443/dir/crop/10:9-16:9/property-photo/6e5c0196b/160675493/6e5c0196bf0df1a66909acece6e1dfe7_max_476x317.jpeg; https://media.rightmove.co.uk:443/dir/crop/10:9-16:9/property-photo/17e0e3b25/160675493/17e0e3b251fd0d74cf14234fb5da05fa_max_476x317.jpeg; https://media.rightmove.co.uk:443/dir/crop/10:9-16:9/property-photo/acf03e993/160675493/acf03e99374403f12f1dee3706e47332_max_476x317.jpeg; https://media.rightmove.co.uk:443/dir/crop/10:9-16:9/property-photo/2212e047c/160675493/2212e047c9f31fddf4230c61ea1534da_max_476x317.jpeg; https://media.rightmove.co.uk:443/dir/crop/10:9-16:9/property-photo/2ca813b34/160675493/2ca813b34308bfc472206f471f920db2_max_476x317.jpeg; https://media.rightmove.co.uk:443/dir/crop/10:9-16:9/property-photo/40862545a/160675493/40862545a1c85d1bb492702c70a834b9_max_476x317.jpeg; https://media.rightmove.co.uk:443/dir/crop/10:9-16:9/property-photo/963b6129b/160675493/963b6129b3dde96439d49830b3e6d569_max_476x317.jpeg; https://media.rightmove.co.uk:443/dir/crop/10:9-16:9/property-photo/e0feb5e2e/160675493/e0feb5e2ed2604f8336b3c7871c5830d_max_476x317.jpeg; https://media.rightmove.co.uk:443/dir/crop/10:9-16:9/property-photo/d003f16ce/160675493/d003f16ce36c1ada2596f9f88ef4eded_max_476x317.jpeg; https://media.rightmove.co.uk:443/dir/crop/10:9-16:9/property-photo/029d95337/160675493/029d9533754db43cf2067eeddefc1f25_max_476x317.jpeg; https://media.rightmove.co.uk:443/dir/crop/10:9-16:9/property-photo/c844e6b97/160675493/c844e6b977c4cd1c337ff2806f8d2d56_max_476x317.jpeg; https://media.rightmove.co.uk:443/dir/crop/10:9-16:9/property-photo/a838ea2a8/160675493/a838ea2a8722aede8474cadd0634c5bc_max_476x317.jpeg; https://media.rightmove.co.uk:443/dir/crop/10:9-16:9/property-photo/0994a1d58/160675493/0994a1d58a9bb31c6a8f6780c4f1bbe0_max_476x317.jpeg; https://media.rightmove.co.uk:443/dir/crop/10:9-16:9/property-photo/da55a2fee/160675493/da55a2fee64cf3db5dfcb0418bca78dd_max_476x317.jpeg; https://media.rightmove.co.uk:443/dir/crop/10:9-16:9/property-photo/f5457d9c9/160675493/f5457d9c955589a083348595b93163be_max_476x317.jpeg; https://media.rightmove.co.uk:443/dir/crop/10:9-16:9/property-photo/757fe37de/160675493/757fe37de981c0a7f866a048925cbbc6_max_476x317.jpeg; https://media.rightmove.co.uk:443/dir/crop/10:9-16:9/property-photo/303537aea/160675493/303537aea19af32aa38557359d047214_max_476x317.jpeg"
"160594481","Staffordshire","Light Industrial","Units 8 & 9 Wayfields Farm, Rownall Road, Wetley Rocks, Stoke-On-Trent, Staffordshire, ST5 1ER","POA","","","","Location: The property is located on Wayfields Farm which comprises a small estate of similar buildings off Rownall Road in the Werrington/Wetley Rocks area of the City of Stoke on Trent. Rowley Road is accessed from Cellarhead Road (A52) at Werrington and Wayfields Farm is situated 0.70 miles ...","https://www.rightmove.co.uk/properties/160594481#/?channel=COM_LET","2025-04-11T16:20:59Z","","new","Marketed by Harris Lamb, Stoke-On-Trent","","53.035454","-2.076578","https://media.rightmove.co.uk:443/dir/crop/10:9-16:9/property-photo/6cb2cb9a5/160594481/6cb2cb9a5267878bc0ee93728bfb9cb0_max_476x317.jpeg; https://media.rightmove.co.uk:443/dir/crop/10:9-16:9/property-photo/8fe4fcad2/160594481/8fe4fcad2900838ef730bc98d3199c98_max_476x317.jpeg; https://media.rightmove.co.uk:443/dir/crop/10:9-16:9/property-photo/b4194ad35/160594481/b4194ad35a5f1d2d3eb9a18df4573f54_max_476x317.jpeg; https://media.rightmove.co.uk:443/dir/crop/10:9-16:9/property-photo/a3f870337/160594481/a3f87033718f0660b02f389a9be1e03f_max_476x317.jpeg; https://media.rightmove.co.uk:443/dir/crop/10:9-16:9/property-photo/ad5deef03/160594481/ad5deef030d5cedb371cb5502d7b0408_max_476x317.jpeg; https://media.rightmove.co.uk:443/dir/crop/10:9-16:9/property-photo/666a265ab/160594481/666a265ab6f8a6a89ded8d0a50ca6f8c_max_476x317.jpeg"
"160509008","Staffordshire","Warehouse","West Midlands Interchange, Penkridge, Stafford, ST19 5PX","POA","","","","West Midlands Interchange is a DCO approved development site, with consent to deliver up to 8 million sq ft. of Class A logistics warehousing, including a key strategic rail freight interchange in the West Midlands.","https://www.rightmove.co.uk/properties/160509008#/?channel=COM_LET","2025-04-10T13:11:18Z","","new","Marketed by CBRE - Birmingham, Birmingham Industrial","","52.68439","-2.11875","https://media.rightmove.co.uk:443/dir/crop/10:9-16:9/property-photo/352a098ed/160509008/352a098ed826d7b3d2a9e7525f4befef_max_476x317.jpeg; https://media.rightmove.co.uk:443/dir/crop/10:9-16:9/property-photo/3fa6b518b/160509008/3fa6b518b950f144730eee7f8202faba_max_476x317.jpeg; https://media.rightmove.co.uk:443/dir/crop/10:9-16:9/property-photo/53f267055/160509008/53f267055c010e6f1a223942bf3599c4_max_476x317.jpeg; https://media.rightmove.co.uk:443/dir/crop/10:9-16:9/property-photo/0841a4bce/160509008/0841a4bced63331c33d74962df2a159d_max_476x317.jpeg"
"160503482","Staffordshire","Office","Tower Square, Tunstall, Stoke-On-Trent","£500 pcm","","","","* A good sized first and second floor shop / office premises located in a busy trading area just off Tunstall high street. * The property has ample parking nearby and benefits from good footfall. * Spacious accommodation arranged over two floors with Reception Area, Office / Trading Area,...","https://www.rightmove.co.uk/properties/160503482#/?channel=COM_LET","2025-04-10T11:59:40Z","","new","Marketed by Bury & Hilton, Leek","","53.058029","-2.211781","https://media.rightmove.co.uk:443/dir/crop/10:9-16:9/10k/9123/160503482/9123_33806596_IMG_00_0000_max_476x317.jpeg; https://media.rightmove.co.uk:443/dir/crop/10:9-16:9/10k/9123/160503482/9123_33806596_IMG_08_0001_max_476x317.jpeg; https://media.rightmove.co.uk:443/dir/crop/10:9-16:9/10k/9123/160503482/9123_33806596_IMG_09_0000_max_476x317.jpeg; https://media.rightmove.co.uk:443/dir/crop/10:9-16:9/10k/9123/160503482/9123_33806596_IMG_10_0000_max_476x317.jpeg; https://media.rightmove.co.uk:443/dir/crop/10:9-16:9/10k/9123/160503482/9123_33806596_IMG_11_0000_max_476x317.jpeg; https://media.rightmove.co.uk:443/dir/crop/10:9-16:9/10k/9123/160503482/9123_33806596_IMG_12_0000_max_476x317.jpeg; https://media.rightmove.co.uk:443/dir/crop/10:9-16:9/10k/9123/160503482/9123_33806596_IMG_13_0000_max_476x317.jpeg"
"160409573","Staffordshire","Office","International House, Trentham Office Village, Bellringer Road, Stoke-On-Trent, Staffordshire, ST4 8LJ","POA","","","","Location: International House is situated to the front of Trentham Office Village off Bellringer Road. Trentham Office Village is located within Trentham providing access to the A50 and A500 which in turn gives access to the motorway network with Junction 15 M6 Motorway within 3 miles and the ...","https://www.rightmove.co.uk/properties/160409573#/?channel=COM_LET","2025-04-08T14:43:42Z","","new","Marketed by Harris Lamb, Stoke-On-Trent","","52.968655","-2.16629","https://media.rightmove.co.uk:443/dir/crop/10:9-16:9/59k/58365/160409573/58365_6816LH_IMG_05_0000_max_476x317.jpeg; https://media.rightmove.co.uk:443/dir/crop/10:9-16:9/59k/58365/160409573/58365_6816LH_IMG_00_0000_max_476x317.jpeg; https://media.rightmove.co.uk:443/dir/crop/10:9-16:9/59k/58365/160409573/58365_6816LH_IMG_01_0000_max_476x317.jpeg; https://media.rightmove.co.uk:443/dir/crop/10:9-16:9/59k/58365/160409573/58365_6816LH_IMG_02_0000_max_476x317.jpeg; https://media.rightmove.co.uk:443/dir/crop/10:9-16:9/59k/58365/160409573/58365_6816LH_IMG_03_0000_max_476x317.jpeg; https://media.rightmove.co.uk:443/dir/crop/10:9-16:9/59k/58365/160409573/58365_6816LH_IMG_04_0000_max_476x317.jpeg"
"160078829","Staffordshire","Storage","Compound - Yard, Lawley Street, Stoke-On-Trent, ST3","£1,800 pcm","","","","Amco Commercial are delighted to offer this unique opportunity to market. The Compound at Regent Works is a vast open space yard, measuring circa 12,658 sqft , and is available to lease immediately. The land is secured on all four sides, with access through a wide set of double steel...","https://www.rightmove.co.uk/properties/160078829#/?channel=COM_LET","2025-04-01T10:07:22Z","","size_change","Marketed by Amco Commercial Ltd, Manchester","","52.984394","-2.123939","https://media.rightmove.co.uk:443/dir/crop/10:9-16:9/79k/78438/160078829/78438_33781267_IMG_00_0000_max_476x317.jpeg; https://media.rightmove.co.uk:443/dir/crop/10:9-16:9/79k/78438/160078829/78438_33781267_IMG_01_0000_max_476x317.jpeg; https://media.rightmove.co.uk:443/dir/crop/10:9-16:9/79k/78438/160078829/78438_33781267_IMG_03_0000_max_476x317.jpeg; https://media.rightmove.co.uk:443/dir/crop/10:9-16:9/79k/78438/160078829/78438_33781267_IMG_02_0000_max_476x317.jpeg"
"159889646","Staffordshire","Land","Yard D Moorfields Industrial Estate, Cotes Heath, ST21 6QY","£417 pcm","","","","Yard D measuring 0.075 acres (363 square yards) recently resurfaced private secure compound available on a new lease term to be agreed. Quoting £5,000 per annum exclusive. Established industrial estate within 5 mile of J15 of the M6 motorway. Planning consent for industrial open storage use.","https://www.rightmove.co.uk/properties/159889646#/?channel=COM_LET","2025-03-27T11:42:17Z","","new","Marketed by Wildbrook Real Estate Limited, Manchester","","52.91749","-2.24044","https://media.rightmove.co.uk:443/dir/crop/10:9-16:9/271k/270272/159889646/270272_YardDMoorfieldsIndustrialEstate_IMG_03_0000_max_476x317.jpeg; https://media.rightmove.co.uk:443/dir/crop/10:9-16:9/271k/270272/159889646/270272_YardDMoorfieldsIndustrialEstate_IMG_05_0000_max_476x317.jpeg; https://media.rightmove.co.uk:443/dir/crop/10:9-16:9/271k/270272/159889646/270272_YardDMoorfieldsIndustrialEstate_IMG_04_0000_max_476x317.jpeg; https://media.rightmove.co.uk:443/dir/crop/10:9-16:9/271k/270272/159889646/270272_YardDMoorfieldsIndustrialEstate_IMG_06_0000_max_476x317.jpeg; https://media.rightmove.co.uk:443/dir/crop/10:9-16:9/271k/270272/159889646/270272_YardDMoorfieldsIndustrialEstate_IMG_02_0000_max_476x317.jpeg; https://media.rightmove.co.uk:443/dir/crop/10:9-16:9/271k/270272/159889646/270272_YardDMoorfieldsIndustrialEstate_IMG_00_0000_max_476x317.jpeg; https://media.rightmove.co.uk:443/dir/crop/10:9-16:9/271k/270272/159889646/270272_YardDMoorfieldsIndustrialEstate_IMG_01_0000_max_476x317.jpeg"
"159888671","Staffordshire","Light Industrial","Unit 9 Moorfields Industrial Estate, Cotes Heath, Staffordshire ST21 6QY","£708 pcm","","","","Rarely available 1,208 sq ft light industrial warehouse unit of steel portal frame construction, with separate office, WC and kitchenette.Within 5 miles of the M6, on an established industrial estate. ","https://www.rightmove.co.uk/properties/159888671#/?channel=COM_LET","2025-03-27T11:33:20Z","","new","Marketed by Wildbrook Real Estate Limited, Manchester","","52.91749","-2.24044","https://media.rightmove.co.uk:443/dir/crop/10:9-16:9/271k/270272/159888671/270272_Unit9Moorfields_IMG_04_0000_max_476x317.jpeg; https://media.rightmove.co.uk:443/dir/crop/10:9-16:9/271k/270272/159888671/270272_Unit9Moorfields_IMG_03_0000_max_476x317.jpeg; https://media.rightmove.co.uk:443/dir/crop/10:9-16:9/271k/270272/159888671/270272_Unit9Moorfields_IMG_05_0000_max_476x317.jpeg; https://media.rightmove.co.uk:443/dir/crop/10:9-16:9/271k/270272/159888671/270272_Unit9Moorfields_IMG_00_0000_max_476x317.jpeg; https://media.rightmove.co.uk:443/dir/crop/10:9-16:9/271k/270272/159888671/270272_Unit9Moorfields_IMG_01_0000_max_476x317.jpeg; https://media.rightmove.co.uk:443/dir/crop/10:9-16:9/271k/270272/159888671/270272_Unit9Moorfields_IMG_02_0000_max_476x317.jpeg"
"87119445","Staffordshire","Office","Landmark Medical Center , Parkhouse Industrial Estate , Newcastle Under Lyme, Staffordshire ST5 7RG","POA","","","","Welcome to a prime commercial space tailored for excellence and versatility. This state-of-the-art 3870 sq ft medical center unit offers not just ground floor accessibility but a meticulously designed medical-grade fit-out, promising a seamless experience for both practitioners and patients ali...","https://www.rightmove.co.uk/properties/87119445#/?channel=COM_LET","2025-03-24T12:42:30Z","","size_change","Marketed by BA COMMERCIAL, BA Commercial","","53.049545","-2.240891","https://media.rightmove.co.uk:443/dir/crop/10:9-16:9/288k/287543/87119445/287543_2202LH_IMG_00_0000_max_476x317.jpeg; https://media.rightmove.co.uk:443/dir/crop/10:9-16:9/288k/287543/87119445/287543_2202LH_IMG_01_0000_max_476x317.jpeg; https://media.rightmove.co.uk:443/dir/crop/10:9-16:9/288k/287543/87119445/287543_2202LH_IMG_02_0000_max_476x317.jpeg; https://media.rightmove.co.uk:443/dir/crop/10:9-16:9/288k/287543/87119445/287543_2202LH_IMG_03_0000_max_476x317.jpeg; https://media.rightmove.co.uk:443/dir/crop/10:9-16:9/288k/287543/87119445/287543_2202LH_IMG_04_0000_max_476x317.jpeg"
"87121617","Staffordshire","Warehouse","Unit 2, Indurent Park Uttoxeter, Uttoxeter, ST14 5DT","POA","","","","Reserved Matters Consent Granted - Deliverable within 15 Months","https://www.rightmove.co.uk/properties/87121617#/?channel=COM_LET","2025-03-24T13:05:27Z","","size_change","Marketed by Savills, Birmingham Industrial","","52.912743","-1.889617","https://media.rightmove.co.uk:443/dir/crop/10:9-16:9/215k/214100/87121617/214100_278149-2_IMG_00_0000_max_476x317.jpeg; https://media.rightmove.co.uk:443/dir/crop/10:9-16:9/215k/214100/87121617/214100_278149-2_IMG_01_0000_max_476x317.jpeg; https://media.rightmove.co.uk:443/dir/crop/10:9-16:9/215k/214100/87121617/214100_278149-2_IMG_02_0000_max_476x317.jpeg; https://media.rightmove.co.uk:443/dir/crop/10:9-16:9/215k/214100/87121617/214100_278149-2_IMG_03_0000_max_476x317.jpeg; https://media.rightmove.co.uk:443/dir/crop/10:9-16:9/215k/214100/87121617/214100_278149-2_IMG_04_0000_max_476x317.jpeg; https://media.rightmove.co.uk:443/dir/crop/10:9-16:9/215k/214100/87121617/214100_278149-2_IMG_05_0000_max_476x317.jpeg; https://media.rightmove.co.uk:443/dir/crop/10:9-16:9/215k/214100/87121617/214100_278149-2_IMG_06_0000_max_476x317.jpeg"
"87121218","Staffordshire","Warehouse","Unit 1, Indurent Park Uttoxeter, Uttoxeter, ST14 5DT","POA","","","","Reserved Matters Consent Granted - Deliverable within 15 Months","https://www.rightmove.co.uk/properties/87121218#/?channel=COM_LET","2025-03-24T13:00:44Z","","new","Marketed by Savills, Birmingham Industrial","","52.912743","-1.889617","https://media.rightmove.co.uk:443/dir/crop/10:9-16:9/215k/214100/87121218/214100_278115-2_IMG_00_0000_max_476x317.jpeg; https://media.rightmove.co.uk:443/dir/crop/10:9-16:9/215k/214100/87121218/214100_278115-2_IMG_01_0000_max_476x317.jpeg; https://media.rightmove.co.uk:443/dir/crop/10:9-16:9/215k/214100/87121218/214100_278115-2_IMG_02_0000_max_476x317.jpeg; https://media.rightmove.co.uk:443/dir/crop/10:9-16:9/215k/214100/87121218/214100_278115-2_IMG_03_0000_max_476x317.jpeg; https://media.rightmove.co.uk:443/dir/crop/10:9-16:9/215k/214100/87121218/214100_278115-2_IMG_04_0000_max_476x317.jpeg; https://media.rightmove.co.uk:443/dir/crop/10:9-16:9/215k/214100/87121218/214100_278115-2_IMG_05_0000_max_476x317.jpeg; https://media.rightmove.co.uk:443/dir/crop/10:9-16:9/215k/214100/87121218/214100_278115-2_IMG_06_0000_max_476x317.jpeg; https://media.rightmove.co.uk:443/dir/crop/10:9-16:9/215k/214100/87121218/214100_278115-2_IMG_07_0000_max_476x317.jpeg"
"87119439","Staffordshire","Office","Second Floor Suite 9,  Landmark Business Centre , Newcastle Under Lyme, Staffordshire ST5 7RG","£5,917 pcm","","","","Landmark Business Centre is an impressive three storey office premises. Originally built as a HQ Office but now offering individual suites. The building is steel framed and is arranged with a central service column in which the elevators, staircases and toilet facilities are located. Typical...","https://www.rightmove.co.uk/properties/87119439#/?channel=COM_LET","2025-03-24T12:42:24Z","","size_change","Marketed by BA COMMERCIAL, BA Commercial","","53.049545","-2.240891","https://media.rightmove.co.uk:443/dir/crop/10:9-16:9/288k/287543/87119439/287543_2200LH_IMG_00_0000_max_476x317.jpeg; https://media.rightmove.co.uk:443/dir/crop/10:9-16:9/288k/287543/87119439/287543_2200LH_IMG_01_0000_max_476x317.jpeg; https://media.rightmove.co.uk:443/dir/crop/10:9-16:9/288k/287543/87119439/287543_2200LH_IMG_02_0000_max_476x317.jpeg; https://media.rightmove.co.uk:443/dir/crop/10:9-16:9/288k/287543/87119439/287543_2200LH_IMG_03_0000_max_476x317.jpeg; https://media.rightmove.co.uk:443/dir/crop/10:9-16:9/288k/287543/87119439/287543_2200LH_IMG_04_0000_max_476x317.jpeg; https://media.rightmove.co.uk:443/dir/crop/10:9-16:9/288k/287543/87119439/287543_2200LH_IMG_05_0000_max_476x317.jpeg; https://media.rightmove.co.uk:443/dir/crop/10:9-16:9/288k/287543/87119439/287543_2200LH_IMG_06_0000_max_476x317.jpeg; https://media.rightmove.co.uk:443/dir/crop/10:9-16:9/288k/287543/87119439/287543_2200LH_IMG_07_0000_max_476x317.jpeg; https://media.rightmove.co.uk:443/dir/crop/10:9-16:9/288k/287543/87119439/287543_2200LH_IMG_08_0000_max_476x317.jpeg; https://media.rightmove.co.uk:443/dir/crop/10:9-16:9/288k/287543/87119439/287543_2200LH_IMG_09_0000_max_476x317.jpeg; https://media.rightmove.co.uk:443/dir/crop/10:9-16:9/288k/287543/87119439/287543_2200LH_IMG_10_0000_max_476x317.jpeg; https://media.rightmove.co.uk:443/dir/crop/10:9-16:9/288k/287543/87119439/287543_2200LH_IMG_11_0000_max_476x317.jpeg; https://media.rightmove.co.uk:443/dir/crop/10:9-16:9/288k/287543/87119439/287543_2200LH_IMG_12_0000_max_476x317.jpeg"
"87119442","Staffordshire","Office","Second Floor Suite 10,  Landmark Business Centre, Newcastle Under Lyme, Staffordshire ST5 7RG","£2,250 pcm","","","","Landmark Business Centre is an impressive three storey office premises. Originally built as a HQ Office but now offering individual suites. The building is steel framed and is arranged with a central service column in which the elevators, staircases and toilet facilities are located. Typical...","https://www.rightmove.co.uk/properties/87119442#/?channel=COM_LET","2025-03-24T12:42:27Z","","size_change","Marketed by BA COMMERCIAL, BA Commercial","","53.049545","-2.240891","https://media.rightmove.co.uk:443/dir/crop/10:9-16:9/288k/287543/87119442/287543_2201LH_IMG_00_0000_max_476x317.jpeg; https://media.rightmove.co.uk:443/dir/crop/10:9-16:9/288k/287543/87119442/287543_2201LH_IMG_01_0000_max_476x317.jpeg; https://media.rightmove.co.uk:443/dir/crop/10:9-16:9/288k/287543/87119442/287543_2201LH_IMG_02_0000_max_476x317.jpeg; https://media.rightmove.co.uk:443/dir/crop/10:9-16:9/288k/287543/87119442/287543_2201LH_IMG_03_0000_max_476x317.jpeg; https://media.rightmove.co.uk:443/dir/crop/10:9-16:9/288k/287543/87119442/287543_2201LH_IMG_04_0000_max_476x317.jpeg; https://media.rightmove.co.uk:443/dir/crop/10:9-16:9/288k/287543/87119442/287543_2201LH_IMG_05_0000_max_476x317.jpeg; https://media.rightmove.co.uk:443/dir/crop/10:9-16:9/288k/287543/87119442/287543_2201LH_IMG_06_0000_max_476x317.jpeg; https://media.rightmove.co.uk:443/dir/crop/10:9-16:9/288k/287543/87119442/287543_2201LH_IMG_07_0000_max_476x317.jpeg; https://media.rightmove.co.uk:443/dir/crop/10:9-16:9/288k/287543/87119442/287543_2201LH_IMG_08_0000_max_476x317.jpeg; https://media.rightmove.co.uk:443/dir/crop/10:9-16:9/288k/287543/87119442/287543_2201LH_IMG_09_0000_max_476x317.jpeg; https://media.rightmove.co.uk:443/dir/crop/10:9-16:9/288k/287543/87119442/287543_2201LH_IMG_10_0000_max_476x317.jpeg; https://media.rightmove.co.uk:443/dir/crop/10:9-16:9/288k/287543/87119442/287543_2201LH_IMG_11_0000_max_476x317.jpeg; https://media.rightmove.co.uk:443/dir/crop/10:9-16:9/288k/287543/87119442/287543_2201LH_IMG_12_0000_max_476x317.jpeg"
"87119421","Staffordshire","Office","First Floor Suite 7,  Landmark Business Centre, Newcastle Under Lyme, Staffordshire ST5 7RG","£1,583 pcm","","","","Landmark Business Centre is an impressive three storey office premises. Originally built as a HQ Office but now offering individual suites. The building is steel framed and is arranged with a central service column in which the elevators, staircases and toilet facilities are located. Typical...","https://www.rightmove.co.uk/properties/87119421#/?channel=COM_LET","2025-03-24T12:42:19Z","","size_change","Marketed by BA COMMERCIAL, BA Commercial","","53.049545","-2.240891","https://media.rightmove.co.uk:443/dir/crop/10:9-16:9/288k/287543/87119421/287543_2198LH_IMG_00_0000_max_476x317.jpeg; https://media.rightmove.co.uk:443/dir/crop/10:9-16:9/288k/287543/87119421/287543_2198LH_IMG_01_0000_max_476x317.jpeg; https://media.rightmove.co.uk:443/dir/crop/10:9-16:9/288k/287543/87119421/287543_2198LH_IMG_02_0000_max_476x317.jpeg; https://media.rightmove.co.uk:443/dir/crop/10:9-16:9/288k/287543/87119421/287543_2198LH_IMG_03_0000_max_476x317.jpeg; https://media.rightmove.co.uk:443/dir/crop/10:9-16:9/288k/287543/87119421/287543_2198LH_IMG_04_0000_max_476x317.jpeg; https://media.rightmove.co.uk:443/dir/crop/10:9-16:9/288k/287543/87119421/287543_2198LH_IMG_05_0000_max_476x317.jpeg; https://media.rightmove.co.uk:443/dir/crop/10:9-16:9/288k/287543/87119421/287543_2198LH_IMG_06_0000_max_476x317.jpeg; https://media.rightmove.co.uk:443/dir/crop/10:9-16:9/288k/287543/87119421/287543_2198LH_IMG_07_0000_max_476x317.jpeg; https://media.rightmove.co.uk:443/dir/crop/10:9-16:9/288k/287543/87119421/287543_2198LH_IMG_08_0000_max_476x317.jpeg; https://media.rightmove.co.uk:443/dir/crop/10:9-16:9/288k/287543/87119421/287543_2198LH_IMG_09_0000_max_476x317.jpeg; https://media.rightmove.co.uk:443/dir/crop/10:9-16:9/288k/287543/87119421/287543_2198LH_IMG_10_0000_max_476x317.jpeg; https://media.rightmove.co.uk:443/dir/crop/10:9-16:9/288k/287543/87119421/287543_2198LH_IMG_11_0000_max_476x317.jpeg; https://media.rightmove.co.uk:443/dir/crop/10:9-16:9/288k/287543/87119421/287543_2198LH_IMG_12_0000_max_476x317.jpeg"
"158157428","Staffordshire","Office","The Stables, The Bradshaws (Offices), Holyhead Road, Codsall","£900 pcm","","","","Located within a private estate, The Stables have been converted to create a light and spacious office space. The stables offer 2,720 sqft of interconnected office space over ground and first floors with views over courtyard gardens. Facilities include a kitchen area, a secure document storage r...","https://www.rightmove.co.uk/properties/158157428#/?channel=COM_LET","2025-02-12T13:01:00Z","","price_reduced","Marketed by Bulleys Chartered Surveyors, Telford","","52.620117","-2.22582","https://media.rightmove.co.uk:443/dir/crop/10:9-16:9/282k/281315/158157428/281315_BTEL1773-LET_IMG_01_0003_max_476x317.jpeg; https://media.rightmove.co.uk:443/dir/crop/10:9-16:9/282k/281315/158157428/281315_BTEL1773-LET_IMG_02_0003_max_476x317.jpeg; https://media.rightmove.co.uk:443/dir/crop/10:9-16:9/282k/281315/158157428/281315_BTEL1773-LET_IMG_03_0003_max_476x317.jpeg; https://media.rightmove.co.uk:443/dir/crop/10:9-16:9/282k/281315/158157428/281315_BTEL1773-LET_IMG_04_0003_max_476x317.jpeg; https://media.rightmove.co.uk:443/dir/crop/10:9-16:9/282k/281315/158157428/281315_BTEL1773-LET_IMG_05_0003_max_476x317.jpeg; https://media.rightmove.co.uk:443/dir/crop/10:9-16:9/282k/281315/158157428/281315_BTEL1773-LET_IMG_00_0003_max_476x317.jpeg"
"87119427","Staffordshire","Office","First Floor Suite 8,  Landmark Business Centre, Newcastle Under Lyme, Staffordshire ST5 7RG","£1,063 pcm","","","","Landmark Business Centre is an impressive three storey office premises. Originally built as a HQ Office but now offering individual suites. The building is steel framed and is arranged with a central service column in which the elevators, staircases and toilet facilities are located. Typical...","https://www.rightmove.co.uk/properties/87119427#/?channel=COM_LET","2025-03-24T12:42:21Z","","size_change","Marketed by BA COMMERCIAL, BA Commercial","","53.049545","-2.240891","https://media.rightmove.co.uk:443/dir/crop/10:9-16:9/288k/287543/87119427/287543_2199LH_IMG_00_0000_max_476x317.jpeg; https://media.rightmove.co.uk:443/dir/crop/10:9-16:9/288k/287543/87119427/287543_2199LH_IMG_01_0000_max_476x317.jpeg; https://media.rightmove.co.uk:443/dir/crop/10:9-16:9/288k/287543/87119427/287543_2199LH_IMG_02_0000_max_476x317.jpeg; https://media.rightmove.co.uk:443/dir/crop/10:9-16:9/288k/287543/87119427/287543_2199LH_IMG_03_0000_max_476x317.jpeg; https://media.rightmove.co.uk:443/dir/crop/10:9-16:9/288k/287543/87119427/287543_2199LH_IMG_04_0000_max_476x317.jpeg; https://media.rightmove.co.uk:443/dir/crop/10:9-16:9/288k/287543/87119427/287543_2199LH_IMG_05_0000_max_476x317.jpeg; https://media.rightmove.co.uk:443/dir/crop/10:9-16:9/288k/287543/87119427/287543_2199LH_IMG_06_0000_max_476x317.jpeg; https://media.rightmove.co.uk:443/dir/crop/10:9-16:9/288k/287543/87119427/287543_2199LH_IMG_07_0000_max_476x317.jpeg; https://media.rightmove.co.uk:443/dir/crop/10:9-16:9/288k/287543/87119427/287543_2199LH_IMG_08_0000_max_476x317.jpeg; https://media.rightmove.co.uk:443/dir/crop/10:9-16:9/288k/287543/87119427/287543_2199LH_IMG_09_0000_max_476x317.jpeg; https://media.rightmove.co.uk:443/dir/crop/10:9-16:9/288k/287543/87119427/287543_2199LH_IMG_10_0000_max_476x317.jpeg; https://media.rightmove.co.uk:443/dir/crop/10:9-16:9/288k/287543/87119427/287543_2199LH_IMG_11_0000_max_476x317.jpeg; https://media.rightmove.co.uk:443/dir/crop/10:9-16:9/288k/287543/87119427/287543_2199LH_IMG_12_0000_max_476x317.jpeg"
"150143021","Staffordshire","Warehouse","Fleet Garage, Meir Park, Whittle Road, Meir, Stoke-on-trent, ST3 7LF","POA","","","","Industrial To Let, Stoke-on-trent","https://www.rightmove.co.uk/properties/150143021#/?channel=COM_LET","2024-07-11T14:12:16Z","","new","Marketed by Avison Young (UK) Limited, Avison Young Industrial 2","","52.971767","-2.094583","https://media.rightmove.co.uk:443/dir/crop/10:9-16:9/209k/208949/150143021/208949_215029-2_IMG_00_0000_max_476x317.jpeg; https://media.rightmove.co.uk:443/dir/crop/10:9-16:9/209k/208949/150143021/208949_215029-2_IMG_01_0000_max_476x317.jpeg; https://media.rightmove.co.uk:443/dir/crop/10:9-16:9/209k/208949/150143021/208949_215029-2_IMG_02_0000_max_476x317.jpeg"
"159431732","Staffordshire","Office","Elmhurst Business Park, Elmhurst, Lichfield","£400 pcm","","","","Elmhurt Business Park, Lichfield. Offering a range of office sizes from single rooms for 1-2 people to larger office suites for 6-10. Great location being 5 mins from Lichfield centre and with private car park. Various units of different sizes available. Please contact us for mor...","https://www.rightmove.co.uk/properties/159431732#/?channel=COM_LET","2025-03-14T15:49:34Z","","new","Marketed by Jayman Commercial, Lichfield","","52.7145","-1.836349","https://media.rightmove.co.uk:443/dir/crop/10:9-16:9/288k/287201/159431732/287201_33741569_IMG_00_0000_max_476x317.jpeg; https://media.rightmove.co.uk:443/dir/crop/10:9-16:9/288k/287201/159431732/287201_33741569_IMG_01_0000_max_476x317.jpeg; https://media.rightmove.co.uk:443/dir/crop/10:9-16:9/288k/287201/159431732/287201_33741569_IMG_02_0000_max_476x317.jpeg; https://media.rightmove.co.uk:443/dir/crop/10:9-16:9/288k/287201/159431732/287201_33741569_IMG_03_0000_max_476x317.jpeg; https://media.rightmove.co.uk:443/dir/crop/10:9-16:9/288k/287201/159431732/287201_33741569_IMG_04_0000_max_476x317.jpeg; https://media.rightmove.co.uk:443/dir/crop/10:9-16:9/288k/287201/159431732/287201_33741569_IMG_05_0000_max_476x317.jpeg; https://media.rightmove.co.uk:443/dir/crop/10:9-16:9/288k/287201/159431732/287201_33741569_IMG_06_0000_max_476x317.jpeg"
"159300218","Staffordshire","Light Industrial","Haven House Festival Trade Park, Crown Road, Stoke-On-Trent, Staffordshire, ST1 5NJ","POA","","","","Location: The property is located off Forge Lane which is accessed directly from the A53 that links back to the A500 dual carriageway. The A500 provides direct access to both Junctions 15 and 16 of the M6 Motorway within 7 miles from the property and the A50 dual carriageway towards the East wit...","https://www.rightmove.co.uk/properties/159300218#/?channel=COM_LET","2025-03-12T09:38:16Z","","new","Marketed by Harris Lamb, Stoke-On-Trent","","53.022503","-2.20019","https://media.rightmove.co.uk:443/dir/crop/10:9-16:9/59k/58365/159300218/58365_6786LH_IMG_03_0000_max_476x317.jpeg; https://media.rightmove.co.uk:443/dir/crop/10:9-16:9/59k/58365/159300218/58365_6786LH_IMG_00_0000_max_476x317.jpeg; https://media.rightmove.co.uk:443/dir/crop/10:9-16:9/59k/58365/159300218/58365_6786LH_IMG_01_0000_max_476x317.jpeg; https://media.rightmove.co.uk:443/dir/crop/10:9-16:9/59k/58365/159300218/58365_6786LH_IMG_02_0000_max_476x317.jpeg; https://media.rightmove.co.uk:443/dir/crop/10:9-16:9/59k/58365/159300218/58365_6786LH_IMG_04_0000_max_476x317.jpeg"
"159147758","Staffordshire","Retail Property (high street)","22-24 Middle Entry, Tamworth, Staffordshire, B79 7NJ","POA","","","","The premises are set across ground floor and basement, comprising a large retail area at ground floor with extensive glazing and return frontage together with basement storage. The retail unit is being refurbished to a 'white box' specification to provide open plan ground floor sales area and wi...","https://www.rightmove.co.uk/properties/159147758#/?channel=COM_LET","2025-03-07T15:46:36Z","","size_change","Marketed by Burley Browne, Sutton Coldfield","","52.633469","-1.695115","https://media.rightmove.co.uk:443/dir/crop/10:9-16:9/110k/109673/159147758/109673_5781LH_IMG_00_0000_max_476x317.jpeg; https://media.rightmove.co.uk:443/dir/crop/10:9-16:9/110k/109673/159147758/109673_5781LH_IMG_01_0000_max_476x317.jpeg; https://media.rightmove.co.uk:443/dir/crop/10:9-16:9/110k/109673/159147758/109673_5781LH_IMG_02_0000_max_476x317.jpeg; https://media.rightmove.co.uk:443/dir/crop/10:9-16:9/110k/109673/159147758/109673_5781LH_IMG_03_0000_max_476x317.jpeg; https://media.rightmove.co.uk:443/dir/crop/10:9-16:9/110k/109673/159147758/109673_5781LH_IMG_04_0000_max_476x317.jpeg"
"159143672","Staffordshire","Retail Property (high street)","15-16 Market Street, Middle Entry Shopping Centre, Tamworth, Staffs, B79 7NJ","£2,083 pcm","","","","The property comprises a recently refurbished retail unit with prominent glazed frontage onto Market Street but which forms part of Middle Entry Shopping Centre. The property provides open plan retail sales area across split levels at ground floor together with ancillary storage and WC at first f...","https://www.rightmove.co.uk/properties/159143672#/?channel=COM_LET","2025-03-07T14:56:02Z","","price_reduced","Marketed by Burley Browne, Sutton Coldfield","","52.633152","-1.695293","https://media.rightmove.co.uk:443/dir/crop/10:9-16:9/110k/109673/159143672/109673_5530LH_IMG_00_0000_max_476x317.jpeg; https://media.rightmove.co.uk:443/dir/crop/10:9-16:9/110k/109673/159143672/109673_5530LH_IMG_01_0000_max_476x317.jpeg; https://media.rightmove.co.uk:443/dir/crop/10:9-16:9/110k/109673/159143672/109673_5530LH_IMG_02_0000_max_476x317.jpeg; https://media.rightmove.co.uk:443/dir/crop/10:9-16:9/110k/109673/159143672/109673_5530LH_IMG_03_0000_max_476x317.jpeg; https://media.rightmove.co.uk:443/dir/crop/10:9-16:9/110k/109673/159143672/109673_5530LH_IMG_04_0000_max_476x317.jpeg; https://media.rightmove.co.uk:443/dir/crop/10:9-16:9/110k/109673/159143672/109673_5530LH_IMG_05_0000_max_476x317.jpeg; https://media.rightmove.co.uk:443/dir/crop/10:9-16:9/110k/109673/159143672/109673_5530LH_IMG_06_0000_max_476x317.jpeg; https://media.rightmove.co.uk:443/dir/crop/10:9-16:9/110k/109673/159143672/109673_5530LH_IMG_07_0000_max_476x317.jpeg; https://media.rightmove.co.uk:443/dir/crop/10:9-16:9/110k/109673/159143672/109673_5530LH_IMG_08_0000_max_476x317.jpeg; https://media.rightmove.co.uk:443/dir/crop/10:9-16:9/110k/109673/159143672/109673_5530LH_IMG_09_0000_max_476x317.jpeg; https://media.rightmove.co.uk:443/dir/crop/10:9-16:9/110k/109673/159143672/109673_5530LH_IMG_10_0000_max_476x317.jpeg; https://media.rightmove.co.uk:443/dir/crop/10:9-16:9/110k/109673/159143672/109673_5530LH_IMG_11_0000_max_476x317.jpeg; https://media.rightmove.co.uk:443/dir/crop/10:9-16:9/110k/109673/159143672/109673_5530LH_IMG_12_0000_max_476x317.jpeg"
"158888609","Staffordshire","Office","Watling Street, Bridgtown, Cannock","£750 pcm","","","","Office Suite at Watling Chambers , 214 Watling Street , Cannock WS11 0BD - AVAILABLE NOW!! A prestigious office to rent upon the A5 close to Cannock Town Centre that provides links to M6 toll, M6 and all major road and rail networks. ***************************** DISCLAIMER - PLE...","https://www.rightmove.co.uk/properties/158888609#/?channel=COM_LET","2025-03-03T06:08:24Z","","new","Marketed by Webbs Estate Agents, Cannock","","52.675956","-2.034535","https://media.rightmove.co.uk:443/dir/crop/10:9-16:9/30k/29756/158888609/29756_33709260_IMG_01_0000_max_476x317.jpeg; https://media.rightmove.co.uk:443/dir/crop/10:9-16:9/30k/29756/158888609/29756_33709260_IMG_04_0000_max_476x317.jpeg; https://media.rightmove.co.uk:443/dir/crop/10:9-16:9/30k/29756/158888609/29756_33709260_IMG_00_0000_max_476x317.jpeg; https://media.rightmove.co.uk:443/dir/crop/10:9-16:9/30k/29756/158888609/29756_33709260_IMG_02_0000_max_476x317.jpeg; https://media.rightmove.co.uk:443/dir/crop/10:9-16:9/30k/29756/158888609/29756_33709260_IMG_03_0000_max_476x317.jpeg; https://media.rightmove.co.uk:443/dir/crop/10:9-16:9/30k/29756/158888609/29756_33709260_IMG_05_0000_max_476x317.jpeg; https://media.rightmove.co.uk:443/dir/crop/10:9-16:9/30k/29756/158888609/29756_33709260_IMG_06_0000_max_476x317.jpeg; https://media.rightmove.co.uk:443/dir/crop/10:9-16:9/30k/29756/158888609/29756_33709260_IMG_07_0000_max_476x317.jpeg; https://media.rightmove.co.uk:443/dir/crop/10:9-16:9/30k/29756/158888609/29756_33709260_IMG_08_0000_max_476x317.jpeg; https://media.rightmove.co.uk:443/dir/crop/10:9-16:9/30k/29756/158888609/29756_33709260_IMG_09_0000_max_476x317.jpeg"
"70114028","Staffordshire","Serviced Office","Watling Court, Orbital Plaza, Watling Street, Bridgtown, Birmingham, WS11 0EL","£669 pcm","From","","4","This offer includes a private space with 5 workstations plus 807 sqft of shared workspace. Build your business in Cannock.","https://www.rightmove.co.uk/properties/70114028#/?channel=COM_LET","2017-11-14T07:42:49Z","","price_reduced","Marketed by IW Group Services (UK) Limited, Regus","","52.67313","-2.02554","https://media.rightmove.co.uk:443/dir/crop/10:9-16:9/130k/129853/70114028/129853_UK5ws961_IMG_12_0000_max_476x317.jpeg; https://media.rightmove.co.uk:443/dir/crop/10:9-16:9/130k/129853/70114028/129853_UK5ws961_IMG_07_0001_max_476x317.jpeg; https://media.rightmove.co.uk:443/dir/crop/10:9-16:9/130k/129853/70114028/129853_UK5ws961_IMG_08_0001_max_476x317.jpeg; https://media.rightmove.co.uk:443/dir/crop/10:9-16:9/130k/129853/70114028/129853_UK5ws961_IMG_04_0001_max_476x317.jpeg; https://media.rightmove.co.uk:443/dir/crop/10:9-16:9/130k/129853/70114028/129853_UK5ws961_IMG_09_0001_max_476x317.jpeg; https://media.rightmove.co.uk:443/dir/crop/10:9-16:9/130k/129853/70114028/129853_UK5ws961_IMG_10_0001_max_476x317.jpeg; https://media.rightmove.co.uk:443/dir/crop/10:9-16:9/130k/129853/70114028/129853_UK5ws961_IMG_14_0000_max_476x317.jpeg; https://media.rightmove.co.uk:443/dir/crop/10:9-16:9/130k/129853/70114028/129853_UK5ws961_IMG_11_0001_max_476x317.jpeg; https://media.rightmove.co.uk:443/dir/crop/10:9-16:9/130k/129853/70114028/129853_UK5ws961_IMG_13_0000_max_476x317.jpeg"
"158783141","Staffordshire","Retail Property (Shopping Centre)","Unit 46, Ankerside Shopping Centre, Tamworth, Staffordshire, B79","POA","","","","Tamworth is a market town in Staffordshire with Ankerside Shopping Centre conveniently located in the heart of Tamworth's historic town centre overlooking the beautiful Grade 1 listed Tamworth Castle and its grounds. The centre offers a secure multi-storey car park with 700+ spaces.","https://www.rightmove.co.uk/properties/158783141#/?channel=COM_LET","2025-02-27T14:45:59Z","","new","Marketed by BARKER PROUDLOVE LIMITED, Manchester","","52.63261","-1.69356","https://media.rightmove.co.uk:443/dir/crop/10:9-16:9/229k/228962/158783141/228962_Unit_46_IMG_02_0000_max_476x317.jpeg; https://media.rightmove.co.uk:443/dir/crop/10:9-16:9/229k/228962/158783141/228962_Unit_46_IMG_01_0000_max_476x317.png"
"158157428","Staffordshire","Office","The Stables, The Bradshaws (Offices), Holyhead Road, Codsall","£900 pcm","","","","Located within a private estate, The Stables have been converted to create a light and spacious office space. The stables offer 2,720 sqft of interconnected office space over ground and first floors with views over courtyard gardens. Facilities include a kitchen area, a secure document storage r...","https://www.rightmove.co.uk/properties/158157428#/?channel=COM_LET","2025-02-12T13:01:00Z","","price_reduced","Marketed by Bulleys Chartered Surveyors, Telford","","52.620117","-2.22582","https://media.rightmove.co.uk:443/dir/crop/10:9-16:9/282k/281315/158157428/281315_BTEL1773-LET_IMG_01_0003_max_476x317.jpeg; https://media.rightmove.co.uk:443/dir/crop/10:9-16:9/282k/281315/158157428/281315_BTEL1773-LET_IMG_02_0003_max_476x317.jpeg; https://media.rightmove.co.uk:443/dir/crop/10:9-16:9/282k/281315/158157428/281315_BTEL1773-LET_IMG_03_0003_max_476x317.jpeg; https://media.rightmove.co.uk:443/dir/crop/10:9-16:9/282k/281315/158157428/281315_BTEL1773-LET_IMG_04_0003_max_476x317.jpeg; https://media.rightmove.co.uk:443/dir/crop/10:9-16:9/282k/281315/158157428/281315_BTEL1773-LET_IMG_05_0003_max_476x317.jpeg; https://media.rightmove.co.uk:443/dir/crop/10:9-16:9/282k/281315/158157428/281315_BTEL1773-LET_IMG_00_0003_max_476x317.jpeg"
"158740811","Staffordshire","Warehouse","Unit M36 Indurent Park Meaford, Meaford, Stone, ST15 0WQ","POA","","","","Modern refurbished warehouse on new Indurent Park available for immediate occupation subject to refurbishment.","https://www.rightmove.co.uk/properties/158740811#/?channel=COM_LET","2025-02-26T16:27:21Z","","new","Marketed by Savills, Birmingham Industrial","","52.920842","-2.1643","https://media.rightmove.co.uk:443/dir/crop/10:9-16:9/215k/214100/158740811/214100_281194-2_IMG_00_0000_max_476x317.jpeg; https://media.rightmove.co.uk:443/dir/crop/10:9-16:9/215k/214100/158740811/214100_281194-2_IMG_01_0001_max_476x317.jpeg; https://media.rightmove.co.uk:443/dir/crop/10:9-16:9/215k/214100/158740811/214100_281194-2_IMG_02_0001_max_476x317.jpeg"
"158740643","Staffordshire","Warehouse","C55 Indurent Park Stoke Central, Shelton BLVD, Stoke, ST1 5NP","POA","","","","Stoke C55 is a highly sustainable warehouse that will deliver benefits for your business, your people and the environment.","https://www.rightmove.co.uk/properties/158740643#/?channel=COM_LET","2025-02-26T16:25:28Z","","new","Marketed by Savills, Birmingham Industrial","","53.030452","-2.203554","https://media.rightmove.co.uk:443/dir/crop/10:9-16:9/215k/214100/158740643/214100_281215-2_IMG_00_0000_max_476x317.jpeg; https://media.rightmove.co.uk:443/dir/crop/10:9-16:9/215k/214100/158740643/214100_281215-2_IMG_01_0000_max_476x317.jpeg; https://media.rightmove.co.uk:443/dir/crop/10:9-16:9/215k/214100/158740643/214100_281215-2_IMG_02_0000_max_476x317.jpeg"
"158740484","Staffordshire","Warehouse","Unit M38 Indurent Park Meaford, Meaford, Stone, ST15 0WQ","POA","","","","This is a new high performing sustainable unit. It has a benefit of PV panels and smart LED on a self contained plot","https://www.rightmove.co.uk/properties/158740484#/?channel=COM_LET","2025-02-26T16:24:02Z","","size_change","Marketed by Savills, Birmingham Industrial","","52.920842","-2.1643","https://media.rightmove.co.uk:443/dir/crop/10:9-16:9/215k/214100/158740484/214100_281202-2_IMG_00_0002_max_476x317.jpeg; https://media.rightmove.co.uk:443/dir/crop/10:9-16:9/215k/214100/158740484/214100_281202-2_IMG_01_0001_max_476x317.jpeg; https://media.rightmove.co.uk:443/dir/crop/10:9-16:9/215k/214100/158740484/214100_281202-2_IMG_02_0001_max_476x317.jpeg; https://media.rightmove.co.uk:443/dir/crop/10:9-16:9/215k/214100/158740484/214100_281202-2_IMG_03_0001_max_476x317.jpeg; https://media.rightmove.co.uk:443/dir/crop/10:9-16:9/215k/214100/158740484/214100_281202-2_IMG_04_0000_max_476x317.jpeg; https://media.rightmove.co.uk:443/dir/crop/10:9-16:9/215k/214100/158740484/214100_281202-2_IMG_05_0000_max_476x317.jpeg; https://media.rightmove.co.uk:443/dir/crop/10:9-16:9/215k/214100/158740484/214100_281202-2_IMG_06_0000_max_476x317.jpeg; https://media.rightmove.co.uk:443/dir/crop/10:9-16:9/215k/214100/158740484/214100_281202-2_IMG_07_0000_max_476x317.jpeg; https://media.rightmove.co.uk:443/dir/crop/10:9-16:9/215k/214100/158740484/214100_281202-2_IMG_08_0000_max_476x317.jpeg"
"158732714","Staffordshire","Warehouse","Unit M81 Indurent Park Meaford, Meaford, Meaford, Stone, ST15 0WQ","POA","","","","This is a new high performing sustainable unit. It has a benefit of PV panels and smart LED on a self contained plot","https://www.rightmove.co.uk/properties/158732714#/?channel=COM_LET","2025-02-26T15:02:54Z","","new","Marketed by Savills, Birmingham Industrial","","52.920842","-2.1643","https://media.rightmove.co.uk:443/dir/crop/10:9-16:9/215k/214100/158732714/214100_281212-2_IMG_04_0000_max_476x317.jpeg; https://media.rightmove.co.uk:443/dir/crop/10:9-16:9/215k/214100/158732714/214100_281212-2_IMG_05_0001_max_476x317.jpeg; https://media.rightmove.co.uk:443/dir/crop/10:9-16:9/215k/214100/158732714/214100_281212-2_IMG_07_0001_max_476x317.jpeg; https://media.rightmove.co.uk:443/dir/crop/10:9-16:9/215k/214100/158732714/214100_281212-2_IMG_08_0001_max_476x317.jpeg; https://media.rightmove.co.uk:443/dir/crop/10:9-16:9/215k/214100/158732714/214100_281212-2_IMG_06_0001_max_476x317.jpeg; https://media.rightmove.co.uk:443/dir/crop/10:9-16:9/215k/214100/158732714/214100_281212-2_IMG_09_0001_max_476x317.jpeg; https://media.rightmove.co.uk:443/dir/crop/10:9-16:9/215k/214100/158732714/214100_281212-2_IMG_10_0001_max_476x317.jpeg; https://media.rightmove.co.uk:443/dir/crop/10:9-16:9/215k/214100/158732714/214100_281212-2_IMG_11_0000_max_476x317.jpeg; https://media.rightmove.co.uk:443/dir/crop/10:9-16:9/215k/214100/158732714/214100_281212-2_IMG_12_0000_max_476x317.jpeg; https://media.rightmove.co.uk:443/dir/crop/10:9-16:9/215k/214100/158732714/214100_281212-2_IMG_13_0000_max_476x317.jpeg; https://media.rightmove.co.uk:443/dir/crop/10:9-16:9/215k/214100/158732714/214100_281212-2_IMG_14_0000_max_476x317.jpeg"
"158708885","Staffordshire","Retail Property (high street)","32 Bakers Lane, Lichfield, Staffordshire, WS13 6NG","£3,750 pcm","","","","A self-contained retail unit providing a large ground floor sales area with ancillary office and loading to the rear with first floor ancillary storage, offices, staffroom / kitchen and WC's.","https://www.rightmove.co.uk/properties/158708885#/?channel=COM_LET","2025-02-26T09:28:58Z","","new","Marketed by Burley Browne, Sutton Coldfield","","52.6826","-1.825117","https://media.rightmove.co.uk:443/dir/crop/10:9-16:9/property-photo/35d0bf6b9/158708885/35d0bf6b9a2cd7fe260f68f99612a6ce_max_476x317.jpeg; https://media.rightmove.co.uk:443/dir/crop/10:9-16:9/property-photo/0d1e42f09/158708885/0d1e42f090bdbb3ccf56dadae87432bd_max_476x317.jpeg; https://media.rightmove.co.uk:443/dir/crop/10:9-16:9/property-photo/cd0dda9a3/158708885/cd0dda9a3888cc46e06496f9e9709515_max_476x317.jpeg; https://media.rightmove.co.uk:443/dir/crop/10:9-16:9/property-photo/3fa80fd11/158708885/3fa80fd11c05383be3fb9a0e471237b1_max_476x317.jpeg; https://media.rightmove.co.uk:443/dir/crop/10:9-16:9/property-photo/95bbe9bc5/158708885/95bbe9bc5cdfff74b0cd531abde70ed0_max_476x317.jpeg; https://media.rightmove.co.uk:443/dir/crop/10:9-16:9/property-photo/eaeeadc25/158708885/eaeeadc25511809174e19b012cb998e4_max_476x317.jpeg; https://media.rightmove.co.uk:443/dir/crop/10:9-16:9/property-photo/cf495b5b5/158708885/cf495b5b58f72e29a7b92f1000421b64_max_476x317.jpeg; https://media.rightmove.co.uk:443/dir/crop/10:9-16:9/property-photo/8785f4ad8/158708885/8785f4ad8b4bfcf0198ff9fb7b85a537_max_476x317.jpeg; https://media.rightmove.co.uk:443/dir/crop/10:9-16:9/property-photo/65bb8ccd9/158708885/65bb8ccd9499395742aeea99f4d91c76_max_476x317.jpeg"
"158612852","Staffordshire","Industrial Park","Units C1 & C2, Chatterley Park, Stoke-on-Trent, ST7 1UN","POA","","","","Built to a grade-A specification, the unit will benefit from separate secure goods yards and car parking, plus first floorfitted offices.","https://www.rightmove.co.uk/properties/158612852#/?channel=COM_LET","2025-02-24T10:33:39Z","","new","Marketed by Cushman & Wakefield LLP, Manchester Industrial","","53.06273","-2.24708","https://media.rightmove.co.uk:443/dir/crop/10:9-16:9/168k/167018/158612852/167018_167018_253X5U00_IMG_00_0000_max_476x317.jpeg; https://media.rightmove.co.uk:443/dir/crop/10:9-16:9/168k/167018/158612852/167018_167018_253X5U00_IMG_01_0000_max_476x317.jpeg; https://media.rightmove.co.uk:443/dir/crop/10:9-16:9/168k/167018/158612852/167018_167018_253X5U00_IMG_02_0000_max_476x317.jpeg"
"158612858","Staffordshire","Industrial Park","Unit D1, Chatterley Park, Peacock Hay Road, Stoke on Trent, ST7 1UN","POA","","","","Built to a grade-A specification, the unit will benefit from a separate secure goods yard and parking, dock and level access doors, plus generous first floor fitted offices.","https://www.rightmove.co.uk/properties/158612858#/?channel=COM_LET","2025-02-24T10:33:42Z","","new","Marketed by Cushman & Wakefield LLP, Manchester Industrial","","53.06273","-2.24708","https://media.rightmove.co.uk:443/dir/crop/10:9-16:9/168k/167018/158612858/167018_167018_253X5W00_IMG_00_0000_max_476x317.jpeg; https://media.rightmove.co.uk:443/dir/crop/10:9-16:9/168k/167018/158612858/167018_167018_253X5W00_IMG_01_0000_max_476x317.jpeg; https://media.rightmove.co.uk:443/dir/crop/10:9-16:9/168k/167018/158612858/167018_167018_253X5W00_IMG_02_0000_max_476x317.jpeg"
"158518934","Staffordshire","Office","All Saints Church, Balterley, Near Crewe, Staffordshire, CW2 5QH","POA","","","","Location: The property is located in Balterley which is approx. 3 miles from Junction 16 of the M6 and the A500. The property is predominantly located on the B5500 opposite Back Lane. Description: The premises comprises a former church building which has been converted for use as offices or al...","https://www.rightmove.co.uk/properties/158518934#/?channel=COM_LET","2025-02-20T17:04:57Z","","new","Marketed by Harris Lamb, Stoke-On-Trent","","53.052055","-2.355583","https://media.rightmove.co.uk:443/dir/crop/10:9-16:9/59k/58365/158518934/58365_6771LH_IMG_00_0000_max_476x317.jpeg; https://media.rightmove.co.uk:443/dir/crop/10:9-16:9/59k/58365/158518934/58365_6771LH_IMG_01_0000_max_476x317.jpeg; https://media.rightmove.co.uk:443/dir/crop/10:9-16:9/59k/58365/158518934/58365_6771LH_IMG_02_0000_max_476x317.jpeg; https://media.rightmove.co.uk:443/dir/crop/10:9-16:9/59k/58365/158518934/58365_6771LH_IMG_03_0000_max_476x317.jpeg; https://media.rightmove.co.uk:443/dir/crop/10:9-16:9/59k/58365/158518934/58365_6771LH_IMG_04_0000_max_476x317.jpeg; https://media.rightmove.co.uk:443/dir/crop/10:9-16:9/59k/58365/158518934/58365_6771LH_IMG_05_0000_max_476x317.jpeg; https://media.rightmove.co.uk:443/dir/crop/10:9-16:9/59k/58365/158518934/58365_6771LH_IMG_06_0000_max_476x317.jpeg"
"158437745","Staffordshire","Light Industrial","Cannock Road, Stafford, Staffordshire, ST17","£1,250 pcm","","","","The two interconnected light industrial units of steel and brick construction with brick elevations under a lined roof incorporating intermittent transparent roof lights. Concrete floor and strip lighting. There are three roller shutter doors to the premises. Minimum eaves height approximately 3.8m","https://www.rightmove.co.uk/properties/158437745#/?channel=COM_LET","2025-02-19T11:49:25Z","","new","Marketed by First City Limited, Wolverhampton","","52.77236","-2.06429","https://media.rightmove.co.uk:443/dir/crop/10:9-16:9/106k/105019/158437745/105019_5398_IMG_00_0000_max_476x317.jpeg; https://media.rightmove.co.uk:443/dir/crop/10:9-16:9/106k/105019/158437745/105019_5398_IMG_01_0000_max_476x317.jpeg"
"158285867","Staffordshire","Retail Property (high street)","8 Piccadilly, Hanley, ST1 1DL","£1,667 pcm","","","","Excellent retail opportunity with ground floor retail accommodation and office accommodation to the first floor","https://www.rightmove.co.uk/properties/158285867#/?channel=COM_LET","2025-02-14T16:02:11Z","","new","Marketed by Stirling Ackroyd, Commercial","","53.026019","-2.176021","https://media.rightmove.co.uk:443/dir/crop/10:9-16:9/158k/157631/158285867/157631_280716-2_IMG_00_0001_max_476x317.jpeg"
"158169395","Staffordshire","Office","South Staffordshire Business Hub, Wolverhampton Road, Wolverhampton","£928 pcm","","","","The Business Hub is located in Codsall and is within easy reach of local amenities. It’s also on bus routes that connect with i54 and Wolverhampton City Centre, and is just a five minute walk from Bilbrook Train Station, where you can travel to Birmingham in under half an hour. Accommodation Free...","https://www.rightmove.co.uk/properties/158169395#/?channel=COM_LET","2025-02-12T15:34:03Z","","new","Marketed by Bulleys Chartered Surveyors, Wolverhampton","","52.625708","-2.190886","https://media.rightmove.co.uk:443/dir/crop/10:9-16:9/property-photo/ef0749526/158169395/ef07495262f675df3acc82a0d1a9ea0f_max_476x317.jpeg"
"158167325","Staffordshire","Light Industrial","Unit 5 Modular Court, Enterprise Drive, Wolverhampton","£1,521 pcm","","","","The property comprises a mid terrace unit of steel portal frame construction with blockwork and steel clad elevations beneath a pitched lined roof incorporating translucent roof lights. The floor is of concrete construction and the unit is lit by LED lighting to the warehouse. The minimum eaves h...","https://www.rightmove.co.uk/properties/158167325#/?channel=COM_LET","2025-02-12T15:24:28Z","","new","Marketed by Bulleys Chartered Surveyors, Wolverhampton","","52.672773","-2.122077","https://media.rightmove.co.uk:443/dir/crop/10:9-16:9/282k/281333/158167325/281333_BWOL1943-LET_IMG_01_0001_max_476x317.jpeg; https://media.rightmove.co.uk:443/dir/crop/10:9-16:9/282k/281333/158167325/281333_BWOL1943-LET_IMG_02_0001_max_476x317.jpeg; https://media.rightmove.co.uk:443/dir/crop/10:9-16:9/282k/281333/158167325/281333_BWOL1943-LET_IMG_03_0000_max_476x317.jpeg; https://media.rightmove.co.uk:443/dir/crop/10:9-16:9/282k/281333/158167325/281333_BWOL1943-LET_IMG_04_0000_max_476x317.jpeg; https://media.rightmove.co.uk:443/dir/crop/10:9-16:9/282k/281333/158167325/281333_BWOL1943-LET_IMG_00_0002_max_476x317.jpeg"
"158169998","Staffordshire","Office","Millennium Court, First Avenue, Burton Upon Trent (Staffordshire)","£1,924 pcm","","","","The suites form part of a prominent landmark building at the entrance to Burton upon Trent on Centrum 100 adjacent to the A38 Junction. This modern office building with other occupiers is planned upon three floors and constructed with steel frame brick and glazed cladding with feature portico ent...","https://www.rightmove.co.uk/properties/158169998#/?channel=COM_LET","2025-02-12T15:39:31Z","","new","Marketed by Bulleys Chartered Surveyors, Wolverhampton","","52.791697","-1.672632","https://media.rightmove.co.uk:443/dir/crop/10:9-16:9/282k/281333/158169998/281333_BWOL1752-LET_IMG_00_0000_max_476x317.jpeg; https://media.rightmove.co.uk:443/dir/crop/10:9-16:9/282k/281333/158169998/281333_BWOL1752-LET_IMG_01_0000_max_476x317.jpeg; https://media.rightmove.co.uk:443/dir/crop/10:9-16:9/282k/281333/158169998/281333_BWOL1752-LET_IMG_02_0000_max_476x317.jpeg"
"158157440","Staffordshire","Office","1 & 2  Charter Court, Wolverhampton","POA","","","","The building provides two storeys of predominantly open plan accommodation, alongside a modern and welcoming reception area, staff breakout space and partitioned meeting rooms.   It is this combination of attractive, flexible workspace and unrivalled connectivity that makes One Charter Court such...","https://www.rightmove.co.uk/properties/158157440#/?channel=COM_LET","2025-02-12T13:01:07Z","","new","Marketed by Bulleys Chartered Surveyors, Wolverhampton","","52.63727","-2.121837","https://media.rightmove.co.uk:443/dir/crop/10:9-16:9/282k/281333/158157440/281333_BWOL1865-LET_IMG_00_0000_max_476x317.png; https://media.rightmove.co.uk:443/dir/crop/10:9-16:9/282k/281333/158157440/281333_BWOL1865-LET_IMG_01_0000_max_476x317.png; https://media.rightmove.co.uk:443/dir/crop/10:9-16:9/282k/281333/158157440/281333_BWOL1865-LET_IMG_02_0000_max_476x317.png; https://media.rightmove.co.uk:443/dir/crop/10:9-16:9/282k/281333/158157440/281333_BWOL1865-LET_IMG_03_0000_max_476x317.png; https://media.rightmove.co.uk:443/dir/crop/10:9-16:9/282k/281333/158157440/281333_BWOL1865-LET_IMG_04_0000_max_476x317.png; https://media.rightmove.co.uk:443/dir/crop/10:9-16:9/282k/281333/158157440/281333_BWOL1865-LET_IMG_05_0000_max_476x317.png; https://media.rightmove.co.uk:443/dir/crop/10:9-16:9/282k/281333/158157440/281333_BWOL1865-LET_IMG_06_0000_max_476x317.png"
"147685886","Staffordshire","Warehouse","13 Hawkins Drive, Cannock, WS11 0XT","POA","","","","Hawkins Drive comprises a five bay warehouse of steel portal frame construction and ground floor offices. Located 2 miles of Cannock.","https://www.rightmove.co.uk/properties/147685886#/?channel=COM_LET","2024-05-07T12:33:14Z","","size_change","Marketed by Mileway Real Estate UK Limited, Birmingham","","52.6665","-2.0455","https://media.rightmove.co.uk:443/dir/crop/10:9-16:9/86k/85177/147685886/85177_6ywpN5BQnavgyY32l5WAhd_IMG_16_0000_max_476x317.jpeg; https://media.rightmove.co.uk:443/dir/crop/10:9-16:9/86k/85177/147685886/85177_6ywpN5BQnavgyY32l5WAhd_IMG_13_0000_max_476x317.jpeg; https://media.rightmove.co.uk:443/dir/crop/10:9-16:9/86k/85177/147685886/85177_6ywpN5BQnavgyY32l5WAhd_IMG_14_0000_max_476x317.jpeg; https://media.rightmove.co.uk:443/dir/crop/10:9-16:9/86k/85177/147685886/85177_6ywpN5BQnavgyY32l5WAhd_IMG_15_0000_max_476x317.jpeg"
"158168192","Staffordshire","Office","Kingswood Business Park, Holyhead Road, Albrighton","POA","","","","Kingswood consists of several self-contained office buildings on a privately managed site accessible off a private drive. Existing Occupiers include Prokon Ltd, Femco Ltd, The Rok Group and Littlewood Fencing Ltd.","https://www.rightmove.co.uk/properties/158168192#/?channel=COM_LET","2025-02-12T15:21:12Z","","new","Marketed by Bulleys Chartered Surveyors, Telford","","52.618078","-2.244714","https://media.rightmove.co.uk:443/dir/crop/10:9-16:9/282k/281315/158168192/281315_BTEL1191-LET_IMG_00_0000_max_476x317.jpeg; https://media.rightmove.co.uk:443/dir/crop/10:9-16:9/282k/281315/158168192/281315_BTEL1191-LET_IMG_01_0000_max_476x317.jpeg; https://media.rightmove.co.uk:443/dir/crop/10:9-16:9/282k/281315/158168192/281315_BTEL1191-LET_IMG_02_0000_max_476x317.jpeg; https://media.rightmove.co.uk:443/dir/crop/10:9-16:9/282k/281315/158168192/281315_BTEL1191-LET_IMG_03_0000_max_476x317.jpeg; https://media.rightmove.co.uk:443/dir/crop/10:9-16:9/282k/281315/158168192/281315_BTEL1191-LET_IMG_04_0000_max_476x317.jpeg; https://media.rightmove.co.uk:443/dir/crop/10:9-16:9/282k/281315/158168192/281315_BTEL1191-LET_IMG_05_0000_max_476x317.jpeg"
"158167175","Staffordshire","Light Industrial","Units 1, 2 and 3 Four Ashes Industrial Estate, Station Road, Wolverhampton","POA","","","","Having undergone an intensive scheme of refurbishment, the unit is constructed of steel portal frame, having brickwork/corrugated sheet elevations beneath a pitched roof incorporating translucent roof lights with a concrete floor. The unit is lit by LED lighting fluorescent strip lights and minim...","https://www.rightmove.co.uk/properties/158167175#/?channel=COM_LET","2025-02-12T15:11:44Z","","new","Marketed by Bulleys Chartered Surveyors, Wolverhampton","","52.675184","-2.12042","https://media.rightmove.co.uk:443/dir/crop/10:9-16:9/property-photo/0967ebd3f/158167175/0967ebd3f8ea7070aab677dbb7d04e3f_max_476x317.jpeg; https://media.rightmove.co.uk:443/dir/crop/10:9-16:9/property-photo/f53f50be4/158167175/f53f50be45c97ddf18139ab87fabdb4e_max_476x317.jpeg; https://media.rightmove.co.uk:443/dir/crop/10:9-16:9/property-photo/e8c8e3c88/158167175/e8c8e3c882e3abfd6973a7e8cc0a97f2_max_476x317.jpeg; https://media.rightmove.co.uk:443/dir/crop/10:9-16:9/property-photo/d057495c0/158167175/d057495c0f907aa1c1c747b1bf1d66a4_max_476x317.jpeg; https://media.rightmove.co.uk:443/dir/crop/10:9-16:9/property-photo/662d5c842/158167175/662d5c842dfdab206e36ed4c525542c5_max_476x317.jpeg; https://media.rightmove.co.uk:443/dir/crop/10:9-16:9/property-photo/5cdb452f2/158167175/5cdb452f27c6502d7b98644b69584fa6_max_476x317.jpeg; https://media.rightmove.co.uk:443/dir/crop/10:9-16:9/property-photo/aef5dd47e/158167175/aef5dd47e88e9c27dedc4c87739c9729_max_476x317.jpeg"
"158166818","Staffordshire","Light Industrial","Heathmill Road Industrial Estate, Heathmill Road, Wombourne","POA","","","","Unit 2 benefits from LED lighting and is an open storage unit with no WC facilities. Minimum eaves height is approximately 9’0” (2.7m) rising to approximately 13’1” (4 m). Vehicular access is via the roller shutter door. Unit 3 benefits from WC facilities with offices and store rooms to the front...","https://www.rightmove.co.uk/properties/158166818#/?channel=COM_LET","2025-02-12T15:07:35Z","","new","Marketed by Bulleys Chartered Surveyors, Wolverhampton","","52.524857","-2.21053","https://media.rightmove.co.uk:443/dir/crop/10:9-16:9/282k/281333/158166818/281333_BWOL1783-LET_IMG_00_0002_max_476x317.jpeg; https://media.rightmove.co.uk:443/dir/crop/10:9-16:9/282k/281333/158166818/281333_BWOL1783-LET_IMG_01_0002_max_476x317.jpeg; https://media.rightmove.co.uk:443/dir/crop/10:9-16:9/282k/281333/158166818/281333_BWOL1783-LET_IMG_02_0002_max_476x317.jpeg; https://media.rightmove.co.uk:443/dir/crop/10:9-16:9/282k/281333/158166818/281333_BWOL1783-LET_IMG_03_0002_max_476x317.jpeg; https://media.rightmove.co.uk:443/dir/crop/10:9-16:9/282k/281333/158166818/281333_BWOL1783-LET_IMG_04_0002_max_476x317.jpeg; https://media.rightmove.co.uk:443/dir/crop/10:9-16:9/282k/281333/158166818/281333_BWOL1783-LET_IMG_05_0002_max_476x317.jpeg; https://media.rightmove.co.uk:443/dir/crop/10:9-16:9/282k/281333/158166818/281333_BWOL1783-LET_IMG_06_0002_max_476x317.jpeg; https://media.rightmove.co.uk:443/dir/crop/10:9-16:9/282k/281333/158166818/281333_BWOL1783-LET_IMG_07_0002_max_476x317.jpeg; https://media.rightmove.co.uk:443/dir/crop/10:9-16:9/282k/281333/158166818/281333_BWOL1783-LET_IMG_08_0002_max_476x317.jpeg; https://media.rightmove.co.uk:443/dir/crop/10:9-16:9/282k/281333/158166818/281333_BWOL1783-LET_IMG_09_0002_max_476x317.jpeg"
"86735103","Staffordshire","Land","Land Off Crossfield Road/Burton Road, Trent Valley, Lichfield, Staffordshire, WS13 6HB","POA","","","","The subject property comprises open storage land which has been levelled and is of hardcore surfacing. The site can accommodate a single open storage plot of up to 6 acres or can be split to provide multiple plots from a minimum of 1 acre. The premises is located in a prominent position on Crossf...","https://www.rightmove.co.uk/properties/86735103#/?channel=COM_LET","2024-01-18T10:55:33Z","","new","Marketed by Burley Browne, Sutton Coldfield","","52.686968","-1.802732","https://media.rightmove.co.uk:443/dir/crop/10:9-16:9/110k/109673/86735103/109673_5603LH_IMG_00_0001_max_476x317.jpeg; https://media.rightmove.co.uk:443/dir/crop/10:9-16:9/110k/109673/86735103/109673_5603LH_IMG_01_0001_max_476x317.jpeg; https://media.rightmove.co.uk:443/dir/crop/10:9-16:9/110k/109673/86735103/109673_5603LH_IMG_02_0001_max_476x317.jpeg; https://media.rightmove.co.uk:443/dir/crop/10:9-16:9/110k/109673/86735103/109673_5603LH_IMG_03_0001_max_476x317.jpeg; https://media.rightmove.co.uk:443/dir/crop/10:9-16:9/110k/109673/86735103/109673_5603LH_IMG_04_0001_max_476x317.jpeg; https://media.rightmove.co.uk:443/dir/crop/10:9-16:9/110k/109673/86735103/109673_5603LH_IMG_05_0001_max_476x317.jpeg; https://media.rightmove.co.uk:443/dir/crop/10:9-16:9/110k/109673/86735103/109673_5603LH_IMG_06_0001_max_476x317.jpeg; https://media.rightmove.co.uk:443/dir/crop/10:9-16:9/110k/109673/86735103/109673_5603LH_IMG_07_0001_max_476x317.jpeg; https://media.rightmove.co.uk:443/dir/crop/10:9-16:9/110k/109673/86735103/109673_5603LH_IMG_08_0001_max_476x317.jpeg; https://media.rightmove.co.uk:443/dir/crop/10:9-16:9/110k/109673/86735103/109673_5603LH_IMG_09_0001_max_476x317.jpeg; https://media.rightmove.co.uk:443/dir/crop/10:9-16:9/110k/109673/86735103/109673_5603LH_IMG_10_0001_max_476x317.jpeg; https://media.rightmove.co.uk:443/dir/crop/10:9-16:9/110k/109673/86735103/109673_5603LH_IMG_11_0001_max_476x317.jpeg; https://media.rightmove.co.uk:443/dir/crop/10:9-16:9/110k/109673/86735103/109673_5603LH_IMG_12_0001_max_476x317.jpeg; https://media.rightmove.co.uk:443/dir/crop/10:9-16:9/110k/109673/86735103/109673_5603LH_IMG_13_0001_max_476x317.jpeg; https://media.rightmove.co.uk:443/dir/crop/10:9-16:9/110k/109673/86735103/109673_5603LH_IMG_14_0001_max_476x317.jpeg; https://media.rightmove.co.uk:443/dir/crop/10:9-16:9/110k/109673/86735103/109673_5603LH_IMG_15_0001_max_476x317.jpeg"
"157748882","Staffordshire","Retail Property (Shopping Centre)","George Street, Tamworth, Staffordshire, B79","POA","","","","Tamworth is a market town in Staffordshire with Ankerside Shopping Centre conveniently located in the heart of Tamworth's historic town centre overlooking the beautiful Grade 1 listed Tamworth Castle and its grounds. The centre offers a secure multi-storey car park with 700+ spaces.","https://www.rightmove.co.uk/properties/157748882#/?channel=COM_LET","2025-02-04T12:14:45Z","","new","Marketed by BARKER PROUDLOVE LIMITED, Manchester","","52.63261","-1.69356","https://media.rightmove.co.uk:443/dir/crop/10:9-16:9/229k/228962/157748882/228962_Unit_15_IMG_02_0000_max_476x317.jpeg; https://media.rightmove.co.uk:443/dir/crop/10:9-16:9/229k/228962/157748882/228962_Unit_15_IMG_01_0000_max_476x317.png"
"157719344","Staffordshire","Retail Property (Shopping Centre)","George Street, Tamworth, Staffordshire, B79","POA","","","","Tamworth is a market town in Staffordshire with Ankerside Shopping Centre conveniently located in the heart of Tamworth's historic town centre overlooking the beautiful Grade 1 listed Tamworth Castle and its grounds. The centre offers a secure multi-storey car park with 700+ spaces.","https://www.rightmove.co.uk/properties/157719344#/?channel=COM_LET","2025-02-03T16:46:12Z","","new","Marketed by BARKER PROUDLOVE LIMITED, Manchester","","52.63261","-1.69356","https://media.rightmove.co.uk:443/dir/crop/10:9-16:9/229k/228962/157719344/228962_Unit_51_IMG_00_0000_max_476x317.jpeg; https://media.rightmove.co.uk:443/dir/crop/10:9-16:9/229k/228962/157719344/228962_Unit_51_IMG_01_0000_max_476x317.jpeg; https://media.rightmove.co.uk:443/dir/crop/10:9-16:9/229k/228962/157719344/228962_Unit_51_IMG_02_0000_max_476x317.png"
"157718819","Staffordshire","Retail Property (Shopping Centre)","George Street, Tamworth, Staffordshire, B79","POA","","","","Tamworth is a market town in Staffordshire with Ankerside Shopping Centre conveniently located in the heart of Tamworth's historic town centre overlooking the beautiful Grade 1 listed Tamworth Castle and its grounds. The centre offers a secure multi-storey car park with 700+ spaces.","https://www.rightmove.co.uk/properties/157718819#/?channel=COM_LET","2025-02-03T16:40:49Z","","new","Marketed by BARKER PROUDLOVE LIMITED, Manchester","","52.63261","-1.69356","https://media.rightmove.co.uk:443/dir/crop/10:9-16:9/229k/228962/157718819/228962_Unit_37A_IMG_00_0000_max_476x317.jpeg; https://media.rightmove.co.uk:443/dir/crop/10:9-16:9/229k/228962/157718819/228962_Unit_37A_IMG_01_0000_max_476x317.png"
"157718183","Staffordshire","Retail Property (Shopping Centre)","George Street, Tamworth, Staffordshire, B79","POA","","","","Tamworth is a market town in Staffordshire with Ankerside Shopping Centre conveniently located in the heart of Tamworth's historic town centre overlooking the beautiful Grade 1 listed Tamworth Castle and its grounds. The centre offers a secure multi-storey car park with 700+ spaces.","https://www.rightmove.co.uk/properties/157718183#/?channel=COM_LET","2025-02-03T16:34:47Z","","new","Marketed by BARKER PROUDLOVE LIMITED, Manchester","","52.63261","-1.69356","https://media.rightmove.co.uk:443/dir/crop/10:9-16:9/229k/228962/157718183/228962_Unit_31-32_IMG_00_0000_max_476x317.jpeg; https://media.rightmove.co.uk:443/dir/crop/10:9-16:9/229k/228962/157718183/228962_Unit_31-32_IMG_01_0000_max_476x317.png"
"157717283","Staffordshire","Retail Property (Shopping Centre)","George Street, Tamworth, Staffordshire, B79","POA","","","","Tamworth is a market town in Staffordshire with Ankerside Shopping Centre conveniently located in the heart of Tamworth's historic town centre overlooking the beautiful Grade 1 listed Tamworth Castle and its grounds. The centre offers a secure multi-storey car park with 700+ spaces.","https://www.rightmove.co.uk/properties/157717283#/?channel=COM_LET","2025-02-03T16:23:49Z","","new","Marketed by BARKER PROUDLOVE LIMITED, Manchester","","52.63261","-1.69356","https://media.rightmove.co.uk:443/dir/crop/10:9-16:9/229k/228962/157717283/228962_Unit_29_IMG_00_0000_max_476x317.jpeg; https://media.rightmove.co.uk:443/dir/crop/10:9-16:9/229k/228962/157717283/228962_Unit_29_IMG_01_0000_max_476x317.png"
"157715429","Staffordshire","Retail Property (Shopping Centre)","George Street, Tamworth, Staffordshire, B79","POA","","","","Tamworth is a market town in Staffordshire with Ankerside Shopping Centre conveniently located in the heart of Tamworth's historic town centre overlooking the beautiful Grade 1 listed Tamworth Castle and its grounds. The centre offers a secure multi-storey car park with 700+ spaces.","https://www.rightmove.co.uk/properties/157715429#/?channel=COM_LET","2025-02-03T15:59:43Z","","new","Marketed by BARKER PROUDLOVE LIMITED, Manchester","","52.63261","-1.69356","https://media.rightmove.co.uk:443/dir/crop/10:9-16:9/229k/228962/157715429/228962_Unit_9_IMG_00_0000_max_476x317.jpeg; https://media.rightmove.co.uk:443/dir/crop/10:9-16:9/229k/228962/157715429/228962_Unit_9_IMG_01_0000_max_476x317.png"
"157713977","Staffordshire","Retail Property (Shopping Centre)","George Street, Tamworth, Staffordshire, B79","POA","","","","Tamworth is a market town in Staffordshire with Ankerside Shopping Centre conveniently located in the heart of Tamworth's historic town centre overlooking the beautiful Grade 1 listed Tamworth Castle and its grounds. The centre offers a secure multi-storey car park with 700+ spaces.","https://www.rightmove.co.uk/properties/157713977#/?channel=COM_LET","2025-02-03T15:52:48Z","","new","Marketed by BARKER PROUDLOVE LIMITED, Manchester","","52.63261","-1.69356","https://media.rightmove.co.uk:443/dir/crop/10:9-16:9/229k/228962/157713977/228962_Store_A_IMG_00_0000_max_476x317.jpeg; https://media.rightmove.co.uk:443/dir/crop/10:9-16:9/229k/228962/157713977/228962_Store_A_IMG_01_0000_max_476x317.png"
"157692608","Staffordshire","Warehouse","Yard & Buildings, Lichfield Road, A38, Burton upon Trent, DE14 3HD","POA","","","","Warehouse/Factory Premises with Extensive Yard","https://www.rightmove.co.uk/properties/157692608#/?channel=COM_LET","2025-02-03T10:49:21Z","","new","Marketed by Savills, Birmingham Industrial","","52.780041","-1.682258","https://media.rightmove.co.uk:443/dir/crop/10:9-16:9/215k/214100/157692608/214100_274772-2_IMG_00_0000_max_476x317.jpeg; https://media.rightmove.co.uk:443/dir/crop/10:9-16:9/215k/214100/157692608/214100_274772-2_IMG_01_0000_max_476x317.jpeg; https://media.rightmove.co.uk:443/dir/crop/10:9-16:9/215k/214100/157692608/214100_274772-2_IMG_02_0000_max_476x317.jpeg; https://media.rightmove.co.uk:443/dir/crop/10:9-16:9/215k/214100/157692608/214100_274772-2_IMG_03_0000_max_476x317.jpeg; https://media.rightmove.co.uk:443/dir/crop/10:9-16:9/215k/214100/157692608/214100_274772-2_IMG_04_0000_max_476x317.jpeg; https://media.rightmove.co.uk:443/dir/crop/10:9-16:9/215k/214100/157692608/214100_274772-2_IMG_05_0000_max_476x317.jpeg"
"157683458","Staffordshire","Office","Drayton House - Unit 50C, Drayton Manor Business Park, Coleshill Road, Tamworth, Staffordshire, B78","POA","","","","Located on the well-established Drayton Manor Business Park, Drayton House lets businesses expand their administrative operations close to their Drayton Manor unit with an on-site office, complementing their on-site warehouse.","https://www.rightmove.co.uk/properties/157683458#/?channel=COM_LET","2025-02-03T08:57:58Z","","new","Marketed by FI Real Estate Management Limited, Lancashire","","52.60804","-1.7058","https://media.rightmove.co.uk:443/dir/crop/10:9-16:9/218k/217043/157683458/217043_Unit50CDraytonHouse_IMG_00_0000_max_476x317.jpeg; https://media.rightmove.co.uk:443/dir/crop/10:9-16:9/218k/217043/157683458/217043_Unit50CDraytonHouse_IMG_01_0000_max_476x317.jpeg; https://media.rightmove.co.uk:443/dir/crop/10:9-16:9/218k/217043/157683458/217043_Unit50CDraytonHouse_IMG_02_0000_max_476x317.jpeg; https://media.rightmove.co.uk:443/dir/crop/10:9-16:9/218k/217043/157683458/217043_Unit50CDraytonHouse_IMG_03_0000_max_476x317.jpeg; https://media.rightmove.co.uk:443/dir/crop/10:9-16:9/218k/217043/157683458/217043_Unit50CDraytonHouse_IMG_04_0000_max_476x317.jpeg; https://media.rightmove.co.uk:443/dir/crop/10:9-16:9/218k/217043/157683458/217043_Unit50CDraytonHouse_IMG_05_0000_max_476x317.jpeg; https://media.rightmove.co.uk:443/dir/crop/10:9-16:9/218k/217043/157683458/217043_Unit50CDraytonHouse_IMG_06_0000_max_476x317.jpeg; https://media.rightmove.co.uk:443/dir/crop/10:9-16:9/218k/217043/157683458/217043_Unit50CDraytonHouse_IMG_07_0000_max_476x317.jpeg; https://media.rightmove.co.uk:443/dir/crop/10:9-16:9/218k/217043/157683458/217043_Unit50CDraytonHouse_IMG_08_0000_max_476x317.jpeg; https://media.rightmove.co.uk:443/dir/crop/10:9-16:9/218k/217043/157683458/217043_Unit50CDraytonHouse_IMG_09_0000_max_476x317.jpeg"
"148269896","Staffordshire","Office","Towers Business Park, Wheelhouse Road, Rugeley, WS15 1UL","£950 pcm","From","","","Towers Business Park provides a modern purpose-built estate. Towers Point is a 5 Storey prestigious offices. ","https://www.rightmove.co.uk/properties/148269896#/?channel=COM_LET","2024-05-22T10:48:18Z","","size_change","Marketed by Mileway Real Estate UK Limited, Birmingham","","52.7497","-1.9136","https://media.rightmove.co.uk:443/dir/crop/10:9-16:9/property-photo/71688d246/148269896/71688d24680d3cbda24a90ff119e0407_max_476x317.jpeg; https://media.rightmove.co.uk:443/dir/crop/10:9-16:9/property-photo/2c9510656/148269896/2c95106567cc0da48f75a76fca793330_max_476x317.jpeg; https://media.rightmove.co.uk:443/dir/crop/10:9-16:9/property-photo/0a199ad42/148269896/0a199ad42df5fda115731a0570fd8f8e_max_476x317.jpeg; https://media.rightmove.co.uk:443/dir/crop/10:9-16:9/property-photo/c91726925/148269896/c917269259b2266d40a730d41ab57228_max_476x317.jpeg"
"157317272","Staffordshire","Warehouse","S53 Indurent Park, Stoke South, Gordon Banks Drive, Stoke On Trent, ST4 4TW","POA","","","","Modern Industrial / logistics warehouse available on flexible terms at an established location in Stoke On Trent.","https://www.rightmove.co.uk/properties/157317272#/?channel=COM_LET","2025-01-24T15:05:53Z","","new","Marketed by Avison Young (UK) Limited, Avison Young Industrial 2","","52.988392","-2.168171","https://media.rightmove.co.uk:443/dir/crop/10:9-16:9/209k/208949/157317272/208949_236112-2_IMG_00_0000_max_476x317.jpeg; https://media.rightmove.co.uk:443/dir/crop/10:9-16:9/209k/208949/157317272/208949_236112-2_IMG_01_0000_max_476x317.jpeg; https://media.rightmove.co.uk:443/dir/crop/10:9-16:9/209k/208949/157317272/208949_236112-2_IMG_02_0000_max_476x317.jpeg; https://media.rightmove.co.uk:443/dir/crop/10:9-16:9/209k/208949/157317272/208949_236112-2_IMG_03_0000_max_476x317.jpeg; https://media.rightmove.co.uk:443/dir/crop/10:9-16:9/209k/208949/157317272/208949_236112-2_IMG_04_0000_max_476x317.jpeg; https://media.rightmove.co.uk:443/dir/crop/10:9-16:9/209k/208949/157317272/208949_236112-2_IMG_05_0000_max_476x317.jpeg; https://media.rightmove.co.uk:443/dir/crop/10:9-16:9/209k/208949/157317272/208949_236112-2_IMG_06_0000_max_476x317.jpeg; https://media.rightmove.co.uk:443/dir/crop/10:9-16:9/209k/208949/157317272/208949_236112-2_IMG_07_0000_max_476x317.jpeg"
"157291580","Staffordshire","Office","Suite 3 First Floor Albion House, Etruria Office Village, Forge Lane, Stoke-On-Trent, Staffordshire, ST1 5RQ","POA","","","","Location: Albion House is situated on the well-known business park of Festival Park within Stoke-on-Trent. Albion House forms part of the Etruria Office Village and is accessed directly off Forge Lane. Forge Lane gives access to the A500 D Road providing links to the wider Stoke on Trent and ...","https://www.rightmove.co.uk/properties/157291580#/?channel=COM_LET","2025-01-24T08:46:03Z","","new","Marketed by Harris Lamb, Stoke-On-Trent","","53.025394","-2.200651","https://media.rightmove.co.uk:443/dir/crop/10:9-16:9/property-photo/95f1e12fa/157291580/95f1e12fa93a79d6722deff276f6e332_max_476x317.jpeg; https://media.rightmove.co.uk:443/dir/crop/10:9-16:9/property-photo/3c3d64763/157291580/3c3d64763febf3c04608a8762128459c_max_476x317.jpeg; https://media.rightmove.co.uk:443/dir/crop/10:9-16:9/property-photo/00f86d59b/157291580/00f86d59bfc66850f0a894f8d991380f_max_476x317.jpeg"
"157228859","Staffordshire","Commercial Property","Stafford Street, Stoke-On-Trent, Staffordshire, ST1","POA","","","","Prime 670 sqft Retail Unit for Rent - Stafford Street, Hanley, Stoke on TrentDiscover the perfect space for your business with this 670 sq.ft. retail unit located at Stafford Street, Hanley, Stoke on Trent!","https://www.rightmove.co.uk/properties/157228859#/?channel=COM_LET","2025-01-22T19:18:41Z","","new","Marketed by Bluefin Management Ltd, Skelmersdale","","53.02628","-2.17693","https://media.rightmove.co.uk:443/dir/crop/10:9-16:9/277k/276872/157228859/276872_StokeonTrentUnit2_IMG_10_0000_max_476x317.png; https://media.rightmove.co.uk:443/dir/crop/10:9-16:9/277k/276872/157228859/276872_StokeonTrentUnit2_IMG_09_0000_max_476x317.png; https://media.rightmove.co.uk:443/dir/crop/10:9-16:9/277k/276872/157228859/276872_StokeonTrentUnit2_IMG_11_0000_max_476x317.png; https://media.rightmove.co.uk:443/dir/crop/10:9-16:9/277k/276872/157228859/276872_StokeonTrentUnit2_IMG_12_0000_max_476x317.png; https://media.rightmove.co.uk:443/dir/crop/10:9-16:9/277k/276872/157228859/276872_StokeonTrentUnit2_IMG_13_0000_max_476x317.png; https://media.rightmove.co.uk:443/dir/crop/10:9-16:9/277k/276872/157228859/276872_StokeonTrentUnit2_IMG_14_0000_max_476x317.png; https://media.rightmove.co.uk:443/dir/crop/10:9-16:9/277k/276872/157228859/276872_StokeonTrentUnit2_IMG_15_0000_max_476x317.png; https://media.rightmove.co.uk:443/dir/crop/10:9-16:9/277k/276872/157228859/276872_StokeonTrentUnit2_IMG_16_0000_max_476x317.png; https://media.rightmove.co.uk:443/dir/crop/10:9-16:9/277k/276872/157228859/276872_StokeonTrentUnit2_IMG_17_0000_max_476x317.png; https://media.rightmove.co.uk:443/dir/crop/10:9-16:9/277k/276872/157228859/276872_StokeonTrentUnit2_IMG_18_0000_max_476x317.png; https://media.rightmove.co.uk:443/dir/crop/10:9-16:9/277k/276872/157228859/276872_StokeonTrentUnit2_IMG_19_0000_max_476x317.png; https://media.rightmove.co.uk:443/dir/crop/10:9-16:9/277k/276872/157228859/276872_StokeonTrentUnit2_IMG_20_0000_max_476x317.png; https://media.rightmove.co.uk:443/dir/crop/10:9-16:9/277k/276872/157228859/276872_StokeonTrentUnit2_IMG_21_0000_max_476x317.png; https://media.rightmove.co.uk:443/dir/crop/10:9-16:9/277k/276872/157228859/276872_ST1-1615_IMG_08_0000_max_476x317.jpeg; https://media.rightmove.co.uk:443/dir/crop/10:9-16:9/277k/276872/157228859/276872_StokeonTrentUnit2_IMG_22_0000_max_476x317.png; https://media.rightmove.co.uk:443/dir/crop/10:9-16:9/277k/276872/157228859/276872_StokeonTrentUnit2_IMG_23_0000_max_476x317.png; https://media.rightmove.co.uk:443/dir/crop/10:9-16:9/277k/276872/157228859/276872_StokeonTrentUnit2_IMG_24_0000_max_476x317.png"
"156902861","Staffordshire","Retail Property (high street)","Stafford Street, Stoke-On-Trent, Staffordshire, ST1","POA","","","","Prime 1,614 sqft retail unit to let at 69-71 Stafford Street, Hanley, Stoke on Trent, ST1 1LW. Ideal for retail, health & beauty, or food businesses (subject to planning). Features high footfall, wide frontage, and excellent transport links. ","https://www.rightmove.co.uk/properties/156902861#/?channel=COM_LET","2025-01-15T13:16:10Z","","new","Marketed by Bluefin Management Ltd, Skelmersdale","","53.02628","-2.17693","https://media.rightmove.co.uk:443/dir/crop/10:9-16:9/277k/276872/156902861/276872_StokeontrentUNIT1_IMG_08_0000_max_476x317.png; https://media.rightmove.co.uk:443/dir/crop/10:9-16:9/277k/276872/156902861/276872_StokeontrentUNIT1_IMG_09_0000_max_476x317.png; https://media.rightmove.co.uk:443/dir/crop/10:9-16:9/277k/276872/156902861/276872_StokeontrentUNIT1_IMG_10_0000_max_476x317.png; https://media.rightmove.co.uk:443/dir/crop/10:9-16:9/277k/276872/156902861/276872_StokeontrentUNIT1_IMG_11_0000_max_476x317.png; https://media.rightmove.co.uk:443/dir/crop/10:9-16:9/277k/276872/156902861/276872_StokeontrentUNIT1_IMG_12_0000_max_476x317.png; https://media.rightmove.co.uk:443/dir/crop/10:9-16:9/277k/276872/156902861/276872_StokeontrentUNIT1_IMG_13_0000_max_476x317.png; https://media.rightmove.co.uk:443/dir/crop/10:9-16:9/277k/276872/156902861/276872_StokeontrentUNIT1_IMG_14_0000_max_476x317.png; https://media.rightmove.co.uk:443/dir/crop/10:9-16:9/277k/276872/156902861/276872_StokeontrentUNIT1_IMG_15_0000_max_476x317.png; https://media.rightmove.co.uk:443/dir/crop/10:9-16:9/277k/276872/156902861/276872_StokeontrentUNIT1_IMG_16_0000_max_476x317.png; https://media.rightmove.co.uk:443/dir/crop/10:9-16:9/277k/276872/156902861/276872_StokeontrentUNIT1_IMG_17_0000_max_476x317.png; https://media.rightmove.co.uk:443/dir/crop/10:9-16:9/277k/276872/156902861/276872_StokeontrentUNIT1_IMG_18_0000_max_476x317.png; https://media.rightmove.co.uk:443/dir/crop/10:9-16:9/277k/276872/156902861/276872_StokeontrentUNIT1_IMG_19_0000_max_476x317.png; https://media.rightmove.co.uk:443/dir/crop/10:9-16:9/277k/276872/156902861/276872_StokeontrentUNIT1_IMG_20_0000_max_476x317.png; https://media.rightmove.co.uk:443/dir/crop/10:9-16:9/277k/276872/156902861/276872_StokeontrentUNIT1_IMG_21_0000_max_476x317.png; https://media.rightmove.co.uk:443/dir/crop/10:9-16:9/277k/276872/156902861/276872_ST1-1614_IMG_03_0000_max_476x317.jpeg; https://media.rightmove.co.uk:443/dir/crop/10:9-16:9/277k/276872/156902861/276872_ST1-1614_IMG_05_0000_max_476x317.jpeg; https://media.rightmove.co.uk:443/dir/crop/10:9-16:9/277k/276872/156902861/276872_ST1-1614_IMG_07_0000_max_476x317.jpeg; https://media.rightmove.co.uk:443/dir/crop/10:9-16:9/277k/276872/156902861/276872_ST1-1614_IMG_06_0000_max_476x317.jpeg; https://media.rightmove.co.uk:443/dir/crop/10:9-16:9/277k/276872/156902861/276872_ST1-1614_IMG_00_0000_max_476x317.jpeg; https://media.rightmove.co.uk:443/dir/crop/10:9-16:9/277k/276872/156902861/276872_StokeontrentUNIT1_IMG_22_0000_max_476x317.png"
"156837827","Staffordshire","Retail Property (high street)","19 Market Street, Lichfield, Staffordshire, WS13 6JX","£5,208 pcm","","","","The premises providing a substantial ground floor sales area with ancillary rear storage and loading with staff room, stores and WCs at first floor. The property also backs onto Bird Street car park, which remains the principal car park within the city, and also provides access for loading / unl...","https://www.rightmove.co.uk/properties/156837827#/?channel=COM_LET","2025-01-14T08:24:54Z","","new","Marketed by Burley Browne, Sutton Coldfield","","52.68314","-1.828914","https://media.rightmove.co.uk:443/dir/crop/10:9-16:9/110k/109673/156837827/109673_7976LH_IMG_00_0000_max_476x317.jpeg; https://media.rightmove.co.uk:443/dir/crop/10:9-16:9/110k/109673/156837827/109673_7976LH_IMG_01_0000_max_476x317.jpeg; https://media.rightmove.co.uk:443/dir/crop/10:9-16:9/110k/109673/156837827/109673_7976LH_IMG_02_0000_max_476x317.jpeg; https://media.rightmove.co.uk:443/dir/crop/10:9-16:9/110k/109673/156837827/109673_7976LH_IMG_03_0000_max_476x317.jpeg; https://media.rightmove.co.uk:443/dir/crop/10:9-16:9/110k/109673/156837827/109673_7976LH_IMG_04_0000_max_476x317.jpeg"
"156727094","Staffordshire","Light Industrial","Cauldon Locks, Shelton New Road, Stoke-On-Trent, Staffordshire, ST4 7AB","POA","","","","Location: The building is prominently located at the junction with Shelton New Road (B5045) and Etruscan Street and is on a main bus route. Newcastle Town Centre is approx. 1 mile to the west and Hanley City Centre is approximately. 1 mile to the east. Direct access to the A500 (south bound) i...","https://www.rightmove.co.uk/properties/156727094#/?channel=COM_LET","2025-01-10T14:30:38Z","","size_change","Marketed by Harris Lamb, Stoke-On-Trent","","53.016308","-2.189548","https://media.rightmove.co.uk:443/dir/crop/10:9-16:9/59k/58365/156727094/58365_6748LH_IMG_00_0000_max_476x317.jpeg; https://media.rightmove.co.uk:443/dir/crop/10:9-16:9/59k/58365/156727094/58365_6748LH_IMG_01_0000_max_476x317.jpeg; https://media.rightmove.co.uk:443/dir/crop/10:9-16:9/59k/58365/156727094/58365_6748LH_IMG_02_0000_max_476x317.jpeg; https://media.rightmove.co.uk:443/dir/crop/10:9-16:9/59k/58365/156727094/58365_6748LH_IMG_03_0000_max_476x317.jpeg"
"156536675","Staffordshire","Serviced Office","Shelton New Road, Stoke-On-Trent, Staffordshire, ST4","£1,100 pcm","","","","500 sqft fully serviced office.Free Car Parking.1000 mbps broadband.","https://www.rightmove.co.uk/properties/156536675#/?channel=COM_LET","2025-01-06T15:15:28Z","","new","Marketed by Cauldon Locks Limited, Stoke-on-Trent","","53.01605","-2.19072","https://media.rightmove.co.uk:443/dir/crop/10:9-16:9/284k/283274/156536675/283274_08_IMG_00_0000_max_476x317.jpeg; https://media.rightmove.co.uk:443/dir/crop/10:9-16:9/284k/283274/156536675/283274_08_IMG_01_0000_max_476x317.jpeg; https://media.rightmove.co.uk:443/dir/crop/10:9-16:9/284k/283274/156536675/283274_08_IMG_02_0000_max_476x317.jpeg; https://media.rightmove.co.uk:443/dir/crop/10:9-16:9/284k/283274/156536675/283274_08_IMG_03_0000_max_476x317.jpeg"
"156498356","Staffordshire","Serviced Office","Shelton New Road, Stoke-On-Trent, Staffordshire, ST4","£2,500 pcm","","","","Large open plan office. Total 4,000 sqft.Including break room, Kitchen area, Board room, server/store room and private exec office. Sales floor is 2,500 sqft and comfortably sits 40 people. Free parking.1000mbps broadband.","https://www.rightmove.co.uk/properties/156498356#/?channel=COM_LET","2025-01-05T12:02:33Z","","size_change","Marketed by Cauldon Locks Limited, Stoke-on-Trent","","53.01602","-2.19083","https://media.rightmove.co.uk:443/dir/crop/10:9-16:9/284k/283274/156498356/283274_1A_IMG_00_0000_max_476x317.jpeg; https://media.rightmove.co.uk:443/dir/crop/10:9-16:9/284k/283274/156498356/283274_1A_IMG_01_0000_max_476x317.jpeg; https://media.rightmove.co.uk:443/dir/crop/10:9-16:9/284k/283274/156498356/283274_1A_IMG_03_0000_max_476x317.jpeg; https://media.rightmove.co.uk:443/dir/crop/10:9-16:9/284k/283274/156498356/283274_1A_IMG_02_0000_max_476x317.jpeg"
"156004859","Staffordshire","Office","Shelton New Road, Stoke-On-Trent, Staffordshire, ST4","£3,750 pcm","","","","Excellent spec 2,800 sqft office with board room and kitchen / break room. Fully air conditioned.1000 mbps fibre connection. Free parking. Services included.","https://www.rightmove.co.uk/properties/156004859#/?channel=COM_LET","2024-12-17T11:16:28Z","","size_change","Marketed by Cauldon Locks Limited, Stoke-on-Trent","","53.01536","-2.19252","https://media.rightmove.co.uk:443/dir/crop/10:9-16:9/284k/283274/156004859/283274_G04_IMG_01_0000_max_476x317.jpeg; https://media.rightmove.co.uk:443/dir/crop/10:9-16:9/284k/283274/156004859/283274_G04_IMG_00_0000_max_476x317.jpeg; https://media.rightmove.co.uk:443/dir/crop/10:9-16:9/284k/283274/156004859/283274_G04_IMG_02_0000_max_476x317.jpeg; https://media.rightmove.co.uk:443/dir/crop/10:9-16:9/284k/283274/156004859/283274_G04_IMG_03_0000_max_476x317.jpeg; https://media.rightmove.co.uk:443/dir/crop/10:9-16:9/284k/283274/156004859/283274_G04_IMG_04_0000_max_476x317.jpeg; https://media.rightmove.co.uk:443/dir/crop/10:9-16:9/284k/283274/156004859/283274_G04_IMG_05_0000_max_476x317.jpeg; https://media.rightmove.co.uk:443/dir/crop/10:9-16:9/284k/283274/156004859/283274_G04_IMG_06_0000_max_476x317.jpeg; https://media.rightmove.co.uk:443/dir/crop/10:9-16:9/284k/283274/156004859/283274_G04_IMG_07_0000_max_476x317.jpeg"
"155837363","Staffordshire","Office","Ventura House, Suite C2, Ventura Park Road, Tamworth, Staffordshire, B78 3HL","£3,153 pcm","","","","Suite C2 comprises of self contained ground floor open plan accommodation that has been refurbished to a high standard to include new carpeting, air conditioning, suspended ceiling and LED lighting. The units are available separately or as a whole. Whilst the space has previously been used as of...","https://www.rightmove.co.uk/properties/155837363#/?channel=COM_LET","2024-12-10T17:18:29Z","","new","Marketed by Burley Browne, Sutton Coldfield","","52.626179","-1.707698","https://media.rightmove.co.uk:443/dir/crop/10:9-16:9/110k/109673/155837363/109673_5700LH_IMG_00_0000_max_476x317.jpeg; https://media.rightmove.co.uk:443/dir/crop/10:9-16:9/110k/109673/155837363/109673_5700LH_IMG_01_0000_max_476x317.jpeg; https://media.rightmove.co.uk:443/dir/crop/10:9-16:9/110k/109673/155837363/109673_5700LH_IMG_02_0000_max_476x317.jpeg; https://media.rightmove.co.uk:443/dir/crop/10:9-16:9/110k/109673/155837363/109673_5700LH_IMG_03_0000_max_476x317.jpeg; https://media.rightmove.co.uk:443/dir/crop/10:9-16:9/110k/109673/155837363/109673_5700LH_IMG_04_0000_max_476x317.jpeg; https://media.rightmove.co.uk:443/dir/crop/10:9-16:9/110k/109673/155837363/109673_5700LH_IMG_05_0000_max_476x317.jpeg; https://media.rightmove.co.uk:443/dir/crop/10:9-16:9/110k/109673/155837363/109673_5700LH_IMG_06_0000_max_476x317.jpeg; https://media.rightmove.co.uk:443/dir/crop/10:9-16:9/110k/109673/155837363/109673_5700LH_IMG_07_0000_max_476x317.jpeg; https://media.rightmove.co.uk:443/dir/crop/10:9-16:9/110k/109673/155837363/109673_5700LH_IMG_08_0000_max_476x317.jpeg; https://media.rightmove.co.uk:443/dir/crop/10:9-16:9/110k/109673/155837363/109673_5700LH_IMG_09_0000_max_476x317.jpeg"
"150262118","Staffordshire","Warehouse","Link 205 Fradley Link, Wellington Crescent, Fradley, Lichfield, WS13 8RZ","POA","","","","Grade A warehouse to let with 206,161 sq ft, 15m clear height, 24 loading doors, secure yard, and EV parking.","https://www.rightmove.co.uk/properties/150262118#/?channel=COM_LET","2024-07-15T16:02:23Z","","new","Marketed by Avison Young (UK) Limited, Avison Young Industrial 2","","52.703637","-1.780905","https://media.rightmove.co.uk:443/dir/crop/10:9-16:9/209k/208949/150262118/208949_224489-2_IMG_08_0000_max_476x317.jpeg; https://media.rightmove.co.uk:443/dir/crop/10:9-16:9/209k/208949/150262118/208949_224489-2_IMG_11_0000_max_476x317.jpeg; https://media.rightmove.co.uk:443/dir/crop/10:9-16:9/209k/208949/150262118/208949_224489-2_IMG_04_0000_max_476x317.jpeg; https://media.rightmove.co.uk:443/dir/crop/10:9-16:9/209k/208949/150262118/208949_224489-2_IMG_09_0000_max_476x317.jpeg; https://media.rightmove.co.uk:443/dir/crop/10:9-16:9/209k/208949/150262118/208949_224489-2_IMG_10_0000_max_476x317.jpeg; https://media.rightmove.co.uk:443/dir/crop/10:9-16:9/209k/208949/150262118/208949_224489-2_IMG_14_0000_max_476x317.jpeg; https://media.rightmove.co.uk:443/dir/crop/10:9-16:9/209k/208949/150262118/208949_224489-2_IMG_12_0000_max_476x317.jpeg; https://media.rightmove.co.uk:443/dir/crop/10:9-16:9/209k/208949/150262118/208949_224489-2_IMG_13_0000_max_476x317.jpeg"
"155808305","Staffordshire","Office","Cauldon Locks, Shelton New Road, Stoke-On-Trent, Staffordshire, ST4 7AB","POA","","","","Location: The building is prominently located at the junction with Shelton New Road (B5045) and Etruscan Street and is on a main bus route. Newcastle Town Centre is approx. 1 mile to the west and Hanley City Centre is approximately. 1 mile to the east. Direct access to the A500 (south bound) is ...","https://www.rightmove.co.uk/properties/155808305#/?channel=COM_LET","2024-12-10T06:46:05Z","","new","Marketed by Harris Lamb, Stoke-On-Trent","","53.016308","-2.189548","https://media.rightmove.co.uk:443/dir/crop/10:9-16:9/59k/58365/155808305/58365_6734LH_IMG_07_0000_max_476x317.jpeg; https://media.rightmove.co.uk:443/dir/crop/10:9-16:9/59k/58365/155808305/58365_6734LH_IMG_08_0000_max_476x317.jpeg; https://media.rightmove.co.uk:443/dir/crop/10:9-16:9/59k/58365/155808305/58365_6734LH_IMG_00_0000_max_476x317.jpeg; https://media.rightmove.co.uk:443/dir/crop/10:9-16:9/59k/58365/155808305/58365_6734LH_IMG_01_0000_max_476x317.jpeg; https://media.rightmove.co.uk:443/dir/crop/10:9-16:9/59k/58365/155808305/58365_6734LH_IMG_02_0000_max_476x317.jpeg; https://media.rightmove.co.uk:443/dir/crop/10:9-16:9/59k/58365/155808305/58365_6734LH_IMG_03_0000_max_476x317.jpeg; https://media.rightmove.co.uk:443/dir/crop/10:9-16:9/59k/58365/155808305/58365_6734LH_IMG_04_0000_max_476x317.jpeg; https://media.rightmove.co.uk:443/dir/crop/10:9-16:9/59k/58365/155808305/58365_6734LH_IMG_05_0000_max_476x317.jpeg; https://media.rightmove.co.uk:443/dir/crop/10:9-16:9/59k/58365/155808305/58365_6734LH_IMG_06_0000_max_476x317.jpeg"
"155747390","Staffordshire","Light Industrial","Longbridge Hayes Road, Stoke-On-Trent, Staffordshire, ST6","£2,450 pcm","From","","","Queensway Industrial Estate is located in an established trade location, with excellent rail and major road access. The estate provides a range of units which would be suited to uses including trade/retail counter, warehouse and manufacturing.","https://www.rightmove.co.uk/properties/155747390#/?channel=COM_LET","2024-12-06T16:53:06Z","","new","Marketed by Indurent, London","","53.04266","-2.21847","https://media.rightmove.co.uk:443/dir/crop/10:9-16:9/195k/194330/155747390/194330_Unit7_IMG_00_0000_max_476x317.jpeg; https://media.rightmove.co.uk:443/dir/crop/10:9-16:9/195k/194330/155747390/194330_Unit7_IMG_01_0000_max_476x317.jpeg; https://media.rightmove.co.uk:443/dir/crop/10:9-16:9/195k/194330/155747390/194330_Unit7_IMG_02_0000_max_476x317.jpeg; https://media.rightmove.co.uk:443/dir/crop/10:9-16:9/195k/194330/155747390/194330_Unit7_IMG_03_0000_max_476x317.jpeg; https://media.rightmove.co.uk:443/dir/crop/10:9-16:9/195k/194330/155747390/194330_Unit7_IMG_04_0000_max_476x317.jpeg; https://media.rightmove.co.uk:443/dir/crop/10:9-16:9/195k/194330/155747390/194330_Unit7_IMG_05_0000_max_476x317.jpeg; https://media.rightmove.co.uk:443/dir/crop/10:9-16:9/195k/194330/155747390/194330_Unit7_IMG_06_0000_max_476x317.jpeg; https://media.rightmove.co.uk:443/dir/crop/10:9-16:9/195k/194330/155747390/194330_Unit7_IMG_07_0000_max_476x317.jpeg; https://media.rightmove.co.uk:443/dir/crop/10:9-16:9/195k/194330/155747390/194330_Unit7_IMG_08_0000_max_476x317.jpeg"
"155661233","Staffordshire","Distribution Warehouse","Fradley Link, Wellington Crescent, Fradley Park, Lichfield, WS13 8RZ","POA","","","","Two New Warehouse/Production Units to Let","https://www.rightmove.co.uk/properties/155661233#/?channel=COM_LET","2024-12-04T13:45:47Z","","new","Marketed by JLL, Midlands - Industrial","","52.703637","-1.780905","https://media.rightmove.co.uk:443/dir/crop/10:9-16:9/83k/82776/155661233/82776_225630-2_IMG_04_0000_max_476x317.jpeg; https://media.rightmove.co.uk:443/dir/crop/10:9-16:9/83k/82776/155661233/82776_225630-2_IMG_03_0000_max_476x317.jpeg; https://media.rightmove.co.uk:443/dir/crop/10:9-16:9/83k/82776/155661233/82776_225630-2_IMG_02_0000_max_476x317.jpeg; https://media.rightmove.co.uk:443/dir/crop/10:9-16:9/83k/82776/155661233/82776_225630-2_IMG_05_0000_max_476x317.jpeg; https://media.rightmove.co.uk:443/dir/crop/10:9-16:9/83k/82776/155661233/82776_225630-2_IMG_07_0000_max_476x317.jpeg; https://media.rightmove.co.uk:443/dir/crop/10:9-16:9/83k/82776/155661233/82776_225630-2_IMG_06_0000_max_476x317.jpeg"
"70114100","Staffordshire","Serviced Office","Watling Court, Orbital Plaza, Watling Street, Bridgtown, Birmingham, WS11 0EL","£2,359 pcm","From","","4","This offer includes a private space with 10 workstations plus 1184 sqft of shared workspace in Cannock. Close to M6 Toll","https://www.rightmove.co.uk/properties/70114100#/?channel=COM_LET","2017-11-14T08:21:32Z","","price_reduced","Marketed by IW Group Services (UK) Limited, Regus","","52.67313","-2.02554","https://media.rightmove.co.uk:443/dir/crop/10:9-16:9/130k/129853/70114100/129853_UKop1961_IMG_08_0001_max_476x317.jpeg; https://media.rightmove.co.uk:443/dir/crop/10:9-16:9/130k/129853/70114100/129853_UKop1961_IMG_07_0001_max_476x317.jpeg; https://media.rightmove.co.uk:443/dir/crop/10:9-16:9/130k/129853/70114100/129853_UKop1961_IMG_12_0000_max_476x317.jpeg; https://media.rightmove.co.uk:443/dir/crop/10:9-16:9/130k/129853/70114100/129853_UKop1961_IMG_04_0001_max_476x317.jpeg; https://media.rightmove.co.uk:443/dir/crop/10:9-16:9/130k/129853/70114100/129853_UKop1961_IMG_09_0001_max_476x317.jpeg; https://media.rightmove.co.uk:443/dir/crop/10:9-16:9/130k/129853/70114100/129853_UKop1961_IMG_02_0001_max_476x317.jpeg; https://media.rightmove.co.uk:443/dir/crop/10:9-16:9/130k/129853/70114100/129853_UKop1961_IMG_13_0000_max_476x317.jpeg; https://media.rightmove.co.uk:443/dir/crop/10:9-16:9/130k/129853/70114100/129853_UKop1961_IMG_11_0003_max_476x317.jpeg; https://media.rightmove.co.uk:443/dir/crop/10:9-16:9/130k/129853/70114100/129853_UKop1961_IMG_10_0002_max_476x317.jpeg"
"155352488","Staffordshire","Warehouse","Centrum93, A38, Burton upon Trent, DE14 2SY","POA","","","","Centrum 93 provides 92,632 sq ft of high quality industrial and logistics space, available for sale or to let.","https://www.rightmove.co.uk/properties/155352488#/?channel=COM_LET","2024-11-25T20:02:06Z","","new","Marketed by Savills, Birmingham Industrial","","52.802989","-1.667142","https://media.rightmove.co.uk:443/dir/crop/10:9-16:9/215k/214100/155352488/214100_272703-2_IMG_00_0000_max_476x317.jpeg; https://media.rightmove.co.uk:443/dir/crop/10:9-16:9/215k/214100/155352488/214100_272703-2_IMG_01_0000_max_476x317.jpeg; https://media.rightmove.co.uk:443/dir/crop/10:9-16:9/215k/214100/155352488/214100_272703-2_IMG_02_0000_max_476x317.jpeg; https://media.rightmove.co.uk:443/dir/crop/10:9-16:9/215k/214100/155352488/214100_272703-2_IMG_03_0000_max_476x317.jpeg; https://media.rightmove.co.uk:443/dir/crop/10:9-16:9/215k/214100/155352488/214100_272703-2_IMG_04_0000_max_476x317.jpeg; https://media.rightmove.co.uk:443/dir/crop/10:9-16:9/215k/214100/155352488/214100_272703-2_IMG_05_0000_max_476x317.jpeg; https://media.rightmove.co.uk:443/dir/crop/10:9-16:9/215k/214100/155352488/214100_272703-2_IMG_06_0000_max_476x317.jpeg"
"155325791","Staffordshire","Storage","Land adjacent to J15 of M6, Trentham Road / Newcastle Road, Clayton, Newcastle-under-Lyme, ST5 4DG","POA","","","","6.3 acres surfaced and secure site ideal for HGV Parking and other open storage uses - Available Now","https://www.rightmove.co.uk/properties/155325791#/?channel=COM_LET","2024-11-25T11:59:37Z","","new","Marketed by Savills, Birmingham Industrial","","52.974157","-2.224951","https://media.rightmove.co.uk:443/dir/crop/10:9-16:9/property-photo/6163692b1/155325791/6163692b1bffa6875ee350706038a8fb_max_476x317.jpeg; https://media.rightmove.co.uk:443/dir/crop/10:9-16:9/property-photo/65224ba23/155325791/65224ba23374053d78d47dcb78188bb4_max_476x317.jpeg; https://media.rightmove.co.uk:443/dir/crop/10:9-16:9/property-photo/a34305e49/155325791/a34305e497f5f8fedf6bd374c0cd8234_max_476x317.jpeg; https://media.rightmove.co.uk:443/dir/crop/10:9-16:9/property-photo/46a125e67/155325791/46a125e6707b7e3e4c073cab2f7450f8_max_476x317.jpeg; https://media.rightmove.co.uk:443/dir/crop/10:9-16:9/property-photo/462bb163c/155325791/462bb163c5d5d7502e7e735c2810260d_max_476x317.jpeg; https://media.rightmove.co.uk:443/dir/crop/10:9-16:9/property-photo/3debe470a/155325791/3debe470a5d7a8958b2b9f08ad326c9c_max_476x317.jpeg; https://media.rightmove.co.uk:443/dir/crop/10:9-16:9/property-photo/ae1ba3aa8/155325791/ae1ba3aa895351a5fcd266b8a15da365_max_476x317.jpeg; https://media.rightmove.co.uk:443/dir/crop/10:9-16:9/property-photo/947583286/155325791/947583286ca15301b371ac1b6eb0f250_max_476x317.jpeg; https://media.rightmove.co.uk:443/dir/crop/10:9-16:9/property-photo/762fe91c3/155325791/762fe91c316547e49e32c1a16fe2d3f1_max_476x317.jpeg; https://media.rightmove.co.uk:443/dir/crop/10:9-16:9/property-photo/e7b1a9e1a/155325791/e7b1a9e1a468890cc29d2512d61bd8a9_max_476x317.jpeg; https://media.rightmove.co.uk:443/dir/crop/10:9-16:9/property-photo/ff38591c3/155325791/ff38591c33c82bc3fa4e10524134d1ec_max_476x317.jpeg; https://media.rightmove.co.uk:443/dir/crop/10:9-16:9/property-photo/651ab779c/155325791/651ab779cc524bb5dc221ea132481de1_max_476x317.jpeg; https://media.rightmove.co.uk:443/dir/crop/10:9-16:9/property-photo/aa10ef650/155325791/aa10ef6500867c653bec5707ef16c628_max_476x317.jpeg; https://media.rightmove.co.uk:443/dir/crop/10:9-16:9/property-photo/ec0734c78/155325791/ec0734c789c4ccb0ba580a835c2869fc_max_476x317.jpeg; https://media.rightmove.co.uk:443/dir/crop/10:9-16:9/property-photo/ea2273cd7/155325791/ea2273cd787ee67fc294219b02d4eced_max_476x317.jpeg"
"155214476","Staffordshire","Warehouse","Zytek House, Lancaster Road, Lichfield, WS13 8RY","POA","","","","To Let - Flexible Short Term Accommodation","https://www.rightmove.co.uk/properties/155214476#/?channel=COM_LET","2024-11-21T11:51:43Z","","new","Marketed by BNP Paribas Real Estate Advisory & Property Management UK Limited, Industrial & Logistics","","52.705261","-1.777095","https://media.rightmove.co.uk:443/dir/crop/10:9-16:9/242k/241268/155214476/241268_272463-2_IMG_00_0000_max_476x317.jpeg; https://media.rightmove.co.uk:443/dir/crop/10:9-16:9/242k/241268/155214476/241268_272463-2_IMG_01_0000_max_476x317.jpeg; https://media.rightmove.co.uk:443/dir/crop/10:9-16:9/242k/241268/155214476/241268_272463-2_IMG_02_0000_max_476x317.jpeg; https://media.rightmove.co.uk:443/dir/crop/10:9-16:9/242k/241268/155214476/241268_272463-2_IMG_03_0000_max_476x317.jpeg"
"148464950","Staffordshire","Office","Wolverhampton Business Park, Wolverhampton, WV10 6NX","£10,417 pcm","","","","Office To Let, Wolverhampton","https://www.rightmove.co.uk/properties/148464950#/?channel=COM_LET","2024-05-28T14:18:14Z","","size_change","Marketed by Avison Young (UK) Limited, Offices","","52.637087","-2.123945","https://media.rightmove.co.uk:443/dir/crop/10:9-16:9/57k/56478/148464950/56478_13974-2_IMG_00_0000_max_476x317.jpeg; https://media.rightmove.co.uk:443/dir/crop/10:9-16:9/57k/56478/148464950/56478_13974-2_IMG_01_0000_max_476x317.jpeg; https://media.rightmove.co.uk:443/dir/crop/10:9-16:9/57k/56478/148464950/56478_13974-2_IMG_02_0000_max_476x317.jpeg; https://media.rightmove.co.uk:443/dir/crop/10:9-16:9/57k/56478/148464950/56478_13974-2_IMG_03_0000_max_476x317.jpeg; https://media.rightmove.co.uk:443/dir/crop/10:9-16:9/57k/56478/148464950/56478_13974-2_IMG_04_0000_max_476x317.jpeg; https://media.rightmove.co.uk:443/dir/crop/10:9-16:9/57k/56478/148464950/56478_13974-2_IMG_05_0000_max_476x317.jpeg; https://media.rightmove.co.uk:443/dir/crop/10:9-16:9/57k/56478/148464950/56478_13974-2_IMG_06_0000_max_476x317.jpeg"
"158039030","Staffordshire","Distribution Warehouse","Fradley 437, Fradley Park, Wood End Lane, Lichfield, Staffordshire, WS13","POA","","","","Extensively Fitted Fulfilment Centre to Let in Lichfield Fradley 437 is a modern logistics/industrial unit situated within the established Fradley Park The unit benefits from the following specification: Up to 15m eaves height, 30 dock level loading doors, 6 euro dock level loading doors, 6 leve...","https://www.rightmove.co.uk/properties/158039030#/?channel=COM_LET","2025-02-10T13:09:24Z","","new","Marketed by Knight Frank, Birmingham - Commercial","","52.714726","-1.783905","https://media.rightmove.co.uk:443/dir/crop/10:9-16:9/170k/169514/158039030/169514_BRC012402445_IMG_00_0001_max_476x317.jpeg; https://media.rightmove.co.uk:443/dir/crop/10:9-16:9/170k/169514/158039030/169514_BRC012402445_IMG_01_0001_max_476x317.jpeg; https://media.rightmove.co.uk:443/dir/crop/10:9-16:9/170k/169514/158039030/169514_BRC012402445_IMG_02_0001_max_476x317.jpeg; https://media.rightmove.co.uk:443/dir/crop/10:9-16:9/170k/169514/158039030/169514_BRC012402445_IMG_03_0001_max_476x317.jpeg; https://media.rightmove.co.uk:443/dir/crop/10:9-16:9/170k/169514/158039030/169514_BRC012402445_IMG_04_0001_max_476x317.jpeg; https://media.rightmove.co.uk:443/dir/crop/10:9-16:9/170k/169514/158039030/169514_BRC012402445_IMG_05_0001_max_476x317.jpeg; https://media.rightmove.co.uk:443/dir/crop/10:9-16:9/170k/169514/158039030/169514_BRC012402445_IMG_06_0001_max_476x317.jpeg; https://media.rightmove.co.uk:443/dir/crop/10:9-16:9/170k/169514/158039030/169514_BRC012402445_IMG_07_0001_max_476x317.jpeg; https://media.rightmove.co.uk:443/dir/crop/10:9-16:9/170k/169514/158039030/169514_BRC012402445_IMG_08_0001_max_476x317.jpeg"
"166506161","Staffordshire","Light Industrial","New Build Development, Lichfield Road Industrial Estate, Apollo, Tamworth, Staffordshire, B79 7TA","POA","","","","An exciting new build development which will provide 10 warehouse buildings with parking, situated in the popular Lichfield Road Industrial Estate, Tamworth. The buildings will provide rare new build warehouse units with B2, B8 and Class E (g) (ii) and (iii) with ancillary office use together wit...","https://www.rightmove.co.uk/properties/166506161#/?channel=COM_LET","2025-09-02T17:30:00Z","","new","Marketed by Burley Browne, Sutton Coldfield","","52.638017","-1.704221","https://media.rightmove.co.uk:443/dir/crop/10:9-16:9/110k/109673/166506161/109673_4352LH_IMG_00_0000_max_476x317.jpeg; https://media.rightmove.co.uk:443/dir/crop/10:9-16:9/110k/109673/166506161/109673_4352LH_IMG_01_0000_max_476x317.jpeg; https://media.rightmove.co.uk:443/dir/crop/10:9-16:9/110k/109673/166506161/109673_4352LH_IMG_02_0000_max_476x317.jpeg; https://media.rightmove.co.uk:443/dir/crop/10:9-16:9/110k/109673/166506161/109673_4352LH_IMG_03_0000_max_476x317.jpeg; https://media.rightmove.co.uk:443/dir/crop/10:9-16:9/110k/109673/166506161/109673_4352LH_IMG_04_0000_max_476x317.jpeg; https://media.rightmove.co.uk:443/dir/crop/10:9-16:9/110k/109673/166506161/109673_4352LH_IMG_05_0000_max_476x317.jpeg; https://media.rightmove.co.uk:443/dir/crop/10:9-16:9/110k/109673/166506161/109673_4352LH_IMG_06_0000_max_476x317.jpeg; https://media.rightmove.co.uk:443/dir/crop/10:9-16:9/110k/109673/166506161/109673_4352LH_IMG_07_0000_max_476x317.jpeg; https://media.rightmove.co.uk:443/dir/crop/10:9-16:9/110k/109673/166506161/109673_4352LH_IMG_08_0000_max_476x317.jpeg; https://media.rightmove.co.uk:443/dir/crop/10:9-16:9/110k/109673/166506161/109673_4352LH_IMG_09_0000_max_476x317.jpeg; https://media.rightmove.co.uk:443/dir/crop/10:9-16:9/110k/109673/166506161/109673_4352LH_IMG_10_0000_max_476x317.jpeg; https://media.rightmove.co.uk:443/dir/crop/10:9-16:9/110k/109673/166506161/109673_4352LH_IMG_11_0000_max_476x317.jpeg; https://media.rightmove.co.uk:443/dir/crop/10:9-16:9/110k/109673/166506161/109673_4352LH_IMG_12_0000_max_476x317.jpeg; https://media.rightmove.co.uk:443/dir/crop/10:9-16:9/110k/109673/166506161/109673_4352LH_IMG_13_0000_max_476x317.jpeg; https://media.rightmove.co.uk:443/dir/crop/10:9-16:9/110k/109673/166506161/109673_4352LH_IMG_14_0000_max_476x317.jpeg; https://media.rightmove.co.uk:443/dir/crop/10:9-16:9/110k/109673/166506161/109673_4352LH_IMG_15_0000_max_476x317.jpeg; https://media.rightmove.co.uk:443/dir/crop/10:9-16:9/110k/109673/166506161/109673_4352LH_IMG_16_0000_max_476x317.jpeg; https://media.rightmove.co.uk:443/dir/crop/10:9-16:9/110k/109673/166506161/109673_4352LH_IMG_17_0000_max_476x317.jpeg; https://media.rightmove.co.uk:443/dir/crop/10:9-16:9/110k/109673/166506161/109673_4352LH_IMG_18_0000_max_476x317.jpeg; https://media.rightmove.co.uk:443/dir/crop/10:9-16:9/110k/109673/166506161/109673_4352LH_IMG_19_0000_max_476x317.jpeg"
"155410841","Staffordshire","Serviced Office","Hilton Hall Buisness Centre Hilton Lane Essington, Wolverhampton","£250 pcm","From","","","A grade 1 listed building set in around 12 acres of stunning gardens & lake. We have offices available from 1 person up 10 persons plus, both in the Main Hall and our beautiful Stables cour...","https://www.rightmove.co.uk/properties/155410841#/?channel=COM_LET","2024-11-27T06:16:27Z","","new","Marketed by Office Freedom, Office Freedom Regional","","52.64437","-2.07209","https://media.rightmove.co.uk:443/dir/crop/10:9-16:9/238k/237641/155410841/237641_12618-1_IMG_00_0000_max_476x317.jpeg; https://media.rightmove.co.uk:443/dir/crop/10:9-16:9/238k/237641/155410841/237641_12618-1_IMG_01_0000_max_476x317.png; https://media.rightmove.co.uk:443/dir/crop/10:9-16:9/238k/237641/155410841/237641_12618-1_IMG_02_0000_max_476x317.png; https://media.rightmove.co.uk:443/dir/crop/10:9-16:9/238k/237641/155410841/237641_12618-1_IMG_03_0000_max_476x317.jpeg; https://media.rightmove.co.uk:443/dir/crop/10:9-16:9/238k/237641/155410841/237641_12618-1_IMG_04_0000_max_476x317.jpeg; https://media.rightmove.co.uk:443/dir/crop/10:9-16:9/238k/237641/155410841/237641_12618-1_IMG_05_0000_max_476x317.png; https://media.rightmove.co.uk:443/dir/crop/10:9-16:9/238k/237641/155410841/237641_12618-1_IMG_06_0000_max_476x317.jpeg; https://media.rightmove.co.uk:443/dir/crop/10:9-16:9/238k/237641/155410841/237641_12618-1_IMG_07_0000_max_476x317.jpeg; https://media.rightmove.co.uk:443/dir/crop/10:9-16:9/238k/237641/155410841/237641_12618-1_IMG_08_0000_max_476x317.jpeg"
"154814525","Staffordshire","Industrial Development","Stoke 439, Trentham Lakes, Eastern Rise, Stoke-On-Trent, ST4 8WG","POA","","","","Prime cross-docked warehouse, under Refurbishment. Available January 2026. Providing 439,150 sq ft of prime warehouse accommodation.","https://www.rightmove.co.uk/properties/154814525#/?channel=COM_LET","2024-11-11T09:37:55Z","","new","Marketed by CBRE - Birmingham, Birmingham Industrial","","52.98184","-2.17004","https://media.rightmove.co.uk:443/dir/crop/10:9-16:9/251k/250757/154814525/250757_Stoke_439_Trentham_Lakes_Eastern_Rise_Stoke-On-Trent_ST4_8WG_IMG_02_0000_max_476x317.jpeg; https://media.rightmove.co.uk:443/dir/crop/10:9-16:9/251k/250757/154814525/250757_Stoke_439_Trentham_Lakes_Eastern_Rise_Stoke-On-Trent_ST4_8WG_IMG_04_0000_max_476x317.jpeg; https://media.rightmove.co.uk:443/dir/crop/10:9-16:9/251k/250757/154814525/250757_Stoke_439_Trentham_Lakes_Eastern_Rise_Stoke-On-Trent_ST4_8WG_IMG_05_0000_max_476x317.jpeg; https://media.rightmove.co.uk:443/dir/crop/10:9-16:9/251k/250757/154814525/250757_Stoke_439_Trentham_Lakes_Eastern_Rise_Stoke-On-Trent_ST4_8WG_IMG_06_0000_max_476x317.jpeg; https://media.rightmove.co.uk:443/dir/crop/10:9-16:9/251k/250757/154814525/250757_Stoke_439_Trentham_Lakes_Eastern_Rise_Stoke-On-Trent_ST4_8WG_IMG_03_0000_max_476x317.jpeg"
"154814774","Staffordshire","Light Industrial","Former Robust UK Premises, Sutherland Road, Longton, Stoke-On-Trent, Staffordshire, ST3 1HZ","POA","","","","Location: The premises are located on the corner of Sutherland Road and Sandgate Street to the east of Longton Town Centre. The A50 lies approx. 0.5 miles to the south providing dual carriageway access to Derby and the M1 Motorway to the east and the A500 D Road and Stoke on Trent to the west....","https://www.rightmove.co.uk/properties/154814774#/?channel=COM_LET","2024-11-11T09:14:37Z","","new","Marketed by Harris Lamb, Stoke-On-Trent","","52.986473","-2.126199","https://media.rightmove.co.uk:443/dir/crop/10:9-16:9/59k/58365/154814774/58365_5558LH_IMG_00_0000_max_476x317.jpeg; https://media.rightmove.co.uk:443/dir/crop/10:9-16:9/59k/58365/154814774/58365_5558LH_IMG_01_0000_max_476x317.jpeg; https://media.rightmove.co.uk:443/dir/crop/10:9-16:9/59k/58365/154814774/58365_5558LH_IMG_02_0000_max_476x317.jpeg; https://media.rightmove.co.uk:443/dir/crop/10:9-16:9/59k/58365/154814774/58365_5558LH_IMG_03_0000_max_476x317.jpeg; https://media.rightmove.co.uk:443/dir/crop/10:9-16:9/59k/58365/154814774/58365_5558LH_IMG_04_0000_max_476x317.jpeg; https://media.rightmove.co.uk:443/dir/crop/10:9-16:9/59k/58365/154814774/58365_5558LH_IMG_05_0000_max_476x317.jpeg"
"154771403","Staffordshire","Commercial Property","6 High Street, Cheadle, Stoke On Trent, ST10 1AF","£850 pcm","","","1","*** Two months free*** An end of terrace commercial premises in the town center having an extensive frontage to the High Street at its junction with Croft Road. There are a number of both national and local retailers within close proximately to include Lloyds Bank and Bargain Booze Plus and publi...","https://www.rightmove.co.uk/properties/154771403#/?channel=COM_LET","2024-11-08T15:32:52Z","","new","Marketed by Hicks Hadley, Halesowen","","52.98776","-1.98879","https://media.rightmove.co.uk:443/dir/crop/10:9-16:9/121k/120175/154771403/120175_HN1285_IMG_00_0000_max_476x317.jpeg; https://media.rightmove.co.uk:443/dir/crop/10:9-16:9/121k/120175/154771403/120175_HN1285_IMG_01_0000_max_476x317.jpeg; https://media.rightmove.co.uk:443/dir/crop/10:9-16:9/121k/120175/154771403/120175_HN1285_IMG_02_0000_max_476x317.jpeg"
"148466069","Staffordshire","Office","1 Smithfield, Leonard Coates Way, Hanley, Stoke-On-Trent, ST1 4FA","£11,056 pcm","","","","Office To Let, Stoke-On-Trent","https://www.rightmove.co.uk/properties/148466069#/?channel=COM_LET","2024-05-28T14:29:09Z","","size_change","Marketed by Avison Young (UK) Limited, Offices","","53.021866","-2.178109","https://media.rightmove.co.uk:443/dir/crop/10:9-16:9/57k/56478/148466069/56478_110986-2_IMG_35_0000_max_476x317.jpeg; https://media.rightmove.co.uk:443/dir/crop/10:9-16:9/57k/56478/148466069/56478_110986-2_IMG_04_0000_max_476x317.jpeg; https://media.rightmove.co.uk:443/dir/crop/10:9-16:9/57k/56478/148466069/56478_110986-2_IMG_37_0000_max_476x317.jpeg; https://media.rightmove.co.uk:443/dir/crop/10:9-16:9/57k/56478/148466069/56478_110986-2_IMG_24_0000_max_476x317.jpeg; https://media.rightmove.co.uk:443/dir/crop/10:9-16:9/57k/56478/148466069/56478_110986-2_IMG_23_0000_max_476x317.jpeg; https://media.rightmove.co.uk:443/dir/crop/10:9-16:9/57k/56478/148466069/56478_110986-2_IMG_19_0000_max_476x317.jpeg; https://media.rightmove.co.uk:443/dir/crop/10:9-16:9/57k/56478/148466069/56478_110986-2_IMG_20_0000_max_476x317.jpeg; https://media.rightmove.co.uk:443/dir/crop/10:9-16:9/57k/56478/148466069/56478_110986-2_IMG_26_0000_max_476x317.jpeg; https://media.rightmove.co.uk:443/dir/crop/10:9-16:9/57k/56478/148466069/56478_110986-2_IMG_28_0000_max_476x317.jpeg; https://media.rightmove.co.uk:443/dir/crop/10:9-16:9/57k/56478/148466069/56478_110986-2_IMG_27_0000_max_476x317.jpeg; https://media.rightmove.co.uk:443/dir/crop/10:9-16:9/57k/56478/148466069/56478_110986-2_IMG_25_0000_max_476x317.jpeg; https://media.rightmove.co.uk:443/dir/crop/10:9-16:9/57k/56478/148466069/56478_110986-2_IMG_31_0000_max_476x317.jpeg; https://media.rightmove.co.uk:443/dir/crop/10:9-16:9/57k/56478/148466069/56478_110986-2_IMG_32_0000_max_476x317.jpeg; https://media.rightmove.co.uk:443/dir/crop/10:9-16:9/57k/56478/148466069/56478_110986-2_IMG_22_0000_max_476x317.jpeg; https://media.rightmove.co.uk:443/dir/crop/10:9-16:9/57k/56478/148466069/56478_110986-2_IMG_21_0000_max_476x317.jpeg; https://media.rightmove.co.uk:443/dir/crop/10:9-16:9/57k/56478/148466069/56478_110986-2_IMG_33_0000_max_476x317.jpeg; https://media.rightmove.co.uk:443/dir/crop/10:9-16:9/57k/56478/148466069/56478_110986-2_IMG_18_0000_max_476x317.jpeg; https://media.rightmove.co.uk:443/dir/crop/10:9-16:9/57k/56478/148466069/56478_110986-2_IMG_29_0000_max_476x317.jpeg; https://media.rightmove.co.uk:443/dir/crop/10:9-16:9/57k/56478/148466069/56478_110986-2_IMG_34_0000_max_476x317.jpeg; https://media.rightmove.co.uk:443/dir/crop/10:9-16:9/57k/56478/148466069/56478_110986-2_IMG_17_0000_max_476x317.jpeg; https://media.rightmove.co.uk:443/dir/crop/10:9-16:9/57k/56478/148466069/56478_110986-2_IMG_36_0000_max_476x317.jpeg; https://media.rightmove.co.uk:443/dir/crop/10:9-16:9/57k/56478/148466069/56478_110986-2_IMG_38_0000_max_476x317.jpeg"
"154399310","Staffordshire","Office","The Limes, 120 Newport Road, Stafford, ST16 1BA","POA","","","","Ground and First Floor office space ranging from 2,934 to 5,750 sqft with generous on site car parking","https://www.rightmove.co.uk/properties/154399310#/?channel=COM_LET","2024-10-30T16:48:29Z","","new","Marketed by Towler Shaw Roberts, Shrewsbury","","52.802158","-2.124163","https://media.rightmove.co.uk:443/dir/crop/10:9-16:9/167k/166235/154399310/166235_236223-2_IMG_00_0001_max_476x317.jpeg; https://media.rightmove.co.uk:443/dir/crop/10:9-16:9/167k/166235/154399310/166235_236223-2_IMG_01_0001_max_476x317.jpeg; https://media.rightmove.co.uk:443/dir/crop/10:9-16:9/167k/166235/154399310/166235_236223-2_IMG_02_0001_max_476x317.jpeg; https://media.rightmove.co.uk:443/dir/crop/10:9-16:9/167k/166235/154399310/166235_236223-2_IMG_03_0001_max_476x317.jpeg; https://media.rightmove.co.uk:443/dir/crop/10:9-16:9/167k/166235/154399310/166235_236223-2_IMG_04_0001_max_476x317.jpeg"
"154396925","Staffordshire","Leisure Facility","Sugnall Business Centre, Stafford, ST21 6NF","£196 pcm","","","","Well-presented range of individual office suites ranging from approx. 160 sqft (14.86 sqm) to 585 sqft (54.34 sqm).","https://www.rightmove.co.uk/properties/154396925#/?channel=COM_LET","2024-10-30T16:26:43Z","","size_change","Marketed by Towler Shaw Roberts, Shrewsbury","","52.876274","-2.300355","https://media.rightmove.co.uk:443/dir/crop/10:9-16:9/167k/166235/154396925/166235_236268-2_IMG_00_0001_max_476x317.jpeg; https://media.rightmove.co.uk:443/dir/crop/10:9-16:9/167k/166235/154396925/166235_236268-2_IMG_01_0001_max_476x317.jpeg; https://media.rightmove.co.uk:443/dir/crop/10:9-16:9/167k/166235/154396925/166235_236268-2_IMG_02_0001_max_476x317.jpeg; https://media.rightmove.co.uk:443/dir/crop/10:9-16:9/167k/166235/154396925/166235_236268-2_IMG_03_0001_max_476x317.jpeg; https://media.rightmove.co.uk:443/dir/crop/10:9-16:9/167k/166235/154396925/166235_236268-2_IMG_04_0001_max_476x317.jpeg"
"154346240","Staffordshire","Office","Partnership House, 83 High Street, Kinver, DY7 6HD","£667 pcm","","","","SMALL OFFICE SUITE - TO LET","https://www.rightmove.co.uk/properties/154346240#/?channel=COM_LET","2024-10-29T16:00:24Z","","new","Marketed by Michael Johnson and Co, Blakedown","","52.44888","-2.22949","https://media.rightmove.co.uk:443/dir/crop/10:9-16:9/282k/281177/154346240/281177_Partnershiphouse_IMG_00_0000_max_476x317.jpeg; https://media.rightmove.co.uk:443/dir/crop/10:9-16:9/282k/281177/154346240/281177_Partnershiphouse_IMG_01_0000_max_476x317.jpeg; https://media.rightmove.co.uk:443/dir/crop/10:9-16:9/282k/281177/154346240/281177_Partnershiphouse_IMG_04_0000_max_476x317.jpeg; https://media.rightmove.co.uk:443/dir/crop/10:9-16:9/282k/281177/154346240/281177_Partnershiphouse_IMG_02_0000_max_476x317.jpeg; https://media.rightmove.co.uk:443/dir/crop/10:9-16:9/282k/281177/154346240/281177_Partnershiphouse_IMG_03_0000_max_476x317.jpeg"
"154329203","Staffordshire","Office","Former Visitry Regional Offices, Dunston Hall, Dunston, Stafford, Staffordshire, ST18 9AB","POA","","","","Location: Dunston Hall is located on the A449 approx. 0.5 miles to the south of Junction 13 M6 and 2 miles north of Penkridge Town Centre which has a range of facilities to include a train station. Stafford town centre lies approx. 3.5 miles to the north proving a wider range of amenities and St...","https://www.rightmove.co.uk/properties/154329203#/?channel=COM_LET","2024-10-29T11:31:31Z","","new","Marketed by Harris Lamb, Stoke-On-Trent","","52.75745","-2.107765","https://media.rightmove.co.uk:443/dir/crop/10:9-16:9/59k/58365/154329203/58365_6702LH_IMG_00_0000_max_476x317.jpeg; https://media.rightmove.co.uk:443/dir/crop/10:9-16:9/59k/58365/154329203/58365_6702LH_IMG_01_0000_max_476x317.jpeg; https://media.rightmove.co.uk:443/dir/crop/10:9-16:9/59k/58365/154329203/58365_6702LH_IMG_02_0000_max_476x317.jpeg; https://media.rightmove.co.uk:443/dir/crop/10:9-16:9/59k/58365/154329203/58365_6702LH_IMG_03_0000_max_476x317.jpeg; https://media.rightmove.co.uk:443/dir/crop/10:9-16:9/59k/58365/154329203/58365_6702LH_IMG_04_0000_max_476x317.jpeg; https://media.rightmove.co.uk:443/dir/crop/10:9-16:9/59k/58365/154329203/58365_6702LH_IMG_05_0000_max_476x317.jpeg"
"167972231","Staffordshire","Shop","Unit 8-10 Gresley Row, M Three Spires, Lichfield","POA","","","","Situated in a a highly affluent area within a Prime trading location M Three Spires is easily accessible by car, with two well-maintained car parks on Backcester Lane (multi-level) and Gresley Row (surface level). Each bring you right out in to the centre so you won’...","https://www.rightmove.co.uk/properties/167972231#/?channel=COM_LET","2025-10-08T10:46:05Z","","new","Marketed by LCP, Commercial","","52.6828","-1.82408","https://media.rightmove.co.uk:443/dir/crop/10:9-16:9/230k/229553/167972231/229553_66e93fb86902c46cd9e21c14_2_137_IMG_02_0000_max_476x317.jpeg; https://media.rightmove.co.uk:443/dir/crop/10:9-16:9/230k/229553/167972231/229553_66e93fb86902c46cd9e21c14_2_137_IMG_01_0000_max_476x317.jpeg; https://media.rightmove.co.uk:443/dir/crop/10:9-16:9/230k/229553/167972231/229553_66e93fb86902c46cd9e21c14_2_137_IMG_00_0000_max_476x317.jpeg; https://media.rightmove.co.uk:443/dir/crop/10:9-16:9/230k/229553/167972231/229553_66e93fb86902c46cd9e21c14_2_137_IMG_06_0000_max_476x317.jpeg; https://media.rightmove.co.uk:443/dir/crop/10:9-16:9/230k/229553/167972231/229553_66e93fb86902c46cd9e21c14_2_137_IMG_05_0000_max_476x317.jpeg; https://media.rightmove.co.uk:443/dir/crop/10:9-16:9/230k/229553/167972231/229553_66e93fb86902c46cd9e21c14_2_137_IMG_03_0000_max_476x317.jpeg; https://media.rightmove.co.uk:443/dir/crop/10:9-16:9/230k/229553/167972231/229553_66e93fb86902c46cd9e21c14_2_137_IMG_04_0000_max_476x317.jpeg"
"167972225","Staffordshire","Leisure Facility","Unit 8-10 Gresley Row, M Three Spires, Lichfield","POA","","","","Situated in a a highly affluent area within a Prime trading location M Three Spires is easily accessible by car, with two well-maintained car parks on Backcester Lane (multi-level) and Gresley Row (surface level). Each bring you right out in to the centre so you won’...","https://www.rightmove.co.uk/properties/167972225#/?channel=COM_LET","2025-10-08T10:46:01Z","","new","Marketed by LCP, Commercial","","52.6828","-1.82408","https://media.rightmove.co.uk:443/dir/crop/10:9-16:9/230k/229553/167972225/229553_66e93fb86902c46cd9e21c14_2_283_IMG_02_0000_max_476x317.jpeg; https://media.rightmove.co.uk:443/dir/crop/10:9-16:9/230k/229553/167972225/229553_66e93fb86902c46cd9e21c14_2_283_IMG_01_0000_max_476x317.jpeg; https://media.rightmove.co.uk:443/dir/crop/10:9-16:9/230k/229553/167972225/229553_66e93fb86902c46cd9e21c14_2_283_IMG_00_0000_max_476x317.jpeg; https://media.rightmove.co.uk:443/dir/crop/10:9-16:9/230k/229553/167972225/229553_66e93fb86902c46cd9e21c14_2_283_IMG_06_0000_max_476x317.jpeg; https://media.rightmove.co.uk:443/dir/crop/10:9-16:9/230k/229553/167972225/229553_66e93fb86902c46cd9e21c14_2_283_IMG_05_0000_max_476x317.jpeg; https://media.rightmove.co.uk:443/dir/crop/10:9-16:9/230k/229553/167972225/229553_66e93fb86902c46cd9e21c14_2_283_IMG_03_0000_max_476x317.jpeg; https://media.rightmove.co.uk:443/dir/crop/10:9-16:9/230k/229553/167972225/229553_66e93fb86902c46cd9e21c14_2_283_IMG_04_0000_max_476x317.jpeg"
"152835356","Staffordshire","Retail Property (Shopping Centre)","Unit 10 Cannock Shopping Centre, Cannock, Staffordshire, WS11 1EB","£1,242 pcm","From","","","Brand new occupiers to the scheme include Savers and Enchanted Cards among a number of major multiple retailers including Poundstretcher, Body Care EE, Specsavers, Holland Barrett, Costa Coffee, JD Sports, and The Works In addition, there are a selection of local and regional retailers including ...","https://www.rightmove.co.uk/properties/152835356#/?channel=COM_LET","2024-09-24T10:18:33Z","","new","Marketed by Creative Retail, Birmingham","","52.690274","-2.030218","https://media.rightmove.co.uk:443/dir/crop/10:9-16:9/192k/191489/152835356/191489_49LH_IMG_00_0000_max_476x317.jpeg; https://media.rightmove.co.uk:443/dir/crop/10:9-16:9/192k/191489/152835356/191489_49LH_IMG_01_0000_max_476x317.jpeg; https://media.rightmove.co.uk:443/dir/crop/10:9-16:9/192k/191489/152835356/191489_49LH_IMG_02_0000_max_476x317.jpeg; https://media.rightmove.co.uk:443/dir/crop/10:9-16:9/192k/191489/152835356/191489_49LH_IMG_03_0000_max_476x317.jpeg; https://media.rightmove.co.uk:443/dir/crop/10:9-16:9/192k/191489/152835356/191489_49LH_IMG_04_0000_max_476x317.jpeg; https://media.rightmove.co.uk:443/dir/crop/10:9-16:9/192k/191489/152835356/191489_49LH_IMG_05_0000_max_476x317.jpeg; https://media.rightmove.co.uk:443/dir/crop/10:9-16:9/192k/191489/152835356/191489_49LH_IMG_06_0000_max_476x317.jpeg"
"136945622","Staffordshire","Light Industrial","Units A&B 200 Scotia Road, Tunstall, Stoke-On-Trent, Staffordshire, ST6","POA","","","","Location: The property is located within the town of Tunstall, one of the six towns that make up the city of Stoke on Trent. Scotia Road is a main arterial route linking Burslem and Hanley to the South and Tunstall to the North. 200 Scotia Road is prominently positioned with a high volume of veh...","https://www.rightmove.co.uk/properties/136945622#/?channel=COM_LET","2023-07-04T16:28:41Z","","size_change","Marketed by Harris Lamb, Stoke-On-Trent","","53.056946","-2.200992","https://media.rightmove.co.uk:443/dir/crop/10:9-16:9/59k/58365/136945622/58365_5446LH_IMG_00_0001_max_476x317.jpeg; https://media.rightmove.co.uk:443/dir/crop/10:9-16:9/59k/58365/136945622/58365_5446LH_IMG_01_0001_max_476x317.jpeg; https://media.rightmove.co.uk:443/dir/crop/10:9-16:9/59k/58365/136945622/58365_5446LH_IMG_02_0001_max_476x317.jpeg; https://media.rightmove.co.uk:443/dir/crop/10:9-16:9/59k/58365/136945622/58365_5446LH_IMG_03_0001_max_476x317.jpeg; https://media.rightmove.co.uk:443/dir/crop/10:9-16:9/59k/58365/136945622/58365_5446LH_IMG_04_0001_max_476x317.jpeg; https://media.rightmove.co.uk:443/dir/crop/10:9-16:9/59k/58365/136945622/58365_5446LH_IMG_05_0001_max_476x317.jpeg; https://media.rightmove.co.uk:443/dir/crop/10:9-16:9/59k/58365/136945622/58365_5446LH_IMG_06_0001_max_476x317.jpeg; https://media.rightmove.co.uk:443/dir/crop/10:9-16:9/59k/58365/136945622/58365_5446LH_IMG_07_0001_max_476x317.jpeg; https://media.rightmove.co.uk:443/dir/crop/10:9-16:9/59k/58365/136945622/58365_5446LH_IMG_08_0001_max_476x317.jpeg; https://media.rightmove.co.uk:443/dir/crop/10:9-16:9/59k/58365/136945622/58365_5446LH_IMG_09_0001_max_476x317.jpeg; https://media.rightmove.co.uk:443/dir/crop/10:9-16:9/59k/58365/136945622/58365_5446LH_IMG_10_0001_max_476x317.jpeg; https://media.rightmove.co.uk:443/dir/crop/10:9-16:9/59k/58365/136945622/58365_5446LH_IMG_11_0001_max_476x317.jpeg; https://media.rightmove.co.uk:443/dir/crop/10:9-16:9/59k/58365/136945622/58365_5446LH_IMG_12_0001_max_476x317.jpeg; https://media.rightmove.co.uk:443/dir/crop/10:9-16:9/59k/58365/136945622/58365_5446LH_IMG_13_0001_max_476x317.jpeg"
"153634034","Staffordshire","Office","Ground Floor, Unit 2, Blake Court, Burntwood, WS7 3GR","£1,250 pcm","","","","The property comprises a self-contained modern ground floor office suite within a two storey office building. Internally the suite is accessed off a lobby together with disabled WC, with the suite being open plan and offering a kitchenette to the rear. The specification generally comprises LED ...","https://www.rightmove.co.uk/properties/153634034#/?channel=COM_LET","2024-10-11T09:31:02Z","","new","Marketed by Burley Browne, Sutton Coldfield","","52.683311","-1.948938","https://media.rightmove.co.uk:443/dir/crop/10:9-16:9/110k/109673/153634034/109673_5738LH_IMG_00_0000_max_476x317.jpeg; https://media.rightmove.co.uk:443/dir/crop/10:9-16:9/110k/109673/153634034/109673_5738LH_IMG_01_0000_max_476x317.jpeg; https://media.rightmove.co.uk:443/dir/crop/10:9-16:9/110k/109673/153634034/109673_5738LH_IMG_02_0000_max_476x317.jpeg"
"148466069","Staffordshire","Office","1 Smithfield, Leonard Coates Way, Hanley, Stoke-On-Trent, ST1 4FA","£11,056 pcm","","","","Office To Let, Stoke-On-Trent","https://www.rightmove.co.uk/properties/148466069#/?channel=COM_LET","2024-05-28T14:29:09Z","","size_change","Marketed by Avison Young (UK) Limited, Offices","","53.021866","-2.178109","https://media.rightmove.co.uk:443/dir/crop/10:9-16:9/57k/56478/148466069/56478_110986-2_IMG_35_0000_max_476x317.jpeg; https://media.rightmove.co.uk:443/dir/crop/10:9-16:9/57k/56478/148466069/56478_110986-2_IMG_04_0000_max_476x317.jpeg; https://media.rightmove.co.uk:443/dir/crop/10:9-16:9/57k/56478/148466069/56478_110986-2_IMG_37_0000_max_476x317.jpeg; https://media.rightmove.co.uk:443/dir/crop/10:9-16:9/57k/56478/148466069/56478_110986-2_IMG_24_0000_max_476x317.jpeg; https://media.rightmove.co.uk:443/dir/crop/10:9-16:9/57k/56478/148466069/56478_110986-2_IMG_23_0000_max_476x317.jpeg; https://media.rightmove.co.uk:443/dir/crop/10:9-16:9/57k/56478/148466069/56478_110986-2_IMG_19_0000_max_476x317.jpeg; https://media.rightmove.co.uk:443/dir/crop/10:9-16:9/57k/56478/148466069/56478_110986-2_IMG_20_0000_max_476x317.jpeg; https://media.rightmove.co.uk:443/dir/crop/10:9-16:9/57k/56478/148466069/56478_110986-2_IMG_26_0000_max_476x317.jpeg; https://media.rightmove.co.uk:443/dir/crop/10:9-16:9/57k/56478/148466069/56478_110986-2_IMG_28_0000_max_476x317.jpeg; https://media.rightmove.co.uk:443/dir/crop/10:9-16:9/57k/56478/148466069/56478_110986-2_IMG_27_0000_max_476x317.jpeg; https://media.rightmove.co.uk:443/dir/crop/10:9-16:9/57k/56478/148466069/56478_110986-2_IMG_25_0000_max_476x317.jpeg; https://media.rightmove.co.uk:443/dir/crop/10:9-16:9/57k/56478/148466069/56478_110986-2_IMG_31_0000_max_476x317.jpeg; https://media.rightmove.co.uk:443/dir/crop/10:9-16:9/57k/56478/148466069/56478_110986-2_IMG_32_0000_max_476x317.jpeg; https://media.rightmove.co.uk:443/dir/crop/10:9-16:9/57k/56478/148466069/56478_110986-2_IMG_22_0000_max_476x317.jpeg; https://media.rightmove.co.uk:443/dir/crop/10:9-16:9/57k/56478/148466069/56478_110986-2_IMG_21_0000_max_476x317.jpeg; https://media.rightmove.co.uk:443/dir/crop/10:9-16:9/57k/56478/148466069/56478_110986-2_IMG_33_0000_max_476x317.jpeg; https://media.rightmove.co.uk:443/dir/crop/10:9-16:9/57k/56478/148466069/56478_110986-2_IMG_18_0000_max_476x317.jpeg; https://media.rightmove.co.uk:443/dir/crop/10:9-16:9/57k/56478/148466069/56478_110986-2_IMG_29_0000_max_476x317.jpeg; https://media.rightmove.co.uk:443/dir/crop/10:9-16:9/57k/56478/148466069/56478_110986-2_IMG_34_0000_max_476x317.jpeg; https://media.rightmove.co.uk:443/dir/crop/10:9-16:9/57k/56478/148466069/56478_110986-2_IMG_17_0000_max_476x317.jpeg; https://media.rightmove.co.uk:443/dir/crop/10:9-16:9/57k/56478/148466069/56478_110986-2_IMG_36_0000_max_476x317.jpeg; https://media.rightmove.co.uk:443/dir/crop/10:9-16:9/57k/56478/148466069/56478_110986-2_IMG_38_0000_max_476x317.jpeg"
"153562436","Staffordshire","Retail Property (Shopping Centre)","Various Units, Cannock Shopping Centre, Market Hall Street, Cannock, WS11 1EB","POA","","","","Brand new occupiers to the scheme include Savers and Enchanted Cards among a number of major multiple retailers including Poundstretcher, Body Care, EE, Specsavers, Holland & Barrett, Costa Coffee, JD Sports, and The Works. In addition, there are a selection of local and regional retailers includ...","https://www.rightmove.co.uk/properties/153562436#/?channel=COM_LET","2024-10-09T15:41:59Z","","new","Marketed by Creative Retail, Birmingham","","52.69021","-2.030043","https://media.rightmove.co.uk:443/dir/crop/10:9-16:9/192k/191489/153562436/191489_93LH_IMG_00_0000_max_476x317.jpeg; https://media.rightmove.co.uk:443/dir/crop/10:9-16:9/192k/191489/153562436/191489_93LH_IMG_01_0000_max_476x317.jpeg; https://media.rightmove.co.uk:443/dir/crop/10:9-16:9/192k/191489/153562436/191489_93LH_IMG_02_0000_max_476x317.jpeg; https://media.rightmove.co.uk:443/dir/crop/10:9-16:9/192k/191489/153562436/191489_93LH_IMG_03_0000_max_476x317.jpeg; https://media.rightmove.co.uk:443/dir/crop/10:9-16:9/192k/191489/153562436/191489_93LH_IMG_04_0000_max_476x317.jpeg; https://media.rightmove.co.uk:443/dir/crop/10:9-16:9/192k/191489/153562436/191489_93LH_IMG_05_0000_max_476x317.jpeg; https://media.rightmove.co.uk:443/dir/crop/10:9-16:9/192k/191489/153562436/191489_93LH_IMG_06_0000_max_476x317.jpeg"
"157107002","Staffordshire","Office","Lincoln House, Wellington Crescent, Fradley,, Lichfield, WS13","£2,021 pcm","","","","Refurbished HQ style office available to let. Per sq ft £9.95 per sq ft Lincoln House comprises of a modern style office arranged over two floors. The vacant offices are accessed via a double height fully glazed reception area with WC's and meeting rooms off. The first floor ...","https://www.rightmove.co.uk/properties/157107002#/?channel=COM_LET","2025-01-20T12:24:22Z","","new","Marketed by Knight Frank, Birmingham - Commercial","","52.70371","-1.780624","https://media.rightmove.co.uk:443/dir/crop/10:9-16:9/170k/169514/157107002/169514_BRC012402690_IMG_00_0001_max_476x317.jpeg; https://media.rightmove.co.uk:443/dir/crop/10:9-16:9/170k/169514/157107002/169514_BRC012402690_IMG_01_0001_max_476x317.jpeg; https://media.rightmove.co.uk:443/dir/crop/10:9-16:9/170k/169514/157107002/169514_BRC012402690_IMG_02_0001_max_476x317.jpeg; https://media.rightmove.co.uk:443/dir/crop/10:9-16:9/170k/169514/157107002/169514_BRC012402690_IMG_03_0001_max_476x317.jpeg; https://media.rightmove.co.uk:443/dir/crop/10:9-16:9/170k/169514/157107002/169514_BRC012402690_IMG_04_0001_max_476x317.jpeg; https://media.rightmove.co.uk:443/dir/crop/10:9-16:9/170k/169514/157107002/169514_BRC012402690_IMG_05_0001_max_476x317.jpeg; https://media.rightmove.co.uk:443/dir/crop/10:9-16:9/170k/169514/157107002/169514_BRC012402690_IMG_06_0001_max_476x317.jpeg; https://media.rightmove.co.uk:443/dir/crop/10:9-16:9/170k/169514/157107002/169514_BRC012402690_IMG_07_0001_max_476x317.jpeg"
"152367365","Staffordshire","Retail Property (Shopping Centre)","Former Wilkos Premises, Leek, ST13","£12,500 pcm","","","","24,000 Sq. Ft. Retail Unit located in a prime location within Moorlands Shopping Centre with a high level of footfall. Surrounded by a number of national companies including Home Bargains and Iceland.","https://www.rightmove.co.uk/properties/152367365#/?channel=COM_LET","2024-09-12T18:51:10Z","","new","Marketed by Aisha Realty Limited, Birmingham","","53.10426","-2.0246","https://media.rightmove.co.uk:443/dir/crop/10:9-16:9/279k/278555/152367365/278555_1209242_IMG_20_0000_max_476x317.jpeg; https://media.rightmove.co.uk:443/dir/crop/10:9-16:9/279k/278555/152367365/278555_1209242_IMG_21_0000_max_476x317.jpeg; https://media.rightmove.co.uk:443/dir/crop/10:9-16:9/279k/278555/152367365/278555_1209242_IMG_06_0000_max_476x317.jpeg; https://media.rightmove.co.uk:443/dir/crop/10:9-16:9/279k/278555/152367365/278555_1209242_IMG_11_0000_max_476x317.jpeg; https://media.rightmove.co.uk:443/dir/crop/10:9-16:9/279k/278555/152367365/278555_1209242_IMG_00_0000_max_476x317.jpeg; https://media.rightmove.co.uk:443/dir/crop/10:9-16:9/279k/278555/152367365/278555_1209242_IMG_17_0000_max_476x317.jpeg; https://media.rightmove.co.uk:443/dir/crop/10:9-16:9/279k/278555/152367365/278555_1209242_IMG_03_0000_max_476x317.jpeg; https://media.rightmove.co.uk:443/dir/crop/10:9-16:9/279k/278555/152367365/278555_1209242_IMG_02_0000_max_476x317.jpeg; https://media.rightmove.co.uk:443/dir/crop/10:9-16:9/279k/278555/152367365/278555_1209242_IMG_12_0000_max_476x317.jpeg; https://media.rightmove.co.uk:443/dir/crop/10:9-16:9/279k/278555/152367365/278555_1209242_IMG_04_0000_max_476x317.jpeg; https://media.rightmove.co.uk:443/dir/crop/10:9-16:9/279k/278555/152367365/278555_1209242_IMG_05_0000_max_476x317.jpeg; https://media.rightmove.co.uk:443/dir/crop/10:9-16:9/279k/278555/152367365/278555_1209242_IMG_07_0000_max_476x317.jpeg; https://media.rightmove.co.uk:443/dir/crop/10:9-16:9/279k/278555/152367365/278555_1209242_IMG_19_0000_max_476x317.jpeg; https://media.rightmove.co.uk:443/dir/crop/10:9-16:9/279k/278555/152367365/278555_1209242_IMG_08_0000_max_476x317.jpeg; https://media.rightmove.co.uk:443/dir/crop/10:9-16:9/279k/278555/152367365/278555_1209242_IMG_09_0000_max_476x317.jpeg; https://media.rightmove.co.uk:443/dir/crop/10:9-16:9/279k/278555/152367365/278555_1209242_IMG_10_0000_max_476x317.jpeg; https://media.rightmove.co.uk:443/dir/crop/10:9-16:9/279k/278555/152367365/278555_1209242_IMG_13_0000_max_476x317.jpeg; https://media.rightmove.co.uk:443/dir/crop/10:9-16:9/279k/278555/152367365/278555_1209242_IMG_18_0000_max_476x317.jpeg; https://media.rightmove.co.uk:443/dir/crop/10:9-16:9/279k/278555/152367365/278555_1209242_IMG_14_0000_max_476x317.jpeg; https://media.rightmove.co.uk:443/dir/crop/10:9-16:9/279k/278555/152367365/278555_1209242_IMG_01_0000_max_476x317.jpeg; https://media.rightmove.co.uk:443/dir/crop/10:9-16:9/279k/278555/152367365/278555_1209242_IMG_15_0000_max_476x317.jpeg; https://media.rightmove.co.uk:443/dir/crop/10:9-16:9/279k/278555/152367365/278555_1209242_IMG_16_0000_max_476x317.jpeg"
"152362817","Staffordshire","Industrial Park","Unit 24-29 & 31 Drayton Manor Business Park, Coleshill Road, Tamworth, Staffordshire, B78","POA","","","","The property comprises a warehouse unit which can be taken as a whole or split into smaller units. To let from 7,100 - 60,664 sqft","https://www.rightmove.co.uk/properties/152362817#/?channel=COM_LET","2024-09-12T17:02:51Z","","new","Marketed by FI Real Estate Management Limited, Lancashire","","52.60804","-1.7058","https://media.rightmove.co.uk:443/dir/crop/10:9-16:9/218k/217043/152362817/217043_Unit2429and31Drayton_IMG_02_0000_max_476x317.jpeg; https://media.rightmove.co.uk:443/dir/crop/10:9-16:9/218k/217043/152362817/217043_Unit2429and31Drayton_IMG_00_0000_max_476x317.jpeg; https://media.rightmove.co.uk:443/dir/crop/10:9-16:9/218k/217043/152362817/217043_Unit2429and31Drayton_IMG_01_0000_max_476x317.jpeg"
"86967315","Staffordshire","Distribution Warehouse","GXO Stone, Opal Way, Stone, ST15 0SS","POA","","","","Existing Unit Immediately Available on a flexible basis via a sublease from GXO FOR SUBLEASE","https://www.rightmove.co.uk/properties/86967315#/?channel=COM_LET","2024-09-06T10:56:20Z","","new","Marketed by JLL, Stockley Park - Industrial","","52.885499","-2.146737","https://media.rightmove.co.uk:443/dir/crop/10:9-16:9/260k/259241/86967315/259241_145433-2_IMG_00_0000_max_476x317.jpeg; https://media.rightmove.co.uk:443/dir/crop/10:9-16:9/260k/259241/86967315/259241_145433-2_IMG_01_0000_max_476x317.jpeg"
"87001341","Staffordshire","Light Industrial","I54, Innovation Drive, Wolverhampton, WV9 5GB","POA","","","","New industrial opportunities for sale/to let","https://www.rightmove.co.uk/properties/87001341#/?channel=COM_LET","2024-09-06T10:54:32Z","","new","Marketed by JLL, Midlands - Industrial","","52.634398","-2.143532","https://media.rightmove.co.uk:443/dir/crop/10:9-16:9/83k/82776/87001341/82776_111920-2_IMG_00_0000_max_476x317.jpeg"
"87001659","Staffordshire","Light Industrial","Chatterley Park, Peacock Hay Road, Stoke-on-Trent, Stoke-On-Trent, ST7 1UN","POA","","","","Chatterley Park offers Speculative New Build and Design & Build units up to 518,280 sq ft just 4 miles from Junction 16 of the M6.","https://www.rightmove.co.uk/properties/87001659#/?channel=COM_LET","2024-09-06T10:54:31Z","","new","Marketed by JLL, Midlands - Industrial","","53.06334","-2.239453","https://media.rightmove.co.uk:443/dir/crop/10:9-16:9/83k/82776/87001659/82776_34139-2_IMG_00_0000_max_476x317.jpeg; https://media.rightmove.co.uk:443/dir/crop/10:9-16:9/83k/82776/87001659/82776_34139-2_IMG_01_0000_max_476x317.jpeg; https://media.rightmove.co.uk:443/dir/crop/10:9-16:9/83k/82776/87001659/82776_34139-2_IMG_02_0000_max_476x317.jpeg; https://media.rightmove.co.uk:443/dir/crop/10:9-16:9/83k/82776/87001659/82776_34139-2_IMG_03_0000_max_476x317.jpeg"
"87001698","Staffordshire","Distribution Warehouse","Phase 2, West Midlands Interchange, Vicarage Road, Penkridge, Wolverhampton, WV10 7FH","POA","","","","West Midlands Interchange is the UK’s largest logistics development site, spanning 734-acres with capacity for a unit over 1,000,000 sq ft.","https://www.rightmove.co.uk/properties/87001698#/?channel=COM_LET","2024-09-06T10:54:31Z","","new","Marketed by JLL, Midlands - Industrial","","52.6816","-2.105848","https://media.rightmove.co.uk:443/dir/crop/10:9-16:9/property-photo/e657260d4/87001698/e657260d4f29bd95ac232270fbda79ef_max_476x317.jpeg; https://media.rightmove.co.uk:443/dir/crop/10:9-16:9/property-photo/22bbbdd63/87001698/22bbbdd6398f90f64acb0949cce056a0_max_476x317.jpeg; https://media.rightmove.co.uk:443/dir/crop/10:9-16:9/property-photo/a3fe56194/87001698/a3fe56194304cdb25afc130f2f75fd70_max_476x317.jpeg; https://media.rightmove.co.uk:443/dir/crop/10:9-16:9/property-photo/bcb96d390/87001698/bcb96d39042d4299f46bd4d2c3edb7ea_max_476x317.jpeg; https://media.rightmove.co.uk:443/dir/crop/10:9-16:9/property-photo/98c595853/87001698/98c595853846b8b47b5629763a6e9a35_max_476x317.jpeg"
"87001707","Staffordshire","Distribution Warehouse","Phase 3, West Midlands Interchange, Vicarage Road, Penkridge, Wolverhampton, WV10 7FH","POA","","","","West Midlands Interchange is the UK’s largest logistics development site, spanning 734-acres with capacity for a unit over 1,000,000 sq ft.","https://www.rightmove.co.uk/properties/87001707#/?channel=COM_LET","2024-09-06T10:54:31Z","","new","Marketed by JLL, Midlands - Industrial","","52.680935","-2.122663","https://media.rightmove.co.uk:443/dir/crop/10:9-16:9/83k/82776/87001707/82776_85656-2_IMG_00_0000_max_476x317.jpeg; https://media.rightmove.co.uk:443/dir/crop/10:9-16:9/83k/82776/87001707/82776_85656-2_IMG_01_0000_max_476x317.jpeg; https://media.rightmove.co.uk:443/dir/crop/10:9-16:9/83k/82776/87001707/82776_85656-2_IMG_02_0000_max_476x317.jpeg; https://media.rightmove.co.uk:443/dir/crop/10:9-16:9/83k/82776/87001707/82776_85656-2_IMG_03_0000_max_476x317.jpeg; https://media.rightmove.co.uk:443/dir/crop/10:9-16:9/83k/82776/87001707/82776_85656-2_IMG_04_0000_max_476x317.jpeg"
"87001668","Staffordshire","Light Industrial","Phase 5, West Midlands Interchange, Vicarage Road, Penkridge, Wolverhampton, WV10 7FH","POA","","","","West Midlands Interchange is the UK’s largest logistics development site, spanning 734-acres on land west of J12 M6 in South Staffordshire.","https://www.rightmove.co.uk/properties/87001668#/?channel=COM_LET","2024-09-06T10:54:31Z","","new","Marketed by JLL, Midlands - Industrial","","52.6816","-2.105848","https://media.rightmove.co.uk:443/dir/crop/10:9-16:9/83k/82776/87001668/82776_117846-2_IMG_00_0000_max_476x317.jpeg; https://media.rightmove.co.uk:443/dir/crop/10:9-16:9/83k/82776/87001668/82776_117846-2_IMG_01_0000_max_476x317.jpeg; https://media.rightmove.co.uk:443/dir/crop/10:9-16:9/83k/82776/87001668/82776_117846-2_IMG_02_0000_max_476x317.jpeg; https://media.rightmove.co.uk:443/dir/crop/10:9-16:9/83k/82776/87001668/82776_117846-2_IMG_03_0000_max_476x317.jpeg; https://media.rightmove.co.uk:443/dir/crop/10:9-16:9/83k/82776/87001668/82776_117846-2_IMG_04_0000_max_476x317.jpeg"
"87001512","Staffordshire","Distribution Warehouse","Logic 54, Featherstone, Wolverhampton, WV10 7JD","POA","","","","New Industrial / Logistics Park in the West Midlands","https://www.rightmove.co.uk/properties/87001512#/?channel=COM_LET","2024-09-06T10:54:31Z","","new","Marketed by JLL, Midlands - Industrial","","52.640247","-2.109577","https://media.rightmove.co.uk:443/dir/crop/10:9-16:9/83k/82776/87001512/82776_86053-2_IMG_00_0000_max_476x317.jpeg; https://media.rightmove.co.uk:443/dir/crop/10:9-16:9/83k/82776/87001512/82776_86053-2_IMG_01_0000_max_476x317.jpeg; https://media.rightmove.co.uk:443/dir/crop/10:9-16:9/83k/82776/87001512/82776_86053-2_IMG_02_0000_max_476x317.jpeg; https://media.rightmove.co.uk:443/dir/crop/10:9-16:9/83k/82776/87001512/82776_86053-2_IMG_03_0000_max_476x317.jpeg; https://media.rightmove.co.uk:443/dir/crop/10:9-16:9/83k/82776/87001512/82776_86053-2_IMG_04_0000_max_476x317.jpeg; https://media.rightmove.co.uk:443/dir/crop/10:9-16:9/83k/82776/87001512/82776_86053-2_IMG_05_0000_max_476x317.jpeg; https://media.rightmove.co.uk:443/dir/crop/10:9-16:9/83k/82776/87001512/82776_86053-2_IMG_06_0000_max_476x317.jpeg; https://media.rightmove.co.uk:443/dir/crop/10:9-16:9/83k/82776/87001512/82776_86053-2_IMG_07_0000_max_476x317.jpeg"
"87001674","Staffordshire","Light Industrial","Phase 4, West Midlands Interchange, Vicarage Road, Penkridge, Wolverhampton, WV10 7FH","POA","","","","West Midlands Interchange is the UK’s largest logistics development site, spanning 734-acres on land west of J12 M6 in South Staffordshire.","https://www.rightmove.co.uk/properties/87001674#/?channel=COM_LET","2024-09-06T10:54:31Z","","new","Marketed by JLL, Midlands - Industrial","","52.6816","-2.105848","https://media.rightmove.co.uk:443/dir/crop/10:9-16:9/property-photo/e657260d4/87001674/e657260d4f29bd95ac232270fbda79ef_max_476x317.jpeg; https://media.rightmove.co.uk:443/dir/crop/10:9-16:9/property-photo/22bbbdd63/87001674/22bbbdd6398f90f64acb0949cce056a0_max_476x317.jpeg; https://media.rightmove.co.uk:443/dir/crop/10:9-16:9/property-photo/98c595853/87001674/98c595853846b8b47b5629763a6e9a35_max_476x317.jpeg; https://media.rightmove.co.uk:443/dir/crop/10:9-16:9/property-photo/bcb96d390/87001674/bcb96d39042d4299f46bd4d2c3edb7ea_max_476x317.jpeg; https://media.rightmove.co.uk:443/dir/crop/10:9-16:9/property-photo/a3fe56194/87001674/a3fe56194304cdb25afc130f2f75fd70_max_476x317.jpeg"
"151849691","Staffordshire","Office","The Riverway, Riverway, Stafford, ST16 3TH","POA","","","","Headquarters Building with extensive car parking - Available To Let in part or as a whole","https://www.rightmove.co.uk/properties/151849691#/?channel=COM_LET","2024-09-06T09:53:38Z","","new","Marketed by JLL, Birmingham - Office","","52.80482","-2.105596","https://media.rightmove.co.uk:443/dir/crop/10:9-16:9/264k/263630/151849691/263630_218247-2_IMG_04_0000_max_476x317.jpeg; https://media.rightmove.co.uk:443/dir/crop/10:9-16:9/264k/263630/151849691/263630_218247-2_IMG_14_0000_max_476x317.jpeg; https://media.rightmove.co.uk:443/dir/crop/10:9-16:9/264k/263630/151849691/263630_218247-2_IMG_15_0000_max_476x317.jpeg; https://media.rightmove.co.uk:443/dir/crop/10:9-16:9/264k/263630/151849691/263630_218247-2_IMG_16_0000_max_476x317.jpeg; https://media.rightmove.co.uk:443/dir/crop/10:9-16:9/264k/263630/151849691/263630_218247-2_IMG_08_0000_max_476x317.jpeg; https://media.rightmove.co.uk:443/dir/crop/10:9-16:9/264k/263630/151849691/263630_218247-2_IMG_11_0000_max_476x317.jpeg; https://media.rightmove.co.uk:443/dir/crop/10:9-16:9/264k/263630/151849691/263630_218247-2_IMG_05_0000_max_476x317.jpeg; https://media.rightmove.co.uk:443/dir/crop/10:9-16:9/264k/263630/151849691/263630_218247-2_IMG_13_0000_max_476x317.jpeg; https://media.rightmove.co.uk:443/dir/crop/10:9-16:9/264k/263630/151849691/263630_218247-2_IMG_12_0000_max_476x317.jpeg; https://media.rightmove.co.uk:443/dir/crop/10:9-16:9/264k/263630/151849691/263630_218247-2_IMG_09_0000_max_476x317.jpeg; https://media.rightmove.co.uk:443/dir/crop/10:9-16:9/264k/263630/151849691/263630_218247-2_IMG_06_0000_max_476x317.jpeg; https://media.rightmove.co.uk:443/dir/crop/10:9-16:9/264k/263630/151849691/263630_218247-2_IMG_07_0000_max_476x317.jpeg; https://media.rightmove.co.uk:443/dir/crop/10:9-16:9/264k/263630/151849691/263630_218247-2_IMG_17_0000_max_476x317.jpeg"
"154771391","Staffordshire","Commercial Property","4 High Street, Cheadle, Stoke On Trent, ST10 1AF","£850 pcm","","","","*** Two months free*** An end of terrace commercial premises in the town center having an extensive frontage to the High Street at its junction with Croft Road. There are a number of both national and local retailers within close proximately to include Lloyds Bank and Bargain Booze Plus and publi...","https://www.rightmove.co.uk/properties/154771391#/?channel=COM_LET","2024-11-08T15:32:34Z","","price_reduced","Marketed by Hicks Hadley, Halesowen","","52.98776","-1.98879","https://media.rightmove.co.uk:443/dir/crop/10:9-16:9/121k/120175/154771391/120175_HN1284_IMG_00_0000_max_476x317.jpeg; https://media.rightmove.co.uk:443/dir/crop/10:9-16:9/121k/120175/154771391/120175_HN1284_IMG_01_0000_max_476x317.jpeg; https://media.rightmove.co.uk:443/dir/crop/10:9-16:9/121k/120175/154771391/120175_HN1284_IMG_02_0000_max_476x317.jpeg"
"151532639","Staffordshire","Office","Wolverhampton Road, Cannock, Staffordshire, WS11","£833 pcm","","","","The premises comprise self contained first and second floor offices above the Connells Estate Agents within Cannock Town Centre.The premises benefit from independent access directly from a rear shared yard and provide various cellular offices, a kitchen and staff w/cs.","https://www.rightmove.co.uk/properties/151532639#/?channel=COM_LET","2024-08-20T14:27:36Z","","new","Marketed by Raeburn Consulting, Derby","","52.6876","-2.03191","https://media.rightmove.co.uk:443/dir/crop/10:9-16:9/180k/179984/151532639/179984_nbcannock_IMG_00_0000_max_476x317.jpeg; https://media.rightmove.co.uk:443/dir/crop/10:9-16:9/180k/179984/151532639/179984_nbcannock_IMG_01_0000_max_476x317.jpeg; https://media.rightmove.co.uk:443/dir/crop/10:9-16:9/180k/179984/151532639/179984_nbcannock_IMG_02_0000_max_476x317.jpeg; https://media.rightmove.co.uk:443/dir/crop/10:9-16:9/180k/179984/151532639/179984_nbcannock_IMG_03_0000_max_476x317.jpeg; https://media.rightmove.co.uk:443/dir/crop/10:9-16:9/180k/179984/151532639/179984_nbcannock_IMG_04_0000_max_476x317.jpeg"
"151498451","Staffordshire","Commercial Property","Unit 13, Sugnall Business Centre, Sugnall, Stafford","£196 pcm","","","","Sugnall Business Centre is situated adjacent to the crossroads in the hamlet of Sugnall.","https://www.rightmove.co.uk/properties/151498451#/?channel=COM_LET","2024-08-19T16:58:00Z","","new","Marketed by Balfours LLP, Shrewsbury","","52.87618","-2.30039","https://media.rightmove.co.uk:443/dir/crop/10:9-16:9/74k/73234/151498451/73234_SRL240049_L_IMG_00_0000_max_476x317.jpeg; https://media.rightmove.co.uk:443/dir/crop/10:9-16:9/74k/73234/151498451/73234_SRL240049_L_IMG_01_0000_max_476x317.jpeg; https://media.rightmove.co.uk:443/dir/crop/10:9-16:9/74k/73234/151498451/73234_SRL240049_L_IMG_02_0000_max_476x317.jpeg; https://media.rightmove.co.uk:443/dir/crop/10:9-16:9/74k/73234/151498451/73234_SRL240049_L_IMG_03_0000_max_476x317.jpeg; https://media.rightmove.co.uk:443/dir/crop/10:9-16:9/74k/73234/151498451/73234_SRL240049_L_IMG_04_0000_max_476x317.jpeg"
"150262118","Staffordshire","Warehouse","Link 205 Fradley Link, Wellington Crescent, Fradley, Lichfield, WS13 8RZ","POA","","","","Grade A warehouse to let with 206,161 sq ft, 15m clear height, 24 loading doors, secure yard, and EV parking.","https://www.rightmove.co.uk/properties/150262118#/?channel=COM_LET","2024-07-15T16:02:23Z","","new","Marketed by Avison Young (UK) Limited, Avison Young Industrial 2","","52.703637","-1.780905","https://media.rightmove.co.uk:443/dir/crop/10:9-16:9/209k/208949/150262118/208949_224489-2_IMG_08_0000_max_476x317.jpeg; https://media.rightmove.co.uk:443/dir/crop/10:9-16:9/209k/208949/150262118/208949_224489-2_IMG_11_0000_max_476x317.jpeg; https://media.rightmove.co.uk:443/dir/crop/10:9-16:9/209k/208949/150262118/208949_224489-2_IMG_04_0000_max_476x317.jpeg; https://media.rightmove.co.uk:443/dir/crop/10:9-16:9/209k/208949/150262118/208949_224489-2_IMG_09_0000_max_476x317.jpeg; https://media.rightmove.co.uk:443/dir/crop/10:9-16:9/209k/208949/150262118/208949_224489-2_IMG_10_0000_max_476x317.jpeg; https://media.rightmove.co.uk:443/dir/crop/10:9-16:9/209k/208949/150262118/208949_224489-2_IMG_14_0000_max_476x317.jpeg; https://media.rightmove.co.uk:443/dir/crop/10:9-16:9/209k/208949/150262118/208949_224489-2_IMG_12_0000_max_476x317.jpeg; https://media.rightmove.co.uk:443/dir/crop/10:9-16:9/209k/208949/150262118/208949_224489-2_IMG_13_0000_max_476x317.jpeg"
"149730998","Staffordshire","Retail Property (high street)","18 Market Street, Lichfield, Staffordshire, WS13 6LH","£2,208 pcm","","","","The premises are being refurbished to provide a self-contained ground floor retail unit to comprise ground floor sales area leading through to an additional sales/storage area with WC. An external area to the rear is included.","https://www.rightmove.co.uk/properties/149730998#/?channel=COM_LET","2024-07-01T12:34:32Z","","new","Marketed by Burley Browne, Sutton Coldfield","","52.682899","-1.828767","https://media.rightmove.co.uk:443/dir/crop/10:9-16:9/110k/109673/149730998/109673_5825LH_IMG_05_0002_max_476x317.jpeg; https://media.rightmove.co.uk:443/dir/crop/10:9-16:9/110k/109673/149730998/109673_5825LH_IMG_06_0000_max_476x317.jpeg; https://media.rightmove.co.uk:443/dir/crop/10:9-16:9/110k/109673/149730998/109673_5825LH_IMG_07_0000_max_476x317.jpeg; https://media.rightmove.co.uk:443/dir/crop/10:9-16:9/110k/109673/149730998/109673_5825LH_IMG_08_0000_max_476x317.jpeg; https://media.rightmove.co.uk:443/dir/crop/10:9-16:9/110k/109673/149730998/109673_5825LH_IMG_11_0000_max_476x317.jpeg; https://media.rightmove.co.uk:443/dir/crop/10:9-16:9/110k/109673/149730998/109673_5825LH_IMG_09_0000_max_476x317.jpeg; https://media.rightmove.co.uk:443/dir/crop/10:9-16:9/110k/109673/149730998/109673_5825LH_IMG_10_0000_max_476x317.jpeg"
"149659697","Staffordshire","Serviced Office","Orbital Plaza, Cannock, Staffordshire, WS11","£309 pcm","From","","4","Private office with 2 workstations and access to 538 sqft shared workspace in Regus Cannock, near M6 Toll and Birmingham Airport. Fully serviced 108 sqft office with ergonomic furniture, high-speed WiFi, reception support, and flexible terms. Pricing starts at £309. Perfect for all businesses.","https://www.rightmove.co.uk/properties/149659697#/?channel=COM_LET","2024-06-28T11:41:05Z","","size_change","Marketed by IW Group Services (UK) Limited, Regus","","52.67313","-2.02554","https://media.rightmove.co.uk:443/dir/crop/10:9-16:9/property-photo/7e90e3536/149659697/7e90e3536a2abc8b67d1c9c782d8ae6c_max_476x317.jpeg; https://media.rightmove.co.uk:443/dir/crop/10:9-16:9/property-photo/59d250b3a/149659697/59d250b3af5ba6adbde20425e117d757_max_476x317.jpeg; https://media.rightmove.co.uk:443/dir/crop/10:9-16:9/property-photo/cb36dcd8e/149659697/cb36dcd8eb4bda5207aaae6e73c274d0_max_476x317.jpeg; https://media.rightmove.co.uk:443/dir/crop/10:9-16:9/property-photo/17c85723d/149659697/17c85723d30d94d6028f7dacaf016d1c_max_476x317.jpeg; https://media.rightmove.co.uk:443/dir/crop/10:9-16:9/property-photo/3f6a5b531/149659697/3f6a5b531c8b6d4697243cd4edfc7b94_max_476x317.jpeg; https://media.rightmove.co.uk:443/dir/crop/10:9-16:9/property-photo/0a99893ba/149659697/0a99893bad8af302839246358877b83c_max_476x317.jpeg; https://media.rightmove.co.uk:443/dir/crop/10:9-16:9/property-photo/3f756a672/149659697/3f756a672a3a80657dce93cb8f3557ff_max_476x317.jpeg; https://media.rightmove.co.uk:443/dir/crop/10:9-16:9/property-photo/d20a0ce9e/149659697/d20a0ce9e066867ea318b71d9fe9b5fd_max_476x317.jpeg; https://media.rightmove.co.uk:443/dir/crop/10:9-16:9/property-photo/550f6f81d/149659697/550f6f81d37bd6b3231051262a5bbb78_max_476x317.jpeg"
"149659901","Staffordshire","Serviced Office","Orbital Plaza, Cannock, Staffordshire, WS11","£499 pcm","From","","4","This offer includes a private space with 4 workstations plus 646 sqft of shared workspace in Cannock. Conveniently located near M6 Toll and Birmingham Airport, enjoy high-speed WiFi, ergonomic furniture, and access to global network locations. Regus Private Offices are serviced, starting at 499£.","https://www.rightmove.co.uk/properties/149659901#/?channel=COM_LET","2024-06-28T11:40:56Z","","size_change","Marketed by IW Group Services (UK) Limited, Regus","","52.67313","-2.02554","https://media.rightmove.co.uk:443/dir/crop/10:9-16:9/property-photo/3ddbc41c5/149659901/3ddbc41c5c289a5200b044b1f2bb7cc8_max_476x317.jpeg; https://media.rightmove.co.uk:443/dir/crop/10:9-16:9/property-photo/dd21f76ff/149659901/dd21f76ffe11237a16cca104534aeb04_max_476x317.jpeg; https://media.rightmove.co.uk:443/dir/crop/10:9-16:9/property-photo/d2b04a3d9/149659901/d2b04a3d9cd05a88f0b6faa6da37e788_max_476x317.jpeg; https://media.rightmove.co.uk:443/dir/crop/10:9-16:9/property-photo/17c85723d/149659901/17c85723d30d94d6028f7dacaf016d1c_max_476x317.jpeg; https://media.rightmove.co.uk:443/dir/crop/10:9-16:9/property-photo/636f9b2da/149659901/636f9b2da4c64a8b82a6c04617832d1b_max_476x317.jpeg; https://media.rightmove.co.uk:443/dir/crop/10:9-16:9/property-photo/0282b40af/149659901/0282b40afbe8fff4db36fe8adcf1a038_max_476x317.jpeg; https://media.rightmove.co.uk:443/dir/crop/10:9-16:9/property-photo/3f756a672/149659901/3f756a672a3a80657dce93cb8f3557ff_max_476x317.jpeg; https://media.rightmove.co.uk:443/dir/crop/10:9-16:9/property-photo/59d250b3a/149659901/59d250b3af5ba6adbde20425e117d757_max_476x317.jpeg; https://media.rightmove.co.uk:443/dir/crop/10:9-16:9/property-photo/0a99893ba/149659901/0a99893bad8af302839246358877b83c_max_476x317.jpeg; https://media.rightmove.co.uk:443/dir/crop/10:9-16:9/property-photo/550f6f81d/149659901/550f6f81d37bd6b3231051262a5bbb78_max_476x317.jpeg"
"149659436","Staffordshire","Commercial Property","Orbital Plaza, Cannock, Staffordshire, WS11","£145 pcm","From","","4","Build your business with a professional address and virtual office services. The Cannock office, near the M6 and airport, offers Wi-Fi.","https://www.rightmove.co.uk/properties/149659436#/?channel=COM_LET","2024-06-28T11:33:30Z","","size_change","Marketed by IW Group Services (UK) Limited, Regus","","52.67313","-2.02554","https://media.rightmove.co.uk:443/dir/crop/10:9-16:9/130k/129853/149659436/129853_UKvo961_IMG_02_0000_max_476x317.jpeg; https://media.rightmove.co.uk:443/dir/crop/10:9-16:9/130k/129853/149659436/129853_UKvo961_IMG_03_0000_max_476x317.jpeg; https://media.rightmove.co.uk:443/dir/crop/10:9-16:9/130k/129853/149659436/129853_UKvo961_IMG_01_0000_max_476x317.jpeg; https://media.rightmove.co.uk:443/dir/crop/10:9-16:9/130k/129853/149659436/129853_UKvo961_IMG_00_0000_max_476x317.jpeg; https://media.rightmove.co.uk:443/dir/crop/10:9-16:9/130k/129853/149659436/129853_UKvo961_IMG_04_0000_max_476x317.jpeg"
"136061615","Staffordshire","Retail Property (high street)","21-23 Market Street, Lichfield, Staffordshire, WS13 6JX","£3,958 pcm","","","","The premises comprise self-contained retail accommodation providing ground floor sales area with ancillary office / storage and rear yard for loading / unloading together with first floor ancillary storage, staff room and WC's.","https://www.rightmove.co.uk/properties/136061615#/?channel=COM_LET","2023-06-14T11:57:44Z","","new","Marketed by Burley Browne, Sutton Coldfield","","52.683037","-1.829144","https://media.rightmove.co.uk:443/dir/crop/10:9-16:9/110k/109673/136061615/109673_4397LH_IMG_00_0001_max_476x317.jpeg; https://media.rightmove.co.uk:443/dir/crop/10:9-16:9/110k/109673/136061615/109673_4397LH_IMG_01_0001_max_476x317.jpeg; https://media.rightmove.co.uk:443/dir/crop/10:9-16:9/110k/109673/136061615/109673_4397LH_IMG_02_0001_max_476x317.jpeg; https://media.rightmove.co.uk:443/dir/crop/10:9-16:9/110k/109673/136061615/109673_4397LH_IMG_03_0001_max_476x317.jpeg; https://media.rightmove.co.uk:443/dir/crop/10:9-16:9/110k/109673/136061615/109673_4397LH_IMG_04_0001_max_476x317.jpeg; https://media.rightmove.co.uk:443/dir/crop/10:9-16:9/110k/109673/136061615/109673_4397LH_IMG_05_0001_max_476x317.jpeg; https://media.rightmove.co.uk:443/dir/crop/10:9-16:9/110k/109673/136061615/109673_4397LH_IMG_06_0001_max_476x317.jpeg; https://media.rightmove.co.uk:443/dir/crop/10:9-16:9/110k/109673/136061615/109673_4397LH_IMG_07_0001_max_476x317.jpeg; https://media.rightmove.co.uk:443/dir/crop/10:9-16:9/110k/109673/136061615/109673_4397LH_IMG_08_0001_max_476x317.jpeg; https://media.rightmove.co.uk:443/dir/crop/10:9-16:9/110k/109673/136061615/109673_4397LH_IMG_09_0001_max_476x317.jpeg; https://media.rightmove.co.uk:443/dir/crop/10:9-16:9/110k/109673/136061615/109673_4397LH_IMG_10_0001_max_476x317.jpeg; https://media.rightmove.co.uk:443/dir/crop/10:9-16:9/110k/109673/136061615/109673_4397LH_IMG_11_0001_max_476x317.jpeg"
"148520906","Staffordshire","Office","Lincoln House, Wellington Crescent, Fradley, Lichfield, WS13 8RZ","£13,832 pcm","","","","The subject property comprises a modern style office arranged over two floor. The vacant offices are accessed via an attractive fully glazed reception area with WC's, meeting rooms and stores off. The first floor offers predominantly open plan office accommodation in two sections together wi...","https://www.rightmove.co.uk/properties/148520906#/?channel=COM_LET","2024-05-29T17:15:28Z","","new","Marketed by Burley Browne, Sutton Coldfield","","52.704751","-1.780228","https://media.rightmove.co.uk:443/dir/crop/10:9-16:9/110k/109673/148520906/109673_5782LH_IMG_00_0000_max_476x317.jpeg; https://media.rightmove.co.uk:443/dir/crop/10:9-16:9/110k/109673/148520906/109673_5782LH_IMG_01_0000_max_476x317.jpeg; https://media.rightmove.co.uk:443/dir/crop/10:9-16:9/110k/109673/148520906/109673_5782LH_IMG_02_0000_max_476x317.jpeg; https://media.rightmove.co.uk:443/dir/crop/10:9-16:9/110k/109673/148520906/109673_5782LH_IMG_03_0000_max_476x317.jpeg; https://media.rightmove.co.uk:443/dir/crop/10:9-16:9/110k/109673/148520906/109673_5782LH_IMG_04_0000_max_476x317.jpeg; https://media.rightmove.co.uk:443/dir/crop/10:9-16:9/110k/109673/148520906/109673_5782LH_IMG_05_0000_max_476x317.jpeg; https://media.rightmove.co.uk:443/dir/crop/10:9-16:9/110k/109673/148520906/109673_5782LH_IMG_06_0000_max_476x317.jpeg; https://media.rightmove.co.uk:443/dir/crop/10:9-16:9/110k/109673/148520906/109673_5782LH_IMG_07_0000_max_476x317.jpeg; https://media.rightmove.co.uk:443/dir/crop/10:9-16:9/110k/109673/148520906/109673_5782LH_IMG_08_0000_max_476x317.jpeg; https://media.rightmove.co.uk:443/dir/crop/10:9-16:9/110k/109673/148520906/109673_5782LH_IMG_09_0000_max_476x317.jpeg; https://media.rightmove.co.uk:443/dir/crop/10:9-16:9/110k/109673/148520906/109673_5782LH_IMG_10_0000_max_476x317.jpeg; https://media.rightmove.co.uk:443/dir/crop/10:9-16:9/110k/109673/148520906/109673_5782LH_IMG_11_0000_max_476x317.jpeg; https://media.rightmove.co.uk:443/dir/crop/10:9-16:9/110k/109673/148520906/109673_5782LH_IMG_12_0000_max_476x317.jpeg; https://media.rightmove.co.uk:443/dir/crop/10:9-16:9/110k/109673/148520906/109673_5782LH_IMG_13_0000_max_476x317.jpeg; https://media.rightmove.co.uk:443/dir/crop/10:9-16:9/110k/109673/148520906/109673_5782LH_IMG_14_0000_max_476x317.jpeg; https://media.rightmove.co.uk:443/dir/crop/10:9-16:9/110k/109673/148520906/109673_5782LH_IMG_15_0000_max_476x317.jpeg; https://media.rightmove.co.uk:443/dir/crop/10:9-16:9/110k/109673/148520906/109673_5782LH_IMG_16_0000_max_476x317.jpeg; https://media.rightmove.co.uk:443/dir/crop/10:9-16:9/110k/109673/148520906/109673_5782LH_IMG_17_0000_max_476x317.jpeg; https://media.rightmove.co.uk:443/dir/crop/10:9-16:9/110k/109673/148520906/109673_5782LH_IMG_18_0000_max_476x317.jpeg; https://media.rightmove.co.uk:443/dir/crop/10:9-16:9/110k/109673/148520906/109673_5782LH_IMG_19_0000_max_476x317.jpeg; https://media.rightmove.co.uk:443/dir/crop/10:9-16:9/110k/109673/148520906/109673_5782LH_IMG_20_0000_max_476x317.jpeg; https://media.rightmove.co.uk:443/dir/crop/10:9-16:9/110k/109673/148520906/109673_5782LH_IMG_21_0000_max_476x317.jpeg; https://media.rightmove.co.uk:443/dir/crop/10:9-16:9/110k/109673/148520906/109673_5782LH_IMG_22_0000_max_476x317.jpeg"
"148519997","Staffordshire","Warehouse","Unit B173 Indurent Park Burton, A38 Lichfield Road, Burton-on-Trent, DE13 8ED","POA","","","","New Industrial / Warehouse Unit of 173,356 Sq Ft - Available Now","https://www.rightmove.co.uk/properties/148519997#/?channel=COM_LET","2024-05-29T17:01:43Z","","new","Marketed by Savills, Birmingham Industrial","","52.776096","-1.680455","https://media.rightmove.co.uk:443/dir/crop/10:9-16:9/215k/214100/148519997/214100_158949-2_IMG_00_0002_max_476x317.jpeg; https://media.rightmove.co.uk:443/dir/crop/10:9-16:9/215k/214100/148519997/214100_158949-2_IMG_03_0001_max_476x317.jpeg; https://media.rightmove.co.uk:443/dir/crop/10:9-16:9/215k/214100/148519997/214100_158949-2_IMG_04_0001_max_476x317.jpeg; https://media.rightmove.co.uk:443/dir/crop/10:9-16:9/215k/214100/148519997/214100_158949-2_IMG_07_0000_max_476x317.jpeg; https://media.rightmove.co.uk:443/dir/crop/10:9-16:9/215k/214100/148519997/214100_158949-2_IMG_01_0002_max_476x317.jpeg; https://media.rightmove.co.uk:443/dir/crop/10:9-16:9/215k/214100/148519997/214100_158949-2_IMG_06_0000_max_476x317.jpeg; https://media.rightmove.co.uk:443/dir/crop/10:9-16:9/215k/214100/148519997/214100_158949-2_IMG_02_0001_max_476x317.jpeg; https://media.rightmove.co.uk:443/dir/crop/10:9-16:9/215k/214100/148519997/214100_158949-2_IMG_05_0001_max_476x317.jpeg; https://media.rightmove.co.uk:443/dir/crop/10:9-16:9/215k/214100/148519997/214100_158949-2_IMG_09_0000_max_476x317.jpeg; https://media.rightmove.co.uk:443/dir/crop/10:9-16:9/215k/214100/148519997/214100_158949-2_IMG_08_0000_max_476x317.jpeg; https://media.rightmove.co.uk:443/dir/crop/10:9-16:9/215k/214100/148519997/214100_158949-2_IMG_10_0000_max_476x317.jpeg"
"148466069","Staffordshire","Office","1 Smithfield, Leonard Coates Way, Hanley, Stoke-On-Trent, ST1 4FA","£11,056 pcm","","","","Office To Let, Stoke-On-Trent","https://www.rightmove.co.uk/properties/148466069#/?channel=COM_LET","2024-05-28T14:29:09Z","","size_change","Marketed by Avison Young (UK) Limited, Offices","","53.021866","-2.178109","https://media.rightmove.co.uk:443/dir/crop/10:9-16:9/57k/56478/148466069/56478_110986-2_IMG_35_0000_max_476x317.jpeg; https://media.rightmove.co.uk:443/dir/crop/10:9-16:9/57k/56478/148466069/56478_110986-2_IMG_04_0000_max_476x317.jpeg; https://media.rightmove.co.uk:443/dir/crop/10:9-16:9/57k/56478/148466069/56478_110986-2_IMG_37_0000_max_476x317.jpeg; https://media.rightmove.co.uk:443/dir/crop/10:9-16:9/57k/56478/148466069/56478_110986-2_IMG_24_0000_max_476x317.jpeg; https://media.rightmove.co.uk:443/dir/crop/10:9-16:9/57k/56478/148466069/56478_110986-2_IMG_23_0000_max_476x317.jpeg; https://media.rightmove.co.uk:443/dir/crop/10:9-16:9/57k/56478/148466069/56478_110986-2_IMG_19_0000_max_476x317.jpeg; https://media.rightmove.co.uk:443/dir/crop/10:9-16:9/57k/56478/148466069/56478_110986-2_IMG_20_0000_max_476x317.jpeg; https://media.rightmove.co.uk:443/dir/crop/10:9-16:9/57k/56478/148466069/56478_110986-2_IMG_26_0000_max_476x317.jpeg; https://media.rightmove.co.uk:443/dir/crop/10:9-16:9/57k/56478/148466069/56478_110986-2_IMG_28_0000_max_476x317.jpeg; https://media.rightmove.co.uk:443/dir/crop/10:9-16:9/57k/56478/148466069/56478_110986-2_IMG_27_0000_max_476x317.jpeg; https://media.rightmove.co.uk:443/dir/crop/10:9-16:9/57k/56478/148466069/56478_110986-2_IMG_25_0000_max_476x317.jpeg; https://media.rightmove.co.uk:443/dir/crop/10:9-16:9/57k/56478/148466069/56478_110986-2_IMG_31_0000_max_476x317.jpeg; https://media.rightmove.co.uk:443/dir/crop/10:9-16:9/57k/56478/148466069/56478_110986-2_IMG_32_0000_max_476x317.jpeg; https://media.rightmove.co.uk:443/dir/crop/10:9-16:9/57k/56478/148466069/56478_110986-2_IMG_22_0000_max_476x317.jpeg; https://media.rightmove.co.uk:443/dir/crop/10:9-16:9/57k/56478/148466069/56478_110986-2_IMG_21_0000_max_476x317.jpeg; https://media.rightmove.co.uk:443/dir/crop/10:9-16:9/57k/56478/148466069/56478_110986-2_IMG_33_0000_max_476x317.jpeg; https://media.rightmove.co.uk:443/dir/crop/10:9-16:9/57k/56478/148466069/56478_110986-2_IMG_18_0000_max_476x317.jpeg; https://media.rightmove.co.uk:443/dir/crop/10:9-16:9/57k/56478/148466069/56478_110986-2_IMG_29_0000_max_476x317.jpeg; https://media.rightmove.co.uk:443/dir/crop/10:9-16:9/57k/56478/148466069/56478_110986-2_IMG_34_0000_max_476x317.jpeg; https://media.rightmove.co.uk:443/dir/crop/10:9-16:9/57k/56478/148466069/56478_110986-2_IMG_17_0000_max_476x317.jpeg; https://media.rightmove.co.uk:443/dir/crop/10:9-16:9/57k/56478/148466069/56478_110986-2_IMG_36_0000_max_476x317.jpeg; https://media.rightmove.co.uk:443/dir/crop/10:9-16:9/57k/56478/148466069/56478_110986-2_IMG_38_0000_max_476x317.jpeg"
"148519373","Staffordshire","Warehouse","Indurent Park Burton, A38 Lichfield Road, Burton-on-Trent, DE13 8ED","POA","","","","New Industrial / Warehouse Units - Available Now - 38,360 - 80,846 sq ft","https://www.rightmove.co.uk/properties/148519373#/?channel=COM_LET","2024-05-29T16:52:19Z","","new","Marketed by Savills, Birmingham Industrial","","52.772417","-1.685354","https://media.rightmove.co.uk:443/dir/crop/10:9-16:9/215k/214100/148519373/214100_9355-2_IMG_00_0001_max_476x317.jpeg; https://media.rightmove.co.uk:443/dir/crop/10:9-16:9/215k/214100/148519373/214100_9355-2_IMG_01_0001_max_476x317.jpeg; https://media.rightmove.co.uk:443/dir/crop/10:9-16:9/215k/214100/148519373/214100_9355-2_IMG_02_0001_max_476x317.jpeg; https://media.rightmove.co.uk:443/dir/crop/10:9-16:9/215k/214100/148519373/214100_9355-2_IMG_03_0001_max_476x317.jpeg"
"148266914","Staffordshire","Office","Keele Science Park, Innovation Centre 7, Newcastle, Staffordshire, ST5","POA","","","","Location: Innovation Centre 7, located on Keele University's Science and Innovation Park, is a brand new facility focused on harnessing and developing the digital technology that will place the region at the heart of the UK's digital revolution. The state of the art building delivers modern work...","https://www.rightmove.co.uk/properties/148266914#/?channel=COM_LET","2024-05-22T10:07:33Z","","new","Marketed by Harris Lamb, Stoke-On-Trent","","53.006348","-2.257088","https://media.rightmove.co.uk:443/dir/crop/10:9-16:9/59k/58365/148266914/58365_6598LH_IMG_00_0000_max_476x317.jpeg; https://media.rightmove.co.uk:443/dir/crop/10:9-16:9/59k/58365/148266914/58365_6598LH_IMG_01_0000_max_476x317.jpeg; https://media.rightmove.co.uk:443/dir/crop/10:9-16:9/59k/58365/148266914/58365_6598LH_IMG_02_0000_max_476x317.jpeg; https://media.rightmove.co.uk:443/dir/crop/10:9-16:9/59k/58365/148266914/58365_6598LH_IMG_03_0000_max_476x317.jpeg; https://media.rightmove.co.uk:443/dir/crop/10:9-16:9/59k/58365/148266914/58365_6598LH_IMG_04_0000_max_476x317.jpeg; https://media.rightmove.co.uk:443/dir/crop/10:9-16:9/59k/58365/148266914/58365_6598LH_IMG_05_0000_max_476x317.jpeg; https://media.rightmove.co.uk:443/dir/crop/10:9-16:9/59k/58365/148266914/58365_6598LH_IMG_06_0000_max_476x317.jpeg; https://media.rightmove.co.uk:443/dir/crop/10:9-16:9/59k/58365/148266914/58365_6598LH_IMG_07_0000_max_476x317.jpeg; https://media.rightmove.co.uk:443/dir/crop/10:9-16:9/59k/58365/148266914/58365_6598LH_IMG_08_0000_max_476x317.jpeg; https://media.rightmove.co.uk:443/dir/crop/10:9-16:9/59k/58365/148266914/58365_6598LH_IMG_09_0000_max_476x317.jpeg; https://media.rightmove.co.uk:443/dir/crop/10:9-16:9/59k/58365/148266914/58365_6598LH_IMG_10_0000_max_476x317.jpeg; https://media.rightmove.co.uk:443/dir/crop/10:9-16:9/59k/58365/148266914/58365_6598LH_IMG_11_0000_max_476x317.jpeg; https://media.rightmove.co.uk:443/dir/crop/10:9-16:9/59k/58365/148266914/58365_6598LH_IMG_12_0000_max_476x317.jpeg; https://media.rightmove.co.uk:443/dir/crop/10:9-16:9/59k/58365/148266914/58365_6598LH_IMG_13_0000_max_476x317.jpeg; https://media.rightmove.co.uk:443/dir/crop/10:9-16:9/59k/58365/148266914/58365_6598LH_IMG_14_0000_max_476x317.jpeg; https://media.rightmove.co.uk:443/dir/crop/10:9-16:9/59k/58365/148266914/58365_6598LH_IMG_15_0000_max_476x317.jpeg; https://media.rightmove.co.uk:443/dir/crop/10:9-16:9/59k/58365/148266914/58365_6598LH_IMG_16_0000_max_476x317.jpeg; https://media.rightmove.co.uk:443/dir/crop/10:9-16:9/59k/58365/148266914/58365_6598LH_IMG_17_0000_max_476x317.jpeg; https://media.rightmove.co.uk:443/dir/crop/10:9-16:9/59k/58365/148266914/58365_6598LH_IMG_18_0000_max_476x317.jpeg; https://media.rightmove.co.uk:443/dir/crop/10:9-16:9/59k/58365/148266914/58365_6598LH_IMG_19_0000_max_476x317.jpeg; https://media.rightmove.co.uk:443/dir/crop/10:9-16:9/59k/58365/148266914/58365_6598LH_IMG_20_0000_max_476x317.jpeg"
"147983561","Staffordshire","Retail Property (high street)","Former Mecca Bingo Premises, Octagon Retail Park, Hanley, Stoke-On-Trent, Staffordshire, ST1 5RR","POA","","","","Location: The unit is prominently located to the front of the Octagon Retail Park which is an established retail destination to the west of Hanley (City Centre). The scheme is easily accessed from the A500 D Road dual carriageway which gives access to the main arterial roads in the area to inclu...","https://www.rightmove.co.uk/properties/147983561#/?channel=COM_LET","2024-05-14T16:16:21Z","","new","Marketed by Harris Lamb, Stoke-On-Trent","","53.025524","-2.187367","https://media.rightmove.co.uk:443/dir/crop/10:9-16:9/59k/58365/147983561/58365_6594LH_IMG_00_0000_max_476x317.jpeg; https://media.rightmove.co.uk:443/dir/crop/10:9-16:9/59k/58365/147983561/58365_6594LH_IMG_01_0000_max_476x317.jpeg; https://media.rightmove.co.uk:443/dir/crop/10:9-16:9/59k/58365/147983561/58365_6594LH_IMG_02_0000_max_476x317.jpeg"
"70113998","Staffordshire","Serviced Office","Watling Court, Orbital Plaza, Watling Street, Bridgtown, Birmingham, WS11 0EL","£309 pcm","From","","4","This offer includes a private space with 1 workstation and 538 sqft of shared workspace in Cannock, close to M6 and Birmingham Airport. Modern spaces feature high-speed WiFi and ergonomic furniture. Regus Cannock supports private offices, coworking, and virtual offices.","https://www.rightmove.co.uk/properties/70113998#/?channel=COM_LET","2017-11-14T07:28:24Z","","price_reduced","Marketed by IW Group Services (UK) Limited, Regus","","52.67313","-2.02554","https://media.rightmove.co.uk:443/dir/crop/10:9-16:9/130k/129853/70113998/129853_UK1ws961_IMG_05_0001_max_476x317.jpeg; https://media.rightmove.co.uk:443/dir/crop/10:9-16:9/130k/129853/70113998/129853_UK1ws961_IMG_13_0000_max_476x317.jpeg; https://media.rightmove.co.uk:443/dir/crop/10:9-16:9/130k/129853/70113998/129853_UK1ws961_IMG_12_0001_max_476x317.jpeg; https://media.rightmove.co.uk:443/dir/crop/10:9-16:9/130k/129853/70113998/129853_UK1ws961_IMG_04_0001_max_476x317.jpeg; https://media.rightmove.co.uk:443/dir/crop/10:9-16:9/130k/129853/70113998/129853_UK1ws961_IMG_07_0001_max_476x317.jpeg; https://media.rightmove.co.uk:443/dir/crop/10:9-16:9/130k/129853/70113998/129853_UK1ws961_IMG_11_0001_max_476x317.jpeg; https://media.rightmove.co.uk:443/dir/crop/10:9-16:9/130k/129853/70113998/129853_UK1ws961_IMG_06_0001_max_476x317.jpeg; https://media.rightmove.co.uk:443/dir/crop/10:9-16:9/130k/129853/70113998/129853_UK1ws961_IMG_01_0001_max_476x317.jpeg"
"146257007","Staffordshire","Office","Building 3 Etruria Office Village, Forge Lane, Festival Park, Stoke-On-Trent, Staffordshire, ST1","POA","","","","Location: Stoke-on-Trent is strategically located in North Staffordshire approximately 45 miles north of Birmingham, 43 miles south of Manchester and 35 miles west of Derby. The location benefits from good access to the regional motorway network with Junction 15, M6 Motorway within approximately...","https://www.rightmove.co.uk/properties/146257007#/?channel=COM_LET","2024-03-28T14:56:12Z","","new","Marketed by Harris Lamb, Stoke-On-Trent","","53.025394","-2.200651","https://media.rightmove.co.uk:443/dir/crop/10:9-16:9/59k/58365/146257007/58365_6579LH_IMG_00_0000_max_476x317.jpeg; https://media.rightmove.co.uk:443/dir/crop/10:9-16:9/59k/58365/146257007/58365_6579LH_IMG_03_0000_max_476x317.jpeg; https://media.rightmove.co.uk:443/dir/crop/10:9-16:9/59k/58365/146257007/58365_6579LH_IMG_04_0000_max_476x317.jpeg; https://media.rightmove.co.uk:443/dir/crop/10:9-16:9/59k/58365/146257007/58365_6579LH_IMG_05_0000_max_476x317.jpeg; https://media.rightmove.co.uk:443/dir/crop/10:9-16:9/59k/58365/146257007/58365_6579LH_IMG_06_0000_max_476x317.jpeg; https://media.rightmove.co.uk:443/dir/crop/10:9-16:9/59k/58365/146257007/58365_6579LH_IMG_07_0000_max_476x317.jpeg"
"145387178","Staffordshire","Office","Anson Court, Stafford, Staffordshire, ST18","£560 pcm","","","1","Modern Self Contained Office SuiteLocated on the Popular Staffordshire Technology ParkSize : 678 sq.ft.The office is available for immediate occupation and provides good quality lofty open plan space with integral kitchen & WC along with partitioned meeting space. DDA compliant. ","https://www.rightmove.co.uk/properties/145387178#/?channel=COM_LET","2024-03-04T14:06:24Z","","new","Marketed by Anson Offices, Anson Offices","","52.8155","-2.0826","https://media.rightmove.co.uk:443/dir/crop/10:9-16:9/271k/270731/145387178/270731_14Anson_IMG_00_0000_max_476x317.jpeg; https://media.rightmove.co.uk:443/dir/crop/10:9-16:9/271k/270731/145387178/270731_14Anson_IMG_01_0000_max_476x317.jpeg; https://media.rightmove.co.uk:443/dir/crop/10:9-16:9/271k/270731/145387178/270731_14Anson_IMG_02_0000_max_476x317.jpeg; https://media.rightmove.co.uk:443/dir/crop/10:9-16:9/271k/270731/145387178/270731_14Anson_IMG_03_0000_max_476x317.jpeg; https://media.rightmove.co.uk:443/dir/crop/10:9-16:9/271k/270731/145387178/270731_14Anson_IMG_04_0000_max_476x317.jpeg; https://media.rightmove.co.uk:443/dir/crop/10:9-16:9/271k/270731/145387178/270731_14Anson_IMG_05_0000_max_476x317.jpeg; https://media.rightmove.co.uk:443/dir/crop/10:9-16:9/271k/270731/145387178/270731_14Anson_IMG_06_0000_max_476x317.jpeg; https://media.rightmove.co.uk:443/dir/crop/10:9-16:9/271k/270731/145387178/270731_14Anson_IMG_07_0000_max_476x317.jpeg"
"155837273","Staffordshire","Office","Ventura House, Suite D, Ventura Park Road, Tamworth, Staffordshire, B78 3HL","£4,024 pcm","","","","Suite D comprises of first floor open plan accommodation that has been refurbished to a high standard to include new carpet tiles, air conditioning, perimeter trunking, separate kitchens and a suspended ceiling together with integrated LED lighting. The suites are accessed via an internal stairca...","https://www.rightmove.co.uk/properties/155837273#/?channel=COM_LET","2024-12-10T17:16:48Z","","new","Marketed by Burley Browne, Sutton Coldfield","","52.626179","-1.707698","https://media.rightmove.co.uk:443/dir/crop/10:9-16:9/110k/109673/155837273/109673_5701LH_IMG_00_0000_max_476x317.jpeg; https://media.rightmove.co.uk:443/dir/crop/10:9-16:9/110k/109673/155837273/109673_5701LH_IMG_01_0000_max_476x317.jpeg; https://media.rightmove.co.uk:443/dir/crop/10:9-16:9/110k/109673/155837273/109673_5701LH_IMG_02_0000_max_476x317.jpeg; https://media.rightmove.co.uk:443/dir/crop/10:9-16:9/110k/109673/155837273/109673_5701LH_IMG_03_0000_max_476x317.jpeg; https://media.rightmove.co.uk:443/dir/crop/10:9-16:9/110k/109673/155837273/109673_5701LH_IMG_04_0000_max_476x317.jpeg; https://media.rightmove.co.uk:443/dir/crop/10:9-16:9/110k/109673/155837273/109673_5701LH_IMG_05_0000_max_476x317.jpeg; https://media.rightmove.co.uk:443/dir/crop/10:9-16:9/110k/109673/155837273/109673_5701LH_IMG_06_0000_max_476x317.jpeg; https://media.rightmove.co.uk:443/dir/crop/10:9-16:9/110k/109673/155837273/109673_5701LH_IMG_07_0000_max_476x317.jpeg; https://media.rightmove.co.uk:443/dir/crop/10:9-16:9/110k/109673/155837273/109673_5701LH_IMG_08_0000_max_476x317.jpeg"
"144268403","Staffordshire","Office","Anders Square, Perton, WV6 7QH","£838 pcm","","","","The First Floor office suite is located overlooking Anders Square Shopping Centre and is located amongst other office users and a variety of retailers including a Sainsbury's, a Hardware Store, Beauticians, Barbers, a Café and Micro-Brewery.","https://www.rightmove.co.uk/properties/144268403#/?channel=COM_LET","2024-02-01T16:05:20Z","","new","Marketed by First City Limited, Wolverhampton","","52.59474","-2.20309","https://media.rightmove.co.uk:443/dir/crop/10:9-16:9/106k/105019/144268403/105019_5221_IMG_00_0000_max_476x317.jpeg; https://media.rightmove.co.uk:443/dir/crop/10:9-16:9/106k/105019/144268403/105019_5221_IMG_01_0000_max_476x317.jpeg; https://media.rightmove.co.uk:443/dir/crop/10:9-16:9/106k/105019/144268403/105019_5221_IMG_02_0000_max_476x317.jpeg; https://media.rightmove.co.uk:443/dir/crop/10:9-16:9/106k/105019/144268403/105019_5221_IMG_03_0000_max_476x317.jpeg; https://media.rightmove.co.uk:443/dir/crop/10:9-16:9/106k/105019/144268403/105019_5221_IMG_04_0000_max_476x317.jpeg"
"143396966","Staffordshire","Office","TRENT HOUSE, 234 VICTORIA ROAD, STOKE-ON-TRENT, STAFFORDSHIRE, ST4","POA","","","","As an award-winning provider of flexible office solutions, BusinessLodge Bury is designed to meet the diverse needs of businesses, offering everything from serviced offices to co-working spaces, virtual office services, and fully equipped meeting and conference facilities. What We Offer Servic...","https://www.rightmove.co.uk/properties/143396966#/?channel=COM_LET","2024-01-05T11:07:28Z","","new","Marketed by Nolan Real Estate, Bury","","53.006203","-2.165048","https://media.rightmove.co.uk:443/dir/crop/10:9-16:9/96k/95755/143396966/95755_1095LH_IMG_00_0001_max_476x317.jpeg; https://media.rightmove.co.uk:443/dir/crop/10:9-16:9/96k/95755/143396966/95755_1095LH_IMG_01_0001_max_476x317.jpeg; https://media.rightmove.co.uk:443/dir/crop/10:9-16:9/96k/95755/143396966/95755_1095LH_IMG_02_0001_max_476x317.jpeg; https://media.rightmove.co.uk:443/dir/crop/10:9-16:9/96k/95755/143396966/95755_1095LH_IMG_03_0001_max_476x317.jpeg; https://media.rightmove.co.uk:443/dir/crop/10:9-16:9/96k/95755/143396966/95755_1095LH_IMG_04_0001_max_476x317.jpeg"
"135231887","Staffordshire","Retail Property (Shopping Centre)","Roebuck Centre, High Street, Newcastle Under Lyme, Staffordshire, ST5","£1,400 pcm","","","","A PRIME HIGH STREET RETAIL PITCH WITHIN THE LOCAL LANDMARK, THE ROEBUCK SHOPPING CENTRE.","https://www.rightmove.co.uk/properties/135231887#/?channel=COM_LET","2023-05-24T15:50:31Z","","price_reduced","Marketed by Western Trading Limited, Birmingham","","53.01073","-2.22844","https://media.rightmove.co.uk:443/dir/crop/10:9-16:9/261k/260078/135231887/260078_RBK09_IMG_05_0000_max_476x317.png; https://media.rightmove.co.uk:443/dir/crop/10:9-16:9/261k/260078/135231887/260078_RBK09_IMG_00_0000_max_476x317.jpeg; https://media.rightmove.co.uk:443/dir/crop/10:9-16:9/261k/260078/135231887/260078_RBK09_IMG_03_0000_max_476x317.jpeg; https://media.rightmove.co.uk:443/dir/crop/10:9-16:9/261k/260078/135231887/260078_RBK09_IMG_02_0000_max_476x317.jpeg; https://media.rightmove.co.uk:443/dir/crop/10:9-16:9/261k/260078/135231887/260078_RBK09_IMG_01_0000_max_476x317.jpeg; https://media.rightmove.co.uk:443/dir/crop/10:9-16:9/261k/260078/135231887/260078_RBK16_IMG_08_0000_max_476x317.png; https://media.rightmove.co.uk:443/dir/crop/10:9-16:9/261k/260078/135231887/260078_RBK16_IMG_09_0000_max_476x317.jpeg; https://media.rightmove.co.uk:443/dir/crop/10:9-16:9/261k/260078/135231887/260078_RBK09_IMG_06_0000_max_476x317.jpeg"
"138655640","Staffordshire","Office","Unit 1, Drayton Manor Business Park, Coleshill Road, Tamworth, Staffordshire, B78","POA","","","","Unit 1 Drayton Manor Business Park is 12,898 sq ft and taken as seen or bespoke works can be discussed.","https://www.rightmove.co.uk/properties/138655640#/?channel=COM_LET","2023-08-15T11:44:38Z","","size_change","Marketed by FI Real Estate Management Limited, Lancashire","","52.61002","-1.70593","https://media.rightmove.co.uk:443/dir/crop/10:9-16:9/218k/217043/138655640/217043_Unit1DraytonManorBusinessPark_IMG_01_0001_max_476x317.jpeg; https://media.rightmove.co.uk:443/dir/crop/10:9-16:9/218k/217043/138655640/217043_Unit1DraytonManorBusinessPark_IMG_00_0003_max_476x317.jpeg"
"136054142","Staffordshire","Retail Property (Shopping Centre)","Roebuck Centre, High Street, Newcastle Under Lyme, Staffordshire, ST5","£950 pcm","","","","A PRIME HIGH STREET RETAIL PITCH WITHIN THE LOCAL LANDMARK, THE ROEBUCK SHOPPING CENTRE.","https://www.rightmove.co.uk/properties/136054142#/?channel=COM_LET","2023-06-14T11:08:47Z","","size_change","Marketed by Western Trading Limited, Birmingham","","53.01073","-2.22844","https://media.rightmove.co.uk:443/dir/crop/10:9-16:9/261k/260078/136054142/260078_RBKDPUNIT_IMG_08_0000_max_476x317.jpeg; https://media.rightmove.co.uk:443/dir/crop/10:9-16:9/261k/260078/136054142/260078_RBKDPUNIT_IMG_05_0001_max_476x317.jpeg; https://media.rightmove.co.uk:443/dir/crop/10:9-16:9/261k/260078/136054142/260078_RBKDPUNIT_IMG_10_0000_max_476x317.png; https://media.rightmove.co.uk:443/dir/crop/10:9-16:9/261k/260078/136054142/260078_RBKDPUNIT_IMG_07_0000_max_476x317.png; https://media.rightmove.co.uk:443/dir/crop/10:9-16:9/261k/260078/136054142/260078_RBKDPUNIT_IMG_09_0000_max_476x317.jpeg; https://media.rightmove.co.uk:443/dir/crop/10:9-16:9/261k/260078/136054142/260078_RBKDPUNIT_IMG_06_0000_max_476x317.png; https://media.rightmove.co.uk:443/dir/crop/10:9-16:9/261k/260078/136054142/260078_RBKDPUNIT_IMG_04_0001_max_476x317.jpeg; https://media.rightmove.co.uk:443/dir/crop/10:9-16:9/261k/260078/136054142/260078_RBKDPUNIT_IMG_00_0000_max_476x317.jpeg"
"135232970","Staffordshire","Retail Property (Shopping Centre)","Roebuck Centre, High Street, Newcastle Under Lyme, Staffordshire, ST5","£800 pcm","","","","A PRIME HIGH STREET RETAIL PITCH WITHIN THE LOCAL LANDMARK, THE ROEBUCK SHOPPING CENTRE.","https://www.rightmove.co.uk/properties/135232970#/?channel=COM_LET","2023-05-24T16:09:33Z","","price_reduced","Marketed by Western Trading Limited, Birmingham","","53.01073","-2.22844","https://media.rightmove.co.uk:443/dir/crop/10:9-16:9/261k/260078/135232970/260078_RBK09_IMG_06_0000_max_476x317.jpeg; https://media.rightmove.co.uk:443/dir/crop/10:9-16:9/261k/260078/135232970/260078_RBK09_IMG_07_0000_max_476x317.jpeg; https://media.rightmove.co.uk:443/dir/crop/10:9-16:9/261k/260078/135232970/260078_RBK09_IMG_09_0000_max_476x317.png; https://media.rightmove.co.uk:443/dir/crop/10:9-16:9/261k/260078/135232970/260078_RBK10_IMG_00_0000_max_476x317.jpeg; https://media.rightmove.co.uk:443/dir/crop/10:9-16:9/261k/260078/135232970/260078_RBK10_IMG_04_0000_max_476x317.jpeg; https://media.rightmove.co.uk:443/dir/crop/10:9-16:9/261k/260078/135232970/260078_RBK10_IMG_01_0000_max_476x317.jpeg; https://media.rightmove.co.uk:443/dir/crop/10:9-16:9/261k/260078/135232970/260078_RBK10_IMG_02_0000_max_476x317.jpeg; https://media.rightmove.co.uk:443/dir/crop/10:9-16:9/261k/260078/135232970/260078_RBK09_IMG_08_0000_max_476x317.jpeg; https://media.rightmove.co.uk:443/dir/crop/10:9-16:9/261k/260078/135232970/260078_RBK10_IMG_03_0000_max_476x317.jpeg"
"136621025","Staffordshire","Storage","Roebuck Centre, High Street, Newcastle Under Lyme, Staffordshire, ST5","£350 pcm","","","","A PRIME HIGH STREET RETAIL PITCH WITHIN THE LOCAL LANDMARK, THE ROEBUCK SHOPPING CENTRE.","https://www.rightmove.co.uk/properties/136621025#/?channel=COM_LET","2023-06-27T12:59:25Z","","price_reduced","Marketed by Western Trading Limited, Birmingham","","53.01073","-2.22844","https://media.rightmove.co.uk:443/dir/crop/10:9-16:9/261k/260078/136621025/260078_RBK12_IMG_05_0000_max_476x317.png; https://media.rightmove.co.uk:443/dir/crop/10:9-16:9/261k/260078/136621025/260078_RBK12_IMG_00_0000_max_476x317.jpeg; https://media.rightmove.co.uk:443/dir/crop/10:9-16:9/261k/260078/136621025/260078_RBK12_IMG_07_0000_max_476x317.jpeg; https://media.rightmove.co.uk:443/dir/crop/10:9-16:9/261k/260078/136621025/260078_RBK12_IMG_03_0000_max_476x317.jpeg; https://media.rightmove.co.uk:443/dir/crop/10:9-16:9/261k/260078/136621025/260078_RBK12_IMG_06_0000_max_476x317.jpeg; https://media.rightmove.co.uk:443/dir/crop/10:9-16:9/261k/260078/136621025/260078_RBK12_IMG_01_0000_max_476x317.jpeg"
"135234452","Staffordshire","Retail Property (Shopping Centre)","Roebuck Centre, High Street, Newcastle Under Lyme, Staffordshire, ST5","£995 pcm","","","","A PRIME HIGH STREET RETAIL PITCH WITHIN THE LOCAL LANDMARK, THE ROEBUCK SHOPPING CENTRE.","https://www.rightmove.co.uk/properties/135234452#/?channel=COM_LET","2023-05-24T16:32:23Z","","price_reduced","Marketed by Western Trading Limited, Birmingham","","53.01073","-2.22844","https://media.rightmove.co.uk:443/dir/crop/10:9-16:9/261k/260078/135234452/260078_RBK15_IMG_00_0000_max_476x317.jpeg; https://media.rightmove.co.uk:443/dir/crop/10:9-16:9/261k/260078/135234452/260078_RBK15_IMG_04_0000_max_476x317.jpeg; https://media.rightmove.co.uk:443/dir/crop/10:9-16:9/261k/260078/135234452/260078_RBK15_IMG_06_0000_max_476x317.jpeg; https://media.rightmove.co.uk:443/dir/crop/10:9-16:9/261k/260078/135234452/260078_RBK15_IMG_07_0000_max_476x317.jpeg; https://media.rightmove.co.uk:443/dir/crop/10:9-16:9/261k/260078/135234452/260078_RBK15_IMG_03_0000_max_476x317.jpeg; https://media.rightmove.co.uk:443/dir/crop/10:9-16:9/261k/260078/135234452/260078_RBK15_IMG_05_0000_max_476x317.jpeg; https://media.rightmove.co.uk:443/dir/crop/10:9-16:9/261k/260078/135234452/260078_RBK18_IMG_09_0000_max_476x317.png; https://media.rightmove.co.uk:443/dir/crop/10:9-16:9/261k/260078/135234452/260078_RBK18_IMG_10_0000_max_476x317.jpeg; https://media.rightmove.co.uk:443/dir/crop/10:9-16:9/261k/260078/135234452/260078_RBK18_IMG_08_0000_max_476x317.jpeg"
"135237881","Staffordshire","Retail Property (Shopping Centre)","Roebuck Centre, High Street, Newcastle Under Lyme, Staffordshire, ST5","£350 pcm","","","","A PRIME HIGH STREET RETAIL PITCH WITHIN THE LOCAL LANDMARK, THE ROEBUCK SHOPPING CENTRE.","https://www.rightmove.co.uk/properties/135237881#/?channel=COM_LET","2023-05-24T17:04:59Z","","price_reduced","Marketed by Western Trading Limited, Birmingham","","53.01073","-2.22844","https://media.rightmove.co.uk:443/dir/crop/10:9-16:9/261k/260078/135237881/260078_RBK14_IMG_06_0000_max_476x317.png; https://media.rightmove.co.uk:443/dir/crop/10:9-16:9/261k/260078/135237881/260078_RBK14_IMG_02_0000_max_476x317.jpeg; https://media.rightmove.co.uk:443/dir/crop/10:9-16:9/261k/260078/135237881/260078_RBK14_IMG_04_0001_max_476x317.jpeg; https://media.rightmove.co.uk:443/dir/crop/10:9-16:9/261k/260078/135237881/260078_RBK14_IMG_01_0000_max_476x317.jpeg; https://media.rightmove.co.uk:443/dir/crop/10:9-16:9/261k/260078/135237881/260078_RBK14_IMG_00_0000_max_476x317.jpeg; https://media.rightmove.co.uk:443/dir/crop/10:9-16:9/261k/260078/135237881/260078_RBK14_IMG_03_0000_max_476x317.jpeg; https://media.rightmove.co.uk:443/dir/crop/10:9-16:9/261k/260078/135237881/260078_RBK14_IMG_05_0000_max_476x317.jpeg"
"142446878","Staffordshire","Storage","Roebuck Centre, High Street, Newcastle Under Lyme, Staffordshire, ST5","£350 pcm","","","","1,700 SQ/FT STORAGE UNIT IN PRIME CITY CENTRE LOCATION.","https://www.rightmove.co.uk/properties/142446878#/?channel=COM_LET","2023-11-27T12:36:35Z","","price_reduced","Marketed by Western Trading Limited, Birmingham","","53.01073","-2.22844","https://media.rightmove.co.uk:443/dir/crop/10:9-16:9/261k/260078/142446878/260078_RBKSTORAGE_IMG_05_0000_max_476x317.png; https://media.rightmove.co.uk:443/dir/crop/10:9-16:9/261k/260078/142446878/260078_RBKSTORAGE_IMG_01_0000_max_476x317.jpeg; https://media.rightmove.co.uk:443/dir/crop/10:9-16:9/261k/260078/142446878/260078_RBKSTORAGE_IMG_00_0000_max_476x317.jpeg; https://media.rightmove.co.uk:443/dir/crop/10:9-16:9/261k/260078/142446878/260078_RBKSTORAGE_IMG_02_0000_max_476x317.jpeg; https://media.rightmove.co.uk:443/dir/crop/10:9-16:9/261k/260078/142446878/260078_RBKSTORAGE_IMG_03_0000_max_476x317.jpeg; https://media.rightmove.co.uk:443/dir/crop/10:9-16:9/261k/260078/142446878/260078_RBKSTORAGE_IMG_04_0000_max_476x317.jpeg"
"86798264","Staffordshire","Warehouse","Drayton Manor Business Park, Coleshill Road, Tamworth, B78 3TL","POA","","","","Drayton Manor Business Park offers a range of distribution, industrial, warehouses and production units which are home to a wide variety of businesses. The entire site also benefits from extensive landscaping and 24-hour, on-site security.","https://www.rightmove.co.uk/properties/86798264#/?channel=COM_LET","2019-12-04T09:49:34Z","","size_change","Marketed by FI Real Estate Management Limited, Lancashire","","52.61002","-1.70593","https://media.rightmove.co.uk:443/dir/crop/10:9-16:9/218k/217043/86798264/217043_DraytonManorBusinessPark_IMG_06_0002_max_476x317.jpeg; https://media.rightmove.co.uk:443/dir/crop/10:9-16:9/218k/217043/86798264/217043_DraytonManorBusinessPark_IMG_05_0001_max_476x317.jpeg; https://media.rightmove.co.uk:443/dir/crop/10:9-16:9/218k/217043/86798264/217043_DraytonManorBusinessPark_IMG_04_0001_max_476x317.jpeg"
"139456976","Staffordshire","Office","Stafford, Staffordshire, ST18","£350 pcm","From","","","This business centre is an award winning serviced office complex that comprises of over 20 separate and unique characterful office buildings, with meeting rooms and video conferencing available. Offices from 200 Sq feet to over 10,000 Sq Feet, in a range of characterful buildings.","https://www.rightmove.co.uk/properties/139456976#/?channel=COM_LET","2023-09-04T13:17:07Z","","new","Marketed by DUNSTON BUSINESS VILLAGE LIMITED, Dunston","","52.75744","-2.10777","https://media.rightmove.co.uk:443/dir/crop/10:9-16:9/265k/264422/139456976/264422_GEN-Office_IMG_00_0000_max_476x317.jpeg; https://media.rightmove.co.uk:443/dir/crop/10:9-16:9/265k/264422/139456976/264422_GEN-Office_IMG_01_0000_max_476x317.jpeg; https://media.rightmove.co.uk:443/dir/crop/10:9-16:9/265k/264422/139456976/264422_GEN-Office_IMG_02_0000_max_476x317.jpeg; https://media.rightmove.co.uk:443/dir/crop/10:9-16:9/265k/264422/139456976/264422_GEN-Office_IMG_03_0000_max_476x317.jpeg; https://media.rightmove.co.uk:443/dir/crop/10:9-16:9/265k/264422/139456976/264422_GEN-Office_IMG_04_0000_max_476x317.jpeg; https://media.rightmove.co.uk:443/dir/crop/10:9-16:9/265k/264422/139456976/264422_GEN-Office_IMG_05_0000_max_476x317.jpeg; https://media.rightmove.co.uk:443/dir/crop/10:9-16:9/265k/264422/139456976/264422_GEN-Office_IMG_06_0000_max_476x317.jpeg; https://media.rightmove.co.uk:443/dir/crop/10:9-16:9/265k/264422/139456976/264422_GEN-Office_IMG_07_0000_max_476x317.jpeg; https://media.rightmove.co.uk:443/dir/crop/10:9-16:9/265k/264422/139456976/264422_GEN-Office_IMG_08_0000_max_476x317.jpeg; https://media.rightmove.co.uk:443/dir/crop/10:9-16:9/265k/264422/139456976/264422_GEN-Office_IMG_09_0000_max_476x317.jpeg; https://media.rightmove.co.uk:443/dir/crop/10:9-16:9/265k/264422/139456976/264422_GEN-Office_IMG_10_0000_max_476x317.jpeg; https://media.rightmove.co.uk:443/dir/crop/10:9-16:9/265k/264422/139456976/264422_GEN-Office_IMG_11_0000_max_476x317.jpeg; https://media.rightmove.co.uk:443/dir/crop/10:9-16:9/265k/264422/139456976/264422_GEN-Office_IMG_12_0000_max_476x317.jpeg; https://media.rightmove.co.uk:443/dir/crop/10:9-16:9/265k/264422/139456976/264422_GEN-Office_IMG_13_0000_max_476x317.jpeg; https://media.rightmove.co.uk:443/dir/crop/10:9-16:9/265k/264422/139456976/264422_GEN-Office_IMG_14_0000_max_476x317.jpeg; https://media.rightmove.co.uk:443/dir/crop/10:9-16:9/265k/264422/139456976/264422_GEN-Office_IMG_15_0000_max_476x317.jpeg"
"139095335","Staffordshire","Serviced Office","Dunston Business Village, Stafford, Staffordshire, ST18 9AB","£350 pcm","From","","","This business centre is an award winning serviced office complex that comprises of over 20 separate and unique characterful office buildings, with meeting rooms and video conferencing available. Offices from 200 Sq feet to over 10,000 Sq Feet, in a range of characterful buildings.","https://www.rightmove.co.uk/properties/139095335#/?channel=COM_LET","2023-08-25T10:48:56Z","","new","Marketed by DUNSTON BUSINESS VILLAGE LIMITED, Dunston","","52.75713","-2.10696","https://media.rightmove.co.uk:443/dir/crop/10:9-16:9/265k/264422/139095335/264422_GENERICLISTING_IMG_00_0000_max_476x317.jpeg; https://media.rightmove.co.uk:443/dir/crop/10:9-16:9/265k/264422/139095335/264422_GENERICLISTING_IMG_01_0000_max_476x317.jpeg; https://media.rightmove.co.uk:443/dir/crop/10:9-16:9/265k/264422/139095335/264422_GENERICLISTING_IMG_02_0000_max_476x317.jpeg; https://media.rightmove.co.uk:443/dir/crop/10:9-16:9/265k/264422/139095335/264422_GENERICLISTING_IMG_03_0000_max_476x317.jpeg; https://media.rightmove.co.uk:443/dir/crop/10:9-16:9/265k/264422/139095335/264422_GENERICLISTING_IMG_04_0000_max_476x317.jpeg; https://media.rightmove.co.uk:443/dir/crop/10:9-16:9/265k/264422/139095335/264422_GENERICLISTING_IMG_05_0000_max_476x317.jpeg; https://media.rightmove.co.uk:443/dir/crop/10:9-16:9/265k/264422/139095335/264422_GENERICLISTING_IMG_06_0000_max_476x317.jpeg; https://media.rightmove.co.uk:443/dir/crop/10:9-16:9/265k/264422/139095335/264422_GENERICLISTING_IMG_07_0000_max_476x317.jpeg; https://media.rightmove.co.uk:443/dir/crop/10:9-16:9/265k/264422/139095335/264422_GENERICLISTING_IMG_08_0000_max_476x317.jpeg; https://media.rightmove.co.uk:443/dir/crop/10:9-16:9/265k/264422/139095335/264422_GENERICLISTING_IMG_09_0000_max_476x317.jpeg; https://media.rightmove.co.uk:443/dir/crop/10:9-16:9/265k/264422/139095335/264422_GENERICLISTING_IMG_10_0000_max_476x317.jpeg; https://media.rightmove.co.uk:443/dir/crop/10:9-16:9/265k/264422/139095335/264422_GENERICLISTING_IMG_11_0000_max_476x317.jpeg; https://media.rightmove.co.uk:443/dir/crop/10:9-16:9/265k/264422/139095335/264422_GENERICLISTING_IMG_12_0000_max_476x317.jpeg; https://media.rightmove.co.uk:443/dir/crop/10:9-16:9/265k/264422/139095335/264422_GENERICLISTING_IMG_13_0000_max_476x317.jpeg; https://media.rightmove.co.uk:443/dir/crop/10:9-16:9/265k/264422/139095335/264422_GENERICLISTING_IMG_14_0000_max_476x317.jpeg; https://media.rightmove.co.uk:443/dir/crop/10:9-16:9/265k/264422/139095335/264422_GENERICLISTING_IMG_15_0000_max_476x317.jpeg"
"139469345","Staffordshire","Commercial Property","Dunston Business Village, ST18","£350 pcm","From","","","This business centre is an award winning serviced office complex that comprises of over 20 separate and unique characterful office buildings, with meeting rooms and video conferencing available. Offices from 200 Sq feet to over 10,000 Sq Feet, in a range of characterful buildings.","https://www.rightmove.co.uk/properties/139469345#/?channel=COM_LET","2023-09-04T15:19:45Z","","new","Marketed by DUNSTON BUSINESS VILLAGE LIMITED, Dunston","","52.74667","-2.10879","https://media.rightmove.co.uk:443/dir/crop/10:9-16:9/265k/264422/139469345/264422_GEN-Commercial_IMG_00_0000_max_476x317.jpeg; https://media.rightmove.co.uk:443/dir/crop/10:9-16:9/265k/264422/139469345/264422_GEN-Commercial_IMG_01_0000_max_476x317.jpeg; https://media.rightmove.co.uk:443/dir/crop/10:9-16:9/265k/264422/139469345/264422_GEN-Commercial_IMG_02_0000_max_476x317.jpeg; https://media.rightmove.co.uk:443/dir/crop/10:9-16:9/265k/264422/139469345/264422_GEN-Commercial_IMG_03_0000_max_476x317.jpeg; https://media.rightmove.co.uk:443/dir/crop/10:9-16:9/265k/264422/139469345/264422_GEN-Commercial_IMG_04_0000_max_476x317.jpeg; https://media.rightmove.co.uk:443/dir/crop/10:9-16:9/265k/264422/139469345/264422_GEN-Commercial_IMG_05_0000_max_476x317.jpeg; https://media.rightmove.co.uk:443/dir/crop/10:9-16:9/265k/264422/139469345/264422_GEN-Commercial_IMG_06_0000_max_476x317.jpeg; https://media.rightmove.co.uk:443/dir/crop/10:9-16:9/265k/264422/139469345/264422_GEN-Commercial_IMG_07_0000_max_476x317.jpeg; https://media.rightmove.co.uk:443/dir/crop/10:9-16:9/265k/264422/139469345/264422_GEN-Commercial_IMG_08_0000_max_476x317.jpeg; https://media.rightmove.co.uk:443/dir/crop/10:9-16:9/265k/264422/139469345/264422_GEN-Commercial_IMG_09_0000_max_476x317.jpeg; https://media.rightmove.co.uk:443/dir/crop/10:9-16:9/265k/264422/139469345/264422_GEN-Commercial_IMG_10_0000_max_476x317.jpeg; https://media.rightmove.co.uk:443/dir/crop/10:9-16:9/265k/264422/139469345/264422_GEN-Commercial_IMG_11_0000_max_476x317.jpeg; https://media.rightmove.co.uk:443/dir/crop/10:9-16:9/265k/264422/139469345/264422_GEN-Commercial_IMG_12_0000_max_476x317.jpeg; https://media.rightmove.co.uk:443/dir/crop/10:9-16:9/265k/264422/139469345/264422_GEN-Commercial_IMG_13_0000_max_476x317.jpeg; https://media.rightmove.co.uk:443/dir/crop/10:9-16:9/265k/264422/139469345/264422_GEN-Commercial_IMG_14_0000_max_476x317.jpeg; https://media.rightmove.co.uk:443/dir/crop/10:9-16:9/265k/264422/139469345/264422_GEN-Commercial_IMG_15_0000_max_476x317.jpeg"
"139467932","Staffordshire","Business Park","Stafford, Staffordshire, ST18","£350 pcm","From","","","This business centre is an award winning serviced office complex that comprises of over 20 separate and unique characterful office buildings, with meeting rooms and video conferencing available. Offices from 200 Sq feet to over 10,000 Sq Feet, in a range of characterful buildings.","https://www.rightmove.co.uk/properties/139467932#/?channel=COM_LET","2023-09-04T15:13:28Z","","new","Marketed by DUNSTON BUSINESS VILLAGE LIMITED, Dunston","","52.75744","-2.10777","https://media.rightmove.co.uk:443/dir/crop/10:9-16:9/265k/264422/139467932/264422_GEN-BusPark_IMG_00_0000_max_476x317.jpeg; https://media.rightmove.co.uk:443/dir/crop/10:9-16:9/265k/264422/139467932/264422_GEN-BusPark_IMG_01_0000_max_476x317.jpeg; https://media.rightmove.co.uk:443/dir/crop/10:9-16:9/265k/264422/139467932/264422_GEN-BusPark_IMG_02_0000_max_476x317.jpeg; https://media.rightmove.co.uk:443/dir/crop/10:9-16:9/265k/264422/139467932/264422_GEN-BusPark_IMG_03_0000_max_476x317.jpeg; https://media.rightmove.co.uk:443/dir/crop/10:9-16:9/265k/264422/139467932/264422_GEN-BusPark_IMG_04_0000_max_476x317.jpeg; https://media.rightmove.co.uk:443/dir/crop/10:9-16:9/265k/264422/139467932/264422_GEN-BusPark_IMG_05_0000_max_476x317.jpeg; https://media.rightmove.co.uk:443/dir/crop/10:9-16:9/265k/264422/139467932/264422_GEN-BusPark_IMG_06_0000_max_476x317.jpeg; https://media.rightmove.co.uk:443/dir/crop/10:9-16:9/265k/264422/139467932/264422_GEN-BusPark_IMG_07_0000_max_476x317.jpeg; https://media.rightmove.co.uk:443/dir/crop/10:9-16:9/265k/264422/139467932/264422_GEN-BusPark_IMG_08_0000_max_476x317.jpeg; https://media.rightmove.co.uk:443/dir/crop/10:9-16:9/265k/264422/139467932/264422_GEN-BusPark_IMG_09_0000_max_476x317.jpeg; https://media.rightmove.co.uk:443/dir/crop/10:9-16:9/265k/264422/139467932/264422_GEN-BusPark_IMG_10_0000_max_476x317.jpeg; https://media.rightmove.co.uk:443/dir/crop/10:9-16:9/265k/264422/139467932/264422_GEN-BusPark_IMG_11_0000_max_476x317.jpeg; https://media.rightmove.co.uk:443/dir/crop/10:9-16:9/265k/264422/139467932/264422_GEN-BusPark_IMG_12_0000_max_476x317.jpeg; https://media.rightmove.co.uk:443/dir/crop/10:9-16:9/265k/264422/139467932/264422_GEN-BusPark_IMG_13_0000_max_476x317.jpeg; https://media.rightmove.co.uk:443/dir/crop/10:9-16:9/265k/264422/139467932/264422_GEN-BusPark_IMG_14_0000_max_476x317.jpeg; https://media.rightmove.co.uk:443/dir/crop/10:9-16:9/265k/264422/139467932/264422_GEN-BusPark_IMG_15_0000_max_476x317.jpeg"
"137448377","Staffordshire","Distribution Warehouse","B295, St Modwen Park, Lichfield Road, Burton Upon Trent, Staffordshire, DE13","POA","","","","B295 comprises a newly constructed, self-contained manufacturing and warehouse unit that is suitable for chilled or ambient uses. The warehouse sits on a site of 14.7 acres and benefits from excellent parking for cars and HGVs. Whilst B295 was designed for chilled uses it is equally suitable for ...","https://www.rightmove.co.uk/properties/137448377#/?channel=COM_LET","2023-07-17T09:37:58Z","","new","Marketed by Lambert Smith Hampton, Birmingham","","52.770863","-1.689777","https://media.rightmove.co.uk:443/dir/crop/10:9-16:9/183k/182504/137448377/182504_2051222LH_IMG_00_0001_max_476x317.jpeg; https://media.rightmove.co.uk:443/dir/crop/10:9-16:9/183k/182504/137448377/182504_2051222LH_IMG_01_0001_max_476x317.jpeg; https://media.rightmove.co.uk:443/dir/crop/10:9-16:9/183k/182504/137448377/182504_2051222LH_IMG_02_0001_max_476x317.jpeg; https://media.rightmove.co.uk:443/dir/crop/10:9-16:9/183k/182504/137448377/182504_2051222LH_IMG_03_0001_max_476x317.jpeg; https://media.rightmove.co.uk:443/dir/crop/10:9-16:9/183k/182504/137448377/182504_2051222LH_IMG_04_0001_max_476x317.jpeg; https://media.rightmove.co.uk:443/dir/crop/10:9-16:9/183k/182504/137448377/182504_2051222LH_IMG_05_0001_max_476x317.jpeg; https://media.rightmove.co.uk:443/dir/crop/10:9-16:9/183k/182504/137448377/182504_2051222LH_IMG_06_0001_max_476x317.jpeg; https://media.rightmove.co.uk:443/dir/crop/10:9-16:9/183k/182504/137448377/182504_2051222LH_IMG_07_0001_max_476x317.jpeg; https://media.rightmove.co.uk:443/dir/crop/10:9-16:9/183k/182504/137448377/182504_2051222LH_IMG_08_0001_max_476x317.jpeg; https://media.rightmove.co.uk:443/dir/crop/10:9-16:9/183k/182504/137448377/182504_2051222LH_IMG_09_0001_max_476x317.jpeg; https://media.rightmove.co.uk:443/dir/crop/10:9-16:9/183k/182504/137448377/182504_2051222LH_IMG_10_0001_max_476x317.jpeg; https://media.rightmove.co.uk:443/dir/crop/10:9-16:9/183k/182504/137448377/182504_2051222LH_IMG_11_0001_max_476x317.jpeg; https://media.rightmove.co.uk:443/dir/crop/10:9-16:9/183k/182504/137448377/182504_2051222LH_IMG_12_0001_max_476x317.jpeg; https://media.rightmove.co.uk:443/dir/crop/10:9-16:9/183k/182504/137448377/182504_2051222LH_IMG_13_0001_max_476x317.jpeg; https://media.rightmove.co.uk:443/dir/crop/10:9-16:9/183k/182504/137448377/182504_2051222LH_IMG_14_0001_max_476x317.jpeg; https://media.rightmove.co.uk:443/dir/crop/10:9-16:9/183k/182504/137448377/182504_2051222LH_IMG_15_0001_max_476x317.jpeg; https://media.rightmove.co.uk:443/dir/crop/10:9-16:9/183k/182504/137448377/182504_2051222LH_IMG_16_0001_max_476x317.jpeg; https://media.rightmove.co.uk:443/dir/crop/10:9-16:9/183k/182504/137448377/182504_2051222LH_IMG_17_0001_max_476x317.jpeg; https://media.rightmove.co.uk:443/dir/crop/10:9-16:9/183k/182504/137448377/182504_2051222LH_IMG_18_0001_max_476x317.jpeg; https://media.rightmove.co.uk:443/dir/crop/10:9-16:9/183k/182504/137448377/182504_2051222LH_IMG_19_0001_max_476x317.jpeg; https://media.rightmove.co.uk:443/dir/crop/10:9-16:9/183k/182504/137448377/182504_2051222LH_IMG_20_0001_max_476x317.jpeg; https://media.rightmove.co.uk:443/dir/crop/10:9-16:9/183k/182504/137448377/182504_2051222LH_IMG_21_0001_max_476x317.jpeg; https://media.rightmove.co.uk:443/dir/crop/10:9-16:9/183k/182504/137448377/182504_2051222LH_IMG_22_0001_max_476x317.jpeg; https://media.rightmove.co.uk:443/dir/crop/10:9-16:9/183k/182504/137448377/182504_2051222LH_IMG_23_0001_max_476x317.jpeg; https://media.rightmove.co.uk:443/dir/crop/10:9-16:9/183k/182504/137448377/182504_2051222LH_IMG_24_0001_max_476x317.jpeg; https://media.rightmove.co.uk:443/dir/crop/10:9-16:9/183k/182504/137448377/182504_2051222LH_IMG_25_0001_max_476x317.jpeg; https://media.rightmove.co.uk:443/dir/crop/10:9-16:9/183k/182504/137448377/182504_2051222LH_IMG_26_0001_max_476x317.jpeg; https://media.rightmove.co.uk:443/dir/crop/10:9-16:9/183k/182504/137448377/182504_2051222LH_IMG_27_0001_max_476x317.jpeg; https://media.rightmove.co.uk:443/dir/crop/10:9-16:9/183k/182504/137448377/182504_2051222LH_IMG_28_0001_max_476x317.jpeg; https://media.rightmove.co.uk:443/dir/crop/10:9-16:9/183k/182504/137448377/182504_2051222LH_IMG_29_0001_max_476x317.jpeg; https://media.rightmove.co.uk:443/dir/crop/10:9-16:9/183k/182504/137448377/182504_2051222LH_IMG_30_0001_max_476x317.jpeg; https://media.rightmove.co.uk:443/dir/crop/10:9-16:9/183k/182504/137448377/182504_2051222LH_IMG_31_0001_max_476x317.jpeg; https://media.rightmove.co.uk:443/dir/crop/10:9-16:9/183k/182504/137448377/182504_2051222LH_IMG_32_0001_max_476x317.jpeg; https://media.rightmove.co.uk:443/dir/crop/10:9-16:9/183k/182504/137448377/182504_2051222LH_IMG_33_0001_max_476x317.jpeg; https://media.rightmove.co.uk:443/dir/crop/10:9-16:9/183k/182504/137448377/182504_2051222LH_IMG_34_0001_max_476x317.jpeg; https://media.rightmove.co.uk:443/dir/crop/10:9-16:9/183k/182504/137448377/182504_2051222LH_IMG_35_0001_max_476x317.jpeg; https://media.rightmove.co.uk:443/dir/crop/10:9-16:9/183k/182504/137448377/182504_2051222LH_IMG_36_0001_max_476x317.jpeg; https://media.rightmove.co.uk:443/dir/crop/10:9-16:9/183k/182504/137448377/182504_2051222LH_IMG_37_0001_max_476x317.jpeg; https://media.rightmove.co.uk:443/dir/crop/10:9-16:9/183k/182504/137448377/182504_2051222LH_IMG_38_0001_max_476x317.jpeg; https://media.rightmove.co.uk:443/dir/crop/10:9-16:9/183k/182504/137448377/182504_2051222LH_IMG_39_0001_max_476x317.jpeg"
"136286918","Staffordshire","Pub","M-327771 - 95-97 Stafford Street, Hanley, Stoke-on-Trent ST1 1LS","£2,495 pcm","","","","Prominent position in heart of City Centre, Directly opposite Potteries Shopping Centre, Close to The Hive Cinema & Restaurant Complex, Well presented trading space / smoking area, Would suit wide range of operating styles","https://www.rightmove.co.uk/properties/136286918#/?channel=COM_LET","2023-06-19T16:21:53Z","","new","Marketed by Fleurets Limited, Midlands","","53.02682","-2.17719","https://media.rightmove.co.uk:443/dir/crop/10:9-16:9/55k/54699/136286918/54699_M-327771_IMG_00_0000_max_476x317.jpeg; https://media.rightmove.co.uk:443/dir/crop/10:9-16:9/55k/54699/136286918/54699_M-327771_IMG_01_0000_max_476x317.jpeg; https://media.rightmove.co.uk:443/dir/crop/10:9-16:9/55k/54699/136286918/54699_M-327771_IMG_02_0000_max_476x317.jpeg; https://media.rightmove.co.uk:443/dir/crop/10:9-16:9/55k/54699/136286918/54699_M-327771_IMG_03_0000_max_476x317.jpeg; https://media.rightmove.co.uk:443/dir/crop/10:9-16:9/55k/54699/136286918/54699_M-327771_IMG_04_0000_max_476x317.jpeg; https://media.rightmove.co.uk:443/dir/crop/10:9-16:9/55k/54699/136286918/54699_M-327771_IMG_05_0000_max_476x317.jpeg; https://media.rightmove.co.uk:443/dir/crop/10:9-16:9/55k/54699/136286918/54699_M-327771_IMG_06_0000_max_476x317.jpeg; https://media.rightmove.co.uk:443/dir/crop/10:9-16:9/55k/54699/136286918/54699_M-327771_IMG_07_0000_max_476x317.jpeg"
"97029308","Staffordshire","Office","3 Smithfield, Stoke-On-Trent, ST1 3DH","£12,734 pcm","From","","","Smithfield is Stoke-on-Trent's newest and most exciting mixed-use district in Stoke-on-Trent city centre which comprises workspace, residential, hotel and leisure offerings being delivered by, Genr8, in partnership with Stoke City Council.","https://www.rightmove.co.uk/properties/97029308#/?channel=COM_LET","2020-09-08T12:56:43Z","","size_change","Marketed by OBI PROPERTY LIMITED, Manchester","","53.02152","-2.17766","https://media.rightmove.co.uk:443/dir/crop/10:9-16:9/64k/63162/97029308/63162_3Smithfield_IMG_00_0000_max_476x317.jpg; https://media.rightmove.co.uk:443/dir/crop/10:9-16:9/64k/63162/97029308/63162_3Smithfield_IMG_01_0000_max_476x317.jpg; https://media.rightmove.co.uk:443/dir/crop/10:9-16:9/64k/63162/97029308/63162_3Smithfield_IMG_02_0000_max_476x317.jpg; https://media.rightmove.co.uk:443/dir/crop/10:9-16:9/64k/63162/97029308/63162_3Smithfield_IMG_03_0000_max_476x317.jpg; https://media.rightmove.co.uk:443/dir/crop/10:9-16:9/64k/63162/97029308/63162_3Smithfield_IMG_04_0000_max_476x317.jpg"
"135862043","Staffordshire","Commercial Property","The Barn Oxleasows Farm Chebsey Stafford ST21 6NX","£500 pcm","","","","Agricultural building to let.","https://www.rightmove.co.uk/properties/135862043#/?channel=COM_LET","2023-06-08T13:36:54Z","","new","Marketed by Edge Goodrich, Eccleshall","","52.868521","-2.21573","https://media.rightmove.co.uk:443/dir/crop/10:9-16:9/56k/55026/135862043/55026_4d2bb26b-0ee2-43ab-80c6-689ee9262361_IMG_00_0000_max_476x317.jpeg"
"134892284","Staffordshire","Storage","Cuboid, Drayton Manor Business Park, Coleshill Road, Tamworth, Staffordshire, B78 3TL","POA","","","","Our storage site at Drayton Manor Business Park provides affordable and secure self-storage for everyone in Tamworth, Northeast Birmingham and Staffordshire.","https://www.rightmove.co.uk/properties/134892284#/?channel=COM_LET","2023-05-17T10:55:49Z","","new","Marketed by FI Real Estate Management Limited, Lancashire","","52.61002","-1.70593","https://media.rightmove.co.uk:443/dir/crop/10:9-16:9/218k/217043/134892284/217043_CuboidDraytonManor_IMG_01_0001_max_476x317.jpeg; https://media.rightmove.co.uk:443/dir/crop/10:9-16:9/218k/217043/134892284/217043_CuboidDraytonManor_IMG_00_0001_max_476x317.jpeg; https://media.rightmove.co.uk:443/dir/crop/10:9-16:9/218k/217043/134892284/217043_CuboidDraytonManor_IMG_02_0000_max_476x317.jpeg"
"80458196","Staffordshire","Land","Trent Valley Road, Lichfield, Staffordshire, WS13","POA","","","","Trent Valley Road's Interchange Park is a plot of open land, providing enormous flexibility for business use. This low cost, high-value space to let is situated on Lichfield's Trent Valley Road, with good access to Derby and Nottingham","https://www.rightmove.co.uk/properties/80458196#/?channel=COM_LET","2019-03-27T12:22:45Z","","size_change","Marketed by Pall Mall Estates, London","","52.68655","-1.8072","https://media.rightmove.co.uk:443/dir/crop/10:9-16:9/property-photo/f95a48274/80458196/f95a482745f90141bdfb7e269e7f8cf7_max_476x317.jpeg; https://media.rightmove.co.uk:443/dir/crop/10:9-16:9/property-photo/6c0fb7c7a/80458196/6c0fb7c7a85fa480d991767204e5425f_max_476x317.jpeg; https://media.rightmove.co.uk:443/dir/crop/10:9-16:9/property-photo/bfbf4dce5/80458196/bfbf4dce55261b713c66ddc142586216_max_476x317.jpeg; https://media.rightmove.co.uk:443/dir/crop/10:9-16:9/property-photo/7b2c8a335/80458196/7b2c8a33505616d2d56c50590bb7fbb1_max_476x317.jpeg"
"132552395","Staffordshire","Warehouse","Lichfield 150 & 80 (D&B) Liberty Park, Frog Lane, Lichfield, WS13 8LJ","POA","","","","150,000 & 80,000 Sq Ft. grade A speculative built warehouses.","https://www.rightmove.co.uk/properties/132552395#/?channel=COM_LET","2023-03-14T14:12:38Z","","size_change","Marketed by CBRE - Birmingham, Birmingham Industrial","","52.68667","-1.79495","https://media.rightmove.co.uk:443/dir/crop/10:9-16:9/251k/250757/132552395/250757_Lichfield_150_and_80_DB_Liberty_Park_IMG_00_0000_max_476x317.jpeg; https://media.rightmove.co.uk:443/dir/crop/10:9-16:9/251k/250757/132552395/250757_Lichfield_150_and_80_DB_Liberty_Park_IMG_01_0000_max_476x317.jpeg"
"130654601","Staffordshire","Light Industrial","Jupiter A5, Watling Street, Cannock, Staffordshire, WS11 1SL","POA","","","","Location: Jupiter is prominently located fronting the busy A5 (Watling Street), South Staffordshire's main arterial route, linking the East and West Midlands conurbations. The unit is 1 mile from the M6 Toll Road, Junction T7 and Junction T8, together with Junctions 11 and 12 of the M6 approxima...","https://www.rightmove.co.uk/properties/130654601#/?channel=COM_LET","2023-01-12T14:26:45Z","","new","Marketed by Harris Lamb, Birmingham","","52.678871","-2.044759","https://media.rightmove.co.uk:443/dir/crop/10:9-16:9/105k/104813/130654601/104813_4298LH_IMG_00_0001_max_476x317.jpeg; https://media.rightmove.co.uk:443/dir/crop/10:9-16:9/105k/104813/130654601/104813_4298LH_IMG_01_0001_max_476x317.jpeg; https://media.rightmove.co.uk:443/dir/crop/10:9-16:9/105k/104813/130654601/104813_4298LH_IMG_02_0001_max_476x317.jpeg; https://media.rightmove.co.uk:443/dir/crop/10:9-16:9/105k/104813/130654601/104813_4298LH_IMG_03_0001_max_476x317.jpeg"
"130524551","Staffordshire","Office","Grazier House  Marston Park  TAMWORTH Staffordshire B78 3HU  United Kingdom","£29,166 pcm","","","","Modern Offices | To Let | Grazier House, Tamworth","https://www.rightmove.co.uk/properties/130524551#/?channel=COM_LET","2023-01-09T15:43:16Z","","new","Marketed by Colliers International, Offices - Birmingham","","52.629923","-1.708902","https://media.rightmove.co.uk:443/dir/crop/10:9-16:9/200k/199853/130524551/199853_a034I000026IxgmQAC_IMG_01_0000_max_476x317.png; https://media.rightmove.co.uk:443/dir/crop/10:9-16:9/200k/199853/130524551/199853_a034I000026IxgmQAC_IMG_02_0000_max_476x317.png; https://media.rightmove.co.uk:443/dir/crop/10:9-16:9/200k/199853/130524551/199853_a034I000026IxgmQAC_IMG_00_0000_max_476x317.jpeg; https://media.rightmove.co.uk:443/dir/crop/10:9-16:9/200k/199853/130524551/199853_a034I000026IxgmQAC_IMG_03_0000_max_476x317.png"
"126599696","Staffordshire","Warehouse","Lichfield 283, Liberty Park, Lichfield, Staffordshire, WS13","POA","","","","283,000 sq ft Grade A warehouse, available Q3 2023.","https://www.rightmove.co.uk/properties/126599696#/?channel=COM_LET","2022-09-01T14:44:00Z","","size_change","Marketed by CBRE - Birmingham, Birmingham Industrial","","52.68715","-1.79435","https://media.rightmove.co.uk:443/dir/crop/10:9-16:9/251k/250757/126599696/250757_Lichfield_Liberty_Park_IMG_02_0000_max_476x317.jpeg; https://media.rightmove.co.uk:443/dir/crop/10:9-16:9/251k/250757/126599696/250757_Lichfield_283_Liberty_Park_IMG_03_0000_max_476x317.jpeg"
"155448515","Staffordshire","Serviced Office","Copthall House King Street, Newcastle-under-Lyme","£450 pcm","From","","","Prominently situated in a recently refurbished landmark building, this Newcastle-under-Lyme location boasts 24-hour access, bike parking, car parking, showers, breakout paces, and super fast internet. Close to shopping, restaurants, pubs, cafes, and fast food. Limited availability — enquire now!","https://www.rightmove.co.uk/properties/155448515#/?channel=COM_LET","2024-11-27T17:39:11Z","","size_change","Marketed by Office Freedom, Office Freedom Regional","","53.012808","-2.223589","https://media.rightmove.co.uk:443/dir/crop/10:9-16:9/238k/237641/155448515/237641_20290-1_IMG_00_0000_max_476x317.jpeg; https://media.rightmove.co.uk:443/dir/crop/10:9-16:9/238k/237641/155448515/237641_20290-1_IMG_01_0000_max_476x317.jpeg; https://media.rightmove.co.uk:443/dir/crop/10:9-16:9/238k/237641/155448515/237641_20290-1_IMG_02_0000_max_476x317.jpeg; https://media.rightmove.co.uk:443/dir/crop/10:9-16:9/238k/237641/155448515/237641_20290-1_IMG_03_0000_max_476x317.jpeg"
"122356220","Staffordshire","Commercial Property","Unit 7, Sugnall Business Centre, Sugnall, Stafford","£329 pcm","","","","A business park developed from redundant agricultural buildings to the highest of standards,","https://www.rightmove.co.uk/properties/122356220#/?channel=COM_LET","2022-04-13T12:36:52Z","","price_reduced","Marketed by Balfours LLP, Shrewsbury","","52.87618","-2.30039","https://media.rightmove.co.uk:443/dir/crop/10:9-16:9/74k/73234/122356220/73234_SRL210021_L_IMG_00_0000_max_476x317.jpeg"
"126989813","Staffordshire","Retail Property (Shopping Centre)","31 Castle Walk, Newcastle Under Lyme, Staffordshire, ST5","POA","","","","The property is situated in the centre of Castle Walk, which provides the prime retailing area of Newcastle under Lyme. The property is adjacent to Vodafone and Warren James.","https://www.rightmove.co.uk/properties/126989813#/?channel=COM_LET","2022-09-12T16:37:55Z","","new","Marketed by BARKER PROUDLOVE LIMITED, Leeds","","53.01135","-2.22525","https://media.rightmove.co.uk:443/dir/crop/10:9-16:9/229k/228959/126989813/228959_31_Castle_Walk_IMG_00_0000_max_476x317.jpeg; https://media.rightmove.co.uk:443/dir/crop/10:9-16:9/229k/228959/126989813/228959_31_Castle_Walk_IMG_01_0002_max_476x317.png"
"85867347","Staffordshire","Warehouse","Centrum 93, Centrum West Logistics Park, Callister Way, Burton Upon Trent, DE14 2SY","POA","","","","To Let & For Sale. Delivered to a Grade A specification, Centrum 93 is designed to offer customers flexibility and maximise operational efficiency.","https://www.rightmove.co.uk/properties/85867347#/?channel=COM_LET","2022-09-01T09:42:35Z","","new","Marketed by CBRE - Birmingham, Birmingham Industrial","","52.80103","-1.66776","https://media.rightmove.co.uk:443/dir/crop/10:9-16:9/251k/250757/85867347/250757_Centrum_93_Centrum_West_Logistics_Park_IMG_00_0003_max_476x317.jpeg; https://media.rightmove.co.uk:443/dir/crop/10:9-16:9/251k/250757/85867347/250757_Centrum_93_Centrum_West_Logistics_Park_IMG_01_0003_max_476x317.jpeg; https://media.rightmove.co.uk:443/dir/crop/10:9-16:9/251k/250757/85867347/250757_Centrum_93_Centrum_West_Logistics_Park_IMG_02_0003_max_476x317.jpeg; https://media.rightmove.co.uk:443/dir/crop/10:9-16:9/251k/250757/85867347/250757_Centrum_93_Centrum_West_Logistics_Park_IMG_03_0003_max_476x317.jpeg; https://media.rightmove.co.uk:443/dir/crop/10:9-16:9/251k/250757/85867347/250757_Centrum_93_Centrum_West_Logistics_Park_IMG_06_0000_max_476x317.jpeg; https://media.rightmove.co.uk:443/dir/crop/10:9-16:9/251k/250757/85867347/250757_Centrum_93_Centrum_West_Logistics_Park_IMG_05_0001_max_476x317.jpeg; https://media.rightmove.co.uk:443/dir/crop/10:9-16:9/251k/250757/85867347/250757_Centrum_93_Centrum_West_Logistics_Park_IMG_04_0003_max_476x317.jpeg"
"148465433","Staffordshire","Office","2 Staffordshire Place, Tipping Street, Stafford, ST16 2DH","£7,036 pcm","From","","","Office To Let, Stafford","https://www.rightmove.co.uk/properties/148465433#/?channel=COM_LET","2024-05-28T14:22:41Z","","new","Marketed by Avison Young (UK) Limited, Offices","","52.805635","-2.115323","https://media.rightmove.co.uk:443/dir/crop/10:9-16:9/57k/56478/148465433/56478_109052-2_IMG_00_0000_max_476x317.jpeg; https://media.rightmove.co.uk:443/dir/crop/10:9-16:9/57k/56478/148465433/56478_109052-2_IMG_01_0000_max_476x317.jpeg; https://media.rightmove.co.uk:443/dir/crop/10:9-16:9/57k/56478/148465433/56478_109052-2_IMG_02_0000_max_476x317.jpeg; https://media.rightmove.co.uk:443/dir/crop/10:9-16:9/57k/56478/148465433/56478_109052-2_IMG_03_0000_max_476x317.jpeg; https://media.rightmove.co.uk:443/dir/crop/10:9-16:9/57k/56478/148465433/56478_109052-2_IMG_04_0000_max_476x317.jpeg; https://media.rightmove.co.uk:443/dir/crop/10:9-16:9/57k/56478/148465433/56478_109052-2_IMG_05_0000_max_476x317.jpeg; https://media.rightmove.co.uk:443/dir/crop/10:9-16:9/57k/56478/148465433/56478_109052-2_IMG_06_0000_max_476x317.jpeg; https://media.rightmove.co.uk:443/dir/crop/10:9-16:9/57k/56478/148465433/56478_109052-2_IMG_07_0000_max_476x317.jpeg; https://media.rightmove.co.uk:443/dir/crop/10:9-16:9/57k/56478/148465433/56478_109052-2_IMG_08_0000_max_476x317.jpeg"
"122081198","Staffordshire","Serviced Office","Trent  House, 234 Victoria Road, Stoke-On-Trent, ST4 2LW","£514 pcm","","","","Trent House is located close proximity to Hanley town centre, Stoke train station and easy access to the M6, A500 and A50.","https://www.rightmove.co.uk/properties/122081198#/?channel=COM_LET","2022-04-07T11:14:44Z","","new","Marketed by Pearson Ferrier Commercial, Bury","","53.00616","-2.16505","https://media.rightmove.co.uk:443/dir/crop/10:9-16:9/64k/63462/122081198/63462_101589-2_IMG_05_0001_max_476x317.jpeg; https://media.rightmove.co.uk:443/dir/crop/10:9-16:9/64k/63462/122081198/63462_101589-2_IMG_04_0001_max_476x317.jpeg; https://media.rightmove.co.uk:443/dir/crop/10:9-16:9/64k/63462/122081198/63462_101589-2_IMG_06_0001_max_476x317.jpeg; https://media.rightmove.co.uk:443/dir/crop/10:9-16:9/64k/63462/122081198/63462_101589-2_IMG_02_0001_max_476x317.jpeg; https://media.rightmove.co.uk:443/dir/crop/10:9-16:9/64k/63462/122081198/63462_101589-2_IMG_03_0001_max_476x317.jpeg"
"121515971","Staffordshire","Retail Property (high street)","29 Market Square, Rugeley, Staffordshire","POA","","","","Self-contained two-storey retail premises formerly occupied by Halifax Building Society. The ground floor has full height glazed double frontage and comprises a sales are, various offices with the potential to be opened up and has suspended ceiling with mix of Category 2 and recessed panel light...","https://www.rightmove.co.uk/properties/121515971#/?channel=COM_LET","2022-03-24T17:33:41Z","","new","Marketed by Innes England Ltd, Derby","","52.760586","-1.934949","https://media.rightmove.co.uk:443/dir/crop/10:9-16:9/property-photo/a19f7819b/121515971/a19f7819bed005552c15b24277c83fb0_max_476x317.jpeg; https://media.rightmove.co.uk:443/dir/crop/10:9-16:9/property-photo/1ae965d6f/121515971/1ae965d6f9c9f67839a8cb6a5897a451_max_476x317.jpeg; https://media.rightmove.co.uk:443/dir/crop/10:9-16:9/property-photo/12574c929/121515971/12574c929960ca736d1a519b3b008579_max_476x317.jpeg; https://media.rightmove.co.uk:443/dir/crop/10:9-16:9/property-photo/dc6ae0707/121515971/dc6ae0707a828bf480e1089c9afe55e1_max_476x317.jpeg"
"120898460","Staffordshire","Commercial Property","Upper Hulme, Nr Leek","£217 pcm","","","","A rare opportunity to rent a range of rooms which are ideally suited for office use in shared office accommodation. Inclusive of utilities and rates. Offering a communal kitchen and communal toilet facilities and parking for 4 vehicles. Rooms available individually or collectively.","https://www.rightmove.co.uk/properties/120898460#/?channel=COM_LET","2022-03-10T09:21:08Z","","new","Marketed by Graham Watkins, Leek","","53.145821","-1.983084","https://media.rightmove.co.uk:443/dir/crop/10:9-16:9/61k/60890/120898460/60890_29519356_IMG_00_0000_max_476x317.jpeg; https://media.rightmove.co.uk:443/dir/crop/10:9-16:9/61k/60890/120898460/60890_29519356_IMG_01_0000_max_476x317.jpeg; https://media.rightmove.co.uk:443/dir/crop/10:9-16:9/61k/60890/120898460/60890_29519356_IMG_02_0000_max_476x317.jpeg; https://media.rightmove.co.uk:443/dir/crop/10:9-16:9/61k/60890/120898460/60890_29519356_IMG_03_0000_max_476x317.jpeg; https://media.rightmove.co.uk:443/dir/crop/10:9-16:9/61k/60890/120898460/60890_29519356_IMG_04_0000_max_476x317.jpeg; https://media.rightmove.co.uk:443/dir/crop/10:9-16:9/61k/60890/120898460/60890_29519356_IMG_05_0000_max_476x317.jpeg; https://media.rightmove.co.uk:443/dir/crop/10:9-16:9/61k/60890/120898460/60890_29519356_IMG_06_0000_max_476x317.jpeg; https://media.rightmove.co.uk:443/dir/crop/10:9-16:9/61k/60890/120898460/60890_29519356_IMG_07_0000_max_476x317.jpeg; https://media.rightmove.co.uk:443/dir/crop/10:9-16:9/61k/60890/120898460/60890_29519356_IMG_08_0000_max_476x317.jpeg; https://media.rightmove.co.uk:443/dir/crop/10:9-16:9/61k/60890/120898460/60890_29519356_IMG_09_0000_max_476x317.jpeg; https://media.rightmove.co.uk:443/dir/crop/10:9-16:9/61k/60890/120898460/60890_29519356_IMG_10_0000_max_476x317.jpeg"
"82876302","Staffordshire","Serviced Office","Smithfield Works Stoke on Trent ST1 4EW","£99 pcm","From","","","Smithfield Works is a managed workspace which include hot desking, private suites & resident memberships. Located within the dynamic mixed-use Smithfield district of Stoke-on-Trent.","https://www.rightmove.co.uk/properties/82876302#/?channel=COM_LET","2021-12-08T14:56:38Z","","new","Marketed by OBI PROPERTY LIMITED, Manchester","","53.02232","-2.1796","https://media.rightmove.co.uk:443/dir/crop/10:9-16:9/64k/63162/82876302/63162_SmithfieldWorks_IMG_05_0000_max_476x317.jpeg; https://media.rightmove.co.uk:443/dir/crop/10:9-16:9/64k/63162/82876302/63162_SmithfieldWorks_IMG_06_0000_max_476x317.jpeg; https://media.rightmove.co.uk:443/dir/crop/10:9-16:9/64k/63162/82876302/63162_SmithfieldWorks_IMG_04_0000_max_476x317.jpeg; https://media.rightmove.co.uk:443/dir/crop/10:9-16:9/64k/63162/82876302/63162_SmithfieldWorks_IMG_02_0001_max_476x317.jpeg; https://media.rightmove.co.uk:443/dir/crop/10:9-16:9/64k/63162/82876302/63162_SmithfieldWorks_IMG_00_0001_max_476x317.jpeg; https://media.rightmove.co.uk:443/dir/crop/10:9-16:9/64k/63162/82876302/63162_SmithfieldWorks_IMG_08_0000_max_476x317.jpeg; https://media.rightmove.co.uk:443/dir/crop/10:9-16:9/64k/63162/82876302/63162_SmithfieldWorks_IMG_03_0000_max_476x317.jpeg; https://media.rightmove.co.uk:443/dir/crop/10:9-16:9/64k/63162/82876302/63162_SmithfieldWorks_IMG_07_0000_max_476x317.jpeg; https://media.rightmove.co.uk:443/dir/crop/10:9-16:9/64k/63162/82876302/63162_SmithfieldWorks_IMG_09_0000_max_476x317.jpeg; https://media.rightmove.co.uk:443/dir/crop/10:9-16:9/64k/63162/82876302/63162_SmithfieldWorks_IMG_10_0000_max_476x317.jpeg"
"75307971","Staffordshire","Office","Bucknall New Road, Hanley, Stoke-On-Trent","£917 pcm","","","","City-centre offices with parking and voice-activated entry system. The offices are gas central heated and are located on the ground floor of an office building with window-frontage onto Bucknall New Road. Accommodation comprises entrance lobby, main office, two smaller offices, store room, kitche...","https://www.rightmove.co.uk/properties/75307971#/?channel=COM_LET","2020-11-16T10:40:57Z","","price_reduced","Marketed by Keates, Stoke On Trent","","53.025784","-2.171176","https://media.rightmove.co.uk:443/dir/crop/10:9-16:9/69k/68701/75307971/68701_5467285_IMG_01_0000_max_476x317.jpg; https://media.rightmove.co.uk:443/dir/crop/10:9-16:9/69k/68701/75307971/68701_5467285_IMG_02_0000_max_476x317.jpg; https://media.rightmove.co.uk:443/dir/crop/10:9-16:9/69k/68701/75307971/68701_5467285_IMG_03_0000_max_476x317.jpg; https://media.rightmove.co.uk:443/dir/crop/10:9-16:9/69k/68701/75307971/68701_5467285_IMG_04_0000_max_476x317.jpg; https://media.rightmove.co.uk:443/dir/crop/10:9-16:9/69k/68701/75307971/68701_5467285_IMG_05_0000_max_476x317.jpg"
"94000568","Staffordshire","Serviced Office","Watling Court, Orbital Plaza, Watling Street, Bridgtown, Birmingham, WS11 0EL","£139 pcm","From","","4","Work flexibly with a Regus Coworking Membership starting at £139. Located in Cannock, near the M6 Toll and Birmingham Airport, our modern office features high-speed WiFi, ergonomic furniture, free parking, and on-site amenities.","https://www.rightmove.co.uk/properties/94000568#/?channel=COM_LET","2020-06-25T13:01:56Z","","size_change","Marketed by IW Group Services (UK) Limited, Regus","","52.67313","-2.02554","https://media.rightmove.co.uk:443/dir/crop/10:9-16:9/property-photo/3a07ac06c/94000568/3a07ac06c9e33fac329b9e5941a26df5_max_476x317.jpeg; https://media.rightmove.co.uk:443/dir/crop/10:9-16:9/property-photo/d2b04a3d9/94000568/d2b04a3d9cd05a88f0b6faa6da37e788_max_476x317.jpeg; https://media.rightmove.co.uk:443/dir/crop/10:9-16:9/property-photo/8920baeb0/94000568/8920baeb02003957f2e4b89029243df6_max_476x317.jpeg; https://media.rightmove.co.uk:443/dir/crop/10:9-16:9/property-photo/6d088f76f/94000568/6d088f76f9a0a7b567bc17cf1e3eae4e_max_476x317.jpeg; https://media.rightmove.co.uk:443/dir/crop/10:9-16:9/property-photo/d15cf9bd9/94000568/d15cf9bd947864a76cc3d67030168447_max_476x317.jpeg; https://media.rightmove.co.uk:443/dir/crop/10:9-16:9/property-photo/4657fc01f/94000568/4657fc01fcaedf55445c99d4d4015aba_max_476x317.jpeg; https://media.rightmove.co.uk:443/dir/crop/10:9-16:9/property-photo/3f756a672/94000568/3f756a672a3a80657dce93cb8f3557ff_max_476x317.jpeg; https://media.rightmove.co.uk:443/dir/crop/10:9-16:9/property-photo/197da4e8a/94000568/197da4e8a464aa75f2aa62881d04b850_max_476x317.jpeg"
"70114043","Staffordshire","Serviced Office","Watling Court, Orbital Plaza, Watling Street, Bridgtown, Birmingham, WS11 0EL","£195 pcm","From","","4","Work with a Regus Office membership from £195. Access global locations, including Cannock's prime area. Easy M6 Toll and airport links. High-speed WiFi, ergonomic furniture, and flexible private offices. Includes admin support, secure tech, and regular community events. Images may vary. Enquire now.","https://www.rightmove.co.uk/properties/70114043#/?channel=COM_LET","2017-11-14T07:48:58Z","","size_change","Marketed by IW Group Services (UK) Limited, Regus","","52.67313","-2.02554","https://media.rightmove.co.uk:443/dir/crop/10:9-16:9/130k/129853/70114043/129853_UKbwp961_IMG_10_0002_max_476x317.jpeg; https://media.rightmove.co.uk:443/dir/crop/10:9-16:9/130k/129853/70114043/129853_UKbwp961_IMG_09_0001_max_476x317.jpeg; https://media.rightmove.co.uk:443/dir/crop/10:9-16:9/130k/129853/70114043/129853_UKbwp961_IMG_07_0001_max_476x317.jpeg; https://media.rightmove.co.uk:443/dir/crop/10:9-16:9/130k/129853/70114043/129853_UKbwp961_IMG_04_0001_max_476x317.jpeg; https://media.rightmove.co.uk:443/dir/crop/10:9-16:9/130k/129853/70114043/129853_UKbwp961_IMG_13_0000_max_476x317.jpeg; https://media.rightmove.co.uk:443/dir/crop/10:9-16:9/130k/129853/70114043/129853_UKbwp961_IMG_12_0001_max_476x317.jpeg; https://media.rightmove.co.uk:443/dir/crop/10:9-16:9/130k/129853/70114043/129853_UKbwp961_IMG_14_0000_max_476x317.jpeg; https://media.rightmove.co.uk:443/dir/crop/10:9-16:9/130k/129853/70114043/129853_UKbwp961_IMG_11_0001_max_476x317.jpeg"
"106044545","Staffordshire","Retail Property (high street)","152-153 The Potteries Shopping Centre, Market Square, Stoke-On-Trent, Staffordshire, ST1","POA","","","","The Potteries is the dominant shopping destination in the Stoke on Trent region, providing over 500,000 sq ft of retail and leisure space with large multi-storey car park. The Centre is anchored by Primark, Next and H&M along with a Cineworld multiplex cinema and associated restaurant offer. ","https://www.rightmove.co.uk/properties/106044545#/?channel=COM_LET","2021-04-26T19:33:50Z","","new","Marketed by BARKER PROUDLOVE LIMITED, Manchester","","53.02754","-2.1759","https://media.rightmove.co.uk:443/dir/crop/10:9-16:9/229k/228962/106044545/228962_152_The_Potteries_IMG_00_0000_max_476x317.jpeg; https://media.rightmove.co.uk:443/dir/crop/10:9-16:9/229k/228962/106044545/228962_152_153_The_Potteries_IMG_01_0000_max_476x317.png"
"106044464","Staffordshire","Retail Property (high street)","252-254 The Potteries Shopping Centre, Market Square, Stoke-On-Trent, Staffordshire, ST1","POA","","","","The Potteries is the dominant shopping destination in the Stoke on Trent region, providing over 500,000 sq ft of retail and leisure space with large multi-storey car park. The Centre is anchored by Primark, Next and H&M along with a Cineworld multiplex cinema and associated restaurant offer. ","https://www.rightmove.co.uk/properties/106044464#/?channel=COM_LET","2021-04-26T19:21:43Z","","new","Marketed by BARKER PROUDLOVE LIMITED, Manchester","","53.02754","-2.1759","https://media.rightmove.co.uk:443/dir/crop/10:9-16:9/229k/228962/106044464/228962_252_254_The_Potteries_IMG_00_0000_max_476x317.jpeg; https://media.rightmove.co.uk:443/dir/crop/10:9-16:9/229k/228962/106044464/228962_252_254_The_Potteries_IMG_01_0000_max_476x317.png"
"106044389","Staffordshire","Retail Property (high street)","209 The Potteries Shopping Centre, Market Square, Stoke-On-Trent, Staffordshire, ST1","POA","","","","The Potteries is the dominant shopping destination in the Stoke on Trent region, providing over 500,000 sq ft of retail and leisure space with large multi-storey car park. The Centre is anchored by Primark, Next and H&M along with a Cineworld multiplex cinema and associated restaurant offer.","https://www.rightmove.co.uk/properties/106044389#/?channel=COM_LET","2021-04-26T19:03:40Z","","new","Marketed by BARKER PROUDLOVE LIMITED, Manchester","","53.02754","-2.1759","https://media.rightmove.co.uk:443/dir/crop/10:9-16:9/229k/228962/106044389/228962_209_The_Potteries_IMG_00_0000_max_476x317.jpeg; https://media.rightmove.co.uk:443/dir/crop/10:9-16:9/229k/228962/106044389/228962_209_The_Potteries_IMG_01_0000_max_476x317.png"
"106044287","Staffordshire","Retail Property (high street)","217b The Potteries Shopping Centre, Quadrant Road, Hanley, Stoke-On-Trent, Staffordshire, ST1","POA","","","","The Potteries is the dominant shopping destination in the Stoke on Trent region, providing over 500,000 sq ft of retail and leisure space with large multi-storey car park. The Centre is anchored by Primark, Next and H&M along with a Cineworld multiplex cinema and associated restaurant offer.","https://www.rightmove.co.uk/properties/106044287#/?channel=COM_LET","2021-04-26T18:52:13Z","","new","Marketed by BARKER PROUDLOVE LIMITED, Manchester","","53.02754","-2.1759","https://media.rightmove.co.uk:443/dir/crop/10:9-16:9/229k/228962/106044287/228962_217b_The_Potteries_IMG_00_0000_max_476x317.jpeg; https://media.rightmove.co.uk:443/dir/crop/10:9-16:9/229k/228962/106044287/228962_217b_The_Potteries_IMG_01_0000_max_476x317.png"
"106040990","Staffordshire","Retail Property (high street)","208 The Potteries Shopping Centre, Quadrant Road, Stoke-On-Trent, Staffordshire, ST1","POA","","","","The Potteries is the dominant shopping destination in the Stoke on Trent region, providing over 500,000 sq ft of retail and leisure space with large multi-storey car park. The Centre is anchored by Primark, Next and H&M along with a Cineworld multiplex cinema and associated restaurant offer. ","https://www.rightmove.co.uk/properties/106040990#/?channel=COM_LET","2021-04-26T17:59:48Z","","new","Marketed by BARKER PROUDLOVE LIMITED, Manchester","","53.02754","-2.1759","https://media.rightmove.co.uk:443/dir/crop/10:9-16:9/229k/228962/106040990/228962_208_The_Potteries__IMG_00_0000_max_476x317.jpeg; https://media.rightmove.co.uk:443/dir/crop/10:9-16:9/229k/228962/106040990/228962_208_The_Potteries_IMG_01_0000_max_476x317.png"
"106042442","Staffordshire","Retail Property (high street)","216 The Potteries Shopping Centre, Quadrant Road, Stoke-On-Trent, Staffordshire, ST1","POA","","","","The Potteries is the dominant shopping destination in the Stoke on Trent region, providing over 500,000 sq ft of retail and leisure space with large multi-storey car park. The Centre is anchored by Primark, Next and H&M along with a Cineworld multiplex cinema and associated restaurant offer. ","https://www.rightmove.co.uk/properties/106042442#/?channel=COM_LET","2021-04-26T18:11:50Z","","new","Marketed by BARKER PROUDLOVE LIMITED, Manchester","","53.02754","-2.1759","https://media.rightmove.co.uk:443/dir/crop/10:9-16:9/229k/228962/106042442/228962_216_The_Potteries_IMG_00_0000_max_476x317.jpeg; https://media.rightmove.co.uk:443/dir/crop/10:9-16:9/229k/228962/106042442/228962_216_The_Potteries_IMG_01_0000_max_476x317.png"
"89180779","Staffordshire","Light Industrial","Centrum 93, Callister Way, Centrum West, Burton-on-trent, Staffordshire","POA","","","","Detailed planning consent for a 92,472 sq ft distribution or industrial unit. Ready for immediate development with 28 week build time. Specification to include:- - 8 Dock level loading doors - 2 Level access doors - 45m Yard - 82 car parking spaces - Internal clear height of 10m - Floor loadin...","https://www.rightmove.co.uk/properties/89180779#/?channel=COM_LET","2021-02-18T09:46:22Z","","new","Marketed by Innes England Ltd, Derby","","52.806308","-1.66396","https://media.rightmove.co.uk:443/dir/crop/10:9-16:9/89k/88900/89180779/88900_7438LH_IMG_06_0001_max_476x317.jpeg; https://media.rightmove.co.uk:443/dir/crop/10:9-16:9/89k/88900/89180779/88900_7438LH_IMG_09_0001_max_476x317.jpeg; https://media.rightmove.co.uk:443/dir/crop/10:9-16:9/89k/88900/89180779/88900_7438LH_IMG_03_0001_max_476x317.jpeg; https://media.rightmove.co.uk:443/dir/crop/10:9-16:9/89k/88900/89180779/88900_7438LH_IMG_05_0001_max_476x317.jpeg; https://media.rightmove.co.uk:443/dir/crop/10:9-16:9/89k/88900/89180779/88900_7438LH_IMG_07_0001_max_476x317.jpeg; https://media.rightmove.co.uk:443/dir/crop/10:9-16:9/89k/88900/89180779/88900_7438LH_IMG_04_0001_max_476x317.jpeg; https://media.rightmove.co.uk:443/dir/crop/10:9-16:9/89k/88900/89180779/88900_7438LH_IMG_08_0001_max_476x317.jpeg; https://media.rightmove.co.uk:443/dir/crop/10:9-16:9/89k/88900/89180779/88900_7438LH_IMG_10_0001_max_476x317.jpeg; https://media.rightmove.co.uk:443/dir/crop/10:9-16:9/89k/88900/89180779/88900_7438LH_IMG_01_0001_max_476x317.jpeg; https://media.rightmove.co.uk:443/dir/crop/10:9-16:9/89k/88900/89180779/88900_7438LH_IMG_00_0001_max_476x317.jpeg"
"101109539","Staffordshire","Warehouse","Radway 16, J16 M6, Crewe, CW2 5PR","POA","","","","A Premier Logistics and Manufacturing Park","https://www.rightmove.co.uk/properties/101109539#/?channel=COM_LET","2020-12-15T11:18:35Z","","new","Marketed by Savills, Manchester Industrial","","52.993219","-2.290034","https://media.rightmove.co.uk:443/dir/crop/10:9-16:9/215k/214118/101109539/214118_54140-2_IMG_01_0000_max_476x317.jpg; https://media.rightmove.co.uk:443/dir/crop/10:9-16:9/215k/214118/101109539/214118_54140-2_IMG_02_0000_max_476x317.jpg; https://media.rightmove.co.uk:443/dir/crop/10:9-16:9/215k/214118/101109539/214118_54140-2_IMG_03_0000_max_476x317.jpg; https://media.rightmove.co.uk:443/dir/crop/10:9-16:9/215k/214118/101109539/214118_54140-2_IMG_04_0000_max_476x317.jpg"
"99091307","Staffordshire","Retail Property (high street)","48 High Street, Stone, Staffordshire, ST15","£2,083 pcm","","","","Stone is a busy market town located just off the A34 about eight miles north from Stafford and with good communications links to Stoke-on-Trent to the north. The property is prominently situated in the town centre on the south side of High Street.","https://www.rightmove.co.uk/properties/99091307#/?channel=COM_LET","2020-11-06T17:15:45Z","","new","Marketed by BARKER PROUDLOVE LIMITED, Leeds","","52.90254","-2.14818","https://media.rightmove.co.uk:443/dir/crop/10:9-16:9/229k/228959/99091307/228959_48HighStreet_IMG_00_0000_max_476x317.jpeg; https://media.rightmove.co.uk:443/dir/crop/10:9-16:9/229k/228959/99091307/228959_48HighStreet_IMG_01_0000_max_476x317.jpeg"
"82131541","Staffordshire","Office","Office  107 Station Street  BURTON-ON-TRENT Staffordshire DE14 1SZ  United","POA","","","","Office | For Lease | Burton-on-Trent","https://www.rightmove.co.uk/properties/82131541#/?channel=COM_LET","2020-07-14T13:44:56Z","","new","Marketed by Colliers International, Offices - Birmingham","","52.808601","-1.63057","https://media.rightmove.co.uk:443/dir/crop/10:9-16:9/200k/199853/82131541/199853_a032400000YrMB5AAN_IMG_04_0000_max_476x317.jpg; https://media.rightmove.co.uk:443/dir/crop/10:9-16:9/200k/199853/82131541/199853_a032400000YrMB5AAN_IMG_02_0000_max_476x317.jpg; https://media.rightmove.co.uk:443/dir/crop/10:9-16:9/200k/199853/82131541/199853_a032400000YrMB5AAN_IMG_01_0000_max_476x317.jpg; https://media.rightmove.co.uk:443/dir/crop/10:9-16:9/200k/199853/82131541/199853_a032400000YrMB5AAN_IMG_03_0000_max_476x317.jpg"
"157890230","Staffordshire","Distribution Warehouse","173 Indurent Park Burton , Burton upon Trent, DE13 8ED","POA","","","","New Distribution / Warehouse Units Under Construction practical completion 2024 A 50 acre industrial and distribution site, Indurent Burton has outline planning consent for up to 1,000,000 sq ft (92,900 sq m) of commercial space. The first two phases are occupied by Hellmann Worldwide Logistics,...","https://www.rightmove.co.uk/properties/157890230#/?channel=COM_LET","2025-02-06T16:05:48Z","","new","Marketed by Knight Frank, Birmingham - Commercial","","52.772345","-1.685174","https://media.rightmove.co.uk:443/dir/crop/10:9-16:9/170k/169514/157890230/169514_CPD260458_IMG_00_0004_max_476x317.jpeg; https://media.rightmove.co.uk:443/dir/crop/10:9-16:9/170k/169514/157890230/169514_CPD260458_IMG_01_0004_max_476x317.jpeg; https://media.rightmove.co.uk:443/dir/crop/10:9-16:9/170k/169514/157890230/169514_CPD260458_IMG_02_0004_max_476x317.jpeg"