id,city,propertyType,displayAddress,price,priceQualifier,bedrooms,bathrooms,summary,propertyUrl,firstVisibleDate,addedOrReduced,listingUpdate,formattedBranchName,branchDisplayName,latitude,longitude,propertyImages
"160347272","Suffolk","Office","Suite 1, The old Lowestoft Hospital ","£600 pcm","","","","Versatile commercial unit situated on the grounds of the old Lowestoft Hospital Site..","https://www.rightmove.co.uk/properties/160347272#/?channel=COM_LET","2025-04-07T13:11:33Z","","new","Marketed by Elisabeth James Homes, Suffolk","","52.509101","1.693637","https://media.rightmove.co.uk:443/dir/crop/10:9-16:9/property-photo/9dca13c61/160347272/9dca13c61aeae7503406e9ce6030ccd7_max_476x317.jpeg; https://media.rightmove.co.uk:443/dir/crop/10:9-16:9/property-photo/49c52aebe/160347272/49c52aebe95628076ae924cc833ccbed_max_476x317.jpeg; https://media.rightmove.co.uk:443/dir/crop/10:9-16:9/property-photo/386bd99f4/160347272/386bd99f47e08acefd28620c729d7bbd_max_476x317.jpeg; https://media.rightmove.co.uk:443/dir/crop/10:9-16:9/property-photo/4a827c94f/160347272/4a827c94fbe9c54d0442cde85b5584dd_max_476x317.jpeg; https://media.rightmove.co.uk:443/dir/crop/10:9-16:9/property-photo/5fa96cc5f/160347272/5fa96cc5f0a995a4e41b680eb3b7f71e_max_476x317.jpeg; https://media.rightmove.co.uk:443/dir/crop/10:9-16:9/property-photo/2d6d5b72f/160347272/2d6d5b72f5aecbabdc676ed6476b345f_max_476x317.jpeg; https://media.rightmove.co.uk:443/dir/crop/10:9-16:9/property-photo/26f86482a/160347272/26f86482ac766e40308cc70568a8495c_max_476x317.jpeg; https://media.rightmove.co.uk:443/dir/crop/10:9-16:9/property-photo/dac4dcc4a/160347272/dac4dcc4a2f28566ccd07bc4682db4e8_max_476x317.jpeg; https://media.rightmove.co.uk:443/dir/crop/10:9-16:9/property-photo/d259e2fc4/160347272/d259e2fc48536f231ad2863779c900aa_max_476x317.jpeg; https://media.rightmove.co.uk:443/dir/crop/10:9-16:9/property-photo/3572aa263/160347272/3572aa263ddeda206d3178bcb62aedbe_max_476x317.jpeg"
"169948490","Suffolk","Office","Lanwades Park, Kentford, Newmarket, CB8 7UA","POA","","","","Research and Development To Let, Newmarket","https://www.rightmove.co.uk/properties/169948490#/?channel=COM_LET","2025-12-03T10:40:44Z","","new","Marketed by Bidwells LLP, Cambridge","","52.26926","0.480428","https://media.rightmove.co.uk:443/dir/crop/10:9-16:9/282k/281033/169948490/281033_340348-2_IMG_00_0000_max_476x317.jpeg; https://media.rightmove.co.uk:443/dir/crop/10:9-16:9/282k/281033/169948490/281033_340348-2_IMG_01_0000_max_476x317.jpeg; https://media.rightmove.co.uk:443/dir/crop/10:9-16:9/282k/281033/169948490/281033_340348-2_IMG_02_0000_max_476x317.jpeg; https://media.rightmove.co.uk:443/dir/crop/10:9-16:9/282k/281033/169948490/281033_340348-2_IMG_03_0000_max_476x317.jpeg; https://media.rightmove.co.uk:443/dir/crop/10:9-16:9/282k/281033/169948490/281033_340348-2_IMG_04_0000_max_476x317.jpeg; https://media.rightmove.co.uk:443/dir/crop/10:9-16:9/282k/281033/169948490/281033_340348-2_IMG_05_0000_max_476x317.jpeg; https://media.rightmove.co.uk:443/dir/crop/10:9-16:9/282k/281033/169948490/281033_340348-2_IMG_06_0000_max_476x317.jpeg; https://media.rightmove.co.uk:443/dir/crop/10:9-16:9/282k/281033/169948490/281033_340348-2_IMG_07_0000_max_476x317.jpeg"
"166323269","Suffolk","Office","Unit 3 Court Farm, Stutton Road, Brantham, East Of England, CO11","£354 pcm","","","","Court Farm is situated close to the junction of the B1080 and A137 Ipswich to Manningtree road, close to the Brantham Bull Public House. The A137 provides direct access to the A14, 5 miles distant and the A12, 4 miles distant via Bentley. Manningtree and Ipswich railway stations provide a freque...","https://www.rightmove.co.uk/properties/166323269#/?channel=COM_LET","2025-08-28T16:33:15Z","","new","Marketed by Fenn Wright, Ipswich Commercial Sales and Lettings","","51.968681","1.090051","https://media.rightmove.co.uk:443/dir/crop/10:9-16:9/162k/161330/166323269/161330_14867127LH_IMG_00_0000_max_476x317.jpeg; https://media.rightmove.co.uk:443/dir/crop/10:9-16:9/162k/161330/166323269/161330_14867127LH_IMG_01_0000_max_476x317.jpeg; https://media.rightmove.co.uk:443/dir/crop/10:9-16:9/162k/161330/166323269/161330_14867127LH_IMG_02_0000_max_476x317.jpeg"
"169946492","Suffolk","Distribution Warehouse","No. 6 Shed Island Site, New Cut East, Port of Ipswich, IP3 0EA","POA","","","","10,935 sq ft Single-Clad Warehouse 0.3 Acre Yard For Vehicle Parking At The Front Of The Site","https://www.rightmove.co.uk/properties/169946492#/?channel=COM_LET","2025-12-03T10:10:54Z","","new","Marketed by JLL, London - Industrial","","52.048127","1.159764","https://media.rightmove.co.uk:443/dir/crop/10:9-16:9/property-photo/10025b0cc/169946492/10025b0cc782d0a6aafb2960237d0f6a_max_476x317.jpeg; https://media.rightmove.co.uk:443/dir/crop/10:9-16:9/property-photo/c69d5b559/169946492/c69d5b559aaba738d13e2d748ccf5035_max_476x317.jpeg; https://media.rightmove.co.uk:443/dir/crop/10:9-16:9/property-photo/f39aeed14/169946492/f39aeed14e3b29adf20e7a0ddb3c8cc5_max_476x317.jpeg"
"169928504","Suffolk","Retail Property (high street)","Merchants Yard, Grafton Way, Ipswich, IP1 1UZ","POA","","","","Retail / A3 (Restaurants and Cafes) To Let, Ipswich","https://www.rightmove.co.uk/properties/169928504#/?channel=COM_LET","2025-12-02T16:17:11Z","","size_change","Marketed by Bidwells LLP, Cambridge","","52.051948","1.151222","https://media.rightmove.co.uk:443/dir/crop/10:9-16:9/282k/281033/169928504/281033_340182-2_IMG_00_0000_max_476x317.jpeg; https://media.rightmove.co.uk:443/dir/crop/10:9-16:9/282k/281033/169928504/281033_340182-2_IMG_01_0000_max_476x317.jpeg; https://media.rightmove.co.uk:443/dir/crop/10:9-16:9/282k/281033/169928504/281033_340182-2_IMG_02_0000_max_476x317.jpeg; https://media.rightmove.co.uk:443/dir/crop/10:9-16:9/282k/281033/169928504/281033_340182-2_IMG_03_0000_max_476x317.jpeg; https://media.rightmove.co.uk:443/dir/crop/10:9-16:9/282k/281033/169928504/281033_340182-2_IMG_04_0000_max_476x317.jpeg; https://media.rightmove.co.uk:443/dir/crop/10:9-16:9/282k/281033/169928504/281033_340182-2_IMG_05_0000_max_476x317.jpeg"
"155410877","Suffolk","Serviced Office","Suffolk Enterprise Centre Felaw Maltings 44 Felaw Street, Ipswich","£613 pcm","From","","","Suffolk Enterprise Centre is a multi-occupancy business centre based in the beautiful Felaw Maltings (IP2 8SJ). We offer a variety of bespoke serviced office space ranging from 208sqft to 1,378sqft. Offered on flexible tenancy terms, all tenants benefit from the use of the on-site business lounge...","https://www.rightmove.co.uk/properties/155410877#/?channel=COM_LET","2024-11-27T06:17:22Z","","size_change","Marketed by Office Freedom, Office Freedom Regional","","52.049435","1.157984","https://media.rightmove.co.uk:443/dir/crop/10:9-16:9/238k/237641/155410877/237641_6366-1_IMG_00_0001_max_476x317.png; https://media.rightmove.co.uk:443/dir/crop/10:9-16:9/238k/237641/155410877/237641_6366-1_IMG_01_0001_max_476x317.png; https://media.rightmove.co.uk:443/dir/crop/10:9-16:9/238k/237641/155410877/237641_6366-1_IMG_02_0001_max_476x317.png; https://media.rightmove.co.uk:443/dir/crop/10:9-16:9/238k/237641/155410877/237641_6366-1_IMG_03_0001_max_476x317.png; https://media.rightmove.co.uk:443/dir/crop/10:9-16:9/238k/237641/155410877/237641_6366-1_IMG_04_0001_max_476x317.png; https://media.rightmove.co.uk:443/dir/crop/10:9-16:9/238k/237641/155410877/237641_6366-1_IMG_05_0000_max_476x317.png; https://media.rightmove.co.uk:443/dir/crop/10:9-16:9/238k/237641/155410877/237641_6366-1_IMG_06_0000_max_476x317.png"
"168700298","Suffolk","Commercial Property","30 & 32 Felnor Walk, Felixstowe, IP11 7DN","£1,000 pcm","","","","COMMERCIAL UNIT","https://www.rightmove.co.uk/properties/168700298#/?channel=COM_LET","2025-10-28T12:43:57Z","","price_reduced","Marketed by Stirling Ackroyd, Commercial","","51.962864","1.351795","https://media.rightmove.co.uk:443/dir/crop/10:9-16:9/property-photo/70cdec0d4/168700298/70cdec0d41e9a3dd589bc85f452da93f_max_476x317.jpeg; https://media.rightmove.co.uk:443/dir/crop/10:9-16:9/property-photo/379409cf9/168700298/379409cf97bacffae414335363903b95_max_476x317.jpeg; https://media.rightmove.co.uk:443/dir/crop/10:9-16:9/property-photo/df8b477f7/168700298/df8b477f77d38fd1d966094a83a40337_max_476x317.jpeg; https://media.rightmove.co.uk:443/dir/crop/10:9-16:9/property-photo/178bbd2da/168700298/178bbd2da461dcff0ba31847fb73f0c4_max_476x317.jpeg; https://media.rightmove.co.uk:443/dir/crop/10:9-16:9/property-photo/36b49ed4b/168700298/36b49ed4b24f06c7b3f15c3e07133229_max_476x317.jpeg; https://media.rightmove.co.uk:443/dir/crop/10:9-16:9/property-photo/346ed690f/168700298/346ed690ff409d299bb0160b79e75fca_max_476x317.jpeg; https://media.rightmove.co.uk:443/dir/crop/10:9-16:9/property-photo/d3074164d/168700298/d3074164d000f4956af74b2e5565f0fb_max_476x317.jpeg; https://media.rightmove.co.uk:443/dir/crop/10:9-16:9/property-photo/4925b0304/168700298/4925b030453d78d7c66b34c14a229b89_max_476x317.jpeg; https://media.rightmove.co.uk:443/dir/crop/10:9-16:9/property-photo/23acd3102/168700298/23acd310284e602ea61b2260695f0f1e_max_476x317.jpeg; https://media.rightmove.co.uk:443/dir/crop/10:9-16:9/property-photo/991527820/168700298/9915278201ce975caff951859ed6235f_max_476x317.jpeg; https://media.rightmove.co.uk:443/dir/crop/10:9-16:9/property-photo/efe6f27de/168700298/efe6f27dec2ab3dad1a3fa683b3f29be_max_476x317.jpeg"
"160032671","Suffolk","Light Industrial","Whapload Road, Lowestoft","£2,083 pcm","","","","A substantial two storey building which has most recently been used for offices, storage and workshop uses. Together with a smaller store building suitable for workshop. Would ideally suit engineering or companies related to the offshore energy sector or working within the closely situated Lowes...","https://www.rightmove.co.uk/properties/160032671#/?channel=COM_LET","2025-03-31T11:52:55Z","","price_reduced","Marketed by Bycroft Commercial, Great Yarmouth","","52.48443","1.75782","https://media.rightmove.co.uk:443/dir/crop/10:9-16:9/211k/210365/160032671/210365_101177012491_IMG_12_0000_max_476x317.jpeg; https://media.rightmove.co.uk:443/dir/crop/10:9-16:9/211k/210365/160032671/210365_101177012491_IMG_13_0000_max_476x317.jpeg; https://media.rightmove.co.uk:443/dir/crop/10:9-16:9/211k/210365/160032671/210365_101177012491_IMG_14_0000_max_476x317.jpeg; https://media.rightmove.co.uk:443/dir/crop/10:9-16:9/211k/210365/160032671/210365_101177012491_IMG_15_0000_max_476x317.jpeg; https://media.rightmove.co.uk:443/dir/crop/10:9-16:9/211k/210365/160032671/210365_101177012491_IMG_01_0000_max_476x317.jpeg; https://media.rightmove.co.uk:443/dir/crop/10:9-16:9/211k/210365/160032671/210365_101177012491_IMG_02_0000_max_476x317.jpeg; https://media.rightmove.co.uk:443/dir/crop/10:9-16:9/211k/210365/160032671/210365_101177012491_IMG_05_0000_max_476x317.jpeg; https://media.rightmove.co.uk:443/dir/crop/10:9-16:9/211k/210365/160032671/210365_101177012491_IMG_06_0000_max_476x317.jpeg; https://media.rightmove.co.uk:443/dir/crop/10:9-16:9/211k/210365/160032671/210365_101177012491_IMG_07_0000_max_476x317.jpeg; https://media.rightmove.co.uk:443/dir/crop/10:9-16:9/211k/210365/160032671/210365_101177012491_IMG_08_0000_max_476x317.jpeg; https://media.rightmove.co.uk:443/dir/crop/10:9-16:9/211k/210365/160032671/210365_101177012491_IMG_09_0000_max_476x317.jpeg; https://media.rightmove.co.uk:443/dir/crop/10:9-16:9/211k/210365/160032671/210365_101177012491_IMG_10_0000_max_476x317.jpeg; https://media.rightmove.co.uk:443/dir/crop/10:9-16:9/211k/210365/160032671/210365_101177012491_IMG_11_0000_max_476x317.jpeg"
"169897871","Suffolk","Commercial Property","Orwell House, Ferry Lane","£596 pcm","","","","This first floor, FULLY SERVICED office suite forms part of a commercial development close to FELIXSTOWE DOCKS with onsite LORRY and CAR PARKING, MANAGEMENT and 24 HOUR CCTV. Call our commercial department for lease details.","https://www.rightmove.co.uk/properties/169897871#/?channel=COM_LET","2025-12-02T00:54:56Z","","new","Marketed by Delaney's, Commercial","","51.954829","1.3331","https://media.rightmove.co.uk:443/dir/crop/10:9-16:9/175k/174500/169897871/174500_CL0026_IMG_00_0000_max_476x317.jpeg; https://media.rightmove.co.uk:443/dir/crop/10:9-16:9/175k/174500/169897871/174500_CL0026_IMG_01_0000_max_476x317.jpeg; https://media.rightmove.co.uk:443/dir/crop/10:9-16:9/175k/174500/169897871/174500_CL0026_IMG_02_0000_max_476x317.jpeg"
"169886150","Suffolk","Commercial Property","Field Lane, Lowestoft","£5,833 pcm","","","","An excellent opportunity to acquire or lease a substantial and versatile industrial site located in Kessingland, just south of Lowestoft. The property sits on approximately 0.54 acres of land and offers a well-equipped base for a variety of trades and businesses, featuring two large warehouses, a...","https://www.rightmove.co.uk/properties/169886150#/?channel=COM_LET","2025-12-01T15:50:52Z","","new","Marketed by Steel & Co Commercial Property Services, Lowestoft","","52.42104","1.71476","https://media.rightmove.co.uk:443/dir/crop/10:9-16:9/66k/65427/169886150/65427_12680612_IMG_00_0000_max_476x317.jpeg; https://media.rightmove.co.uk:443/dir/crop/10:9-16:9/66k/65427/169886150/65427_12680612_IMG_01_0000_max_476x317.jpeg; https://media.rightmove.co.uk:443/dir/crop/10:9-16:9/66k/65427/169886150/65427_12680612_IMG_02_0000_max_476x317.jpeg; https://media.rightmove.co.uk:443/dir/crop/10:9-16:9/66k/65427/169886150/65427_12680612_IMG_03_0000_max_476x317.jpeg; https://media.rightmove.co.uk:443/dir/crop/10:9-16:9/66k/65427/169886150/65427_12680612_IMG_04_0000_max_476x317.jpeg; https://media.rightmove.co.uk:443/dir/crop/10:9-16:9/66k/65427/169886150/65427_12680612_IMG_05_0000_max_476x317.jpeg; https://media.rightmove.co.uk:443/dir/crop/10:9-16:9/66k/65427/169886150/65427_12680612_IMG_06_0000_max_476x317.jpeg; https://media.rightmove.co.uk:443/dir/crop/10:9-16:9/66k/65427/169886150/65427_12680612_IMG_07_0000_max_476x317.jpeg; https://media.rightmove.co.uk:443/dir/crop/10:9-16:9/66k/65427/169886150/65427_12680612_IMG_08_0000_max_476x317.jpeg"
"155490368","Suffolk","Serviced Office","South Suffolk Business Centre Alexandra Road, Sudbury","£433 pcm","From","","","This Business Centre is situated close to the town centre and offers modern, managed office space of 24 units ranging from 13.6sqm – 35.52sqm. As well as providing fully equipped conferenc...","https://www.rightmove.co.uk/properties/155490368#/?channel=COM_LET","2024-11-28T17:31:56Z","","size_change","Marketed by Office Freedom, Office Freedom - Major Cities","","52.040526","0.745455","https://media.rightmove.co.uk:443/dir/crop/10:9-16:9/246k/245114/155490368/245114_9899-1_IMG_00_0001_max_476x317.png; https://media.rightmove.co.uk:443/dir/crop/10:9-16:9/246k/245114/155490368/245114_9899-1_IMG_01_0000_max_476x317.png; https://media.rightmove.co.uk:443/dir/crop/10:9-16:9/246k/245114/155490368/245114_9899-1_IMG_02_0000_max_476x317.png; https://media.rightmove.co.uk:443/dir/crop/10:9-16:9/246k/245114/155490368/245114_9899-1_IMG_03_0000_max_476x317.png; https://media.rightmove.co.uk:443/dir/crop/10:9-16:9/246k/245114/155490368/245114_9899-1_IMG_04_0000_max_476x317.png; https://media.rightmove.co.uk:443/dir/crop/10:9-16:9/246k/245114/155490368/245114_9899-1_IMG_05_0000_max_476x317.png; https://media.rightmove.co.uk:443/dir/crop/10:9-16:9/246k/245114/155490368/245114_9899-1_IMG_06_0000_max_476x317.png; https://media.rightmove.co.uk:443/dir/crop/10:9-16:9/246k/245114/155490368/245114_9899-1_IMG_07_0000_max_476x317.png; https://media.rightmove.co.uk:443/dir/crop/10:9-16:9/246k/245114/155490368/245114_9899-1_IMG_08_0000_max_476x317.png; https://media.rightmove.co.uk:443/dir/crop/10:9-16:9/246k/245114/155490368/245114_9899-1_IMG_09_0000_max_476x317.png"
"163114238","Suffolk","Office","9a Gamma Terrace, West Road, Ipswich, Suffolk, IP3 9FF","£1,250 pcm","","","","LOCATION Masterlord Office Village is a modern development located on Ransomes Europark to the south east of Ipswich adjoining the A14. The A14 provides excellent road links with Felixstowe, London and the national motorway network. The premises are located within the Gamma Terrace. DESCRIPT...","https://www.rightmove.co.uk/properties/163114238#/?channel=COM_LET","2025-06-10T16:37:00Z","","price_reduced","Marketed by Fenn Wright, Ipswich Commercial Sales and Lettings","","52.03375","1.210206","https://media.rightmove.co.uk:443/dir/crop/10:9-16:9/162k/161330/163114238/161330_14870725LH_IMG_00_0000_max_476x317.jpeg; https://media.rightmove.co.uk:443/dir/crop/10:9-16:9/162k/161330/163114238/161330_14870725LH_IMG_01_0000_max_476x317.jpeg; https://media.rightmove.co.uk:443/dir/crop/10:9-16:9/162k/161330/163114238/161330_14870725LH_IMG_02_0000_max_476x317.jpeg; https://media.rightmove.co.uk:443/dir/crop/10:9-16:9/162k/161330/163114238/161330_14870725LH_IMG_03_0000_max_476x317.jpeg"
"169528718","Suffolk","Retail Property (high street)","4 Earsham Street, Bungay, Suffolk, NR35","£958 pcm","","","","Highly prominent retail premises with large footfall and passing trade.","https://www.rightmove.co.uk/properties/169528718#/?channel=COM_LET","2025-12-01T11:34:27Z","","new","Marketed by Fennel Chartered Surveyors, Halesworth","","52.45671","1.43625","https://media.rightmove.co.uk:443/dir/crop/10:9-16:9/118k/117463/169528718/117463_musebungay_IMG_02_0000_max_476x317.jpeg; https://media.rightmove.co.uk:443/dir/crop/10:9-16:9/118k/117463/169528718/117463_musebungay_IMG_00_0000_max_476x317.jpeg; https://media.rightmove.co.uk:443/dir/crop/10:9-16:9/118k/117463/169528718/117463_musebungay_IMG_01_0000_max_476x317.jpeg; https://media.rightmove.co.uk:443/dir/crop/10:9-16:9/118k/117463/169528718/117463_musebungay_IMG_03_0000_max_476x317.jpeg; https://media.rightmove.co.uk:443/dir/crop/10:9-16:9/118k/117463/169528718/117463_musebungay_IMG_04_0000_max_476x317.jpeg; https://media.rightmove.co.uk:443/dir/crop/10:9-16:9/118k/117463/169528718/117463_musebungay_IMG_05_0000_max_476x317.jpeg; https://media.rightmove.co.uk:443/dir/crop/10:9-16:9/118k/117463/169528718/117463_musebungay_IMG_06_0000_max_476x317.jpeg; https://media.rightmove.co.uk:443/dir/crop/10:9-16:9/118k/117463/169528718/117463_musebungay_IMG_07_0000_max_476x317.jpeg; https://media.rightmove.co.uk:443/dir/crop/10:9-16:9/118k/117463/169528718/117463_musebungay_IMG_08_0000_max_476x317.jpeg; https://media.rightmove.co.uk:443/dir/crop/10:9-16:9/118k/117463/169528718/117463_musebungay_IMG_09_0000_max_476x317.jpeg; https://media.rightmove.co.uk:443/dir/crop/10:9-16:9/118k/117463/169528718/117463_musebungay_IMG_10_0000_max_476x317.jpeg; https://media.rightmove.co.uk:443/dir/crop/10:9-16:9/118k/117463/169528718/117463_musebungay_IMG_11_0000_max_476x317.jpeg; https://media.rightmove.co.uk:443/dir/crop/10:9-16:9/118k/117463/169528718/117463_musebungay_IMG_12_0000_max_476x317.jpeg"
"168393428","Suffolk","Commercial Property","Unit 3, Taylor Square, Newgate, Beccles, Suffolk, NR34","£1,458 pcm","","","","Newly to the Market. Prominent location in the heart of Beccles. Surprisingly roomy interior ideal for a wide range of business types including retail, showroom, boutique, or service-based enterprises","https://www.rightmove.co.uk/properties/168393428#/?channel=COM_LET","2025-10-24T14:28:25Z","","price_reduced","Marketed by Peter Colby Commercials Limited, Norwich","","52.45913","1.56409","https://media.rightmove.co.uk:443/dir/crop/10:9-16:9/123k/122056/168393428/122056_BECTS3_IMG_03_0000_max_476x317.jpeg; https://media.rightmove.co.uk:443/dir/crop/10:9-16:9/123k/122056/168393428/122056_BECTS3_IMG_04_0000_max_476x317.jpeg; https://media.rightmove.co.uk:443/dir/crop/10:9-16:9/123k/122056/168393428/122056_BECTS3_IMG_02_0000_max_476x317.png; https://media.rightmove.co.uk:443/dir/crop/10:9-16:9/123k/122056/168393428/122056_BECTS3_IMG_01_0000_max_476x317.jpeg"
"721779975373601","Suffolk","Light Industrial","Unit 3 - 4, Woodlands Business Park, Bury St. Edmunds, IP30 9ND","£2,894 pcm","","","","Two Units Available via Sub Let or Assignment","https://www.rightmove.co.uk/properties/721779975373601#/?channel=COM_LET","2025-11-27T11:26:05Z","","price_reduced","Marketed by Newmark, West End - Industrial","","52.241428","0.77531","https://media.rightmove.co.uk:443/dir/crop/10:9-16:9/247k/246152/721779975373601/246152_273072-2_IMG_00_0000_max_476x317.jpeg; https://media.rightmove.co.uk:443/dir/crop/10:9-16:9/247k/246152/721779975373601/246152_273072-2_IMG_01_0000_max_476x317.jpeg; https://media.rightmove.co.uk:443/dir/crop/10:9-16:9/247k/246152/721779975373601/246152_273072-2_IMG_02_0000_max_476x317.jpeg; https://media.rightmove.co.uk:443/dir/crop/10:9-16:9/247k/246152/721779975373601/246152_273072-2_IMG_03_0000_max_476x317.jpeg; https://media.rightmove.co.uk:443/dir/crop/10:9-16:9/247k/246152/721779975373601/246152_273072-2_IMG_04_0000_max_476x317.jpeg; https://media.rightmove.co.uk:443/dir/crop/10:9-16:9/247k/246152/721779975373601/246152_273072-2_IMG_05_0000_max_476x317.jpeg; https://media.rightmove.co.uk:443/dir/crop/10:9-16:9/247k/246152/721779975373601/246152_273072-2_IMG_06_0000_max_476x317.jpeg; https://media.rightmove.co.uk:443/dir/crop/10:9-16:9/247k/246152/721779975373601/246152_273072-2_IMG_07_0000_max_476x317.jpeg"
"721604108193745","Suffolk","Light Industrial","Open Storage Land, Haughley Park, Stowmarket, IP14 3JZ","£3,750 pcm","","","","Open storage plots close to A14","https://www.rightmove.co.uk/properties/721604108193745#/?channel=COM_LET","2025-11-26T12:10:22Z","","price_reduced","Marketed by Hazells, Bury St Edmunds","","52.217865","0.931535","https://media.rightmove.co.uk:443/dir/crop/10:9-16:9/287k/286808/721604108193745/286808_190996-2_IMG_00_0000_max_476x317.jpeg; https://media.rightmove.co.uk:443/dir/crop/10:9-16:9/287k/286808/721604108193745/286808_190996-2_IMG_01_0000_max_476x317.jpeg"
"721604022207200","Suffolk","Commercial Property","Unit 20a  20b, Market Place, Mildenhall, IP28 7EF","£2,917 pcm","","","","Modern first floor open plan offices/training rooms","https://www.rightmove.co.uk/properties/721604022207200#/?channel=COM_LET","2025-11-26T12:10:03Z","","price_reduced","Marketed by Hazells, Bury St Edmunds","","52.342966","0.511456","https://media.rightmove.co.uk:443/dir/crop/10:9-16:9/property-photo/20d468a02/721604022207200/20d468a02572ec048c7b617ab620901d_max_476x317.png; https://media.rightmove.co.uk:443/dir/crop/10:9-16:9/property-photo/6dbd4bbdf/721604022207200/6dbd4bbdfa14fd9199423e80a1ad95f4_max_476x317.jpeg; https://media.rightmove.co.uk:443/dir/crop/10:9-16:9/property-photo/5fc6504c3/721604022207200/5fc6504c3746dd4a01ad0a6ee64602bb_max_476x317.jpeg; https://media.rightmove.co.uk:443/dir/crop/10:9-16:9/property-photo/f5021515d/721604022207200/f5021515d660868dfded3101be44a25d_max_476x317.jpeg; https://media.rightmove.co.uk:443/dir/crop/10:9-16:9/property-photo/fc47e9384/721604022207200/fc47e9384256c357ca98d9fac86bd665_max_476x317.jpeg; https://media.rightmove.co.uk:443/dir/crop/10:9-16:9/property-photo/200b2dbd8/721604022207200/200b2dbd8e550930e91ab31c8bea4ef0_max_476x317.jpeg; https://media.rightmove.co.uk:443/dir/crop/10:9-16:9/property-photo/5e1258337/721604022207200/5e12583370bfc1f63b23d22482b3e961_max_476x317.jpeg"
"133049180","Suffolk","Commercial Property","Hamilton Road, Felixstowe, Suffolk, IP11","£750 pcm","","","","Nicholas Estates Commercial Lettings Department are please to bring to the market this recently refurbished ground floor unit located on Hamilton Rd Felixstowe. Located on a busy thoroughfare between the town centre and Railway Station this self contained office space would appeal to a variety of...","https://www.rightmove.co.uk/properties/133049180#/?channel=COM_LET","2023-03-29T10:27:22Z","","new","Marketed by Nicholas Estates, Ipswich","","51.96596","1.352365","https://media.rightmove.co.uk:443/dir/crop/10:9-16:9/16k/15529/133049180/15529_9705408_IMG_00_0000_max_476x317.jpeg; https://media.rightmove.co.uk:443/dir/crop/10:9-16:9/16k/15529/133049180/15529_9705408_IMG_01_0000_max_476x317.jpeg; https://media.rightmove.co.uk:443/dir/crop/10:9-16:9/16k/15529/133049180/15529_9705408_IMG_02_0000_max_476x317.jpeg; https://media.rightmove.co.uk:443/dir/crop/10:9-16:9/16k/15529/133049180/15529_9705408_IMG_03_0000_max_476x317.jpeg; https://media.rightmove.co.uk:443/dir/crop/10:9-16:9/16k/15529/133049180/15529_9705408_IMG_04_0000_max_476x317.jpeg; https://media.rightmove.co.uk:443/dir/crop/10:9-16:9/16k/15529/133049180/15529_9705408_IMG_05_0000_max_476x317.jpeg; https://media.rightmove.co.uk:443/dir/crop/10:9-16:9/16k/15529/133049180/15529_9705408_IMG_06_0000_max_476x317.jpeg; https://media.rightmove.co.uk:443/dir/crop/10:9-16:9/16k/15529/133049180/15529_9705408_IMG_07_0000_max_476x317.jpeg; https://media.rightmove.co.uk:443/dir/crop/10:9-16:9/16k/15529/133049180/15529_9705408_IMG_08_0000_max_476x317.jpeg; https://media.rightmove.co.uk:443/dir/crop/10:9-16:9/16k/15529/133049180/15529_9705408_IMG_09_0000_max_476x317.jpeg"
"169805879","Suffolk","Office","Units 3, Peninsula Business Centre, Vicarage Lane, Wherstead, Suffolk , IP9","£1,042 pcm","","","","The property comprises a former timber framed barn which has been sympathetically converted to provide office accommodation. The property has two principle sections, one to the front and the other to the rear. The front section provides an office with integrated tea point, cloakroom and WC. The ...","https://www.rightmove.co.uk/properties/169805879#/?channel=COM_LET","2025-11-28T09:59:23Z","","new","Marketed by Fenn Wright, Ipswich Commercial Sales and Lettings","","52.021125","1.141879","https://media.rightmove.co.uk:443/dir/crop/10:9-16:9/property-photo/941f817f9/169805879/941f817f979e1973fce7069c60a897d2_max_476x317.jpeg; https://media.rightmove.co.uk:443/dir/crop/10:9-16:9/property-photo/995cfd431/169805879/995cfd4318de7e51d13129dda7c5c184_max_476x317.jpeg; https://media.rightmove.co.uk:443/dir/crop/10:9-16:9/property-photo/d20553f1b/169805879/d20553f1b206d41d68ca5f7ee63138e7_max_476x317.jpeg; https://media.rightmove.co.uk:443/dir/crop/10:9-16:9/property-photo/5e4425241/169805879/5e4425241f06e47ff2e28077815e4264_max_476x317.jpeg"
"169781225","Suffolk","Commercial Property","Church Road, Lowestoft","£700 pcm","","","","SHOP FOR LEASE – KESSINGLANDA fantastic opportunity to secure a commercial unit in the charming seaside village of Kessingland, located just south of Lowestoft, Suffolk.Ideally positioned to benefit from both local footfall and seasonal tourist trade, this unit is well-suited to a small or ...","https://www.rightmove.co.uk/properties/169781225#/?channel=COM_LET","2025-11-27T13:49:13Z","","new","Marketed by Steel & Co Commercial Property Services, Lowestoft","","52.414192","1.72476","https://media.rightmove.co.uk:443/dir/crop/10:9-16:9/66k/65427/169781225/65427_12466312_IMG_00_0000_max_476x317.jpeg; https://media.rightmove.co.uk:443/dir/crop/10:9-16:9/66k/65427/169781225/65427_12466312_IMG_01_0000_max_476x317.jpeg; https://media.rightmove.co.uk:443/dir/crop/10:9-16:9/66k/65427/169781225/65427_12466312_IMG_02_0000_max_476x317.jpeg; https://media.rightmove.co.uk:443/dir/crop/10:9-16:9/66k/65427/169781225/65427_12466312_IMG_03_0000_max_476x317.jpeg"
"169765469","Suffolk","Mixed Use","Market Hill, Framlingham","£1,250 pcm","","","1","Ground floor retail unit to let in the heart of Framlingham","https://www.rightmove.co.uk/properties/169765469#/?channel=COM_LET","2025-11-27T09:31:03Z","","new","Marketed by Upstix Ventures LLP, Ipswich","","52.222144","1.343475","https://media.rightmove.co.uk:443/dir/crop/10:9-16:9/118k/117478/169765469/117478_3131_UPTX_IMG_00_0000_max_476x317.jpeg; https://media.rightmove.co.uk:443/dir/crop/10:9-16:9/118k/117478/169765469/117478_3131_UPTX_IMG_01_0000_max_476x317.jpeg; https://media.rightmove.co.uk:443/dir/crop/10:9-16:9/118k/117478/169765469/117478_3131_UPTX_IMG_02_0000_max_476x317.jpeg; https://media.rightmove.co.uk:443/dir/crop/10:9-16:9/118k/117478/169765469/117478_3131_UPTX_IMG_03_0000_max_476x317.jpeg; https://media.rightmove.co.uk:443/dir/crop/10:9-16:9/118k/117478/169765469/117478_3131_UPTX_IMG_04_0000_max_476x317.jpeg; https://media.rightmove.co.uk:443/dir/crop/10:9-16:9/118k/117478/169765469/117478_3131_UPTX_IMG_05_0000_max_476x317.jpeg; https://media.rightmove.co.uk:443/dir/crop/10:9-16:9/118k/117478/169765469/117478_3131_UPTX_IMG_06_0000_max_476x317.jpeg; https://media.rightmove.co.uk:443/dir/crop/10:9-16:9/118k/117478/169765469/117478_3131_UPTX_IMG_07_0000_max_476x317.jpeg; https://media.rightmove.co.uk:443/dir/crop/10:9-16:9/118k/117478/169765469/117478_3131_UPTX_IMG_08_0000_max_476x317.jpeg; https://media.rightmove.co.uk:443/dir/crop/10:9-16:9/118k/117478/169765469/117478_3131_UPTX_IMG_09_0000_max_476x317.jpeg; https://media.rightmove.co.uk:443/dir/crop/10:9-16:9/118k/117478/169765469/117478_3131_UPTX_IMG_10_0000_max_476x317.jpeg; https://media.rightmove.co.uk:443/dir/crop/10:9-16:9/118k/117478/169765469/117478_3131_UPTX_IMG_11_0000_max_476x317.jpeg; https://media.rightmove.co.uk:443/dir/crop/10:9-16:9/118k/117478/169765469/117478_3131_UPTX_IMG_12_0000_max_476x317.jpeg; https://media.rightmove.co.uk:443/dir/crop/10:9-16:9/118k/117478/169765469/117478_3131_UPTX_IMG_13_0000_max_476x317.jpeg; https://media.rightmove.co.uk:443/dir/crop/10:9-16:9/118k/117478/169765469/117478_3131_UPTX_IMG_14_0000_max_476x317.jpeg"
"169741658","Suffolk","Office","6A Manchester House, Bury St Edmunds, Suffolk, IP33 1HP","£535 pcm","","","","Manchester House is an imposing multi-occupied period office building located on the edge of Bury St Edmunds town centre. Suite 6A is located on the first floor of the building and benefits from large timber windows, carpeting, a telecom system and power/data points. The office has been refurbis...","https://www.rightmove.co.uk/properties/169741658#/?channel=COM_LET","2025-11-26T14:24:38Z","","new","Marketed by Merrifields, Suffolk","","52.248387","0.716655","https://media.rightmove.co.uk:443/dir/crop/10:9-16:9/122k/121468/169741658/121468_4LH_IMG_00_0000_max_476x317.jpeg; https://media.rightmove.co.uk:443/dir/crop/10:9-16:9/122k/121468/169741658/121468_4LH_IMG_01_0000_max_476x317.jpeg; https://media.rightmove.co.uk:443/dir/crop/10:9-16:9/122k/121468/169741658/121468_4LH_IMG_02_0000_max_476x317.jpeg; https://media.rightmove.co.uk:443/dir/crop/10:9-16:9/122k/121468/169741658/121468_4LH_IMG_03_0000_max_476x317.jpeg"
"721604171175088","Suffolk","Commercial Property","Self Storage Containers, 23a Eastern Way, Bury St Edmunds, IP32 7AB","£230 pcm","","","","Container Storage Units To Let","https://www.rightmove.co.uk/properties/721604171175088#/?channel=COM_LET","2025-11-26T12:11:08Z","","new","Marketed by Hazells, Bury St Edmunds","","52.25275","0.72641","https://media.rightmove.co.uk:443/dir/crop/10:9-16:9/287k/286808/721604171175088/286808_292986-2_IMG_00_0000_max_476x317.jpeg; https://media.rightmove.co.uk:443/dir/crop/10:9-16:9/287k/286808/721604171175088/286808_292986-2_IMG_01_0000_max_476x317.jpeg"
"721605194586513","Suffolk","Distribution Warehouse","Unit A4, Anglian Lane, Bury St. Edmunds, IP32 6SR","£3,292 pcm","","","","Refurbished warehouse within close proximity to A14","https://www.rightmove.co.uk/properties/721605194586513#/?channel=COM_LET","2025-11-26T12:11:06Z","","new","Marketed by Hazells, Bury St Edmunds","","52.25478","0.704139","https://media.rightmove.co.uk:443/dir/crop/10:9-16:9/287k/286808/721605194586513/286808_317688-2_IMG_00_0000_max_476x317.jpeg; https://media.rightmove.co.uk:443/dir/crop/10:9-16:9/287k/286808/721605194586513/286808_317688-2_IMG_01_0000_max_476x317.jpeg; https://media.rightmove.co.uk:443/dir/crop/10:9-16:9/287k/286808/721605194586513/286808_317688-2_IMG_02_0000_max_476x317.jpeg; https://media.rightmove.co.uk:443/dir/crop/10:9-16:9/287k/286808/721605194586513/286808_317688-2_IMG_03_0000_max_476x317.jpeg; https://media.rightmove.co.uk:443/dir/crop/10:9-16:9/287k/286808/721605194586513/286808_317688-2_IMG_04_0000_max_476x317.jpeg"
"721605198708928","Suffolk","Distribution Warehouse","Unit A2, Anglian Lane, Bury St. Edmunds, IP32 6SR","£4,125 pcm","","","","Refurbished warehouse within close proximity to A14","https://www.rightmove.co.uk/properties/721605198708928#/?channel=COM_LET","2025-11-26T12:11:06Z","","new","Marketed by Hazells, Bury St Edmunds","","52.25478","0.704139","https://media.rightmove.co.uk:443/dir/crop/10:9-16:9/287k/286808/721605198708928/286808_317698-2_IMG_00_0000_max_476x317.jpeg; https://media.rightmove.co.uk:443/dir/crop/10:9-16:9/287k/286808/721605198708928/286808_317698-2_IMG_01_0000_max_476x317.jpeg; https://media.rightmove.co.uk:443/dir/crop/10:9-16:9/287k/286808/721605198708928/286808_317698-2_IMG_02_0000_max_476x317.jpeg; https://media.rightmove.co.uk:443/dir/crop/10:9-16:9/287k/286808/721605198708928/286808_317698-2_IMG_03_0000_max_476x317.jpeg; https://media.rightmove.co.uk:443/dir/crop/10:9-16:9/287k/286808/721605198708928/286808_317698-2_IMG_04_0000_max_476x317.jpeg"
"150427289","Suffolk","Serviced Office","70-72 The Havens, Ransomes Europark, Ipswich, United Kingdom IP3 9BF","£469 pcm","From","","4","Private office space for 2 in Basepoint Ransomes Europark. Fully flexible, 24/7 access, secure, ergonomic furniture and all-inclusive services included. ","https://www.rightmove.co.uk/properties/150427289#/?channel=COM_LET","2024-07-19T11:37:43Z","","size_change","Marketed by Basepoint, Basepoint","","52.02923","1.22085","https://media.rightmove.co.uk:443/dir/crop/10:9-16:9/71k/70551/150427289/70551_UK2ws4544_IMG_07_0000_max_476x317.jpeg; https://media.rightmove.co.uk:443/dir/crop/10:9-16:9/71k/70551/150427289/70551_UK2ws4544_IMG_04_0000_max_476x317.jpeg; https://media.rightmove.co.uk:443/dir/crop/10:9-16:9/71k/70551/150427289/70551_UK2ws4544_IMG_02_0000_max_476x317.jpeg; https://media.rightmove.co.uk:443/dir/crop/10:9-16:9/71k/70551/150427289/70551_UK2ws4544_IMG_00_0000_max_476x317.jpeg; https://media.rightmove.co.uk:443/dir/crop/10:9-16:9/71k/70551/150427289/70551_UK2ws4544_IMG_01_0000_max_476x317.jpeg; https://media.rightmove.co.uk:443/dir/crop/10:9-16:9/71k/70551/150427289/70551_UK2ws4544_IMG_03_0000_max_476x317.jpeg; https://media.rightmove.co.uk:443/dir/crop/10:9-16:9/71k/70551/150427289/70551_UK2ws4544_IMG_05_0000_max_476x317.jpeg; https://media.rightmove.co.uk:443/dir/crop/10:9-16:9/71k/70551/150427289/70551_UK2ws4544_IMG_06_0000_max_476x317.jpeg"
"719247400022401","Suffolk","Retail Property (Shopping Centre)","Arc Shopping Centre, Bury St. Edmunds, IP33 3DG","POA","","","","Various units to let in the Arc Shopping Centre with recent lettings to Primark, Deichmann, Phase Eight, Oliver Bonas & Everyman.","https://www.rightmove.co.uk/properties/719247400022401#/?channel=COM_LET","2025-11-13T11:53:12Z","","size_change","Marketed by Brasier Freeth, London","","52.244875","0.709423","https://media.rightmove.co.uk:443/dir/crop/10:9-16:9/255k/254312/719247400022401/254312_301553-2_IMG_00_0000_max_476x317.jpeg; https://media.rightmove.co.uk:443/dir/crop/10:9-16:9/255k/254312/719247400022401/254312_301553-2_IMG_01_0000_max_476x317.jpeg; https://media.rightmove.co.uk:443/dir/crop/10:9-16:9/255k/254312/719247400022401/254312_301553-2_IMG_02_0000_max_476x317.jpeg; https://media.rightmove.co.uk:443/dir/crop/10:9-16:9/255k/254312/719247400022401/254312_301553-2_IMG_03_0000_max_476x317.jpeg; https://media.rightmove.co.uk:443/dir/crop/10:9-16:9/255k/254312/719247400022401/254312_301553-2_IMG_04_0000_max_476x317.jpeg"
"169699916","Suffolk","Light Industrial","Warehouse To Let At Wickham Market, Suffolk","£900 pcm","","","","Approx 1000sqft Warehouse To Let in Wickham Market","https://www.rightmove.co.uk/properties/169699916#/?channel=COM_LET","2025-11-25T14:52:15Z","","new","Marketed by Howie Kent & Co Ltd, Essex","","52.163277","1.356715","https://media.rightmove.co.uk:443/dir/crop/10:9-16:9/229k/228701/169699916/228701_HKC10477_IMG_00_0000_max_476x317.jpeg; https://media.rightmove.co.uk:443/dir/crop/10:9-16:9/229k/228701/169699916/228701_HKC10477_IMG_01_0000_max_476x317.jpeg; https://media.rightmove.co.uk:443/dir/crop/10:9-16:9/229k/228701/169699916/228701_HKC10477_IMG_02_0000_max_476x317.jpeg; https://media.rightmove.co.uk:443/dir/crop/10:9-16:9/229k/228701/169699916/228701_HKC10477_IMG_03_0000_max_476x317.jpeg"
"169696193","Suffolk","Commercial Property","High Street, Lowestoft","£583 pcm","","",""," PRIME LOCATION Located on the corner of the historic High Street in North Lowestoft and the main A47 running through the town, this property is perfectly located if you want to be seen! With Lowestoft's main shopping thoroughfare just over the pedestrian crossing to the left, and the artisan i...","https://www.rightmove.co.uk/properties/169696193#/?channel=COM_LET","2025-11-25T14:04:18Z","","new","Marketed by Steel & Co Commercial Property Services, Lowestoft","","52.47974","1.75511","https://media.rightmove.co.uk:443/dir/crop/10:9-16:9/66k/65427/169696193/65427_9570602_IMG_00_0000_max_476x317.jpeg; https://media.rightmove.co.uk:443/dir/crop/10:9-16:9/66k/65427/169696193/65427_9570602_IMG_01_0000_max_476x317.jpeg; https://media.rightmove.co.uk:443/dir/crop/10:9-16:9/66k/65427/169696193/65427_9570602_IMG_02_0000_max_476x317.jpeg; https://media.rightmove.co.uk:443/dir/crop/10:9-16:9/66k/65427/169696193/65427_9570602_IMG_03_0000_max_476x317.jpeg"
"164416913","Suffolk","Office","Units 5 Sandy Lane, Badwell Ash, Bury St. Edmunds, Suffolk, IP31 3FA","£1,000 pcm","","","","The unit is located within the Sandy Lane Business Estate to the north east of the village of Badwell Ash in mid Suffolk. Badwell Ash is 12 miles from Bury St Edmunds and 10 miles from Stowmarket. The private estate is accessed off Wilding Road and tenants enter through an electronic gate on a pr...","https://www.rightmove.co.uk/properties/164416913#/?channel=COM_LET","2025-07-11T16:57:09Z","","size_change","Marketed by Merrifields, Suffolk","","52.285398","0.922477","https://media.rightmove.co.uk:443/dir/crop/10:9-16:9/122k/121468/164416913/121468_2121LH_IMG_10_0000_max_476x317.jpeg; https://media.rightmove.co.uk:443/dir/crop/10:9-16:9/122k/121468/164416913/121468_2121LH_IMG_11_0000_max_476x317.jpeg; https://media.rightmove.co.uk:443/dir/crop/10:9-16:9/122k/121468/164416913/121468_2121LH_IMG_12_0000_max_476x317.jpeg; https://media.rightmove.co.uk:443/dir/crop/10:9-16:9/122k/121468/164416913/121468_2121LH_IMG_13_0000_max_476x317.jpeg; https://media.rightmove.co.uk:443/dir/crop/10:9-16:9/122k/121468/164416913/121468_2121LH_IMG_14_0000_max_476x317.jpeg; https://media.rightmove.co.uk:443/dir/crop/10:9-16:9/122k/121468/164416913/121468_2121LH_IMG_01_0000_max_476x317.jpeg; https://media.rightmove.co.uk:443/dir/crop/10:9-16:9/122k/121468/164416913/121468_2121LH_IMG_02_0000_max_476x317.jpeg; https://media.rightmove.co.uk:443/dir/crop/10:9-16:9/122k/121468/164416913/121468_2121LH_IMG_15_0000_max_476x317.jpeg; https://media.rightmove.co.uk:443/dir/crop/10:9-16:9/122k/121468/164416913/121468_2121LH_IMG_09_0000_max_476x317.jpeg; https://media.rightmove.co.uk:443/dir/crop/10:9-16:9/122k/121468/164416913/121468_2121LH_IMG_00_0000_max_476x317.jpeg"
"169683938","Suffolk","Light Industrial","C2 Base Business Park, Rendlesham, Woodbridge, Suffolk, IP12 2TZ","£2,500 pcm","","","","The property comprises a workshop unit with mezzanine floor storage and ground floor loading bay. There is onsite parking available.","https://www.rightmove.co.uk/properties/169683938#/?channel=COM_LET","2025-11-25T11:02:01Z","","new","Marketed by Penn Commercial, Ipswich","","52.130211","1.428891","https://media.rightmove.co.uk:443/dir/crop/10:9-16:9/94k/93340/169683938/93340_71664321LH_IMG_00_0000_max_476x317.jpeg"
"169681439","Suffolk","Retail Property (high street)","29-31 Westgate Street , Ipswich , Suffolk , IP1 3DJ","POA","","","","This desirable Grade II Listed property is arranged over Ground, First and Second Floors, with two floors of open-plan retail space / storage, and a Second Floor of offices and staff welfare facilities. The property was formerly occupied by a high-end fashion retailer.","https://www.rightmove.co.uk/properties/169681439#/?channel=COM_LET","2025-11-25T10:22:11Z","","new","Marketed by Penn Commercial, Ipswich","","52.059025","1.15211","https://media.rightmove.co.uk:443/dir/crop/10:9-16:9/94k/93340/169681439/93340_71664312LH_IMG_00_0000_max_476x317.jpeg; https://media.rightmove.co.uk:443/dir/crop/10:9-16:9/94k/93340/169681439/93340_71664312LH_IMG_01_0000_max_476x317.jpeg; https://media.rightmove.co.uk:443/dir/crop/10:9-16:9/94k/93340/169681439/93340_71664312LH_IMG_02_0000_max_476x317.jpeg"
"169681406","Suffolk","Retail Property (high street)","199 Nacton Road, Ipswich, Suffolk, IP3 0NF","£30,000 pcm","","","","This detached property provides accommodation over the basement, ground, first and second floors. Currently operating as a dental surgery, the internal layout is arranged to provide multiple treatment rooms, reception and waiting areas, staff facilities and WCs. The property occupies a generous p...","https://www.rightmove.co.uk/properties/169681406#/?channel=COM_LET","2025-11-25T10:21:36Z","","new","Marketed by Penn Commercial, Ipswich","","52.047279","1.177568","https://media.rightmove.co.uk:443/dir/crop/10:9-16:9/94k/93340/169681406/93340_71664313LH_IMG_00_0000_max_476x317.jpeg; https://media.rightmove.co.uk:443/dir/crop/10:9-16:9/94k/93340/169681406/93340_71664313LH_IMG_01_0000_max_476x317.jpeg; https://media.rightmove.co.uk:443/dir/crop/10:9-16:9/94k/93340/169681406/93340_71664313LH_IMG_02_0000_max_476x317.jpeg; https://media.rightmove.co.uk:443/dir/crop/10:9-16:9/94k/93340/169681406/93340_71664313LH_IMG_03_0000_max_476x317.jpeg; https://media.rightmove.co.uk:443/dir/crop/10:9-16:9/94k/93340/169681406/93340_71664313LH_IMG_04_0000_max_476x317.jpeg"
"169681379","Suffolk","Office","Rockford House , Acer Road , Rendlesham , Suffolk , IP12 2GJ","£2,500 pcm","From","","","The building is split over three floors (although only two are available to let) and boasts an impressive reception area that creates a great first impression. The office space is well-proportioned and can accommodate a range of team sizes, from small start-ups to larger established companies. Th...","https://www.rightmove.co.uk/properties/169681379#/?channel=COM_LET","2025-11-25T10:21:14Z","","new","Marketed by Penn Commercial, Ipswich","","52.131683","1.423099","https://media.rightmove.co.uk:443/dir/crop/10:9-16:9/94k/93340/169681379/93340_71664315LH_IMG_00_0000_max_476x317.jpeg; https://media.rightmove.co.uk:443/dir/crop/10:9-16:9/94k/93340/169681379/93340_71664315LH_IMG_01_0000_max_476x317.jpeg; https://media.rightmove.co.uk:443/dir/crop/10:9-16:9/94k/93340/169681379/93340_71664315LH_IMG_02_0000_max_476x317.jpeg; https://media.rightmove.co.uk:443/dir/crop/10:9-16:9/94k/93340/169681379/93340_71664315LH_IMG_03_0000_max_476x317.jpeg; https://media.rightmove.co.uk:443/dir/crop/10:9-16:9/94k/93340/169681379/93340_71664315LH_IMG_04_0000_max_476x317.jpeg; https://media.rightmove.co.uk:443/dir/crop/10:9-16:9/94k/93340/169681379/93340_71664315LH_IMG_05_0000_max_476x317.jpeg; https://media.rightmove.co.uk:443/dir/crop/10:9-16:9/94k/93340/169681379/93340_71664315LH_IMG_06_0000_max_476x317.jpeg; https://media.rightmove.co.uk:443/dir/crop/10:9-16:9/94k/93340/169681379/93340_71664315LH_IMG_07_0000_max_476x317.jpeg; https://media.rightmove.co.uk:443/dir/crop/10:9-16:9/94k/93340/169681379/93340_71664315LH_IMG_08_0000_max_476x317.jpeg"
"169681340","Suffolk","Light Industrial","Unit 7, South Area, Farthing Road, Ipswich, Suffolk, IP1 5AP","£5,417 pcm","","","","The unit is an end-terraced industrial property featuring a forecourt and two roller shutter doors. The property comprises two storeys and internally benefits from a spacious ground floor warehouse, a trade counter, and ancillary accommodation. The first floor and mezzanine provide additional sto...","https://www.rightmove.co.uk/properties/169681340#/?channel=COM_LET","2025-11-25T10:20:26Z","","new","Marketed by Penn Commercial, Ipswich","","52.06599","1.112703","https://media.rightmove.co.uk:443/dir/crop/10:9-16:9/94k/93340/169681340/93340_71664314LH_IMG_00_0000_max_476x317.jpeg; https://media.rightmove.co.uk:443/dir/crop/10:9-16:9/94k/93340/169681340/93340_71664314LH_IMG_01_0000_max_476x317.jpeg; https://media.rightmove.co.uk:443/dir/crop/10:9-16:9/94k/93340/169681340/93340_71664314LH_IMG_02_0000_max_476x317.jpeg; https://media.rightmove.co.uk:443/dir/crop/10:9-16:9/94k/93340/169681340/93340_71664314LH_IMG_03_0000_max_476x317.jpeg; https://media.rightmove.co.uk:443/dir/crop/10:9-16:9/94k/93340/169681340/93340_71664314LH_IMG_04_0000_max_476x317.jpeg; https://media.rightmove.co.uk:443/dir/crop/10:9-16:9/94k/93340/169681340/93340_71664314LH_IMG_05_0000_max_476x317.jpeg"
"169681265","Suffolk","Retail Property (high street)","5 Great Eastern Square","£1,333 pcm","","","","Flexible Class E retail unit, suitable for a variety of uses, STPP. Providing a main retail area, plus ancillary adjoining rooms, and WC. Prominent entrance with double doors to the supermarket concourse. Water / electricity are connected. Potential for occupier to strip and fit out the unit in r...","https://www.rightmove.co.uk/properties/169681265#/?channel=COM_LET","2025-11-25T10:19:19Z","","new","Marketed by Penn Commercial, Ipswich","","51.966904","1.352082","https://media.rightmove.co.uk:443/dir/crop/10:9-16:9/94k/93340/169681265/93340_71664319LH_IMG_00_0000_max_476x317.jpeg; https://media.rightmove.co.uk:443/dir/crop/10:9-16:9/94k/93340/169681265/93340_71664319LH_IMG_01_0000_max_476x317.jpeg; https://media.rightmove.co.uk:443/dir/crop/10:9-16:9/94k/93340/169681265/93340_71664319LH_IMG_02_0000_max_476x317.jpeg"
"167694398","Suffolk","Warehouse","Units 2 & 3, Cliff Road Industrial Estate, Ipswich, IP3 0AY","£16,131 pcm","","","","TO LET: Warehouse - 24,196 to 48,674 ft² - Cliff Road Industrial Estate, Ipswich","https://www.rightmove.co.uk/properties/167694398#/?channel=COM_LET","2025-10-02T09:06:02Z","","size_change","Marketed by Savills, Ipswich","","52.046118","1.164718","https://media.rightmove.co.uk:443/dir/crop/10:9-16:9/215k/214097/167694398/214097_333174-2_IMG_00_0000_max_476x317.jpeg; https://media.rightmove.co.uk:443/dir/crop/10:9-16:9/215k/214097/167694398/214097_333174-2_IMG_01_0000_max_476x317.jpeg; https://media.rightmove.co.uk:443/dir/crop/10:9-16:9/215k/214097/167694398/214097_333174-2_IMG_02_0000_max_476x317.jpeg; https://media.rightmove.co.uk:443/dir/crop/10:9-16:9/215k/214097/167694398/214097_333174-2_IMG_03_0000_max_476x317.jpeg; https://media.rightmove.co.uk:443/dir/crop/10:9-16:9/215k/214097/167694398/214097_333174-2_IMG_04_0000_max_476x317.jpeg"
"150993707","Suffolk","Warehouse","Open Storage, Port of Ipswich, West Bank Terminal, Ipswich, IP2 8NB","POA","","","","TO LET: Open Storage Opportunity - Up to 8.26 acres - Port of Ipswich, IP2 8LY","https://www.rightmove.co.uk/properties/150993707#/?channel=COM_LET","2024-08-05T14:34:48Z","","size_change","Marketed by Savills, Ipswich","","52.0421","1.155881","https://media.rightmove.co.uk:443/dir/crop/10:9-16:9/215k/214097/150993707/214097_228635-2_IMG_01_0001_max_476x317.jpeg; https://media.rightmove.co.uk:443/dir/crop/10:9-16:9/215k/214097/150993707/214097_228635-2_IMG_02_0001_max_476x317.jpeg; https://media.rightmove.co.uk:443/dir/crop/10:9-16:9/215k/214097/150993707/214097_228635-2_IMG_00_0001_max_476x317.jpeg"
"169659188","Suffolk","Showroom","Woodbridge Road East, Ipswich, Suffolk","£458 pcm","","","","Flexible business premises comprising office/showroom and rear car parking, benefitting from Medical Use (Use Class E(e))    ","https://www.rightmove.co.uk/properties/169659188#/?channel=COM_LET","2025-11-24T15:20:01Z","","new","Marketed by Clarke and Simpson Commercial, Framlingham","","52.06147","1.198201","https://media.rightmove.co.uk:443/dir/crop/10:9-16:9/222k/221414/169659188/221414_L29890_IMG_00_0000_max_476x317.png; https://media.rightmove.co.uk:443/dir/crop/10:9-16:9/222k/221414/169659188/221414_L29890_IMG_01_0000_max_476x317.jpeg; https://media.rightmove.co.uk:443/dir/crop/10:9-16:9/222k/221414/169659188/221414_L29890_IMG_02_0000_max_476x317.jpeg"
"169658759","Suffolk","Office","Mobbs Way, Lowestoft","£1,417 pcm","","","","This high-quality, self-contained office suite is situated just outside Lowestoft town centre on the ever-popular Mobbs Way Industrial Estate, Oulton Broad. The location offers excellent access to both Lowestoft and Great Yarmouth, making it an ideal base for businesses seeking a well-connected a...","https://www.rightmove.co.uk/properties/169658759#/?channel=COM_LET","2025-11-24T15:13:41Z","","new","Marketed by Steel & Co Commercial Property Services, Lowestoft","","52.486942","1.714887","https://media.rightmove.co.uk:443/dir/crop/10:9-16:9/66k/65427/169658759/65427_9077199_IMG_01_0000_max_476x317.jpeg; https://media.rightmove.co.uk:443/dir/crop/10:9-16:9/66k/65427/169658759/65427_9077199_IMG_04_0000_max_476x317.jpeg; https://media.rightmove.co.uk:443/dir/crop/10:9-16:9/66k/65427/169658759/65427_9077199_IMG_06_0000_max_476x317.jpeg; https://media.rightmove.co.uk:443/dir/crop/10:9-16:9/66k/65427/169658759/65427_9077199_IMG_07_0000_max_476x317.jpeg"
"169654073","Suffolk","Office","Basepoint , 70-72 The Havens, Ransomes Europark, Ipswich, Ipswich , Suffolk , IP3 9BF","POA","","","","Basepoint Business Centres provide a wide range of high-quality workspaces to let, including serviced and managed offices, workshops, trade counters and studios. With managed office space across the south of the UK, Midlands, East Anglia and Wales in 30 locations and growing, we have spaces suit...","https://www.rightmove.co.uk/properties/169654073#/?channel=COM_LET","2025-11-24T14:04:13Z","","new","Marketed by Penn Commercial, Ipswich","","52.029247","1.220877","https://media.rightmove.co.uk:443/dir/crop/10:9-16:9/94k/93340/169654073/93340_71664310LH_IMG_00_0000_max_476x317.jpeg; https://media.rightmove.co.uk:443/dir/crop/10:9-16:9/94k/93340/169654073/93340_71664310LH_IMG_01_0000_max_476x317.jpeg; https://media.rightmove.co.uk:443/dir/crop/10:9-16:9/94k/93340/169654073/93340_71664310LH_IMG_02_0000_max_476x317.jpeg; https://media.rightmove.co.uk:443/dir/crop/10:9-16:9/94k/93340/169654073/93340_71664310LH_IMG_03_0000_max_476x317.jpeg"
"169651922","Suffolk","Retail Property (high street)","47A High Street, Brandon, Suffolk, IP27 0AQ","£500 pcm","","","","Located on High Street in Brandon which is 4.5 miles from the A11 and only a short distance from Center Parcs, High Lodge and Elveden Forest. The High Street has very low vacancy rates with a mix of national, regional and local occupiers. Other occupiers nearby include; Domino's Pizza, William H ...","https://www.rightmove.co.uk/properties/169651922#/?channel=COM_LET","2025-11-24T13:33:26Z","","new","Marketed by Merrifields, Suffolk","","52.449063","0.623361","https://media.rightmove.co.uk:443/dir/crop/10:9-16:9/122k/121468/169651922/121468_2162LH_IMG_00_0000_max_476x317.jpeg; https://media.rightmove.co.uk:443/dir/crop/10:9-16:9/122k/121468/169651922/121468_2162LH_IMG_01_0000_max_476x317.jpeg; https://media.rightmove.co.uk:443/dir/crop/10:9-16:9/122k/121468/169651922/121468_2162LH_IMG_02_0000_max_476x317.jpeg; https://media.rightmove.co.uk:443/dir/crop/10:9-16:9/122k/121468/169651922/121468_2162LH_IMG_03_0000_max_476x317.jpeg; https://media.rightmove.co.uk:443/dir/crop/10:9-16:9/122k/121468/169651922/121468_2162LH_IMG_04_0000_max_476x317.jpeg; https://media.rightmove.co.uk:443/dir/crop/10:9-16:9/122k/121468/169651922/121468_2162LH_IMG_05_0000_max_476x317.jpeg; https://media.rightmove.co.uk:443/dir/crop/10:9-16:9/122k/121468/169651922/121468_2162LH_IMG_06_0000_max_476x317.jpeg; https://media.rightmove.co.uk:443/dir/crop/10:9-16:9/122k/121468/169651922/121468_2162LH_IMG_07_0000_max_476x317.jpeg; https://media.rightmove.co.uk:443/dir/crop/10:9-16:9/122k/121468/169651922/121468_2162LH_IMG_08_0000_max_476x317.jpeg; https://media.rightmove.co.uk:443/dir/crop/10:9-16:9/122k/121468/169651922/121468_2162LH_IMG_09_0000_max_476x317.jpeg; https://media.rightmove.co.uk:443/dir/crop/10:9-16:9/122k/121468/169651922/121468_2162LH_IMG_10_0000_max_476x317.jpeg; https://media.rightmove.co.uk:443/dir/crop/10:9-16:9/122k/121468/169651922/121468_2162LH_IMG_11_0000_max_476x317.jpeg"
"169648019","Suffolk","Light Industrial","Unit 3 South Area, Farthing Road,, Sproughton Ipswich, Suffolk, IP1 5AP","£2,917 pcm","","","","The property is located on the Farthing Road Industrial Estate on the western outskirts of Ipswich; there is good access to the A14 which is only a quarter of a mile and Ipswich Town Centre is about 2 miles. Farthing Road Industrial Estate is an industrial/economic hub for local and regional busi...","https://www.rightmove.co.uk/properties/169648019#/?channel=COM_LET","2025-11-24T12:19:21Z","","new","Marketed by Penn Commercial, Ipswich","","52.06599","1.112703","https://media.rightmove.co.uk:443/dir/crop/10:9-16:9/94k/93340/169648019/93340_71664317LH_IMG_00_0000_max_476x317.jpeg; https://media.rightmove.co.uk:443/dir/crop/10:9-16:9/94k/93340/169648019/93340_71664317LH_IMG_01_0000_max_476x317.jpeg; https://media.rightmove.co.uk:443/dir/crop/10:9-16:9/94k/93340/169648019/93340_71664317LH_IMG_02_0000_max_476x317.jpeg; https://media.rightmove.co.uk:443/dir/crop/10:9-16:9/94k/93340/169648019/93340_71664317LH_IMG_03_0000_max_476x317.jpeg; https://media.rightmove.co.uk:443/dir/crop/10:9-16:9/94k/93340/169648019/93340_71664317LH_IMG_04_0000_max_476x317.jpeg; https://media.rightmove.co.uk:443/dir/crop/10:9-16:9/94k/93340/169648019/93340_71664317LH_IMG_05_0000_max_476x317.jpeg"
"169637978","Suffolk","Office","The Greenhouse, Quay View Business Park, Lowestoft, Suffolk, NR32 2HD","£3,995 pcm","","","","The property offers modern, well-appointed office accommodation across ground and first floors, with a kitchen on the ground floor and WCs on both floors. There is extensive on-site car parking immediately adjacent.","https://www.rightmove.co.uk/properties/169637978#/?channel=COM_LET","2025-11-24T10:00:35Z","","price_reduced","Marketed by Penn Commercial, Ipswich","","52.477646","1.731325","https://media.rightmove.co.uk:443/dir/crop/10:9-16:9/94k/93340/169637978/93340_71334203LH_IMG_00_0000_max_476x317.jpeg; https://media.rightmove.co.uk:443/dir/crop/10:9-16:9/94k/93340/169637978/93340_71334203LH_IMG_01_0000_max_476x317.jpeg; https://media.rightmove.co.uk:443/dir/crop/10:9-16:9/94k/93340/169637978/93340_71334203LH_IMG_02_0000_max_476x317.jpeg; https://media.rightmove.co.uk:443/dir/crop/10:9-16:9/94k/93340/169637978/93340_71334203LH_IMG_03_0000_max_476x317.jpeg; https://media.rightmove.co.uk:443/dir/crop/10:9-16:9/94k/93340/169637978/93340_71334203LH_IMG_04_0000_max_476x317.jpeg; https://media.rightmove.co.uk:443/dir/crop/10:9-16:9/94k/93340/169637978/93340_71334203LH_IMG_05_0000_max_476x317.jpeg; https://media.rightmove.co.uk:443/dir/crop/10:9-16:9/94k/93340/169637978/93340_71334203LH_IMG_06_0000_max_476x317.jpeg; https://media.rightmove.co.uk:443/dir/crop/10:9-16:9/94k/93340/169637978/93340_71334203LH_IMG_07_0000_max_476x317.jpeg; https://media.rightmove.co.uk:443/dir/crop/10:9-16:9/94k/93340/169637978/93340_71334203LH_IMG_08_0000_max_476x317.jpeg; https://media.rightmove.co.uk:443/dir/crop/10:9-16:9/94k/93340/169637978/93340_71334203LH_IMG_09_0000_max_476x317.jpeg"
"169647374","Suffolk","Office","9 Wherry Lane Ipswich, Ipswich, Suffolk, IP4 1LG","£1,500 pcm","","","","The property consists of a two-storey office unit located in a mid-terrace position overlooking Wherry Lane, which connects to the Waterfront. The interior has been finished to a high standard, with fully carpeted office areas. The ground and first floors feature an open-plan layout, along with t...","https://www.rightmove.co.uk/properties/169647374#/?channel=COM_LET","2025-11-24T12:07:40Z","","new","Marketed by Penn Commercial, Ipswich","","52.052963","1.160567","https://media.rightmove.co.uk:443/dir/crop/10:9-16:9/94k/93340/169647374/93340_70790536LH_IMG_00_0000_max_476x317.jpeg; https://media.rightmove.co.uk:443/dir/crop/10:9-16:9/94k/93340/169647374/93340_70790536LH_IMG_01_0000_max_476x317.jpeg; https://media.rightmove.co.uk:443/dir/crop/10:9-16:9/94k/93340/169647374/93340_70790536LH_IMG_02_0000_max_476x317.jpeg; https://media.rightmove.co.uk:443/dir/crop/10:9-16:9/94k/93340/169647374/93340_70790536LH_IMG_03_0000_max_476x317.jpeg"
"169647266","Suffolk","Light Industrial","115 Burrell Road, Ipswich, IP2 8AE","£3,583 pcm","","","","The unit comprises a steel portal frame construction with brick/blockwork elevations and profile sheet cladding, the unit includes a trade counter/office, a ground floor warehouse, a mezzanine level with offices and storage space, kitchen and restroom facilities. There are approximately six parki...","https://www.rightmove.co.uk/properties/169647266#/?channel=COM_LET","2025-11-24T12:06:11Z","","new","Marketed by Penn Commercial, Ipswich","","52.050922","1.150124","https://media.rightmove.co.uk:443/dir/crop/10:9-16:9/94k/93340/169647266/93340_70014701LH_IMG_00_0000_max_476x317.jpeg; https://media.rightmove.co.uk:443/dir/crop/10:9-16:9/94k/93340/169647266/93340_70014701LH_IMG_01_0000_max_476x317.jpeg"
"169647113","Suffolk","Office","Crane Court, 302 London Road, Ipswich, IP2 0AJ","£1,667 pcm","","","","The property comprises modern first and second floor office suites, which have recently been refurbished to include air conditioning, shared kitchenette, WCs, new carpet, gas central heating, LED lighting, upgraded windows to provide secondary glazing and independent door access. Externally, ther...","https://www.rightmove.co.uk/properties/169647113#/?channel=COM_LET","2025-11-24T12:04:25Z","","new","Marketed by Penn Commercial, Ipswich","","52.054428","1.126109","https://media.rightmove.co.uk:443/dir/crop/10:9-16:9/94k/93340/169647113/93340_69280765LH_IMG_00_0000_max_476x317.jpeg; https://media.rightmove.co.uk:443/dir/crop/10:9-16:9/94k/93340/169647113/93340_69280765LH_IMG_01_0000_max_476x317.jpeg; https://media.rightmove.co.uk:443/dir/crop/10:9-16:9/94k/93340/169647113/93340_69280765LH_IMG_02_0000_max_476x317.jpeg"
"169646789","Suffolk","Office","Suite 2 Beacon House, Kempson Way, Bury St Edmunds, Suffolk, IP32 7AR","£2,083 pcm","","","","The property comprises a first floor high quality office suite accessed via a communal entrance lobby and staircase. The suite benefits from two partitioned offices/meeting rooms in addition to the main open plan area of the space, and the majority of the partitions are glazed to provide excellen...","https://www.rightmove.co.uk/properties/169646789#/?channel=COM_LET","2025-11-24T12:00:01Z","","new","Marketed by Penn Commercial, Ipswich","","52.241356","0.75109","https://media.rightmove.co.uk:443/dir/crop/10:9-16:9/94k/93340/169646789/93340_68668913LH_IMG_00_0000_max_476x317.jpeg; https://media.rightmove.co.uk:443/dir/crop/10:9-16:9/94k/93340/169646789/93340_68668913LH_IMG_01_0000_max_476x317.jpeg; https://media.rightmove.co.uk:443/dir/crop/10:9-16:9/94k/93340/169646789/93340_68668913LH_IMG_02_0000_max_476x317.jpeg; https://media.rightmove.co.uk:443/dir/crop/10:9-16:9/94k/93340/169646789/93340_68668913LH_IMG_03_0000_max_476x317.jpeg; https://media.rightmove.co.uk:443/dir/crop/10:9-16:9/94k/93340/169646789/93340_68668913LH_IMG_04_0000_max_476x317.jpeg; https://media.rightmove.co.uk:443/dir/crop/10:9-16:9/94k/93340/169646789/93340_68668913LH_IMG_05_0000_max_476x317.jpeg; https://media.rightmove.co.uk:443/dir/crop/10:9-16:9/94k/93340/169646789/93340_68668913LH_IMG_06_0000_max_476x317.jpeg; https://media.rightmove.co.uk:443/dir/crop/10:9-16:9/94k/93340/169646789/93340_68668913LH_IMG_07_0000_max_476x317.jpeg; https://media.rightmove.co.uk:443/dir/crop/10:9-16:9/94k/93340/169646789/93340_68668913LH_IMG_08_0000_max_476x317.jpeg; https://media.rightmove.co.uk:443/dir/crop/10:9-16:9/94k/93340/169646789/93340_68668913LH_IMG_09_0000_max_476x317.jpeg; https://media.rightmove.co.uk:443/dir/crop/10:9-16:9/94k/93340/169646789/93340_68668913LH_IMG_10_0000_max_476x317.jpeg"
"169646714","Suffolk","Office","First Floor, 57 Fore Street,, Ipswich Ipswich, Suffolk, IP4 1JL","£1,042 pcm","","","","The property comprises First Floor office accommodation in an attractive Grade II Listed building, which benefits from a kitchenette, unisex WC, disabled WC, broadband and wifi connections, 2 car parking spaces and is in good decorative order throughout. The property would be suitable for a varie...","https://www.rightmove.co.uk/properties/169646714#/?channel=COM_LET","2025-11-24T11:58:39Z","","new","Marketed by Penn Commercial, Ipswich","","52.054119","1.159978","https://media.rightmove.co.uk:443/dir/crop/10:9-16:9/94k/93340/169646714/93340_65618509LH_IMG_00_0000_max_476x317.jpeg; https://media.rightmove.co.uk:443/dir/crop/10:9-16:9/94k/93340/169646714/93340_65618509LH_IMG_01_0000_max_476x317.jpeg; https://media.rightmove.co.uk:443/dir/crop/10:9-16:9/94k/93340/169646714/93340_65618509LH_IMG_02_0000_max_476x317.jpeg; https://media.rightmove.co.uk:443/dir/crop/10:9-16:9/94k/93340/169646714/93340_65618509LH_IMG_03_0000_max_476x317.jpeg"
"169646561","Suffolk","Retail Property (high street)","35 Carr Street, Ipswich, Suffolk, IP4 1HA","£1,667 pcm","","","","The property comprises a ground floor retail unit with glazed frontage, wooden flooring, air conditioning, fluorescent and recessed/spot lighting, kitchen, and WCs. There is a store room to the rear of the property that allows loading through Great Colman Street. The unit was previously occupied ...","https://www.rightmove.co.uk/properties/169646561#/?channel=COM_LET","2025-11-24T11:56:35Z","","new","Marketed by Penn Commercial, Ipswich","","52.057606","1.157816","https://media.rightmove.co.uk:443/dir/crop/10:9-16:9/94k/93340/169646561/93340_63323288LH_IMG_00_0000_max_476x317.jpeg; https://media.rightmove.co.uk:443/dir/crop/10:9-16:9/94k/93340/169646561/93340_63323288LH_IMG_01_0000_max_476x317.jpeg"
"164182196","Suffolk","Office","Newmarket Road, Risby, Bury St. Edmunds, Suffolk, IP28","£2,083 pcm","","","","Ground & first floor business unit, offering a NIA (Net Internal Area) of approximately 163.54 sqm (1,760 sqft). Conveniently located just off A14 to the west of Bury St Edmunds.","https://www.rightmove.co.uk/properties/164182196#/?channel=COM_LET","2025-07-04T15:55:48Z","","size_change","Marketed by Lacy Scott & Knight Commercial, Bury St Edmunds","","52.264717","0.627863","https://media.rightmove.co.uk:443/dir/crop/10:9-16:9/230k/229856/164182196/229856_BCL250006_L_IMG_00_0000_max_476x317.jpeg; https://media.rightmove.co.uk:443/dir/crop/10:9-16:9/230k/229856/164182196/229856_BCL250006_L_IMG_07_0000_max_476x317.jpeg; https://media.rightmove.co.uk:443/dir/crop/10:9-16:9/230k/229856/164182196/229856_BCL250006_L_IMG_08_0000_max_476x317.jpeg; https://media.rightmove.co.uk:443/dir/crop/10:9-16:9/230k/229856/164182196/229856_BCL250006_L_IMG_09_0000_max_476x317.jpeg; https://media.rightmove.co.uk:443/dir/crop/10:9-16:9/230k/229856/164182196/229856_BCL250006_L_IMG_10_0000_max_476x317.jpeg; https://media.rightmove.co.uk:443/dir/crop/10:9-16:9/230k/229856/164182196/229856_BCL250006_L_IMG_11_0000_max_476x317.jpeg; https://media.rightmove.co.uk:443/dir/crop/10:9-16:9/230k/229856/164182196/229856_BCL250006_L_IMG_12_0000_max_476x317.jpeg; https://media.rightmove.co.uk:443/dir/crop/10:9-16:9/230k/229856/164182196/229856_BCL250006_L_IMG_13_0000_max_476x317.jpeg; https://media.rightmove.co.uk:443/dir/crop/10:9-16:9/230k/229856/164182196/229856_BCL250006_L_IMG_14_0000_max_476x317.jpeg; https://media.rightmove.co.uk:443/dir/crop/10:9-16:9/230k/229856/164182196/229856_BCL250006_L_IMG_15_0000_max_476x317.jpeg; https://media.rightmove.co.uk:443/dir/crop/10:9-16:9/230k/229856/164182196/229856_BCL250006_L_IMG_16_0000_max_476x317.jpeg; https://media.rightmove.co.uk:443/dir/crop/10:9-16:9/230k/229856/164182196/229856_BCL250006_L_IMG_17_0000_max_476x317.jpeg; https://media.rightmove.co.uk:443/dir/crop/10:9-16:9/230k/229856/164182196/229856_BCL250006_L_IMG_05_0000_max_476x317.jpeg; https://media.rightmove.co.uk:443/dir/crop/10:9-16:9/230k/229856/164182196/229856_BCL250006_L_IMG_06_0000_max_476x317.jpeg"
"169645391","Suffolk","Office","Garden Office, Harkstead Hall Estate Ipswich, Harkstead, Suffolk, IP9 1DB","£625 pcm","","","","The property is a self-contained ground floor office, with WC and kitchenette. With on-site car parking","https://www.rightmove.co.uk/properties/169645391#/?channel=COM_LET","2025-11-24T11:37:35Z","","new","Marketed by Penn Commercial, Ipswich","","51.973541","1.195936","https://media.rightmove.co.uk:443/dir/crop/10:9-16:9/94k/93340/169645391/93340_62083398LH_IMG_00_0000_max_476x317.jpeg; https://media.rightmove.co.uk:443/dir/crop/10:9-16:9/94k/93340/169645391/93340_62083398LH_IMG_01_0000_max_476x317.jpeg"
"169645355","Suffolk","Light Industrial","Unit 2 Pie Hatch Farm, Brettenham Road, Stowmarket, Buxhall, Suffolk, IP14 3DZ","£938 pcm","","","","The property comprises a self-contained industrial unit with sliding door and ample car parking, together with a separate portacabin office. The property benefits from strip lighting, a small facility area and WC.","https://www.rightmove.co.uk/properties/169645355#/?channel=COM_LET","2025-11-24T11:37:05Z","","new","Marketed by Penn Commercial, Ipswich","","52.161133","0.894813","https://media.rightmove.co.uk:443/dir/crop/10:9-16:9/94k/93340/169645355/93340_60949121LH_IMG_00_0000_max_476x317.jpeg; https://media.rightmove.co.uk:443/dir/crop/10:9-16:9/94k/93340/169645355/93340_60949121LH_IMG_01_0000_max_476x317.jpeg; https://media.rightmove.co.uk:443/dir/crop/10:9-16:9/94k/93340/169645355/93340_60949121LH_IMG_02_0000_max_476x317.jpeg"
"160188233","Suffolk","Commercial Property","Rotterdam Road, Lowestoft","£5,417 pcm","","",""," The Warehouse and Site This detached industrial property offers a truly rare combination of size, location, and versatility. Located on Rotterdam Road, this substantial warehouse sits proudly on a secure 0.7-acre site, providing ample space for a variety of commercial or industrial uses. T...","https://www.rightmove.co.uk/properties/160188233#/?channel=COM_LET","2025-04-03T10:27:49Z","","new","Marketed by Steel & Co Commercial Property Services, Lowestoft","","52.47773","1.737157","https://media.rightmove.co.uk:443/dir/crop/10:9-16:9/66k/65427/160188233/65427_12203745_IMG_00_0000_max_476x317.jpeg; https://media.rightmove.co.uk:443/dir/crop/10:9-16:9/66k/65427/160188233/65427_12203745_IMG_01_0000_max_476x317.jpeg; https://media.rightmove.co.uk:443/dir/crop/10:9-16:9/66k/65427/160188233/65427_12203745_IMG_02_0000_max_476x317.jpeg; https://media.rightmove.co.uk:443/dir/crop/10:9-16:9/66k/65427/160188233/65427_12203745_IMG_03_0000_max_476x317.jpeg; https://media.rightmove.co.uk:443/dir/crop/10:9-16:9/66k/65427/160188233/65427_12203745_IMG_04_0000_max_476x317.jpeg; https://media.rightmove.co.uk:443/dir/crop/10:9-16:9/66k/65427/160188233/65427_12203745_IMG_05_0000_max_476x317.jpeg; https://media.rightmove.co.uk:443/dir/crop/10:9-16:9/66k/65427/160188233/65427_12203745_IMG_06_0000_max_476x317.jpeg; https://media.rightmove.co.uk:443/dir/crop/10:9-16:9/66k/65427/160188233/65427_12203745_IMG_07_0000_max_476x317.jpeg"
"169640804","Suffolk","Office","2nd Floor, 3 Cromwell Court, Greyfriars Road, Ipswich, Suffolk, IP1 1XG","£667 pcm","","","","The premises comprise a modern brick-built, three-storey self-contained office building, based around a central courtyard, and are built to a good specification. The office space is open plan, with air conditioning, heating, carpet flooring, suspended ceilings and fluorescent lighting, and are in...","https://www.rightmove.co.uk/properties/169640804#/?channel=COM_LET","2025-11-24T10:42:11Z","","new","Marketed by Penn Commercial, Ipswich","","52.054012","1.152646","https://media.rightmove.co.uk:443/dir/crop/10:9-16:9/94k/93340/169640804/93340_68141347LH_IMG_00_0000_max_476x317.jpeg; https://media.rightmove.co.uk:443/dir/crop/10:9-16:9/94k/93340/169640804/93340_68141347LH_IMG_01_0000_max_476x317.jpeg; https://media.rightmove.co.uk:443/dir/crop/10:9-16:9/94k/93340/169640804/93340_68141347LH_IMG_02_0000_max_476x317.jpeg"
"169638017","Suffolk","Light Industrial","Land & Buildings on South Side of Windham Rd, Sudbury, Suffolk, CO10 2XD","£2,083 pcm","","","","The property comprises a single-storey warehouse/industrial unit of traditional brick construction beneath a pitched profile sheet roof, with translucent roof panels, providing good levels of natural light to the warehouse area. The premises benefit from a full-height roller shutter loading door,...","https://www.rightmove.co.uk/properties/169638017#/?channel=COM_LET","2025-11-24T10:00:50Z","","new","Marketed by Penn Commercial, Ipswich","","52.041828","0.748969","https://media.rightmove.co.uk:443/dir/crop/10:9-16:9/94k/93340/169638017/93340_71664309LH_IMG_00_0000_max_476x317.jpeg; https://media.rightmove.co.uk:443/dir/crop/10:9-16:9/94k/93340/169638017/93340_71664309LH_IMG_01_0000_max_476x317.jpeg; https://media.rightmove.co.uk:443/dir/crop/10:9-16:9/94k/93340/169638017/93340_71664309LH_IMG_02_0000_max_476x317.jpeg; https://media.rightmove.co.uk:443/dir/crop/10:9-16:9/94k/93340/169638017/93340_71664309LH_IMG_03_0000_max_476x317.jpeg; https://media.rightmove.co.uk:443/dir/crop/10:9-16:9/94k/93340/169638017/93340_71664309LH_IMG_04_0000_max_476x317.jpeg"
"169637996","Suffolk","Light Industrial","4 Wright Road, Ipswich, Suffolk, IP3 9RN","£2,500 pcm","","","","The property comprises a two-storey industrial/office building with a lean-to corrugated storage area of steel frame, and a secure fenced yard. There are two rooms upstairs and two downstairs. The offices benefit from carpeting throughout, Artex ceiling, gas central heating, staffroom and WC with...","https://www.rightmove.co.uk/properties/169637996#/?channel=COM_LET","2025-11-24T10:00:42Z","","new","Marketed by Penn Commercial, Ipswich","","52.040657","1.19562","https://media.rightmove.co.uk:443/dir/crop/10:9-16:9/94k/93340/169637996/93340_71567872LH_IMG_00_0000_max_476x317.jpeg; https://media.rightmove.co.uk:443/dir/crop/10:9-16:9/94k/93340/169637996/93340_71567872LH_IMG_01_0000_max_476x317.jpeg; https://media.rightmove.co.uk:443/dir/crop/10:9-16:9/94k/93340/169637996/93340_71567872LH_IMG_02_0000_max_476x317.jpeg; https://media.rightmove.co.uk:443/dir/crop/10:9-16:9/94k/93340/169637996/93340_71567872LH_IMG_03_0000_max_476x317.jpeg"
"169637987","Suffolk","Retail Property (high street)","82 Hamilton Road, Felixstowe, Suffolk, IP11 7AD","£1,667 pcm","","","","Prominent retail unit in Felixstowe's popular Hamilton Road. The area benefits from high footfall, with nearby occupiers including Boots, Subway, Costa, tg Jones, and Nationwide","https://www.rightmove.co.uk/properties/169637987#/?channel=COM_LET","2025-11-24T10:00:39Z","","new","Marketed by Penn Commercial, Ipswich","","51.964031","1.352174","https://media.rightmove.co.uk:443/dir/crop/10:9-16:9/94k/93340/169637987/93340_71478453LH_IMG_00_0000_max_476x317.jpeg; https://media.rightmove.co.uk:443/dir/crop/10:9-16:9/94k/93340/169637987/93340_71478453LH_IMG_01_0000_max_476x317.jpeg; https://media.rightmove.co.uk:443/dir/crop/10:9-16:9/94k/93340/169637987/93340_71478453LH_IMG_02_0000_max_476x317.jpeg; https://media.rightmove.co.uk:443/dir/crop/10:9-16:9/94k/93340/169637987/93340_71478453LH_IMG_03_0000_max_476x317.jpeg; https://media.rightmove.co.uk:443/dir/crop/10:9-16:9/94k/93340/169637987/93340_71478453LH_IMG_04_0000_max_476x317.jpeg"
"169637969","Suffolk","Office","2nd Floor, 3 Cromwell Court, Greyfriars Road, Ipswich, Suffolk, IP1 1XG","£667 pcm","","","","The premises comprise a modern brick-built, three-storey self-contained office building, based around a central courtyard, and are built to a good specification. The office space is open plan, with air conditioning, heating, carpet flooring, suspended ceilings and fluorescent lighting, and are in...","https://www.rightmove.co.uk/properties/169637969#/?channel=COM_LET","2025-11-24T10:00:34Z","","new","Marketed by Penn Commercial, Ipswich","","52.054012","1.152646","https://media.rightmove.co.uk:443/dir/crop/10:9-16:9/94k/93340/169637969/93340_71264093LH_IMG_00_0000_max_476x317.jpeg"
"169637954","Suffolk","Office","10 Queen Street, Ipswich, Suffolk, IP1 1SS","£750 pcm","","","","The attractive Grade ii-Listed property is a ground floor Class E unit in the busy heart of Ipswich town centre, in a high-footfall pedestrianised area. It was formerly a recruitment office. Comprising a main ground floor office area, rear office area/meeting room / storage area, kitchen and WC. ...","https://www.rightmove.co.uk/properties/169637954#/?channel=COM_LET","2025-11-24T10:00:27Z","","new","Marketed by Penn Commercial, Ipswich","","52.056515","1.15221","https://media.rightmove.co.uk:443/dir/crop/10:9-16:9/94k/93340/169637954/93340_71257671LH_IMG_00_0000_max_476x317.jpeg"
"169637951","Suffolk","Retail Property (high street)","10 Queen Street, Ipswich, Suffolk, IP1 1SS","£750 pcm","","","","The attractive Grade ii-Listed property is a ground floor Class E unit in the busy heart of Ipswich town centre, in a high-footfall pedestrianised area. It was formerly a recruitment office. Comprising a main ground floor office area, rear office area/meeting room / storage area, kitchen and WC. ...","https://www.rightmove.co.uk/properties/169637951#/?channel=COM_LET","2025-11-24T10:00:25Z","","new","Marketed by Penn Commercial, Ipswich","","52.056515","1.15221","https://media.rightmove.co.uk:443/dir/crop/10:9-16:9/property-photo/b1bba2492/169637951/b1bba24927106aaaf76a8d05c2ed6907_max_476x317.jpeg"
"169637948","Suffolk","Office","Unit 43 Claydon Business Park, Ipswich, Suffolk, IP6 0NL","£1,267 pcm","","","","The property comprises a modernised, self-contained ground floor office unit, which benefits from air conditioning, communal heating, WCs and staff facilities. There are 7 allocated parking spaces to the front of the unit.","https://www.rightmove.co.uk/properties/169637948#/?channel=COM_LET","2025-11-24T10:00:21Z","","new","Marketed by Penn Commercial, Ipswich","","52.111496","1.101018","https://media.rightmove.co.uk:443/dir/crop/10:9-16:9/94k/93340/169637948/93340_71049988LH_IMG_00_0000_max_476x317.jpeg; https://media.rightmove.co.uk:443/dir/crop/10:9-16:9/94k/93340/169637948/93340_71049988LH_IMG_01_0000_max_476x317.jpeg; https://media.rightmove.co.uk:443/dir/crop/10:9-16:9/94k/93340/169637948/93340_71049988LH_IMG_02_0000_max_476x317.jpeg; https://media.rightmove.co.uk:443/dir/crop/10:9-16:9/94k/93340/169637948/93340_71049988LH_IMG_03_0000_max_476x317.jpeg"
"169637936","Suffolk","Retail Property (high street)","Unit 4, Great White Horse Hotel, Tavern Street, Ipswich, Suffolk, IP1 3AG","£1,000 pcm","","","","The building is Grade II* Listed, and it offers four flexible Class E retail units. The property formally operated as the Great White Horse Hotel, The Tavern Street frontage provides for two independent retail shops, formerly occupied by Cotswold and Starbucks. Access to the upper parts and the r...","https://www.rightmove.co.uk/properties/169637936#/?channel=COM_LET","2025-11-24T10:00:15Z","","new","Marketed by Penn Commercial, Ipswich","","52.057777","1.155757","https://media.rightmove.co.uk:443/dir/crop/10:9-16:9/94k/93340/169637936/93340_71018403LH_IMG_00_0000_max_476x317.jpeg; https://media.rightmove.co.uk:443/dir/crop/10:9-16:9/94k/93340/169637936/93340_71018403LH_IMG_01_0000_max_476x317.jpeg"
"169637933","Suffolk","Retail Property (high street)","Unit 3, Great White Horse Hotel, Tavern Street, Ipswich, Suffolk, IP1 3AG","£2,500 pcm","","","","The building is Grade II* Listed, and it offers four flexible Class E retail units. The property formally operated as the Great White Horse Hotel, The Tavern Street frontage provides for two independent retail shops, formerly occupied by Cotswold and Starbucks. Access to the upper parts and the r...","https://www.rightmove.co.uk/properties/169637933#/?channel=COM_LET","2025-11-24T10:00:12Z","","new","Marketed by Penn Commercial, Ipswich","","52.057777","1.155757","https://media.rightmove.co.uk:443/dir/crop/10:9-16:9/94k/93340/169637933/93340_71018337LH_IMG_00_0000_max_476x317.jpeg; https://media.rightmove.co.uk:443/dir/crop/10:9-16:9/94k/93340/169637933/93340_71018337LH_IMG_01_0000_max_476x317.jpeg; https://media.rightmove.co.uk:443/dir/crop/10:9-16:9/94k/93340/169637933/93340_71018337LH_IMG_02_0000_max_476x317.jpeg"
"169637930","Suffolk","Retail Property (high street)","Unit 2, Great White Horse Hotel, Tavern Street, Ipswich, Suffolk, IP1 3AG","£4,583 pcm","","","","The building is Grade II* Listed, and it offers four flexible Class E retail units. The property formally operated as the Great White Horse Hotel, The Tavern Street frontage provides for two independent retail shops, formerly occupied by Cotswold and Starbucks. Access to the upper parts and the r...","https://www.rightmove.co.uk/properties/169637930#/?channel=COM_LET","2025-11-24T10:00:11Z","","new","Marketed by Penn Commercial, Ipswich","","52.057777","1.155757","https://media.rightmove.co.uk:443/dir/crop/10:9-16:9/94k/93340/169637930/93340_71018296LH_IMG_00_0000_max_476x317.jpeg; https://media.rightmove.co.uk:443/dir/crop/10:9-16:9/94k/93340/169637930/93340_71018296LH_IMG_01_0000_max_476x317.jpeg; https://media.rightmove.co.uk:443/dir/crop/10:9-16:9/94k/93340/169637930/93340_71018296LH_IMG_02_0000_max_476x317.jpeg; https://media.rightmove.co.uk:443/dir/crop/10:9-16:9/94k/93340/169637930/93340_71018296LH_IMG_03_0000_max_476x317.jpeg; https://media.rightmove.co.uk:443/dir/crop/10:9-16:9/94k/93340/169637930/93340_71018296LH_IMG_04_0000_max_476x317.jpeg"
"169637921","Suffolk","Retail Property (high street)","Unit 1, Great White Horse Hotel, Tavern Street, Ipswich, Suffolk, IP1 3AG","£2,917 pcm","","","","The building is Grade II* Listed, and it offers four flexible Class E retail units. The property formally operated as the Great White Horse Hotel, The Tavern Street frontage provides for two independent retail shops, formerly occupied by Cotswold and Starbucks. Access to the upper parts and the r...","https://www.rightmove.co.uk/properties/169637921#/?channel=COM_LET","2025-11-24T10:00:08Z","","new","Marketed by Penn Commercial, Ipswich","","52.057777","1.155757","https://media.rightmove.co.uk:443/dir/crop/10:9-16:9/94k/93340/169637921/93340_71018220LH_IMG_00_0000_max_476x317.jpeg; https://media.rightmove.co.uk:443/dir/crop/10:9-16:9/94k/93340/169637921/93340_71018220LH_IMG_01_0000_max_476x317.jpeg; https://media.rightmove.co.uk:443/dir/crop/10:9-16:9/94k/93340/169637921/93340_71018220LH_IMG_02_0000_max_476x317.jpeg; https://media.rightmove.co.uk:443/dir/crop/10:9-16:9/94k/93340/169637921/93340_71018220LH_IMG_03_0000_max_476x317.jpeg"
"169637918","Suffolk","Office","Unit 53 Claydon Business Park, Ipswich, Suffolk, IP6 0NL","£1,253 pcm","","","","The property comprises a self-contained ground floor office unit, which benefits from air conditioning, communal heating, WCs and staff facilities. There are 7 allocated parking spaces to the front of the unit","https://www.rightmove.co.uk/properties/169637918#/?channel=COM_LET","2025-11-24T10:00:05Z","","new","Marketed by Penn Commercial, Ipswich","","52.111496","1.101018","https://media.rightmove.co.uk:443/dir/crop/10:9-16:9/94k/93340/169637918/93340_70894549LH_IMG_00_0000_max_476x317.jpeg; https://media.rightmove.co.uk:443/dir/crop/10:9-16:9/94k/93340/169637918/93340_70894549LH_IMG_01_0000_max_476x317.jpeg; https://media.rightmove.co.uk:443/dir/crop/10:9-16:9/94k/93340/169637918/93340_70894549LH_IMG_02_0000_max_476x317.jpeg; https://media.rightmove.co.uk:443/dir/crop/10:9-16:9/94k/93340/169637918/93340_70894549LH_IMG_03_0000_max_476x317.jpeg; https://media.rightmove.co.uk:443/dir/crop/10:9-16:9/94k/93340/169637918/93340_70894549LH_IMG_04_0000_max_476x317.jpeg; https://media.rightmove.co.uk:443/dir/crop/10:9-16:9/94k/93340/169637918/93340_70894549LH_IMG_05_0000_max_476x317.jpeg; https://media.rightmove.co.uk:443/dir/crop/10:9-16:9/94k/93340/169637918/93340_70894549LH_IMG_06_0000_max_476x317.jpeg"
"169637909","Suffolk","Office","16A Museum Street, Ipswich, Suffolk, IP1 1HT","£6,667 pcm","","","","This detached building comprises three floors of mainly open plan office accommodation with a reception area. There is an internal kitchen on the ground floor and various internal meeting rooms on all other floors. There is a disabled WC and separate WCs on all floors. There is a passenger lift a...","https://www.rightmove.co.uk/properties/169637909#/?channel=COM_LET","2025-11-24T10:00:03Z","","new","Marketed by Penn Commercial, Ipswich","","52.058022","1.150274","https://media.rightmove.co.uk:443/dir/crop/10:9-16:9/94k/93340/169637909/93340_70670862LH_IMG_00_0000_max_476x317.jpeg; https://media.rightmove.co.uk:443/dir/crop/10:9-16:9/94k/93340/169637909/93340_70670862LH_IMG_01_0000_max_476x317.jpeg; https://media.rightmove.co.uk:443/dir/crop/10:9-16:9/94k/93340/169637909/93340_70670862LH_IMG_02_0000_max_476x317.jpeg; https://media.rightmove.co.uk:443/dir/crop/10:9-16:9/94k/93340/169637909/93340_70670862LH_IMG_03_0000_max_476x317.jpeg; https://media.rightmove.co.uk:443/dir/crop/10:9-16:9/94k/93340/169637909/93340_70670862LH_IMG_04_0000_max_476x317.jpeg; https://media.rightmove.co.uk:443/dir/crop/10:9-16:9/94k/93340/169637909/93340_70670862LH_IMG_05_0000_max_476x317.jpeg; https://media.rightmove.co.uk:443/dir/crop/10:9-16:9/94k/93340/169637909/93340_70670862LH_IMG_06_0000_max_476x317.jpeg"
"169637897","Suffolk","Retail Property (high street)","Great White Horse Hotel, Tavern Street, Ipswich, Suffolk, IP1 3AG","£11,003 pcm","","","","The building is Grade II* Listed, and it offers four flexible Class E retail units. The property formally operated as the Great White Horse Hotel, The Tavern Street frontage provides for two independent retail shops, formerly occupied by Cotswold and Starbucks. Access to the upper parts and the r...","https://www.rightmove.co.uk/properties/169637897#/?channel=COM_LET","2025-11-24T09:59:56Z","","new","Marketed by Penn Commercial, Ipswich","","52.057777","1.155757","https://media.rightmove.co.uk:443/dir/crop/10:9-16:9/94k/93340/169637897/93340_70389154LH_IMG_00_0000_max_476x317.jpeg; https://media.rightmove.co.uk:443/dir/crop/10:9-16:9/94k/93340/169637897/93340_70389154LH_IMG_01_0000_max_476x317.jpeg; https://media.rightmove.co.uk:443/dir/crop/10:9-16:9/94k/93340/169637897/93340_70389154LH_IMG_02_0000_max_476x317.jpeg; https://media.rightmove.co.uk:443/dir/crop/10:9-16:9/94k/93340/169637897/93340_70389154LH_IMG_03_0000_max_476x317.jpeg; https://media.rightmove.co.uk:443/dir/crop/10:9-16:9/94k/93340/169637897/93340_70389154LH_IMG_04_0000_max_476x317.jpeg; https://media.rightmove.co.uk:443/dir/crop/10:9-16:9/94k/93340/169637897/93340_70389154LH_IMG_05_0000_max_476x317.jpeg; https://media.rightmove.co.uk:443/dir/crop/10:9-16:9/94k/93340/169637897/93340_70389154LH_IMG_06_0000_max_476x317.jpeg; https://media.rightmove.co.uk:443/dir/crop/10:9-16:9/94k/93340/169637897/93340_70389154LH_IMG_07_0000_max_476x317.jpeg; https://media.rightmove.co.uk:443/dir/crop/10:9-16:9/94k/93340/169637897/93340_70389154LH_IMG_08_0000_max_476x317.jpeg; https://media.rightmove.co.uk:443/dir/crop/10:9-16:9/94k/93340/169637897/93340_70389154LH_IMG_09_0000_max_476x317.jpeg; https://media.rightmove.co.uk:443/dir/crop/10:9-16:9/94k/93340/169637897/93340_70389154LH_IMG_10_0000_max_476x317.jpeg; https://media.rightmove.co.uk:443/dir/crop/10:9-16:9/94k/93340/169637897/93340_70389154LH_IMG_11_0000_max_476x317.jpeg; https://media.rightmove.co.uk:443/dir/crop/10:9-16:9/94k/93340/169637897/93340_70389154LH_IMG_12_0000_max_476x317.jpeg; https://media.rightmove.co.uk:443/dir/crop/10:9-16:9/94k/93340/169637897/93340_70389154LH_IMG_13_0000_max_476x317.jpeg; https://media.rightmove.co.uk:443/dir/crop/10:9-16:9/94k/93340/169637897/93340_70389154LH_IMG_14_0000_max_476x317.jpeg; https://media.rightmove.co.uk:443/dir/crop/10:9-16:9/94k/93340/169637897/93340_70389154LH_IMG_15_0000_max_476x317.jpeg; https://media.rightmove.co.uk:443/dir/crop/10:9-16:9/94k/93340/169637897/93340_70389154LH_IMG_16_0000_max_476x317.jpeg; https://media.rightmove.co.uk:443/dir/crop/10:9-16:9/94k/93340/169637897/93340_70389154LH_IMG_17_0000_max_476x317.jpeg; https://media.rightmove.co.uk:443/dir/crop/10:9-16:9/94k/93340/169637897/93340_70389154LH_IMG_18_0000_max_476x317.jpeg; https://media.rightmove.co.uk:443/dir/crop/10:9-16:9/94k/93340/169637897/93340_70389154LH_IMG_19_0000_max_476x317.jpeg; https://media.rightmove.co.uk:443/dir/crop/10:9-16:9/94k/93340/169637897/93340_70389154LH_IMG_20_0000_max_476x317.jpeg"
"169637873","Suffolk","Office","K Line House, West Road, Ipswich, Suffolk, IP3 9FG","£12,098 pcm","","","","The property comprises an impressive detached, two-storey office building at the entrance to the popular Masterlord Office Village. Available with immediate effect, the property provides office space for ca. 100 staff. The property offers a double-height fully-glazed atrium, extensive first floor...","https://www.rightmove.co.uk/properties/169637873#/?channel=COM_LET","2025-11-24T09:59:43Z","","new","Marketed by Penn Commercial, Ipswich","","52.033131","1.209403","https://media.rightmove.co.uk:443/dir/crop/10:9-16:9/94k/93340/169637873/93340_70100109LH_IMG_00_0000_max_476x317.jpeg; https://media.rightmove.co.uk:443/dir/crop/10:9-16:9/94k/93340/169637873/93340_70100109LH_IMG_01_0000_max_476x317.jpeg; https://media.rightmove.co.uk:443/dir/crop/10:9-16:9/94k/93340/169637873/93340_70100109LH_IMG_02_0000_max_476x317.jpeg; https://media.rightmove.co.uk:443/dir/crop/10:9-16:9/94k/93340/169637873/93340_70100109LH_IMG_03_0000_max_476x317.jpeg; https://media.rightmove.co.uk:443/dir/crop/10:9-16:9/94k/93340/169637873/93340_70100109LH_IMG_04_0000_max_476x317.jpeg; https://media.rightmove.co.uk:443/dir/crop/10:9-16:9/94k/93340/169637873/93340_70100109LH_IMG_05_0000_max_476x317.jpeg; https://media.rightmove.co.uk:443/dir/crop/10:9-16:9/94k/93340/169637873/93340_70100109LH_IMG_06_0000_max_476x317.jpeg; https://media.rightmove.co.uk:443/dir/crop/10:9-16:9/94k/93340/169637873/93340_70100109LH_IMG_07_0000_max_476x317.jpeg; https://media.rightmove.co.uk:443/dir/crop/10:9-16:9/94k/93340/169637873/93340_70100109LH_IMG_08_0000_max_476x317.jpeg; https://media.rightmove.co.uk:443/dir/crop/10:9-16:9/94k/93340/169637873/93340_70100109LH_IMG_09_0000_max_476x317.jpeg; https://media.rightmove.co.uk:443/dir/crop/10:9-16:9/94k/93340/169637873/93340_70100109LH_IMG_10_0000_max_476x317.jpeg; https://media.rightmove.co.uk:443/dir/crop/10:9-16:9/94k/93340/169637873/93340_70100109LH_IMG_11_0000_max_476x317.jpeg; https://media.rightmove.co.uk:443/dir/crop/10:9-16:9/94k/93340/169637873/93340_70100109LH_IMG_12_0000_max_476x317.jpeg; https://media.rightmove.co.uk:443/dir/crop/10:9-16:9/94k/93340/169637873/93340_70100109LH_IMG_13_0000_max_476x317.jpeg; https://media.rightmove.co.uk:443/dir/crop/10:9-16:9/94k/93340/169637873/93340_70100109LH_IMG_14_0000_max_476x317.jpeg; https://media.rightmove.co.uk:443/dir/crop/10:9-16:9/94k/93340/169637873/93340_70100109LH_IMG_15_0000_max_476x317.jpeg"
"169637906","Suffolk","Office","16 Museum Street, Ipswich, Suffolk, IP1 1HT","£5,000 pcm","","","","This is a Grade II Listed building with a modern extension and a passenger lift. There is an attractive ground floor reception area, rear office and mail room. The first floor provides two meeting rooms and additional offices. The second floor is used as a meeting room only. There are male and fe...","https://www.rightmove.co.uk/properties/169637906#/?channel=COM_LET","2025-11-24T10:00:01Z","","new","Marketed by Penn Commercial, Ipswich","","52.058022","1.150274","https://media.rightmove.co.uk:443/dir/crop/10:9-16:9/94k/93340/169637906/93340_70670861LH_IMG_00_0000_max_476x317.jpeg; https://media.rightmove.co.uk:443/dir/crop/10:9-16:9/94k/93340/169637906/93340_70670861LH_IMG_01_0000_max_476x317.jpeg; https://media.rightmove.co.uk:443/dir/crop/10:9-16:9/94k/93340/169637906/93340_70670861LH_IMG_02_0000_max_476x317.jpeg; https://media.rightmove.co.uk:443/dir/crop/10:9-16:9/94k/93340/169637906/93340_70670861LH_IMG_03_0000_max_476x317.jpeg; https://media.rightmove.co.uk:443/dir/crop/10:9-16:9/94k/93340/169637906/93340_70670861LH_IMG_04_0000_max_476x317.jpeg; https://media.rightmove.co.uk:443/dir/crop/10:9-16:9/94k/93340/169637906/93340_70670861LH_IMG_05_0000_max_476x317.jpeg; https://media.rightmove.co.uk:443/dir/crop/10:9-16:9/94k/93340/169637906/93340_70670861LH_IMG_06_0000_max_476x317.jpeg; https://media.rightmove.co.uk:443/dir/crop/10:9-16:9/94k/93340/169637906/93340_70670861LH_IMG_07_0000_max_476x317.jpeg"
"169637903","Suffolk","Retail Property (high street)","Former Argos Store, 21-27 Hamilton Road, Felixstowe, Suffolk, IP11 7AX","£3,125 pcm","","","","The property comprises a three-storey retail building, formerly a popular Argos store, offering a spacious ground floor retail area, with a rear loading bay and rear access. The upper floors offer spacious accommodation, which would be suitable for storage. Nearby occupiers include Job Centre, Gr...","https://www.rightmove.co.uk/properties/169637903#/?channel=COM_LET","2025-11-24T09:59:58Z","","new","Marketed by Penn Commercial, Ipswich","","51.960953","1.350969","https://media.rightmove.co.uk:443/dir/crop/10:9-16:9/94k/93340/169637903/93340_70594426LH_IMG_00_0000_max_476x317.jpeg; https://media.rightmove.co.uk:443/dir/crop/10:9-16:9/94k/93340/169637903/93340_70594426LH_IMG_01_0000_max_476x317.jpeg; https://media.rightmove.co.uk:443/dir/crop/10:9-16:9/94k/93340/169637903/93340_70594426LH_IMG_02_0000_max_476x317.jpeg; https://media.rightmove.co.uk:443/dir/crop/10:9-16:9/94k/93340/169637903/93340_70594426LH_IMG_03_0000_max_476x317.jpeg; https://media.rightmove.co.uk:443/dir/crop/10:9-16:9/94k/93340/169637903/93340_70594426LH_IMG_04_0000_max_476x317.jpeg; https://media.rightmove.co.uk:443/dir/crop/10:9-16:9/94k/93340/169637903/93340_70594426LH_IMG_05_0000_max_476x317.jpeg; https://media.rightmove.co.uk:443/dir/crop/10:9-16:9/94k/93340/169637903/93340_70594426LH_IMG_06_0000_max_476x317.jpeg; https://media.rightmove.co.uk:443/dir/crop/10:9-16:9/94k/93340/169637903/93340_70594426LH_IMG_07_0000_max_476x317.jpeg; https://media.rightmove.co.uk:443/dir/crop/10:9-16:9/94k/93340/169637903/93340_70594426LH_IMG_08_0000_max_476x317.jpeg; https://media.rightmove.co.uk:443/dir/crop/10:9-16:9/94k/93340/169637903/93340_70594426LH_IMG_09_0000_max_476x317.jpeg; https://media.rightmove.co.uk:443/dir/crop/10:9-16:9/94k/93340/169637903/93340_70594426LH_IMG_10_0000_max_476x317.jpeg; https://media.rightmove.co.uk:443/dir/crop/10:9-16:9/94k/93340/169637903/93340_70594426LH_IMG_11_0000_max_476x317.jpeg; https://media.rightmove.co.uk:443/dir/crop/10:9-16:9/94k/93340/169637903/93340_70594426LH_IMG_12_0000_max_476x317.jpeg; https://media.rightmove.co.uk:443/dir/crop/10:9-16:9/94k/93340/169637903/93340_70594426LH_IMG_13_0000_max_476x317.jpeg; https://media.rightmove.co.uk:443/dir/crop/10:9-16:9/94k/93340/169637903/93340_70594426LH_IMG_14_0000_max_476x317.jpeg; https://media.rightmove.co.uk:443/dir/crop/10:9-16:9/94k/93340/169637903/93340_70594426LH_IMG_15_0000_max_476x317.jpeg; https://media.rightmove.co.uk:443/dir/crop/10:9-16:9/94k/93340/169637903/93340_70594426LH_IMG_16_0000_max_476x317.jpeg; https://media.rightmove.co.uk:443/dir/crop/10:9-16:9/94k/93340/169637903/93340_70594426LH_IMG_17_0000_max_476x317.jpeg; https://media.rightmove.co.uk:443/dir/crop/10:9-16:9/94k/93340/169637903/93340_70594426LH_IMG_18_0000_max_476x317.jpeg; https://media.rightmove.co.uk:443/dir/crop/10:9-16:9/94k/93340/169637903/93340_70594426LH_IMG_19_0000_max_476x317.jpeg; https://media.rightmove.co.uk:443/dir/crop/10:9-16:9/94k/93340/169637903/93340_70594426LH_IMG_20_0000_max_476x317.jpeg; https://media.rightmove.co.uk:443/dir/crop/10:9-16:9/94k/93340/169637903/93340_70594426LH_IMG_21_0000_max_476x317.jpeg; https://media.rightmove.co.uk:443/dir/crop/10:9-16:9/94k/93340/169637903/93340_70594426LH_IMG_22_0000_max_476x317.jpeg"
"169637894","Suffolk","Restaurant","Great White Horse Hotel, Tavern Street, Ipswich, Suffolk, IP1 3AG","£11,003 pcm","","","","The building is Grade II* Listed, and it offers four flexible Class E retail units. The property formally operated as the Great White Horse Hotel, The Tavern Street frontage provides for two independent retail shops, formerly occupied by Cotswold and Starbucks. Access to the upper parts and the r...","https://www.rightmove.co.uk/properties/169637894#/?channel=COM_LET","2025-11-24T09:59:55Z","","new","Marketed by Penn Commercial, Ipswich","","52.057777","1.155757","https://media.rightmove.co.uk:443/dir/crop/10:9-16:9/94k/93340/169637894/93340_70389139LH_IMG_00_0000_max_476x317.jpeg; https://media.rightmove.co.uk:443/dir/crop/10:9-16:9/94k/93340/169637894/93340_70389139LH_IMG_01_0000_max_476x317.jpeg; https://media.rightmove.co.uk:443/dir/crop/10:9-16:9/94k/93340/169637894/93340_70389139LH_IMG_02_0000_max_476x317.jpeg; https://media.rightmove.co.uk:443/dir/crop/10:9-16:9/94k/93340/169637894/93340_70389139LH_IMG_03_0000_max_476x317.jpeg; https://media.rightmove.co.uk:443/dir/crop/10:9-16:9/94k/93340/169637894/93340_70389139LH_IMG_04_0000_max_476x317.jpeg; https://media.rightmove.co.uk:443/dir/crop/10:9-16:9/94k/93340/169637894/93340_70389139LH_IMG_05_0000_max_476x317.jpeg; https://media.rightmove.co.uk:443/dir/crop/10:9-16:9/94k/93340/169637894/93340_70389139LH_IMG_06_0000_max_476x317.jpeg; https://media.rightmove.co.uk:443/dir/crop/10:9-16:9/94k/93340/169637894/93340_70389139LH_IMG_07_0000_max_476x317.jpeg; https://media.rightmove.co.uk:443/dir/crop/10:9-16:9/94k/93340/169637894/93340_70389139LH_IMG_08_0000_max_476x317.jpeg; https://media.rightmove.co.uk:443/dir/crop/10:9-16:9/94k/93340/169637894/93340_70389139LH_IMG_09_0000_max_476x317.jpeg; https://media.rightmove.co.uk:443/dir/crop/10:9-16:9/94k/93340/169637894/93340_70389139LH_IMG_10_0000_max_476x317.jpeg; https://media.rightmove.co.uk:443/dir/crop/10:9-16:9/94k/93340/169637894/93340_70389139LH_IMG_11_0000_max_476x317.jpeg; https://media.rightmove.co.uk:443/dir/crop/10:9-16:9/94k/93340/169637894/93340_70389139LH_IMG_12_0000_max_476x317.jpeg; https://media.rightmove.co.uk:443/dir/crop/10:9-16:9/94k/93340/169637894/93340_70389139LH_IMG_13_0000_max_476x317.jpeg; https://media.rightmove.co.uk:443/dir/crop/10:9-16:9/94k/93340/169637894/93340_70389139LH_IMG_14_0000_max_476x317.jpeg; https://media.rightmove.co.uk:443/dir/crop/10:9-16:9/94k/93340/169637894/93340_70389139LH_IMG_15_0000_max_476x317.jpeg; https://media.rightmove.co.uk:443/dir/crop/10:9-16:9/94k/93340/169637894/93340_70389139LH_IMG_16_0000_max_476x317.jpeg; https://media.rightmove.co.uk:443/dir/crop/10:9-16:9/94k/93340/169637894/93340_70389139LH_IMG_17_0000_max_476x317.jpeg; https://media.rightmove.co.uk:443/dir/crop/10:9-16:9/94k/93340/169637894/93340_70389139LH_IMG_18_0000_max_476x317.jpeg; https://media.rightmove.co.uk:443/dir/crop/10:9-16:9/94k/93340/169637894/93340_70389139LH_IMG_19_0000_max_476x317.jpeg"
"169637885","Suffolk","Office","Great White Horse Hotel, Tavern Street, Ipswich, Suffolk, IP1 3AG","£11,000 pcm","","","","The building is Grade II* Listed, and it offers four flexible Class E retail units. The property formally operated as the Great White Horse Hotel, The Tavern Street frontage provides for two independent retail shops, formerly occupied by Cotswold and Starbucks. Access to the upper parts and the r...","https://www.rightmove.co.uk/properties/169637885#/?channel=COM_LET","2025-11-24T09:59:52Z","","new","Marketed by Penn Commercial, Ipswich","","52.057777","1.155757","https://media.rightmove.co.uk:443/dir/crop/10:9-16:9/94k/93340/169637885/93340_70389119LH_IMG_00_0000_max_476x317.jpeg; https://media.rightmove.co.uk:443/dir/crop/10:9-16:9/94k/93340/169637885/93340_70389119LH_IMG_01_0000_max_476x317.jpeg; https://media.rightmove.co.uk:443/dir/crop/10:9-16:9/94k/93340/169637885/93340_70389119LH_IMG_02_0000_max_476x317.jpeg; https://media.rightmove.co.uk:443/dir/crop/10:9-16:9/94k/93340/169637885/93340_70389119LH_IMG_03_0000_max_476x317.jpeg; https://media.rightmove.co.uk:443/dir/crop/10:9-16:9/94k/93340/169637885/93340_70389119LH_IMG_04_0000_max_476x317.jpeg; https://media.rightmove.co.uk:443/dir/crop/10:9-16:9/94k/93340/169637885/93340_70389119LH_IMG_05_0000_max_476x317.jpeg; https://media.rightmove.co.uk:443/dir/crop/10:9-16:9/94k/93340/169637885/93340_70389119LH_IMG_06_0000_max_476x317.jpeg"
"169637882","Suffolk","Leisure Facility","Great White Horse Hotel, Tavern Street, Ipswich, Suffolk, IP1 3AG","£11,000 pcm","","","","The building is Grade II* Listed, and it offers four flexible Class E retail units. The property formally operated as the Great White Horse Hotel, The Tavern Street frontage provides for two independent retail shops, formerly occupied by Cotswold and Starbucks. Access to the upper parts and the r...","https://www.rightmove.co.uk/properties/169637882#/?channel=COM_LET","2025-11-24T09:59:50Z","","new","Marketed by Penn Commercial, Ipswich","","52.057777","1.155757","https://media.rightmove.co.uk:443/dir/crop/10:9-16:9/94k/93340/169637882/93340_70389118LH_IMG_00_0000_max_476x317.jpeg; https://media.rightmove.co.uk:443/dir/crop/10:9-16:9/94k/93340/169637882/93340_70389118LH_IMG_01_0000_max_476x317.jpeg; https://media.rightmove.co.uk:443/dir/crop/10:9-16:9/94k/93340/169637882/93340_70389118LH_IMG_02_0000_max_476x317.jpeg; https://media.rightmove.co.uk:443/dir/crop/10:9-16:9/94k/93340/169637882/93340_70389118LH_IMG_03_0000_max_476x317.jpeg; https://media.rightmove.co.uk:443/dir/crop/10:9-16:9/94k/93340/169637882/93340_70389118LH_IMG_04_0000_max_476x317.jpeg; https://media.rightmove.co.uk:443/dir/crop/10:9-16:9/94k/93340/169637882/93340_70389118LH_IMG_05_0000_max_476x317.jpeg; https://media.rightmove.co.uk:443/dir/crop/10:9-16:9/94k/93340/169637882/93340_70389118LH_IMG_06_0000_max_476x317.jpeg; https://media.rightmove.co.uk:443/dir/crop/10:9-16:9/94k/93340/169637882/93340_70389118LH_IMG_07_0000_max_476x317.jpeg; https://media.rightmove.co.uk:443/dir/crop/10:9-16:9/94k/93340/169637882/93340_70389118LH_IMG_08_0000_max_476x317.jpeg; https://media.rightmove.co.uk:443/dir/crop/10:9-16:9/94k/93340/169637882/93340_70389118LH_IMG_09_0000_max_476x317.jpeg; https://media.rightmove.co.uk:443/dir/crop/10:9-16:9/94k/93340/169637882/93340_70389118LH_IMG_10_0000_max_476x317.jpeg; https://media.rightmove.co.uk:443/dir/crop/10:9-16:9/94k/93340/169637882/93340_70389118LH_IMG_11_0000_max_476x317.jpeg; https://media.rightmove.co.uk:443/dir/crop/10:9-16:9/94k/93340/169637882/93340_70389118LH_IMG_12_0000_max_476x317.jpeg; https://media.rightmove.co.uk:443/dir/crop/10:9-16:9/94k/93340/169637882/93340_70389118LH_IMG_13_0000_max_476x317.jpeg; https://media.rightmove.co.uk:443/dir/crop/10:9-16:9/94k/93340/169637882/93340_70389118LH_IMG_14_0000_max_476x317.jpeg; https://media.rightmove.co.uk:443/dir/crop/10:9-16:9/94k/93340/169637882/93340_70389118LH_IMG_15_0000_max_476x317.jpeg; https://media.rightmove.co.uk:443/dir/crop/10:9-16:9/94k/93340/169637882/93340_70389118LH_IMG_16_0000_max_476x317.jpeg; https://media.rightmove.co.uk:443/dir/crop/10:9-16:9/94k/93340/169637882/93340_70389118LH_IMG_17_0000_max_476x317.jpeg; https://media.rightmove.co.uk:443/dir/crop/10:9-16:9/94k/93340/169637882/93340_70389118LH_IMG_18_0000_max_476x317.jpeg; https://media.rightmove.co.uk:443/dir/crop/10:9-16:9/94k/93340/169637882/93340_70389118LH_IMG_19_0000_max_476x317.jpeg"
"152094221","Suffolk","Retail Property (out of town)","Broad Road, Bacton, Stowmarket, Suffolk, IP14","£2,292 pcm","","","","Modern showroom premises suitable for a variety of uses subject to planning. Extending to approximately 216 sqm (2,325 sqft). Prominent location situated on the well-travelled B1113. Due to relocation - business unaffected.","https://www.rightmove.co.uk/properties/152094221#/?channel=COM_LET","2024-09-05T16:53:56Z","","new","Marketed by Lacy Scott & Knight Commercial, Stowmarket","","52.268561","1.021345","https://media.rightmove.co.uk:443/dir/crop/10:9-16:9/230k/229859/152094221/229859_SCL240031_L_IMG_00_0000_max_476x317.jpeg; https://media.rightmove.co.uk:443/dir/crop/10:9-16:9/230k/229859/152094221/229859_SCL240031_L_IMG_01_0000_max_476x317.jpeg; https://media.rightmove.co.uk:443/dir/crop/10:9-16:9/230k/229859/152094221/229859_SCL240031_L_IMG_02_0000_max_476x317.jpeg; https://media.rightmove.co.uk:443/dir/crop/10:9-16:9/230k/229859/152094221/229859_SCL240031_L_IMG_03_0000_max_476x317.jpeg; https://media.rightmove.co.uk:443/dir/crop/10:9-16:9/230k/229859/152094221/229859_SCL240031_L_IMG_04_0000_max_476x317.jpeg; https://media.rightmove.co.uk:443/dir/crop/10:9-16:9/230k/229859/152094221/229859_SCL240031_L_IMG_05_0000_max_476x317.jpeg; https://media.rightmove.co.uk:443/dir/crop/10:9-16:9/230k/229859/152094221/229859_SCL240031_L_IMG_06_0000_max_476x317.jpeg; https://media.rightmove.co.uk:443/dir/crop/10:9-16:9/230k/229859/152094221/229859_SCL240031_L_IMG_07_0000_max_476x317.jpeg; https://media.rightmove.co.uk:443/dir/crop/10:9-16:9/230k/229859/152094221/229859_SCL240031_L_IMG_08_0000_max_476x317.jpeg; https://media.rightmove.co.uk:443/dir/crop/10:9-16:9/230k/229859/152094221/229859_SCL240031_L_IMG_09_0000_max_476x317.jpeg; https://media.rightmove.co.uk:443/dir/crop/10:9-16:9/230k/229859/152094221/229859_SCL240031_L_IMG_10_0000_max_476x317.jpeg"
"169637879","Suffolk","Office","23 Great Colman Street, Ipswich, Suffolk, IP4 2AN","£667 pcm","","","","The property comprises a self-contained Grade II Listed three-storey office suite, with its own private entrance. There are a range of offices, with a main open plan office on the first floor with stores on the second floor. There is a reception and office/waiting room on the ground floor, with f...","https://www.rightmove.co.uk/properties/169637879#/?channel=COM_LET","2025-11-24T09:59:47Z","","new","Marketed by Penn Commercial, Ipswich","","52.05835","1.158497","https://media.rightmove.co.uk:443/dir/crop/10:9-16:9/94k/93340/169637879/93340_70344092LH_IMG_00_0000_max_476x317.jpeg; https://media.rightmove.co.uk:443/dir/crop/10:9-16:9/94k/93340/169637879/93340_70344092LH_IMG_01_0000_max_476x317.jpeg; https://media.rightmove.co.uk:443/dir/crop/10:9-16:9/94k/93340/169637879/93340_70344092LH_IMG_02_0000_max_476x317.jpeg; https://media.rightmove.co.uk:443/dir/crop/10:9-16:9/94k/93340/169637879/93340_70344092LH_IMG_03_0000_max_476x317.jpeg; https://media.rightmove.co.uk:443/dir/crop/10:9-16:9/94k/93340/169637879/93340_70344092LH_IMG_04_0000_max_476x317.jpeg; https://media.rightmove.co.uk:443/dir/crop/10:9-16:9/94k/93340/169637879/93340_70344092LH_IMG_05_0000_max_476x317.jpeg; https://media.rightmove.co.uk:443/dir/crop/10:9-16:9/94k/93340/169637879/93340_70344092LH_IMG_06_0000_max_476x317.jpeg; https://media.rightmove.co.uk:443/dir/crop/10:9-16:9/94k/93340/169637879/93340_70344092LH_IMG_07_0000_max_476x317.jpeg; https://media.rightmove.co.uk:443/dir/crop/10:9-16:9/94k/93340/169637879/93340_70344092LH_IMG_08_0000_max_476x317.jpeg; https://media.rightmove.co.uk:443/dir/crop/10:9-16:9/94k/93340/169637879/93340_70344092LH_IMG_09_0000_max_476x317.jpeg; https://media.rightmove.co.uk:443/dir/crop/10:9-16:9/94k/93340/169637879/93340_70344092LH_IMG_10_0000_max_476x317.jpeg; https://media.rightmove.co.uk:443/dir/crop/10:9-16:9/94k/93340/169637879/93340_70344092LH_IMG_11_0000_max_476x317.jpeg; https://media.rightmove.co.uk:443/dir/crop/10:9-16:9/94k/93340/169637879/93340_70344092LH_IMG_12_0000_max_476x317.jpeg; https://media.rightmove.co.uk:443/dir/crop/10:9-16:9/94k/93340/169637879/93340_70344092LH_IMG_13_0000_max_476x317.jpeg; https://media.rightmove.co.uk:443/dir/crop/10:9-16:9/94k/93340/169637879/93340_70344092LH_IMG_14_0000_max_476x317.jpeg"
"169637867","Suffolk","Light Industrial","Units 1 & 3, Horham Airfield, Horham Road, Eye, Suffolk, IP21 5DQ","£1,313 pcm","","","","The available units are part of a terrace of 14 bays, each are 292.64 sq m (3,150 sq ft), which are both open plan with steel frames and an eaves height of 3m, plus 3 phase electricity in Unit 1. Unit 1 has an internal office, with heating throughout. Unit 3 has a roller shutter door and pedestri...","https://www.rightmove.co.uk/properties/169637867#/?channel=COM_LET","2025-11-24T09:59:39Z","","new","Marketed by Penn Commercial, Ipswich","","52.307457","1.219038","https://media.rightmove.co.uk:443/dir/crop/10:9-16:9/94k/93340/169637867/93340_69841758LH_IMG_00_0000_max_476x317.jpeg"
"169637861","Suffolk","Retail Property (high street)","102A Hamilton Road, Felixstowe, Suffolk, IP11 7AD","£1,667 pcm","","","","The ground floor corner unit offers retail accommodation with extensive glazed frontage. There are staff facilities and loading to the rear. There is a rear car park that offers 2 parking spaces and further on-street unrestricted parking nearby. The property would suit a variety of Class E uses.","https://www.rightmove.co.uk/properties/169637861#/?channel=COM_LET","2025-11-24T09:59:38Z","","new","Marketed by Penn Commercial, Ipswich","","51.964031","1.352174","https://media.rightmove.co.uk:443/dir/crop/10:9-16:9/94k/93340/169637861/93340_69667781LH_IMG_00_0000_max_476x317.jpeg"
"169637858","Suffolk","Retail Property (high street)","154A Hamilton Road, Felixstowe, Suffolk, IP11 7DS","£917 pcm","","","","The property features an entrance door that leads into a hallway with stairs going up to the first floor. On the first floor, there are four retail rooms, a kitchen, and restroom. There is allocated parking available at the rear of the property. This space would be ideal for operators offering be...","https://www.rightmove.co.uk/properties/169637858#/?channel=COM_LET","2025-11-24T09:59:36Z","","new","Marketed by Penn Commercial, Ipswich","","51.965733","1.352738","https://media.rightmove.co.uk:443/dir/crop/10:9-16:9/94k/93340/169637858/93340_69555924LH_IMG_00_0000_max_476x317.jpeg; https://media.rightmove.co.uk:443/dir/crop/10:9-16:9/94k/93340/169637858/93340_69555924LH_IMG_01_0000_max_476x317.jpeg; https://media.rightmove.co.uk:443/dir/crop/10:9-16:9/94k/93340/169637858/93340_69555924LH_IMG_02_0000_max_476x317.jpeg; https://media.rightmove.co.uk:443/dir/crop/10:9-16:9/94k/93340/169637858/93340_69555924LH_IMG_03_0000_max_476x317.jpeg"
"169637855","Suffolk","Office","Unit 41 Claydon Business Park, Ipswich, Suffolk, IP6 0NL","£1,279 pcm","","","","The property comprises a modernised, self-contained ground floor office unit, which benefits from air conditioning, communal heating, WCs and staff facilities. There are 7 allocated parking spaces to the front of the unit","https://www.rightmove.co.uk/properties/169637855#/?channel=COM_LET","2025-11-24T09:59:34Z","","new","Marketed by Penn Commercial, Ipswich","","52.111496","1.101018","https://media.rightmove.co.uk:443/dir/crop/10:9-16:9/94k/93340/169637855/93340_69537047LH_IMG_00_0000_max_476x317.jpeg; https://media.rightmove.co.uk:443/dir/crop/10:9-16:9/94k/93340/169637855/93340_69537047LH_IMG_01_0000_max_476x317.jpeg; https://media.rightmove.co.uk:443/dir/crop/10:9-16:9/94k/93340/169637855/93340_69537047LH_IMG_02_0000_max_476x317.jpeg; https://media.rightmove.co.uk:443/dir/crop/10:9-16:9/94k/93340/169637855/93340_69537047LH_IMG_03_0000_max_476x317.jpeg; https://media.rightmove.co.uk:443/dir/crop/10:9-16:9/94k/93340/169637855/93340_69537047LH_IMG_04_0000_max_476x317.jpeg; https://media.rightmove.co.uk:443/dir/crop/10:9-16:9/94k/93340/169637855/93340_69537047LH_IMG_05_0000_max_476x317.jpeg; https://media.rightmove.co.uk:443/dir/crop/10:9-16:9/94k/93340/169637855/93340_69537047LH_IMG_06_0000_max_476x317.jpeg"
"169637834","Suffolk","Retail Property (high street)","27 Carr Street, Ipswich, Suffolk, IP4 1HA","£6,250 pcm","","","","The property comprises open plan first floor retail accommodation accessed from Carr Street via a ground floor reception/entrance and escalator. The premises benefit from an internal lift, large retail area, mess/staff room, office and internal storage. Externally, there are 50 car parking spaces...","https://www.rightmove.co.uk/properties/169637834#/?channel=COM_LET","2025-11-24T09:59:28Z","","new","Marketed by Penn Commercial, Ipswich","","52.057606","1.157816","https://media.rightmove.co.uk:443/dir/crop/10:9-16:9/94k/93340/169637834/93340_69189507LH_IMG_00_0000_max_476x317.jpeg; https://media.rightmove.co.uk:443/dir/crop/10:9-16:9/94k/93340/169637834/93340_69189507LH_IMG_01_0000_max_476x317.jpeg; https://media.rightmove.co.uk:443/dir/crop/10:9-16:9/94k/93340/169637834/93340_69189507LH_IMG_02_0000_max_476x317.jpeg; https://media.rightmove.co.uk:443/dir/crop/10:9-16:9/94k/93340/169637834/93340_69189507LH_IMG_03_0000_max_476x317.jpeg"
"169637813","Suffolk","Office","First Floor, 12 Northgate Street, Ipswich, Suffolk, IP1 3DB","£740 pcm","","","","The property comprises Grade II Listed first floor offices off a communal staircase with access from Northgate Street. There are five offices, three of which are accessed through a private hallway/reception area. The offices benefit from gas fired central heating, LED lighting and have been fully...","https://www.rightmove.co.uk/properties/169637813#/?channel=COM_LET","2025-11-24T09:59:18Z","","new","Marketed by Penn Commercial, Ipswich","","52.058556","1.156498","https://media.rightmove.co.uk:443/dir/crop/10:9-16:9/94k/93340/169637813/93340_67566662LH_IMG_00_0000_max_476x317.jpeg; https://media.rightmove.co.uk:443/dir/crop/10:9-16:9/94k/93340/169637813/93340_67566662LH_IMG_01_0000_max_476x317.jpeg; https://media.rightmove.co.uk:443/dir/crop/10:9-16:9/94k/93340/169637813/93340_67566662LH_IMG_02_0000_max_476x317.jpeg; https://media.rightmove.co.uk:443/dir/crop/10:9-16:9/94k/93340/169637813/93340_67566662LH_IMG_03_0000_max_476x317.jpeg; https://media.rightmove.co.uk:443/dir/crop/10:9-16:9/94k/93340/169637813/93340_67566662LH_IMG_04_0000_max_476x317.jpeg"
"169637810","Suffolk","Retail Property (high street)","First Floor, Merchant House, 26-28 Fore Street, Ipswich, Suffolk, IP4 1JU","£833 pcm","","","","The property comprises an imposing 3 storey double pitched roof property with the recently opened Moto Pizza restaurant on the ground floor. Situated above the restaurant and via a separate side access is the first floor accommodation which has most recently operated as a beauty/nail salon. The p...","https://www.rightmove.co.uk/properties/169637810#/?channel=COM_LET","2025-11-24T09:59:16Z","","new","Marketed by Penn Commercial, Ipswich","","52.054218","1.159255","https://media.rightmove.co.uk:443/dir/crop/10:9-16:9/94k/93340/169637810/93340_66551871LH_IMG_00_0000_max_476x317.jpeg; https://media.rightmove.co.uk:443/dir/crop/10:9-16:9/94k/93340/169637810/93340_66551871LH_IMG_01_0000_max_476x317.jpeg; https://media.rightmove.co.uk:443/dir/crop/10:9-16:9/94k/93340/169637810/93340_66551871LH_IMG_02_0000_max_476x317.jpeg"
"169637807","Suffolk","Office","Third Floor, Robert Ransome House, Carr Street, Ipswich, Suffolk, IP4 1HA","£2,708 pcm","","","","The property comprises a well-configured office unit and offers ample car parking, good accessibility, and panoramic views over the town. The offices are in good decorative order (and are to be further refurbished), offer a meeting room, a board room, open plan office space, and provide good brea...","https://www.rightmove.co.uk/properties/169637807#/?channel=COM_LET","2025-11-24T09:59:15Z","","new","Marketed by Penn Commercial, Ipswich","","52.057606","1.157816","https://media.rightmove.co.uk:443/dir/crop/10:9-16:9/94k/93340/169637807/93340_66227758LH_IMG_00_0000_max_476x317.jpeg; https://media.rightmove.co.uk:443/dir/crop/10:9-16:9/94k/93340/169637807/93340_66227758LH_IMG_01_0000_max_476x317.jpeg; https://media.rightmove.co.uk:443/dir/crop/10:9-16:9/94k/93340/169637807/93340_66227758LH_IMG_02_0000_max_476x317.jpeg; https://media.rightmove.co.uk:443/dir/crop/10:9-16:9/94k/93340/169637807/93340_66227758LH_IMG_03_0000_max_476x317.jpeg; https://media.rightmove.co.uk:443/dir/crop/10:9-16:9/94k/93340/169637807/93340_66227758LH_IMG_04_0000_max_476x317.jpeg; https://media.rightmove.co.uk:443/dir/crop/10:9-16:9/94k/93340/169637807/93340_66227758LH_IMG_05_0000_max_476x317.jpeg; https://media.rightmove.co.uk:443/dir/crop/10:9-16:9/94k/93340/169637807/93340_66227758LH_IMG_06_0000_max_476x317.jpeg; https://media.rightmove.co.uk:443/dir/crop/10:9-16:9/94k/93340/169637807/93340_66227758LH_IMG_07_0000_max_476x317.jpeg"
"169637804","Suffolk","Office","19b Victoria Street, Felixstowe, Suffolk, IP11 7EW","£1,000 pcm","","","","The property comprises a recently divided ground floor retail unit with good frontage on to Victoria Street. The property formerly traded as Dorothy Perkins/Burton and acted as their rear storage area. The new division offers a private entrance, open plan office accommodation, disabled WC, kitche...","https://www.rightmove.co.uk/properties/169637804#/?channel=COM_LET","2025-11-24T09:59:13Z","","new","Marketed by Penn Commercial, Ipswich","","51.962559","1.35237","https://media.rightmove.co.uk:443/dir/crop/10:9-16:9/94k/93340/169637804/93340_66049079LH_IMG_00_0000_max_476x317.jpeg; https://media.rightmove.co.uk:443/dir/crop/10:9-16:9/94k/93340/169637804/93340_66049079LH_IMG_01_0000_max_476x317.jpeg; https://media.rightmove.co.uk:443/dir/crop/10:9-16:9/94k/93340/169637804/93340_66049079LH_IMG_02_0000_max_476x317.jpeg; https://media.rightmove.co.uk:443/dir/crop/10:9-16:9/94k/93340/169637804/93340_66049079LH_IMG_03_0000_max_476x317.jpeg; https://media.rightmove.co.uk:443/dir/crop/10:9-16:9/94k/93340/169637804/93340_66049079LH_IMG_04_0000_max_476x317.jpeg; https://media.rightmove.co.uk:443/dir/crop/10:9-16:9/94k/93340/169637804/93340_66049079LH_IMG_05_0000_max_476x317.jpeg; https://media.rightmove.co.uk:443/dir/crop/10:9-16:9/94k/93340/169637804/93340_66049079LH_IMG_06_0000_max_476x317.jpeg; https://media.rightmove.co.uk:443/dir/crop/10:9-16:9/94k/93340/169637804/93340_66049079LH_IMG_07_0000_max_476x317.jpeg"
"169637798","Suffolk","Office","Office 3, Riverside, The Outlook, Fox's Marina Ipswich, Suffolk, IP2 8NJ","£275 pcm","","","","The property comprises a ground floor office suite, with two on-site car parking spaces, air conditioning and heating, private access, kitchenette and WC facilities. We understand that fibre internet is connected, providing average speeds of approx. 55mbs. The office suite has shared facilities, ...","https://www.rightmove.co.uk/properties/169637798#/?channel=COM_LET","2025-11-24T09:59:11Z","","new","Marketed by Penn Commercial, Ipswich","","52.033073","1.15228","https://media.rightmove.co.uk:443/dir/crop/10:9-16:9/property-photo/94cc2becb/169637798/94cc2becb8f9b1faf3c6f3d12a6f185d_max_476x317.jpeg; https://media.rightmove.co.uk:443/dir/crop/10:9-16:9/property-photo/85a20ac50/169637798/85a20ac507440870c2c9b6b316d8c82e_max_476x317.jpeg; https://media.rightmove.co.uk:443/dir/crop/10:9-16:9/property-photo/45fc478b2/169637798/45fc478b266a06ce84d76289b5287de8_max_476x317.jpeg"
"169637789","Suffolk","Land","Hangar Pad 45, Bentwaters Park,s Woodbridge, Suffolk, IP12 2TW","£20,358 pcm","","","","The compound provides an easily accessible, well presented, secure, serviced, and surfaced opportunity for open storage. The plot is approx. 0.5 miles from the main access to Bentwaters Parks from the A1152. The plot is to let as a whole only. Electricity is available nearby and is generated onsi...","https://www.rightmove.co.uk/properties/169637789#/?channel=COM_LET","2025-11-24T09:59:07Z","","new","Marketed by Penn Commercial, Ipswich","","52.12925","1.431638","https://media.rightmove.co.uk:443/dir/crop/10:9-16:9/94k/93340/169637789/93340_64175756LH_IMG_00_0000_max_476x317.jpeg; https://media.rightmove.co.uk:443/dir/crop/10:9-16:9/94k/93340/169637789/93340_64175756LH_IMG_01_0000_max_476x317.jpeg; https://media.rightmove.co.uk:443/dir/crop/10:9-16:9/94k/93340/169637789/93340_64175756LH_IMG_02_0000_max_476x317.jpeg"
"169637792","Suffolk","Light Industrial","Anglia Park,way North, Whitehouse Road, Ipswich, Suffolk, IP1 5QL","£25,000 pcm","","","","Introducing a new 30,000 sq. Ft. Warehouse unit, with planning permission granted, at Anglia Parkway. Just 3 miles northwest of Ipswich town centre and conveniently located near junction 53 of the A14, this prime location offers excellent connectivity and accessibility","https://www.rightmove.co.uk/properties/169637792#/?channel=COM_LET","2025-11-24T09:59:09Z","","new","Marketed by Penn Commercial, Ipswich","","52.08696","1.116659","https://media.rightmove.co.uk:443/dir/crop/10:9-16:9/94k/93340/169637792/93340_65168796LH_IMG_00_0000_max_476x317.jpeg; https://media.rightmove.co.uk:443/dir/crop/10:9-16:9/94k/93340/169637792/93340_65168796LH_IMG_01_0000_max_476x317.jpeg; https://media.rightmove.co.uk:443/dir/crop/10:9-16:9/94k/93340/169637792/93340_65168796LH_IMG_02_0000_max_476x317.jpeg; https://media.rightmove.co.uk:443/dir/crop/10:9-16:9/94k/93340/169637792/93340_65168796LH_IMG_03_0000_max_476x317.jpeg"
"169579292","Suffolk","Light Industrial","Unit 1&2 Arras Road, Bury St. Edmunds, Suffolk, IP33","POA","","","","Arras road is located on the Blenheim Industrial Estate and situated 1.1 miles from J42 of the A14. Unit 1&2 are end of terrace and mid terrace warehouse properties and currently interconnected of steel portal frame with blockwork walls and plasticised metal sheet elevations under a fibre cemen...","https://www.rightmove.co.uk/properties/169579292#/?channel=COM_LET","2025-11-21T15:10:56Z","","new","Marketed by Merrifields, Suffolk","","52.24802","0.69067","https://media.rightmove.co.uk:443/dir/crop/10:9-16:9/122k/121468/169579292/121468_2161LH_IMG_00_0000_max_476x317.jpeg; https://media.rightmove.co.uk:443/dir/crop/10:9-16:9/122k/121468/169579292/121468_2161LH_IMG_01_0000_max_476x317.jpeg; https://media.rightmove.co.uk:443/dir/crop/10:9-16:9/122k/121468/169579292/121468_2161LH_IMG_02_0000_max_476x317.jpeg; https://media.rightmove.co.uk:443/dir/crop/10:9-16:9/122k/121468/169579292/121468_2161LH_IMG_03_0000_max_476x317.jpeg; https://media.rightmove.co.uk:443/dir/crop/10:9-16:9/122k/121468/169579292/121468_2161LH_IMG_04_0000_max_476x317.jpeg; https://media.rightmove.co.uk:443/dir/crop/10:9-16:9/122k/121468/169579292/121468_2161LH_IMG_05_0000_max_476x317.jpeg; https://media.rightmove.co.uk:443/dir/crop/10:9-16:9/122k/121468/169579292/121468_2161LH_IMG_06_0000_max_476x317.jpeg; https://media.rightmove.co.uk:443/dir/crop/10:9-16:9/122k/121468/169579292/121468_2161LH_IMG_07_0000_max_476x317.jpeg; https://media.rightmove.co.uk:443/dir/crop/10:9-16:9/122k/121468/169579292/121468_2161LH_IMG_08_0000_max_476x317.jpeg"
"169574384","Suffolk","Land","Unit 3, Park Farm Business Centre, Fornham St. Genevieve, Bury St. Edmunds","£900 pcm","","","","Tennens Properties are pleased to present this office space unit for lease in Fornham St. Genevieve, close to Bury St Edmunds. The unit features two spacious office rooms, a kitchenette, and a bathroom. Additional benefits include air conditioning, outdoor space, and ample communal parking. Avail...","https://www.rightmove.co.uk/properties/169574384#/?channel=COM_LET","2025-11-21T13:53:11Z","","new","Marketed by Tennens Properties Ltd, Bury St. Edmunds","","52.2792","0.70973","https://media.rightmove.co.uk:443/dir/crop/10:9-16:9/95k/94699/169574384/94699_101497003443_IMG_00_0000_max_476x317.jpeg; https://media.rightmove.co.uk:443/dir/crop/10:9-16:9/95k/94699/169574384/94699_101497003443_IMG_01_0000_max_476x317.jpeg; https://media.rightmove.co.uk:443/dir/crop/10:9-16:9/95k/94699/169574384/94699_101497003443_IMG_02_0000_max_476x317.jpeg; https://media.rightmove.co.uk:443/dir/crop/10:9-16:9/95k/94699/169574384/94699_101497003443_IMG_03_0000_max_476x317.jpeg; https://media.rightmove.co.uk:443/dir/crop/10:9-16:9/95k/94699/169574384/94699_101497003443_IMG_04_0000_max_476x317.jpeg; https://media.rightmove.co.uk:443/dir/crop/10:9-16:9/95k/94699/169574384/94699_101497003443_IMG_05_0000_max_476x317.jpeg; https://media.rightmove.co.uk:443/dir/crop/10:9-16:9/95k/94699/169574384/94699_101497003443_IMG_06_0000_max_476x317.jpeg; https://media.rightmove.co.uk:443/dir/crop/10:9-16:9/95k/94699/169574384/94699_101497003443_IMG_07_0000_max_476x317.jpeg"
"169573772","Suffolk","Office","Manor Road, Haverhill, Suffolk, CB9","£683 pcm","","","1","Modern Central Office - All-Inclusive RentOffice 1 - 327.60 sqft - £8190 PALocation: Prime central location","https://www.rightmove.co.uk/properties/169573772#/?channel=COM_LET","2025-11-21T13:46:50Z","","new","Marketed by Preview Property Services, Haverhill","","52.07961","0.44862","https://media.rightmove.co.uk:443/dir/crop/10:9-16:9/278k/277625/169573772/277625_rubine2_IMG_00_0000_max_476x317.jpeg; https://media.rightmove.co.uk:443/dir/crop/10:9-16:9/278k/277625/169573772/277625_rubine2_IMG_01_0000_max_476x317.jpeg; https://media.rightmove.co.uk:443/dir/crop/10:9-16:9/278k/277625/169573772/277625_rubine2_IMG_02_0000_max_476x317.jpeg; https://media.rightmove.co.uk:443/dir/crop/10:9-16:9/278k/277625/169573772/277625_rubine2_IMG_03_0000_max_476x317.jpeg"
"163417772","Suffolk","Office","Manor Road, Haverhill, Suffolk, CB9","£383 pcm","","","1","Modern Central Office - All-Inclusive Rent, Location: Prime central location Availability: Two adjoining offices - can be let separately or combined into one larger space Description Bright, modern offices available in a superb central location. ","https://www.rightmove.co.uk/properties/163417772#/?channel=COM_LET","2025-06-17T11:39:10Z","","size_change","Marketed by Preview Property Services, Haverhill","","52.07961","0.44862","https://media.rightmove.co.uk:443/dir/crop/10:9-16:9/278k/277625/163417772/277625_Rubine_IMG_00_0000_max_476x317.jpeg; https://media.rightmove.co.uk:443/dir/crop/10:9-16:9/278k/277625/163417772/277625_Rubine_IMG_01_0000_max_476x317.jpeg; https://media.rightmove.co.uk:443/dir/crop/10:9-16:9/278k/277625/163417772/277625_Rubine_IMG_02_0000_max_476x317.jpeg; https://media.rightmove.co.uk:443/dir/crop/10:9-16:9/278k/277625/163417772/277625_Rubine_IMG_05_0000_max_476x317.jpeg"
"169569977","Suffolk","Commercial Property","Slough Farm, Slough Lane, Acton, Sudbury, suffolk","£1,000 pcm","","","","LIGHT INSUTRIAL UNIT Size- 233.56 square meters- 2514 square foot Brick build building with roller shutters door and personnel door. Available for a range of used under light industrial permission.","https://www.rightmove.co.uk/properties/169569977#/?channel=COM_LET","2025-11-21T12:23:02Z","","new","Marketed by Bychoice, Sudbury","","52.086517","0.770648","https://media.rightmove.co.uk:443/dir/crop/10:9-16:9/101k/100174/169569977/100174_DPG-35843167_IMG_00_0000_max_476x317.jpeg; https://media.rightmove.co.uk:443/dir/crop/10:9-16:9/101k/100174/169569977/100174_DPG-35843167_IMG_01_0000_max_476x317.jpeg; https://media.rightmove.co.uk:443/dir/crop/10:9-16:9/101k/100174/169569977/100174_DPG-35843167_IMG_02_0000_max_476x317.jpeg; https://media.rightmove.co.uk:443/dir/crop/10:9-16:9/101k/100174/169569977/100174_DPG-35843167_IMG_03_0000_max_476x317.jpeg"
"169566578","Suffolk","Shop","London Road South, Lowestoft","£600 pcm","","","","Paul Hubbard Commercial are delighted to bring to market this fantastic and spacious shop to Let, with multiple retail rooms set over two floors!","https://www.rightmove.co.uk/properties/169566578#/?channel=COM_LET","2025-11-21T11:30:18Z","","new","Marketed by Paul Hubbard Commercial, Suffolk","","52.467708","1.744904","https://media.rightmove.co.uk:443/dir/crop/10:9-16:9/77k/76023/169566578/76023_34318785_IMG_00_0000_max_476x317.jpeg; https://media.rightmove.co.uk:443/dir/crop/10:9-16:9/77k/76023/169566578/76023_34318785_IMG_01_0000_max_476x317.jpeg; https://media.rightmove.co.uk:443/dir/crop/10:9-16:9/77k/76023/169566578/76023_34318785_IMG_02_0000_max_476x317.jpeg; https://media.rightmove.co.uk:443/dir/crop/10:9-16:9/77k/76023/169566578/76023_34318785_IMG_03_0000_max_476x317.jpeg; https://media.rightmove.co.uk:443/dir/crop/10:9-16:9/77k/76023/169566578/76023_34318785_IMG_04_0000_max_476x317.jpeg; https://media.rightmove.co.uk:443/dir/crop/10:9-16:9/77k/76023/169566578/76023_34318785_IMG_05_0000_max_476x317.jpeg; https://media.rightmove.co.uk:443/dir/crop/10:9-16:9/77k/76023/169566578/76023_34318785_IMG_06_0000_max_476x317.jpeg; https://media.rightmove.co.uk:443/dir/crop/10:9-16:9/77k/76023/169566578/76023_34318785_IMG_07_0000_max_476x317.jpeg; https://media.rightmove.co.uk:443/dir/crop/10:9-16:9/77k/76023/169566578/76023_34318785_IMG_08_0000_max_476x317.jpeg; https://media.rightmove.co.uk:443/dir/crop/10:9-16:9/77k/76023/169566578/76023_34318785_IMG_09_0000_max_476x317.jpeg"
"169566263","Suffolk","Light Industrial","Charles Industrial Estate, Stowmarket, Suffolk, IP14","£1,000 pcm","","","","Light industrial unit on Charles Industrial Estate. Gross Internal Area extending to approx. 129.92 sqm (1,398 sqft).","https://www.rightmove.co.uk/properties/169566263#/?channel=COM_LET","2025-11-21T11:25:16Z","","new","Marketed by Lacy Scott & Knight Commercial, Stowmarket","","52.191792","1","https://media.rightmove.co.uk:443/dir/crop/10:9-16:9/230k/229859/169566263/229859_STS250158_L_IMG_00_0000_max_476x317.jpeg; https://media.rightmove.co.uk:443/dir/crop/10:9-16:9/230k/229859/169566263/229859_STS250158_L_IMG_01_0000_max_476x317.jpeg; https://media.rightmove.co.uk:443/dir/crop/10:9-16:9/230k/229859/169566263/229859_STS250158_L_IMG_02_0000_max_476x317.jpeg; https://media.rightmove.co.uk:443/dir/crop/10:9-16:9/230k/229859/169566263/229859_STS250158_L_IMG_03_0000_max_476x317.jpeg; https://media.rightmove.co.uk:443/dir/crop/10:9-16:9/230k/229859/169566263/229859_STS250158_L_IMG_04_0000_max_476x317.jpeg; https://media.rightmove.co.uk:443/dir/crop/10:9-16:9/230k/229859/169566263/229859_STS250158_L_IMG_05_0000_max_476x317.jpeg; https://media.rightmove.co.uk:443/dir/crop/10:9-16:9/230k/229859/169566263/229859_STS250158_L_IMG_06_0000_max_476x317.jpeg; https://media.rightmove.co.uk:443/dir/crop/10:9-16:9/230k/229859/169566263/229859_STS250158_L_IMG_07_0000_max_476x317.jpeg; https://media.rightmove.co.uk:443/dir/crop/10:9-16:9/230k/229859/169566263/229859_STS250158_L_IMG_08_0000_max_476x317.jpeg"
"169562807","Suffolk","Storage","Tomo Road, Stowmarket, IP14 5AY","£583 pcm","","","","A terraced warehouse/storage premises of 179sq.m (1920sq.ft) located on Tomo Industrial Estate, Stowmarket","https://www.rightmove.co.uk/properties/169562807#/?channel=COM_LET","2025-11-21T10:25:08Z","","new","Marketed by Clarke and Simpson Commercial, Framlingham","","52.186249","1.005376","https://media.rightmove.co.uk:443/dir/crop/10:9-16:9/222k/221414/169562807/221414_L99626_IMG_00_0000_max_476x317.jpeg; https://media.rightmove.co.uk:443/dir/crop/10:9-16:9/222k/221414/169562807/221414_L99626_IMG_01_0000_max_476x317.jpeg; https://media.rightmove.co.uk:443/dir/crop/10:9-16:9/222k/221414/169562807/221414_L99626_IMG_02_0000_max_476x317.jpeg; https://media.rightmove.co.uk:443/dir/crop/10:9-16:9/222k/221414/169562807/221414_L99626_IMG_03_0000_max_476x317.jpeg; https://media.rightmove.co.uk:443/dir/crop/10:9-16:9/222k/221414/169562807/221414_L99626_IMG_04_0000_max_476x317.jpeg; https://media.rightmove.co.uk:443/dir/crop/10:9-16:9/222k/221414/169562807/221414_L99626_IMG_05_0000_max_476x317.jpeg; https://media.rightmove.co.uk:443/dir/crop/10:9-16:9/222k/221414/169562807/221414_L99626_IMG_06_0000_max_476x317.jpeg"
"169547429","Suffolk","Retail Property (high street)","158-162 London Road North, Lowestoft, Suffolk, NR32 1HB","£1,667 pcm","","","","Well proportioned retail shop / office with ancillary stores, office, kitchenette and staff toilet. Good frontage to London Road North and which provides a prominent display area and good levels of natural daylight. The front retail area measures approximately 14.1m (46'3"") width and 19.4m (63'7...","https://www.rightmove.co.uk/properties/169547429#/?channel=COM_LET","2025-11-20T16:54:52Z","","new","Marketed by East Surveyors Limited, East Commercial","","52.47813","1.75449","https://media.rightmove.co.uk:443/dir/crop/10:9-16:9/78k/77169/169547429/77169_6459LH_IMG_00_0000_max_476x317.jpeg; https://media.rightmove.co.uk:443/dir/crop/10:9-16:9/78k/77169/169547429/77169_6459LH_IMG_01_0000_max_476x317.jpeg; https://media.rightmove.co.uk:443/dir/crop/10:9-16:9/78k/77169/169547429/77169_6459LH_IMG_02_0000_max_476x317.jpeg; https://media.rightmove.co.uk:443/dir/crop/10:9-16:9/78k/77169/169547429/77169_6459LH_IMG_03_0000_max_476x317.jpeg; https://media.rightmove.co.uk:443/dir/crop/10:9-16:9/78k/77169/169547429/77169_6459LH_IMG_04_0000_max_476x317.jpeg"
"123745274","Suffolk","Storage","Sibton Green Farm, IP17 2JY","£846 pcm","","","","Former farm building, available for storage or workshop use, located close to A12","https://www.rightmove.co.uk/properties/123745274#/?channel=COM_LET","2022-05-27T13:11:57Z","","new","Marketed by Fennel Chartered Surveyors, Halesworth","","52.29098","1.48412","https://media.rightmove.co.uk:443/dir/crop/10:9-16:9/118k/117463/123745274/117463_southgreen_IMG_21_0001_max_476x317.jpeg; https://media.rightmove.co.uk:443/dir/crop/10:9-16:9/118k/117463/123745274/117463_southgreen_IMG_19_0001_max_476x317.jpeg; https://media.rightmove.co.uk:443/dir/crop/10:9-16:9/118k/117463/123745274/117463_southgreen_IMG_20_0001_max_476x317.jpeg; https://media.rightmove.co.uk:443/dir/crop/10:9-16:9/118k/117463/123745274/117463_southgreen_IMG_22_0001_max_476x317.jpeg; https://media.rightmove.co.uk:443/dir/crop/10:9-16:9/118k/117463/123745274/117463_southgreen_IMG_23_0001_max_476x317.jpeg; https://media.rightmove.co.uk:443/dir/crop/10:9-16:9/118k/117463/123745274/117463_southgreen_IMG_18_0000_max_476x317.jpeg; https://media.rightmove.co.uk:443/dir/crop/10:9-16:9/118k/117463/123745274/117463_southgreen_IMG_24_0001_max_476x317.jpeg; https://media.rightmove.co.uk:443/dir/crop/10:9-16:9/118k/117463/123745274/117463_southgreen_IMG_25_0001_max_476x317.jpeg; https://media.rightmove.co.uk:443/dir/crop/10:9-16:9/118k/117463/123745274/117463_southgreen_IMG_26_0001_max_476x317.jpeg"
"169542371","Suffolk","Office","33 Westgate Street, Ipswich, Suffolk, IP1 3DR","£2,500 pcm","","","","This attractive Grade II Listed property is a former fashion store in Ipswich town centre, which is arranged over ground, first and second floors, with a number of small rooms and open plan areas, plus WC facilities. Could be combined with adjoining premises at 29-31 Westgate Street. The landlord...","https://www.rightmove.co.uk/properties/169542371#/?channel=COM_LET","2025-11-20T15:38:14Z","","new","Marketed by Penn Commercial, Ipswich","","52.05814","1.15158","https://media.rightmove.co.uk:443/dir/crop/10:9-16:9/94k/93340/169542371/93340_65239157LH_IMG_00_0000_max_476x317.jpeg; https://media.rightmove.co.uk:443/dir/crop/10:9-16:9/94k/93340/169542371/93340_65239157LH_IMG_01_0000_max_476x317.jpeg; https://media.rightmove.co.uk:443/dir/crop/10:9-16:9/94k/93340/169542371/93340_65239157LH_IMG_02_0000_max_476x317.jpeg; https://media.rightmove.co.uk:443/dir/crop/10:9-16:9/94k/93340/169542371/93340_65239157LH_IMG_03_0000_max_476x317.jpeg; https://media.rightmove.co.uk:443/dir/crop/10:9-16:9/94k/93340/169542371/93340_65239157LH_IMG_04_0000_max_476x317.jpeg; https://media.rightmove.co.uk:443/dir/crop/10:9-16:9/94k/93340/169542371/93340_65239157LH_IMG_05_0000_max_476x317.jpeg; https://media.rightmove.co.uk:443/dir/crop/10:9-16:9/94k/93340/169542371/93340_65239157LH_IMG_06_0000_max_476x317.jpeg; https://media.rightmove.co.uk:443/dir/crop/10:9-16:9/94k/93340/169542371/93340_65239157LH_IMG_07_0000_max_476x317.jpeg; https://media.rightmove.co.uk:443/dir/crop/10:9-16:9/94k/93340/169542371/93340_65239157LH_IMG_08_0000_max_476x317.jpeg; https://media.rightmove.co.uk:443/dir/crop/10:9-16:9/94k/93340/169542371/93340_65239157LH_IMG_09_0000_max_476x317.jpeg; https://media.rightmove.co.uk:443/dir/crop/10:9-16:9/94k/93340/169542371/93340_65239157LH_IMG_10_0000_max_476x317.jpeg"
"167554352","Suffolk","Warehouse","Multipark, Stanton, Stanton, Bury St. Edmunds, IP31 2BG","POA","","","","Open storage To Let - 1-5 Acres with plots available from 0.5 acres - Stanton","https://www.rightmove.co.uk/properties/167554352#/?channel=COM_LET","2025-09-29T12:21:28Z","","new","Marketed by Savills, Ipswich","","52.321427","0.924083","https://media.rightmove.co.uk:443/dir/crop/10:9-16:9/215k/214097/167554352/214097_332785-2_IMG_00_0000_max_476x317.jpeg; https://media.rightmove.co.uk:443/dir/crop/10:9-16:9/215k/214097/167554352/214097_332785-2_IMG_01_0000_max_476x317.jpeg"
"169532393","Suffolk","Retail Property (high street)","33 Westgate Street, Ipswich, Suffolk, IP1 3DR","£2,500 pcm","","","","This attractive Grade II Listed property is a former fashion store in Ipswich town centre, which is arranged over ground, first and second floors, with a number of small rooms and open plan areas, plus WC facilities. Could be combined with adjoining premises at 29-31 Westgate Street. The landlord...","https://www.rightmove.co.uk/properties/169532393#/?channel=COM_LET","2025-11-20T13:00:30Z","","new","Marketed by Penn Commercial, Ipswich","","52.05814","1.15158","https://media.rightmove.co.uk:443/dir/crop/10:9-16:9/94k/93340/169532393/93340_61405062LH_IMG_00_0000_max_476x317.jpeg; https://media.rightmove.co.uk:443/dir/crop/10:9-16:9/94k/93340/169532393/93340_61405062LH_IMG_01_0000_max_476x317.jpeg; https://media.rightmove.co.uk:443/dir/crop/10:9-16:9/94k/93340/169532393/93340_61405062LH_IMG_02_0000_max_476x317.jpeg; https://media.rightmove.co.uk:443/dir/crop/10:9-16:9/94k/93340/169532393/93340_61405062LH_IMG_03_0000_max_476x317.jpeg; https://media.rightmove.co.uk:443/dir/crop/10:9-16:9/94k/93340/169532393/93340_61405062LH_IMG_04_0000_max_476x317.jpeg; https://media.rightmove.co.uk:443/dir/crop/10:9-16:9/94k/93340/169532393/93340_61405062LH_IMG_05_0000_max_476x317.jpeg; https://media.rightmove.co.uk:443/dir/crop/10:9-16:9/94k/93340/169532393/93340_61405062LH_IMG_06_0000_max_476x317.jpeg; https://media.rightmove.co.uk:443/dir/crop/10:9-16:9/94k/93340/169532393/93340_61405062LH_IMG_07_0000_max_476x317.jpeg; https://media.rightmove.co.uk:443/dir/crop/10:9-16:9/94k/93340/169532393/93340_61405062LH_IMG_08_0000_max_476x317.jpeg; https://media.rightmove.co.uk:443/dir/crop/10:9-16:9/94k/93340/169532393/93340_61405062LH_IMG_09_0000_max_476x317.jpeg"
"58252710","Suffolk","Retail Property (high street)","18 High Street, Saxmundham, Suffolk, IP17","£375 pcm","","","","Lockup High Street unit prominently located in Saxmundham, close to Waitrose. Would suit office, restaurant or retail use. Fixtures can be made available or removed as required.","https://www.rightmove.co.uk/properties/58252710#/?channel=COM_LET","2018-11-20T15:21:51Z","","new","Marketed by Fennel Chartered Surveyors, Halesworth","","52.21402","1.49215","https://media.rightmove.co.uk:443/dir/crop/10:9-16:9/118k/117463/58252710/117463_whitehartrestaurant_IMG_12_0000_max_476x317.jpeg; https://media.rightmove.co.uk:443/dir/crop/10:9-16:9/118k/117463/58252710/117463_whitehartrestaurant_IMG_17_0000_max_476x317.jpeg; https://media.rightmove.co.uk:443/dir/crop/10:9-16:9/118k/117463/58252710/117463_whitehartrestaurant_IMG_08_0000_max_476x317.jpeg; https://media.rightmove.co.uk:443/dir/crop/10:9-16:9/118k/117463/58252710/117463_whitehartrestaurant_IMG_11_0000_max_476x317.jpeg; https://media.rightmove.co.uk:443/dir/crop/10:9-16:9/118k/117463/58252710/117463_whitehartrestaurant_IMG_10_0000_max_476x317.jpeg; https://media.rightmove.co.uk:443/dir/crop/10:9-16:9/118k/117463/58252710/117463_whitehartrestaurant_IMG_13_0001_max_476x317.jpeg; https://media.rightmove.co.uk:443/dir/crop/10:9-16:9/118k/117463/58252710/117463_whitehartrestaurant_IMG_14_0001_max_476x317.jpeg; https://media.rightmove.co.uk:443/dir/crop/10:9-16:9/118k/117463/58252710/117463_whitehartrestaurant_IMG_15_0001_max_476x317.jpeg; https://media.rightmove.co.uk:443/dir/crop/10:9-16:9/118k/117463/58252710/117463_whitehartrestaurant_IMG_16_0000_max_476x317.jpeg; https://media.rightmove.co.uk:443/dir/crop/10:9-16:9/118k/117463/58252710/117463_whitehartrestaurant_IMG_18_0000_max_476x317.jpeg; https://media.rightmove.co.uk:443/dir/crop/10:9-16:9/118k/117463/58252710/117463_whitehartrestaurant_IMG_19_0000_max_476x317.jpeg; https://media.rightmove.co.uk:443/dir/crop/10:9-16:9/118k/117463/58252710/117463_whitehartrestaurant_IMG_20_0000_max_476x317.jpeg; https://media.rightmove.co.uk:443/dir/crop/10:9-16:9/118k/117463/58252710/117463_whitehartrestaurant_IMG_21_0000_max_476x317.jpeg; https://media.rightmove.co.uk:443/dir/crop/10:9-16:9/118k/117463/58252710/117463_whitehartrestaurant_IMG_22_0000_max_476x317.jpeg; https://media.rightmove.co.uk:443/dir/crop/10:9-16:9/118k/117463/58252710/117463_whitehartrestaurant_IMG_23_0000_max_476x317.jpeg"
"169526252","Suffolk","Office","Bevan Street East, Lowestoft","£1,667 pcm","","","","Prominent Town Centre Commercial Premises To LetAn excellent opportunity to lease a highly versatile commercial property situated in the very heart of Lowestoft’s busy town centre. Offering exceptional flexibility, the premises are suitable for a wide range of retail, office, or service-bas...","https://www.rightmove.co.uk/properties/169526252#/?channel=COM_LET","2025-11-20T11:38:58Z","","new","Marketed by Steel & Co Commercial Property Services, Lowestoft","","52.475582","1.749319","https://media.rightmove.co.uk:443/dir/crop/10:9-16:9/66k/65427/169526252/65427_10118865_IMG_00_0000_max_476x317.jpeg; https://media.rightmove.co.uk:443/dir/crop/10:9-16:9/66k/65427/169526252/65427_10118865_IMG_01_0000_max_476x317.jpeg; https://media.rightmove.co.uk:443/dir/crop/10:9-16:9/66k/65427/169526252/65427_10118865_IMG_02_0000_max_476x317.jpeg; https://media.rightmove.co.uk:443/dir/crop/10:9-16:9/66k/65427/169526252/65427_10118865_IMG_03_0000_max_476x317.jpeg; https://media.rightmove.co.uk:443/dir/crop/10:9-16:9/66k/65427/169526252/65427_10118865_IMG_04_0000_max_476x317.jpeg; https://media.rightmove.co.uk:443/dir/crop/10:9-16:9/66k/65427/169526252/65427_10118865_IMG_05_0000_max_476x317.jpeg; https://media.rightmove.co.uk:443/dir/crop/10:9-16:9/66k/65427/169526252/65427_10118865_IMG_06_0000_max_476x317.jpeg; https://media.rightmove.co.uk:443/dir/crop/10:9-16:9/66k/65427/169526252/65427_10118865_IMG_07_0000_max_476x317.jpeg; https://media.rightmove.co.uk:443/dir/crop/10:9-16:9/66k/65427/169526252/65427_10118865_IMG_08_0000_max_476x317.jpeg; https://media.rightmove.co.uk:443/dir/crop/10:9-16:9/66k/65427/169526252/65427_10118865_IMG_09_0000_max_476x317.jpeg; https://media.rightmove.co.uk:443/dir/crop/10:9-16:9/66k/65427/169526252/65427_10118865_IMG_10_0000_max_476x317.jpeg; https://media.rightmove.co.uk:443/dir/crop/10:9-16:9/66k/65427/169526252/65427_10118865_IMG_11_0000_max_476x317.jpeg; https://media.rightmove.co.uk:443/dir/crop/10:9-16:9/66k/65427/169526252/65427_10118865_IMG_12_0000_max_476x317.jpeg; https://media.rightmove.co.uk:443/dir/crop/10:9-16:9/66k/65427/169526252/65427_10118865_IMG_13_0000_max_476x317.jpeg; https://media.rightmove.co.uk:443/dir/crop/10:9-16:9/66k/65427/169526252/65427_10118865_IMG_14_0000_max_476x317.jpeg; https://media.rightmove.co.uk:443/dir/crop/10:9-16:9/66k/65427/169526252/65427_10118865_IMG_15_0000_max_476x317.jpeg; https://media.rightmove.co.uk:443/dir/crop/10:9-16:9/66k/65427/169526252/65427_10118865_IMG_16_0000_max_476x317.jpeg; https://media.rightmove.co.uk:443/dir/crop/10:9-16:9/66k/65427/169526252/65427_10118865_IMG_17_0000_max_476x317.jpeg; https://media.rightmove.co.uk:443/dir/crop/10:9-16:9/66k/65427/169526252/65427_10118865_IMG_18_0000_max_476x317.jpeg"
"169524449","Suffolk","Light Industrial","Storage Warehouse To Let Near Haverhill, Suffolk","£550 pcm","","","","Approx. 1000sqft Storage warehouse To Let Near Haverhill, Suffolk ","https://www.rightmove.co.uk/properties/169524449#/?channel=COM_LET","2025-11-20T11:16:32Z","","new","Marketed by Howie Kent & Co Ltd, Essex","","52.114101","0.45836","https://media.rightmove.co.uk:443/dir/crop/10:9-16:9/229k/228701/169524449/228701_HKC10470_IMG_00_0000_max_476x317.jpeg; https://media.rightmove.co.uk:443/dir/crop/10:9-16:9/229k/228701/169524449/228701_HKC10470_IMG_01_0000_max_476x317.jpeg; https://media.rightmove.co.uk:443/dir/crop/10:9-16:9/229k/228701/169524449/228701_HKC10470_IMG_02_0000_max_476x317.jpeg; https://media.rightmove.co.uk:443/dir/crop/10:9-16:9/229k/228701/169524449/228701_HKC10470_IMG_03_0000_max_476x317.jpeg; https://media.rightmove.co.uk:443/dir/crop/10:9-16:9/229k/228701/169524449/228701_HKC10470_IMG_04_0000_max_476x317.jpeg"
"169492271","Suffolk","Commercial Property","Hamilton Road, Felixstowe","£1,125 pcm","","","","A rarely available retail shop premises measuring 797 square feet situated on Hamilton Road in Felixstowe town centre with one off street parking space to the rear.","https://www.rightmove.co.uk/properties/169492271#/?channel=COM_LET","2025-11-19T14:12:47Z","","new","Marketed by Diamond Mills & Co, Felixstowe","","51.96455","1.3517","https://media.rightmove.co.uk:443/dir/crop/10:9-16:9/10k/9031/169492271/9031_100958008081_IMG_00_0000_max_476x317.jpeg; https://media.rightmove.co.uk:443/dir/crop/10:9-16:9/10k/9031/169492271/9031_100958008081_IMG_01_0000_max_476x317.jpeg"
"160407617","Suffolk","Retail Property (high street)","Bevan Street East, Lowestoft","£667 pcm","","","","Prime Retail Unit Available to LeaseBevan Street, Lowestoft Town Centre Positioned in the heart of Lowestoft’s vibrant town centre, this exceptional retail unit offers an unparalleled opportunity for businesses seeking high street visibility and convenience. Located within a short distan...","https://www.rightmove.co.uk/properties/160407617#/?channel=COM_LET","2025-04-08T14:18:55Z","","new","Marketed by Steel & Co Commercial Property Services, Lowestoft","","52.475006","1.74958","https://media.rightmove.co.uk:443/dir/crop/10:9-16:9/66k/65427/160407617/65427_9749567_IMG_00_0000_max_476x317.jpeg; https://media.rightmove.co.uk:443/dir/crop/10:9-16:9/66k/65427/160407617/65427_9749567_IMG_01_0000_max_476x317.jpeg; https://media.rightmove.co.uk:443/dir/crop/10:9-16:9/66k/65427/160407617/65427_9749567_IMG_02_0000_max_476x317.jpeg; https://media.rightmove.co.uk:443/dir/crop/10:9-16:9/66k/65427/160407617/65427_9749567_IMG_03_0000_max_476x317.jpeg; https://media.rightmove.co.uk:443/dir/crop/10:9-16:9/66k/65427/160407617/65427_9749567_IMG_04_0000_max_476x317.jpeg; https://media.rightmove.co.uk:443/dir/crop/10:9-16:9/66k/65427/160407617/65427_9749567_IMG_05_0000_max_476x317.jpeg; https://media.rightmove.co.uk:443/dir/crop/10:9-16:9/66k/65427/160407617/65427_9749567_IMG_06_0000_max_476x317.jpeg; https://media.rightmove.co.uk:443/dir/crop/10:9-16:9/66k/65427/160407617/65427_9749567_IMG_07_0000_max_476x317.jpeg"
"167765969","Suffolk","Office","Shop, 51a High Street","£450 pcm","","","","SUPERB BUSINESS OPPORTUNITY IN A PRIME COASTAL LOCATION Lisa´s Homes are delighted to present this fantastic Shop/Office space located on the ever-popular High Street, just a short stroll from our award-winning beach. SPECIAL OFFER: ENJOY 1 MONTH FREE RENT WHEN YOU MOVE IN! Don´t mis...","https://www.rightmove.co.uk/properties/167765969#/?channel=COM_LET","2025-10-03T12:59:18Z","","price_reduced","Marketed by Lisa's Homes, Lowestoft","","52.48215","1.75601","https://media.rightmove.co.uk:443/dir/crop/10:9-16:9/216k/215402/167765969/215402_102619000706_IMG_00_0000_max_476x317.jpeg; https://media.rightmove.co.uk:443/dir/crop/10:9-16:9/216k/215402/167765969/215402_102619000706_IMG_01_0000_max_476x317.jpeg; https://media.rightmove.co.uk:443/dir/crop/10:9-16:9/216k/215402/167765969/215402_102619000706_IMG_02_0000_max_476x317.jpeg; https://media.rightmove.co.uk:443/dir/crop/10:9-16:9/216k/215402/167765969/215402_102619000706_IMG_03_0000_max_476x317.jpeg; https://media.rightmove.co.uk:443/dir/crop/10:9-16:9/216k/215402/167765969/215402_102619000706_IMG_04_0000_max_476x317.jpeg; https://media.rightmove.co.uk:443/dir/crop/10:9-16:9/216k/215402/167765969/215402_102619000706_IMG_05_0000_max_476x317.jpeg; https://media.rightmove.co.uk:443/dir/crop/10:9-16:9/216k/215402/167765969/215402_102619000706_IMG_06_0000_max_476x317.jpeg; https://media.rightmove.co.uk:443/dir/crop/10:9-16:9/216k/215402/167765969/215402_102619000706_IMG_07_0000_max_476x317.jpeg; https://media.rightmove.co.uk:443/dir/crop/10:9-16:9/216k/215402/167765969/215402_102619000706_IMG_08_0000_max_476x317.jpeg; https://media.rightmove.co.uk:443/dir/crop/10:9-16:9/216k/215402/167765969/215402_102619000706_IMG_09_0000_max_476x317.jpeg; https://media.rightmove.co.uk:443/dir/crop/10:9-16:9/216k/215402/167765969/215402_102619000706_IMG_10_0000_max_476x317.jpeg; https://media.rightmove.co.uk:443/dir/crop/10:9-16:9/216k/215402/167765969/215402_102619000706_IMG_11_0000_max_476x317.jpeg; https://media.rightmove.co.uk:443/dir/crop/10:9-16:9/216k/215402/167765969/215402_102619000706_IMG_12_0000_max_476x317.jpeg"
"169410830","Suffolk","Office","Acer Road, IP12","POA","","","","The building is split over three floors (although only two are available to let) and boasts an impressive reception area. The office space is well-proportioned and can accommodate a range of team sizes, from small start-ups to larger established companies. There is also generous parking available.","https://www.rightmove.co.uk/properties/169410830#/?channel=COM_LET","2025-11-17T15:46:35Z","","new","Marketed by Penn Commercial, Ipswich","","52.13159","1.42299","https://media.rightmove.co.uk:443/dir/crop/10:9-16:9/94k/93340/169410830/93340_PENN20_IMG_21_0000_max_476x317.jpeg; https://media.rightmove.co.uk:443/dir/crop/10:9-16:9/94k/93340/169410830/93340_PENN20_IMG_22_0000_max_476x317.jpeg; https://media.rightmove.co.uk:443/dir/crop/10:9-16:9/94k/93340/169410830/93340_PENN20_IMG_26_0000_max_476x317.jpeg; https://media.rightmove.co.uk:443/dir/crop/10:9-16:9/94k/93340/169410830/93340_PENN20_IMG_25_0000_max_476x317.jpeg; https://media.rightmove.co.uk:443/dir/crop/10:9-16:9/94k/93340/169410830/93340_PENN20_IMG_23_0000_max_476x317.jpeg; https://media.rightmove.co.uk:443/dir/crop/10:9-16:9/94k/93340/169410830/93340_PENN20_IMG_24_0000_max_476x317.jpeg; https://media.rightmove.co.uk:443/dir/crop/10:9-16:9/94k/93340/169410830/93340_PENN20_IMG_27_0000_max_476x317.jpeg; https://media.rightmove.co.uk:443/dir/crop/10:9-16:9/94k/93340/169410830/93340_PENN20_IMG_00_0000_max_476x317.jpeg; https://media.rightmove.co.uk:443/dir/crop/10:9-16:9/94k/93340/169410830/93340_PENN20_IMG_01_0000_max_476x317.jpeg; https://media.rightmove.co.uk:443/dir/crop/10:9-16:9/94k/93340/169410830/93340_PENN20_IMG_02_0000_max_476x317.jpeg; https://media.rightmove.co.uk:443/dir/crop/10:9-16:9/94k/93340/169410830/93340_PENN20_IMG_03_0000_max_476x317.jpeg; https://media.rightmove.co.uk:443/dir/crop/10:9-16:9/94k/93340/169410830/93340_PENN20_IMG_04_0000_max_476x317.jpeg; https://media.rightmove.co.uk:443/dir/crop/10:9-16:9/94k/93340/169410830/93340_PENN20_IMG_05_0000_max_476x317.jpeg; https://media.rightmove.co.uk:443/dir/crop/10:9-16:9/94k/93340/169410830/93340_PENN20_IMG_06_0000_max_476x317.jpeg; https://media.rightmove.co.uk:443/dir/crop/10:9-16:9/94k/93340/169410830/93340_PENN20_IMG_07_0000_max_476x317.jpeg; https://media.rightmove.co.uk:443/dir/crop/10:9-16:9/94k/93340/169410830/93340_PENN20_IMG_08_0000_max_476x317.jpeg; https://media.rightmove.co.uk:443/dir/crop/10:9-16:9/94k/93340/169410830/93340_PENN20_IMG_09_0000_max_476x317.jpeg; https://media.rightmove.co.uk:443/dir/crop/10:9-16:9/94k/93340/169410830/93340_PENN20_IMG_10_0000_max_476x317.jpeg; https://media.rightmove.co.uk:443/dir/crop/10:9-16:9/94k/93340/169410830/93340_PENN20_IMG_11_0000_max_476x317.jpeg; https://media.rightmove.co.uk:443/dir/crop/10:9-16:9/94k/93340/169410830/93340_PENN20_IMG_12_0000_max_476x317.jpeg; https://media.rightmove.co.uk:443/dir/crop/10:9-16:9/94k/93340/169410830/93340_PENN20_IMG_13_0000_max_476x317.jpeg; https://media.rightmove.co.uk:443/dir/crop/10:9-16:9/94k/93340/169410830/93340_PENN20_IMG_14_0000_max_476x317.jpeg; https://media.rightmove.co.uk:443/dir/crop/10:9-16:9/94k/93340/169410830/93340_PENN20_IMG_15_0000_max_476x317.jpeg; https://media.rightmove.co.uk:443/dir/crop/10:9-16:9/94k/93340/169410830/93340_PENN20_IMG_16_0000_max_476x317.jpeg; https://media.rightmove.co.uk:443/dir/crop/10:9-16:9/94k/93340/169410830/93340_PENN20_IMG_17_0000_max_476x317.jpeg; https://media.rightmove.co.uk:443/dir/crop/10:9-16:9/94k/93340/169410830/93340_PENN20_IMG_18_0000_max_476x317.jpeg; https://media.rightmove.co.uk:443/dir/crop/10:9-16:9/94k/93340/169410830/93340_PENN20_IMG_19_0000_max_476x317.jpeg; https://media.rightmove.co.uk:443/dir/crop/10:9-16:9/94k/93340/169410830/93340_PENN20_IMG_20_0000_max_476x317.jpeg"
"158797556","Suffolk","Warehouse","Unit B, Walk Farm Business Units, Felixstowe Road, Levington, Ipswich, Suffolk, IP10","£2,667 pcm","","","","The property comprises a recently refurbished detached warehouse of steel portal frame construction with part brickwork/insulated profile clad elevations, beneath a pitched insulated profile sheet roof. The unit comprises a large open warehouse area together with further stores and a tea-point. ...","https://www.rightmove.co.uk/properties/158797556#/?channel=COM_LET","2025-02-27T17:51:49Z","","size_change","Marketed by Fenn Wright, Ipswich Commercial Sales and Lettings","","52.008183","1.280539","https://media.rightmove.co.uk:443/dir/crop/10:9-16:9/162k/161330/158797556/161330_14870645LH_IMG_00_0000_max_476x317.jpeg; https://media.rightmove.co.uk:443/dir/crop/10:9-16:9/162k/161330/158797556/161330_14870645LH_IMG_01_0000_max_476x317.jpeg; https://media.rightmove.co.uk:443/dir/crop/10:9-16:9/162k/161330/158797556/161330_14870645LH_IMG_02_0000_max_476x317.jpeg; https://media.rightmove.co.uk:443/dir/crop/10:9-16:9/162k/161330/158797556/161330_14870645LH_IMG_03_0000_max_476x317.jpeg"
"162103190","Suffolk","Office","Wimbledon Avenue, Brandon, Suffolk, IP27","£745 pcm","","","","Versatile 943 sq ft business unit on a busy Brandon industrial estate, offering open-plan space with a useful partitioned room. Ideal for small or micro businesses needing flexible, affordable workspace close to local amenities.","https://www.rightmove.co.uk/properties/162103190#/?channel=COM_LET","2025-05-19T08:56:11Z","","price_reduced","Marketed by Menta, Suffolk","","52.43785","0.60897","https://media.rightmove.co.uk:443/dir/crop/10:9-16:9/275k/274565/162103190/274565_Unit12_IMG_03_0000_max_476x317.jpeg; https://media.rightmove.co.uk:443/dir/crop/10:9-16:9/275k/274565/162103190/274565_Unit12_IMG_00_0000_max_476x317.jpeg; https://media.rightmove.co.uk:443/dir/crop/10:9-16:9/275k/274565/162103190/274565_Unit12_IMG_01_0000_max_476x317.jpeg; https://media.rightmove.co.uk:443/dir/crop/10:9-16:9/275k/274565/162103190/274565_Unit12_IMG_02_0000_max_476x317.jpeg; https://media.rightmove.co.uk:443/dir/crop/10:9-16:9/275k/274565/162103190/274565_Unit12_IMG_04_0000_max_476x317.jpeg"
"169400108","Suffolk","Light Industrial","Newcombe Road, Lowestoft","£1,000 pcm","","","","Brand New Contemporary Business Units The Nexus development is a regeneration scheme carried out by East Suffolk Council of sixteen purpose built business units of varying sizes ranging from 35 sq m to 401.5 sq m. The units provide open plan production/storage areas with the opportunity to instal...","https://www.rightmove.co.uk/properties/169400108#/?channel=COM_LET","2025-11-17T12:22:14Z","","new","Marketed by Bycroft Commercial, Great Yarmouth","","52.4791","1.75855","https://media.rightmove.co.uk:443/dir/crop/10:9-16:9/211k/210365/169400108/210365_101177013372_IMG_00_0000_max_476x317.jpeg; https://media.rightmove.co.uk:443/dir/crop/10:9-16:9/211k/210365/169400108/210365_101177013372_IMG_01_0000_max_476x317.jpeg; https://media.rightmove.co.uk:443/dir/crop/10:9-16:9/211k/210365/169400108/210365_101177013372_IMG_02_0000_max_476x317.jpeg; https://media.rightmove.co.uk:443/dir/crop/10:9-16:9/211k/210365/169400108/210365_101177013372_IMG_03_0000_max_476x317.jpeg; https://media.rightmove.co.uk:443/dir/crop/10:9-16:9/211k/210365/169400108/210365_101177013372_IMG_04_0000_max_476x317.jpeg"
"169392350","Suffolk","Office","High Street, Newmarket, Suffolk, CB8","£400 pcm","","","","Office 3 benefiting from 240sq.ft of office space, recently refurbished communal coffee/tea area with designated ladies and gent's toilets.","https://www.rightmove.co.uk/properties/169392350#/?channel=COM_LET","2025-11-17T10:22:48Z","","new","Marketed by Manor Properties Investments, Newmarket","","52.24174","0.40085","https://media.rightmove.co.uk:443/dir/crop/10:9-16:9/property-photo/3ce9e89ce/169392350/3ce9e89cee0fb3df005f6726fbefcdec_max_476x317.jpeg; https://media.rightmove.co.uk:443/dir/crop/10:9-16:9/property-photo/8caa0030e/169392350/8caa0030e77915a8cf4d71a461f44078_max_476x317.jpeg; https://media.rightmove.co.uk:443/dir/crop/10:9-16:9/property-photo/548c606da/169392350/548c606da19b1daeb70c699d130fc144_max_476x317.jpeg; https://media.rightmove.co.uk:443/dir/crop/10:9-16:9/property-photo/fea4bc255/169392350/fea4bc2557c30a1c8fbde19c19f3ca1b_max_476x317.jpeg; https://media.rightmove.co.uk:443/dir/crop/10:9-16:9/property-photo/b865ce6bc/169392350/b865ce6bcf1b6dcbbfbdfdab38042d50_max_476x317.jpeg; https://media.rightmove.co.uk:443/dir/crop/10:9-16:9/property-photo/79fdfdf5d/169392350/79fdfdf5d00b250fde4c6026ab4bd594_max_476x317.jpeg"
"169388813","Suffolk","Warehouse","HQ East, Anglo Saxon Way, Rougham, Bury St. Edmunds, Suffolk, IP30 9XH","POA","","","","HQ East will be a flagship development offering seven self-contained office, warehouse, and production units. Designed for ambitious occupiers, these high-specification spaces propose to combine modern functionality with sustainable performance, creating the perfect environment for logistics, lig...","https://www.rightmove.co.uk/properties/169388813#/?channel=COM_LET","2025-11-17T09:23:14Z","","new","Marketed by Eddisons Commercial Limited, Bury St. Edmunds","","52.240902","0.780419","https://media.rightmove.co.uk:443/dir/crop/10:9-16:9/237k/236930/169388813/236930_3023418LH_IMG_00_0000_max_476x317.jpeg; https://media.rightmove.co.uk:443/dir/crop/10:9-16:9/237k/236930/169388813/236930_3023418LH_IMG_01_0000_max_476x317.jpeg; https://media.rightmove.co.uk:443/dir/crop/10:9-16:9/237k/236930/169388813/236930_3023418LH_IMG_02_0000_max_476x317.jpeg; https://media.rightmove.co.uk:443/dir/crop/10:9-16:9/237k/236930/169388813/236930_3023418LH_IMG_03_0000_max_476x317.jpeg; https://media.rightmove.co.uk:443/dir/crop/10:9-16:9/237k/236930/169388813/236930_3023418LH_IMG_04_0000_max_476x317.jpeg"
"169350806","Suffolk","Commercial Property","High Street, Lowestoft","£700 pcm","","","","This well-presented commercial unit occupies a prime position on Lowestoft’s historic High Street, offering excellent visibility, strong footfall, and a prominent frontage. Ideally located within one of the town’s most established retail areas, the property provides a fantastic opport...","https://www.rightmove.co.uk/properties/169350806#/?channel=COM_LET","2025-11-14T14:41:32Z","","new","Marketed by Steel & Co Commercial Property Services, Lowestoft","","52.48222","1.756116","https://media.rightmove.co.uk:443/dir/crop/10:9-16:9/66k/65427/169350806/65427_12773768_IMG_00_0000_max_476x317.jpeg; https://media.rightmove.co.uk:443/dir/crop/10:9-16:9/66k/65427/169350806/65427_12773768_IMG_01_0000_max_476x317.jpeg; https://media.rightmove.co.uk:443/dir/crop/10:9-16:9/66k/65427/169350806/65427_12773768_IMG_02_0000_max_476x317.jpeg; https://media.rightmove.co.uk:443/dir/crop/10:9-16:9/66k/65427/169350806/65427_12773768_IMG_03_0000_max_476x317.jpeg; https://media.rightmove.co.uk:443/dir/crop/10:9-16:9/66k/65427/169350806/65427_12773768_IMG_04_0000_max_476x317.jpeg; https://media.rightmove.co.uk:443/dir/crop/10:9-16:9/66k/65427/169350806/65427_12773768_IMG_05_0000_max_476x317.jpeg; https://media.rightmove.co.uk:443/dir/crop/10:9-16:9/66k/65427/169350806/65427_12773768_IMG_06_0000_max_476x317.jpeg; https://media.rightmove.co.uk:443/dir/crop/10:9-16:9/66k/65427/169350806/65427_12773768_IMG_07_0000_max_476x317.jpeg"
"154193606","Suffolk","Office","Nags Corner, Wiston Road, Nayland, Suffolk, CO6","£555 pcm","","","","This centre offers modern managed office space of 28 units ranging from 70 sq ft to 1,000 sq ft. The office benefit from carpeting, 24 hour access and shared kitchenette & W/C facilities. Externally there is adequate on site car parking along with rural views overlooking Dedham Vale. ACCOMMODAT...","https://www.rightmove.co.uk/properties/154193606#/?channel=COM_LET","2024-10-25T11:39:46Z","","size_change","Marketed by Fenn Wright, Colchester Business Park Commercial Sales & Lettings","","51.972012","0.862646","https://media.rightmove.co.uk:443/dir/crop/10:9-16:9/182k/181355/154193606/181355_14870473LH_IMG_37_0000_max_476x317.jpeg; https://media.rightmove.co.uk:443/dir/crop/10:9-16:9/182k/181355/154193606/181355_14870473LH_IMG_48_0000_max_476x317.jpeg; https://media.rightmove.co.uk:443/dir/crop/10:9-16:9/182k/181355/154193606/181355_14870473LH_IMG_49_0000_max_476x317.jpeg; https://media.rightmove.co.uk:443/dir/crop/10:9-16:9/182k/181355/154193606/181355_14870473LH_IMG_50_0000_max_476x317.jpeg; https://media.rightmove.co.uk:443/dir/crop/10:9-16:9/182k/181355/154193606/181355_14870473LH_IMG_47_0000_max_476x317.jpeg; https://media.rightmove.co.uk:443/dir/crop/10:9-16:9/182k/181355/154193606/181355_14870473LH_IMG_51_0000_max_476x317.jpeg; https://media.rightmove.co.uk:443/dir/crop/10:9-16:9/182k/181355/154193606/181355_14870473LH_IMG_52_0000_max_476x317.jpeg; https://media.rightmove.co.uk:443/dir/crop/10:9-16:9/182k/181355/154193606/181355_14870473LH_IMG_53_0000_max_476x317.jpeg; https://media.rightmove.co.uk:443/dir/crop/10:9-16:9/182k/181355/154193606/181355_14870473LH_IMG_54_0000_max_476x317.jpeg; https://media.rightmove.co.uk:443/dir/crop/10:9-16:9/182k/181355/154193606/181355_14870473LH_IMG_55_0000_max_476x317.jpeg; https://media.rightmove.co.uk:443/dir/crop/10:9-16:9/182k/181355/154193606/181355_14870473LH_IMG_56_0000_max_476x317.jpeg; https://media.rightmove.co.uk:443/dir/crop/10:9-16:9/182k/181355/154193606/181355_14870473LH_IMG_57_0000_max_476x317.jpeg; https://media.rightmove.co.uk:443/dir/crop/10:9-16:9/182k/181355/154193606/181355_14870473LH_IMG_15_0000_max_476x317.jpeg"
"169316924","Suffolk","Shop","High Street, Aldeburgh, Suffolk","£1,667 pcm","","","","A ground floor retail unit or former office premises located along the High Street in a prime position in the centre of the popular coastal town of Aldeburgh.  ","https://www.rightmove.co.uk/properties/169316924#/?channel=COM_LET","2025-11-13T16:47:40Z","","new","Marketed by Clarke and Simpson Commercial, Framlingham","","52.150902","1.600902","https://media.rightmove.co.uk:443/dir/crop/10:9-16:9/222k/221414/169316924/221414_L129666_IMG_00_0001_max_476x317.jpeg; https://media.rightmove.co.uk:443/dir/crop/10:9-16:9/222k/221414/169316924/221414_L129666_IMG_01_0001_max_476x317.jpeg; https://media.rightmove.co.uk:443/dir/crop/10:9-16:9/222k/221414/169316924/221414_L129666_IMG_02_0001_max_476x317.jpeg; https://media.rightmove.co.uk:443/dir/crop/10:9-16:9/222k/221414/169316924/221414_L129666_IMG_03_0001_max_476x317.jpeg; https://media.rightmove.co.uk:443/dir/crop/10:9-16:9/222k/221414/169316924/221414_L129666_IMG_04_0001_max_476x317.jpeg; https://media.rightmove.co.uk:443/dir/crop/10:9-16:9/222k/221414/169316924/221414_L129666_IMG_05_0000_max_476x317.jpeg"
"167033321","Suffolk","Office","Unit 2 - Great Gilbert Farm","£995 pcm","","","","This substantial West Facing 565 square foot office/business space is ideally located just on the edge of the village of Capel St Mary with the A12 and Mainline to London close by. The space enjoys a dedicated kitchenette and shared toilets/shower with unit 3.","https://www.rightmove.co.uk/properties/167033321#/?channel=COM_LET","2025-09-16T10:00:14Z","","price_reduced","Marketed by Grier & Partners, East Bergholt","","51.995333","1.045476","https://media.rightmove.co.uk:443/dir/crop/10:9-16:9/77k/76193/167033321/76193_103050002093_IMG_00_0000_max_476x317.jpeg; https://media.rightmove.co.uk:443/dir/crop/10:9-16:9/77k/76193/167033321/76193_103050002093_IMG_01_0000_max_476x317.jpeg; https://media.rightmove.co.uk:443/dir/crop/10:9-16:9/77k/76193/167033321/76193_103050002093_IMG_02_0000_max_476x317.jpeg; https://media.rightmove.co.uk:443/dir/crop/10:9-16:9/77k/76193/167033321/76193_103050002093_IMG_03_0000_max_476x317.jpeg; https://media.rightmove.co.uk:443/dir/crop/10:9-16:9/77k/76193/167033321/76193_103050002093_IMG_04_0000_max_476x317.jpeg; https://media.rightmove.co.uk:443/dir/crop/10:9-16:9/77k/76193/167033321/76193_103050002093_IMG_05_0000_max_476x317.jpeg; https://media.rightmove.co.uk:443/dir/crop/10:9-16:9/77k/76193/167033321/76193_103050002093_IMG_06_0000_max_476x317.jpeg"
"150674489","Suffolk","Office","Blyth Road, Southwold, Suffolk, IP18","£950 pcm","","","1","Modern 505 sq ft business unit on Blyth Road, Southwold, with private entrance, own WC, ultrafast Wi-Fi, security system, and water supply available. Flexible space ideal for small or micro businesses, creative studios, offices, or professional services, close to local amenities and the town centre.","https://www.rightmove.co.uk/properties/150674489#/?channel=COM_LET","2024-07-26T11:36:59Z","","price_reduced","Marketed by Menta, Suffolk","","52.33033","1.67468","https://media.rightmove.co.uk:443/dir/crop/10:9-16:9/275k/274565/150674489/274565_Unit6_IMG_06_0000_max_476x317.jpeg; https://media.rightmove.co.uk:443/dir/crop/10:9-16:9/275k/274565/150674489/274565_Unit6_IMG_00_0000_max_476x317.jpeg; https://media.rightmove.co.uk:443/dir/crop/10:9-16:9/275k/274565/150674489/274565_Unit6_IMG_01_0000_max_476x317.jpeg; https://media.rightmove.co.uk:443/dir/crop/10:9-16:9/275k/274565/150674489/274565_Unit6_IMG_02_0000_max_476x317.jpeg; https://media.rightmove.co.uk:443/dir/crop/10:9-16:9/275k/274565/150674489/274565_Unit6_IMG_03_0000_max_476x317.jpeg; https://media.rightmove.co.uk:443/dir/crop/10:9-16:9/275k/274565/150674489/274565_Unit6_IMG_04_0000_max_476x317.jpeg; https://media.rightmove.co.uk:443/dir/crop/10:9-16:9/275k/274565/150674489/274565_Unit6_IMG_05_0000_max_476x317.jpeg; https://media.rightmove.co.uk:443/dir/crop/10:9-16:9/275k/274565/150674489/274565_Unit6_IMG_07_0000_max_476x317.jpeg"
"722701065592737","Suffolk","Serviced Office","Station Yard, Blyth Road, Southwold, Suffolk","£950 pcm","","","","Modern 505 sq ft business unit on Blyth Road, Southwold, with private entrance, own WC, ultrafast Wi-Fi, security system, and water supply available. Flexible space ideal for small or micro businesses, creative studios, offices, or professional services, close to local amenities and the town centre.","https://www.rightmove.co.uk/properties/722701065592737#/?channel=COM_LET","2025-12-02T13:19:02Z","","price_reduced","Marketed by Menta, Suffolk","","52.330379","1.674788","https://media.rightmove.co.uk:443/dir/crop/10:9-16:9/275k/274565/722701065592737/274565_UNIT5SWD_IMG_00_0001_max_476x317.jpeg; https://media.rightmove.co.uk:443/dir/crop/10:9-16:9/275k/274565/722701065592737/274565_UNIT5SWD_IMG_01_0001_max_476x317.jpeg; https://media.rightmove.co.uk:443/dir/crop/10:9-16:9/275k/274565/722701065592737/274565_UNIT5SWD_IMG_02_0001_max_476x317.jpeg; https://media.rightmove.co.uk:443/dir/crop/10:9-16:9/275k/274565/722701065592737/274565_UNIT5SWD_IMG_03_0001_max_476x317.jpeg; https://media.rightmove.co.uk:443/dir/crop/10:9-16:9/275k/274565/722701065592737/274565_UNIT5SWD_IMG_04_0001_max_476x317.jpeg; https://media.rightmove.co.uk:443/dir/crop/10:9-16:9/275k/274565/722701065592737/274565_UNIT5SWD_IMG_05_0001_max_476x317.jpeg; https://media.rightmove.co.uk:443/dir/crop/10:9-16:9/275k/274565/722701065592737/274565_UNIT5SWD_IMG_06_0001_max_476x317.jpeg; https://media.rightmove.co.uk:443/dir/crop/10:9-16:9/275k/274565/722701065592737/274565_UNIT5SWD_IMG_07_0001_max_476x317.jpeg; https://media.rightmove.co.uk:443/dir/crop/10:9-16:9/275k/274565/722701065592737/274565_UNIT5SWD_IMG_08_0001_max_476x317.jpeg; https://media.rightmove.co.uk:443/dir/crop/10:9-16:9/275k/274565/722701065592737/274565_UNIT5SWD_IMG_09_0001_max_476x317.jpeg"
"169296896","Suffolk","Office","Unit 32, Ellough Industrial Estate, Ellough, Beccles, Suffolk, NR34","£792 pcm","","","","The property has been converted to provide office and training rooms of steel portal frame construction under an insulted pitched metal roof , with a combination of brick and profile sheet elevations. The unit has the following specification and features:","https://www.rightmove.co.uk/properties/169296896#/?channel=COM_LET","2025-11-13T11:48:03Z","","new","Marketed by Roche Chartered Surveyors, Norfolk","","52.439484","1.598592","https://media.rightmove.co.uk:443/dir/crop/10:9-16:9/71k/70440/169296896/70440_169095LH_IMG_00_0000_max_476x317.jpeg; https://media.rightmove.co.uk:443/dir/crop/10:9-16:9/71k/70440/169296896/70440_169095LH_IMG_01_0000_max_476x317.jpeg"
"169285040","Suffolk","Shop","88-89 Risbygate Street, Bury St. Edmunds, Suffolk, IP33 3AQ","POA","","","","The property is a substantial retail premises of steel framed construction, with brick elevations under a flat roof and provides accommodation over two storeys, with a large open plan ground floor sales area, rear storage and lower ground floor storage and loading bay. The site occupies a site of...","https://www.rightmove.co.uk/properties/169285040#/?channel=COM_LET","2025-11-12T16:58:42Z","","new","Marketed by Eddisons Commercial Limited, Bury St. Edmunds","","52.247799","0.70739","https://media.rightmove.co.uk:443/dir/crop/10:9-16:9/237k/236930/169285040/236930_3014596LH_IMG_00_0000_max_476x317.jpeg; https://media.rightmove.co.uk:443/dir/crop/10:9-16:9/237k/236930/169285040/236930_3014596LH_IMG_01_0000_max_476x317.jpeg; https://media.rightmove.co.uk:443/dir/crop/10:9-16:9/237k/236930/169285040/236930_3014596LH_IMG_02_0000_max_476x317.jpeg; https://media.rightmove.co.uk:443/dir/crop/10:9-16:9/237k/236930/169285040/236930_3014596LH_IMG_03_0000_max_476x317.jpeg; https://media.rightmove.co.uk:443/dir/crop/10:9-16:9/237k/236930/169285040/236930_3014596LH_IMG_04_0000_max_476x317.jpeg; https://media.rightmove.co.uk:443/dir/crop/10:9-16:9/237k/236930/169285040/236930_3014596LH_IMG_05_0000_max_476x317.jpeg"
"169275986","Suffolk","Light Industrial","Warehouse to Let at Wickham Market, Suffolk","£1,450 pcm","","","","2,690sqft warehouse to let at Wickham Market","https://www.rightmove.co.uk/properties/169275986#/?channel=COM_LET","2025-11-12T14:58:12Z","","new","Marketed by Howie Kent & Co Ltd, Essex","","52.16125","1.355492","https://media.rightmove.co.uk:443/dir/crop/10:9-16:9/229k/228701/169275986/228701_HKC10480_IMG_00_0000_max_476x317.jpeg; https://media.rightmove.co.uk:443/dir/crop/10:9-16:9/229k/228701/169275986/228701_HKC10480_IMG_01_0000_max_476x317.jpeg; https://media.rightmove.co.uk:443/dir/crop/10:9-16:9/229k/228701/169275986/228701_HKC10480_IMG_02_0000_max_476x317.jpeg; https://media.rightmove.co.uk:443/dir/crop/10:9-16:9/229k/228701/169275986/228701_HKC10480_IMG_03_0000_max_476x317.jpeg"
"168497405","Suffolk","Warehouse","Unit 24, Ellough Industrial Estate, Ellough, Beccles, Suffolk, NR34","£792 pcm","","","","The property comprises at mid terrace light industrial unit, of steel portal frame construction under an insulted pitched metal roof , with a combination of brick and profile sheet elevations. The unit has the following specification and features:","https://www.rightmove.co.uk/properties/168497405#/?channel=COM_LET","2025-10-22T16:16:48Z","","size_change","Marketed by Roche Chartered Surveyors, Norfolk","","52.439484","1.598592","https://media.rightmove.co.uk:443/dir/crop/10:9-16:9/71k/70440/168497405/70440_169087LH_IMG_00_0000_max_476x317.jpeg; https://media.rightmove.co.uk:443/dir/crop/10:9-16:9/71k/70440/168497405/70440_169087LH_IMG_01_0000_max_476x317.jpeg; https://media.rightmove.co.uk:443/dir/crop/10:9-16:9/71k/70440/168497405/70440_169087LH_IMG_03_0000_max_476x317.jpeg"
"169238321","Suffolk","Commercial Property","Dock Lane, Melton, Woodbridge","£165 pcm","","","","KEYSTONE are please to offer TO LET a range of storage units situated in The Granary Building in Melton Boat Yard. With secure access available 24/7 (via coded lock) Available on flexible terms & various sizes available. This one (Storage Box G) is approx.; 5' wide ...","https://www.rightmove.co.uk/properties/169238321#/?channel=COM_LET","2025-11-11T16:14:35Z","","new","Marketed by Keystone, Ipswich","","52.102962","1.331728","https://media.rightmove.co.uk:443/dir/crop/10:9-16:9/49k/48300/169238321/48300_34299634_IMG_00_0000_max_476x317.jpeg"
"152094221","Suffolk","Retail Property (out of town)","Broad Road, Bacton, Stowmarket, Suffolk, IP14","£2,292 pcm","","","","Modern showroom premises suitable for a variety of uses subject to planning. Extending to approximately 216 sqm (2,325 sqft). Prominent location situated on the well-travelled B1113. Due to relocation - business unaffected.","https://www.rightmove.co.uk/properties/152094221#/?channel=COM_LET","2024-09-05T16:53:56Z","","new","Marketed by Lacy Scott & Knight Commercial, Stowmarket","","52.268561","1.021345","https://media.rightmove.co.uk:443/dir/crop/10:9-16:9/230k/229859/152094221/229859_SCL240031_L_IMG_00_0000_max_476x317.jpeg; https://media.rightmove.co.uk:443/dir/crop/10:9-16:9/230k/229859/152094221/229859_SCL240031_L_IMG_01_0000_max_476x317.jpeg; https://media.rightmove.co.uk:443/dir/crop/10:9-16:9/230k/229859/152094221/229859_SCL240031_L_IMG_02_0000_max_476x317.jpeg; https://media.rightmove.co.uk:443/dir/crop/10:9-16:9/230k/229859/152094221/229859_SCL240031_L_IMG_03_0000_max_476x317.jpeg; https://media.rightmove.co.uk:443/dir/crop/10:9-16:9/230k/229859/152094221/229859_SCL240031_L_IMG_04_0000_max_476x317.jpeg; https://media.rightmove.co.uk:443/dir/crop/10:9-16:9/230k/229859/152094221/229859_SCL240031_L_IMG_05_0000_max_476x317.jpeg; https://media.rightmove.co.uk:443/dir/crop/10:9-16:9/230k/229859/152094221/229859_SCL240031_L_IMG_06_0000_max_476x317.jpeg; https://media.rightmove.co.uk:443/dir/crop/10:9-16:9/230k/229859/152094221/229859_SCL240031_L_IMG_07_0000_max_476x317.jpeg; https://media.rightmove.co.uk:443/dir/crop/10:9-16:9/230k/229859/152094221/229859_SCL240031_L_IMG_08_0000_max_476x317.jpeg; https://media.rightmove.co.uk:443/dir/crop/10:9-16:9/230k/229859/152094221/229859_SCL240031_L_IMG_09_0000_max_476x317.jpeg; https://media.rightmove.co.uk:443/dir/crop/10:9-16:9/230k/229859/152094221/229859_SCL240031_L_IMG_10_0000_max_476x317.jpeg"
"150144728","Suffolk","Warehouse","Gateway 14, Stowmarket, IP14 5BE","POA","","","","BUILD TO SUIT OPPORTUNITY Industrial To Let / For Sale, Stowmarket","https://www.rightmove.co.uk/properties/150144728#/?channel=COM_LET","2024-07-11T14:35:07Z","","size_change","Marketed by Avison Young (UK) Limited, Avison Young Industrial 2","","52.181934","1.023213","https://media.rightmove.co.uk:443/dir/crop/10:9-16:9/209k/208949/150144728/208949_109786-2_IMG_10_0000_max_476x317.jpeg; https://media.rightmove.co.uk:443/dir/crop/10:9-16:9/209k/208949/150144728/208949_109786-2_IMG_08_0000_max_476x317.jpeg; https://media.rightmove.co.uk:443/dir/crop/10:9-16:9/209k/208949/150144728/208949_109786-2_IMG_06_0000_max_476x317.jpeg; https://media.rightmove.co.uk:443/dir/crop/10:9-16:9/209k/208949/150144728/208949_109786-2_IMG_03_0000_max_476x317.jpeg"
"154703942","Suffolk","Light Industrial","Cliff Road Industrial Estate, Ipswich, IP3 0AY","POA","","","","Ipswich is the county town of Suffolk with a population of approximately 139,000 and a catchment area of over 250,000. ","https://www.rightmove.co.uk/properties/154703942#/?channel=COM_LET","2024-11-07T11:37:18Z","","size_change","Marketed by Mileway Real Estate UK Limited, London","","52.0468","1.1662","https://media.rightmove.co.uk:443/dir/crop/10:9-16:9/86k/85240/154703942/85240_7zNo1jqYREyERHi9Zpic7Z_IMG_00_0002_max_476x317.png; https://media.rightmove.co.uk:443/dir/crop/10:9-16:9/86k/85240/154703942/85240_7zNo1jqYREyERHi9Zpic7Z_IMG_01_0002_max_476x317.png; https://media.rightmove.co.uk:443/dir/crop/10:9-16:9/86k/85240/154703942/85240_7zNo1jqYREyERHi9Zpic7Z_IMG_02_0002_max_476x317.png; https://media.rightmove.co.uk:443/dir/crop/10:9-16:9/86k/85240/154703942/85240_7zNo1jqYREyERHi9Zpic7Z_IMG_03_0002_max_476x317.png; https://media.rightmove.co.uk:443/dir/crop/10:9-16:9/86k/85240/154703942/85240_7zNo1jqYREyERHi9Zpic7Z_IMG_04_0002_max_476x317.png; https://media.rightmove.co.uk:443/dir/crop/10:9-16:9/86k/85240/154703942/85240_7zNo1jqYREyERHi9Zpic7Z_IMG_05_0001_max_476x317.png; https://media.rightmove.co.uk:443/dir/crop/10:9-16:9/86k/85240/154703942/85240_7zNo1jqYREyERHi9Zpic7Z_IMG_06_0001_max_476x317.png; https://media.rightmove.co.uk:443/dir/crop/10:9-16:9/86k/85240/154703942/85240_7zNo1jqYREyERHi9Zpic7Z_IMG_07_0001_max_476x317.png; https://media.rightmove.co.uk:443/dir/crop/10:9-16:9/86k/85240/154703942/85240_7zNo1jqYREyERHi9Zpic7Z_IMG_08_0001_max_476x317.png"
"169226021","Suffolk","Office","King Street, Sudbury, Suffolk, CO10","£833 pcm","","","","A RECENTLY REFURBISHED OFFICE SUITE affording a good degree of natural light occupying a central town location","https://www.rightmove.co.uk/properties/169226021#/?channel=COM_LET","2025-11-11T14:07:05Z","","new","Marketed by Birchall Steel Consultant Surveyors, Suffolk","","52.03847","0.73262","https://media.rightmove.co.uk:443/dir/crop/10:9-16:9/171k/170411/169226021/170411_FIRST_SECOND_1A_KING_ST_IMG_00_0000_max_476x317.jpeg; https://media.rightmove.co.uk:443/dir/crop/10:9-16:9/171k/170411/169226021/170411_FIRST_SECOND_1A_KING_ST_IMG_01_0000_max_476x317.jpeg; https://media.rightmove.co.uk:443/dir/crop/10:9-16:9/171k/170411/169226021/170411_FIRST_SECOND_1A_KING_ST_IMG_02_0000_max_476x317.jpeg; https://media.rightmove.co.uk:443/dir/crop/10:9-16:9/171k/170411/169226021/170411_FIRST_SECOND_1A_KING_ST_IMG_03_0000_max_476x317.jpeg; https://media.rightmove.co.uk:443/dir/crop/10:9-16:9/171k/170411/169226021/170411_FIRST_SECOND_1A_KING_ST_IMG_04_0000_max_476x317.jpeg; https://media.rightmove.co.uk:443/dir/crop/10:9-16:9/171k/170411/169226021/170411_FIRST_SECOND_1A_KING_ST_IMG_05_0000_max_476x317.jpeg"
"169219754","Suffolk","Warehouse","Unit 19E, Ellough Industrial Estate, Ellough, Beccles, Suffolk, NR34 7TF","£792 pcm","","","","The property is an end terrace light industrial unit of steel portal frame construction under an insulted pitched metal roof, with a combination of brick and profile sheet elevations. The unit has the following specification and features:","https://www.rightmove.co.uk/properties/169219754#/?channel=COM_LET","2025-11-11T11:45:57Z","","new","Marketed by Roche Chartered Surveyors, Norfolk","","52.439484","1.598592","https://media.rightmove.co.uk:443/dir/crop/10:9-16:9/71k/70440/169219754/70440_169092LH_IMG_00_0000_max_476x317.jpeg; https://media.rightmove.co.uk:443/dir/crop/10:9-16:9/71k/70440/169219754/70440_169092LH_IMG_01_0000_max_476x317.jpeg"
"721604064150673","Suffolk","Distribution Warehouse","Unit 2, Wallis Court, James Carter Road, Mildenhall, IP28 7DD","£917 pcm","","","","Light Industrial/Clean Production/Office in an Established Business Location.","https://www.rightmove.co.uk/properties/721604064150673#/?channel=COM_LET","2025-11-26T12:10:23Z","","new","Marketed by Hazells, Bury St Edmunds","","52.353778","0.499276","https://media.rightmove.co.uk:443/dir/crop/10:9-16:9/287k/286808/721604064150673/286808_113638-2_IMG_00_0000_max_476x317.jpeg; https://media.rightmove.co.uk:443/dir/crop/10:9-16:9/287k/286808/721604064150673/286808_113638-2_IMG_01_0000_max_476x317.jpeg; https://media.rightmove.co.uk:443/dir/crop/10:9-16:9/287k/286808/721604064150673/286808_113638-2_IMG_02_0000_max_476x317.jpeg; https://media.rightmove.co.uk:443/dir/crop/10:9-16:9/287k/286808/721604064150673/286808_113638-2_IMG_03_0000_max_476x317.jpeg"
"169188875","Suffolk","Office","11-15 Schneider Business Park, Felixstowe, Suffolk, IP11","£1,579 pcm","","","","LOCATION: Felixstowe lies approximately 10 miles south east of Ipswich and is a deep sea port handling the largest volume of international cargo in Britain. The A14 trunk road provides a direct duel carriageway link with the M1, the A12 and the M25. Schneider Business Park is a complex of singl...","https://www.rightmove.co.uk/properties/169188875#/?channel=COM_LET","2025-11-10T14:59:32Z","","new","Marketed by Fenn Wright, Ipswich Commercial Sales and Lettings","","51.948219","1.327283","https://media.rightmove.co.uk:443/dir/crop/10:9-16:9/162k/161330/169188875/161330_14870523LH_IMG_00_0000_max_476x317.jpeg; https://media.rightmove.co.uk:443/dir/crop/10:9-16:9/162k/161330/169188875/161330_14870523LH_IMG_01_0000_max_476x317.jpeg; https://media.rightmove.co.uk:443/dir/crop/10:9-16:9/162k/161330/169188875/161330_14870523LH_IMG_02_0000_max_476x317.jpeg; https://media.rightmove.co.uk:443/dir/crop/10:9-16:9/162k/161330/169188875/161330_14870523LH_IMG_03_0000_max_476x317.jpeg; https://media.rightmove.co.uk:443/dir/crop/10:9-16:9/162k/161330/169188875/161330_14870523LH_IMG_04_0000_max_476x317.jpeg; https://media.rightmove.co.uk:443/dir/crop/10:9-16:9/162k/161330/169188875/161330_14870523LH_IMG_05_0000_max_476x317.jpeg; https://media.rightmove.co.uk:443/dir/crop/10:9-16:9/162k/161330/169188875/161330_14870523LH_IMG_06_0000_max_476x317.jpeg; https://media.rightmove.co.uk:443/dir/crop/10:9-16:9/162k/161330/169188875/161330_14870523LH_IMG_07_0000_max_476x317.jpeg; https://media.rightmove.co.uk:443/dir/crop/10:9-16:9/162k/161330/169188875/161330_14870523LH_IMG_08_0000_max_476x317.jpeg; https://media.rightmove.co.uk:443/dir/crop/10:9-16:9/162k/161330/169188875/161330_14870523LH_IMG_09_0000_max_476x317.jpeg"
"169177454","Suffolk","Storage","Port Of Ipswich, West Bank Terminal, Ipswich, IP2 8LY","POA","","","","Open Storage Opportunity Up To 3.35 Acres Available January 2026","https://www.rightmove.co.uk/properties/169177454#/?channel=COM_LET","2025-11-10T12:14:46Z","","new","Marketed by JLL, London - Industrial","","52.052773","1.159057","https://media.rightmove.co.uk:443/dir/crop/10:9-16:9/property-photo/eadc95df5/169177454/eadc95df5e4f8b77157f5747341b9412_max_476x317.jpeg; https://media.rightmove.co.uk:443/dir/crop/10:9-16:9/property-photo/05afdc4cc/169177454/05afdc4cc40014c661d6d575a1209204_max_476x317.jpeg"
"169148063","Suffolk","Trade Counter","Unit 3 White House Road, Ipswich, Suffolk, IP1","£3,125 pcm","","","","Modern well presented warehouse/trade counter unit available for immediate occupation.","https://www.rightmove.co.uk/properties/169148063#/?channel=COM_LET","2025-11-08T11:15:51Z","","new","Marketed by Fennel Chartered Surveyors, Halesworth","","52.08175","1.11688","https://media.rightmove.co.uk:443/dir/crop/10:9-16:9/118k/117463/169148063/117463_quantumunit3_IMG_07_0000_max_476x317.jpeg; https://media.rightmove.co.uk:443/dir/crop/10:9-16:9/118k/117463/169148063/117463_quantumunit3_IMG_02_0000_max_476x317.jpeg; https://media.rightmove.co.uk:443/dir/crop/10:9-16:9/118k/117463/169148063/117463_quantumunit3_IMG_10_0000_max_476x317.jpeg; https://media.rightmove.co.uk:443/dir/crop/10:9-16:9/118k/117463/169148063/117463_quantumunit3_IMG_00_0000_max_476x317.jpeg; https://media.rightmove.co.uk:443/dir/crop/10:9-16:9/118k/117463/169148063/117463_quantumunit3_IMG_01_0000_max_476x317.jpeg; https://media.rightmove.co.uk:443/dir/crop/10:9-16:9/118k/117463/169148063/117463_quantumunit3_IMG_03_0000_max_476x317.jpeg; https://media.rightmove.co.uk:443/dir/crop/10:9-16:9/118k/117463/169148063/117463_quantumunit3_IMG_04_0000_max_476x317.jpeg; https://media.rightmove.co.uk:443/dir/crop/10:9-16:9/118k/117463/169148063/117463_quantumunit3_IMG_05_0000_max_476x317.jpeg; https://media.rightmove.co.uk:443/dir/crop/10:9-16:9/118k/117463/169148063/117463_quantumunit3_IMG_06_0000_max_476x317.jpeg; https://media.rightmove.co.uk:443/dir/crop/10:9-16:9/118k/117463/169148063/117463_quantumunit3_IMG_08_0000_max_476x317.jpeg; https://media.rightmove.co.uk:443/dir/crop/10:9-16:9/118k/117463/169148063/117463_quantumunit3_IMG_09_0000_max_476x317.jpeg; https://media.rightmove.co.uk:443/dir/crop/10:9-16:9/118k/117463/169148063/117463_quantumunit3_IMG_11_0000_max_476x317.jpeg; https://media.rightmove.co.uk:443/dir/crop/10:9-16:9/118k/117463/169148063/117463_quantumunit3_IMG_12_0000_max_476x317.jpeg; https://media.rightmove.co.uk:443/dir/crop/10:9-16:9/118k/117463/169148063/117463_quantumunit3_IMG_13_0000_max_476x317.jpeg; https://media.rightmove.co.uk:443/dir/crop/10:9-16:9/118k/117463/169148063/117463_quantumunit3_IMG_14_0000_max_476x317.jpeg; https://media.rightmove.co.uk:443/dir/crop/10:9-16:9/118k/117463/169148063/117463_quantumunit3_IMG_15_0000_max_476x317.jpeg"
"169125008","Suffolk","Retail Property (high street)","Bevan Street East, Lowestoft","£500 pcm","","","","Spacious and versatile 1,018 sq ft retail unit in a prime Lowestoft town centre location, offering high footfall, rear access, flexible lease terms and an introductory rent-free offer","https://www.rightmove.co.uk/properties/169125008#/?channel=COM_LET","2025-11-07T14:55:18Z","","new","Marketed by Paul Hubbard Commercial, Suffolk","","52.475334","1.749777","https://media.rightmove.co.uk:443/dir/crop/10:9-16:9/77k/76023/169125008/76023_34293224_IMG_00_0000_max_476x317.jpeg; https://media.rightmove.co.uk:443/dir/crop/10:9-16:9/77k/76023/169125008/76023_34293224_IMG_01_0000_max_476x317.jpeg; https://media.rightmove.co.uk:443/dir/crop/10:9-16:9/77k/76023/169125008/76023_34293224_IMG_02_0000_max_476x317.jpeg; https://media.rightmove.co.uk:443/dir/crop/10:9-16:9/77k/76023/169125008/76023_34293224_IMG_03_0000_max_476x317.jpeg; https://media.rightmove.co.uk:443/dir/crop/10:9-16:9/77k/76023/169125008/76023_34293224_IMG_04_0000_max_476x317.jpeg; https://media.rightmove.co.uk:443/dir/crop/10:9-16:9/77k/76023/169125008/76023_34293224_IMG_05_0000_max_476x317.jpeg; https://media.rightmove.co.uk:443/dir/crop/10:9-16:9/77k/76023/169125008/76023_34293224_IMG_06_0000_max_476x317.jpeg; https://media.rightmove.co.uk:443/dir/crop/10:9-16:9/77k/76023/169125008/76023_34293224_IMG_07_0000_max_476x317.jpeg; https://media.rightmove.co.uk:443/dir/crop/10:9-16:9/77k/76023/169125008/76023_34293224_IMG_08_0000_max_476x317.jpeg; https://media.rightmove.co.uk:443/dir/crop/10:9-16:9/77k/76023/169125008/76023_34293224_IMG_09_0000_max_476x317.jpeg; https://media.rightmove.co.uk:443/dir/crop/10:9-16:9/77k/76023/169125008/76023_34293224_IMG_10_0000_max_476x317.jpeg; https://media.rightmove.co.uk:443/dir/crop/10:9-16:9/77k/76023/169125008/76023_34293224_IMG_11_0000_max_476x317.jpeg"
"169118864","Suffolk","Office","High Street, Wickham Market, Suffolk","£1,667 pcm","","","","An attractive two-storey self-contained office building occupying a prominent and central position on the High Street facing the Market Square.    ","https://www.rightmove.co.uk/properties/169118864#/?channel=COM_LET","2025-11-07T13:26:49Z","","new","Marketed by Clarke and Simpson Commercial, Framlingham","","52.154037","1.36324","https://media.rightmove.co.uk:443/dir/crop/10:9-16:9/222k/221414/169118864/221414_L128592_IMG_00_0000_max_476x317.jpeg; https://media.rightmove.co.uk:443/dir/crop/10:9-16:9/222k/221414/169118864/221414_L128592_IMG_01_0000_max_476x317.jpeg; https://media.rightmove.co.uk:443/dir/crop/10:9-16:9/222k/221414/169118864/221414_L128592_IMG_02_0000_max_476x317.jpeg; https://media.rightmove.co.uk:443/dir/crop/10:9-16:9/222k/221414/169118864/221414_L128592_IMG_03_0000_max_476x317.jpeg; https://media.rightmove.co.uk:443/dir/crop/10:9-16:9/222k/221414/169118864/221414_L128592_IMG_04_0000_max_476x317.jpeg"
"169066355","Suffolk","Storage","Chilton Street, CO10","£160 pcm","","","","20ft Storage Containers - £160 PCM (No VAT) Chilton Industrial Park, Clare Road, Clare CO10 8QSSpecial Offer: Book 11 months, get 1 month free!","https://www.rightmove.co.uk/properties/169066355#/?channel=COM_LET","2025-11-06T15:06:32Z","","new","Marketed by Preview Property Services, Haverhill","","52.09318","0.56324","https://media.rightmove.co.uk:443/dir/crop/10:9-16:9/278k/277625/169066355/277625_Chilton_IMG_01_0000_max_476x317.png; https://media.rightmove.co.uk:443/dir/crop/10:9-16:9/278k/277625/169066355/277625_Chilton_IMG_00_0000_max_476x317.jpeg"
"164691971","Suffolk","Office","Suites 5 Lyndon House Kings Court, Willie Snaith Road, Newmarket, CB8 7SG","£667 pcm","","","","Suites 5 Lyndon House Well presented, open plan office within the established business park of Kings Court. The space is fully refurbished and benefiting from the following facilities and amenities: Carpeting throughout Suspended ceilings with inset lighting Excellent natural light Perimete...","https://www.rightmove.co.uk/properties/164691971#/?channel=COM_LET","2025-07-18T14:48:40Z","","size_change","Marketed by Robinson Layer, Cambridge","","52.259987","0.395646","https://media.rightmove.co.uk:443/dir/crop/10:9-16:9/property-photo/1b6849a1a/164691971/1b6849a1ab43319496521a6bc953762b_max_476x317.jpeg; https://media.rightmove.co.uk:443/dir/crop/10:9-16:9/property-photo/b3b42f403/164691971/b3b42f403db2fe0dab29de53495a412a_max_476x317.jpeg; https://media.rightmove.co.uk:443/dir/crop/10:9-16:9/property-photo/01e7070ab/164691971/01e7070abe7cd0a04a860a469245ecd2_max_476x317.jpeg; https://media.rightmove.co.uk:443/dir/crop/10:9-16:9/property-photo/a9ad48867/164691971/a9ad488673a9cdeb04c78e4654f306e4_max_476x317.jpeg; https://media.rightmove.co.uk:443/dir/crop/10:9-16:9/property-photo/642f2fcc1/164691971/642f2fcc10c855c8990b56fed6ae0b54_max_476x317.jpeg; https://media.rightmove.co.uk:443/dir/crop/10:9-16:9/property-photo/041ef84a7/164691971/041ef84a79df23010fd52a7c35da2301_max_476x317.jpeg; https://media.rightmove.co.uk:443/dir/crop/10:9-16:9/property-photo/4930e62a1/164691971/4930e62a1e26ddc284a950749ca62b97_max_476x317.jpeg"
"71218657","Suffolk","Retail Property (high street)","3 Cross Street, Bungay, Suffolk, NR35","£625 pcm","","","","Centrally located retail premises in Bungay Market Place. ","https://www.rightmove.co.uk/properties/71218657#/?channel=COM_LET","2019-04-17T12:11:27Z","","new","Marketed by Fennel Chartered Surveyors, Halesworth","","52.45578","1.4375","https://media.rightmove.co.uk:443/dir/crop/10:9-16:9/118k/117463/71218657/117463_crossstreet3_IMG_00_0000_max_476x317.JPG; https://media.rightmove.co.uk:443/dir/crop/10:9-16:9/118k/117463/71218657/117463_crossstreet3_IMG_02_0001_max_476x317.jpeg; https://media.rightmove.co.uk:443/dir/crop/10:9-16:9/118k/117463/71218657/117463_crossstreet3_IMG_03_0000_max_476x317.jpeg; https://media.rightmove.co.uk:443/dir/crop/10:9-16:9/118k/117463/71218657/117463_crossstreet3_IMG_01_0000_max_476x317.JPG; https://media.rightmove.co.uk:443/dir/crop/10:9-16:9/118k/117463/71218657/117463_crossstreet3_IMG_04_0000_max_476x317.jpeg; https://media.rightmove.co.uk:443/dir/crop/10:9-16:9/118k/117463/71218657/117463_crossstreet3_IMG_05_0000_max_476x317.jpeg; https://media.rightmove.co.uk:443/dir/crop/10:9-16:9/118k/117463/71218657/117463_crossstreet3_IMG_06_0000_max_476x317.jpeg; https://media.rightmove.co.uk:443/dir/crop/10:9-16:9/118k/117463/71218657/117463_crossstreet3_IMG_07_0000_max_476x317.jpeg; https://media.rightmove.co.uk:443/dir/crop/10:9-16:9/118k/117463/71218657/117463_crossstreet3_IMG_08_0000_max_476x317.jpeg"
"150843647","Suffolk","Office","Sturmer Road, Haverhill, Suffolk, CB9","£1,000 pcm","","","","1st Floor Office Space To LetA spacious and well-presented 75 sqm (807 sqft) office available on a 3-year leaseRent £12,000 per annum + VAT (exclusive of bills)Service Charge £33 per calendar monthDeposit £2,000*Lease Term 3 years","https://www.rightmove.co.uk/properties/150843647#/?channel=COM_LET","2024-07-31T17:09:29Z","","new","Marketed by Preview Property Services, Haverhill","","52.075","0.45077","https://media.rightmove.co.uk:443/dir/crop/10:9-16:9/278k/277625/150843647/277625_willowfarm1C_IMG_04_0001_max_476x317.jpeg; https://media.rightmove.co.uk:443/dir/crop/10:9-16:9/278k/277625/150843647/277625_willowfarm1a_IMG_00_0000_max_476x317.jpeg; https://media.rightmove.co.uk:443/dir/crop/10:9-16:9/278k/277625/150843647/277625_willowfarm1C_IMG_01_0001_max_476x317.jpeg; https://media.rightmove.co.uk:443/dir/crop/10:9-16:9/278k/277625/150843647/277625_willowfarm1C_IMG_02_0001_max_476x317.jpeg; https://media.rightmove.co.uk:443/dir/crop/10:9-16:9/278k/277625/150843647/277625_willowfarm1C_IMG_03_0001_max_476x317.jpeg; https://media.rightmove.co.uk:443/dir/crop/10:9-16:9/278k/277625/150843647/277625_willowfarm1C_IMG_05_0001_max_476x317.jpeg; https://media.rightmove.co.uk:443/dir/crop/10:9-16:9/278k/277625/150843647/277625_willowfarm1C_IMG_06_0001_max_476x317.jpeg; https://media.rightmove.co.uk:443/dir/crop/10:9-16:9/278k/277625/150843647/277625_willowfarm1C_IMG_07_0001_max_476x317.jpeg"
"159700550","Suffolk","Office","Suite 8 & 9 Wharfside House, Prentice Road, Stowmarket, Suffolk, IP14","POA","","","","Wharfside House is a four-storey mixed use property, predominantly comprising office accommodation. Both suites 8 and 9 are situated on the second floor, offering an open plan office layout with integrated tea point, along with a disabled WC and entrance lobby. Both suites are of similar spec...","https://www.rightmove.co.uk/properties/159700550#/?channel=COM_LET","2025-03-21T14:33:55Z","","size_change","Marketed by Fenn Wright, Ipswich Commercial Sales and Lettings","","52.188903","0.999278","https://media.rightmove.co.uk:443/dir/crop/10:9-16:9/162k/161330/159700550/161330_14870657LH_IMG_00_0000_max_476x317.jpeg; https://media.rightmove.co.uk:443/dir/crop/10:9-16:9/162k/161330/159700550/161330_14870657LH_IMG_01_0000_max_476x317.jpeg; https://media.rightmove.co.uk:443/dir/crop/10:9-16:9/162k/161330/159700550/161330_14870657LH_IMG_02_0001_max_476x317.jpeg; https://media.rightmove.co.uk:443/dir/crop/10:9-16:9/162k/161330/159700550/161330_14870657LH_IMG_04_0000_max_476x317.jpeg; https://media.rightmove.co.uk:443/dir/crop/10:9-16:9/162k/161330/159700550/161330_14870657LH_IMG_05_0000_max_476x317.jpeg; https://media.rightmove.co.uk:443/dir/crop/10:9-16:9/162k/161330/159700550/161330_14870657LH_IMG_06_0000_max_476x317.jpeg"
"142793708","Suffolk","Retail Property (high street)","23, Buttermarket, Ipswich, Suffolk, IP1","£1,625 pcm","","","","DESCRIPTION The premises comprises an attractive Grade II Listed self-contained three storey retail unit with basement. The ground floor is arranged to provide a retail area benefitting from a return frontage. The upper floors are accessed via an internal staircase, the first floor provides stor...","https://www.rightmove.co.uk/properties/142793708#/?channel=COM_LET","2023-12-08T11:26:24Z","","new","Marketed by Fenn Wright, Ipswich Commercial Sales and Lettings","","52.057209","1.154564","https://media.rightmove.co.uk:443/dir/crop/10:9-16:9/162k/161330/142793708/161330_14870295LH_IMG_07_0000_max_476x317.jpeg; https://media.rightmove.co.uk:443/dir/crop/10:9-16:9/162k/161330/142793708/161330_14870295LH_IMG_04_0001_max_476x317.jpeg; https://media.rightmove.co.uk:443/dir/crop/10:9-16:9/162k/161330/142793708/161330_14870295LH_IMG_06_0000_max_476x317.jpeg; https://media.rightmove.co.uk:443/dir/crop/10:9-16:9/162k/161330/142793708/161330_14870295LH_IMG_12_0000_max_476x317.jpeg; https://media.rightmove.co.uk:443/dir/crop/10:9-16:9/162k/161330/142793708/161330_14870295LH_IMG_13_0000_max_476x317.jpeg; https://media.rightmove.co.uk:443/dir/crop/10:9-16:9/162k/161330/142793708/161330_14870295LH_IMG_15_0000_max_476x317.jpeg; https://media.rightmove.co.uk:443/dir/crop/10:9-16:9/162k/161330/142793708/161330_14870295LH_IMG_16_0000_max_476x317.jpeg"
"155220929","Suffolk","Light Industrial","Wren Business Centre, Wrentham","£1,000 pcm","","","","The premises comprise an open plan steel portal framed workshop/store building available for use for B1 light industrial or B8 warehouse/storage purposes. Integral office, store and WC. Car parking to be confirmed.","https://www.rightmove.co.uk/properties/155220929#/?channel=COM_LET","2024-11-21T13:32:27Z","","price_reduced","Marketed by Durrants, Commercial","","52.387901","1.6683","https://media.rightmove.co.uk:443/dir/crop/10:9-16:9/122k/121819/155220929/121819_33522415_IMG_00_0000_max_476x317.jpeg; https://media.rightmove.co.uk:443/dir/crop/10:9-16:9/122k/121819/155220929/121819_33522415_IMG_01_0000_max_476x317.jpeg; https://media.rightmove.co.uk:443/dir/crop/10:9-16:9/122k/121819/155220929/121819_33522415_IMG_02_0000_max_476x317.jpeg; https://media.rightmove.co.uk:443/dir/crop/10:9-16:9/122k/121819/155220929/121819_33522415_IMG_03_0000_max_476x317.jpeg; https://media.rightmove.co.uk:443/dir/crop/10:9-16:9/122k/121819/155220929/121819_33522415_IMG_04_0000_max_476x317.jpeg; https://media.rightmove.co.uk:443/dir/crop/10:9-16:9/122k/121819/155220929/121819_33522415_IMG_05_0000_max_476x317.jpeg"
"168986075","Suffolk","Storage","Middle Barn, Hall Farm, Woodbridge, Suffolk","£1,000 pcm","","","","The building is a breeze block storage barn 1871sqft situated in the hamlet of Boulge located 2.8 miles from Woodbridge and 1.6 miles away from the A12. There is parking available on site.","https://www.rightmove.co.uk/properties/168986075#/?channel=COM_LET","2025-11-04T16:45:06Z","","new","Marketed by Strutt & Parker - Lettings, Suffolk","","52.130845","1.28957","https://media.rightmove.co.uk:443/dir/crop/10:9-16:9/49k/48398/168986075/48398_IPW240005_L_IMG_00_0000_max_476x317.jpeg; https://media.rightmove.co.uk:443/dir/crop/10:9-16:9/49k/48398/168986075/48398_IPW240005_L_IMG_01_0000_max_476x317.jpeg; https://media.rightmove.co.uk:443/dir/crop/10:9-16:9/49k/48398/168986075/48398_IPW240005_L_IMG_02_0000_max_476x317.jpeg; https://media.rightmove.co.uk:443/dir/crop/10:9-16:9/49k/48398/168986075/48398_IPW240005_L_IMG_03_0000_max_476x317.jpeg; https://media.rightmove.co.uk:443/dir/crop/10:9-16:9/49k/48398/168986075/48398_IPW240005_L_IMG_04_0000_max_476x317.jpeg"
"168976589","Suffolk","Office","Blyth Road, Southwold, Suffolk, IP18","£794 pcm","","","1","First-floor 317 sq ft business unit in Southwold's main Blyth Road building. Fully accessible via lift, ideal for offices, studios, or professional services. Flexible open-plan layout in a central location close to local amenities. Perfect for small or micro businesses.","https://www.rightmove.co.uk/properties/168976589#/?channel=COM_LET","2025-11-04T14:57:40Z","","new","Marketed by Menta, Suffolk","","52.33033","1.67468","https://media.rightmove.co.uk:443/dir/crop/10:9-16:9/275k/274565/168976589/274565_unit9SW_IMG_05_0000_max_476x317.jpeg; https://media.rightmove.co.uk:443/dir/crop/10:9-16:9/275k/274565/168976589/274565_unit9SW_IMG_06_0000_max_476x317.jpeg; https://media.rightmove.co.uk:443/dir/crop/10:9-16:9/275k/274565/168976589/274565_unit9SW_IMG_07_0000_max_476x317.jpeg; https://media.rightmove.co.uk:443/dir/crop/10:9-16:9/275k/274565/168976589/274565_unit9SW_IMG_02_0000_max_476x317.jpeg; https://media.rightmove.co.uk:443/dir/crop/10:9-16:9/275k/274565/168976589/274565_unit9SW_IMG_04_0000_max_476x317.jpeg; https://media.rightmove.co.uk:443/dir/crop/10:9-16:9/275k/274565/168976589/274565_unit9SW_IMG_03_0000_max_476x317.jpeg; https://media.rightmove.co.uk:443/dir/crop/10:9-16:9/275k/274565/168976589/274565_UNIT9SW_IMG_08_0000_max_476x317.jpeg"
"168971852","Suffolk","Retail Property (high street)","London Road South, Kirkley, Lowestoft","£600 pcm","","","","A prominent 838 sq ft corner unit on busy London Road South, featuring double frontage, floor-to-ceiling windows, and high visibility ideal for retail, café, or office use.","https://www.rightmove.co.uk/properties/168971852#/?channel=COM_LET","2025-11-04T13:31:07Z","","new","Marketed by Paul Hubbard Commercial, Suffolk","","52.467781","1.745052","https://media.rightmove.co.uk:443/dir/crop/10:9-16:9/77k/76023/168971852/76023_34284515_IMG_00_0000_max_476x317.jpeg; https://media.rightmove.co.uk:443/dir/crop/10:9-16:9/77k/76023/168971852/76023_34284515_IMG_01_0000_max_476x317.jpeg; https://media.rightmove.co.uk:443/dir/crop/10:9-16:9/77k/76023/168971852/76023_34284515_IMG_02_0000_max_476x317.jpeg; https://media.rightmove.co.uk:443/dir/crop/10:9-16:9/77k/76023/168971852/76023_34284515_IMG_03_0000_max_476x317.jpeg; https://media.rightmove.co.uk:443/dir/crop/10:9-16:9/77k/76023/168971852/76023_34284515_IMG_04_0000_max_476x317.jpeg; https://media.rightmove.co.uk:443/dir/crop/10:9-16:9/77k/76023/168971852/76023_34284515_IMG_05_0000_max_476x317.jpeg; https://media.rightmove.co.uk:443/dir/crop/10:9-16:9/77k/76023/168971852/76023_34284515_IMG_06_0000_max_476x317.jpeg; https://media.rightmove.co.uk:443/dir/crop/10:9-16:9/77k/76023/168971852/76023_34284515_IMG_07_0000_max_476x317.jpeg; https://media.rightmove.co.uk:443/dir/crop/10:9-16:9/77k/76023/168971852/76023_34284515_IMG_08_0000_max_476x317.jpeg; https://media.rightmove.co.uk:443/dir/crop/10:9-16:9/77k/76023/168971852/76023_34284515_IMG_09_0000_max_476x317.jpeg; https://media.rightmove.co.uk:443/dir/crop/10:9-16:9/77k/76023/168971852/76023_34284515_IMG_10_0000_max_476x317.jpeg; https://media.rightmove.co.uk:443/dir/crop/10:9-16:9/77k/76023/168971852/76023_34284515_IMG_11_0000_max_476x317.jpeg; https://media.rightmove.co.uk:443/dir/crop/10:9-16:9/77k/76023/168971852/76023_34284515_IMG_12_0000_max_476x317.jpeg"
"168919046","Suffolk","Light Industrial","Warehouse To Let At Wickham Market, Suffolk","£700 pcm","","","","Approx 1600sqft Warehouse To Let in Wickham Market","https://www.rightmove.co.uk/properties/168919046#/?channel=COM_LET","2025-11-03T12:22:33Z","","new","Marketed by Howie Kent & Co Ltd, Essex","","52.163277","1.356715","https://media.rightmove.co.uk:443/dir/crop/10:9-16:9/229k/228701/168919046/228701_HKC10478_IMG_00_0000_max_476x317.jpeg; https://media.rightmove.co.uk:443/dir/crop/10:9-16:9/229k/228701/168919046/228701_HKC10478_IMG_01_0000_max_476x317.jpeg; https://media.rightmove.co.uk:443/dir/crop/10:9-16:9/229k/228701/168919046/228701_HKC10478_IMG_02_0000_max_476x317.jpeg"
"169006958","Suffolk","Retail Property (high street)","London Road North, Lowestoft","£750 pcm","","","","Prime Retail Unit To Let in Lowestoft High Street An excellent opportunity to lease a prominent ground-floor retail unit in the heart of Lowestoft’s bustling High Street. Situated at 149 London Road North, this spacious shop benefits from high visibility, constant pedestrian flow, and cl...","https://www.rightmove.co.uk/properties/169006958#/?channel=COM_LET","2025-11-05T11:33:44Z","","new","Marketed by Steel & Co Commercial Property Services, Lowestoft","","52.478512","1.754165","https://media.rightmove.co.uk:443/dir/crop/10:9-16:9/66k/65427/169006958/65427_11988760_IMG_00_0000_max_476x317.jpeg; https://media.rightmove.co.uk:443/dir/crop/10:9-16:9/66k/65427/169006958/65427_11988760_IMG_01_0000_max_476x317.jpeg; https://media.rightmove.co.uk:443/dir/crop/10:9-16:9/66k/65427/169006958/65427_11988760_IMG_02_0000_max_476x317.jpeg; https://media.rightmove.co.uk:443/dir/crop/10:9-16:9/66k/65427/169006958/65427_11988760_IMG_03_0000_max_476x317.jpeg"
"155744552","Suffolk","Warehouse","Warehouse to Let at Wickham Market, Suffolk – 4,600 / 9,200 sqft","£1,800 pcm","From","","","9,200 sq ft warehouse to let on a secure semi-rural commercial site north of Woodbridge with excellent A12 access. The unit can be split into two 4,600 sq ft units or let as a whole.","https://www.rightmove.co.uk/properties/155744552#/?channel=COM_LET","2024-12-06T16:00:42Z","","price_reduced","Marketed by Howie Kent & Co Ltd, Essex","","52.161266","1.355522","https://media.rightmove.co.uk:443/dir/crop/10:9-16:9/229k/228701/155744552/228701_HKC10349_IMG_00_0000_max_476x317.jpeg; https://media.rightmove.co.uk:443/dir/crop/10:9-16:9/229k/228701/155744552/228701_HKC10349_IMG_01_0000_max_476x317.jpeg; https://media.rightmove.co.uk:443/dir/crop/10:9-16:9/229k/228701/155744552/228701_HKC10349_IMG_02_0000_max_476x317.jpeg; https://media.rightmove.co.uk:443/dir/crop/10:9-16:9/229k/228701/155744552/228701_HKC10349_IMG_03_0000_max_476x317.jpeg"
"94580594","Suffolk","Distribution Warehouse","GARAGES, Rear of the Co-Op, Barking Road, Needham Market IP6 ET","£60 pcm","","","","6 individual garages available to let in residential area, located off road, ideal for parking or storage.","https://www.rightmove.co.uk/properties/94580594#/?channel=COM_LET","2025-10-31T16:32:55Z","","new","Marketed by Nicholas Percival Commercial, Colchester","","52.14922","1.05342","https://media.rightmove.co.uk:443/dir/crop/10:9-16:9/56k/55401/94580594/55401_101551001426_IMG_01_0000_max_476x317.jpg; https://media.rightmove.co.uk:443/dir/crop/10:9-16:9/56k/55401/94580594/55401_101551001426_IMG_02_0000_max_476x317.jpg; https://media.rightmove.co.uk:443/dir/crop/10:9-16:9/56k/55401/94580594/55401_101551001426_IMG_03_0000_max_476x317.jpg"
"86090799","Suffolk","Office","Vector, The Oaks, Fordham Road, Newmarket, Suffolk, CB8 7XN","POA","","","","New laboratory / life sciences / medical / office facility within easy reach of Cambridge's science and research parks and Addenbrooke's Hospital. Planning permission (DC/18/0387/FUL) is granted for a new 3-storey Class E laboratory with 66 on site car spaces. An immediate start on site is possib...","https://www.rightmove.co.uk/properties/86090799#/?channel=COM_LET","2023-03-13T15:08:19Z","","size_change","Marketed by Eddisons Commercial Limited, Cambridge","","52.261459","0.398437","https://media.rightmove.co.uk:443/dir/crop/10:9-16:9/216k/215075/86090799/215075_3012385LH_IMG_00_0001_max_476x317.jpeg; https://media.rightmove.co.uk:443/dir/crop/10:9-16:9/216k/215075/86090799/215075_3012385LH_IMG_01_0001_max_476x317.jpeg; https://media.rightmove.co.uk:443/dir/crop/10:9-16:9/216k/215075/86090799/215075_3012385LH_IMG_02_0001_max_476x317.jpeg"
"168851786","Suffolk","Restaurant","Jubilee Parade , Seafront Complex, LOWESTOFT, SUFFOLK, NR33","£2,083 pcm","","","","The opportunity comprises a newly constructed first floor restaurant which will provide exceptional panoramic views from its fully glazed frontage overlooking the Lowestoft Coast together with extensive outdoor seating. The property will include dedicated staff and customer WC facilities with a c...","https://www.rightmove.co.uk/properties/168851786#/?channel=COM_LET","2025-10-31T15:34:01Z","","new","Marketed by Roche Chartered Surveyors, Norfolk","","52.460628","1.741648","https://media.rightmove.co.uk:443/dir/crop/10:9-16:9/71k/70440/168851786/70440_169091LH_IMG_00_0000_max_476x317.jpeg; https://media.rightmove.co.uk:443/dir/crop/10:9-16:9/71k/70440/168851786/70440_169091LH_IMG_01_0000_max_476x317.jpeg; https://media.rightmove.co.uk:443/dir/crop/10:9-16:9/71k/70440/168851786/70440_169091LH_IMG_02_0000_max_476x317.jpeg; https://media.rightmove.co.uk:443/dir/crop/10:9-16:9/71k/70440/168851786/70440_169091LH_IMG_03_0000_max_476x317.jpeg; https://media.rightmove.co.uk:443/dir/crop/10:9-16:9/71k/70440/168851786/70440_169091LH_IMG_04_0000_max_476x317.jpeg"
"168841298","Suffolk","Commercial Property","Dallinghoo, Nr Woodbridge, Suffolk","£700 pcm","","","","A secured flexible business or storage premises, that has recently been repainted, forming part of High Farm, Dallinghoo - situated in a rural yet convenient location, just to the north of Woodbridge.  ","https://www.rightmove.co.uk/properties/168841298#/?channel=COM_LET","2025-10-31T13:07:21Z","","new","Marketed by Clarke and Simpson Commercial, Framlingham","","52.143047","1.33101","https://media.rightmove.co.uk:443/dir/crop/10:9-16:9/222k/221414/168841298/221414_L127172_IMG_00_0000_max_476x317.png; https://media.rightmove.co.uk:443/dir/crop/10:9-16:9/222k/221414/168841298/221414_L127172_IMG_01_0000_max_476x317.jpeg; https://media.rightmove.co.uk:443/dir/crop/10:9-16:9/222k/221414/168841298/221414_L127172_IMG_02_0000_max_476x317.jpeg; https://media.rightmove.co.uk:443/dir/crop/10:9-16:9/222k/221414/168841298/221414_L127172_IMG_03_0000_max_476x317.jpeg; https://media.rightmove.co.uk:443/dir/crop/10:9-16:9/222k/221414/168841298/221414_L127172_IMG_04_0000_max_476x317.jpeg; https://media.rightmove.co.uk:443/dir/crop/10:9-16:9/222k/221414/168841298/221414_L127172_IMG_05_0000_max_476x317.jpeg; https://media.rightmove.co.uk:443/dir/crop/10:9-16:9/222k/221414/168841298/221414_L127172_IMG_06_0000_max_476x317.jpeg; https://media.rightmove.co.uk:443/dir/crop/10:9-16:9/222k/221414/168841298/221414_L127172_IMG_07_0000_max_476x317.jpeg"
"168833741","Suffolk","Retail Property (high street)","The Britten Centre, Lowestoft, Suffolk, NR32","£3,750 pcm","","","","The unit comprises a former Poundland Unit in a 100% prime position within the Britten Centre. immediately adjacent to the bus station which creates a strong pedestrian flow past the unit. Nearby occupiers include B&M, Pandora, Iceland, Trespass, Card Factory, Superdrug and TG Jones.","https://www.rightmove.co.uk/properties/168833741#/?channel=COM_LET","2025-10-31T11:26:07Z","","new","Marketed by Roche Chartered Surveyors, Norfolk","","52.476961","1.751508","https://media.rightmove.co.uk:443/dir/crop/10:9-16:9/71k/70440/168833741/70440_169090LH_IMG_00_0000_max_476x317.jpeg; https://media.rightmove.co.uk:443/dir/crop/10:9-16:9/71k/70440/168833741/70440_169090LH_IMG_01_0000_max_476x317.jpeg; https://media.rightmove.co.uk:443/dir/crop/10:9-16:9/71k/70440/168833741/70440_169090LH_IMG_02_0000_max_476x317.jpeg; https://media.rightmove.co.uk:443/dir/crop/10:9-16:9/71k/70440/168833741/70440_169090LH_IMG_03_0000_max_476x317.jpeg; https://media.rightmove.co.uk:443/dir/crop/10:9-16:9/71k/70440/168833741/70440_169090LH_IMG_04_0000_max_476x317.jpeg; https://media.rightmove.co.uk:443/dir/crop/10:9-16:9/71k/70440/168833741/70440_169090LH_IMG_05_0000_max_476x317.jpeg; https://media.rightmove.co.uk:443/dir/crop/10:9-16:9/71k/70440/168833741/70440_169090LH_IMG_06_0000_max_476x317.jpeg"
"168831185","Suffolk","Shop","47 High Street, Haverhill, Suffolk, CB9 8AH","£1,867 pcm","","","","The property comprises the ground floor of a two-storey former betting office, providing mostly open sales space with ancillary offices, kitchen facilities and a WC. The shop has a glazed double frontage and occupies a prominent position on the High Street. Planning permission has been submitted ...","https://www.rightmove.co.uk/properties/168831185#/?channel=COM_LET","2025-10-31T10:49:31Z","","new","Marketed by Eddisons Commercial Limited, Bury St. Edmunds","","52.081104","0.441038","https://media.rightmove.co.uk:443/dir/crop/10:9-16:9/237k/236930/168831185/236930_3023400LH_IMG_00_0000_max_476x317.jpeg; https://media.rightmove.co.uk:443/dir/crop/10:9-16:9/237k/236930/168831185/236930_3023400LH_IMG_01_0000_max_476x317.jpeg; https://media.rightmove.co.uk:443/dir/crop/10:9-16:9/237k/236930/168831185/236930_3023400LH_IMG_02_0000_max_476x317.jpeg; https://media.rightmove.co.uk:443/dir/crop/10:9-16:9/237k/236930/168831185/236930_3023400LH_IMG_03_0000_max_476x317.jpeg"
"157615601","Suffolk","Office","Waveney Road, Lowestoft, Suffolk","£500 pcm","","","","Available due to relocation, this modern 648sq ft office space in town centre location, including private parking space, is immediately available.","https://www.rightmove.co.uk/properties/157615601#/?channel=COM_LET","2025-01-31T12:12:28Z","","price_reduced","Marketed by Paul Hubbard Commercial, Suffolk","","52.473846","1.752514","https://media.rightmove.co.uk:443/dir/crop/10:9-16:9/77k/76023/157615601/76023_33642824_IMG_00_0000_max_476x317.jpeg; https://media.rightmove.co.uk:443/dir/crop/10:9-16:9/77k/76023/157615601/76023_33642824_IMG_01_0000_max_476x317.jpeg; https://media.rightmove.co.uk:443/dir/crop/10:9-16:9/77k/76023/157615601/76023_33642824_IMG_02_0000_max_476x317.jpeg; https://media.rightmove.co.uk:443/dir/crop/10:9-16:9/77k/76023/157615601/76023_33642824_IMG_03_0000_max_476x317.jpeg; https://media.rightmove.co.uk:443/dir/crop/10:9-16:9/77k/76023/157615601/76023_33642824_IMG_04_0000_max_476x317.jpeg; https://media.rightmove.co.uk:443/dir/crop/10:9-16:9/77k/76023/157615601/76023_33642824_IMG_05_0000_max_476x317.jpeg; https://media.rightmove.co.uk:443/dir/crop/10:9-16:9/77k/76023/157615601/76023_33642824_IMG_06_0000_max_476x317.jpeg; https://media.rightmove.co.uk:443/dir/crop/10:9-16:9/77k/76023/157615601/76023_33642824_IMG_07_0000_max_476x317.jpeg"
"164237066","Suffolk","Warehouse","Newly Constructed Warehouse to Let in Rumburgh, Halesworth, Suffolk","£1,500 pcm","","","","6,000 sqft storage warehouse to let on rural site near the village of Rumburgh with good access to Halesworth and the A12 corridor.","https://www.rightmove.co.uk/properties/164237066#/?channel=COM_LET","2025-07-07T10:52:18Z","","price_reduced","Marketed by Howie Kent & Co Ltd, Essex","","52.380474","1.445853","https://media.rightmove.co.uk:443/dir/crop/10:9-16:9/229k/228701/164237066/228701_HKC10406_IMG_00_0001_max_476x317.jpeg; https://media.rightmove.co.uk:443/dir/crop/10:9-16:9/229k/228701/164237066/228701_HKC10406_IMG_01_0001_max_476x317.jpeg; https://media.rightmove.co.uk:443/dir/crop/10:9-16:9/229k/228701/164237066/228701_HKC10406_IMG_02_0001_max_476x317.jpeg; https://media.rightmove.co.uk:443/dir/crop/10:9-16:9/229k/228701/164237066/228701_HKC10406_IMG_03_0000_max_476x317.jpeg; https://media.rightmove.co.uk:443/dir/crop/10:9-16:9/229k/228701/164237066/228701_HKC10406_IMG_04_0000_max_476x317.jpeg"
"721604087289601","Suffolk","Office","Old School Hall, Well Street, Bury St. Edmunds, IP33 1EQ","£542 pcm","","","","Character Town Centre Ground Floor Office","https://www.rightmove.co.uk/properties/721604087289601#/?channel=COM_LET","2025-11-26T12:10:05Z","","new","Marketed by Hazells, Bury St Edmunds","","52.247286","0.713732","https://media.rightmove.co.uk:443/dir/crop/10:9-16:9/287k/286808/721604087289601/286808_154872-2_IMG_00_0000_max_476x317.jpeg; https://media.rightmove.co.uk:443/dir/crop/10:9-16:9/287k/286808/721604087289601/286808_154872-2_IMG_01_0000_max_476x317.jpeg; https://media.rightmove.co.uk:443/dir/crop/10:9-16:9/287k/286808/721604087289601/286808_154872-2_IMG_02_0000_max_476x317.jpeg"
"168709250","Suffolk","Office","Garden Office, The Harkstead Barns Offices, Harkstead,  Ipswich, Suffolk","£625 pcm","","","","Self-contained ground floor office suite, with private facilities & access. On-site car parking. Superb rural location, with stunning views. To let on new lease terms of £7,500 per annum exclusive. ","https://www.rightmove.co.uk/properties/168709250#/?channel=COM_LET","2025-10-28T14:59:25Z","","new","Marketed by Penn Commercial, Ipswich","","51.97348","1.19582","https://media.rightmove.co.uk:443/dir/crop/10:9-16:9/94k/93340/168709250/93340_PENN19_IMG_00_0000_max_476x317.jpeg; https://media.rightmove.co.uk:443/dir/crop/10:9-16:9/94k/93340/168709250/93340_PENN19_IMG_01_0000_max_476x317.jpeg; https://media.rightmove.co.uk:443/dir/crop/10:9-16:9/94k/93340/168709250/93340_PENN19_IMG_02_0000_max_476x317.jpeg; https://media.rightmove.co.uk:443/dir/crop/10:9-16:9/94k/93340/168709250/93340_PENN19_IMG_03_0000_max_476x317.jpeg; https://media.rightmove.co.uk:443/dir/crop/10:9-16:9/94k/93340/168709250/93340_PENN19_IMG_04_0000_max_476x317.jpeg"
"168707402","Suffolk","Office","10 Queen Street, Ipswich, Suffolk, IP1","£750 pcm","","","","Town centre location, close to the popular Waterfront. Suitable for various Class E uses, STPP - inc. professional services, recruitment, physiotherapist. Located in a high footfall area. Rent of £9,000 per annum exclusive. ","https://www.rightmove.co.uk/properties/168707402#/?channel=COM_LET","2025-10-28T14:34:45Z","","new","Marketed by Penn Commercial, Ipswich","","52.0565","1.15218","https://media.rightmove.co.uk:443/dir/crop/10:9-16:9/94k/93340/168707402/93340_PENN18_IMG_00_0000_max_476x317.jpeg; https://media.rightmove.co.uk:443/dir/crop/10:9-16:9/94k/93340/168707402/93340_PENN18_IMG_01_0001_max_476x317.jpeg"
"169637981","Suffolk","Office","25 St Helen's Street, Ipswich, Suffolk, IP4 1HH","£1,667 pcm","","","","The attractive Grade II Listed property comprises ground, first and second floor offices, within an enclosed courtyard. There are kitchen and WC (separate male and female) facilities, networking points, fluorescent lighting, fitted carpet and central heating. Two car parking spaces are available ...","https://www.rightmove.co.uk/properties/169637981#/?channel=COM_LET","2025-11-24T10:00:37Z","","new","Marketed by Penn Commercial, Ipswich","","52.057022","1.161408","https://media.rightmove.co.uk:443/dir/crop/10:9-16:9/94k/93340/169637981/93340_71469320LH_IMG_00_0000_max_476x317.jpeg; https://media.rightmove.co.uk:443/dir/crop/10:9-16:9/94k/93340/169637981/93340_71469320LH_IMG_01_0000_max_476x317.jpeg; https://media.rightmove.co.uk:443/dir/crop/10:9-16:9/94k/93340/169637981/93340_71469320LH_IMG_02_0000_max_476x317.jpeg; https://media.rightmove.co.uk:443/dir/crop/10:9-16:9/94k/93340/169637981/93340_71469320LH_IMG_03_0000_max_476x317.jpeg; https://media.rightmove.co.uk:443/dir/crop/10:9-16:9/94k/93340/169637981/93340_71469320LH_IMG_04_0000_max_476x317.jpeg; https://media.rightmove.co.uk:443/dir/crop/10:9-16:9/94k/93340/169637981/93340_71469320LH_IMG_05_0000_max_476x317.jpeg; https://media.rightmove.co.uk:443/dir/crop/10:9-16:9/94k/93340/169637981/93340_71469320LH_IMG_06_0000_max_476x317.jpeg; https://media.rightmove.co.uk:443/dir/crop/10:9-16:9/94k/93340/169637981/93340_71469320LH_IMG_07_0000_max_476x317.jpeg; https://media.rightmove.co.uk:443/dir/crop/10:9-16:9/94k/93340/169637981/93340_71469320LH_IMG_08_0000_max_476x317.jpeg; https://media.rightmove.co.uk:443/dir/crop/10:9-16:9/94k/93340/169637981/93340_71469320LH_IMG_09_0000_max_476x317.jpeg; https://media.rightmove.co.uk:443/dir/crop/10:9-16:9/94k/93340/169637981/93340_71469320LH_IMG_10_0000_max_476x317.jpeg; https://media.rightmove.co.uk:443/dir/crop/10:9-16:9/94k/93340/169637981/93340_71469320LH_IMG_11_0000_max_476x317.jpeg; https://media.rightmove.co.uk:443/dir/crop/10:9-16:9/94k/93340/169637981/93340_71469320LH_IMG_12_0000_max_476x317.jpeg; https://media.rightmove.co.uk:443/dir/crop/10:9-16:9/94k/93340/169637981/93340_71469320LH_IMG_13_0000_max_476x317.jpeg; https://media.rightmove.co.uk:443/dir/crop/10:9-16:9/94k/93340/169637981/93340_71469320LH_IMG_14_0000_max_476x317.jpeg"
"168701207","Suffolk","Office","25 St. Helens Street, Ipswich, Suffolk, IP4","£1,667 pcm","","","","Convenient town centre location, close to amenities. Suitable for various Class E office uses, STPP - inc. professional services, recruitment, physiotherapist. On-site car parking. Rent of £20,000 per annum exclusive. ","https://www.rightmove.co.uk/properties/168701207#/?channel=COM_LET","2025-10-28T13:08:24Z","","new","Marketed by Penn Commercial, Ipswich","","52.05697","1.16136","https://media.rightmove.co.uk:443/dir/crop/10:9-16:9/94k/93340/168701207/93340_PENN17_IMG_02_0000_max_476x317.jpeg; https://media.rightmove.co.uk:443/dir/crop/10:9-16:9/94k/93340/168701207/93340_PENN17_IMG_01_0000_max_476x317.jpeg; https://media.rightmove.co.uk:443/dir/crop/10:9-16:9/94k/93340/168701207/93340_PENN17_IMG_00_0000_max_476x317.jpeg; https://media.rightmove.co.uk:443/dir/crop/10:9-16:9/94k/93340/168701207/93340_PENN17_IMG_03_0000_max_476x317.jpeg; https://media.rightmove.co.uk:443/dir/crop/10:9-16:9/94k/93340/168701207/93340_PENN17_IMG_07_0000_max_476x317.jpeg; https://media.rightmove.co.uk:443/dir/crop/10:9-16:9/94k/93340/168701207/93340_PENN17_IMG_06_0000_max_476x317.jpeg; https://media.rightmove.co.uk:443/dir/crop/10:9-16:9/94k/93340/168701207/93340_PENN17_IMG_08_0000_max_476x317.jpeg; https://media.rightmove.co.uk:443/dir/crop/10:9-16:9/94k/93340/168701207/93340_PENN17_IMG_04_0000_max_476x317.jpeg; https://media.rightmove.co.uk:443/dir/crop/10:9-16:9/94k/93340/168701207/93340_PENN17_IMG_05_0000_max_476x317.jpeg"
"168700835","Suffolk","Office","23 Great Colman Street, Ipswich, Suffolk","£667 pcm","","","","Prominent town centre location. Situated on a busy arterial route, with a high volume of passing traffic. Benefits from brand new internal double glazing. Formerly a travel agency and a Doctor's office, would suit various uses, STPP. To let, at a rent of £8,000 per annum exclusive. ","https://www.rightmove.co.uk/properties/168700835#/?channel=COM_LET","2025-10-28T12:55:02Z","","new","Marketed by Penn Commercial, Ipswich","","52.05831","1.15839","https://media.rightmove.co.uk:443/dir/crop/10:9-16:9/94k/93340/168700835/93340_PENN16_IMG_02_0000_max_476x317.jpeg; https://media.rightmove.co.uk:443/dir/crop/10:9-16:9/94k/93340/168700835/93340_PENN16_IMG_00_0000_max_476x317.jpeg; https://media.rightmove.co.uk:443/dir/crop/10:9-16:9/94k/93340/168700835/93340_PENN16_IMG_01_0000_max_476x317.jpeg"
"168686009","Suffolk","Light Industrial","Land & Buildings on the South Side of Windham Road, Chilton Industrial Estate, Sudbury, Suffolk  ","£2,083 pcm","","","","Situated 1 mile from the town centre. Easy access to the A131 and 0.7 mile from the railway station. Warehouse/Industrial unit, with roller shutter door. To let on new lease terms at a rent of £25,000 per annum exclusive. Would suit storage, light industrial use or distribution, etc. ","https://www.rightmove.co.uk/properties/168686009#/?channel=COM_LET","2025-10-28T09:47:26Z","","new","Marketed by Penn Commercial, Ipswich","","52.04182","0.74894","https://media.rightmove.co.uk:443/dir/crop/10:9-16:9/94k/93340/168686009/93340_PENN12_IMG_05_0000_max_476x317.jpeg; https://media.rightmove.co.uk:443/dir/crop/10:9-16:9/94k/93340/168686009/93340_PENN12_IMG_04_0001_max_476x317.jpeg; https://media.rightmove.co.uk:443/dir/crop/10:9-16:9/94k/93340/168686009/93340_PENN12_IMG_02_0001_max_476x317.jpeg; https://media.rightmove.co.uk:443/dir/crop/10:9-16:9/94k/93340/168686009/93340_PENN12_IMG_01_0001_max_476x317.jpeg; https://media.rightmove.co.uk:443/dir/crop/10:9-16:9/94k/93340/168686009/93340_PENN12_IMG_03_0001_max_476x317.jpeg; https://media.rightmove.co.uk:443/dir/crop/10:9-16:9/94k/93340/168686009/93340_PENN12_IMG_00_0001_max_476x317.jpeg"
"168661667","Suffolk","Shop","2 Jubilee Walk, Haverhill, Suffolk, CB9 8DA","POA","","","","The property is a two storey lock up shop unit, arranged over ground and first floors providing open plan sales space. The property is being comprehensively refurbished including new electrics, lighting, air cooling / heating, re-plastering, decoration, new kitchen and WC facilities. Loading acce...","https://www.rightmove.co.uk/properties/168661667#/?channel=COM_LET","2025-10-27T17:00:25Z","","new","Marketed by Eddisons Commercial Limited, Bury St. Edmunds","","52.081451","0.441101","https://media.rightmove.co.uk:443/dir/crop/10:9-16:9/237k/236930/168661667/236930_3023390LH_IMG_00_0000_max_476x317.jpeg; https://media.rightmove.co.uk:443/dir/crop/10:9-16:9/237k/236930/168661667/236930_3023390LH_IMG_01_0000_max_476x317.jpeg; https://media.rightmove.co.uk:443/dir/crop/10:9-16:9/237k/236930/168661667/236930_3023390LH_IMG_02_0000_max_476x317.jpeg; https://media.rightmove.co.uk:443/dir/crop/10:9-16:9/237k/236930/168661667/236930_3023390LH_IMG_03_0000_max_476x317.jpeg; https://media.rightmove.co.uk:443/dir/crop/10:9-16:9/237k/236930/168661667/236930_3023390LH_IMG_04_0000_max_476x317.jpeg"
"168661616","Suffolk","Shop","3 Jubilee Walk, Haverhill, Suffolk, CB9 8DA","POA","","","","The property is a two storey lock up shop unit, arranged over ground and first floors providing open plan sales space. The property is being comprehensively refurbished including new electrics, lighting, air cooling / heating, re-plastering, decoration, new kitchen and WC facilities. Loading acce...","https://www.rightmove.co.uk/properties/168661616#/?channel=COM_LET","2025-10-27T17:00:05Z","","new","Marketed by Eddisons Commercial Limited, Bury St. Edmunds","","52.081451","0.441101","https://media.rightmove.co.uk:443/dir/crop/10:9-16:9/237k/236930/168661616/236930_3023391LH_IMG_00_0000_max_476x317.jpeg; https://media.rightmove.co.uk:443/dir/crop/10:9-16:9/237k/236930/168661616/236930_3023391LH_IMG_01_0000_max_476x317.jpeg"
"168641915","Suffolk","Light Industrial","19 Anson Road, Martlesham Heath Business Park, IP5 3RG","£1,267 pcm","","","","The building is a steel portal frame industrial unit with block/brickwork elevations and profile steel cladding to upper parts. Loading areas are to the front and rear with communal parking at the front.","https://www.rightmove.co.uk/properties/168641915#/?channel=COM_LET","2025-10-27T15:45:02Z","","new","Marketed by Elsom Spettigue Associates, Suffolk","","52.0625","1.28141","https://media.rightmove.co.uk:443/dir/crop/10:9-16:9/288k/287816/168641915/287816_19Anson_IMG_02_0000_max_476x317.jpeg; https://media.rightmove.co.uk:443/dir/crop/10:9-16:9/288k/287816/168641915/287816_19Anson_IMG_01_0000_max_476x317.jpeg"
"168650348","Suffolk","Office","Greenwood Court, Bury St. Edmunds, Suffolk, IP32","£1,292 pcm","","","","Modern first floor self-contained office to rent with flexible terms available immediately. Free allocated parking on site. Located approximately 30 miles from Cambridge and Ipswich with excellent access to A14.Recently refurbished to a very high standard.","https://www.rightmove.co.uk/properties/168650348#/?channel=COM_LET","2025-10-27T15:13:40Z","","new","Marketed by Cedar Tree Estates Ltd, Suffolk","","52.24291","0.75454","https://media.rightmove.co.uk:443/dir/crop/10:9-16:9/property-photo/9fa73ac77/168650348/9fa73ac77e2e424bf18ccf369e6f4bec_max_476x317.jpeg; https://media.rightmove.co.uk:443/dir/crop/10:9-16:9/property-photo/cd08d1735/168650348/cd08d173587104178915ed3036a6afae_max_476x317.jpeg; https://media.rightmove.co.uk:443/dir/crop/10:9-16:9/property-photo/32755095a/168650348/32755095a77819257b4dee7d56c7d90a_max_476x317.jpeg; https://media.rightmove.co.uk:443/dir/crop/10:9-16:9/property-photo/02b13f5be/168650348/02b13f5be2569c242ffec0b86d981549_max_476x317.jpeg; https://media.rightmove.co.uk:443/dir/crop/10:9-16:9/property-photo/f41b704e9/168650348/f41b704e946913d289eb7a174e377700_max_476x317.jpeg; https://media.rightmove.co.uk:443/dir/crop/10:9-16:9/property-photo/2b2023032/168650348/2b2023032910e2bc5421cc7abe3d471a_max_476x317.jpeg; https://media.rightmove.co.uk:443/dir/crop/10:9-16:9/property-photo/29d199ad3/168650348/29d199ad30a65b2a24e372af32dbf9e0_max_476x317.jpeg; https://media.rightmove.co.uk:443/dir/crop/10:9-16:9/property-photo/b473ededa/168650348/b473ededa114aff3d1bf42921b7f13f0_max_476x317.jpeg"
"132930791","Suffolk","Retail Property (high street)","Buttermarket, Ipswich, Suffolk","£2,917 pcm","","","","A substantial and prominent retail premises, close to the Buttermarket.  ","https://www.rightmove.co.uk/properties/132930791#/?channel=COM_LET","2023-03-24T16:24:18Z","","new","Marketed by Clarke and Simpson Commercial, Framlingham","","52.057205","1.155001","https://media.rightmove.co.uk:443/dir/crop/10:9-16:9/222k/221414/132930791/221414_L11887_IMG_00_0000_max_476x317.jpeg; https://media.rightmove.co.uk:443/dir/crop/10:9-16:9/222k/221414/132930791/221414_L11887_IMG_01_0000_max_476x317.jpeg"
"721605257501536","Suffolk","Office","Ground floor, 3 Greenwood Court, Bury St. Edmunds, Bury St edmunds, IP32 7GY","£1,292 pcm","","","","Attractive refurbished business park office","https://www.rightmove.co.uk/properties/721605257501536#/?channel=COM_LET","2025-11-26T12:11:05Z","","new","Marketed by Hazells, Bury St Edmunds","","52.242977","0.754561","https://media.rightmove.co.uk:443/dir/crop/10:9-16:9/287k/286808/721605257501536/286808_335510-2_IMG_00_0000_max_476x317.jpeg; https://media.rightmove.co.uk:443/dir/crop/10:9-16:9/287k/286808/721605257501536/286808_335510-2_IMG_01_0000_max_476x317.jpeg; https://media.rightmove.co.uk:443/dir/crop/10:9-16:9/287k/286808/721605257501536/286808_335510-2_IMG_02_0000_max_476x317.jpeg; https://media.rightmove.co.uk:443/dir/crop/10:9-16:9/287k/286808/721605257501536/286808_335510-2_IMG_03_0000_max_476x317.jpeg; https://media.rightmove.co.uk:443/dir/crop/10:9-16:9/287k/286808/721605257501536/286808_335510-2_IMG_04_0000_max_476x317.jpeg"
"721605261694769","Suffolk","Office","First Floor, 2A Greenwood Court, Bury St. Edmunds, IP32 7GY","£1,292 pcm","","","","Attractive refurbished business park office","https://www.rightmove.co.uk/properties/721605261694769#/?channel=COM_LET","2025-11-26T12:11:06Z","","new","Marketed by Hazells, Bury St Edmunds","","52.24299","0.754707","https://media.rightmove.co.uk:443/dir/crop/10:9-16:9/287k/286808/721605261694769/286808_335522-2_IMG_00_0000_max_476x317.jpeg; https://media.rightmove.co.uk:443/dir/crop/10:9-16:9/287k/286808/721605261694769/286808_335522-2_IMG_01_0000_max_476x317.jpeg; https://media.rightmove.co.uk:443/dir/crop/10:9-16:9/287k/286808/721605261694769/286808_335522-2_IMG_02_0000_max_476x317.jpeg; https://media.rightmove.co.uk:443/dir/crop/10:9-16:9/287k/286808/721605261694769/286808_335522-2_IMG_03_0000_max_476x317.jpeg; https://media.rightmove.co.uk:443/dir/crop/10:9-16:9/287k/286808/721605261694769/286808_335522-2_IMG_04_0000_max_476x317.jpeg"
"152086982","Suffolk","Industrial Park","Haverhill","£20,000 pcm","Fixed Price","","","50% OFF for the first 6 months. High quality industrial unit on Homefield Road, Haverhill. This industrial unit stretches to a vast 58,876 square feet on the ground floor alone. ","https://www.rightmove.co.uk/properties/152086982#/?channel=COM_LET","2024-09-05T15:20:02Z","","price_reduced","Marketed by Whirledge and Nott, Commercial","","52.07309","0.42914","https://media.rightmove.co.uk:443/dir/crop/10:9-16:9/property-photo/e59f5d7da/152086982/e59f5d7da4d3172d4a3fd9bfbc52e547_max_476x317.jpeg; https://media.rightmove.co.uk:443/dir/crop/10:9-16:9/property-photo/aa284a9a5/152086982/aa284a9a586396d91c835d7344e2f185_max_476x317.jpeg; https://media.rightmove.co.uk:443/dir/crop/10:9-16:9/property-photo/6a3db2233/152086982/6a3db2233e395e597362ae73e242e0a7_max_476x317.jpeg; https://media.rightmove.co.uk:443/dir/crop/10:9-16:9/property-photo/39a2bf5c2/152086982/39a2bf5c2401cccb7f9aad89d5f9729a_max_476x317.jpeg; https://media.rightmove.co.uk:443/dir/crop/10:9-16:9/property-photo/96b82ad4e/152086982/96b82ad4e39f453f2043d98fad8816ed_max_476x317.jpeg; https://media.rightmove.co.uk:443/dir/crop/10:9-16:9/property-photo/a66d529fb/152086982/a66d529fbf86b03da3abb9811d057673_max_476x317.jpeg; https://media.rightmove.co.uk:443/dir/crop/10:9-16:9/property-photo/10e8eacdc/152086982/10e8eacdcc320b38ba212723796c6b18_max_476x317.jpeg; https://media.rightmove.co.uk:443/dir/crop/10:9-16:9/property-photo/8d717b489/152086982/8d717b48959f4e79baf55e6fab8a67dc_max_476x317.jpeg; https://media.rightmove.co.uk:443/dir/crop/10:9-16:9/property-photo/e34c0a0b1/152086982/e34c0a0b198f2b46a20f91917f986edb_max_476x317.jpeg; https://media.rightmove.co.uk:443/dir/crop/10:9-16:9/property-photo/f6051f68e/152086982/f6051f68e24681a0633374f496ae351b_max_476x317.jpeg; https://media.rightmove.co.uk:443/dir/crop/10:9-16:9/property-photo/fab6af8ac/152086982/fab6af8ac3d935834e854e4493cb6c68_max_476x317.jpeg; https://media.rightmove.co.uk:443/dir/crop/10:9-16:9/property-photo/1cb635620/152086982/1cb6356203c0a9e8eda23ae7ad456a4c_max_476x317.jpeg; https://media.rightmove.co.uk:443/dir/crop/10:9-16:9/property-photo/6a3db2233/152086982/6a3db2233e395e597362ae73e242e0a7_max_476x317.jpeg; https://media.rightmove.co.uk:443/dir/crop/10:9-16:9/property-photo/390453131/152086982/3904531312302eba449f0569fc8c22a9_max_476x317.jpeg; https://media.rightmove.co.uk:443/dir/crop/10:9-16:9/property-photo/4c1036259/152086982/4c1036259be1fef507d348f1c275bc1c_max_476x317.jpeg; https://media.rightmove.co.uk:443/dir/crop/10:9-16:9/property-photo/45d7e9808/152086982/45d7e98081b51ed72b05a81e7e3576ef_max_476x317.jpeg; https://media.rightmove.co.uk:443/dir/crop/10:9-16:9/property-photo/f51563eea/152086982/f51563eea91f85213cab660a136c7d80_max_476x317.jpeg; https://media.rightmove.co.uk:443/dir/crop/10:9-16:9/property-photo/7fa544ce9/152086982/7fa544ce9f4584dd5555cb0502cc7c84_max_476x317.jpeg; https://media.rightmove.co.uk:443/dir/crop/10:9-16:9/property-photo/018c66832/152086982/018c66832cafc59fdb19e8930d5e0bfe_max_476x317.jpeg; https://media.rightmove.co.uk:443/dir/crop/10:9-16:9/property-photo/0c005be80/152086982/0c005be808fc9a4b96cfc0d805a8e416_max_476x317.jpeg"
"148775282","Suffolk","Warehouse","Manor Road, IP13","£875 pcm","","","","Discrete storage space directly accessed to the A12 at Woodbridge.Rent of £875pcm (£10,500pa)","https://www.rightmove.co.uk/properties/148775282#/?channel=COM_LET","2024-06-05T11:19:54Z","","new","Marketed by Fennel Chartered Surveyors, Halesworth","","52.10299","1.30015","https://media.rightmove.co.uk:443/dir/crop/10:9-16:9/118k/117463/148775282/117463_hasketonbarn_IMG_02_0000_max_476x317.jpeg"
"721605242821984","Suffolk","Distribution Warehouse","14 Wimbledon Avenue, Brandon, IP27 0NZ","£1,750 pcm","","","","Light Industrial/Workshop To Let","https://www.rightmove.co.uk/properties/721605242821984#/?channel=COM_LET","2025-11-26T12:11:05Z","","new","Marketed by Hazells, Bury St Edmunds","","52.437872","0.608993","https://media.rightmove.co.uk:443/dir/crop/10:9-16:9/287k/286808/721605242821984/286808_334219-2_IMG_04_0000_max_476x317.jpeg; https://media.rightmove.co.uk:443/dir/crop/10:9-16:9/287k/286808/721605242821984/286808_334219-2_IMG_05_0000_max_476x317.jpeg; https://media.rightmove.co.uk:443/dir/crop/10:9-16:9/287k/286808/721605242821984/286808_334219-2_IMG_06_0000_max_476x317.jpeg; https://media.rightmove.co.uk:443/dir/crop/10:9-16:9/287k/286808/721605242821984/286808_334219-2_IMG_03_0000_max_476x317.jpeg"
"72154130","Suffolk","Retail Property (high street)","179b High Street, IP13","£500 pcm","","","","Delightful lockup units as part of a commercial complex of recently refurbished units, completed to a very high standard. Would suit a number of professional uses.","https://www.rightmove.co.uk/properties/72154130#/?channel=COM_LET","2018-03-22T13:22:09Z","","size_change","Marketed by Fennel Chartered Surveyors, Halesworth","","52.15806","1.3693","https://media.rightmove.co.uk:443/dir/crop/10:9-16:9/118k/117463/72154130/117463_littleshopwickham_IMG_09_0000_max_476x317.jpg; https://media.rightmove.co.uk:443/dir/crop/10:9-16:9/118k/117463/72154130/117463_littleshopwickham_IMG_11_0000_max_476x317.JPG; https://media.rightmove.co.uk:443/dir/crop/10:9-16:9/118k/117463/72154130/117463_littleshopwickham_IMG_10_0000_max_476x317.JPG; https://media.rightmove.co.uk:443/dir/crop/10:9-16:9/118k/117463/72154130/117463_littleshopwickham_IMG_00_0000_max_476x317.jpg; https://media.rightmove.co.uk:443/dir/crop/10:9-16:9/118k/117463/72154130/117463_littleshopwickham_IMG_12_0000_max_476x317.JPG; https://media.rightmove.co.uk:443/dir/crop/10:9-16:9/118k/117463/72154130/117463_littleshopwickham_IMG_13_0000_max_476x317.JPG; https://media.rightmove.co.uk:443/dir/crop/10:9-16:9/118k/117463/72154130/117463_littleshopwickham_IMG_14_0000_max_476x317.JPG; https://media.rightmove.co.uk:443/dir/crop/10:9-16:9/118k/117463/72154130/117463_littleshopwickham_IMG_08_0000_max_476x317.JPG; https://media.rightmove.co.uk:443/dir/crop/10:9-16:9/118k/117463/72154130/117463_littleshopwickham_IMG_15_0000_max_476x317.jpeg; https://media.rightmove.co.uk:443/dir/crop/10:9-16:9/118k/117463/72154130/117463_littleshopwickham_IMG_16_0000_max_476x317.jpeg; https://media.rightmove.co.uk:443/dir/crop/10:9-16:9/118k/117463/72154130/117463_littleshopwickham_IMG_17_0000_max_476x317.jpeg; https://media.rightmove.co.uk:443/dir/crop/10:9-16:9/118k/117463/72154130/117463_littleshopwickham_IMG_18_0000_max_476x317.jpeg; https://media.rightmove.co.uk:443/dir/crop/10:9-16:9/118k/117463/72154130/117463_littleshopwickham_IMG_19_0000_max_476x317.png; https://media.rightmove.co.uk:443/dir/crop/10:9-16:9/118k/117463/72154130/117463_littleshopwickham_IMG_20_0000_max_476x317.png; https://media.rightmove.co.uk:443/dir/crop/10:9-16:9/118k/117463/72154130/117463_littleshopwickham_IMG_21_0000_max_476x317.png; https://media.rightmove.co.uk:443/dir/crop/10:9-16:9/118k/117463/72154130/117463_littleshopwickham_IMG_22_0000_max_476x317.png; https://media.rightmove.co.uk:443/dir/crop/10:9-16:9/118k/117463/72154130/117463_littleshopwickham_IMG_23_0000_max_476x317.png; https://media.rightmove.co.uk:443/dir/crop/10:9-16:9/118k/117463/72154130/117463_littleshopwickham_IMG_24_0000_max_476x317.png"
"150427508","Suffolk","Serviced Office","70-72 The Havens, Ransomes Europark, Ipswich, United Kingdom IP3 9BF","£469 pcm","From","","4","Private office space for 4 in Basepoint Ransomes Europark. Fully flexible, 24/7 access, secure, ergonomic furniture and all-inclusive services included. ","https://www.rightmove.co.uk/properties/150427508#/?channel=COM_LET","2024-07-19T11:39:44Z","","size_change","Marketed by Basepoint, Basepoint","","52.02923","1.22085","https://media.rightmove.co.uk:443/dir/crop/10:9-16:9/71k/70551/150427508/70551_UK4ws4544_IMG_00_0000_max_476x317.jpeg; https://media.rightmove.co.uk:443/dir/crop/10:9-16:9/71k/70551/150427508/70551_UK4ws4544_IMG_05_0000_max_476x317.jpeg; https://media.rightmove.co.uk:443/dir/crop/10:9-16:9/71k/70551/150427508/70551_UK4ws4544_IMG_07_0000_max_476x317.jpeg; https://media.rightmove.co.uk:443/dir/crop/10:9-16:9/71k/70551/150427508/70551_UK4ws4544_IMG_04_0000_max_476x317.jpeg; https://media.rightmove.co.uk:443/dir/crop/10:9-16:9/71k/70551/150427508/70551_UK4ws4544_IMG_01_0000_max_476x317.jpeg; https://media.rightmove.co.uk:443/dir/crop/10:9-16:9/71k/70551/150427508/70551_UK4ws4544_IMG_08_0000_max_476x317.jpeg; https://media.rightmove.co.uk:443/dir/crop/10:9-16:9/71k/70551/150427508/70551_UK4ws4544_IMG_03_0000_max_476x317.jpeg; https://media.rightmove.co.uk:443/dir/crop/10:9-16:9/71k/70551/150427508/70551_UK4ws4544_IMG_02_0000_max_476x317.jpeg; https://media.rightmove.co.uk:443/dir/crop/10:9-16:9/71k/70551/150427508/70551_UK4ws4544_IMG_06_0000_max_476x317.jpeg; https://media.rightmove.co.uk:443/dir/crop/10:9-16:9/71k/70551/150427508/70551_UK4ws4544_IMG_09_0000_max_476x317.jpeg"
"168564557","Suffolk","Storage","Unit 3A Blyford Hall Yard, Halesworth, Suffolk, IP19 9JY","£565 pcm","","","","Commercial unit with internal office space.","https://www.rightmove.co.uk/properties/168564557#/?channel=COM_LET","2025-10-24T10:35:57Z","","new","Marketed by Ceres Property LLP, Saffron Walden","","52.33598","1.55507","https://media.rightmove.co.uk:443/dir/crop/10:9-16:9/property-photo/e7404aa12/168564557/e7404aa1258d546e561bb9e06f59d7e0_max_476x317.jpeg; https://media.rightmove.co.uk:443/dir/crop/10:9-16:9/property-photo/0b537212a/168564557/0b537212a382209930b0bbe770e7376a_max_476x317.jpeg"
"168492464","Suffolk","Light Industrial","38 Boss Hall Road, Ipswich, Suffolk , IP1","£1,125 pcm","","","","The premises comprises an end of terrace industrial unit of steel portal frame construction with brick/blockwork elevations and profile sheet cladding to the upper parts. The roof is clad in corrugated asbestos sheeting with translucent panels. The front section of the warehouse is currently fit...","https://www.rightmove.co.uk/properties/168492464#/?channel=COM_LET","2025-10-22T15:14:53Z","","new","Marketed by Fenn Wright, Ipswich Commercial Sales and Lettings","","52.063264","1.122086","https://media.rightmove.co.uk:443/dir/crop/10:9-16:9/162k/161330/168492464/161330_14870864LH_IMG_00_0000_max_476x317.jpeg; https://media.rightmove.co.uk:443/dir/crop/10:9-16:9/162k/161330/168492464/161330_14870864LH_IMG_01_0000_max_476x317.jpeg; https://media.rightmove.co.uk:443/dir/crop/10:9-16:9/162k/161330/168492464/161330_14870864LH_IMG_02_0000_max_476x317.jpeg; https://media.rightmove.co.uk:443/dir/crop/10:9-16:9/162k/161330/168492464/161330_14870864LH_IMG_03_0000_max_476x317.jpeg; https://media.rightmove.co.uk:443/dir/crop/10:9-16:9/162k/161330/168492464/161330_14870864LH_IMG_04_0000_max_476x317.jpeg; https://media.rightmove.co.uk:443/dir/crop/10:9-16:9/162k/161330/168492464/161330_14870864LH_IMG_05_0000_max_476x317.jpeg; https://media.rightmove.co.uk:443/dir/crop/10:9-16:9/162k/161330/168492464/161330_14870864LH_IMG_06_0000_max_476x317.jpeg"
"168441089","Suffolk","Office","Suite B Brightwell Court, Martlesham Heath Business Park, Ipswich, Suffolk, IP5 3RF","£3,204 pcm","","","","Open plan office with large glazed meeting room, in a recently refurbished multi-let office building fronting the A12. It has its own dedicated entrance and generous on-site parking.","https://www.rightmove.co.uk/properties/168441089#/?channel=COM_LET","2025-10-21T16:00:02Z","","new","Marketed by Elsom Spettigue Associates, Suffolk","","52.0573","1.27767","https://media.rightmove.co.uk:443/dir/crop/10:9-16:9/288k/287816/168441089/287816_BrightwellCrt_IMG_01_0001_max_476x317.jpeg; https://media.rightmove.co.uk:443/dir/crop/10:9-16:9/288k/287816/168441089/287816_BrightwellCrt_IMG_02_0001_max_476x317.jpeg; https://media.rightmove.co.uk:443/dir/crop/10:9-16:9/288k/287816/168441089/287816_BrightwellCrt_IMG_03_0001_max_476x317.jpeg; https://media.rightmove.co.uk:443/dir/crop/10:9-16:9/288k/287816/168441089/287816_BrightwellCrt_IMG_04_0001_max_476x317.jpeg; https://media.rightmove.co.uk:443/dir/crop/10:9-16:9/288k/287816/168441089/287816_BrightwellCrt_IMG_00_0001_max_476x317.jpeg; https://media.rightmove.co.uk:443/dir/crop/10:9-16:9/288k/287816/168441089/287816_BrightwellCrt_IMG_05_0001_max_476x317.jpeg; https://media.rightmove.co.uk:443/dir/crop/10:9-16:9/288k/287816/168441089/287816_BrightwellCrt_IMG_06_0001_max_476x317.jpeg; https://media.rightmove.co.uk:443/dir/crop/10:9-16:9/288k/287816/168441089/287816_BrightwellCrt_IMG_07_0000_max_476x317.jpeg"
"165218363","Suffolk","Commercial Property","Station Road, Beccles","£995 pcm","","","","Fantastic Commercial Space to Let - Prime Location Near Railway Station Don´t miss this excellent opportunity to rent a versatile commercial unit in a fantastic location just steps from the railway station. The space features: -	Serving hatch - ideal for takeaway drinks and snacks -	Moder...","https://www.rightmove.co.uk/properties/165218363#/?channel=COM_LET","2025-08-01T10:40:35Z","","new","Marketed by Living Property, Beccles","","52.45794","1.56768","https://media.rightmove.co.uk:443/dir/crop/10:9-16:9/93k/92405/165218363/92405_100485002120_IMG_00_0000_max_476x317.jpeg; https://media.rightmove.co.uk:443/dir/crop/10:9-16:9/93k/92405/165218363/92405_100485002120_IMG_01_0000_max_476x317.jpeg; https://media.rightmove.co.uk:443/dir/crop/10:9-16:9/93k/92405/165218363/92405_100485002120_IMG_02_0000_max_476x317.jpeg; https://media.rightmove.co.uk:443/dir/crop/10:9-16:9/93k/92405/165218363/92405_100485002120_IMG_03_0000_max_476x317.jpeg; https://media.rightmove.co.uk:443/dir/crop/10:9-16:9/93k/92405/165218363/92405_100485002120_IMG_04_0000_max_476x317.jpeg; https://media.rightmove.co.uk:443/dir/crop/10:9-16:9/93k/92405/165218363/92405_100485002120_IMG_05_0000_max_476x317.jpeg; https://media.rightmove.co.uk:443/dir/crop/10:9-16:9/93k/92405/165218363/92405_100485002120_IMG_06_0000_max_476x317.jpeg; https://media.rightmove.co.uk:443/dir/crop/10:9-16:9/93k/92405/165218363/92405_100485002120_IMG_07_0000_max_476x317.jpeg; https://media.rightmove.co.uk:443/dir/crop/10:9-16:9/93k/92405/165218363/92405_100485002120_IMG_08_0000_max_476x317.jpeg; https://media.rightmove.co.uk:443/dir/crop/10:9-16:9/93k/92405/165218363/92405_100485002120_IMG_09_0000_max_476x317.jpeg; https://media.rightmove.co.uk:443/dir/crop/10:9-16:9/93k/92405/165218363/92405_100485002120_IMG_10_0000_max_476x317.jpeg; https://media.rightmove.co.uk:443/dir/crop/10:9-16:9/93k/92405/165218363/92405_100485002120_IMG_11_0000_max_476x317.jpeg; https://media.rightmove.co.uk:443/dir/crop/10:9-16:9/93k/92405/165218363/92405_100485002120_IMG_12_0000_max_476x317.jpeg; https://media.rightmove.co.uk:443/dir/crop/10:9-16:9/93k/92405/165218363/92405_100485002120_IMG_13_0000_max_476x317.jpeg"
"167977976","Suffolk","Storage","Great Wenham Compound, Raydon Road, CO7","£600 pcm","","","","Concrete compound area within 5 minutes of the A12","https://www.rightmove.co.uk/properties/167977976#/?channel=COM_LET","2025-10-20T10:43:21Z","","new","Marketed by Sentry Ltd, Suffolk","","52.01418","1.01228","https://media.rightmove.co.uk:443/dir/crop/10:9-16:9/290k/289730/167977976/289730_RM250515006_IMG_08_0000_max_476x317.png; https://media.rightmove.co.uk:443/dir/crop/10:9-16:9/290k/289730/167977976/289730_RM250515006_IMG_04_0000_max_476x317.jpeg; https://media.rightmove.co.uk:443/dir/crop/10:9-16:9/290k/289730/167977976/289730_RM250515006_IMG_02_0001_max_476x317.jpeg; https://media.rightmove.co.uk:443/dir/crop/10:9-16:9/290k/289730/167977976/289730_RM250515006_IMG_03_0000_max_476x317.jpeg; https://media.rightmove.co.uk:443/dir/crop/10:9-16:9/290k/289730/167977976/289730_RM250515006_IMG_06_0000_max_476x317.jpeg; https://media.rightmove.co.uk:443/dir/crop/10:9-16:9/290k/289730/167977976/289730_RM250515006_IMG_07_0000_max_476x317.jpeg"
"168364418","Suffolk","Storage","Port Of Ipswich, West Bank Terminal, Ipswich, IP2 8LY","POA","","","","Open Storage Opportunity Up To 8.26 Acres (Compounds Available From 2 Acres+) Available November 2025","https://www.rightmove.co.uk/properties/168364418#/?channel=COM_LET","2025-10-19T17:49:39Z","","new","Marketed by JLL, London - Industrial","","52.052773","1.159057","https://media.rightmove.co.uk:443/dir/crop/10:9-16:9/264k/263627/168364418/263627_334938-2_IMG_07_0000_max_476x317.jpeg; https://media.rightmove.co.uk:443/dir/crop/10:9-16:9/264k/263627/168364418/263627_334938-2_IMG_06_0000_max_476x317.jpeg; https://media.rightmove.co.uk:443/dir/crop/10:9-16:9/264k/263627/168364418/263627_334938-2_IMG_04_0000_max_476x317.jpeg; https://media.rightmove.co.uk:443/dir/crop/10:9-16:9/264k/263627/168364418/263627_334938-2_IMG_05_0000_max_476x317.jpeg; https://media.rightmove.co.uk:443/dir/crop/10:9-16:9/264k/263627/168364418/263627_334938-2_IMG_03_0000_max_476x317.jpeg; https://media.rightmove.co.uk:443/dir/crop/10:9-16:9/264k/263627/168364418/263627_334938-2_IMG_08_0000_max_476x317.jpeg; https://media.rightmove.co.uk:443/dir/crop/10:9-16:9/264k/263627/168364418/263627_334938-2_IMG_09_0000_max_476x317.jpeg"
"168361868","Suffolk","Mixed Use","Woodbridge Road, Ipswich, Suffolk, IP4 4EL","£2,000 pcm","","2","1","Prominent and flexible commercial premises occupying a corner location on Woodbridge Road with side access and private on-site car parking  Busy secondary trading location. Available to let on a new overriding FRI lease to include a tenanted first floor flat · Side ac...","https://www.rightmove.co.uk/properties/168361868#/?channel=COM_LET","2025-10-19T10:15:27Z","","new","Marketed by Clarke and Simpson Commercial, Framlingham","","52.061657","1.180457","https://media.rightmove.co.uk:443/dir/crop/10:9-16:9/222k/221414/168361868/221414_L124598_IMG_00_0000_max_476x317.jpeg; https://media.rightmove.co.uk:443/dir/crop/10:9-16:9/222k/221414/168361868/221414_L124598_IMG_01_0000_max_476x317.jpeg; https://media.rightmove.co.uk:443/dir/crop/10:9-16:9/222k/221414/168361868/221414_L124598_IMG_02_0000_max_476x317.jpeg; https://media.rightmove.co.uk:443/dir/crop/10:9-16:9/222k/221414/168361868/221414_L124598_IMG_03_0000_max_476x317.jpeg; https://media.rightmove.co.uk:443/dir/crop/10:9-16:9/222k/221414/168361868/221414_L124598_IMG_04_0000_max_476x317.jpeg; https://media.rightmove.co.uk:443/dir/crop/10:9-16:9/222k/221414/168361868/221414_L124598_IMG_05_0000_max_476x317.jpeg"
"163470545","Suffolk","Light Industrial","Unit 2, Bermuda Road, Ransomes Europark, Ipswich, Suffolk, IP3 9RU","£2,208 pcm","","","","LOCATION The property is located in Bermuda Road on Ransomes Europark. The estate is situated approximately 2 miles to the south east of Ipswich town centre and directly adjacent to the A14. The A14 provides road communications with Felixstowe, Cambridge, Colchester, the A12 and the national ...","https://www.rightmove.co.uk/properties/163470545#/?channel=COM_LET","2025-06-18T11:53:44Z","","new","Marketed by Fenn Wright, Ipswich Commercial Sales and Lettings","","52.028497","1.205616","https://media.rightmove.co.uk:443/dir/crop/10:9-16:9/162k/161330/163470545/161330_14870748LH_IMG_00_0000_max_476x317.jpeg; https://media.rightmove.co.uk:443/dir/crop/10:9-16:9/162k/161330/163470545/161330_14870748LH_IMG_01_0000_max_476x317.jpeg; https://media.rightmove.co.uk:443/dir/crop/10:9-16:9/162k/161330/163470545/161330_14870748LH_IMG_02_0000_max_476x317.jpeg; https://media.rightmove.co.uk:443/dir/crop/10:9-16:9/162k/161330/163470545/161330_14870748LH_IMG_03_0000_max_476x317.jpeg; https://media.rightmove.co.uk:443/dir/crop/10:9-16:9/162k/161330/163470545/161330_14870748LH_IMG_04_0000_max_476x317.jpeg"
"721605253307248","Suffolk","Land","Final Plot, Suffolk Park, Lady Miriam Way, Bury St Edmunds, IP32 7FQ","POA","","","","Final plot of 5.32 acres available on established A14 logistics park. Freehold sale or pre-let / pre sale D&B","https://www.rightmove.co.uk/properties/721605253307248#/?channel=COM_LET","2025-11-26T12:11:06Z","","new","Marketed by Hazells, Bury St Edmunds","","52.24234","0.757642","https://media.rightmove.co.uk:443/dir/crop/10:9-16:9/287k/286808/721605253307248/286808_334833-2_IMG_00_0000_max_476x317.jpeg; https://media.rightmove.co.uk:443/dir/crop/10:9-16:9/287k/286808/721605253307248/286808_334833-2_IMG_01_0000_max_476x317.jpeg; https://media.rightmove.co.uk:443/dir/crop/10:9-16:9/287k/286808/721605253307248/286808_334833-2_IMG_02_0000_max_476x317.jpeg; https://media.rightmove.co.uk:443/dir/crop/10:9-16:9/287k/286808/721605253307248/286808_334833-2_IMG_03_0000_max_476x317.jpeg; https://media.rightmove.co.uk:443/dir/crop/10:9-16:9/287k/286808/721605253307248/286808_334833-2_IMG_04_0000_max_476x317.jpeg; https://media.rightmove.co.uk:443/dir/crop/10:9-16:9/287k/286808/721605253307248/286808_334833-2_IMG_05_0000_max_476x317.jpeg"
"165943907","Suffolk","Office","Byford Road, Sudbury, Suffolk, CO10","£1,667 pcm","","","","RECENTLY REFURBISHED HIGH SPECIFICATION OFFICE/B1 BUSINESS PREMISES with excellent onsite parking/yard. Gas central heating. GIA 1,490 sq ft","https://www.rightmove.co.uk/properties/165943907#/?channel=COM_LET","2025-08-19T12:22:44Z","","price_reduced","Marketed by Birchall Steel Consultant Surveyors, Suffolk","","52.04612","0.74488","https://media.rightmove.co.uk:443/dir/crop/10:9-16:9/171k/170411/165943907/170411_7_BYFORD_ROAD_CHILTON_SUDBURY_IMG_07_0001_max_476x317.jpeg; https://media.rightmove.co.uk:443/dir/crop/10:9-16:9/171k/170411/165943907/170411_7_BYFORD_ROAD_CHILTON_SUDBURY_IMG_06_0001_max_476x317.jpeg; https://media.rightmove.co.uk:443/dir/crop/10:9-16:9/171k/170411/165943907/170411_7_BYFORD_ROAD_CHILTON_SUDBURY_IMG_08_0000_max_476x317.jpeg; https://media.rightmove.co.uk:443/dir/crop/10:9-16:9/171k/170411/165943907/170411_7_BYFORD_ROAD_CHILTON_SUDBURY_IMG_09_0000_max_476x317.jpeg; https://media.rightmove.co.uk:443/dir/crop/10:9-16:9/171k/170411/165943907/170411_7_BYFORD_ROAD_CHILTON_SUDBURY_IMG_01_0000_max_476x317.jpeg; https://media.rightmove.co.uk:443/dir/crop/10:9-16:9/171k/170411/165943907/170411_7_BYFORD_ROAD_CHILTON_SUDBURY_IMG_02_0000_max_476x317.jpeg; https://media.rightmove.co.uk:443/dir/crop/10:9-16:9/171k/170411/165943907/170411_7_BYFORD_ROAD_CHILTON_SUDBURY_IMG_03_0000_max_476x317.jpeg; https://media.rightmove.co.uk:443/dir/crop/10:9-16:9/171k/170411/165943907/170411_7_BYFORD_ROAD_CHILTON_SUDBURY_IMG_04_0000_max_476x317.jpeg; https://media.rightmove.co.uk:443/dir/crop/10:9-16:9/171k/170411/165943907/170411_7_BYFORD_ROAD_CHILTON_SUDBURY_IMG_05_0000_max_476x317.jpeg"
"168322721","Suffolk","Office","Hall Street, Long Melford, Sudbury, Suffolk, CO10","£833 pcm","","","","Situated in a prominent High Street location, a two storey premises extending to 1,122 sqft.","https://www.rightmove.co.uk/properties/168322721#/?channel=COM_LET","2025-10-17T16:35:16Z","","new","Marketed by Percival & Company, Earls Colne","","52.078131","0.717752","https://media.rightmove.co.uk:443/dir/crop/10:9-16:9/34k/33477/168322721/33477_FPE250132_L_IMG_00_0000_max_476x317.jpeg; https://media.rightmove.co.uk:443/dir/crop/10:9-16:9/34k/33477/168322721/33477_FPE250132_L_IMG_01_0000_max_476x317.jpeg; https://media.rightmove.co.uk:443/dir/crop/10:9-16:9/34k/33477/168322721/33477_FPE250132_L_IMG_02_0000_max_476x317.jpeg; https://media.rightmove.co.uk:443/dir/crop/10:9-16:9/34k/33477/168322721/33477_FPE250132_L_IMG_03_0000_max_476x317.jpeg; https://media.rightmove.co.uk:443/dir/crop/10:9-16:9/34k/33477/168322721/33477_FPE250132_L_IMG_04_0000_max_476x317.jpeg; https://media.rightmove.co.uk:443/dir/crop/10:9-16:9/34k/33477/168322721/33477_FPE250132_L_IMG_05_0000_max_476x317.jpeg; https://media.rightmove.co.uk:443/dir/crop/10:9-16:9/34k/33477/168322721/33477_FPE250132_L_IMG_06_0000_max_476x317.jpeg; https://media.rightmove.co.uk:443/dir/crop/10:9-16:9/34k/33477/168322721/33477_FPE250132_L_IMG_07_0000_max_476x317.jpeg"
"164329487","Suffolk","Retail Property (high street)","King Street, Ipswich, Suffolk, IP1","£500 pcm","","","1","E-CLASS RETAIL SHOP TO LET approx. 279 SQ FTPRICE: £6,000 PER ANNUM TO LET - LEASEHOLDLOCATION - IPSWCIH - SUFFOLKREF: V0096SE-CLASS RETAIL SHOP TO LET approx. 279 SQ FT occupying a trading position on a VERY BUSY SECONDARY PARADE that is in the TOWN CENTRE","https://www.rightmove.co.uk/properties/164329487#/?channel=COM_LET","2025-07-08T20:33:13Z","","new","Marketed by ESSEX AND SUFFOLK BUSINESS SALES LIMITED, Colchester","","52.05722","1.1519","https://media.rightmove.co.uk:443/dir/crop/10:9-16:9/263k/262439/164329487/262439_V0096S_IMG_00_0000_max_476x317.jpeg; https://media.rightmove.co.uk:443/dir/crop/10:9-16:9/263k/262439/164329487/262439_V0096S_IMG_01_0000_max_476x317.jpeg; https://media.rightmove.co.uk:443/dir/crop/10:9-16:9/263k/262439/164329487/262439_V0096S_IMG_02_0000_max_476x317.jpeg; https://media.rightmove.co.uk:443/dir/crop/10:9-16:9/263k/262439/164329487/262439_V0096S_IMG_03_0000_max_476x317.jpeg; https://media.rightmove.co.uk:443/dir/crop/10:9-16:9/263k/262439/164329487/262439_V0096S_IMG_04_0000_max_476x317.jpeg"
"168321887","Suffolk","Commercial Property","Unit 6, Kirkley Business Park,Lowestoft, Suffolk, NR33","£1,624 pcm","","","","This newly available Unit is situated on Kirkley Business Park. Easily accessible from the A12 and next to the new third crossing. Benefitting from parking within the lease demise and electric Roller shutter door, this unit has the versatility to led itself to many uses.","https://www.rightmove.co.uk/properties/168321887#/?channel=COM_LET","2025-10-17T16:26:53Z","","new","Marketed by Peter Colby Commercials Limited, Norwich","","52.46939","1.74162","https://media.rightmove.co.uk:443/dir/crop/10:9-16:9/123k/122056/168321887/122056_LOWKBP6_IMG_00_0000_max_476x317.jpeg; https://media.rightmove.co.uk:443/dir/crop/10:9-16:9/123k/122056/168321887/122056_LOWKBP6_IMG_01_0000_max_476x317.jpeg"
"161945531","Suffolk","Warehouse","Wimbledon Avenue, Brandon, Suffolk, IP27 0NZ","£1,250 pcm","","","","The property is situated in the middle of a terrace of industrial units and provides a concrete framed warehouse / industrial unit under a pitched roof and has been recently refurbished with a specification, painted concrete floor and re-decorated warehouse / workshop area, LED Lighting and elect...","https://www.rightmove.co.uk/properties/161945531#/?channel=COM_LET","2025-05-14T16:15:57Z","","new","Marketed by Eddisons Commercial Limited, Bury St. Edmunds","","52.437874","0.608994","https://media.rightmove.co.uk:443/dir/crop/10:9-16:9/237k/236930/161945531/236930_3022915LH_IMG_00_0000_max_476x317.jpeg; https://media.rightmove.co.uk:443/dir/crop/10:9-16:9/237k/236930/161945531/236930_3022915LH_IMG_01_0000_max_476x317.jpeg; https://media.rightmove.co.uk:443/dir/crop/10:9-16:9/237k/236930/161945531/236930_3022915LH_IMG_02_0000_max_476x317.jpeg; https://media.rightmove.co.uk:443/dir/crop/10:9-16:9/237k/236930/161945531/236930_3022915LH_IMG_03_0000_max_476x317.jpeg; https://media.rightmove.co.uk:443/dir/crop/10:9-16:9/237k/236930/161945531/236930_3022915LH_IMG_04_0000_max_476x317.jpeg"
"168310055","Suffolk","Office","16 Museum Street, Ipswich, Suffolk, IP1","£5,000 pcm","","","","Grade II Listed, five-storey building. Classic period features. Modern, well-appointed offices. Passenger lift. Suspended ceilings, with recessed lighting, LG3/LG7 lighting. Bright, open plan floors. Perimeter and floor trunking, and server room, with dedicated power supply. ","https://www.rightmove.co.uk/properties/168310055#/?channel=COM_LET","2025-10-17T14:20:22Z","","size_change","Marketed by Penn Commercial, Ipswich","","52.05799","1.1502","https://media.rightmove.co.uk:443/dir/crop/10:9-16:9/94k/93340/168310055/93340_PENN11_IMG_00_0000_max_476x317.jpeg; https://media.rightmove.co.uk:443/dir/crop/10:9-16:9/94k/93340/168310055/93340_PENN11_IMG_01_0000_max_476x317.jpeg; https://media.rightmove.co.uk:443/dir/crop/10:9-16:9/94k/93340/168310055/93340_PENN11_IMG_02_0000_max_476x317.jpeg; https://media.rightmove.co.uk:443/dir/crop/10:9-16:9/94k/93340/168310055/93340_PENN11_IMG_03_0000_max_476x317.jpeg; https://media.rightmove.co.uk:443/dir/crop/10:9-16:9/94k/93340/168310055/93340_PENN11_IMG_04_0000_max_476x317.jpeg"
"168309026","Suffolk","Office","16A Museum Street, Ipswich, Suffolk, IP1","£6,667 pcm","","","","Modern, spacious Ground and First Floor offices. VRF Daikin air conditioning and double-glazed windows. Passenger lift. Suspended ceilings, with recessed lighting, LG3/LG7 lighting. Raised access floors, fully carpeted throughout. With adjacent car parking. ","https://www.rightmove.co.uk/properties/168309026#/?channel=COM_LET","2025-10-17T14:04:23Z","","new","Marketed by Penn Commercial, Ipswich","","52.05799","1.1502","https://media.rightmove.co.uk:443/dir/crop/10:9-16:9/94k/93340/168309026/93340_PENN10_IMG_00_0000_max_476x317.jpeg; https://media.rightmove.co.uk:443/dir/crop/10:9-16:9/94k/93340/168309026/93340_PENN10_IMG_05_0000_max_476x317.jpeg; https://media.rightmove.co.uk:443/dir/crop/10:9-16:9/94k/93340/168309026/93340_PENN10_IMG_06_0000_max_476x317.jpeg; https://media.rightmove.co.uk:443/dir/crop/10:9-16:9/94k/93340/168309026/93340_PENN10_IMG_04_0000_max_476x317.jpeg; https://media.rightmove.co.uk:443/dir/crop/10:9-16:9/94k/93340/168309026/93340_PENN10_IMG_07_0000_max_476x317.jpeg"
"168303380","Suffolk","Pub","High Street, Lowestoft","£1,250 pcm","","",""," Located in Lowestoft’s historic high street,The Globe Inn is a charming and long-established public house dating back to circa 1861. This well-known pub boasts a cosy interior full of charming features, a spacious bar/restaurant area and kitchen. The building sits prominently on the r...","https://www.rightmove.co.uk/properties/168303380#/?channel=COM_LET","2025-10-17T12:28:31Z","","new","Marketed by Steel & Co Commercial Property Services, Lowestoft","","52.480843","1.755542","https://media.rightmove.co.uk:443/dir/crop/10:9-16:9/66k/65427/168303380/65427_6994409_IMG_00_0000_max_476x317.jpeg; https://media.rightmove.co.uk:443/dir/crop/10:9-16:9/66k/65427/168303380/65427_6994409_IMG_01_0000_max_476x317.jpeg; https://media.rightmove.co.uk:443/dir/crop/10:9-16:9/66k/65427/168303380/65427_6994409_IMG_02_0000_max_476x317.jpeg; https://media.rightmove.co.uk:443/dir/crop/10:9-16:9/66k/65427/168303380/65427_6994409_IMG_03_0000_max_476x317.jpeg; https://media.rightmove.co.uk:443/dir/crop/10:9-16:9/66k/65427/168303380/65427_6994409_IMG_04_0000_max_476x317.jpeg; https://media.rightmove.co.uk:443/dir/crop/10:9-16:9/66k/65427/168303380/65427_6994409_IMG_05_0000_max_476x317.jpeg; https://media.rightmove.co.uk:443/dir/crop/10:9-16:9/66k/65427/168303380/65427_6994409_IMG_06_0000_max_476x317.jpeg; https://media.rightmove.co.uk:443/dir/crop/10:9-16:9/66k/65427/168303380/65427_6994409_IMG_07_0000_max_476x317.jpeg"
"168296867","Suffolk","Commercial Property","Unit 3&4 Kirkley Business Park, Lowestoft, Suffolk, NR33","£4,084 pcm","","","","This newly available Unit is situated on Kirkley Business Park. Easily accessible from the A12 and next to the new third crossing. Benefitting from parking within the lease demise and electric Roller shutter door, this unit has the versatility to led itself to many uses.","https://www.rightmove.co.uk/properties/168296867#/?channel=COM_LET","2025-10-17T11:36:31Z","","new","Marketed by Peter Colby Commercials Limited, Norwich","","52.46939","1.74162","https://media.rightmove.co.uk:443/dir/crop/10:9-16:9/123k/122056/168296867/122056_LOWKBP34_IMG_00_0001_max_476x317.jpeg; https://media.rightmove.co.uk:443/dir/crop/10:9-16:9/123k/122056/168296867/122056_LOWKBP34_IMG_01_0001_max_476x317.jpeg; https://media.rightmove.co.uk:443/dir/crop/10:9-16:9/123k/122056/168296867/122056_LOWKBP34_IMG_02_0001_max_476x317.jpeg; https://media.rightmove.co.uk:443/dir/crop/10:9-16:9/123k/122056/168296867/122056_LOWKBP34_IMG_03_0001_max_476x317.jpeg"
"148388579","Suffolk","Office","Eastern Way, Bury St. Edmunds, Suffolk, IP32","£639 pcm","","","","Ground-floor 386 sq ft business unit in Bury St Edmunds, ideal for studios, wellness, creative, or professional businesses. Centrally located near cafés, shops, and transport links - a versatile space for small or micro businesses.","https://www.rightmove.co.uk/properties/148388579#/?channel=COM_LET","2024-05-24T14:48:39Z","","new","Marketed by Menta, Suffolk","","52.25113","0.72604","https://media.rightmove.co.uk:443/dir/crop/10:9-16:9/275k/274565/148388579/274565_Unit16_IMG_05_0000_max_476x317.jpeg; https://media.rightmove.co.uk:443/dir/crop/10:9-16:9/275k/274565/148388579/274565_Unit16_IMG_04_0001_max_476x317.jpeg; https://media.rightmove.co.uk:443/dir/crop/10:9-16:9/275k/274565/148388579/274565_Unit16_IMG_01_0000_max_476x317.jpeg; https://media.rightmove.co.uk:443/dir/crop/10:9-16:9/275k/274565/148388579/274565_Unit16_IMG_00_0000_max_476x317.jpeg; https://media.rightmove.co.uk:443/dir/crop/10:9-16:9/275k/274565/148388579/274565_Unit16_IMG_03_0000_max_476x317.jpeg"
"142108322","Suffolk","Storage","White House Farm, Main Road, IP17","£4,167 pcm","","","","Well located industrial units directly accessing the A12 at Darsham, only 8 miles from Sizewell. Large concrete yard for access and loading. Sizes from 4,000sqft to 7,000sqft","https://www.rightmove.co.uk/properties/142108322#/?channel=COM_LET","2023-11-16T21:03:34Z","","new","Marketed by Fennel Chartered Surveyors, Halesworth","","52.27856","1.53104","https://media.rightmove.co.uk:443/dir/crop/10:9-16:9/118k/117463/142108322/117463_darshamind_IMG_03_0001_max_476x317.jpeg; https://media.rightmove.co.uk:443/dir/crop/10:9-16:9/118k/117463/142108322/117463_darshamind_IMG_04_0001_max_476x317.jpeg; https://media.rightmove.co.uk:443/dir/crop/10:9-16:9/118k/117463/142108322/117463_darshamind_IMG_02_0001_max_476x317.jpeg; https://media.rightmove.co.uk:443/dir/crop/10:9-16:9/118k/117463/142108322/117463_darshamind_IMG_01_0000_max_476x317.jpeg; https://media.rightmove.co.uk:443/dir/crop/10:9-16:9/118k/117463/142108322/117463_darshamind_IMG_05_0001_max_476x317.jpeg; https://media.rightmove.co.uk:443/dir/crop/10:9-16:9/118k/117463/142108322/117463_darshamind_IMG_06_0001_max_476x317.jpeg; https://media.rightmove.co.uk:443/dir/crop/10:9-16:9/118k/117463/142108322/117463_darshamind_IMG_00_0000_max_476x317.jpeg; https://media.rightmove.co.uk:443/dir/crop/10:9-16:9/118k/117463/142108322/117463_darshamind_IMG_07_0001_max_476x317.jpeg"
"721605249112129","Suffolk","Mixed Use","Delmore House, 18 Chiswick Avenue, Bury St. Edmunds, IP28 7AY","£2,958 pcm","","","","Detached Light Industrial, Warehouse or Trade Counter Unit To Let","https://www.rightmove.co.uk/properties/721605249112129#/?channel=COM_LET","2025-11-26T12:11:06Z","","new","Marketed by Hazells, Bury St Edmunds","","52.354087","0.510727","https://media.rightmove.co.uk:443/dir/crop/10:9-16:9/287k/286808/721605249112129/286808_334647-2_IMG_00_0000_max_476x317.jpeg; https://media.rightmove.co.uk:443/dir/crop/10:9-16:9/287k/286808/721605249112129/286808_334647-2_IMG_01_0000_max_476x317.jpeg; https://media.rightmove.co.uk:443/dir/crop/10:9-16:9/287k/286808/721605249112129/286808_334647-2_IMG_02_0000_max_476x317.jpeg; https://media.rightmove.co.uk:443/dir/crop/10:9-16:9/287k/286808/721605249112129/286808_334647-2_IMG_03_0000_max_476x317.jpeg"
"168254048","Suffolk","Warehouse","Final Plot Available, Suffolk Park, Bury St Edmunds, IP32 7FQ","POA","","","","FINAL PLOT AVAILABLE FOR SALE / TO LET - Suffolk Park, Bury St Edmunds - 5.32 acres.","https://www.rightmove.co.uk/properties/168254048#/?channel=COM_LET","2025-10-16T12:00:47Z","","new","Marketed by Savills, Ipswich","","52.239127","0.761904","https://media.rightmove.co.uk:443/dir/crop/10:9-16:9/215k/214097/168254048/214097_334758-2_IMG_00_0000_max_476x317.jpeg; https://media.rightmove.co.uk:443/dir/crop/10:9-16:9/215k/214097/168254048/214097_334758-2_IMG_01_0000_max_476x317.jpeg; https://media.rightmove.co.uk:443/dir/crop/10:9-16:9/215k/214097/168254048/214097_334758-2_IMG_02_0000_max_476x317.jpeg; https://media.rightmove.co.uk:443/dir/crop/10:9-16:9/215k/214097/168254048/214097_334758-2_IMG_03_0000_max_476x317.jpeg; https://media.rightmove.co.uk:443/dir/crop/10:9-16:9/215k/214097/168254048/214097_334758-2_IMG_04_0000_max_476x317.jpeg; https://media.rightmove.co.uk:443/dir/crop/10:9-16:9/215k/214097/168254048/214097_334758-2_IMG_05_0000_max_476x317.jpeg; https://media.rightmove.co.uk:443/dir/crop/10:9-16:9/215k/214097/168254048/214097_334758-2_IMG_06_0000_max_476x317.jpeg; https://media.rightmove.co.uk:443/dir/crop/10:9-16:9/215k/214097/168254048/214097_334758-2_IMG_07_0000_max_476x317.jpeg"
"168249707","Suffolk","Retail Property (high street)","High Street, Lowestoft","£650 pcm","","","","An excellent opportunity to acquire a well-presented and versatile retail unit situated on Lowestoft’s busy High Street, right in the heart of the town centre. The property enjoys strong visibility, steady footfall, and close proximity to a variety of national and independent occupiers, mak...","https://www.rightmove.co.uk/properties/168249707#/?channel=COM_LET","2025-10-16T11:07:16Z","","new","Marketed by Steel & Co Commercial Property Services, Lowestoft","","52.479767","1.755135","https://media.rightmove.co.uk:443/dir/crop/10:9-16:9/66k/65427/168249707/65427_8935533_IMG_00_0000_max_476x317.jpeg; https://media.rightmove.co.uk:443/dir/crop/10:9-16:9/66k/65427/168249707/65427_8935533_IMG_01_0000_max_476x317.jpeg; https://media.rightmove.co.uk:443/dir/crop/10:9-16:9/66k/65427/168249707/65427_8935533_IMG_02_0000_max_476x317.jpeg; https://media.rightmove.co.uk:443/dir/crop/10:9-16:9/66k/65427/168249707/65427_8935533_IMG_03_0000_max_476x317.jpeg; https://media.rightmove.co.uk:443/dir/crop/10:9-16:9/66k/65427/168249707/65427_8935533_IMG_04_0000_max_476x317.jpeg; https://media.rightmove.co.uk:443/dir/crop/10:9-16:9/66k/65427/168249707/65427_8935533_IMG_05_0000_max_476x317.jpeg; https://media.rightmove.co.uk:443/dir/crop/10:9-16:9/66k/65427/168249707/65427_8935533_IMG_06_0000_max_476x317.jpeg; https://media.rightmove.co.uk:443/dir/crop/10:9-16:9/66k/65427/168249707/65427_8935533_IMG_07_0000_max_476x317.jpeg; https://media.rightmove.co.uk:443/dir/crop/10:9-16:9/66k/65427/168249707/65427_8935533_IMG_08_0000_max_476x317.jpeg; https://media.rightmove.co.uk:443/dir/crop/10:9-16:9/66k/65427/168249707/65427_8935533_IMG_09_0000_max_476x317.jpeg"
"168248594","Suffolk","Light Industrial","Unit 3A Barton Road Trading Estate, Bury St. Edmunds, Suffolk, IP32 7BE","£1,125 pcm","","","","Terrace business unit located on Barton Road Trading Estate in Bury St Edmunds. The Estate provides good access to the A14 via the A134. The unit provides open plan warehouse or workshop space and includes an office, cloakroom, 3-phase electricity and roller shutter door. Externally there are ap...","https://www.rightmove.co.uk/properties/168248594#/?channel=COM_LET","2025-10-16T10:53:27Z","","new","Marketed by Merrifields, Suffolk","","52.25198","0.735235","https://media.rightmove.co.uk:443/dir/crop/10:9-16:9/122k/121468/168248594/121468_1553LH_IMG_00_0000_max_476x317.jpeg; https://media.rightmove.co.uk:443/dir/crop/10:9-16:9/122k/121468/168248594/121468_1553LH_IMG_01_0000_max_476x317.jpeg; https://media.rightmove.co.uk:443/dir/crop/10:9-16:9/122k/121468/168248594/121468_1553LH_IMG_02_0000_max_476x317.jpeg; https://media.rightmove.co.uk:443/dir/crop/10:9-16:9/122k/121468/168248594/121468_1553LH_IMG_03_0000_max_476x317.jpeg"
"150427289","Suffolk","Serviced Office","70-72 The Havens, Ransomes Europark, Ipswich, United Kingdom IP3 9BF","£469 pcm","From","","4","Private office space for 2 in Basepoint Ransomes Europark. Fully flexible, 24/7 access, secure, ergonomic furniture and all-inclusive services included. ","https://www.rightmove.co.uk/properties/150427289#/?channel=COM_LET","2024-07-19T11:37:43Z","","size_change","Marketed by Basepoint, Basepoint","","52.02923","1.22085","https://media.rightmove.co.uk:443/dir/crop/10:9-16:9/71k/70551/150427289/70551_UK2ws4544_IMG_07_0000_max_476x317.jpeg; https://media.rightmove.co.uk:443/dir/crop/10:9-16:9/71k/70551/150427289/70551_UK2ws4544_IMG_04_0000_max_476x317.jpeg; https://media.rightmove.co.uk:443/dir/crop/10:9-16:9/71k/70551/150427289/70551_UK2ws4544_IMG_02_0000_max_476x317.jpeg; https://media.rightmove.co.uk:443/dir/crop/10:9-16:9/71k/70551/150427289/70551_UK2ws4544_IMG_00_0000_max_476x317.jpeg; https://media.rightmove.co.uk:443/dir/crop/10:9-16:9/71k/70551/150427289/70551_UK2ws4544_IMG_01_0000_max_476x317.jpeg; https://media.rightmove.co.uk:443/dir/crop/10:9-16:9/71k/70551/150427289/70551_UK2ws4544_IMG_03_0000_max_476x317.jpeg; https://media.rightmove.co.uk:443/dir/crop/10:9-16:9/71k/70551/150427289/70551_UK2ws4544_IMG_05_0000_max_476x317.jpeg; https://media.rightmove.co.uk:443/dir/crop/10:9-16:9/71k/70551/150427289/70551_UK2ws4544_IMG_06_0000_max_476x317.jpeg"
"158089808","Suffolk","Light Industrial","Unit 6 Woodside Business Park, Ingham, Suffolk, IP31 1NR","£917 pcm","","","","Woodside business park is located in Ingham off the A134 approximately 3.7 miles north of junction 43 of the A14. Unit 6 ais a mid terraced business unit with an insulated up and over doors giving access to the storage / workshop on the ground floor with staircase leading to the first floor whic...","https://www.rightmove.co.uk/properties/158089808#/?channel=COM_LET","2025-02-11T11:21:02Z","","size_change","Marketed by Merrifields, Suffolk","","52.305668","0.7211","https://media.rightmove.co.uk:443/dir/crop/10:9-16:9/122k/121468/158089808/121468_2054LH_IMG_11_0000_max_476x317.jpeg; https://media.rightmove.co.uk:443/dir/crop/10:9-16:9/122k/121468/158089808/121468_2054LH_IMG_06_0000_max_476x317.jpeg; https://media.rightmove.co.uk:443/dir/crop/10:9-16:9/122k/121468/158089808/121468_2054LH_IMG_07_0000_max_476x317.jpeg; https://media.rightmove.co.uk:443/dir/crop/10:9-16:9/122k/121468/158089808/121468_2054LH_IMG_03_0000_max_476x317.jpeg"
"168221654","Suffolk","Light Industrial","4 Wright Road, Ipswich, Suffolk, IP3","£2,500 pcm","","","","Total overall floor area 552.55 sq m (5,947 sq ft). Secure fenced yard area 0.01 Hectares (0.04 Acres). Lean-to corrugated storage area 401.8 sq m (4,325 sq ft). Two-storey offices, carpeted throughout, gas central heating. East Ipswich location, with easy access to Ransomes Europark and the A14. ","https://www.rightmove.co.uk/properties/168221654#/?channel=COM_LET","2025-10-15T16:50:39Z","","new","Marketed by Penn Commercial, Ipswich","","52.04064","1.19559","https://media.rightmove.co.uk:443/dir/crop/10:9-16:9/94k/93340/168221654/93340_PENN9_IMG_03_0000_max_476x317.jpeg; https://media.rightmove.co.uk:443/dir/crop/10:9-16:9/94k/93340/168221654/93340_PENN9_IMG_00_0000_max_476x317.jpeg; https://media.rightmove.co.uk:443/dir/crop/10:9-16:9/94k/93340/168221654/93340_PENN9_IMG_01_0000_max_476x317.jpeg; https://media.rightmove.co.uk:443/dir/crop/10:9-16:9/94k/93340/168221654/93340_PENN9_IMG_02_0000_max_476x317.jpeg"
"168221129","Suffolk","Office","Office 3, Riverside, Fox's Marina, The Strand, Ipswich, Suffolk, IP2","£275 pcm","","","","1 ground floor office suite, available immediately. 2 on-site car parking spaces. Outlook Bar located nearby. Air conditioning / heating, fibre internet, kitchenette and WCs. Superb location at Fox's Marina. With easy access to main A14, views over the River Orwell and Orwell Bridge. ","https://www.rightmove.co.uk/properties/168221129#/?channel=COM_LET","2025-10-15T16:44:45Z","","new","Marketed by Penn Commercial, Ipswich","","52.03306","1.15225","https://media.rightmove.co.uk:443/dir/crop/10:9-16:9/94k/93340/168221129/93340_PENN8_IMG_00_0000_max_476x317.jpeg; https://media.rightmove.co.uk:443/dir/crop/10:9-16:9/94k/93340/168221129/93340_PENN8_IMG_01_0000_max_476x317.jpeg"
"168217688","Suffolk","Light Industrial","Brockford, Nr Stowmarket, Suffolk","£1,667 pcm","","","","Two industrial workshops / warehouses located at Brockford Service Station and Garage in a prominent position on the A140.  Two warehouse / workshops units of 335sqm and 507sqm, located adjoining Brockford Service Station on the A140.  Available individually or together...","https://www.rightmove.co.uk/properties/168217688#/?channel=COM_LET","2025-10-15T16:10:16Z","","new","Marketed by Clarke and Simpson Commercial, Framlingham","","52.261936","1.102536","https://media.rightmove.co.uk:443/dir/crop/10:9-16:9/222k/221414/168217688/221414_L124413_IMG_00_0000_max_476x317.jpeg; https://media.rightmove.co.uk:443/dir/crop/10:9-16:9/222k/221414/168217688/221414_L124413_IMG_01_0000_max_476x317.jpeg; https://media.rightmove.co.uk:443/dir/crop/10:9-16:9/222k/221414/168217688/221414_L124413_IMG_02_0000_max_476x317.jpeg; https://media.rightmove.co.uk:443/dir/crop/10:9-16:9/222k/221414/168217688/221414_L124413_IMG_03_0000_max_476x317.jpeg; https://media.rightmove.co.uk:443/dir/crop/10:9-16:9/222k/221414/168217688/221414_L124413_IMG_04_0000_max_476x317.jpeg; https://media.rightmove.co.uk:443/dir/crop/10:9-16:9/222k/221414/168217688/221414_L124413_IMG_05_0000_max_476x317.jpeg; https://media.rightmove.co.uk:443/dir/crop/10:9-16:9/222k/221414/168217688/221414_L124413_IMG_06_0000_max_476x317.jpeg; https://media.rightmove.co.uk:443/dir/crop/10:9-16:9/222k/221414/168217688/221414_L124413_IMG_07_0000_max_476x317.jpeg"
"168217667","Suffolk","Retail Property (out of town)","The Street, Brockford, Suffolk, IP14 5PF","£917 pcm","","","","Two new retail units located at Brockford Service Station and Garage in a prominent position on the A140.  Two new retail units of 155sqm and 119sqm, located adjoining Brockford Service Station on the A140. Extensive display frontage and parking. Available Subject to ...","https://www.rightmove.co.uk/properties/168217667#/?channel=COM_LET","2025-10-15T16:10:06Z","","new","Marketed by Clarke and Simpson Commercial, Framlingham","","52.261936","1.102536","https://media.rightmove.co.uk:443/dir/crop/10:9-16:9/222k/221414/168217667/221414_L124409_IMG_00_0000_max_476x317.jpeg; https://media.rightmove.co.uk:443/dir/crop/10:9-16:9/222k/221414/168217667/221414_L124409_IMG_01_0000_max_476x317.jpeg; https://media.rightmove.co.uk:443/dir/crop/10:9-16:9/222k/221414/168217667/221414_L124409_IMG_02_0000_max_476x317.jpeg; https://media.rightmove.co.uk:443/dir/crop/10:9-16:9/222k/221414/168217667/221414_L124409_IMG_03_0000_max_476x317.jpeg; https://media.rightmove.co.uk:443/dir/crop/10:9-16:9/222k/221414/168217667/221414_L124409_IMG_04_0000_max_476x317.jpeg; https://media.rightmove.co.uk:443/dir/crop/10:9-16:9/222k/221414/168217667/221414_L124409_IMG_05_0000_max_476x317.jpeg; https://media.rightmove.co.uk:443/dir/crop/10:9-16:9/222k/221414/168217667/221414_L124409_IMG_06_0000_max_476x317.jpeg; https://media.rightmove.co.uk:443/dir/crop/10:9-16:9/222k/221414/168217667/221414_L124409_IMG_07_0000_max_476x317.jpeg"
"168215462","Suffolk","Storage","The Street, Brockford, Suffolk, IP14 5PF","£417 pcm","","","","First floor stores / offices located at Brockford Service Station and Garage in a prominent position on the A140.  A range of storage suites / offices located at Brockford Service Station on the A140. Four suites from 41sqm - 44sqm with lift access, LED lighting, electric he...","https://www.rightmove.co.uk/properties/168215462#/?channel=COM_LET","2025-10-15T15:49:00Z","","new","Marketed by Clarke and Simpson Commercial, Framlingham","","52.261936","1.102536","https://media.rightmove.co.uk:443/dir/crop/10:9-16:9/222k/221414/168215462/221414_L124418_IMG_00_0000_max_476x317.jpeg; https://media.rightmove.co.uk:443/dir/crop/10:9-16:9/222k/221414/168215462/221414_L124418_IMG_01_0000_max_476x317.jpeg; https://media.rightmove.co.uk:443/dir/crop/10:9-16:9/222k/221414/168215462/221414_L124418_IMG_02_0000_max_476x317.jpeg; https://media.rightmove.co.uk:443/dir/crop/10:9-16:9/222k/221414/168215462/221414_L124418_IMG_03_0000_max_476x317.jpeg; https://media.rightmove.co.uk:443/dir/crop/10:9-16:9/222k/221414/168215462/221414_L124418_IMG_04_0000_max_476x317.jpeg"
"87337233","Suffolk","Office","High Street, IP7","£200 pcm","","","","FIRST FLOOR FRONT OFFICE TO LET within Hadleigh High Street. 261 sq ft 100% Small Business Rate Relief available to qualifying applicants. Please note rent is exclusive of service charge.","https://www.rightmove.co.uk/properties/87337233#/?channel=COM_LET","2025-10-15T09:30:04Z","","new","Marketed by Birchall Steel Consultant Surveyors, Suffolk","","52.04351","0.95436","https://media.rightmove.co.uk:443/dir/crop/10:9-16:9/171k/170411/87337233/170411_48a_HIGH_STREET_HADLEIGH_IMG_01_0000_max_476x317.jpeg; https://media.rightmove.co.uk:443/dir/crop/10:9-16:9/171k/170411/87337233/170411_48a_HIGH_STREET_HADLEIGH_IMG_00_0000_max_476x317.jpeg"
"87301503","Suffolk","Office","Princes Street, Ipswich, IP1 1RJ","£750 pcm","","","","Self Contained Two Storey Office  Building To Let · New Lease available · Rent includes: 1 Car parking space  · Door Entry System · Fire and Security Alarm Available from 1...","https://www.rightmove.co.uk/properties/87301503#/?channel=COM_LET","2025-10-14T12:36:04Z","","new","Marketed by Clarke and Simpson Commercial, Framlingham","","52.056091","1.150459","https://media.rightmove.co.uk:443/dir/crop/10:9-16:9/222k/221414/87301503/221414_L124168_IMG_00_0000_max_476x317.jpeg; https://media.rightmove.co.uk:443/dir/crop/10:9-16:9/222k/221414/87301503/221414_L124168_IMG_01_0000_max_476x317.jpeg; https://media.rightmove.co.uk:443/dir/crop/10:9-16:9/222k/221414/87301503/221414_L124168_IMG_02_0000_max_476x317.jpeg; https://media.rightmove.co.uk:443/dir/crop/10:9-16:9/222k/221414/87301503/221414_L124168_IMG_03_0000_max_476x317.jpeg"
"87295206","Suffolk","Office","Queen Street, IP7","£667 pcm","","","","Set near the end of a minor “no through road”, the property comprises a ground floor office with a staff room/store and WC to the rear. The property is a Georgian Era mid-terrace building, constructed in brick with bay sash window and original features such as the fireplace. ","https://www.rightmove.co.uk/properties/87295206#/?channel=COM_LET","2025-10-14T11:18:25Z","","new","Marketed by Whybrow & Dodds Ltd, Colchester","","52.04407","0.952885","https://media.rightmove.co.uk:443/dir/crop/10:9-16:9/60k/59910/87295206/59910_WHY250115_L_IMG_00_0000_max_476x317.jpeg; https://media.rightmove.co.uk:443/dir/crop/10:9-16:9/60k/59910/87295206/59910_WHY250115_L_IMG_01_0000_max_476x317.jpeg; https://media.rightmove.co.uk:443/dir/crop/10:9-16:9/60k/59910/87295206/59910_WHY250115_L_IMG_02_0000_max_476x317.jpeg; https://media.rightmove.co.uk:443/dir/crop/10:9-16:9/60k/59910/87295206/59910_WHY250115_L_IMG_03_0000_max_476x317.jpeg; https://media.rightmove.co.uk:443/dir/crop/10:9-16:9/60k/59910/87295206/59910_WHY250115_L_IMG_04_0000_max_476x317.jpeg; https://media.rightmove.co.uk:443/dir/crop/10:9-16:9/60k/59910/87295206/59910_WHY250115_L_IMG_05_0000_max_476x317.jpeg; https://media.rightmove.co.uk:443/dir/crop/10:9-16:9/60k/59910/87295206/59910_WHY250115_L_IMG_06_0000_max_476x317.jpeg; https://media.rightmove.co.uk:443/dir/crop/10:9-16:9/60k/59910/87295206/59910_WHY250115_L_IMG_07_0000_max_476x317.jpeg; https://media.rightmove.co.uk:443/dir/crop/10:9-16:9/60k/59910/87295206/59910_WHY250115_L_IMG_08_0000_max_476x317.jpeg; https://media.rightmove.co.uk:443/dir/crop/10:9-16:9/60k/59910/87295206/59910_WHY250115_L_IMG_09_0000_max_476x317.jpeg; https://media.rightmove.co.uk:443/dir/crop/10:9-16:9/60k/59910/87295206/59910_WHY250115_L_IMG_10_0000_max_476x317.jpeg; https://media.rightmove.co.uk:443/dir/crop/10:9-16:9/60k/59910/87295206/59910_WHY250115_L_IMG_11_0000_max_476x317.jpeg"
"78258986","Suffolk","Office","Unit A, 48 Thoroughfare, Halesworth, Suffolk, IP19","£542 pcm","","","","First floor office space, arranged over 2 rooms in the most prime position of Halesworth Thoroughfare.","https://www.rightmove.co.uk/properties/78258986#/?channel=COM_LET","2019-01-02T14:08:58Z","","new","Marketed by Fennel Chartered Surveyors, Halesworth","","52.34371","1.50178","https://media.rightmove.co.uk:443/dir/crop/10:9-16:9/118k/117463/78258986/117463_marmalade_IMG_13_0000_max_476x317.jpeg; https://media.rightmove.co.uk:443/dir/crop/10:9-16:9/118k/117463/78258986/117463_marmalade_IMG_11_0000_max_476x317.jpeg; https://media.rightmove.co.uk:443/dir/crop/10:9-16:9/118k/117463/78258986/117463_marmalade_IMG_04_0001_max_476x317.jpeg; https://media.rightmove.co.uk:443/dir/crop/10:9-16:9/118k/117463/78258986/117463_marmalade_IMG_14_0000_max_476x317.jpeg; https://media.rightmove.co.uk:443/dir/crop/10:9-16:9/118k/117463/78258986/117463_marmalade_IMG_00_0001_max_476x317.jpeg; https://media.rightmove.co.uk:443/dir/crop/10:9-16:9/118k/117463/78258986/117463_marmalade_IMG_01_0001_max_476x317.jpeg; https://media.rightmove.co.uk:443/dir/crop/10:9-16:9/118k/117463/78258986/117463_marmalade_IMG_02_0001_max_476x317.jpeg; https://media.rightmove.co.uk:443/dir/crop/10:9-16:9/118k/117463/78258986/117463_marmalade_IMG_03_0001_max_476x317.jpeg; https://media.rightmove.co.uk:443/dir/crop/10:9-16:9/118k/117463/78258986/117463_marmalade_IMG_12_0000_max_476x317.jpeg; https://media.rightmove.co.uk:443/dir/crop/10:9-16:9/118k/117463/78258986/117463_marmalade_IMG_05_0001_max_476x317.jpeg; https://media.rightmove.co.uk:443/dir/crop/10:9-16:9/118k/117463/78258986/117463_marmalade_IMG_06_0001_max_476x317.jpeg; https://media.rightmove.co.uk:443/dir/crop/10:9-16:9/118k/117463/78258986/117463_marmalade_IMG_08_0000_max_476x317.jpeg; https://media.rightmove.co.uk:443/dir/crop/10:9-16:9/118k/117463/78258986/117463_marmalade_IMG_09_0000_max_476x317.jpeg; https://media.rightmove.co.uk:443/dir/crop/10:9-16:9/118k/117463/78258986/117463_marmalade_IMG_10_0000_max_476x317.jpeg"
"135463898","Suffolk","Office","Dunne House, Colville Road Works","£400 pcm","","","","OFFICE SPACES TO RENT AT DUNNE HOUSE, COLVILLE ROAD - ALL BILLS INCLUDED Unlock the potential of your business with office spaces to rent at Dunne House on Colville Road. Offering a professional and fully-equipped environment, our rental offices come with all utility bills included (water, gas, ...","https://www.rightmove.co.uk/properties/135463898#/?channel=COM_LET","2023-05-30T16:51:38Z","","new","Marketed by Lisa's Homes, Lowestoft","","52.46834","1.72051","https://media.rightmove.co.uk:443/dir/crop/10:9-16:9/216k/215402/135463898/215402_102619000482_IMG_00_0000_max_476x317.jpeg; https://media.rightmove.co.uk:443/dir/crop/10:9-16:9/216k/215402/135463898/215402_102619000482_IMG_01_0000_max_476x317.jpeg; https://media.rightmove.co.uk:443/dir/crop/10:9-16:9/216k/215402/135463898/215402_102619000482_IMG_02_0000_max_476x317.jpeg; https://media.rightmove.co.uk:443/dir/crop/10:9-16:9/216k/215402/135463898/215402_102619000482_IMG_03_0000_max_476x317.jpeg; https://media.rightmove.co.uk:443/dir/crop/10:9-16:9/216k/215402/135463898/215402_102619000482_IMG_04_0000_max_476x317.jpeg; https://media.rightmove.co.uk:443/dir/crop/10:9-16:9/216k/215402/135463898/215402_102619000482_IMG_05_0000_max_476x317.jpeg; https://media.rightmove.co.uk:443/dir/crop/10:9-16:9/216k/215402/135463898/215402_102619000482_IMG_06_0000_max_476x317.jpeg; https://media.rightmove.co.uk:443/dir/crop/10:9-16:9/216k/215402/135463898/215402_102619000482_IMG_07_0000_max_476x317.jpeg; https://media.rightmove.co.uk:443/dir/crop/10:9-16:9/216k/215402/135463898/215402_102619000482_IMG_08_0000_max_476x317.jpeg; https://media.rightmove.co.uk:443/dir/crop/10:9-16:9/216k/215402/135463898/215402_102619000482_IMG_09_0000_max_476x317.jpeg; https://media.rightmove.co.uk:443/dir/crop/10:9-16:9/216k/215402/135463898/215402_102619000482_IMG_10_0000_max_476x317.jpeg; https://media.rightmove.co.uk:443/dir/crop/10:9-16:9/216k/215402/135463898/215402_102619000482_IMG_11_0000_max_476x317.jpeg; https://media.rightmove.co.uk:443/dir/crop/10:9-16:9/216k/215402/135463898/215402_102619000482_IMG_12_0000_max_476x317.jpeg; https://media.rightmove.co.uk:443/dir/crop/10:9-16:9/216k/215402/135463898/215402_102619000482_IMG_13_0000_max_476x317.jpeg; https://media.rightmove.co.uk:443/dir/crop/10:9-16:9/216k/215402/135463898/215402_102619000482_IMG_14_0000_max_476x317.jpeg; https://media.rightmove.co.uk:443/dir/crop/10:9-16:9/216k/215402/135463898/215402_102619000482_IMG_15_0000_max_476x317.jpeg; https://media.rightmove.co.uk:443/dir/crop/10:9-16:9/216k/215402/135463898/215402_102619000482_IMG_16_0000_max_476x317.jpeg; https://media.rightmove.co.uk:443/dir/crop/10:9-16:9/216k/215402/135463898/215402_102619000482_IMG_17_0000_max_476x317.jpeg; https://media.rightmove.co.uk:443/dir/crop/10:9-16:9/216k/215402/135463898/215402_102619000482_IMG_18_0000_max_476x317.jpeg; https://media.rightmove.co.uk:443/dir/crop/10:9-16:9/216k/215402/135463898/215402_102619000482_IMG_19_0000_max_476x317.jpeg; https://media.rightmove.co.uk:443/dir/crop/10:9-16:9/216k/215402/135463898/215402_102619000482_IMG_20_0000_max_476x317.jpeg; https://media.rightmove.co.uk:443/dir/crop/10:9-16:9/216k/215402/135463898/215402_102619000482_IMG_21_0000_max_476x317.jpeg; https://media.rightmove.co.uk:443/dir/crop/10:9-16:9/216k/215402/135463898/215402_102619000482_IMG_22_0000_max_476x317.jpeg; https://media.rightmove.co.uk:443/dir/crop/10:9-16:9/216k/215402/135463898/215402_102619000482_IMG_23_0000_max_476x317.jpeg; https://media.rightmove.co.uk:443/dir/crop/10:9-16:9/216k/215402/135463898/215402_102619000482_IMG_24_0000_max_476x317.jpeg; https://media.rightmove.co.uk:443/dir/crop/10:9-16:9/216k/215402/135463898/215402_102619000482_IMG_25_0000_max_476x317.jpeg; https://media.rightmove.co.uk:443/dir/crop/10:9-16:9/216k/215402/135463898/215402_102619000482_IMG_26_0000_max_476x317.jpeg; https://media.rightmove.co.uk:443/dir/crop/10:9-16:9/216k/215402/135463898/215402_102619000482_IMG_27_0000_max_476x317.jpeg; https://media.rightmove.co.uk:443/dir/crop/10:9-16:9/216k/215402/135463898/215402_102619000482_IMG_28_0000_max_476x317.jpeg; https://media.rightmove.co.uk:443/dir/crop/10:9-16:9/216k/215402/135463898/215402_102619000482_IMG_29_0000_max_476x317.jpeg; https://media.rightmove.co.uk:443/dir/crop/10:9-16:9/216k/215402/135463898/215402_102619000482_IMG_30_0000_max_476x317.jpeg; https://media.rightmove.co.uk:443/dir/crop/10:9-16:9/216k/215402/135463898/215402_102619000482_IMG_31_0000_max_476x317.jpeg; https://media.rightmove.co.uk:443/dir/crop/10:9-16:9/216k/215402/135463898/215402_102619000482_IMG_32_0000_max_476x317.jpeg; https://media.rightmove.co.uk:443/dir/crop/10:9-16:9/216k/215402/135463898/215402_102619000482_IMG_33_0000_max_476x317.jpeg; https://media.rightmove.co.uk:443/dir/crop/10:9-16:9/216k/215402/135463898/215402_102619000482_IMG_34_0000_max_476x317.jpeg; https://media.rightmove.co.uk:443/dir/crop/10:9-16:9/216k/215402/135463898/215402_102619000482_IMG_35_0000_max_476x317.jpeg; https://media.rightmove.co.uk:443/dir/crop/10:9-16:9/216k/215402/135463898/215402_102619000482_IMG_36_0000_max_476x317.jpeg; https://media.rightmove.co.uk:443/dir/crop/10:9-16:9/216k/215402/135463898/215402_102619000482_IMG_37_0000_max_476x317.jpeg; https://media.rightmove.co.uk:443/dir/crop/10:9-16:9/216k/215402/135463898/215402_102619000482_IMG_38_0000_max_476x317.jpeg; https://media.rightmove.co.uk:443/dir/crop/10:9-16:9/216k/215402/135463898/215402_102619000482_IMG_39_0000_max_476x317.jpeg; https://media.rightmove.co.uk:443/dir/crop/10:9-16:9/216k/215402/135463898/215402_102619000482_IMG_40_0000_max_476x317.jpeg; https://media.rightmove.co.uk:443/dir/crop/10:9-16:9/216k/215402/135463898/215402_102619000482_IMG_41_0000_max_476x317.jpeg; https://media.rightmove.co.uk:443/dir/crop/10:9-16:9/216k/215402/135463898/215402_102619000482_IMG_42_0000_max_476x317.jpeg; https://media.rightmove.co.uk:443/dir/crop/10:9-16:9/216k/215402/135463898/215402_102619000482_IMG_43_0000_max_476x317.jpeg; https://media.rightmove.co.uk:443/dir/crop/10:9-16:9/216k/215402/135463898/215402_102619000482_IMG_44_0000_max_476x317.jpeg; https://media.rightmove.co.uk:443/dir/crop/10:9-16:9/216k/215402/135463898/215402_102619000482_IMG_45_0000_max_476x317.jpeg; https://media.rightmove.co.uk:443/dir/crop/10:9-16:9/216k/215402/135463898/215402_102619000482_IMG_46_0000_max_476x317.jpeg; https://media.rightmove.co.uk:443/dir/crop/10:9-16:9/216k/215402/135463898/215402_102619000482_IMG_47_0000_max_476x317.jpeg; https://media.rightmove.co.uk:443/dir/crop/10:9-16:9/216k/215402/135463898/215402_102619000482_IMG_48_0000_max_476x317.jpeg; https://media.rightmove.co.uk:443/dir/crop/10:9-16:9/216k/215402/135463898/215402_102619000482_IMG_49_0000_max_476x317.jpeg; https://media.rightmove.co.uk:443/dir/crop/10:9-16:9/216k/215402/135463898/215402_102619000482_IMG_50_0000_max_476x317.jpeg; https://media.rightmove.co.uk:443/dir/crop/10:9-16:9/216k/215402/135463898/215402_102619000482_IMG_51_0000_max_476x317.jpeg; https://media.rightmove.co.uk:443/dir/crop/10:9-16:9/216k/215402/135463898/215402_102619000482_IMG_52_0000_max_476x317.jpeg; https://media.rightmove.co.uk:443/dir/crop/10:9-16:9/216k/215402/135463898/215402_102619000482_IMG_53_0000_max_476x317.jpeg; https://media.rightmove.co.uk:443/dir/crop/10:9-16:9/216k/215402/135463898/215402_102619000482_IMG_54_0000_max_476x317.jpeg; https://media.rightmove.co.uk:443/dir/crop/10:9-16:9/216k/215402/135463898/215402_102619000482_IMG_55_0000_max_476x317.jpeg; https://media.rightmove.co.uk:443/dir/crop/10:9-16:9/216k/215402/135463898/215402_102619000482_IMG_56_0000_max_476x317.jpeg; https://media.rightmove.co.uk:443/dir/crop/10:9-16:9/216k/215402/135463898/215402_102619000482_IMG_57_0000_max_476x317.jpeg; https://media.rightmove.co.uk:443/dir/crop/10:9-16:9/216k/215402/135463898/215402_102619000482_IMG_58_0000_max_476x317.jpeg; https://media.rightmove.co.uk:443/dir/crop/10:9-16:9/216k/215402/135463898/215402_102619000482_IMG_59_0000_max_476x317.jpeg"
"87288813","Suffolk","Retail Property (out of town)","The Street, Great Barton, Bury St. Edmunds, Suffolk, IP31","£2,000 pcm","","","","Ground Floor former Post Office unit located on the A143 in the village of Great Barton. Net Internal Area extending to approx. 79.33 sqm (854 sqft).","https://www.rightmove.co.uk/properties/87288813#/?channel=COM_LET","2025-10-14T09:55:28Z","","size_change","Marketed by Lacy Scott & Knight Commercial, Bury St Edmunds","","52.268095","0.769755","https://media.rightmove.co.uk:443/dir/crop/10:9-16:9/230k/229856/87288813/229856_STS250145_L_IMG_00_0000_max_476x317.jpeg; https://media.rightmove.co.uk:443/dir/crop/10:9-16:9/230k/229856/87288813/229856_STS250145_L_IMG_01_0000_max_476x317.jpeg; https://media.rightmove.co.uk:443/dir/crop/10:9-16:9/230k/229856/87288813/229856_STS250145_L_IMG_02_0000_max_476x317.jpeg; https://media.rightmove.co.uk:443/dir/crop/10:9-16:9/230k/229856/87288813/229856_STS250145_L_IMG_03_0000_max_476x317.jpeg; https://media.rightmove.co.uk:443/dir/crop/10:9-16:9/230k/229856/87288813/229856_STS250145_L_IMG_04_0000_max_476x317.jpeg; https://media.rightmove.co.uk:443/dir/crop/10:9-16:9/230k/229856/87288813/229856_STS250145_L_IMG_05_0000_max_476x317.jpeg; https://media.rightmove.co.uk:443/dir/crop/10:9-16:9/230k/229856/87288813/229856_STS250145_L_IMG_06_0000_max_476x317.jpeg; https://media.rightmove.co.uk:443/dir/crop/10:9-16:9/230k/229856/87288813/229856_STS250145_L_IMG_07_0000_max_476x317.jpeg; https://media.rightmove.co.uk:443/dir/crop/10:9-16:9/230k/229856/87288813/229856_STS250145_L_IMG_08_0000_max_476x317.jpeg; https://media.rightmove.co.uk:443/dir/crop/10:9-16:9/230k/229856/87288813/229856_STS250145_L_IMG_09_0000_max_476x317.jpeg; https://media.rightmove.co.uk:443/dir/crop/10:9-16:9/230k/229856/87288813/229856_STS250145_L_IMG_10_0000_max_476x317.jpeg; https://media.rightmove.co.uk:443/dir/crop/10:9-16:9/230k/229856/87288813/229856_STS250145_L_IMG_11_0000_max_476x317.jpeg; https://media.rightmove.co.uk:443/dir/crop/10:9-16:9/230k/229856/87288813/229856_STS250145_L_IMG_12_0000_max_476x317.jpeg; https://media.rightmove.co.uk:443/dir/crop/10:9-16:9/230k/229856/87288813/229856_STS250145_L_IMG_19_0000_max_476x317.jpeg; https://media.rightmove.co.uk:443/dir/crop/10:9-16:9/230k/229856/87288813/229856_STS250145_L_IMG_13_0000_max_476x317.jpeg; https://media.rightmove.co.uk:443/dir/crop/10:9-16:9/230k/229856/87288813/229856_STS250145_L_IMG_16_0000_max_476x317.jpeg; https://media.rightmove.co.uk:443/dir/crop/10:9-16:9/230k/229856/87288813/229856_STS250145_L_IMG_17_0000_max_476x317.jpeg; https://media.rightmove.co.uk:443/dir/crop/10:9-16:9/230k/229856/87288813/229856_STS250145_L_IMG_18_0000_max_476x317.jpeg"
"168156527","Suffolk","Commercial Property","Ipswich Street, Stowmarket","£1,750 pcm","","","","The historic market town of Stowmarket is situated just off the A14 in Suffolk. It is 15 miles east of Bury St Edmunds and 12 miles northwest of Ipswich. Ipswich Street is the main pedestrianised shopping street in the town with Boots, Greggs, Specsavers, Card Factory, QD and Holland & Bar...","https://www.rightmove.co.uk/properties/168156527#/?channel=COM_LET","2025-10-13T13:54:52Z","","new","Marketed by Osprey Property, Oakham","","52.18589","0.99828","https://media.rightmove.co.uk:443/dir/crop/10:9-16:9/114k/113038/168156527/113038_101612009004_IMG_00_0000_max_476x317.jpeg"
"151032827","Suffolk","Retail Property (high street)","7 Wilkes Way, Stowmarket, Suffolk, IP14","£1,438 pcm","","","","The shop occupies a prominent position on Wilkes Way, which is the main thoroughfare between Asda Supermarket and the town centre. The shop is in close proximity to Iliffe Way and Meadow Centre Car Parks. Nearby occupiers include Costa Coffee , Asda Pharmacy & Opticians, Barnados and Hays Travel.","https://www.rightmove.co.uk/properties/151032827#/?channel=COM_LET","2024-08-06T13:32:03Z","","new","Marketed by Roche Chartered Surveyors, Norfolk","","52.187557","0.99417","https://media.rightmove.co.uk:443/dir/crop/10:9-16:9/71k/70440/151032827/70440_166920LH_IMG_00_0000_max_476x317.jpeg"
"168068480","Suffolk","Commercial Property","Charity Farm, Chattisham, Ipswich","£275 pcm","","","","AVAILABLE NOW! First floor offices available with parking and shared facilities ","https://www.rightmove.co.uk/properties/168068480#/?channel=COM_LET","2025-10-10T10:22:59Z","","new","Marketed by Hamilton Smith Lettings, Needham Market","","52.03426","1.03333","https://media.rightmove.co.uk:443/dir/crop/10:9-16:9/62k/61704/168068480/61704_100137003939_IMG_00_0000_max_476x317.jpeg; https://media.rightmove.co.uk:443/dir/crop/10:9-16:9/62k/61704/168068480/61704_100137003939_IMG_01_0000_max_476x317.jpeg; https://media.rightmove.co.uk:443/dir/crop/10:9-16:9/62k/61704/168068480/61704_100137003939_IMG_02_0000_max_476x317.jpeg; https://media.rightmove.co.uk:443/dir/crop/10:9-16:9/62k/61704/168068480/61704_100137003939_IMG_03_0000_max_476x317.jpeg; https://media.rightmove.co.uk:443/dir/crop/10:9-16:9/62k/61704/168068480/61704_100137003939_IMG_04_0000_max_476x317.jpeg"
"168038729","Suffolk","Retail Property (high street)","10 Market Hill, Sudbury, Suffolk, CO10 2EA","£2,083 pcm","","","1","Prime retail premises in one of the principal shopping areas of the town overlooking the market place. ","https://www.rightmove.co.uk/properties/168038729#/?channel=COM_LET","2025-10-09T15:35:41Z","","new","Marketed by Elsom Spettigue Associates, Suffolk","","52.03862","0.73015","https://media.rightmove.co.uk:443/dir/crop/10:9-16:9/288k/287816/168038729/287816_CO10MHS_IMG_00_0000_max_476x317.jpeg; https://media.rightmove.co.uk:443/dir/crop/10:9-16:9/288k/287816/168038729/287816_CO10MHS_IMG_01_0000_max_476x317.jpeg; https://media.rightmove.co.uk:443/dir/crop/10:9-16:9/288k/287816/168038729/287816_CO10MHS_IMG_02_0000_max_476x317.jpeg; https://media.rightmove.co.uk:443/dir/crop/10:9-16:9/288k/287816/168038729/287816_CO10MHS_IMG_03_0000_max_476x317.jpeg; https://media.rightmove.co.uk:443/dir/crop/10:9-16:9/288k/287816/168038729/287816_CO10MHS_IMG_04_0000_max_476x317.jpeg; https://media.rightmove.co.uk:443/dir/crop/10:9-16:9/288k/287816/168038729/287816_CO10MHS_IMG_05_0000_max_476x317.jpeg"
"161451803","Suffolk","Retail Property (Shopping Centre)","Unit 10 Borehamgate, Sudbury, Suffolk, CO10 2EG","£1,125 pcm","","","","* INCENTIVE AVAILABLE *GROUND FLOOR LOCK UP SHOP / CAFE. WELL LOCATED IN THE BOREHAMGATE SHOPPING CENTRE IN SUDBURY. SALES AREA APPROX 772 SQ FT. TO BE LET ON A NEW LEASE. £13,500 PAX PLUS VAT.","https://www.rightmove.co.uk/properties/161451803#/?channel=COM_LET","2025-05-02T15:50:07Z","","price_reduced","Marketed by Birchall Steel Consultant Surveyors, Suffolk","","52.03802","0.73259","https://media.rightmove.co.uk:443/dir/crop/10:9-16:9/171k/170411/161451803/170411_Unit-10-Borehamgate-Shopping-Centre-Sudbury-CO10-2EG_IMG_00_0001_max_476x317.jpeg; https://media.rightmove.co.uk:443/dir/crop/10:9-16:9/171k/170411/161451803/170411_Unit-10-Borehamgate-Shopping-Centre-Sudbury-CO10-2EG_IMG_05_0000_max_476x317.jpeg; https://media.rightmove.co.uk:443/dir/crop/10:9-16:9/171k/170411/161451803/170411_Unit-10-Borehamgate-Shopping-Centre-Sudbury-CO10-2EG_IMG_02_0001_max_476x317.jpeg; https://media.rightmove.co.uk:443/dir/crop/10:9-16:9/171k/170411/161451803/170411_Unit-10-Borehamgate-Shopping-Centre-Sudbury-CO10-2EG_IMG_01_0002_max_476x317.jpeg; https://media.rightmove.co.uk:443/dir/crop/10:9-16:9/171k/170411/161451803/170411_Unit-10-Borehamgate-Shopping-Centre-Sudbury-CO10-2EG_IMG_03_0000_max_476x317.jpeg; https://media.rightmove.co.uk:443/dir/crop/10:9-16:9/171k/170411/161451803/170411_Unit-10-Borehamgate-Shopping-Centre-Sudbury-CO10-2EG_IMG_04_0000_max_476x317.jpeg"
"161448113","Suffolk","Retail Property (Shopping Centre)","Unit 6 Borehamgate, Sudbury, Suffolk, CO10 2EG","£1,125 pcm","","","","*INCENTIVES AVAILABLE* GROUND FLOOR LOCK UP SHOP. NEWLY REFURBISHED INCLUDING AIR CONDITIONING AND SUSPENDED CEILINGS. GROUND FLOOR SALES AREA 812 SQ FT, PLUS ANCILLARY STAFF AND STORAGE. ","https://www.rightmove.co.uk/properties/161448113#/?channel=COM_LET","2025-05-02T15:36:11Z","","price_reduced","Marketed by Birchall Steel Consultant Surveyors, Suffolk","","52.03802","0.73259","https://media.rightmove.co.uk:443/dir/crop/10:9-16:9/171k/170411/161448113/170411_Unit-6-Borehamgate-Shopping-Centre-Sudbury-CO10-2EG_IMG_03_0001_max_476x317.jpeg; https://media.rightmove.co.uk:443/dir/crop/10:9-16:9/171k/170411/161448113/170411_Unit-6-Borehamgate-Shopping-Centre-Sudbury-CO10-2EG_IMG_08_0000_max_476x317.jpeg; https://media.rightmove.co.uk:443/dir/crop/10:9-16:9/171k/170411/161448113/170411_Unit-6-Borehamgate-Shopping-Centre-Sudbury-CO10-2EG_IMG_04_0001_max_476x317.jpeg; https://media.rightmove.co.uk:443/dir/crop/10:9-16:9/171k/170411/161448113/170411_Unit-6-Borehamgate-Shopping-Centre-Sudbury-CO10-2EG_IMG_05_0001_max_476x317.jpeg; https://media.rightmove.co.uk:443/dir/crop/10:9-16:9/171k/170411/161448113/170411_Unit-6-Borehamgate-Shopping-Centre-Sudbury-CO10-2EG_IMG_07_0000_max_476x317.jpeg; https://media.rightmove.co.uk:443/dir/crop/10:9-16:9/171k/170411/161448113/170411_Unit-6-Borehamgate-Shopping-Centre-Sudbury-CO10-2EG_IMG_06_0000_max_476x317.jpeg"
"168036971","Suffolk","Office","The Street, IP13","£250 pcm","From","","","Modern, well-appointed offices in an attractive rural location. Suitable for start-ups to well-established businesses. No Business Rates or Service Charge. No deposit required. Complimentary use of communal areas and staff amenities. The rent includes: Water and sewerage rates / Onsite car parking.","https://www.rightmove.co.uk/properties/168036971#/?channel=COM_LET","2025-10-09T14:07:24Z","","new","Marketed by Penn Commercial, Ipswich","","52.08153","1.25361","https://media.rightmove.co.uk:443/dir/crop/10:9-16:9/94k/93340/168036971/93340_PENN7_IMG_00_0000_max_476x317.jpeg; https://media.rightmove.co.uk:443/dir/crop/10:9-16:9/94k/93340/168036971/93340_PENN7_IMG_03_0000_max_476x317.jpeg; https://media.rightmove.co.uk:443/dir/crop/10:9-16:9/94k/93340/168036971/93340_PENN7_IMG_02_0000_max_476x317.jpeg; https://media.rightmove.co.uk:443/dir/crop/10:9-16:9/94k/93340/168036971/93340_PENN7_IMG_01_0000_max_476x317.jpeg; https://media.rightmove.co.uk:443/dir/crop/10:9-16:9/94k/93340/168036971/93340_PENN7_IMG_04_0000_max_476x317.jpeg; https://media.rightmove.co.uk:443/dir/crop/10:9-16:9/94k/93340/168036971/93340_PENN7_IMG_05_0000_max_476x317.jpeg; https://media.rightmove.co.uk:443/dir/crop/10:9-16:9/94k/93340/168036971/93340_PENN7_IMG_06_0000_max_476x317.jpeg; https://media.rightmove.co.uk:443/dir/crop/10:9-16:9/94k/93340/168036971/93340_PENN7_IMG_07_0000_max_476x317.jpeg; https://media.rightmove.co.uk:443/dir/crop/10:9-16:9/94k/93340/168036971/93340_PENN7_IMG_08_0000_max_476x317.jpeg; https://media.rightmove.co.uk:443/dir/crop/10:9-16:9/94k/93340/168036971/93340_PENN7_IMG_09_0000_max_476x317.jpeg; https://media.rightmove.co.uk:443/dir/crop/10:9-16:9/94k/93340/168036971/93340_PENN7_IMG_10_0000_max_476x317.jpeg; https://media.rightmove.co.uk:443/dir/crop/10:9-16:9/94k/93340/168036971/93340_PENN7_IMG_11_0000_max_476x317.jpeg; https://media.rightmove.co.uk:443/dir/crop/10:9-16:9/94k/93340/168036971/93340_PENN7_IMG_12_0000_max_476x317.jpeg; https://media.rightmove.co.uk:443/dir/crop/10:9-16:9/94k/93340/168036971/93340_PENN7_IMG_13_0000_max_476x317.jpeg; https://media.rightmove.co.uk:443/dir/crop/10:9-16:9/94k/93340/168036971/93340_PENN7_IMG_14_0000_max_476x317.jpeg; https://media.rightmove.co.uk:443/dir/crop/10:9-16:9/94k/93340/168036971/93340_PENN7_IMG_15_0000_max_476x317.jpeg; https://media.rightmove.co.uk:443/dir/crop/10:9-16:9/94k/93340/168036971/93340_PENN7_IMG_16_0000_max_476x317.jpeg; https://media.rightmove.co.uk:443/dir/crop/10:9-16:9/94k/93340/168036971/93340_PENN7_IMG_17_0000_max_476x317.jpeg; https://media.rightmove.co.uk:443/dir/crop/10:9-16:9/94k/93340/168036971/93340_PENN7_IMG_18_0000_max_476x317.jpeg; https://media.rightmove.co.uk:443/dir/crop/10:9-16:9/94k/93340/168036971/93340_PENN7_IMG_19_0000_max_476x317.jpeg; https://media.rightmove.co.uk:443/dir/crop/10:9-16:9/94k/93340/168036971/93340_PENN7_IMG_20_0000_max_476x317.jpeg"
"168032456","Suffolk","Retail Property (high street)","Hamilton Road, Felixstowe, Suffolk, IP11","£1,667 pcm","","","","Prominent town centre location, with high visibility. Return frontage along York Road, with unrestricted street parking, public car parks nearby and 2 allocated parking spaces within private rear car park. Has consent for restaurant/hot food takeaway use, would suit a variety of uses, STPP. ","https://www.rightmove.co.uk/properties/168032456#/?channel=COM_LET","2025-10-09T13:08:36Z","","new","Marketed by Penn Commercial, Ipswich","","51.964","1.3521","https://media.rightmove.co.uk:443/dir/crop/10:9-16:9/94k/93340/168032456/93340_PENN5_IMG_00_0000_max_476x317.jpeg; https://media.rightmove.co.uk:443/dir/crop/10:9-16:9/94k/93340/168032456/93340_PENN5_IMG_02_0000_max_476x317.jpeg"
"168027332","Suffolk","Light Industrial","Farthing Road, Ipswich, Suffolk, IP1","£2,917 pcm","","","","Comprising a standalone industrial unit with ground floor meeting room/boardroom, mezzanine floor storage and warehouse which has been converted to a showroom type space, with suspended ceiling & roller shutter door, WC facilities & tea making facility area. Car parking spaces & yard area. ","https://www.rightmove.co.uk/properties/168027332#/?channel=COM_LET","2025-10-09T12:20:43Z","","new","Marketed by Penn Commercial, Ipswich","","52.06591","1.11267","https://media.rightmove.co.uk:443/dir/crop/10:9-16:9/94k/93340/168027332/93340_PENN2_IMG_06_0000_max_476x317.jpeg; https://media.rightmove.co.uk:443/dir/crop/10:9-16:9/94k/93340/168027332/93340_PENN2_IMG_05_0000_max_476x317.jpeg"
"168022712","Suffolk","Office","K Line House, West Road, Ipswich, Suffolk, IP3","£12,098 pcm","","","","An impressive detached, two-storey office building at the entrance to the popular Office Village. Providing space for ca. 100 staff, with a double-height fully-glazed atrium, extensive first floor balcony, staff amenities, A/C & 30+ dedicated on-site parking spaces. Available with immediate effect. ","https://www.rightmove.co.uk/properties/168022712#/?channel=COM_LET","2025-10-09T11:30:19Z","","new","Marketed by Penn Commercial, Ipswich","","52.0331","1.20926","https://media.rightmove.co.uk:443/dir/crop/10:9-16:9/94k/93340/168022712/93340_PENN1_IMG_12_0001_max_476x317.jpeg; https://media.rightmove.co.uk:443/dir/crop/10:9-16:9/94k/93340/168022712/93340_PENN1_IMG_11_0000_max_476x317.jpeg; https://media.rightmove.co.uk:443/dir/crop/10:9-16:9/94k/93340/168022712/93340_PENN1_IMG_06_0000_max_476x317.jpeg; https://media.rightmove.co.uk:443/dir/crop/10:9-16:9/94k/93340/168022712/93340_PENN1_IMG_05_0000_max_476x317.jpeg; https://media.rightmove.co.uk:443/dir/crop/10:9-16:9/94k/93340/168022712/93340_PENN1_IMG_08_0000_max_476x317.jpeg; https://media.rightmove.co.uk:443/dir/crop/10:9-16:9/94k/93340/168022712/93340_PENN1_IMG_09_0000_max_476x317.jpeg; https://media.rightmove.co.uk:443/dir/crop/10:9-16:9/94k/93340/168022712/93340_PENN1_IMG_00_0000_max_476x317.jpeg; https://media.rightmove.co.uk:443/dir/crop/10:9-16:9/94k/93340/168022712/93340_PENN1_IMG_01_0000_max_476x317.jpeg; https://media.rightmove.co.uk:443/dir/crop/10:9-16:9/94k/93340/168022712/93340_PENN1_IMG_02_0000_max_476x317.jpeg; https://media.rightmove.co.uk:443/dir/crop/10:9-16:9/94k/93340/168022712/93340_PENN1_IMG_03_0000_max_476x317.jpeg; https://media.rightmove.co.uk:443/dir/crop/10:9-16:9/94k/93340/168022712/93340_PENN1_IMG_04_0000_max_476x317.jpeg; https://media.rightmove.co.uk:443/dir/crop/10:9-16:9/94k/93340/168022712/93340_PENN1_IMG_07_0000_max_476x317.jpeg"
"166643336","Suffolk","Warehouse","4a Hollands Road, Haverhill, Suffolk, CB9 8PP","£667 pcm","","","","Storage unit on Haverhill's principal industrial estate. The property provides clear span storage space and has a single phase electrical supply. The property benefits from car parking to the side and rear of the building. The property has no WC or kitchen facilities and is available for basic st...","https://www.rightmove.co.uk/properties/166643336#/?channel=COM_LET","2025-09-05T15:21:10Z","","new","Marketed by Eddisons Commercial Limited, Cambridge","","52.07428","0.445481","https://media.rightmove.co.uk:443/dir/crop/10:9-16:9/216k/215075/166643336/215075_3005396LH_IMG_00_0000_max_476x317.jpeg; https://media.rightmove.co.uk:443/dir/crop/10:9-16:9/216k/215075/166643336/215075_3005396LH_IMG_01_0000_max_476x317.jpeg; https://media.rightmove.co.uk:443/dir/crop/10:9-16:9/216k/215075/166643336/215075_3005396LH_IMG_02_0000_max_476x317.jpeg; https://media.rightmove.co.uk:443/dir/crop/10:9-16:9/216k/215075/166643336/215075_3005396LH_IMG_03_0000_max_476x317.jpeg"
"721605238555489","Suffolk","Distribution Warehouse","14 Craven Way, Newmarket, CB8 0BW","£813 pcm","","","","Light Industrial Unit To Let (E(g)(iii) uses)","https://www.rightmove.co.uk/properties/721605238555489#/?channel=COM_LET","2025-11-26T12:11:04Z","","new","Marketed by Hazells, Bury St Edmunds","","52.25637","0.393151","https://media.rightmove.co.uk:443/dir/crop/10:9-16:9/property-photo/654378667/721605238555489/6543786677a8716e666101e5d4ee21d4_max_476x317.jpeg; https://media.rightmove.co.uk:443/dir/crop/10:9-16:9/property-photo/550669550/721605238555489/550669550e5ef90023e3533b81c841fc_max_476x317.jpeg; https://media.rightmove.co.uk:443/dir/crop/10:9-16:9/property-photo/94f19ba17/721605238555489/94f19ba170bbf770f30d71ce5379986d_max_476x317.jpeg"
"169781225","Suffolk","Commercial Property","Church Road, Lowestoft","£700 pcm","","","","SHOP FOR LEASE – KESSINGLANDA fantastic opportunity to secure a commercial unit in the charming seaside village of Kessingland, located just south of Lowestoft, Suffolk.Ideally positioned to benefit from both local footfall and seasonal tourist trade, this unit is well-suited to a small or ...","https://www.rightmove.co.uk/properties/169781225#/?channel=COM_LET","2025-11-27T13:49:13Z","","new","Marketed by Steel & Co Commercial Property Services, Lowestoft","","52.414192","1.72476","https://media.rightmove.co.uk:443/dir/crop/10:9-16:9/66k/65427/169781225/65427_12466312_IMG_00_0000_max_476x317.jpeg; https://media.rightmove.co.uk:443/dir/crop/10:9-16:9/66k/65427/169781225/65427_12466312_IMG_01_0000_max_476x317.jpeg; https://media.rightmove.co.uk:443/dir/crop/10:9-16:9/66k/65427/169781225/65427_12466312_IMG_02_0000_max_476x317.jpeg; https://media.rightmove.co.uk:443/dir/crop/10:9-16:9/66k/65427/169781225/65427_12466312_IMG_03_0000_max_476x317.jpeg"
"721605190390433","Suffolk","Distribution Warehouse","8 Craven Way, Newmarket, CB8 0BW","£542 pcm","","","","Heavy Industrial/Workshop Unit To Let (B2 and B8 uses only)","https://www.rightmove.co.uk/properties/721605190390433#/?channel=COM_LET","2025-11-26T12:11:05Z","","new","Marketed by Hazells, Bury St Edmunds","","52.256355","0.393123","https://media.rightmove.co.uk:443/dir/crop/10:9-16:9/287k/286808/721605190390433/286808_317240-2_IMG_00_0000_max_476x317.jpeg; https://media.rightmove.co.uk:443/dir/crop/10:9-16:9/287k/286808/721605190390433/286808_317240-2_IMG_01_0000_max_476x317.jpeg; https://media.rightmove.co.uk:443/dir/crop/10:9-16:9/287k/286808/721605190390433/286808_317240-2_IMG_02_0000_max_476x317.jpeg"
"167928260","Suffolk","Storage","The Old Railway Coal Yard, Howe Lane, Cockfield, Bury St. Edmunds, Suffolk, IP30 0HU","POA","","","","The property comprises a broadly rectangular level surfaced site previously used as a coal yard and other commercial / storage uses. The site extends to an area of approximately 1.47 acres (0.6 hectares). To the northeast of the site is an open barn. The site would be suitable for open storage or...","https://www.rightmove.co.uk/properties/167928260#/?channel=COM_LET","2025-10-07T16:35:51Z","","new","Marketed by Eddisons Commercial Limited, Bury St. Edmunds","","52.15601","0.781924","https://media.rightmove.co.uk:443/dir/crop/10:9-16:9/237k/236930/167928260/236930_3023349LH_IMG_00_0000_max_476x317.jpeg; https://media.rightmove.co.uk:443/dir/crop/10:9-16:9/237k/236930/167928260/236930_3023349LH_IMG_01_0000_max_476x317.jpeg; https://media.rightmove.co.uk:443/dir/crop/10:9-16:9/237k/236930/167928260/236930_3023349LH_IMG_02_0000_max_476x317.jpeg; https://media.rightmove.co.uk:443/dir/crop/10:9-16:9/237k/236930/167928260/236930_3023349LH_IMG_03_0000_max_476x317.jpeg; https://media.rightmove.co.uk:443/dir/crop/10:9-16:9/237k/236930/167928260/236930_3023349LH_IMG_04_0000_max_476x317.jpeg; https://media.rightmove.co.uk:443/dir/crop/10:9-16:9/237k/236930/167928260/236930_3023349LH_IMG_05_0000_max_476x317.jpeg"
"163216973","Suffolk","Retail Property (high street)","Ashburnham Way, Lowestoft, Suffolk, NR33","POA","","","","Adjacent to the existing Co-op Food Store the new unit will be accessed directly from the car park to the side of the main store entrance.","https://www.rightmove.co.uk/properties/163216973#/?channel=COM_LET","2025-06-12T13:38:41Z","","new","Marketed by Johnson Fellows, Birmingham","","52.45711","1.70587","https://media.rightmove.co.uk:443/dir/crop/10:9-16:9/282k/281186/163216973/281186_CarltonColvilleAshburnhamWay_IMG_00_0000_max_476x317.jpeg"
"163216169","Suffolk","Retail Property (high street)","Hillside Road East, Bungay, Suffolk, NR35","POA","","","","Adjacent to the existing Co-op Food Store the new units will be accessed directly from the car park to the side of the main store entrance. ","https://www.rightmove.co.uk/properties/163216169#/?channel=COM_LET","2025-06-12T13:28:37Z","","new","Marketed by Johnson Fellows, Birmingham","","52.44973","1.45057","https://media.rightmove.co.uk:443/dir/crop/10:9-16:9/282k/281186/163216169/281186_BungayHillsideRoadEast_IMG_02_0000_max_476x317.jpeg; https://media.rightmove.co.uk:443/dir/crop/10:9-16:9/282k/281186/163216169/281186_BungayHillsideRoadEast_IMG_03_0000_max_476x317.jpeg; https://media.rightmove.co.uk:443/dir/crop/10:9-16:9/282k/281186/163216169/281186_BungayHillsideRoadEast_IMG_01_0000_max_476x317.jpeg; https://media.rightmove.co.uk:443/dir/crop/10:9-16:9/282k/281186/163216169/281186_BungayHillsideRoadEast_IMG_00_0000_max_476x317.jpeg"
"167869568","Suffolk","Warehouse","Hampstead Avenue, Mildenhall, Bury St. Edmunds, Suffolk, IP28","£5,625 pcm","","","","The property is a detached high bay industrial / warehouse building of steel portal frame construction with profiled metal cladding under a pitched roof, two surface level roller shutter doors provide access for loading and unloading to the rear of the unit and benefits from an eaves height of ...","https://www.rightmove.co.uk/properties/167869568#/?channel=COM_LET","2025-10-06T16:53:15Z","","new","Marketed by Eddisons Commercial Limited, Bury St. Edmunds","","52.355129","0.508191","https://media.rightmove.co.uk:443/dir/crop/10:9-16:9/237k/236930/167869568/236930_3023343LH_IMG_00_0000_max_476x317.jpeg; https://media.rightmove.co.uk:443/dir/crop/10:9-16:9/237k/236930/167869568/236930_3023343LH_IMG_01_0000_max_476x317.jpeg; https://media.rightmove.co.uk:443/dir/crop/10:9-16:9/237k/236930/167869568/236930_3023343LH_IMG_02_0000_max_476x317.jpeg; https://media.rightmove.co.uk:443/dir/crop/10:9-16:9/237k/236930/167869568/236930_3023343LH_IMG_03_0000_max_476x317.jpeg; https://media.rightmove.co.uk:443/dir/crop/10:9-16:9/237k/236930/167869568/236930_3023343LH_IMG_04_0000_max_476x317.jpeg; https://media.rightmove.co.uk:443/dir/crop/10:9-16:9/237k/236930/167869568/236930_3023343LH_IMG_05_0000_max_476x317.jpeg; https://media.rightmove.co.uk:443/dir/crop/10:9-16:9/237k/236930/167869568/236930_3023343LH_IMG_06_0000_max_476x317.jpeg; https://media.rightmove.co.uk:443/dir/crop/10:9-16:9/237k/236930/167869568/236930_3023343LH_IMG_07_0000_max_476x317.jpeg; https://media.rightmove.co.uk:443/dir/crop/10:9-16:9/237k/236930/167869568/236930_3023343LH_IMG_08_0000_max_476x317.jpeg; https://media.rightmove.co.uk:443/dir/crop/10:9-16:9/237k/236930/167869568/236930_3023343LH_IMG_09_0000_max_476x317.jpeg"
"158513657","Suffolk","Office","The Green, Fornham All Saints, Bury St. Edmunds, Suffolk, IP28","£2,000 pcm","","","","First floor modern offices on the Moseley Farm Business Centre, Fornham All Saints. Net Internal Area approx. 234.72 sqm (2,527 sqft). Access to A14 trunk road approx. 2.3 miles to the south-west.","https://www.rightmove.co.uk/properties/158513657#/?channel=COM_LET","2025-02-20T16:01:37Z","","price_reduced","Marketed by Lacy Scott & Knight Commercial, Bury St Edmunds","","52.274771","0.690809","https://media.rightmove.co.uk:443/dir/crop/10:9-16:9/230k/229856/158513657/229856_BCL250003_L_IMG_00_0000_max_476x317.jpeg; https://media.rightmove.co.uk:443/dir/crop/10:9-16:9/230k/229856/158513657/229856_BCL250003_L_IMG_01_0000_max_476x317.jpeg; https://media.rightmove.co.uk:443/dir/crop/10:9-16:9/230k/229856/158513657/229856_BCL250003_L_IMG_02_0000_max_476x317.jpeg; https://media.rightmove.co.uk:443/dir/crop/10:9-16:9/230k/229856/158513657/229856_BCL250003_L_IMG_03_0000_max_476x317.jpeg; https://media.rightmove.co.uk:443/dir/crop/10:9-16:9/230k/229856/158513657/229856_BCL250003_L_IMG_04_0000_max_476x317.jpeg; https://media.rightmove.co.uk:443/dir/crop/10:9-16:9/230k/229856/158513657/229856_BCL250003_L_IMG_05_0000_max_476x317.jpeg; https://media.rightmove.co.uk:443/dir/crop/10:9-16:9/230k/229856/158513657/229856_BCL250003_L_IMG_06_0000_max_476x317.jpeg; https://media.rightmove.co.uk:443/dir/crop/10:9-16:9/230k/229856/158513657/229856_BCL250003_L_IMG_07_0000_max_476x317.jpeg; https://media.rightmove.co.uk:443/dir/crop/10:9-16:9/230k/229856/158513657/229856_BCL250003_L_IMG_08_0000_max_476x317.jpeg; https://media.rightmove.co.uk:443/dir/crop/10:9-16:9/230k/229856/158513657/229856_BCL250003_L_IMG_09_0000_max_476x317.jpeg; https://media.rightmove.co.uk:443/dir/crop/10:9-16:9/230k/229856/158513657/229856_BCL250003_L_IMG_10_0000_max_476x317.jpeg; https://media.rightmove.co.uk:443/dir/crop/10:9-16:9/230k/229856/158513657/229856_BCL250003_L_IMG_11_0000_max_476x317.jpeg; https://media.rightmove.co.uk:443/dir/crop/10:9-16:9/230k/229856/158513657/229856_BCL250003_L_IMG_12_0000_max_476x317.jpeg"
"167854307","Suffolk","Retail Property (high street)","Station Road West, Stowmarket, Suffolk, IP14","£1,667 pcm","","","","Retail/Restaurant units in Stowmarket Town Centre. The total Net Internal Area approx. 151.33 sqm (1,629 sqft). Convenient access to A14 trunk road approx. 1.8 miles to the east.","https://www.rightmove.co.uk/properties/167854307#/?channel=COM_LET","2025-10-06T13:33:27Z","","new","Marketed by Lacy Scott & Knight Commercial, Stowmarket","","52.18852","0.996256","https://media.rightmove.co.uk:443/dir/crop/10:9-16:9/230k/229859/167854307/229859_STS250129_L_IMG_00_0000_max_476x317.jpeg; https://media.rightmove.co.uk:443/dir/crop/10:9-16:9/230k/229859/167854307/229859_STS250129_L_IMG_01_0000_max_476x317.jpeg; https://media.rightmove.co.uk:443/dir/crop/10:9-16:9/230k/229859/167854307/229859_STS250129_L_IMG_02_0000_max_476x317.jpeg; https://media.rightmove.co.uk:443/dir/crop/10:9-16:9/230k/229859/167854307/229859_STS250129_L_IMG_03_0000_max_476x317.jpeg; https://media.rightmove.co.uk:443/dir/crop/10:9-16:9/230k/229859/167854307/229859_STS250129_L_IMG_04_0000_max_476x317.jpeg; https://media.rightmove.co.uk:443/dir/crop/10:9-16:9/230k/229859/167854307/229859_STS250129_L_IMG_05_0000_max_476x317.jpeg; https://media.rightmove.co.uk:443/dir/crop/10:9-16:9/230k/229859/167854307/229859_STS250129_L_IMG_06_0000_max_476x317.jpeg; https://media.rightmove.co.uk:443/dir/crop/10:9-16:9/230k/229859/167854307/229859_STS250129_L_IMG_07_0000_max_476x317.jpeg; https://media.rightmove.co.uk:443/dir/crop/10:9-16:9/230k/229859/167854307/229859_STS250129_L_IMG_08_0000_max_476x317.jpeg; https://media.rightmove.co.uk:443/dir/crop/10:9-16:9/230k/229859/167854307/229859_STS250129_L_IMG_09_0000_max_476x317.jpeg"
"159511610","Suffolk","Office","Unit 11 Manor Park Church Road, Great Barton, Bury St. Edmunds, IP31 2QR","£1,042 pcm","","","","Manor Park is located in a superb rural setting overlooking paddocks and farmland in Great Barton. The Business Park has excellent access to the A143 and is within 2 miles of Bury St Edmunds and 2.7 miles of Junction 45 of the A14. The self-contained office has been used as an office on the gro...","https://www.rightmove.co.uk/properties/159511610#/?channel=COM_LET","2025-03-17T15:01:56Z","","price_reduced","Marketed by Merrifields, Suffolk","","52.264074","0.772628","https://media.rightmove.co.uk:443/dir/crop/10:9-16:9/122k/121468/159511610/121468_546LH_IMG_14_0000_max_476x317.jpeg; https://media.rightmove.co.uk:443/dir/crop/10:9-16:9/122k/121468/159511610/121468_546LH_IMG_17_0000_max_476x317.jpeg; https://media.rightmove.co.uk:443/dir/crop/10:9-16:9/122k/121468/159511610/121468_546LH_IMG_00_0000_max_476x317.jpeg; https://media.rightmove.co.uk:443/dir/crop/10:9-16:9/122k/121468/159511610/121468_546LH_IMG_15_0000_max_476x317.jpeg; https://media.rightmove.co.uk:443/dir/crop/10:9-16:9/122k/121468/159511610/121468_546LH_IMG_16_0000_max_476x317.jpeg; https://media.rightmove.co.uk:443/dir/crop/10:9-16:9/122k/121468/159511610/121468_546LH_IMG_13_0000_max_476x317.jpeg; https://media.rightmove.co.uk:443/dir/crop/10:9-16:9/122k/121468/159511610/121468_546LH_IMG_12_0000_max_476x317.jpeg; https://media.rightmove.co.uk:443/dir/crop/10:9-16:9/122k/121468/159511610/121468_546LH_IMG_11_0000_max_476x317.jpeg; https://media.rightmove.co.uk:443/dir/crop/10:9-16:9/122k/121468/159511610/121468_546LH_IMG_01_0004_max_476x317.jpeg; https://media.rightmove.co.uk:443/dir/crop/10:9-16:9/122k/121468/159511610/121468_546LH_IMG_18_0000_max_476x317.jpeg"
"167779904","Suffolk","Office","Hyde Park House, Crown Street, Ipswich, Suffolk, IP1","POA","","","","Hyde Park House is a modern purpose-built office building arranged upon a ground and two upper floors, together with secure onsite car parking below the building, the property offers 28,438 sq ft of office space, with suites available from 1,000 to 5,250 sq ft. The remaining available office is ...","https://www.rightmove.co.uk/properties/167779904#/?channel=COM_LET","2025-10-03T15:54:09Z","","new","Marketed by Fenn Wright, Ipswich Commercial Sales and Lettings","","52.059635","1.150577","https://media.rightmove.co.uk:443/dir/crop/10:9-16:9/162k/161330/167779904/161330_14866622LH_IMG_00_0000_max_476x317.jpeg; https://media.rightmove.co.uk:443/dir/crop/10:9-16:9/162k/161330/167779904/161330_14866622LH_IMG_01_0000_max_476x317.jpeg; https://media.rightmove.co.uk:443/dir/crop/10:9-16:9/162k/161330/167779904/161330_14866622LH_IMG_02_0000_max_476x317.jpeg; https://media.rightmove.co.uk:443/dir/crop/10:9-16:9/162k/161330/167779904/161330_14866622LH_IMG_03_0000_max_476x317.jpeg"
"149722583","Suffolk","Light Industrial","Nissen Hut 514 Morris Farm Badley Road Gt Waldingfield","£833 pcm","","","","Truly unique opportunity to acquire the last remaining accommodation NISSEN HUT used in connection with the former RAF/USAAF Sudbury airfield. ","https://www.rightmove.co.uk/properties/149722583#/?channel=COM_LET","2024-07-01T10:43:10Z","","new","Marketed by Birchall Steel Consultant Surveyors, Suffolk","","52.05342","0.79334","https://media.rightmove.co.uk:443/dir/crop/10:9-16:9/property-photo/2af840942/149722583/2af84094220e14fe8e187c1a94f5d4ea_max_476x317.jpeg; https://media.rightmove.co.uk:443/dir/crop/10:9-16:9/property-photo/d18b10a48/149722583/d18b10a4863674248efc87dc631c6096_max_476x317.jpeg; https://media.rightmove.co.uk:443/dir/crop/10:9-16:9/property-photo/9f555e4ec/149722583/9f555e4ec0acc4aca826706e1fcd7fd4_max_476x317.jpeg; https://media.rightmove.co.uk:443/dir/crop/10:9-16:9/property-photo/2b3c920fe/149722583/2b3c920fe80c102885ce8871def0d1b0_max_476x317.jpeg; https://media.rightmove.co.uk:443/dir/crop/10:9-16:9/property-photo/e3948b925/149722583/e3948b925cb9da06373f33f8d7ee7e50_max_476x317.jpeg; https://media.rightmove.co.uk:443/dir/crop/10:9-16:9/property-photo/4dcc1631e/149722583/4dcc1631ec90f71b80be907ec2ce9b59_max_476x317.jpeg; https://media.rightmove.co.uk:443/dir/crop/10:9-16:9/property-photo/383efd474/149722583/383efd474926a667510c3edd25d7625a_max_476x317.jpeg"
"151953452","Suffolk","Storage","Main Road, IP17","£1,417 pcm","","","","Highly visible location on A12 at Darsham Station. A total of 3 storage units ranging from 1,800sqft to 3,800sqft","https://www.rightmove.co.uk/properties/151953452#/?channel=COM_LET","2024-09-02T17:48:54Z","","size_change","Marketed by Fennel Chartered Surveyors, Halesworth","","52.27256","1.52285","https://media.rightmove.co.uk:443/dir/crop/10:9-16:9/118k/117463/151953452/117463_alanross_IMG_29_0000_max_476x317.jpeg; https://media.rightmove.co.uk:443/dir/crop/10:9-16:9/118k/117463/151953452/117463_alanross_IMG_40_0000_max_476x317.jpeg; https://media.rightmove.co.uk:443/dir/crop/10:9-16:9/118k/117463/151953452/117463_alanross_IMG_28_0000_max_476x317.jpeg; https://media.rightmove.co.uk:443/dir/crop/10:9-16:9/118k/117463/151953452/117463_alanross_IMG_25_0000_max_476x317.jpeg; https://media.rightmove.co.uk:443/dir/crop/10:9-16:9/118k/117463/151953452/117463_alanross_IMG_26_0000_max_476x317.jpeg; https://media.rightmove.co.uk:443/dir/crop/10:9-16:9/118k/117463/151953452/117463_alanross_IMG_34_0000_max_476x317.jpeg; https://media.rightmove.co.uk:443/dir/crop/10:9-16:9/118k/117463/151953452/117463_alanross_IMG_35_0000_max_476x317.jpeg; https://media.rightmove.co.uk:443/dir/crop/10:9-16:9/118k/117463/151953452/117463_alanross_IMG_36_0000_max_476x317.jpeg; https://media.rightmove.co.uk:443/dir/crop/10:9-16:9/118k/117463/151953452/117463_alanross_IMG_37_0000_max_476x317.jpeg; https://media.rightmove.co.uk:443/dir/crop/10:9-16:9/118k/117463/151953452/117463_alanross_IMG_38_0000_max_476x317.jpeg; https://media.rightmove.co.uk:443/dir/crop/10:9-16:9/118k/117463/151953452/117463_alanross_IMG_39_0000_max_476x317.jpeg"
"167703704","Suffolk","Restaurant","Market Place, Southwold, Suffolk, IP18","£2,083 pcm","","","","Prime location in Southwold for a restaurant, fully fitted and ready to operate. ","https://www.rightmove.co.uk/properties/167703704#/?channel=COM_LET","2025-10-02T15:32:24Z","","new","Marketed by Fennel Chartered Surveyors, Halesworth","","52.32609","1.6789","https://media.rightmove.co.uk:443/dir/crop/10:9-16:9/118k/117463/167703704/117463_jacksouthwold_IMG_09_0000_max_476x317.jpeg; https://media.rightmove.co.uk:443/dir/crop/10:9-16:9/118k/117463/167703704/117463_jacksouthwold_IMG_08_0000_max_476x317.jpeg; https://media.rightmove.co.uk:443/dir/crop/10:9-16:9/118k/117463/167703704/117463_jacksouthwold_IMG_14_0000_max_476x317.jpeg; https://media.rightmove.co.uk:443/dir/crop/10:9-16:9/118k/117463/167703704/117463_jacksouthwold_IMG_13_0000_max_476x317.jpeg; https://media.rightmove.co.uk:443/dir/crop/10:9-16:9/118k/117463/167703704/117463_jacksouthwold_IMG_05_0000_max_476x317.jpeg; https://media.rightmove.co.uk:443/dir/crop/10:9-16:9/118k/117463/167703704/117463_jacksouthwold_IMG_06_0000_max_476x317.jpeg; https://media.rightmove.co.uk:443/dir/crop/10:9-16:9/118k/117463/167703704/117463_jacksouthwold_IMG_07_0000_max_476x317.jpeg; https://media.rightmove.co.uk:443/dir/crop/10:9-16:9/118k/117463/167703704/117463_jacksouthwold_IMG_02_0000_max_476x317.jpeg; https://media.rightmove.co.uk:443/dir/crop/10:9-16:9/118k/117463/167703704/117463_jacksouthwold_IMG_03_0000_max_476x317.jpeg; https://media.rightmove.co.uk:443/dir/crop/10:9-16:9/118k/117463/167703704/117463_jacksouthwold_IMG_04_0000_max_476x317.jpeg; https://media.rightmove.co.uk:443/dir/crop/10:9-16:9/118k/117463/167703704/117463_jacksouthwold_IMG_10_0000_max_476x317.jpeg; https://media.rightmove.co.uk:443/dir/crop/10:9-16:9/118k/117463/167703704/117463_jacksouthwold_IMG_11_0000_max_476x317.jpeg; https://media.rightmove.co.uk:443/dir/crop/10:9-16:9/118k/117463/167703704/117463_jacksouthwold_IMG_12_0000_max_476x317.jpeg"
"167720198","Suffolk","Light Industrial","Whapload Road, Lowestoft","£1,500 pcm","","","","A substantial two storey building which has most recently been used for offices, storage and workshop uses. Together with a smaller store building suitable for workshop. Would ideally suit engineering or companies related to the offshore energy sector or working within the closely situated Lowest...","https://www.rightmove.co.uk/properties/167720198#/?channel=COM_LET","2025-10-02T14:52:41Z","","size_change","Marketed by Bycroft Commercial, Great Yarmouth","","52.48443","1.75782","https://media.rightmove.co.uk:443/dir/crop/10:9-16:9/211k/210365/167720198/210365_101177013234_IMG_00_0000_max_476x317.jpeg; https://media.rightmove.co.uk:443/dir/crop/10:9-16:9/211k/210365/167720198/210365_101177013234_IMG_01_0000_max_476x317.jpeg; https://media.rightmove.co.uk:443/dir/crop/10:9-16:9/211k/210365/167720198/210365_101177013234_IMG_02_0000_max_476x317.jpeg; https://media.rightmove.co.uk:443/dir/crop/10:9-16:9/211k/210365/167720198/210365_101177013234_IMG_03_0000_max_476x317.jpeg; https://media.rightmove.co.uk:443/dir/crop/10:9-16:9/211k/210365/167720198/210365_101177013234_IMG_04_0000_max_476x317.jpeg; https://media.rightmove.co.uk:443/dir/crop/10:9-16:9/211k/210365/167720198/210365_101177013234_IMG_05_0000_max_476x317.jpeg; https://media.rightmove.co.uk:443/dir/crop/10:9-16:9/211k/210365/167720198/210365_101177013234_IMG_06_0000_max_476x317.jpeg; https://media.rightmove.co.uk:443/dir/crop/10:9-16:9/211k/210365/167720198/210365_101177013234_IMG_07_0000_max_476x317.jpeg; https://media.rightmove.co.uk:443/dir/crop/10:9-16:9/211k/210365/167720198/210365_101177013234_IMG_08_0000_max_476x317.jpeg; https://media.rightmove.co.uk:443/dir/crop/10:9-16:9/211k/210365/167720198/210365_101177013234_IMG_09_0000_max_476x317.jpeg; https://media.rightmove.co.uk:443/dir/crop/10:9-16:9/211k/210365/167720198/210365_101177013234_IMG_10_0000_max_476x317.jpeg; https://media.rightmove.co.uk:443/dir/crop/10:9-16:9/211k/210365/167720198/210365_101177013234_IMG_11_0000_max_476x317.jpeg; https://media.rightmove.co.uk:443/dir/crop/10:9-16:9/211k/210365/167720198/210365_101177013234_IMG_12_0000_max_476x317.jpeg"
"166033799","Suffolk","Office","London Road, Brandon, Suffolk, IP27","£1,000 pcm","","","","Modern Office Space in Prime Town Centre Location – Available from 1st October 2025. This well-appointed commercial property offers a comfortable and efficient working environment, ideally situated within close proximity to the town centre and its amenities. ","https://www.rightmove.co.uk/properties/166033799#/?channel=COM_LET","2025-08-21T00:56:34Z","","size_change","Marketed by Mac Estates, Brandon","","52.447332","0.622927","https://media.rightmove.co.uk:443/dir/crop/10:9-16:9/52k/51481/166033799/51481_FMB250010_L_IMG_07_0000_max_476x317.jpeg; https://media.rightmove.co.uk:443/dir/crop/10:9-16:9/52k/51481/166033799/51481_FMB250010_L_IMG_00_0000_max_476x317.jpeg; https://media.rightmove.co.uk:443/dir/crop/10:9-16:9/52k/51481/166033799/51481_FMB250010_L_IMG_01_0000_max_476x317.jpeg; https://media.rightmove.co.uk:443/dir/crop/10:9-16:9/52k/51481/166033799/51481_FMB250010_L_IMG_02_0000_max_476x317.jpeg; https://media.rightmove.co.uk:443/dir/crop/10:9-16:9/52k/51481/166033799/51481_FMB250010_L_IMG_03_0000_max_476x317.jpeg; https://media.rightmove.co.uk:443/dir/crop/10:9-16:9/52k/51481/166033799/51481_FMB250010_L_IMG_04_0000_max_476x317.jpeg; https://media.rightmove.co.uk:443/dir/crop/10:9-16:9/52k/51481/166033799/51481_FMB250010_L_IMG_05_0000_max_476x317.jpeg; https://media.rightmove.co.uk:443/dir/crop/10:9-16:9/52k/51481/166033799/51481_FMB250010_L_IMG_06_0000_max_476x317.jpeg"
"167599604","Suffolk","Shop","13 Market Place, Stowmarket, Suffolk, IP14 1AH","POA","","","","The property is a former banking hall providing open plan retail space and basement storage and occupies a prominent position in Stowmarket town centre. The property has been stripped back to a shell finish allowing flexibility for occupier fit out. The property could potentially be split to prov...","https://www.rightmove.co.uk/properties/167599604#/?channel=COM_LET","2025-09-30T11:23:04Z","","new","Marketed by Eddisons Commercial Limited, Bury St. Edmunds","","52.187115","0.996978","https://media.rightmove.co.uk:443/dir/crop/10:9-16:9/237k/236930/167599604/236930_3023327LH_IMG_00_0000_max_476x317.jpeg; https://media.rightmove.co.uk:443/dir/crop/10:9-16:9/237k/236930/167599604/236930_3023327LH_IMG_01_0000_max_476x317.jpeg; https://media.rightmove.co.uk:443/dir/crop/10:9-16:9/237k/236930/167599604/236930_3023327LH_IMG_02_0000_max_476x317.jpeg; https://media.rightmove.co.uk:443/dir/crop/10:9-16:9/237k/236930/167599604/236930_3023327LH_IMG_03_0000_max_476x317.jpeg; https://media.rightmove.co.uk:443/dir/crop/10:9-16:9/237k/236930/167599604/236930_3023327LH_IMG_04_0000_max_476x317.jpeg; https://media.rightmove.co.uk:443/dir/crop/10:9-16:9/237k/236930/167599604/236930_3023327LH_IMG_05_0000_max_476x317.jpeg; https://media.rightmove.co.uk:443/dir/crop/10:9-16:9/237k/236930/167599604/236930_3023327LH_IMG_06_0000_max_476x317.jpeg"
"87212406","Suffolk","Warehouse","Cretingham, Woodbridge, Suffolk, IP13 7BL","£563 pcm","","","","A B8 (Storage or Distribution) warehouse of 1920sq.ft. located in a rural yet not-isolated location within the village of Cretingham.  ","https://www.rightmove.co.uk/properties/87212406#/?channel=COM_LET","2025-07-10T15:18:36Z","","price_reduced","Marketed by Clarke and Simpson Commercial, Framlingham","","52.191357","1.259138","https://media.rightmove.co.uk:443/dir/crop/10:9-16:9/222k/221414/87212406/221414_L114900_IMG_00_0000_max_476x317.jpeg; https://media.rightmove.co.uk:443/dir/crop/10:9-16:9/222k/221414/87212406/221414_L114900_IMG_01_0000_max_476x317.jpeg; https://media.rightmove.co.uk:443/dir/crop/10:9-16:9/222k/221414/87212406/221414_L114900_IMG_02_0000_max_476x317.jpeg; https://media.rightmove.co.uk:443/dir/crop/10:9-16:9/222k/221414/87212406/221414_L114900_IMG_03_0000_max_476x317.jpeg; https://media.rightmove.co.uk:443/dir/crop/10:9-16:9/222k/221414/87212406/221414_L114900_IMG_04_0000_max_476x317.jpeg; https://media.rightmove.co.uk:443/dir/crop/10:9-16:9/222k/221414/87212406/221414_L114900_IMG_05_0000_max_476x317.jpeg; https://media.rightmove.co.uk:443/dir/crop/10:9-16:9/222k/221414/87212406/221414_L114900_IMG_06_0000_max_476x317.jpeg; https://media.rightmove.co.uk:443/dir/crop/10:9-16:9/222k/221414/87212406/221414_L114900_IMG_07_0000_max_476x317.jpeg"
"167568242","Suffolk","Land","Sumner Road, Open Storage Land Multipark Stanton, Bury St. Edmunds, Suffolk, IP31","£0 pcm","From","","","Open storage land forming part of Multipark Stanton logistics hub, available to let on flexible and cost effective lease terms. Consideration may also be given to a freehold sale. The site is available for immediate occupation and benefits from a secure entrance and a concreted surface. For more ...","https://www.rightmove.co.uk/properties/167568242#/?channel=COM_LET","2025-09-29T15:41:39Z","","new","Marketed by Cheffins Commercial, Cambridge","","52.321445","0.924114","https://media.rightmove.co.uk:443/dir/crop/10:9-16:9/72k/71682/167568242/71682_204586LH_IMG_00_0000_max_476x317.jpeg; https://media.rightmove.co.uk:443/dir/crop/10:9-16:9/72k/71682/167568242/71682_204586LH_IMG_01_0000_max_476x317.jpeg"
"167564846","Suffolk","Light Industrial","Sumner Road, Multipark Stanton , Bury St. Edmunds, Suffolk, IP31","POA","","","","Multipark Stanton is a logistics hub comprising a mixture of industrial warehousing and open storage land. Units are available immediately on a new direct lease, with flexible terms considered. Warehousing is available at affordable rent levels. Consideration may also be given to a freehold sale ...","https://www.rightmove.co.uk/properties/167564846#/?channel=COM_LET","2025-09-29T14:55:35Z","","new","Marketed by Cheffins Commercial, Cambridge","","52.321445","0.924114","https://media.rightmove.co.uk:443/dir/crop/10:9-16:9/72k/71682/167564846/71682_204585LH_IMG_00_0000_max_476x317.jpeg; https://media.rightmove.co.uk:443/dir/crop/10:9-16:9/72k/71682/167564846/71682_204585LH_IMG_01_0000_max_476x317.jpeg; https://media.rightmove.co.uk:443/dir/crop/10:9-16:9/72k/71682/167564846/71682_204585LH_IMG_02_0000_max_476x317.jpeg; https://media.rightmove.co.uk:443/dir/crop/10:9-16:9/72k/71682/167564846/71682_204585LH_IMG_03_0000_max_476x317.jpeg; https://media.rightmove.co.uk:443/dir/crop/10:9-16:9/72k/71682/167564846/71682_204585LH_IMG_04_0000_max_476x317.jpeg; https://media.rightmove.co.uk:443/dir/crop/10:9-16:9/72k/71682/167564846/71682_204585LH_IMG_05_0000_max_476x317.jpeg; https://media.rightmove.co.uk:443/dir/crop/10:9-16:9/72k/71682/167564846/71682_204585LH_IMG_06_0000_max_476x317.jpeg; https://media.rightmove.co.uk:443/dir/crop/10:9-16:9/72k/71682/167564846/71682_204585LH_IMG_07_0000_max_476x317.jpeg; https://media.rightmove.co.uk:443/dir/crop/10:9-16:9/72k/71682/167564846/71682_204585LH_IMG_08_0000_max_476x317.jpeg; https://media.rightmove.co.uk:443/dir/crop/10:9-16:9/72k/71682/167564846/71682_204585LH_IMG_09_0000_max_476x317.jpeg; https://media.rightmove.co.uk:443/dir/crop/10:9-16:9/72k/71682/167564846/71682_204585LH_IMG_10_0000_max_476x317.jpeg; https://media.rightmove.co.uk:443/dir/crop/10:9-16:9/72k/71682/167564846/71682_204585LH_IMG_11_0000_max_476x317.jpeg"
"149675402","Suffolk","Warehouse","July Court, Newmarket, Suffolk, CB8","£236 pcm","From","","","* 12 WEEKS 50% Cinch Self Storage Newmarket offers a huge range of local storage options from 15 to 10,000+ sq ft. Alongside storage units, our Newmarket store has enterprise units, bulk storage, business warehouses, pallet storage and offices. ","https://www.rightmove.co.uk/properties/149675402#/?channel=COM_LET","2024-06-28T15:37:07Z","","size_change","Marketed by Cinch Self Storage, Cinch Self Storage","","52.25807","0.39382","https://media.rightmove.co.uk:443/dir/crop/10:9-16:9/277k/276035/149675402/276035_Office2_IMG_04_0000_max_476x317.png; https://media.rightmove.co.uk:443/dir/crop/10:9-16:9/277k/276035/149675402/276035_Office2_IMG_00_0000_max_476x317.png; https://media.rightmove.co.uk:443/dir/crop/10:9-16:9/277k/276035/149675402/276035_Office2_IMG_06_0000_max_476x317.png; https://media.rightmove.co.uk:443/dir/crop/10:9-16:9/277k/276035/149675402/276035_Office2_IMG_01_0000_max_476x317.png; https://media.rightmove.co.uk:443/dir/crop/10:9-16:9/277k/276035/149675402/276035_Office2_IMG_02_0000_max_476x317.png; https://media.rightmove.co.uk:443/dir/crop/10:9-16:9/277k/276035/149675402/276035_Warehouse_IMG_09_0000_max_476x317.jpeg; https://media.rightmove.co.uk:443/dir/crop/10:9-16:9/277k/276035/149675402/276035_Warehouse_IMG_10_0000_max_476x317.jpeg; https://media.rightmove.co.uk:443/dir/crop/10:9-16:9/277k/276035/149675402/276035_Warehouse_IMG_11_0000_max_476x317.jpeg; https://media.rightmove.co.uk:443/dir/crop/10:9-16:9/277k/276035/149675402/276035_Warehouse_IMG_12_0000_max_476x317.jpeg; https://media.rightmove.co.uk:443/dir/crop/10:9-16:9/277k/276035/149675402/276035_Warehouse_IMG_13_0000_max_476x317.jpeg; https://media.rightmove.co.uk:443/dir/crop/10:9-16:9/277k/276035/149675402/276035_Warehouse_IMG_14_0000_max_476x317.jpeg; https://media.rightmove.co.uk:443/dir/crop/10:9-16:9/277k/276035/149675402/276035_Office2_IMG_07_0000_max_476x317.png; https://media.rightmove.co.uk:443/dir/crop/10:9-16:9/277k/276035/149675402/276035_Office2_IMG_08_0000_max_476x317.png"
"167559494","Suffolk","Storage","Multipark, Stanton, Bury St Edmunds, IP31 2BG","£2,480 pcm","From","","","INDUSTRIAL WAREHOUSE UNITS & OPEN STORAGE TO LET • 9,918 - 392,232 SQ.FT (921 - 36,440 SQ.M)","https://www.rightmove.co.uk/properties/167559494#/?channel=COM_LET","2025-09-29T13:44:01Z","","size_change","Marketed by Savills, Ipswich","","52.321427","0.924083","https://media.rightmove.co.uk:443/dir/crop/10:9-16:9/215k/214097/167559494/214097_332797-2_IMG_06_0000_max_476x317.jpeg; https://media.rightmove.co.uk:443/dir/crop/10:9-16:9/215k/214097/167559494/214097_332797-2_IMG_05_0000_max_476x317.jpeg; https://media.rightmove.co.uk:443/dir/crop/10:9-16:9/215k/214097/167559494/214097_332797-2_IMG_01_0000_max_476x317.jpeg; https://media.rightmove.co.uk:443/dir/crop/10:9-16:9/215k/214097/167559494/214097_332797-2_IMG_02_0000_max_476x317.jpeg; https://media.rightmove.co.uk:443/dir/crop/10:9-16:9/215k/214097/167559494/214097_332797-2_IMG_03_0000_max_476x317.jpeg; https://media.rightmove.co.uk:443/dir/crop/10:9-16:9/215k/214097/167559494/214097_332797-2_IMG_07_0000_max_476x317.jpeg; https://media.rightmove.co.uk:443/dir/crop/10:9-16:9/215k/214097/167559494/214097_332797-2_IMG_09_0000_max_476x317.jpeg; https://media.rightmove.co.uk:443/dir/crop/10:9-16:9/215k/214097/167559494/214097_332797-2_IMG_08_0000_max_476x317.jpeg"
"167556983","Suffolk","Office","1 Crown Street, Ipswich, Suffolk, IP1 3LG","POA","","","","Office Suites to Let from 1,000 sq ft to 5,725 sq ftOpen plan office suites with LED lighting, carpeted flooring, VRV air cooling/heating system, suspended ceiling and onsite car parking","https://www.rightmove.co.uk/properties/167556983#/?channel=COM_LET","2025-09-29T13:26:48Z","","new","Marketed by Reader Commercial, Ipswich","","52.05951","1.15037","https://media.rightmove.co.uk:443/dir/crop/10:9-16:9/91k/90673/167556983/90673_HydeParkHouse1_IMG_00_0000_max_476x317.jpeg; https://media.rightmove.co.uk:443/dir/crop/10:9-16:9/91k/90673/167556983/90673_HydeParkHouse1_IMG_01_0000_max_476x317.jpeg; https://media.rightmove.co.uk:443/dir/crop/10:9-16:9/91k/90673/167556983/90673_HydeParkHouse1_IMG_02_0000_max_476x317.jpeg; https://media.rightmove.co.uk:443/dir/crop/10:9-16:9/91k/90673/167556983/90673_HydeParkHouse1_IMG_03_0000_max_476x317.jpeg; https://media.rightmove.co.uk:443/dir/crop/10:9-16:9/91k/90673/167556983/90673_HydeParkHouse1_IMG_04_0000_max_476x317.jpeg"
"167554958","Suffolk","Land","Portman's Walk, Ipswich, Suffolk, IP1","£2,500 pcm","","","","Storage land available to let extending to approx. 0.5 acres. The storage land is located on Portman’s Walk Industrial Centre, Ipswich with good access to the A14 trunk road.","https://www.rightmove.co.uk/properties/167554958#/?channel=COM_LET","2025-09-29T12:30:54Z","","new","Marketed by Lacy Scott & Knight Commercial, Stowmarket","","52.055212","1.13893","https://media.rightmove.co.uk:443/dir/crop/10:9-16:9/230k/229859/167554958/229859_STS250136_L_IMG_00_0000_max_476x317.jpeg; https://media.rightmove.co.uk:443/dir/crop/10:9-16:9/230k/229859/167554958/229859_STS250136_L_IMG_01_0000_max_476x317.jpeg; https://media.rightmove.co.uk:443/dir/crop/10:9-16:9/230k/229859/167554958/229859_STS250136_L_IMG_02_0000_max_476x317.jpeg; https://media.rightmove.co.uk:443/dir/crop/10:9-16:9/230k/229859/167554958/229859_STS250136_L_IMG_03_0000_max_476x317.jpeg; https://media.rightmove.co.uk:443/dir/crop/10:9-16:9/230k/229859/167554958/229859_STS250136_L_IMG_04_0000_max_476x317.jpeg; https://media.rightmove.co.uk:443/dir/crop/10:9-16:9/230k/229859/167554958/229859_STS250136_L_IMG_05_0000_max_476x317.jpeg; https://media.rightmove.co.uk:443/dir/crop/10:9-16:9/230k/229859/167554958/229859_STS250136_L_IMG_06_0000_max_476x317.jpeg; https://media.rightmove.co.uk:443/dir/crop/10:9-16:9/230k/229859/167554958/229859_STS250136_L_IMG_07_0000_max_476x317.jpeg; https://media.rightmove.co.uk:443/dir/crop/10:9-16:9/230k/229859/167554958/229859_STS250136_L_IMG_08_0000_max_476x317.jpeg; https://media.rightmove.co.uk:443/dir/crop/10:9-16:9/230k/229859/167554958/229859_STS250136_L_IMG_09_0000_max_476x317.jpeg"
"167554352","Suffolk","Warehouse","Multipark, Stanton, Stanton, Bury St. Edmunds, IP31 2BG","POA","","","","Open storage To Let - 1-5 Acres with plots available from 0.5 acres - Stanton","https://www.rightmove.co.uk/properties/167554352#/?channel=COM_LET","2025-09-29T12:21:28Z","","new","Marketed by Savills, Ipswich","","52.321427","0.924083","https://media.rightmove.co.uk:443/dir/crop/10:9-16:9/215k/214097/167554352/214097_332785-2_IMG_00_0000_max_476x317.jpeg; https://media.rightmove.co.uk:443/dir/crop/10:9-16:9/215k/214097/167554352/214097_332785-2_IMG_01_0000_max_476x317.jpeg"
"167481212","Suffolk","Retail Property (high street)","London Road North, Lowestoft, Suffolk, NR32 1HB","£1,000 pcm","","","","Well proportioned retail shop / office with ancillary kitchenette and staff toilets. Good frontage to London Road North providing prominent display and good levels of natural daylight. Occupied over recent years as a residential estate agents, the property is well presented and would suit this o...","https://www.rightmove.co.uk/properties/167481212#/?channel=COM_LET","2025-09-26T14:12:51Z","","new","Marketed by East Surveyors Limited, East Commercial","","52.477749","1.754418","https://media.rightmove.co.uk:443/dir/crop/10:9-16:9/78k/77169/167481212/77169_192LH_IMG_05_0000_max_476x317.jpeg; https://media.rightmove.co.uk:443/dir/crop/10:9-16:9/78k/77169/167481212/77169_192LH_IMG_04_0000_max_476x317.jpeg; https://media.rightmove.co.uk:443/dir/crop/10:9-16:9/78k/77169/167481212/77169_192LH_IMG_06_0000_max_476x317.jpeg; https://media.rightmove.co.uk:443/dir/crop/10:9-16:9/78k/77169/167481212/77169_192LH_IMG_07_0000_max_476x317.jpeg; https://media.rightmove.co.uk:443/dir/crop/10:9-16:9/78k/77169/167481212/77169_192LH_IMG_03_0000_max_476x317.jpeg"
"164182196","Suffolk","Office","Newmarket Road, Risby, Bury St. Edmunds, Suffolk, IP28","£2,083 pcm","","","","Ground & first floor business unit, offering a NIA (Net Internal Area) of approximately 163.54 sqm (1,760 sqft). Conveniently located just off A14 to the west of Bury St Edmunds.","https://www.rightmove.co.uk/properties/164182196#/?channel=COM_LET","2025-07-04T15:55:48Z","","size_change","Marketed by Lacy Scott & Knight Commercial, Bury St Edmunds","","52.264717","0.627863","https://media.rightmove.co.uk:443/dir/crop/10:9-16:9/230k/229856/164182196/229856_BCL250006_L_IMG_00_0000_max_476x317.jpeg; https://media.rightmove.co.uk:443/dir/crop/10:9-16:9/230k/229856/164182196/229856_BCL250006_L_IMG_07_0000_max_476x317.jpeg; https://media.rightmove.co.uk:443/dir/crop/10:9-16:9/230k/229856/164182196/229856_BCL250006_L_IMG_08_0000_max_476x317.jpeg; https://media.rightmove.co.uk:443/dir/crop/10:9-16:9/230k/229856/164182196/229856_BCL250006_L_IMG_09_0000_max_476x317.jpeg; https://media.rightmove.co.uk:443/dir/crop/10:9-16:9/230k/229856/164182196/229856_BCL250006_L_IMG_10_0000_max_476x317.jpeg; https://media.rightmove.co.uk:443/dir/crop/10:9-16:9/230k/229856/164182196/229856_BCL250006_L_IMG_11_0000_max_476x317.jpeg; https://media.rightmove.co.uk:443/dir/crop/10:9-16:9/230k/229856/164182196/229856_BCL250006_L_IMG_12_0000_max_476x317.jpeg; https://media.rightmove.co.uk:443/dir/crop/10:9-16:9/230k/229856/164182196/229856_BCL250006_L_IMG_13_0000_max_476x317.jpeg; https://media.rightmove.co.uk:443/dir/crop/10:9-16:9/230k/229856/164182196/229856_BCL250006_L_IMG_14_0000_max_476x317.jpeg; https://media.rightmove.co.uk:443/dir/crop/10:9-16:9/230k/229856/164182196/229856_BCL250006_L_IMG_15_0000_max_476x317.jpeg; https://media.rightmove.co.uk:443/dir/crop/10:9-16:9/230k/229856/164182196/229856_BCL250006_L_IMG_16_0000_max_476x317.jpeg; https://media.rightmove.co.uk:443/dir/crop/10:9-16:9/230k/229856/164182196/229856_BCL250006_L_IMG_17_0000_max_476x317.jpeg; https://media.rightmove.co.uk:443/dir/crop/10:9-16:9/230k/229856/164182196/229856_BCL250006_L_IMG_05_0000_max_476x317.jpeg; https://media.rightmove.co.uk:443/dir/crop/10:9-16:9/230k/229856/164182196/229856_BCL250006_L_IMG_06_0000_max_476x317.jpeg"
"167971436","Suffolk","Light Industrial","Unit C15, Moonhall Business Park, Haverhill","£2,083 pcm","","","","Moonhall Business Park is located in Haverhill a fast expanding market town with a strong industrial and business sector, located approximately 17 miles south east of Cambridge. Close to the Suffolk, Essex, Cambridgeshire borders, the town enjoys good road links vi...","https://www.rightmove.co.uk/properties/167971436#/?channel=COM_LET","2025-10-08T10:39:56Z","","new","Marketed by LCP, Commercial","","52.07113","0.43547","https://media.rightmove.co.uk:443/dir/crop/10:9-16:9/230k/229553/167971436/229553_68d3b6e624936bb93eb30be9_2_229_IMG_07_0000_max_476x317.jpeg; https://media.rightmove.co.uk:443/dir/crop/10:9-16:9/230k/229553/167971436/229553_68d3b6e624936bb93eb30be9_2_229_IMG_06_0000_max_476x317.jpeg; https://media.rightmove.co.uk:443/dir/crop/10:9-16:9/230k/229553/167971436/229553_68d3b6e624936bb93eb30be9_2_229_IMG_05_0000_max_476x317.jpeg; https://media.rightmove.co.uk:443/dir/crop/10:9-16:9/230k/229553/167971436/229553_68d3b6e624936bb93eb30be9_2_229_IMG_04_0000_max_476x317.jpeg; https://media.rightmove.co.uk:443/dir/crop/10:9-16:9/230k/229553/167971436/229553_68d3b6e624936bb93eb30be9_2_229_IMG_03_0000_max_476x317.jpeg; https://media.rightmove.co.uk:443/dir/crop/10:9-16:9/230k/229553/167971436/229553_68d3b6e624936bb93eb30be9_2_229_IMG_00_0000_max_476x317.jpeg; https://media.rightmove.co.uk:443/dir/crop/10:9-16:9/230k/229553/167971436/229553_68d3b6e624936bb93eb30be9_2_229_IMG_02_0000_max_476x317.jpeg; https://media.rightmove.co.uk:443/dir/crop/10:9-16:9/230k/229553/167971436/229553_68d3b6e624936bb93eb30be9_2_229_IMG_01_0000_max_476x317.jpeg"
"167274812","Suffolk","Office","Morecroft House, Willie Snaith Road, Newmarket, CB8 7SQ","POA","","","","Final remaining ground floor suite in impressive new office building on secure site. The property is well located only 0.6 miles from the A14 offering quick and easy access to Cambridge, London (via M11) and the East Coast Ports. Constructed to high environmental standards, the property features ...","https://www.rightmove.co.uk/properties/167274812#/?channel=COM_LET","2025-09-22T16:19:06Z","","new","Marketed by Eddisons Commercial Limited, Cambridge","","52.25906","0.390221","https://media.rightmove.co.uk:443/dir/crop/10:9-16:9/216k/215075/167274812/215075_3019614LH_IMG_00_0000_max_476x317.jpeg; https://media.rightmove.co.uk:443/dir/crop/10:9-16:9/216k/215075/167274812/215075_3019614LH_IMG_01_0000_max_476x317.jpeg; https://media.rightmove.co.uk:443/dir/crop/10:9-16:9/216k/215075/167274812/215075_3019614LH_IMG_02_0000_max_476x317.jpeg; https://media.rightmove.co.uk:443/dir/crop/10:9-16:9/216k/215075/167274812/215075_3019614LH_IMG_03_0000_max_476x317.jpeg; https://media.rightmove.co.uk:443/dir/crop/10:9-16:9/216k/215075/167274812/215075_3019614LH_IMG_04_0000_max_476x317.jpeg; https://media.rightmove.co.uk:443/dir/crop/10:9-16:9/216k/215075/167274812/215075_3019614LH_IMG_05_0000_max_476x317.jpeg; https://media.rightmove.co.uk:443/dir/crop/10:9-16:9/216k/215075/167274812/215075_3019614LH_IMG_06_0000_max_476x317.jpeg; https://media.rightmove.co.uk:443/dir/crop/10:9-16:9/216k/215075/167274812/215075_3019614LH_IMG_07_0000_max_476x317.jpeg; https://media.rightmove.co.uk:443/dir/crop/10:9-16:9/216k/215075/167274812/215075_3019614LH_IMG_08_0000_max_476x317.jpeg; https://media.rightmove.co.uk:443/dir/crop/10:9-16:9/216k/215075/167274812/215075_3019614LH_IMG_09_0000_max_476x317.jpeg; https://media.rightmove.co.uk:443/dir/crop/10:9-16:9/216k/215075/167274812/215075_3019614LH_IMG_10_0000_max_476x317.jpeg; https://media.rightmove.co.uk:443/dir/crop/10:9-16:9/216k/215075/167274812/215075_3019614LH_IMG_11_0000_max_476x317.jpeg; https://media.rightmove.co.uk:443/dir/crop/10:9-16:9/216k/215075/167274812/215075_3019614LH_IMG_12_0000_max_476x317.jpeg; https://media.rightmove.co.uk:443/dir/crop/10:9-16:9/216k/215075/167274812/215075_3019614LH_IMG_13_0000_max_476x317.jpeg; https://media.rightmove.co.uk:443/dir/crop/10:9-16:9/216k/215075/167274812/215075_3019614LH_IMG_14_0000_max_476x317.jpeg"
"164690786","Suffolk","Commercial Property","Slough Farm, Sudbury, Suffolk","£625 pcm","","","","Bychoice Estate Agents are pleased to offer this versatile light industrial unit measuring approximately 78.6 square metres (845 sq. ft). The unit benefits from electric roller shutter access, providing secure and convenient entry, level floors and electric points, as well as two allocated parkin...","https://www.rightmove.co.uk/properties/164690786#/?channel=COM_LET","2025-07-18T14:17:03Z","","price_reduced","Marketed by Bychoice, Sudbury","","52.087659","0.780183","https://media.rightmove.co.uk:443/dir/crop/10:9-16:9/101k/100174/164690786/100174_DPG-95733152_IMG_00_0001_max_476x317.jpeg; https://media.rightmove.co.uk:443/dir/crop/10:9-16:9/101k/100174/164690786/100174_DPG-95733152_IMG_01_0001_max_476x317.jpeg"
"167271467","Suffolk","Storage","Hill Road, NR34","£875 pcm","","","","Modern storage unit just off A12, available for immediate occupation. ","https://www.rightmove.co.uk/properties/167271467#/?channel=COM_LET","2025-09-22T15:52:45Z","","new","Marketed by Fennel Chartered Surveyors, Halesworth","","52.34993","1.62191","https://media.rightmove.co.uk:443/dir/crop/10:9-16:9/property-photo/b12ee08c6/167271467/b12ee08c6766240fbdc398f3ebfc4574_max_476x317.jpeg; https://media.rightmove.co.uk:443/dir/crop/10:9-16:9/property-photo/4c27accb7/167271467/4c27accb7c626d6f128f1e30da1f3dbc_max_476x317.jpeg; https://media.rightmove.co.uk:443/dir/crop/10:9-16:9/property-photo/947b64361/167271467/947b64361daa50d3d9b03304e1dcccf6_max_476x317.jpeg; https://media.rightmove.co.uk:443/dir/crop/10:9-16:9/property-photo/a469eea7c/167271467/a469eea7c88150195dc35b99b90f7414_max_476x317.jpeg; https://media.rightmove.co.uk:443/dir/crop/10:9-16:9/property-photo/007f86573/167271467/007f865739c3a119d2751932b5cc729d_max_476x317.jpeg; https://media.rightmove.co.uk:443/dir/crop/10:9-16:9/property-photo/269192bd7/167271467/269192bd7bfcdda624b8c77eead5a126_max_476x317.jpeg"
"167309858","Suffolk","Commercial Property","Hall road, Gt Yarmouth","£350 pcm","","",""," Workspace with Compound – Hopton Timber Estate A self-contained workspace is available to let at the popular Hopton Timber Estate, a secure and thriving light industrial estate on the outskirts of Hopton-on-Sea. Conveniently located between Gorleston and Lowestoft, the site offers stra...","https://www.rightmove.co.uk/properties/167309858#/?channel=COM_LET","2025-09-23T13:20:48Z","","new","Marketed by Steel & Co Commercial Property Services, Lowestoft","","52.46469","1.722753","https://media.rightmove.co.uk:443/dir/crop/10:9-16:9/66k/65427/167309858/65427_11555094_IMG_00_0000_max_476x317.jpeg; https://media.rightmove.co.uk:443/dir/crop/10:9-16:9/66k/65427/167309858/65427_11555094_IMG_01_0000_max_476x317.jpeg; https://media.rightmove.co.uk:443/dir/crop/10:9-16:9/66k/65427/167309858/65427_11555094_IMG_02_0000_max_476x317.jpeg; https://media.rightmove.co.uk:443/dir/crop/10:9-16:9/66k/65427/167309858/65427_11555094_IMG_03_0000_max_476x317.jpeg"
"126654575","Suffolk","Warehouse","Unit W3, Arras Road, Bury St. Edmunds, Suffolk, IP33 3TX","£3,125 pcm","","","","The property is a refurbished steel portal frame warehouse unit and with external brick/blockwork walls and profiled metallic cladding under a pitched roof. The warehouse benefits from multiple surface level loading doors and a clear span. The property has undergone recent refurbishment, incl...","https://www.rightmove.co.uk/properties/126654575#/?channel=COM_LET","2022-09-02T16:48:30Z","","size_change","Marketed by Eddisons Commercial Limited, Bury St. Edmunds","","52.24802","0.69067","https://media.rightmove.co.uk:443/dir/crop/10:9-16:9/237k/236930/126654575/236930_3005938LH_IMG_09_0000_max_476x317.jpeg; https://media.rightmove.co.uk:443/dir/crop/10:9-16:9/237k/236930/126654575/236930_3005938LH_IMG_06_0002_max_476x317.jpeg; https://media.rightmove.co.uk:443/dir/crop/10:9-16:9/237k/236930/126654575/236930_3005938LH_IMG_07_0002_max_476x317.jpeg; https://media.rightmove.co.uk:443/dir/crop/10:9-16:9/237k/236930/126654575/236930_3005938LH_IMG_08_0001_max_476x317.jpeg; https://media.rightmove.co.uk:443/dir/crop/10:9-16:9/237k/236930/126654575/236930_3005938LH_IMG_10_0000_max_476x317.jpeg"
"128999048","Suffolk","Land","Parking Compound, Old London Road, IP8","£282 pcm","","","","1.3 acre yard offering HGV spaces to rent , 1 - 10 spaces available, Each space can be rented from £65 per week.","https://www.rightmove.co.uk/properties/128999048#/?channel=COM_LET","2022-11-11T15:29:27Z","","new","Marketed by Merriveen Limited, Suffolk","","52.01929","1.07299","https://media.rightmove.co.uk:443/dir/crop/10:9-16:9/255k/254162/128999048/254162_parkingcompound2oldlondonroad_IMG_05_0000_max_476x317.jpeg; https://media.rightmove.co.uk:443/dir/crop/10:9-16:9/255k/254162/128999048/254162_parkingcompound2oldlondonroad_IMG_06_0000_max_476x317.jpeg; https://media.rightmove.co.uk:443/dir/crop/10:9-16:9/255k/254162/128999048/254162_parkingcompound2oldlondonroad_IMG_07_0000_max_476x317.jpeg; https://media.rightmove.co.uk:443/dir/crop/10:9-16:9/255k/254162/128999048/254162_parkingcompound2oldlondonroad_IMG_08_0000_max_476x317.jpeg; https://media.rightmove.co.uk:443/dir/crop/10:9-16:9/255k/254162/128999048/254162_parkingcompound2oldlondonroad_IMG_00_0000_max_476x317.jpeg; https://media.rightmove.co.uk:443/dir/crop/10:9-16:9/255k/254162/128999048/254162_parkingcompound2oldlondonroad_IMG_01_0000_max_476x317.jpeg; https://media.rightmove.co.uk:443/dir/crop/10:9-16:9/255k/254162/128999048/254162_parkingcompound2oldlondonroad_IMG_02_0000_max_476x317.jpeg; https://media.rightmove.co.uk:443/dir/crop/10:9-16:9/255k/254162/128999048/254162_parkingcompound2oldlondonroad_IMG_03_0000_max_476x317.jpeg; https://media.rightmove.co.uk:443/dir/crop/10:9-16:9/255k/254162/128999048/254162_parkingcompound2oldlondonroad_IMG_04_0000_max_476x317.jpeg"
"162845324","Suffolk","Office","Woodhouse Farm Barns, Dedham Road, Stratford St Mary, Essex, CO7","£347 pcm","","","","CO-WORKING - NEED A DESK - FED UP OF WORKING FROM HOME. INTERESTED IN NETWORKING? This could be the solution for you - £80.00+vat per week (discounts for long term available) We offer a flexible solution to your workspace needs on a monthly licence, set in a lovely rura...","https://www.rightmove.co.uk/properties/162845324#/?channel=COM_LET","2025-06-04T14:38:19Z","","price_reduced","Marketed by Joscelyne Chase Commercial, Essex","","51.971204","0.98956","https://media.rightmove.co.uk:443/dir/crop/10:9-16:9/75k/74055/162845324/74055_DVA250017_L_IMG_02_0001_max_476x317.jpeg; https://media.rightmove.co.uk:443/dir/crop/10:9-16:9/75k/74055/162845324/74055_DVA250017_L_IMG_00_0000_max_476x317.jpeg; https://media.rightmove.co.uk:443/dir/crop/10:9-16:9/75k/74055/162845324/74055_DVA250017_L_IMG_03_0001_max_476x317.jpeg; https://media.rightmove.co.uk:443/dir/crop/10:9-16:9/75k/74055/162845324/74055_DVA250017_L_IMG_01_0000_max_476x317.jpeg; https://media.rightmove.co.uk:443/dir/crop/10:9-16:9/75k/74055/162845324/74055_DVA250017_L_IMG_04_0001_max_476x317.jpeg"
"164338157","Suffolk","Office","Woodhouse Farm Barns, Dedham Road, Stratford St Mary, Essex, CO7","£1,200 pcm","","","","Need a premium office - dont want all of the commitments? WE HAVE THE ANSWER a shared, fully serviced office for £1200+vat pm all services included up to 5 Desks included along with wired and wifi internet connection. Set just off the A12 in a lovely rural location on the outski...","https://www.rightmove.co.uk/properties/164338157#/?channel=COM_LET","2025-07-09T09:25:30Z","","price_reduced","Marketed by Joscelyne Chase Commercial, Essex","","51.971204","0.98956","https://media.rightmove.co.uk:443/dir/crop/10:9-16:9/75k/74055/164338157/74055_DVA250021_L_IMG_01_0000_max_476x317.jpeg; https://media.rightmove.co.uk:443/dir/crop/10:9-16:9/75k/74055/164338157/74055_DVA250021_L_IMG_04_0000_max_476x317.jpeg; https://media.rightmove.co.uk:443/dir/crop/10:9-16:9/75k/74055/164338157/74055_DVA250021_L_IMG_00_0000_max_476x317.jpeg; https://media.rightmove.co.uk:443/dir/crop/10:9-16:9/75k/74055/164338157/74055_DVA250021_L_IMG_05_0000_max_476x317.jpeg; https://media.rightmove.co.uk:443/dir/crop/10:9-16:9/75k/74055/164338157/74055_DVA250021_L_IMG_03_0000_max_476x317.jpeg"
"167210633","Suffolk","Office","Hadleigh Business Centre, Crockatt Road, Hadleigh IP7 6RH","£350 pcm","","","","UNDER NEW OWNERSHIP. Serviced Offices To Let from 200 sq. ft. - 430 sq. ft. Excellent onsite Car Parking. Available Immediately. ","https://www.rightmove.co.uk/properties/167210633#/?channel=COM_LET","2025-09-19T17:11:17Z","","size_change","Marketed by Nicholas Percival Commercial, Colchester","","52.0529","0.96515","https://media.rightmove.co.uk:443/dir/crop/10:9-16:9/56k/55401/167210633/55401_101551002680_IMG_00_0000_max_476x317.jpeg; https://media.rightmove.co.uk:443/dir/crop/10:9-16:9/56k/55401/167210633/55401_101551002680_IMG_06_0001_max_476x317.jpeg; https://media.rightmove.co.uk:443/dir/crop/10:9-16:9/56k/55401/167210633/55401_101551002680_IMG_07_0000_max_476x317.jpeg; https://media.rightmove.co.uk:443/dir/crop/10:9-16:9/56k/55401/167210633/55401_101551002680_IMG_08_0000_max_476x317.jpeg; https://media.rightmove.co.uk:443/dir/crop/10:9-16:9/56k/55401/167210633/55401_101551002680_IMG_09_0000_max_476x317.jpeg"
"167209136","Suffolk","Commercial Property","Office 2, Holywells Road, IP3","£290 pcm","","","","Nicholas Estates Commercial department are pleased to bring to the rental market this first floor office on Holywells Rd, Ipswich. Offering communal kitchen and bathroom facilities, use of communal board/ meeting room and fantastic access to town centre, Ipswich waterfront and A12/14. Pl...","https://www.rightmove.co.uk/properties/167209136#/?channel=COM_LET","2025-09-19T16:55:52Z","","new","Marketed by Nicholas Estates, Ipswich","","52.044527","1.16612","https://media.rightmove.co.uk:443/dir/crop/10:9-16:9/16k/15529/167209136/15529_10707019_IMG_00_0000_max_476x317.png; https://media.rightmove.co.uk:443/dir/crop/10:9-16:9/16k/15529/167209136/15529_10707019_IMG_01_0000_max_476x317.jpeg; https://media.rightmove.co.uk:443/dir/crop/10:9-16:9/16k/15529/167209136/15529_10707019_IMG_02_0000_max_476x317.jpeg; https://media.rightmove.co.uk:443/dir/crop/10:9-16:9/16k/15529/167209136/15529_10707019_IMG_03_0000_max_476x317.jpeg; https://media.rightmove.co.uk:443/dir/crop/10:9-16:9/16k/15529/167209136/15529_10707019_IMG_04_0000_max_476x317.jpeg; https://media.rightmove.co.uk:443/dir/crop/10:9-16:9/16k/15529/167209136/15529_10707019_IMG_05_0000_max_476x317.jpeg"
"145307201","Suffolk","Commercial Property"," Holywells Road, Ipswich, Suffolk, IP3","£475 pcm","","","","Nicholas Estates Commercial department are please to bring to the rental market a first floor offices on Holywells Rd, Ipswich. Offering communal kitchen and bathroom facilities, use of communal board/ meeting room, allocated parking and fantastic access to town centre, Ipswich waterfront and A12...","https://www.rightmove.co.uk/properties/145307201#/?channel=COM_LET","2024-03-01T12:01:13Z","","price_reduced","Marketed by Nicholas Estates, Ipswich","","52.047662","1.167404","https://media.rightmove.co.uk:443/dir/crop/10:9-16:9/16k/15529/145307201/15529_9687296_IMG_00_0000_max_476x317.jpeg; https://media.rightmove.co.uk:443/dir/crop/10:9-16:9/16k/15529/145307201/15529_9687296_IMG_01_0000_max_476x317.jpeg; https://media.rightmove.co.uk:443/dir/crop/10:9-16:9/16k/15529/145307201/15529_9687296_IMG_02_0000_max_476x317.jpeg; https://media.rightmove.co.uk:443/dir/crop/10:9-16:9/16k/15529/145307201/15529_9687296_IMG_03_0000_max_476x317.jpeg; https://media.rightmove.co.uk:443/dir/crop/10:9-16:9/16k/15529/145307201/15529_9687296_IMG_04_0000_max_476x317.jpeg; https://media.rightmove.co.uk:443/dir/crop/10:9-16:9/16k/15529/145307201/15529_9687296_IMG_05_0000_max_476x317.jpeg; https://media.rightmove.co.uk:443/dir/crop/10:9-16:9/16k/15529/145307201/15529_9687296_IMG_06_0000_max_476x317.jpeg"
"721605221928016","Suffolk","Trade Counter","Unit 20A, Hampstead Avenue, Bury St. Edmunds, IP28 7AS","£1,917 pcm","","","","Prominent and newly refurbished trade counter unit immediately available","https://www.rightmove.co.uk/properties/721605221928016#/?channel=COM_LET","2025-11-26T12:11:07Z","","new","Marketed by Hazells, Bury St Edmunds","","52.355147","0.508217","https://media.rightmove.co.uk:443/dir/crop/10:9-16:9/287k/286808/721605221928016/286808_331709-2_IMG_00_0000_max_476x317.jpeg; https://media.rightmove.co.uk:443/dir/crop/10:9-16:9/287k/286808/721605221928016/286808_331709-2_IMG_01_0000_max_476x317.jpeg; https://media.rightmove.co.uk:443/dir/crop/10:9-16:9/287k/286808/721605221928016/286808_331709-2_IMG_02_0000_max_476x317.jpeg; https://media.rightmove.co.uk:443/dir/crop/10:9-16:9/287k/286808/721605221928016/286808_331709-2_IMG_03_0000_max_476x317.jpeg; https://media.rightmove.co.uk:443/dir/crop/10:9-16:9/287k/286808/721605221928016/286808_331709-2_IMG_04_0000_max_476x317.jpeg"
"167174432","Suffolk","Industrial Park","Farthing Road, Ipswich, Suffolk, IP1 5AP","£5,801 pcm","","","","A refurbished steel portal framed warehouse of brick and block construction, profile cladding beneath a pitched roof along with a flat roof over the office ancillary block to the front, ","https://www.rightmove.co.uk/properties/167174432#/?channel=COM_LET","2025-09-19T08:45:54Z","","new","Marketed by Reader Commercial, Ipswich","","52.06624","1.11203","https://media.rightmove.co.uk:443/dir/crop/10:9-16:9/91k/90673/167174432/90673_9FarthingRoad_IMG_00_0000_max_476x317.jpeg; https://media.rightmove.co.uk:443/dir/crop/10:9-16:9/91k/90673/167174432/90673_9FarthingRoad_IMG_01_0000_max_476x317.jpeg; https://media.rightmove.co.uk:443/dir/crop/10:9-16:9/91k/90673/167174432/90673_9FarthingRoad_IMG_02_0000_max_476x317.jpeg; https://media.rightmove.co.uk:443/dir/crop/10:9-16:9/91k/90673/167174432/90673_9FarthingRoad_IMG_03_0000_max_476x317.jpeg"
"167169110","Suffolk","Office","BROOKE LAWRANCE HOUSE, 80 CIVIC DRIVE, IPSWICH, Suffolk , IP1 2AN","£12,966 pcm","","","","A largely open plan suite within a Grade B building that is well presented. There are also a number of private meeting rooms/offices that would come with the suite. The property benefits from both front and rear receptions, a multi-storey car park to the rear with a generous car parking ratio a...","https://www.rightmove.co.uk/properties/167169110#/?channel=COM_LET","2025-09-18T22:32:18Z","","new","Marketed by Fenn Wright, Ipswich Commercial Sales and Lettings","","52.056176","1.148115","https://media.rightmove.co.uk:443/dir/crop/10:9-16:9/162k/161330/167169110/161330_14870827LH_IMG_00_0000_max_476x317.jpeg; https://media.rightmove.co.uk:443/dir/crop/10:9-16:9/162k/161330/167169110/161330_14870827LH_IMG_01_0000_max_476x317.jpeg; https://media.rightmove.co.uk:443/dir/crop/10:9-16:9/162k/161330/167169110/161330_14870827LH_IMG_02_0000_max_476x317.jpeg; https://media.rightmove.co.uk:443/dir/crop/10:9-16:9/162k/161330/167169110/161330_14870827LH_IMG_03_0000_max_476x317.jpeg; https://media.rightmove.co.uk:443/dir/crop/10:9-16:9/162k/161330/167169110/161330_14870827LH_IMG_04_0000_max_476x317.jpeg; https://media.rightmove.co.uk:443/dir/crop/10:9-16:9/162k/161330/167169110/161330_14870827LH_IMG_05_0000_max_476x317.jpeg"
"154349954","Suffolk","Office","Vicon House, Units 2, 3, 8 & 9, Western Way, Bury St. Edmunds, Suffolk, IP33 3SP","£14,583 pcm","","","","The property provides well-appointed office accommodation arranged over the ground and first floor of a multi let building, and a ground floor warehouse with ancillary offices. The offices have been recently re-decorated and benefit from a good specification including suspended ceilings, part a...","https://www.rightmove.co.uk/properties/154349954#/?channel=COM_LET","2024-10-29T16:30:24Z","","size_change","Marketed by Eddisons Commercial Limited, Bury St. Edmunds","","52.251823","0.690697","https://media.rightmove.co.uk:443/dir/crop/10:9-16:9/property-photo/6d19eafce/154349954/6d19eafce0d74323d066393b7278c111_max_476x317.jpeg; https://media.rightmove.co.uk:443/dir/crop/10:9-16:9/property-photo/a102ff7b1/154349954/a102ff7b1e3652445dc79ba6e870f202_max_476x317.jpeg; https://media.rightmove.co.uk:443/dir/crop/10:9-16:9/property-photo/d9f09f058/154349954/d9f09f058c769a00dc9fdd22626db3b8_max_476x317.jpeg; https://media.rightmove.co.uk:443/dir/crop/10:9-16:9/property-photo/3cf5ee4a1/154349954/3cf5ee4a136b1a0a3930ab3151147cb5_max_476x317.jpeg; https://media.rightmove.co.uk:443/dir/crop/10:9-16:9/property-photo/581c48edc/154349954/581c48edc180d9c39f18ea553c5d41b8_max_476x317.jpeg; https://media.rightmove.co.uk:443/dir/crop/10:9-16:9/property-photo/173228bd0/154349954/173228bd08f88dd191690b60166db81f_max_476x317.jpeg; https://media.rightmove.co.uk:443/dir/crop/10:9-16:9/property-photo/3dc7e5c22/154349954/3dc7e5c2247eb722d79f1a15cbabc2af_max_476x317.jpeg; https://media.rightmove.co.uk:443/dir/crop/10:9-16:9/property-photo/9f210deff/154349954/9f210deff4d6e1a6c25b8e901f5d3988_max_476x317.jpeg; https://media.rightmove.co.uk:443/dir/crop/10:9-16:9/property-photo/9935c272b/154349954/9935c272b4c00ebb8f1f0c75c134df97_max_476x317.jpeg; https://media.rightmove.co.uk:443/dir/crop/10:9-16:9/property-photo/83ec54a63/154349954/83ec54a63d8c89bc73a0d0b2a340b48d_max_476x317.jpeg; https://media.rightmove.co.uk:443/dir/crop/10:9-16:9/property-photo/f04933c78/154349954/f04933c78aabbc417a67c1a9eeee09b4_max_476x317.jpeg; https://media.rightmove.co.uk:443/dir/crop/10:9-16:9/property-photo/33b96bad8/154349954/33b96bad82b07e1e5742c22c34d11d0a_max_476x317.jpeg; https://media.rightmove.co.uk:443/dir/crop/10:9-16:9/property-photo/f330098ff/154349954/f330098ff267ed46069de9ee295e233b_max_476x317.jpeg"
"167113664","Suffolk","Retail Property (high street)","4 Northgate Street, Bury St. Edmunds, Suffolk, IP33 1HG","£3,000 pcm","","","","4 Northgate Street is located in a prominent position in the town centre of Bury St Edmunds close to the abbey gardens, angel hill and public car parks. The premises comprises a former chapel which has adapted to provide flexible business space across ground and first floors. The ground floor,...","https://www.rightmove.co.uk/properties/167113664#/?channel=COM_LET","2025-09-17T17:21:08Z","","new","Marketed by Merrifields, Suffolk","","52.24623","0.716869","https://media.rightmove.co.uk:443/dir/crop/10:9-16:9/122k/121468/167113664/121468_2144LH_IMG_00_0000_max_476x317.jpeg; https://media.rightmove.co.uk:443/dir/crop/10:9-16:9/122k/121468/167113664/121468_2144LH_IMG_01_0000_max_476x317.jpeg; https://media.rightmove.co.uk:443/dir/crop/10:9-16:9/122k/121468/167113664/121468_2144LH_IMG_02_0000_max_476x317.jpeg; https://media.rightmove.co.uk:443/dir/crop/10:9-16:9/122k/121468/167113664/121468_2144LH_IMG_03_0000_max_476x317.jpeg; https://media.rightmove.co.uk:443/dir/crop/10:9-16:9/122k/121468/167113664/121468_2144LH_IMG_04_0000_max_476x317.jpeg; https://media.rightmove.co.uk:443/dir/crop/10:9-16:9/122k/121468/167113664/121468_2144LH_IMG_05_0000_max_476x317.jpeg; https://media.rightmove.co.uk:443/dir/crop/10:9-16:9/122k/121468/167113664/121468_2144LH_IMG_06_0000_max_476x317.jpeg; https://media.rightmove.co.uk:443/dir/crop/10:9-16:9/122k/121468/167113664/121468_2144LH_IMG_07_0000_max_476x317.jpeg; https://media.rightmove.co.uk:443/dir/crop/10:9-16:9/122k/121468/167113664/121468_2144LH_IMG_08_0000_max_476x317.jpeg"
"167102498","Suffolk","Light Industrial","Helions Bumpstead Road, Unit C15 Moonhall Business Park, Haverhill, Suffolk, CB9","£2,083 pcm","","","","Unit C15 comprises a light industrial unit of 2,464 sq ft (228.91 sq m) located on the popular Moonhall Business Park. The unit benefits from generous forecourt parking and an internal minimum eaves height of 5.5m. Contact Alexander Smith for further information on or email alexander...","https://www.rightmove.co.uk/properties/167102498#/?channel=COM_LET","2025-09-17T15:06:59Z","","new","Marketed by Cheffins Commercial, Cambridge","","52.071144","0.435504","https://media.rightmove.co.uk:443/dir/crop/10:9-16:9/72k/71682/167102498/71682_204577LH_IMG_13_0000_max_476x317.jpeg; https://media.rightmove.co.uk:443/dir/crop/10:9-16:9/72k/71682/167102498/71682_204577LH_IMG_01_0000_max_476x317.jpeg; https://media.rightmove.co.uk:443/dir/crop/10:9-16:9/72k/71682/167102498/71682_204577LH_IMG_12_0000_max_476x317.jpeg; https://media.rightmove.co.uk:443/dir/crop/10:9-16:9/72k/71682/167102498/71682_204577LH_IMG_02_0000_max_476x317.jpeg; https://media.rightmove.co.uk:443/dir/crop/10:9-16:9/72k/71682/167102498/71682_204577LH_IMG_08_0000_max_476x317.jpeg; https://media.rightmove.co.uk:443/dir/crop/10:9-16:9/72k/71682/167102498/71682_204577LH_IMG_07_0000_max_476x317.jpeg; https://media.rightmove.co.uk:443/dir/crop/10:9-16:9/72k/71682/167102498/71682_204577LH_IMG_05_0000_max_476x317.jpeg; https://media.rightmove.co.uk:443/dir/crop/10:9-16:9/72k/71682/167102498/71682_204577LH_IMG_06_0000_max_476x317.jpeg"
"165455495","Suffolk","Land","London Road South, Lowestoft","£583 pcm","","","","Secure Hard Standing with Outbuildings for Lease – Convenient Lowestoft Location An excellent opportunity to lease a 61.9 sq. m secure hard-standing site, including outbuildings, an office block, and a storage block. Accessed via large gated entry from St. Johns Road, this site offers...","https://www.rightmove.co.uk/properties/165455495#/?channel=COM_LET","2025-08-07T10:47:53Z","","price_reduced","Marketed by Steel & Co Commercial Property Services, Lowestoft","","52.470776","1.747202","https://media.rightmove.co.uk:443/dir/crop/10:9-16:9/66k/65427/165455495/65427_12290543_IMG_00_0000_max_476x317.jpeg; https://media.rightmove.co.uk:443/dir/crop/10:9-16:9/66k/65427/165455495/65427_12290543_IMG_01_0000_max_476x317.jpeg; https://media.rightmove.co.uk:443/dir/crop/10:9-16:9/66k/65427/165455495/65427_12290543_IMG_02_0000_max_476x317.jpeg; https://media.rightmove.co.uk:443/dir/crop/10:9-16:9/66k/65427/165455495/65427_12290543_IMG_03_0000_max_476x317.jpeg; https://media.rightmove.co.uk:443/dir/crop/10:9-16:9/66k/65427/165455495/65427_12290543_IMG_04_0000_max_476x317.jpeg; https://media.rightmove.co.uk:443/dir/crop/10:9-16:9/66k/65427/165455495/65427_12290543_IMG_05_0000_max_476x317.jpeg"
"167085254","Suffolk","Office","1b/2 Manchester House, Northgate Street, Bury St Edmunds, Suffolk, IP33 1HP","£790 pcm","","","","Manchester House is an imposing multi-occupied period office building located on the edge of Bury St Edmunds town centre. Suites 1b/2 are located on the ground floor and benefits from its own entrance from the private car park as well as access through the common areas. The general specificatio...","https://www.rightmove.co.uk/properties/167085254#/?channel=COM_LET","2025-09-17T11:00:14Z","","new","Marketed by Merrifields, Suffolk","","52.248387","0.716655","https://media.rightmove.co.uk:443/dir/crop/10:9-16:9/122k/121468/167085254/121468_1120LH_IMG_00_0000_max_476x317.jpeg; https://media.rightmove.co.uk:443/dir/crop/10:9-16:9/122k/121468/167085254/121468_1120LH_IMG_01_0000_max_476x317.jpeg; https://media.rightmove.co.uk:443/dir/crop/10:9-16:9/122k/121468/167085254/121468_1120LH_IMG_02_0000_max_476x317.jpeg; https://media.rightmove.co.uk:443/dir/crop/10:9-16:9/122k/121468/167085254/121468_1120LH_IMG_03_0000_max_476x317.jpeg; https://media.rightmove.co.uk:443/dir/crop/10:9-16:9/122k/121468/167085254/121468_1120LH_IMG_04_0000_max_476x317.jpeg"
"167971913","Suffolk","Retail Property (high street)","Unit 82, 80 - 86 Hamilton Road, Felixstowe","£1,667 pcm","","","","Hamilton Road in Felixstowe’s prime shopping location. The area benefits from high footfall with nearby occupiers including Boots and Subway making it ideal for a variety of retail uses.","https://www.rightmove.co.uk/properties/167971913#/?channel=COM_LET","2025-10-08T10:43:36Z","","new","Marketed by LCP, Commercial","","51.964","1.3521","https://media.rightmove.co.uk:443/dir/crop/10:9-16:9/230k/229553/167971913/229553_68c2e0b0864b8cc7c47101a2_2_187_IMG_04_0000_max_476x317.png; https://media.rightmove.co.uk:443/dir/crop/10:9-16:9/230k/229553/167971913/229553_68c2e0b0864b8cc7c47101a2_2_187_IMG_03_0000_max_476x317.jpeg; https://media.rightmove.co.uk:443/dir/crop/10:9-16:9/230k/229553/167971913/229553_68c2e0b0864b8cc7c47101a2_2_187_IMG_01_0000_max_476x317.jpeg; https://media.rightmove.co.uk:443/dir/crop/10:9-16:9/230k/229553/167971913/229553_68c2e0b0864b8cc7c47101a2_2_187_IMG_00_0000_max_476x317.jpeg; https://media.rightmove.co.uk:443/dir/crop/10:9-16:9/230k/229553/167971913/229553_68c2e0b0864b8cc7c47101a2_2_187_IMG_02_0000_max_476x317.jpeg"
"721783391620705","Suffolk","Light Industrial","Sentinel Park, Summer Road, Stanton, Bury St Edmunds, IP31 2BG","POA","","","","OPEN STORAGE - AVAILABLE NOW - TO LET","https://www.rightmove.co.uk/properties/721783391620705#/?channel=COM_LET","2025-11-27T12:12:10Z","","size_change","Marketed by M1 Agency LLP, London","","52.321375","0.926144","https://media.rightmove.co.uk:443/dir/crop/10:9-16:9/288k/287471/721783391620705/287471_212169-2_IMG_00_0000_max_476x317.png; https://media.rightmove.co.uk:443/dir/crop/10:9-16:9/288k/287471/721783391620705/287471_212169-2_IMG_01_0000_max_476x317.png"
"166992938","Suffolk","Retail Property (high street)","Spring Road, Ipswich, IP4 5NE","£1,021 pcm","","","","A prominent, refurbished corner shop/office premises located in East Ipswich.  ","https://www.rightmove.co.uk/properties/166992938#/?channel=COM_LET","2025-09-15T10:15:20Z","","new","Marketed by Clarke and Simpson Commercial, Framlingham","","52.05901","1.185229","https://media.rightmove.co.uk:443/dir/crop/10:9-16:9/222k/221414/166992938/221414_L105364_IMG_00_0000_max_476x317.jpeg; https://media.rightmove.co.uk:443/dir/crop/10:9-16:9/222k/221414/166992938/221414_L105364_IMG_01_0000_max_476x317.jpeg; https://media.rightmove.co.uk:443/dir/crop/10:9-16:9/222k/221414/166992938/221414_L105364_IMG_02_0000_max_476x317.jpeg; https://media.rightmove.co.uk:443/dir/crop/10:9-16:9/222k/221414/166992938/221414_L105364_IMG_03_0000_max_476x317.jpeg; https://media.rightmove.co.uk:443/dir/crop/10:9-16:9/222k/221414/166992938/221414_L105364_IMG_04_0000_max_476x317.jpeg; https://media.rightmove.co.uk:443/dir/crop/10:9-16:9/222k/221414/166992938/221414_L105364_IMG_05_0000_max_476x317.jpeg; https://media.rightmove.co.uk:443/dir/crop/10:9-16:9/222k/221414/166992938/221414_L105364_IMG_06_0000_max_476x317.jpeg; https://media.rightmove.co.uk:443/dir/crop/10:9-16:9/222k/221414/166992938/221414_L105364_IMG_07_0000_max_476x317.jpeg"
"166941719","Suffolk","Workshop","Norwich Road, Halesworth, Suffolk, IP19","£1,250 pcm","","","","Lockup showroom/workshop unit in the Halesworth Business Centre. ","https://www.rightmove.co.uk/properties/166941719#/?channel=COM_LET","2025-09-12T16:28:01Z","","new","Marketed by Fennel Chartered Surveyors, Halesworth","","52.35473","1.50926","https://media.rightmove.co.uk:443/dir/crop/10:9-16:9/118k/117463/166941719/117463_unit16large_IMG_01_0000_max_476x317.jpeg; https://media.rightmove.co.uk:443/dir/crop/10:9-16:9/118k/117463/166941719/117463_unit16large_IMG_03_0000_max_476x317.jpeg; https://media.rightmove.co.uk:443/dir/crop/10:9-16:9/118k/117463/166941719/117463_unit16large_IMG_00_0000_max_476x317.jpeg; https://media.rightmove.co.uk:443/dir/crop/10:9-16:9/118k/117463/166941719/117463_unit16large_IMG_02_0000_max_476x317.jpeg; https://media.rightmove.co.uk:443/dir/crop/10:9-16:9/118k/117463/166941719/117463_unit16large_IMG_04_0000_max_476x317.jpeg; https://media.rightmove.co.uk:443/dir/crop/10:9-16:9/118k/117463/166941719/117463_unit16large_IMG_05_0000_max_476x317.jpeg"
"128999048","Suffolk","Land","Parking Compound, Old London Road, IP8","£282 pcm","","","","1.3 acre yard offering HGV spaces to rent , 1 - 10 spaces available, Each space can be rented from £65 per week.","https://www.rightmove.co.uk/properties/128999048#/?channel=COM_LET","2022-11-11T15:29:27Z","","new","Marketed by Merriveen Limited, Suffolk","","52.01929","1.07299","https://media.rightmove.co.uk:443/dir/crop/10:9-16:9/255k/254162/128999048/254162_parkingcompound2oldlondonroad_IMG_05_0000_max_476x317.jpeg; https://media.rightmove.co.uk:443/dir/crop/10:9-16:9/255k/254162/128999048/254162_parkingcompound2oldlondonroad_IMG_06_0000_max_476x317.jpeg; https://media.rightmove.co.uk:443/dir/crop/10:9-16:9/255k/254162/128999048/254162_parkingcompound2oldlondonroad_IMG_07_0000_max_476x317.jpeg; https://media.rightmove.co.uk:443/dir/crop/10:9-16:9/255k/254162/128999048/254162_parkingcompound2oldlondonroad_IMG_08_0000_max_476x317.jpeg; https://media.rightmove.co.uk:443/dir/crop/10:9-16:9/255k/254162/128999048/254162_parkingcompound2oldlondonroad_IMG_00_0000_max_476x317.jpeg; https://media.rightmove.co.uk:443/dir/crop/10:9-16:9/255k/254162/128999048/254162_parkingcompound2oldlondonroad_IMG_01_0000_max_476x317.jpeg; https://media.rightmove.co.uk:443/dir/crop/10:9-16:9/255k/254162/128999048/254162_parkingcompound2oldlondonroad_IMG_02_0000_max_476x317.jpeg; https://media.rightmove.co.uk:443/dir/crop/10:9-16:9/255k/254162/128999048/254162_parkingcompound2oldlondonroad_IMG_03_0000_max_476x317.jpeg; https://media.rightmove.co.uk:443/dir/crop/10:9-16:9/255k/254162/128999048/254162_parkingcompound2oldlondonroad_IMG_04_0000_max_476x317.jpeg"
"163138799","Suffolk","Office","Swan Lane, Unit 9, Exning, Newmarket, Suffolk, CB8 7FN","£1,083 pcm","","","","Predominantly open plan office space comprising 1,578 sq ft. Situated on established business park with excellent access to the A14 & A142 and close to Newmarket town centre. Includes a boardroom, kitchen and w/c facilities. Ample on-site car parking. For further information please contact Luke ...","https://www.rightmove.co.uk/properties/163138799#/?channel=COM_LET","2025-06-11T09:26:08Z","","new","Marketed by Cheffins Commercial, Cambridge","","52.265473","0.371173","https://media.rightmove.co.uk:443/dir/crop/10:9-16:9/property-photo/6f01227fe/163138799/6f01227fecd7786a651d035c0340b3b9_max_476x317.jpeg"
"166878575","Suffolk","Office","Friars Street, Sudbury, Suffolk, CO10","£310 pcm","From","","","GROUND AND FIRST FLOOR OFFICE ACCOMMODATION available in this Grade II Listed period property situated 5 minutes walk from the Market Hill and town centre. Short term tenancy available.","https://www.rightmove.co.uk/properties/166878575#/?channel=COM_LET","2025-09-11T13:54:51Z","","new","Marketed by Birchall Steel Consultant Surveyors, Suffolk","","52.03635","0.72738","https://media.rightmove.co.uk:443/dir/crop/10:9-16:9/171k/170411/166878575/170411_Ground_and_First_Floor_Offices_37_Friars_St_IMG_00_0000_max_476x317.jpeg; https://media.rightmove.co.uk:443/dir/crop/10:9-16:9/171k/170411/166878575/170411_Ground_and_First_Floor_Offices_37_Friars_St_IMG_01_0000_max_476x317.jpeg; https://media.rightmove.co.uk:443/dir/crop/10:9-16:9/171k/170411/166878575/170411_Ground_and_First_Floor_Offices_37_Friars_St_IMG_02_0000_max_476x317.jpeg"
"166876448","Suffolk","Shop","London Road North, Lowestoft","£800 pcm","","","","TO LET – Prime Commercial Unit in the Heart of Lowestoft High Street Prominent Location | Versatile Layout | Excellent Footfall Occupying a highly visible position on the busy and vibrant Lowestoft High Street, this substantial commercial unit presents an outstanding opportunity for a...","https://www.rightmove.co.uk/properties/166876448#/?channel=COM_LET","2025-09-11T13:20:39Z","","new","Marketed by Steel & Co Commercial Property Services, Lowestoft","","52.478512","1.754165","https://media.rightmove.co.uk:443/dir/crop/10:9-16:9/66k/65427/166876448/65427_12691548_IMG_00_0000_max_476x317.jpeg; https://media.rightmove.co.uk:443/dir/crop/10:9-16:9/66k/65427/166876448/65427_12691548_IMG_01_0000_max_476x317.jpeg; https://media.rightmove.co.uk:443/dir/crop/10:9-16:9/66k/65427/166876448/65427_12691548_IMG_02_0000_max_476x317.jpeg; https://media.rightmove.co.uk:443/dir/crop/10:9-16:9/66k/65427/166876448/65427_12691548_IMG_03_0000_max_476x317.jpeg; https://media.rightmove.co.uk:443/dir/crop/10:9-16:9/66k/65427/166876448/65427_12691548_IMG_04_0000_max_476x317.jpeg; https://media.rightmove.co.uk:443/dir/crop/10:9-16:9/66k/65427/166876448/65427_12691548_IMG_05_0000_max_476x317.jpeg; https://media.rightmove.co.uk:443/dir/crop/10:9-16:9/66k/65427/166876448/65427_12691548_IMG_06_0000_max_476x317.jpeg; https://media.rightmove.co.uk:443/dir/crop/10:9-16:9/66k/65427/166876448/65427_12691548_IMG_07_0000_max_476x317.jpeg; https://media.rightmove.co.uk:443/dir/crop/10:9-16:9/66k/65427/166876448/65427_12691548_IMG_08_0000_max_476x317.jpeg; https://media.rightmove.co.uk:443/dir/crop/10:9-16:9/66k/65427/166876448/65427_12691548_IMG_09_0000_max_476x317.jpeg; https://media.rightmove.co.uk:443/dir/crop/10:9-16:9/66k/65427/166876448/65427_12691548_IMG_10_0000_max_476x317.jpeg"
"122620619","Suffolk","Garage","Darsham Garages, Main Road, IP17","£146 pcm","","","","Garage unit to let, flexible terms (total of 3 available). Right next to Darsham Station on the A12.","https://www.rightmove.co.uk/properties/122620619#/?channel=COM_LET","2022-04-21T09:15:51Z","","new","Marketed by Fennel Chartered Surveyors, Halesworth","","52.27256","1.52285","https://media.rightmove.co.uk:443/dir/crop/10:9-16:9/118k/117463/122620619/117463_darshamgarage_IMG_00_0000_max_476x317.jpeg; https://media.rightmove.co.uk:443/dir/crop/10:9-16:9/118k/117463/122620619/117463_darshamgarage_IMG_01_0000_max_476x317.jpeg; https://media.rightmove.co.uk:443/dir/crop/10:9-16:9/118k/117463/122620619/117463_darshamgarage_IMG_02_0000_max_476x317.jpeg; https://media.rightmove.co.uk:443/dir/crop/10:9-16:9/118k/117463/122620619/117463_darshamgarage_IMG_03_0000_max_476x317.jpeg; https://media.rightmove.co.uk:443/dir/crop/10:9-16:9/118k/117463/122620619/117463_darshamgarage_IMG_04_0000_max_476x317.jpeg"
"144264341","Suffolk","Restaurant","Main Road, IP17","£833 pcm","","","","Highly visible location on A12 at Darsham Station. Currently used as a retail premises, but will suit other occupiers STPP and would be a very good position for a restaurant or takeaway. The Landlord will offer the unit for £10,000pa for the first year, rising to £20,000pa thereafter.","https://www.rightmove.co.uk/properties/144264341#/?channel=COM_LET","2024-02-01T17:59:53Z","","new","Marketed by Fennel Chartered Surveyors, Halesworth","","52.27256","1.52285","https://media.rightmove.co.uk:443/dir/crop/10:9-16:9/118k/117463/144264341/117463_darshamantques_IMG_73_0000_max_476x317.jpeg; https://media.rightmove.co.uk:443/dir/crop/10:9-16:9/118k/117463/144264341/117463_darshamantques_IMG_65_0000_max_476x317.jpeg; https://media.rightmove.co.uk:443/dir/crop/10:9-16:9/118k/117463/144264341/117463_darshamantques_IMG_46_0001_max_476x317.jpeg; https://media.rightmove.co.uk:443/dir/crop/10:9-16:9/118k/117463/144264341/117463_darshamantques_IMG_49_0001_max_476x317.jpeg; https://media.rightmove.co.uk:443/dir/crop/10:9-16:9/118k/117463/144264341/117463_darshamantques_IMG_35_0000_max_476x317.jpeg; https://media.rightmove.co.uk:443/dir/crop/10:9-16:9/118k/117463/144264341/117463_darshamantques_IMG_37_0000_max_476x317.jpeg; https://media.rightmove.co.uk:443/dir/crop/10:9-16:9/118k/117463/144264341/117463_darshamantques_IMG_36_0000_max_476x317.jpeg; https://media.rightmove.co.uk:443/dir/crop/10:9-16:9/118k/117463/144264341/117463_darshamantques_IMG_33_0000_max_476x317.jpeg; https://media.rightmove.co.uk:443/dir/crop/10:9-16:9/118k/117463/144264341/117463_darshamantques_IMG_34_0000_max_476x317.jpeg; https://media.rightmove.co.uk:443/dir/crop/10:9-16:9/118k/117463/144264341/117463_darshamantques_IMG_38_0000_max_476x317.jpeg; https://media.rightmove.co.uk:443/dir/crop/10:9-16:9/118k/117463/144264341/117463_darshamantques_IMG_39_0000_max_476x317.jpeg; https://media.rightmove.co.uk:443/dir/crop/10:9-16:9/118k/117463/144264341/117463_darshamantques_IMG_40_0000_max_476x317.jpeg; https://media.rightmove.co.uk:443/dir/crop/10:9-16:9/118k/117463/144264341/117463_darshamantques_IMG_41_0000_max_476x317.jpeg; https://media.rightmove.co.uk:443/dir/crop/10:9-16:9/118k/117463/144264341/117463_darshamantques_IMG_42_0000_max_476x317.jpeg; https://media.rightmove.co.uk:443/dir/crop/10:9-16:9/118k/117463/144264341/117463_darshamantques_IMG_23_0000_max_476x317.jpeg; https://media.rightmove.co.uk:443/dir/crop/10:9-16:9/118k/117463/144264341/117463_darshamantques_IMG_48_0001_max_476x317.jpeg; https://media.rightmove.co.uk:443/dir/crop/10:9-16:9/118k/117463/144264341/117463_darshamantques_IMG_50_0001_max_476x317.jpeg; https://media.rightmove.co.uk:443/dir/crop/10:9-16:9/118k/117463/144264341/117463_darshamantques_IMG_52_0001_max_476x317.jpeg; https://media.rightmove.co.uk:443/dir/crop/10:9-16:9/118k/117463/144264341/117463_darshamantques_IMG_61_0000_max_476x317.jpeg; https://media.rightmove.co.uk:443/dir/crop/10:9-16:9/118k/117463/144264341/117463_darshamantques_IMG_62_0000_max_476x317.jpeg; https://media.rightmove.co.uk:443/dir/crop/10:9-16:9/118k/117463/144264341/117463_darshamantques_IMG_63_0000_max_476x317.jpeg; https://media.rightmove.co.uk:443/dir/crop/10:9-16:9/118k/117463/144264341/117463_darshamantques_IMG_64_0000_max_476x317.jpeg; https://media.rightmove.co.uk:443/dir/crop/10:9-16:9/118k/117463/144264341/117463_darshamantques_IMG_66_0000_max_476x317.jpeg; https://media.rightmove.co.uk:443/dir/crop/10:9-16:9/118k/117463/144264341/117463_darshamantques_IMG_68_0000_max_476x317.jpeg; https://media.rightmove.co.uk:443/dir/crop/10:9-16:9/118k/117463/144264341/117463_darshamantques_IMG_69_0000_max_476x317.jpeg; https://media.rightmove.co.uk:443/dir/crop/10:9-16:9/118k/117463/144264341/117463_darshamantques_IMG_70_0000_max_476x317.jpeg; https://media.rightmove.co.uk:443/dir/crop/10:9-16:9/118k/117463/144264341/117463_darshamantques_IMG_71_0000_max_476x317.jpeg; https://media.rightmove.co.uk:443/dir/crop/10:9-16:9/118k/117463/144264341/117463_darshamantques_IMG_72_0000_max_476x317.jpeg; https://media.rightmove.co.uk:443/dir/crop/10:9-16:9/118k/117463/144264341/117463_darshamantques_IMG_74_0000_max_476x317.jpeg; https://media.rightmove.co.uk:443/dir/crop/10:9-16:9/118k/117463/144264341/117463_darshamantques_IMG_75_0000_max_476x317.jpeg; https://media.rightmove.co.uk:443/dir/crop/10:9-16:9/118k/117463/144264341/117463_darshamantques_IMG_76_0000_max_476x317.jpeg"
"166860014","Suffolk","Pub","E-519665 - White Horse, Rede Road, Bury St Edmunds IP29 4SS","POA","","","","Country pub and restaurant situated in picturesque Suffolk village, Three separate trade areas with circa. 70 covers in total, Car park (22) plus trade garden (120+), Three bedroom private accommodation, Two storey detached period property set within circa 0.75 acres","https://www.rightmove.co.uk/properties/166860014#/?channel=COM_LET","2025-09-11T09:39:09Z","","new","Marketed by Fleurets Limited, East","","52.19244","0.669648","https://media.rightmove.co.uk:443/dir/crop/10:9-16:9/55k/54756/166860014/54756_E-519665_IMG_00_0000_max_476x317.jpeg; https://media.rightmove.co.uk:443/dir/crop/10:9-16:9/55k/54756/166860014/54756_E-519665_IMG_01_0000_max_476x317.jpeg; https://media.rightmove.co.uk:443/dir/crop/10:9-16:9/55k/54756/166860014/54756_E-519665_IMG_02_0000_max_476x317.jpeg; https://media.rightmove.co.uk:443/dir/crop/10:9-16:9/55k/54756/166860014/54756_E-519665_IMG_03_0000_max_476x317.jpeg; https://media.rightmove.co.uk:443/dir/crop/10:9-16:9/55k/54756/166860014/54756_E-519665_IMG_04_0000_max_476x317.jpeg; https://media.rightmove.co.uk:443/dir/crop/10:9-16:9/55k/54756/166860014/54756_E-519665_IMG_05_0000_max_476x317.jpeg; https://media.rightmove.co.uk:443/dir/crop/10:9-16:9/55k/54756/166860014/54756_E-519665_IMG_06_0000_max_476x317.jpeg; https://media.rightmove.co.uk:443/dir/crop/10:9-16:9/55k/54756/166860014/54756_E-519665_IMG_07_0000_max_476x317.jpeg; https://media.rightmove.co.uk:443/dir/crop/10:9-16:9/55k/54756/166860014/54756_E-519665_IMG_08_0000_max_476x317.jpeg"
"166830926","Suffolk","Commercial Property","Well Close Square, Framlingham","£850 pcm","","","1","A prominent retail unit in the thriving Market Town of Framlingham. An attractive, period property with double shop frontage, two floors extending to 44 sqm (483 sq ft), well presented with Class E use.","https://www.rightmove.co.uk/properties/166830926#/?channel=COM_LET","2025-09-10T14:31:28Z","","new","Marketed by Riverdale Estates Ltd, Ipswich","","52.222038","1.340423","https://media.rightmove.co.uk:443/dir/crop/10:9-16:9/17k/16803/166830926/16803_2267_RIVD_IMG_00_0000_max_476x317.jpeg; https://media.rightmove.co.uk:443/dir/crop/10:9-16:9/17k/16803/166830926/16803_2267_RIVD_IMG_01_0000_max_476x317.jpeg; https://media.rightmove.co.uk:443/dir/crop/10:9-16:9/17k/16803/166830926/16803_2267_RIVD_IMG_02_0000_max_476x317.jpeg; https://media.rightmove.co.uk:443/dir/crop/10:9-16:9/17k/16803/166830926/16803_2267_RIVD_IMG_03_0000_max_476x317.jpeg; https://media.rightmove.co.uk:443/dir/crop/10:9-16:9/17k/16803/166830926/16803_2267_RIVD_IMG_04_0000_max_476x317.jpeg; https://media.rightmove.co.uk:443/dir/crop/10:9-16:9/17k/16803/166830926/16803_2267_RIVD_IMG_05_0000_max_476x317.jpeg; https://media.rightmove.co.uk:443/dir/crop/10:9-16:9/17k/16803/166830926/16803_2267_RIVD_IMG_06_0000_max_476x317.jpeg; https://media.rightmove.co.uk:443/dir/crop/10:9-16:9/17k/16803/166830926/16803_2267_RIVD_IMG_07_0000_max_476x317.jpeg; https://media.rightmove.co.uk:443/dir/crop/10:9-16:9/17k/16803/166830926/16803_2267_RIVD_IMG_08_0000_max_476x317.jpeg; https://media.rightmove.co.uk:443/dir/crop/10:9-16:9/17k/16803/166830926/16803_2267_RIVD_IMG_09_0000_max_476x317.jpeg"
"164182196","Suffolk","Office","Newmarket Road, Risby, Bury St. Edmunds, Suffolk, IP28","£2,083 pcm","","","","Ground & first floor business unit, offering a NIA (Net Internal Area) of approximately 163.54 sqm (1,760 sqft). Conveniently located just off A14 to the west of Bury St Edmunds.","https://www.rightmove.co.uk/properties/164182196#/?channel=COM_LET","2025-07-04T15:55:48Z","","size_change","Marketed by Lacy Scott & Knight Commercial, Bury St Edmunds","","52.264717","0.627863","https://media.rightmove.co.uk:443/dir/crop/10:9-16:9/230k/229856/164182196/229856_BCL250006_L_IMG_00_0000_max_476x317.jpeg; https://media.rightmove.co.uk:443/dir/crop/10:9-16:9/230k/229856/164182196/229856_BCL250006_L_IMG_07_0000_max_476x317.jpeg; https://media.rightmove.co.uk:443/dir/crop/10:9-16:9/230k/229856/164182196/229856_BCL250006_L_IMG_08_0000_max_476x317.jpeg; https://media.rightmove.co.uk:443/dir/crop/10:9-16:9/230k/229856/164182196/229856_BCL250006_L_IMG_09_0000_max_476x317.jpeg; https://media.rightmove.co.uk:443/dir/crop/10:9-16:9/230k/229856/164182196/229856_BCL250006_L_IMG_10_0000_max_476x317.jpeg; https://media.rightmove.co.uk:443/dir/crop/10:9-16:9/230k/229856/164182196/229856_BCL250006_L_IMG_11_0000_max_476x317.jpeg; https://media.rightmove.co.uk:443/dir/crop/10:9-16:9/230k/229856/164182196/229856_BCL250006_L_IMG_12_0000_max_476x317.jpeg; https://media.rightmove.co.uk:443/dir/crop/10:9-16:9/230k/229856/164182196/229856_BCL250006_L_IMG_13_0000_max_476x317.jpeg; https://media.rightmove.co.uk:443/dir/crop/10:9-16:9/230k/229856/164182196/229856_BCL250006_L_IMG_14_0000_max_476x317.jpeg; https://media.rightmove.co.uk:443/dir/crop/10:9-16:9/230k/229856/164182196/229856_BCL250006_L_IMG_15_0000_max_476x317.jpeg; https://media.rightmove.co.uk:443/dir/crop/10:9-16:9/230k/229856/164182196/229856_BCL250006_L_IMG_16_0000_max_476x317.jpeg; https://media.rightmove.co.uk:443/dir/crop/10:9-16:9/230k/229856/164182196/229856_BCL250006_L_IMG_17_0000_max_476x317.jpeg; https://media.rightmove.co.uk:443/dir/crop/10:9-16:9/230k/229856/164182196/229856_BCL250006_L_IMG_05_0000_max_476x317.jpeg; https://media.rightmove.co.uk:443/dir/crop/10:9-16:9/230k/229856/164182196/229856_BCL250006_L_IMG_06_0000_max_476x317.jpeg"
"168193265","Suffolk","Light Industrial","Unit W3 Arras Road, Bury St. Edmunds, Suffolk, IP33 3TX","£3,125 pcm","","","","Arras road is located on the Blenheim Industrial Estate and situated 1.1 miles from J42 of the A14. Unit W3 is an end of terrace warehouse property of steel portal frame with blockwork walls and plasticised metal sheet elevations under an overclad profiled metal sheet roof. The unit has been ...","https://www.rightmove.co.uk/properties/168193265#/?channel=COM_LET","2025-10-15T11:27:31Z","","size_change","Marketed by Merrifields, Suffolk","","52.247782","0.691153","https://media.rightmove.co.uk:443/dir/crop/10:9-16:9/122k/121468/168193265/121468_2045LH_IMG_00_0000_max_476x317.jpeg; https://media.rightmove.co.uk:443/dir/crop/10:9-16:9/122k/121468/168193265/121468_2045LH_IMG_01_0000_max_476x317.jpeg; https://media.rightmove.co.uk:443/dir/crop/10:9-16:9/122k/121468/168193265/121468_2045LH_IMG_02_0000_max_476x317.jpeg; https://media.rightmove.co.uk:443/dir/crop/10:9-16:9/122k/121468/168193265/121468_2045LH_IMG_03_0000_max_476x317.jpeg; https://media.rightmove.co.uk:443/dir/crop/10:9-16:9/122k/121468/168193265/121468_2045LH_IMG_04_0000_max_476x317.jpeg"
"166629830","Suffolk","Restaurant","Thoroughfare, Halesworth, Suffolk, IP19","£1,083 pcm","","","","Delightful property in the centre of Halesworth. Lots of scope for another restaurant, the outgoing tenant will sell her fixtures and fittings by separate negotiation. ","https://www.rightmove.co.uk/properties/166629830#/?channel=COM_LET","2025-09-08T09:31:10Z","","new","Marketed by Fennel Chartered Surveyors, Halesworth","","52.34369","1.50237","https://media.rightmove.co.uk:443/dir/crop/10:9-16:9/118k/117463/166629830/117463_6Thoroughfarehalesworth_IMG_11_0000_max_476x317.jpeg; https://media.rightmove.co.uk:443/dir/crop/10:9-16:9/118k/117463/166629830/117463_6Thoroughfarehalesworth_IMG_13_0001_max_476x317.jpeg; https://media.rightmove.co.uk:443/dir/crop/10:9-16:9/118k/117463/166629830/117463_6Thoroughfarehalesworth_IMG_12_0001_max_476x317.jpeg; https://media.rightmove.co.uk:443/dir/crop/10:9-16:9/118k/117463/166629830/117463_6Thoroughfarehalesworth_IMG_14_0000_max_476x317.jpeg; https://media.rightmove.co.uk:443/dir/crop/10:9-16:9/118k/117463/166629830/117463_6Thoroughfarehalesworth_IMG_15_0000_max_476x317.jpeg; https://media.rightmove.co.uk:443/dir/crop/10:9-16:9/118k/117463/166629830/117463_6Thoroughfarehalesworth_IMG_16_0000_max_476x317.jpeg; https://media.rightmove.co.uk:443/dir/crop/10:9-16:9/118k/117463/166629830/117463_6Thoroughfarehalesworth_IMG_17_0000_max_476x317.jpeg; https://media.rightmove.co.uk:443/dir/crop/10:9-16:9/118k/117463/166629830/117463_6Thoroughfarehalesworth_IMG_18_0000_max_476x317.jpeg; https://media.rightmove.co.uk:443/dir/crop/10:9-16:9/118k/117463/166629830/117463_6Thoroughfarehalesworth_IMG_19_0000_max_476x317.jpeg; https://media.rightmove.co.uk:443/dir/crop/10:9-16:9/118k/117463/166629830/117463_6Thoroughfarehalesworth_IMG_20_0000_max_476x317.jpeg; https://media.rightmove.co.uk:443/dir/crop/10:9-16:9/118k/117463/166629830/117463_6Thoroughfarehalesworth_IMG_21_0000_max_476x317.jpeg; https://media.rightmove.co.uk:443/dir/crop/10:9-16:9/118k/117463/166629830/117463_6Thoroughfarehalesworth_IMG_22_0000_max_476x317.jpeg; https://media.rightmove.co.uk:443/dir/crop/10:9-16:9/118k/117463/166629830/117463_6Thoroughfarehalesworth_IMG_23_0000_max_476x317.jpeg; https://media.rightmove.co.uk:443/dir/crop/10:9-16:9/118k/117463/166629830/117463_6Thoroughfarehalesworth_IMG_24_0000_max_476x317.jpeg; https://media.rightmove.co.uk:443/dir/crop/10:9-16:9/118k/117463/166629830/117463_6Thoroughfarehalesworth_IMG_25_0000_max_476x317.jpeg; https://media.rightmove.co.uk:443/dir/crop/10:9-16:9/118k/117463/166629830/117463_6Thoroughfarehalesworth_IMG_26_0000_max_476x317.jpeg; https://media.rightmove.co.uk:443/dir/crop/10:9-16:9/118k/117463/166629830/117463_6Thoroughfarehalesworth_IMG_27_0000_max_476x317.jpeg; https://media.rightmove.co.uk:443/dir/crop/10:9-16:9/118k/117463/166629830/117463_6Thoroughfarehalesworth_IMG_28_0000_max_476x317.jpeg; https://media.rightmove.co.uk:443/dir/crop/10:9-16:9/118k/117463/166629830/117463_6Thoroughfarehalesworth_IMG_29_0000_max_476x317.jpeg"
"166696967","Suffolk","Storage","Francis Farm, Woolpit Road, IP30","£1,915 pcm","","","","Warehouse unit (3,064 sq. ft) available on a long-term lease in Rattlesden, Suffolk. Just 4 miles from the A14, with excellent access to Stowmarket, Bury St Edmunds, and Ipswich. Featuring a high bay, large vehicle access door, and secure yard.","https://www.rightmove.co.uk/properties/166696967#/?channel=COM_LET","2025-09-08T05:35:30Z","","new","Marketed by Leonard James Property, Norfolk","","52.204127","0.893495","https://media.rightmove.co.uk:443/dir/crop/10:9-16:9/289k/288482/166696967/288482_5e1571bf-dc4c-47b3-9141-b8258a7a3876_IMG_00_0000_max_476x317.jpeg; https://media.rightmove.co.uk:443/dir/crop/10:9-16:9/289k/288482/166696967/288482_5e1571bf-dc4c-47b3-9141-b8258a7a3876_IMG_01_0000_max_476x317.jpeg; https://media.rightmove.co.uk:443/dir/crop/10:9-16:9/289k/288482/166696967/288482_5e1571bf-dc4c-47b3-9141-b8258a7a3876_IMG_02_0000_max_476x317.jpeg; https://media.rightmove.co.uk:443/dir/crop/10:9-16:9/289k/288482/166696967/288482_5e1571bf-dc4c-47b3-9141-b8258a7a3876_IMG_03_0000_max_476x317.jpeg"
"166643450","Suffolk","Office","Offices at 4 Hollands Road, Haverhill, Suffolk, CB9 8PP","POA","","","","Newly refurbished office suites within a multi tenanted building. The suites are available together or separately and have been refurbished with new carpets and newly painted walls. The suites benefit from parking to the front, shared kitchen and WC facilities, and disability access. There is als...","https://www.rightmove.co.uk/properties/166643450#/?channel=COM_LET","2025-09-05T15:22:13Z","","new","Marketed by Eddisons Commercial Limited, Cambridge","","52.074184","0.44517","https://media.rightmove.co.uk:443/dir/crop/10:9-16:9/216k/215075/166643450/215075_3023274LH_IMG_00_0000_max_476x317.jpeg; https://media.rightmove.co.uk:443/dir/crop/10:9-16:9/216k/215075/166643450/215075_3023274LH_IMG_01_0000_max_476x317.jpeg; https://media.rightmove.co.uk:443/dir/crop/10:9-16:9/216k/215075/166643450/215075_3023274LH_IMG_02_0000_max_476x317.jpeg; https://media.rightmove.co.uk:443/dir/crop/10:9-16:9/216k/215075/166643450/215075_3023274LH_IMG_03_0000_max_476x317.jpeg; https://media.rightmove.co.uk:443/dir/crop/10:9-16:9/216k/215075/166643450/215075_3023274LH_IMG_04_0000_max_476x317.jpeg; https://media.rightmove.co.uk:443/dir/crop/10:9-16:9/216k/215075/166643450/215075_3023274LH_IMG_05_0000_max_476x317.jpeg"
"166598303","Suffolk","Retail Property (high street)","3-5 High Street, Brandon, Suffolk, IP27 0AQ","£1,458 pcm","","","","The shop is located on High Street in Brandon, towards the London Road T junction end of the street. Brandon is 4.5 miles from the A11 and only a short distance from Center Parcs, High Lodge and Elveden Forest. The High Street has very low vacancy rates with a mix of national, regional and local ...","https://www.rightmove.co.uk/properties/166598303#/?channel=COM_LET","2025-09-04T16:21:09Z","","new","Marketed by Merrifields, Suffolk","","52.447907","0.623447","https://media.rightmove.co.uk:443/dir/crop/10:9-16:9/122k/121468/166598303/121468_1002LH_IMG_05_0000_max_476x317.jpeg; https://media.rightmove.co.uk:443/dir/crop/10:9-16:9/122k/121468/166598303/121468_1002LH_IMG_04_0000_max_476x317.jpeg; https://media.rightmove.co.uk:443/dir/crop/10:9-16:9/122k/121468/166598303/121468_1002LH_IMG_08_0000_max_476x317.jpeg; https://media.rightmove.co.uk:443/dir/crop/10:9-16:9/122k/121468/166598303/121468_1002LH_IMG_06_0000_max_476x317.jpeg; https://media.rightmove.co.uk:443/dir/crop/10:9-16:9/122k/121468/166598303/121468_1002LH_IMG_07_0000_max_476x317.jpeg"
"163703549","Suffolk","Office","Unit 2 Park Way Elm Farm Park, Thurston, Bury St. Edmunds, Suffolk, IP31 3TB","£958 pcm","","","","Elm Farm Park is located in the village of Thurston, 8 miles east of Bury St Edmunds and approximately 3 miles from the A14 dual carriageway. Unit 2A first floor office within a mid terrace business unit situated on phase I of the Park Way development at Elm Farm Park. The accommodation provide...","https://www.rightmove.co.uk/properties/163703549#/?channel=COM_LET","2025-06-23T23:18:21Z","","size_change","Marketed by Merrifields, Suffolk","","52.258015","0.845372","https://media.rightmove.co.uk:443/dir/crop/10:9-16:9/122k/121468/163703549/121468_1788LH_IMG_00_0000_max_476x317.jpeg; https://media.rightmove.co.uk:443/dir/crop/10:9-16:9/122k/121468/163703549/121468_1788LH_IMG_03_0000_max_476x317.jpeg; https://media.rightmove.co.uk:443/dir/crop/10:9-16:9/122k/121468/163703549/121468_1788LH_IMG_02_0000_max_476x317.jpeg; https://media.rightmove.co.uk:443/dir/crop/10:9-16:9/122k/121468/163703549/121468_1788LH_IMG_04_0000_max_476x317.jpeg; https://media.rightmove.co.uk:443/dir/crop/10:9-16:9/122k/121468/163703549/121468_1788LH_IMG_05_0000_max_476x317.jpeg; https://media.rightmove.co.uk:443/dir/crop/10:9-16:9/122k/121468/163703549/121468_1788LH_IMG_07_0000_max_476x317.jpeg"
"161432999","Suffolk","Retail Property (out of town)","Christchurch Square, Lowestoft","£495 pcm","","","","Characterful Two-Storey Commercial Property – Close to Lowestoft Town Centre Location: Tucked just off Whapload Road, this well-presented two-storey property enjoys a prime location close to Lowestoft’s bustling town centre and Britain’s most easterly point. It is situated n...","https://www.rightmove.co.uk/properties/161432999#/?channel=COM_LET","2025-05-02T11:58:59Z","","price_reduced","Marketed by Steel & Co Commercial Property Services, Lowestoft","","52.479397","1.756627","https://media.rightmove.co.uk:443/dir/crop/10:9-16:9/66k/65427/161432999/65427_11809774_IMG_00_0000_max_476x317.jpeg; https://media.rightmove.co.uk:443/dir/crop/10:9-16:9/66k/65427/161432999/65427_11809774_IMG_01_0000_max_476x317.jpeg; https://media.rightmove.co.uk:443/dir/crop/10:9-16:9/66k/65427/161432999/65427_11809774_IMG_02_0000_max_476x317.jpeg; https://media.rightmove.co.uk:443/dir/crop/10:9-16:9/66k/65427/161432999/65427_11809774_IMG_03_0000_max_476x317.jpeg; https://media.rightmove.co.uk:443/dir/crop/10:9-16:9/66k/65427/161432999/65427_11809774_IMG_04_0000_max_476x317.jpeg"
"163611236","Suffolk","Office","Hall Street, Long Melford, Sudbury, Suffolk, CO10","£1,250 pcm","","","","Situated in a prominent High Street location, a two storey premises extending to 1,333 sqft.","https://www.rightmove.co.uk/properties/163611236#/?channel=COM_LET","2025-06-20T17:09:07Z","","price_reduced","Marketed by Percival & Company, Earls Colne","","52.078131","0.717752","https://media.rightmove.co.uk:443/dir/crop/10:9-16:9/34k/33477/163611236/33477_FPE250087_L_IMG_00_0000_max_476x317.jpeg; https://media.rightmove.co.uk:443/dir/crop/10:9-16:9/34k/33477/163611236/33477_FPE250087_L_IMG_01_0000_max_476x317.jpeg; https://media.rightmove.co.uk:443/dir/crop/10:9-16:9/34k/33477/163611236/33477_FPE250087_L_IMG_02_0000_max_476x317.jpeg; https://media.rightmove.co.uk:443/dir/crop/10:9-16:9/34k/33477/163611236/33477_FPE250087_L_IMG_03_0000_max_476x317.jpeg; https://media.rightmove.co.uk:443/dir/crop/10:9-16:9/34k/33477/163611236/33477_FPE250087_L_IMG_04_0000_max_476x317.jpeg; https://media.rightmove.co.uk:443/dir/crop/10:9-16:9/34k/33477/163611236/33477_FPE250087_L_IMG_05_0000_max_476x317.jpeg; https://media.rightmove.co.uk:443/dir/crop/10:9-16:9/34k/33477/163611236/33477_FPE250087_L_IMG_06_0000_max_476x317.jpeg; https://media.rightmove.co.uk:443/dir/crop/10:9-16:9/34k/33477/163611236/33477_FPE250087_L_IMG_07_0000_max_476x317.jpeg; https://media.rightmove.co.uk:443/dir/crop/10:9-16:9/34k/33477/163611236/33477_FPE250087_L_IMG_08_0000_max_476x317.jpeg; https://media.rightmove.co.uk:443/dir/crop/10:9-16:9/34k/33477/163611236/33477_FPE250087_L_IMG_09_0000_max_476x317.jpeg; https://media.rightmove.co.uk:443/dir/crop/10:9-16:9/34k/33477/163611236/33477_FPE250087_L_IMG_10_0000_max_476x317.jpeg; https://media.rightmove.co.uk:443/dir/crop/10:9-16:9/34k/33477/163611236/33477_FPE250087_L_IMG_11_0000_max_476x317.jpeg; https://media.rightmove.co.uk:443/dir/crop/10:9-16:9/34k/33477/163611236/33477_FPE250087_L_IMG_12_0000_max_476x317.jpeg; https://media.rightmove.co.uk:443/dir/crop/10:9-16:9/34k/33477/163611236/33477_FPE250087_L_IMG_13_0000_max_476x317.jpeg; https://media.rightmove.co.uk:443/dir/crop/10:9-16:9/34k/33477/163611236/33477_FPE250087_L_IMG_14_0000_max_476x317.jpeg"
"166344788","Suffolk","Light Industrial","UNIT 8, 4 BERWICK ROAD, IPSWICH, SUFFOLK , IP3","£880 pcm","","","","Beamish Hub comprises a range of 16 modern, self-contained business units arranged upon a secure, surfaced site. Unit 8 Beamish Hub is situated at the entrance to the business park and comprises a modern business unit, arranged over ground floor together with a mezzanine. The ground floor compr...","https://www.rightmove.co.uk/properties/166344788#/?channel=COM_LET","2025-08-29T09:52:54Z","","new","Marketed by Fenn Wright, Ipswich Commercial Sales and Lettings","","52.02822","1.217515","https://media.rightmove.co.uk:443/dir/crop/10:9-16:9/162k/161330/166344788/161330_14870820LH_IMG_00_0000_max_476x317.jpeg; https://media.rightmove.co.uk:443/dir/crop/10:9-16:9/162k/161330/166344788/161330_14870820LH_IMG_01_0000_max_476x317.jpeg; https://media.rightmove.co.uk:443/dir/crop/10:9-16:9/162k/161330/166344788/161330_14870820LH_IMG_02_0000_max_476x317.jpeg; https://media.rightmove.co.uk:443/dir/crop/10:9-16:9/162k/161330/166344788/161330_14870820LH_IMG_03_0000_max_476x317.jpeg; https://media.rightmove.co.uk:443/dir/crop/10:9-16:9/162k/161330/166344788/161330_14870820LH_IMG_04_0000_max_476x317.jpeg"
"148096847","Suffolk","Light Industrial","Meekings Road, Sudbury, Suffolk, CO10","£1,167 pcm","","","","LIGHT INDUSTRIAL/WORKSHOP UNIT with good parking provision, well located on the towns premier industrial estate. Providing around 1,025 sq ft and qualifying applicants would benefit from 100% Small Business Rate Relief.","https://www.rightmove.co.uk/properties/148096847#/?channel=COM_LET","2024-05-17T09:56:02Z","","new","Marketed by Birchall Steel Consultant Surveyors, Suffolk","","52.04045","0.74791","https://media.rightmove.co.uk:443/dir/crop/10:9-16:9/property-photo/cb187bfdb/148096847/cb187bfdb8fe661dc9203fa1972f50a8_max_476x317.jpeg; https://media.rightmove.co.uk:443/dir/crop/10:9-16:9/property-photo/be1ed1fa0/148096847/be1ed1fa09e72b8d421aad5134233abc_max_476x317.jpeg; https://media.rightmove.co.uk:443/dir/crop/10:9-16:9/property-photo/7604139b5/148096847/7604139b5175a1cc9ffa05d0bef49761_max_476x317.jpeg; https://media.rightmove.co.uk:443/dir/crop/10:9-16:9/property-photo/1390a1f26/148096847/1390a1f260aca39bb447a78768e52129_max_476x317.jpeg; https://media.rightmove.co.uk:443/dir/crop/10:9-16:9/property-photo/60b083742/148096847/60b08374227072049dc6770de17bb162_max_476x317.jpeg"
"132878654","Suffolk","Light Industrial","White House Farm Walpole Road, IP19","£438 pcm","","","","Newly refurbished farm units available, Just 1 mile outside Halesworth on B1117. Rents start from £4.50psf to £5.00psf","https://www.rightmove.co.uk/properties/132878654#/?channel=COM_LET","2023-03-23T14:25:47Z","","size_change","Marketed by Fennel Chartered Surveyors, Halesworth","","52.33082","1.4874","https://media.rightmove.co.uk:443/dir/crop/10:9-16:9/118k/117463/132878654/117463_whitehousecookley_IMG_00_0002_max_476x317.jpeg; https://media.rightmove.co.uk:443/dir/crop/10:9-16:9/118k/117463/132878654/117463_whitehousecookley_IMG_01_0001_max_476x317.jpeg; https://media.rightmove.co.uk:443/dir/crop/10:9-16:9/118k/117463/132878654/117463_whitehousecookley_IMG_02_0001_max_476x317.jpeg"
"166303508","Suffolk","Office","High Street, Southwold, Suffolk, IP18","£3,000 pcm","","1","","Sitting prominently on Southwold’s High Street close to the Post office and opposite Adnams shop, this fine Victorian property offers aprox. 1625 sq/ft set over three floors. The property has been home to Southwold’s dental practice which is relocating within the area. You ...","https://www.rightmove.co.uk/properties/166303508#/?channel=COM_LET","2025-08-28T12:13:45Z","","new","Marketed by Winkworth, Southwold","","52.327413","1.676779","https://media.rightmove.co.uk:443/dir/crop/10:9-16:9/212k/211355/166303508/211355_SOW250096_L_IMG_00_0000_max_476x317.jpeg; https://media.rightmove.co.uk:443/dir/crop/10:9-16:9/212k/211355/166303508/211355_SOW250096_L_IMG_01_0000_max_476x317.jpeg; https://media.rightmove.co.uk:443/dir/crop/10:9-16:9/212k/211355/166303508/211355_SOW250096_L_IMG_02_0000_max_476x317.jpeg; https://media.rightmove.co.uk:443/dir/crop/10:9-16:9/212k/211355/166303508/211355_SOW250096_L_IMG_03_0000_max_476x317.jpeg; https://media.rightmove.co.uk:443/dir/crop/10:9-16:9/212k/211355/166303508/211355_SOW250096_L_IMG_04_0000_max_476x317.jpeg; https://media.rightmove.co.uk:443/dir/crop/10:9-16:9/212k/211355/166303508/211355_SOW250096_L_IMG_05_0000_max_476x317.jpeg; https://media.rightmove.co.uk:443/dir/crop/10:9-16:9/212k/211355/166303508/211355_SOW250096_L_IMG_06_0000_max_476x317.jpeg; https://media.rightmove.co.uk:443/dir/crop/10:9-16:9/212k/211355/166303508/211355_SOW250096_L_IMG_07_0000_max_476x317.jpeg; https://media.rightmove.co.uk:443/dir/crop/10:9-16:9/212k/211355/166303508/211355_SOW250096_L_IMG_08_0000_max_476x317.jpeg"
"166272896","Suffolk","Office","The Slate Barn Manor Farm, Great Barton, Bury St Edmunds, IP31 2QR","£2,500 pcm","","","","This good quality open plan office within a barn conversion is located on the Manor Farm Estate within Great Barton, 4 miles from Bury St Edmunds town centre. The office is located a short distance off the A143 on Church Road. Situated in the Suffolk countryside, the premises is well suited for a...","https://www.rightmove.co.uk/properties/166272896#/?channel=COM_LET","2025-08-27T15:56:57Z","","new","Marketed by Merrifields, Suffolk","","52.264461","0.768867","https://media.rightmove.co.uk:443/dir/crop/10:9-16:9/property-photo/d4e38054c/166272896/d4e38054ccba04a14a9b0c44c561ba8b_max_476x317.jpeg; https://media.rightmove.co.uk:443/dir/crop/10:9-16:9/property-photo/a9a874ea6/166272896/a9a874ea655bb4e07340ba4d721d264a_max_476x317.jpeg; https://media.rightmove.co.uk:443/dir/crop/10:9-16:9/property-photo/e81d1c2c5/166272896/e81d1c2c524754ed0753f77be95c357a_max_476x317.jpeg; https://media.rightmove.co.uk:443/dir/crop/10:9-16:9/property-photo/cd2def369/166272896/cd2def36962f99af295765f5a1484851_max_476x317.jpeg; https://media.rightmove.co.uk:443/dir/crop/10:9-16:9/property-photo/a306a2fd9/166272896/a306a2fd935f37341b6c4aaf5eaab00a_max_476x317.jpeg; https://media.rightmove.co.uk:443/dir/crop/10:9-16:9/property-photo/dff7c81df/166272896/dff7c81df54423015059929a0265b4cb_max_476x317.jpeg; https://media.rightmove.co.uk:443/dir/crop/10:9-16:9/property-photo/dc9fc0b5e/166272896/dc9fc0b5e8bb45044062e12ae0671901_max_476x317.jpeg; https://media.rightmove.co.uk:443/dir/crop/10:9-16:9/property-photo/8832a8a74/166272896/8832a8a74153c6edcf53759b55f30e01_max_476x317.jpeg; https://media.rightmove.co.uk:443/dir/crop/10:9-16:9/property-photo/094a84295/166272896/094a84295a6e3bc8159f0e89bbef4a81_max_476x317.jpeg"
"166271588","Suffolk","Light Industrial","Harleston, Stowmarket, Suffolk, IP14","£400 pcm","","","","Timber framed former agricultural building offering a GIA of approximately 82.91 sqm (892 sqft). Convenient access to the A14 and Stowmarket.","https://www.rightmove.co.uk/properties/166271588#/?channel=COM_LET","2025-08-27T15:40:29Z","","new","Marketed by Lacy Scott & Knight Commercial, Stowmarket","","52.200986","0.948031","https://media.rightmove.co.uk:443/dir/crop/10:9-16:9/230k/229859/166271588/229859_SCL240021_L_IMG_00_0000_max_476x317.jpeg; https://media.rightmove.co.uk:443/dir/crop/10:9-16:9/230k/229859/166271588/229859_SCL240021_L_IMG_01_0000_max_476x317.jpeg; https://media.rightmove.co.uk:443/dir/crop/10:9-16:9/230k/229859/166271588/229859_SCL240021_L_IMG_02_0000_max_476x317.jpeg; https://media.rightmove.co.uk:443/dir/crop/10:9-16:9/230k/229859/166271588/229859_SCL240021_L_IMG_03_0000_max_476x317.jpeg; https://media.rightmove.co.uk:443/dir/crop/10:9-16:9/230k/229859/166271588/229859_SCL240021_L_IMG_04_0000_max_476x317.jpeg; https://media.rightmove.co.uk:443/dir/crop/10:9-16:9/230k/229859/166271588/229859_SCL240021_L_IMG_05_0000_max_476x317.jpeg; https://media.rightmove.co.uk:443/dir/crop/10:9-16:9/230k/229859/166271588/229859_SCL240021_L_IMG_06_0000_max_476x317.jpeg; https://media.rightmove.co.uk:443/dir/crop/10:9-16:9/230k/229859/166271588/229859_SCL240021_L_IMG_07_0000_max_476x317.jpeg; https://media.rightmove.co.uk:443/dir/crop/10:9-16:9/230k/229859/166271588/229859_SCL240021_L_IMG_08_0000_max_476x317.jpeg"
"104609009","Suffolk","Office","Office, Waveney Road, Lowestoft, Suffolk, NR32","£200 pcm","","","","Self contained first floor office with WC facilities and off road parking. Available immediately","https://www.rightmove.co.uk/properties/104609009#/?channel=COM_LET","2021-03-26T16:28:41Z","","new","Marketed by Olivers, Beccles","","52.47391","1.75192","https://media.rightmove.co.uk:443/dir/crop/10:9-16:9/171k/170552/104609009/170552_PC01L_IMG_01_0000_max_476x317.jpeg; https://media.rightmove.co.uk:443/dir/crop/10:9-16:9/171k/170552/104609009/170552_PC01L_IMG_03_0000_max_476x317.jpeg; https://media.rightmove.co.uk:443/dir/crop/10:9-16:9/171k/170552/104609009/170552_PC01L_IMG_02_0000_max_476x317.jpeg; https://media.rightmove.co.uk:443/dir/crop/10:9-16:9/171k/170552/104609009/170552_PC01L_IMG_00_0000_max_476x317.jpeg"
"150832172","Suffolk","Office","Eastern Way, Bury St. Edmunds, Suffolk, IP32","£653 pcm","","","2","Ground-floor 386 sq ft business unit in Bury St Edmunds, ideal for studios, wellness, creative, or professional businesses. Centrally located near cafés, shops, and transport links - a versatile space for small or micro businesses.","https://www.rightmove.co.uk/properties/150832172#/?channel=COM_LET","2024-07-31T14:20:24Z","","new","Marketed by Menta, Suffolk","","52.25113","0.72604","https://media.rightmove.co.uk:443/dir/crop/10:9-16:9/275k/274565/150832172/274565_unit2_IMG_03_0001_max_476x317.jpeg; https://media.rightmove.co.uk:443/dir/crop/10:9-16:9/275k/274565/150832172/274565_unit2_IMG_01_0000_max_476x317.jpeg; https://media.rightmove.co.uk:443/dir/crop/10:9-16:9/275k/274565/150832172/274565_unit2_IMG_00_0000_max_476x317.jpeg; https://media.rightmove.co.uk:443/dir/crop/10:9-16:9/275k/274565/150832172/274565_unit2_IMG_02_0001_max_476x317.jpeg"
"166229921","Suffolk","Office","Tuddenham, Ipswich","£1,458 pcm","","","","A former farm building that now offers ground floor office / gym / studio space in a delightful rural location just north of Ipswich.  ","https://www.rightmove.co.uk/properties/166229921#/?channel=COM_LET","2025-08-26T16:09:02Z","","new","Marketed by Clarke and Simpson Commercial, Framlingham","","52.094566","1.210908","https://media.rightmove.co.uk:443/dir/crop/10:9-16:9/property-photo/ef1234a61/166229921/ef1234a61019b3853f4c03956511aa9f_max_476x317.jpeg; https://media.rightmove.co.uk:443/dir/crop/10:9-16:9/property-photo/8d9a5a680/166229921/8d9a5a6803414a1aea1352e58ad92ee5_max_476x317.jpeg; https://media.rightmove.co.uk:443/dir/crop/10:9-16:9/property-photo/2329b7084/166229921/2329b70844dacf3f325f50fe8c888439_max_476x317.jpeg; https://media.rightmove.co.uk:443/dir/crop/10:9-16:9/property-photo/ee42044e2/166229921/ee42044e2396f99c5f677fce63883514_max_476x317.jpeg; https://media.rightmove.co.uk:443/dir/crop/10:9-16:9/property-photo/7c6761121/166229921/7c67611215237fde9a2d6f5450e035aa_max_476x317.jpeg; https://media.rightmove.co.uk:443/dir/crop/10:9-16:9/property-photo/ed04bed77/166229921/ed04bed778981c4ea848a435902c2177_max_476x317.jpeg; https://media.rightmove.co.uk:443/dir/crop/10:9-16:9/property-photo/ba9a121cf/166229921/ba9a121cf9197dac3f732d1271b5087f_max_476x317.jpeg; https://media.rightmove.co.uk:443/dir/crop/10:9-16:9/property-photo/d003381b6/166229921/d003381b657cc24f24898687f131d2b5_max_476x317.jpeg"
"169352939","Suffolk","Restaurant","Denmark Road, Lowestoft","£1,400 pcm","","3","1","Minors and Brady Lettings are pleased to present this versatile and spacious commercial premises located in a prime position in central Lowestoft. Previously operating as a well-regarded Thai restaurant, this three-storey property presents an exciting opportunity for those looking to launch or gr...","https://www.rightmove.co.uk/properties/169352939#/?channel=COM_LET","2025-11-14T15:10:37Z","","price_reduced","Marketed by Minors & Brady, Wroxham","","52.474739","1.750081","https://media.rightmove.co.uk:443/dir/crop/10:9-16:9/123k/122296/169352939/122296_d44d1047-92d1-448b-bd5e-9f1e921486ec_IMG_00_0000_max_476x317.jpeg; https://media.rightmove.co.uk:443/dir/crop/10:9-16:9/123k/122296/169352939/122296_d44d1047-92d1-448b-bd5e-9f1e921486ec_IMG_01_0000_max_476x317.jpeg; https://media.rightmove.co.uk:443/dir/crop/10:9-16:9/123k/122296/169352939/122296_d44d1047-92d1-448b-bd5e-9f1e921486ec_IMG_02_0000_max_476x317.jpeg; https://media.rightmove.co.uk:443/dir/crop/10:9-16:9/123k/122296/169352939/122296_d44d1047-92d1-448b-bd5e-9f1e921486ec_IMG_03_0000_max_476x317.jpeg; https://media.rightmove.co.uk:443/dir/crop/10:9-16:9/123k/122296/169352939/122296_d44d1047-92d1-448b-bd5e-9f1e921486ec_IMG_04_0000_max_476x317.jpeg; https://media.rightmove.co.uk:443/dir/crop/10:9-16:9/123k/122296/169352939/122296_d44d1047-92d1-448b-bd5e-9f1e921486ec_IMG_05_0000_max_476x317.jpeg; https://media.rightmove.co.uk:443/dir/crop/10:9-16:9/123k/122296/169352939/122296_d44d1047-92d1-448b-bd5e-9f1e921486ec_IMG_06_0000_max_476x317.jpeg; https://media.rightmove.co.uk:443/dir/crop/10:9-16:9/123k/122296/169352939/122296_d44d1047-92d1-448b-bd5e-9f1e921486ec_IMG_07_0000_max_476x317.jpeg; https://media.rightmove.co.uk:443/dir/crop/10:9-16:9/123k/122296/169352939/122296_d44d1047-92d1-448b-bd5e-9f1e921486ec_IMG_08_0000_max_476x317.jpeg; https://media.rightmove.co.uk:443/dir/crop/10:9-16:9/123k/122296/169352939/122296_d44d1047-92d1-448b-bd5e-9f1e921486ec_IMG_09_0000_max_476x317.jpeg; https://media.rightmove.co.uk:443/dir/crop/10:9-16:9/123k/122296/169352939/122296_d44d1047-92d1-448b-bd5e-9f1e921486ec_IMG_10_0000_max_476x317.jpeg; https://media.rightmove.co.uk:443/dir/crop/10:9-16:9/123k/122296/169352939/122296_d44d1047-92d1-448b-bd5e-9f1e921486ec_IMG_11_0000_max_476x317.jpeg; https://media.rightmove.co.uk:443/dir/crop/10:9-16:9/123k/122296/169352939/122296_d44d1047-92d1-448b-bd5e-9f1e921486ec_IMG_12_0000_max_476x317.jpeg; https://media.rightmove.co.uk:443/dir/crop/10:9-16:9/123k/122296/169352939/122296_d44d1047-92d1-448b-bd5e-9f1e921486ec_IMG_13_0000_max_476x317.jpeg; https://media.rightmove.co.uk:443/dir/crop/10:9-16:9/123k/122296/169352939/122296_d44d1047-92d1-448b-bd5e-9f1e921486ec_IMG_14_0000_max_476x317.jpeg; https://media.rightmove.co.uk:443/dir/crop/10:9-16:9/123k/122296/169352939/122296_d44d1047-92d1-448b-bd5e-9f1e921486ec_IMG_15_0000_max_476x317.jpeg; https://media.rightmove.co.uk:443/dir/crop/10:9-16:9/123k/122296/169352939/122296_d44d1047-92d1-448b-bd5e-9f1e921486ec_IMG_16_0000_max_476x317.jpeg; https://media.rightmove.co.uk:443/dir/crop/10:9-16:9/123k/122296/169352939/122296_d44d1047-92d1-448b-bd5e-9f1e921486ec_IMG_17_0000_max_476x317.jpeg; https://media.rightmove.co.uk:443/dir/crop/10:9-16:9/123k/122296/169352939/122296_d44d1047-92d1-448b-bd5e-9f1e921486ec_IMG_18_0000_max_476x317.jpeg; https://media.rightmove.co.uk:443/dir/crop/10:9-16:9/123k/122296/169352939/122296_d44d1047-92d1-448b-bd5e-9f1e921486ec_IMG_19_0000_max_476x317.jpeg; https://media.rightmove.co.uk:443/dir/crop/10:9-16:9/123k/122296/169352939/122296_d44d1047-92d1-448b-bd5e-9f1e921486ec_IMG_20_0000_max_476x317.jpeg"
"162486089","Suffolk","Light Industrial","Nacton Road, Ipswich","£750 pcm","","","","A purpose built, ground floor office/storage/training centre which also has Class F1 Use. Available from November 2025.","https://www.rightmove.co.uk/properties/162486089#/?channel=COM_LET","2025-05-27T16:30:38Z","","price_reduced","Marketed by Clarke and Simpson Commercial, Framlingham","","52.034966","1.197999","https://media.rightmove.co.uk:443/dir/crop/10:9-16:9/property-photo/dcdddfeb8/162486089/dcdddfeb891d2f66676272d187303877_max_476x317.jpeg; https://media.rightmove.co.uk:443/dir/crop/10:9-16:9/property-photo/68793d05e/162486089/68793d05e885f1777c784561abac1156_max_476x317.jpeg; https://media.rightmove.co.uk:443/dir/crop/10:9-16:9/property-photo/ffafcee05/162486089/ffafcee05f80737e3f38266b02433dad_max_476x317.jpeg; https://media.rightmove.co.uk:443/dir/crop/10:9-16:9/property-photo/3220147d4/162486089/3220147d47bc899086b7c619312adefc_max_476x317.jpeg; https://media.rightmove.co.uk:443/dir/crop/10:9-16:9/property-photo/f89869293/162486089/f898692937bd5c9e3c2baca0556608f4_max_476x317.jpeg"
"166070762","Suffolk","Warehouse","Waterloo Road, Ipswich, IP1","£900 pcm","","","","Nicholas Estates Commercial Department are pleased to bring to the market this 1550sq ft warehouse/workshop in IP1. The space includes multiple separate rooms, external storage, toilet and garden space. There is also space ...","https://www.rightmove.co.uk/properties/166070762#/?channel=COM_LET","2025-08-21T16:50:25Z","","new","Marketed by Nicholas Estates, Ipswich","","52.065084","1.137589","https://media.rightmove.co.uk:443/dir/crop/10:9-16:9/16k/15529/166070762/15529_10703290_IMG_00_0000_max_476x317.jpeg; https://media.rightmove.co.uk:443/dir/crop/10:9-16:9/16k/15529/166070762/15529_10703290_IMG_01_0000_max_476x317.jpeg; https://media.rightmove.co.uk:443/dir/crop/10:9-16:9/16k/15529/166070762/15529_10703290_IMG_02_0000_max_476x317.jpeg; https://media.rightmove.co.uk:443/dir/crop/10:9-16:9/16k/15529/166070762/15529_10703290_IMG_03_0000_max_476x317.jpeg; https://media.rightmove.co.uk:443/dir/crop/10:9-16:9/16k/15529/166070762/15529_10703290_IMG_04_0000_max_476x317.jpeg; https://media.rightmove.co.uk:443/dir/crop/10:9-16:9/16k/15529/166070762/15529_10703290_IMG_05_0000_max_476x317.jpeg; https://media.rightmove.co.uk:443/dir/crop/10:9-16:9/16k/15529/166070762/15529_10703290_IMG_06_0000_max_476x317.jpeg; https://media.rightmove.co.uk:443/dir/crop/10:9-16:9/16k/15529/166070762/15529_10703290_IMG_07_0000_max_476x317.jpeg; https://media.rightmove.co.uk:443/dir/crop/10:9-16:9/16k/15529/166070762/15529_10703290_IMG_08_0000_max_476x317.jpeg"
"721605213390544","Suffolk","Distribution Warehouse","Unit 22 James Carter Road, Mildenhall, IP28 7DE","£2,271 pcm","","","","Well Presented Light Industrial Unit To Let","https://www.rightmove.co.uk/properties/721605213390544#/?channel=COM_LET","2025-11-26T12:11:03Z","","new","Marketed by Hazells, Bury St Edmunds","","52.353408","0.500747","https://media.rightmove.co.uk:443/dir/crop/10:9-16:9/287k/286808/721605213390544/286808_327004-2_IMG_00_0000_max_476x317.jpeg; https://media.rightmove.co.uk:443/dir/crop/10:9-16:9/287k/286808/721605213390544/286808_327004-2_IMG_01_0000_max_476x317.jpeg; https://media.rightmove.co.uk:443/dir/crop/10:9-16:9/287k/286808/721605213390544/286808_327004-2_IMG_02_0000_max_476x317.jpeg; https://media.rightmove.co.uk:443/dir/crop/10:9-16:9/287k/286808/721605213390544/286808_327004-2_IMG_03_0000_max_476x317.jpeg; https://media.rightmove.co.uk:443/dir/crop/10:9-16:9/287k/286808/721605213390544/286808_327004-2_IMG_04_0000_max_476x317.jpeg; https://media.rightmove.co.uk:443/dir/crop/10:9-16:9/287k/286808/721605213390544/286808_327004-2_IMG_05_0000_max_476x317.jpeg"
"165957506","Suffolk","Cafe","Gateway 14, Stowmarket, Suffolk, Ipswich, IP14 5BP","POA","","","","A3 Licenced Cafe' in the upcoming Stowmarket Innovation Gateway is a dynamic hub for business growth, training, and innovation in Stowmarket. It offers support services, flexible workspace, and a vibrant ecosystem for start-ups and SMEs.","https://www.rightmove.co.uk/properties/165957506#/?channel=COM_LET","2025-08-19T15:28:50Z","","size_change","Marketed by HETHEL INNOVATION LTD, Norwich","","52.17797","1.02657","https://media.rightmove.co.uk:443/dir/crop/10:9-16:9/287k/286496/165957506/286496_SIGcafe_IMG_00_0000_max_476x317.jpeg; https://media.rightmove.co.uk:443/dir/crop/10:9-16:9/287k/286496/165957506/286496_SIGcafe_IMG_01_0000_max_476x317.jpeg"
"165956879","Suffolk","Serviced Office","IP14","POA","","","","Pod desk in the upcoming Freeport East Stowmarket Innovation Gateway, a dynamic hub for business growth, training, and innovation in Stowmarket. It offers support services, flexible workspace, and a vibrant ecosystem for start-ups and SMEs","https://www.rightmove.co.uk/properties/165956879#/?channel=COM_LET","2025-08-19T15:18:27Z","","size_change","Marketed by HETHEL INNOVATION LTD, Norwich","","52.17925","1.02406","https://media.rightmove.co.uk:443/dir/crop/10:9-16:9/287k/286496/165956879/286496_SIGPod_IMG_05_0000_max_476x317.jpeg; https://media.rightmove.co.uk:443/dir/crop/10:9-16:9/287k/286496/165956879/286496_SIGPod_IMG_01_0000_max_476x317.jpeg; https://media.rightmove.co.uk:443/dir/crop/10:9-16:9/287k/286496/165956879/286496_SIGPod_IMG_00_0000_max_476x317.jpeg; https://media.rightmove.co.uk:443/dir/crop/10:9-16:9/287k/286496/165956879/286496_SIGPod_IMG_04_0000_max_476x317.jpeg; https://media.rightmove.co.uk:443/dir/crop/10:9-16:9/287k/286496/165956879/286496_SIGPod_IMG_03_0000_max_476x317.png; https://media.rightmove.co.uk:443/dir/crop/10:9-16:9/287k/286496/165956879/286496_SIGPod_IMG_06_0000_max_476x317.jpeg"
"165955055","Suffolk","Office","Gateway 14, Stowmarket, Suffolk, Ipswich, IP14 5BP","POA","","","","Freeport East Stowmarket Innovation Gateway, a dynamic hub for business growth, training, and innovation in Stowmarket. It offers support services, flexible workspace, and a vibrant ecosystem for start-ups and SMEs","https://www.rightmove.co.uk/properties/165955055#/?channel=COM_LET","2025-08-19T15:01:29Z","","new","Marketed by HETHEL INNOVATION LTD, Norwich","","52.17933","1.02389","https://media.rightmove.co.uk:443/dir/crop/10:9-16:9/287k/286496/165955055/286496_SIG_IMG_05_0000_max_476x317.jpeg; https://media.rightmove.co.uk:443/dir/crop/10:9-16:9/287k/286496/165955055/286496_SIG_IMG_06_0000_max_476x317.jpeg; https://media.rightmove.co.uk:443/dir/crop/10:9-16:9/287k/286496/165955055/286496_SIG_IMG_07_0000_max_476x317.jpeg; https://media.rightmove.co.uk:443/dir/crop/10:9-16:9/287k/286496/165955055/286496_SIG_IMG_00_0000_max_476x317.jpeg; https://media.rightmove.co.uk:443/dir/crop/10:9-16:9/287k/286496/165955055/286496_SIG_IMG_08_0000_max_476x317.jpeg; https://media.rightmove.co.uk:443/dir/crop/10:9-16:9/287k/286496/165955055/286496_SIG_IMG_04_0000_max_476x317.jpeg; https://media.rightmove.co.uk:443/dir/crop/10:9-16:9/287k/286496/165955055/286496_SIG_IMG_03_0000_max_476x317.png"
"165948965","Suffolk","Warehouse","Weavers Lane, Sudbury, Suffolk, CO10","£10,000 pcm","","","","The property comprises part of a former Silk Mill offering warehouse, office, and workshop space on a site of 1 acre (subject to survey). With access from Weavers Lane the site includes a large yard and ample on site car parking. LOCATION The property is accessed off the A131, via Weavers Lane....","https://www.rightmove.co.uk/properties/165948965#/?channel=COM_LET","2025-08-19T13:19:01Z","","new","Marketed by Fenn Wright, Colchester Business Park Commercial Sales & Lettings","","52.038857","0.727547","https://media.rightmove.co.uk:443/dir/crop/10:9-16:9/182k/181355/165948965/181355_14870808LH_IMG_00_0000_max_476x317.jpeg; https://media.rightmove.co.uk:443/dir/crop/10:9-16:9/182k/181355/165948965/181355_14870808LH_IMG_01_0000_max_476x317.jpeg; https://media.rightmove.co.uk:443/dir/crop/10:9-16:9/182k/181355/165948965/181355_14870808LH_IMG_02_0000_max_476x317.jpeg; https://media.rightmove.co.uk:443/dir/crop/10:9-16:9/182k/181355/165948965/181355_14870808LH_IMG_03_0000_max_476x317.jpeg; https://media.rightmove.co.uk:443/dir/crop/10:9-16:9/182k/181355/165948965/181355_14870808LH_IMG_04_0000_max_476x317.jpeg; https://media.rightmove.co.uk:443/dir/crop/10:9-16:9/182k/181355/165948965/181355_14870808LH_IMG_05_0000_max_476x317.jpeg"
"151152503","Suffolk","Warehouse","Warehouse and Offices, 209 Whapload Road, Lowestoft, Suffolk, NR32","£1,808 pcm","","","","Spacious warehouse unit with adjoined offices available for let, with roller shutter door and ample parking.","https://www.rightmove.co.uk/properties/151152503#/?channel=COM_LET","2024-08-09T11:28:44Z","","price_reduced","Marketed by Peter Colby Commercials Limited, Norwich","","52.48266","1.7582","https://media.rightmove.co.uk:443/dir/crop/10:9-16:9/123k/122056/151152503/122056_LOWWR209_IMG_11_0000_max_476x317.png; https://media.rightmove.co.uk:443/dir/crop/10:9-16:9/123k/122056/151152503/122056_LOWWR209_IMG_00_0000_max_476x317.jpeg; https://media.rightmove.co.uk:443/dir/crop/10:9-16:9/123k/122056/151152503/122056_LOWWR209_IMG_01_0000_max_476x317.jpeg; https://media.rightmove.co.uk:443/dir/crop/10:9-16:9/123k/122056/151152503/122056_LOWWR209_IMG_02_0000_max_476x317.jpeg; https://media.rightmove.co.uk:443/dir/crop/10:9-16:9/123k/122056/151152503/122056_LOWWR209_IMG_04_0000_max_476x317.jpeg; https://media.rightmove.co.uk:443/dir/crop/10:9-16:9/123k/122056/151152503/122056_LOWWR209_IMG_05_0000_max_476x317.jpeg; https://media.rightmove.co.uk:443/dir/crop/10:9-16:9/123k/122056/151152503/122056_LOWWR209_IMG_06_0000_max_476x317.jpeg; https://media.rightmove.co.uk:443/dir/crop/10:9-16:9/123k/122056/151152503/122056_LOWWR209_IMG_07_0000_max_476x317.jpeg; https://media.rightmove.co.uk:443/dir/crop/10:9-16:9/123k/122056/151152503/122056_LOWWR209_IMG_08_0000_max_476x317.jpeg; https://media.rightmove.co.uk:443/dir/crop/10:9-16:9/123k/122056/151152503/122056_LOWWR209_IMG_03_0000_max_476x317.jpeg; https://media.rightmove.co.uk:443/dir/crop/10:9-16:9/123k/122056/151152503/122056_LOWWR209_IMG_09_0000_max_476x317.jpeg; https://media.rightmove.co.uk:443/dir/crop/10:9-16:9/123k/122056/151152503/122056_LOWWR209_IMG_10_0000_max_476x317.jpeg"
"165800282","Suffolk","Commercial Property","Maisebrooke Farm, Bungay Road","£1,300 pcm","","","","A single storey Farm Shop & Cafe, measuring approx 220 square meters (720 st ft), set in the heart of Waveney valley countryside half way between Beccles & Bungay. The main area provides an open kitchen with the remainder being a farm produce shop and toilets. There`s also an enclosed gra...","https://www.rightmove.co.uk/properties/165800282#/?channel=COM_LET","2025-08-15T14:23:54Z","","new","Marketed by templewicks, Beccles","","52.45543","1.50741","https://media.rightmove.co.uk:443/dir/crop/10:9-16:9/57k/56269/165800282/56269_103589000822_IMG_00_0000_max_476x317.jpeg; https://media.rightmove.co.uk:443/dir/crop/10:9-16:9/57k/56269/165800282/56269_103589000822_IMG_01_0000_max_476x317.jpeg; https://media.rightmove.co.uk:443/dir/crop/10:9-16:9/57k/56269/165800282/56269_103589000822_IMG_02_0000_max_476x317.jpeg; https://media.rightmove.co.uk:443/dir/crop/10:9-16:9/57k/56269/165800282/56269_103589000822_IMG_03_0000_max_476x317.jpeg; https://media.rightmove.co.uk:443/dir/crop/10:9-16:9/57k/56269/165800282/56269_103589000822_IMG_04_0000_max_476x317.jpeg; https://media.rightmove.co.uk:443/dir/crop/10:9-16:9/57k/56269/165800282/56269_103589000822_IMG_05_0000_max_476x317.jpeg; https://media.rightmove.co.uk:443/dir/crop/10:9-16:9/57k/56269/165800282/56269_103589000822_IMG_06_0000_max_476x317.jpeg; https://media.rightmove.co.uk:443/dir/crop/10:9-16:9/57k/56269/165800282/56269_103589000822_IMG_07_0000_max_476x317.jpeg; https://media.rightmove.co.uk:443/dir/crop/10:9-16:9/57k/56269/165800282/56269_103589000822_IMG_08_0000_max_476x317.jpeg; https://media.rightmove.co.uk:443/dir/crop/10:9-16:9/57k/56269/165800282/56269_103589000822_IMG_09_0000_max_476x317.jpeg; https://media.rightmove.co.uk:443/dir/crop/10:9-16:9/57k/56269/165800282/56269_103589000822_IMG_10_0000_max_476x317.jpeg; https://media.rightmove.co.uk:443/dir/crop/10:9-16:9/57k/56269/165800282/56269_103589000822_IMG_11_0000_max_476x317.jpeg; https://media.rightmove.co.uk:443/dir/crop/10:9-16:9/57k/56269/165800282/56269_103589000822_IMG_12_0000_max_476x317.jpeg; https://media.rightmove.co.uk:443/dir/crop/10:9-16:9/57k/56269/165800282/56269_103589000822_IMG_13_0000_max_476x317.jpeg; https://media.rightmove.co.uk:443/dir/crop/10:9-16:9/57k/56269/165800282/56269_103589000822_IMG_14_0000_max_476x317.jpeg; https://media.rightmove.co.uk:443/dir/crop/10:9-16:9/57k/56269/165800282/56269_103589000822_IMG_15_0000_max_476x317.jpeg; https://media.rightmove.co.uk:443/dir/crop/10:9-16:9/57k/56269/165800282/56269_103589000822_IMG_16_0000_max_476x317.jpeg; https://media.rightmove.co.uk:443/dir/crop/10:9-16:9/57k/56269/165800282/56269_103589000822_IMG_17_0000_max_476x317.jpeg"
"145696142","Suffolk","Light Industrial","Newcombe Road, Lowestoft","£750 pcm","","","","Brand New Contemporary Business Units The Nexus development is a regeneration scheme carried out by East Suffolk Council of sixteen purpose built business units of varying sizes ranging from 35 sq m to 401.5 sq m. The units provide open plan production/storage areas with the opportunity to instal...","https://www.rightmove.co.uk/properties/145696142#/?channel=COM_LET","2024-03-13T14:48:14Z","","size_change","Marketed by Bycroft Commercial, Great Yarmouth","","52.4791","1.75855","https://media.rightmove.co.uk:443/dir/crop/10:9-16:9/211k/210365/145696142/210365_101177010803_IMG_08_0001_max_476x317.jpeg; https://media.rightmove.co.uk:443/dir/crop/10:9-16:9/211k/210365/145696142/210365_101177010803_IMG_07_0000_max_476x317.jpeg; https://media.rightmove.co.uk:443/dir/crop/10:9-16:9/211k/210365/145696142/210365_101177010803_IMG_05_0000_max_476x317.jpeg; https://media.rightmove.co.uk:443/dir/crop/10:9-16:9/211k/210365/145696142/210365_101177010803_IMG_09_0004_max_476x317.jpeg; https://media.rightmove.co.uk:443/dir/crop/10:9-16:9/211k/210365/145696142/210365_101177010803_IMG_03_0000_max_476x317.jpeg"
"165743039","Suffolk","Retail Property (high street)","9, All Saints Road, Lowestoft, Suffolk, NR33 0JL","£1,167 pcm","","","","The property has a prominent and attractive double frontage to All Saints Road and St Georges Road. Offering a unique 'all in' package that includes a high quality fit-out for both hairdressing and beauty, enabling a 'turn-key' start-up opportunity for any busy or established hairdresser wishing ...","https://www.rightmove.co.uk/properties/165743039#/?channel=COM_LET","2025-08-14T11:44:43Z","","new","Marketed by East Surveyors Limited, East Commercial","","52.45585","1.734442","https://media.rightmove.co.uk:443/dir/crop/10:9-16:9/78k/77169/165743039/77169_371LH_IMG_00_0001_max_476x317.jpeg; https://media.rightmove.co.uk:443/dir/crop/10:9-16:9/78k/77169/165743039/77169_371LH_IMG_01_0001_max_476x317.jpeg; https://media.rightmove.co.uk:443/dir/crop/10:9-16:9/78k/77169/165743039/77169_371LH_IMG_02_0001_max_476x317.jpeg; https://media.rightmove.co.uk:443/dir/crop/10:9-16:9/78k/77169/165743039/77169_371LH_IMG_03_0001_max_476x317.jpeg; https://media.rightmove.co.uk:443/dir/crop/10:9-16:9/78k/77169/165743039/77169_371LH_IMG_04_0001_max_476x317.jpeg; https://media.rightmove.co.uk:443/dir/crop/10:9-16:9/78k/77169/165743039/77169_371LH_IMG_05_0001_max_476x317.jpeg; https://media.rightmove.co.uk:443/dir/crop/10:9-16:9/78k/77169/165743039/77169_371LH_IMG_06_0001_max_476x317.jpeg; https://media.rightmove.co.uk:443/dir/crop/10:9-16:9/78k/77169/165743039/77169_371LH_IMG_07_0001_max_476x317.jpeg; https://media.rightmove.co.uk:443/dir/crop/10:9-16:9/78k/77169/165743039/77169_371LH_IMG_08_0001_max_476x317.jpeg; https://media.rightmove.co.uk:443/dir/crop/10:9-16:9/78k/77169/165743039/77169_371LH_IMG_09_0001_max_476x317.jpeg; https://media.rightmove.co.uk:443/dir/crop/10:9-16:9/78k/77169/165743039/77169_371LH_IMG_10_0001_max_476x317.jpeg; https://media.rightmove.co.uk:443/dir/crop/10:9-16:9/78k/77169/165743039/77169_371LH_IMG_11_0001_max_476x317.jpeg; https://media.rightmove.co.uk:443/dir/crop/10:9-16:9/78k/77169/165743039/77169_371LH_IMG_12_0001_max_476x317.jpeg; https://media.rightmove.co.uk:443/dir/crop/10:9-16:9/78k/77169/165743039/77169_371LH_IMG_13_0001_max_476x317.jpeg; https://media.rightmove.co.uk:443/dir/crop/10:9-16:9/78k/77169/165743039/77169_371LH_IMG_14_0001_max_476x317.jpeg"
"165406070","Suffolk","Commercial Property","Victoria Street, Felixstowe, IP11","£950 pcm","","","","Nicholas Estates Lettings Department are pleased to bring to the market this approximately 852 square ft commercial space in what was previously the Dorothy Perkins/Burton shop. The private entrance is located at the back of the building and is accessible from Victoria Street. Upon enter...","https://www.rightmove.co.uk/properties/165406070#/?channel=COM_LET","2025-08-06T10:47:35Z","","price_reduced","Marketed by Nicholas Estates, Ipswich","","51.962213","1.351934","https://media.rightmove.co.uk:443/dir/crop/10:9-16:9/16k/15529/165406070/15529_10701284_IMG_00_0000_max_476x317.jpeg; https://media.rightmove.co.uk:443/dir/crop/10:9-16:9/16k/15529/165406070/15529_10701284_IMG_01_0000_max_476x317.jpeg; https://media.rightmove.co.uk:443/dir/crop/10:9-16:9/16k/15529/165406070/15529_10701284_IMG_02_0000_max_476x317.jpeg; https://media.rightmove.co.uk:443/dir/crop/10:9-16:9/16k/15529/165406070/15529_10701284_IMG_03_0000_max_476x317.jpeg; https://media.rightmove.co.uk:443/dir/crop/10:9-16:9/16k/15529/165406070/15529_10701284_IMG_04_0000_max_476x317.jpeg; https://media.rightmove.co.uk:443/dir/crop/10:9-16:9/16k/15529/165406070/15529_10701284_IMG_05_0000_max_476x317.jpeg; https://media.rightmove.co.uk:443/dir/crop/10:9-16:9/16k/15529/165406070/15529_10701284_IMG_06_0000_max_476x317.jpeg; https://media.rightmove.co.uk:443/dir/crop/10:9-16:9/16k/15529/165406070/15529_10701284_IMG_07_0000_max_476x317.jpeg; https://media.rightmove.co.uk:443/dir/crop/10:9-16:9/16k/15529/165406070/15529_10701284_IMG_08_0000_max_476x317.jpeg; https://media.rightmove.co.uk:443/dir/crop/10:9-16:9/16k/15529/165406070/15529_10701284_IMG_09_0000_max_476x317.jpeg"
"83069600","Suffolk","Workshop","Norwich Road, Halesworth, Suffolk, IP19","£375 pcm","","","","Lockup workshop unit in the Halesworth Business Centre. Rent reduced to £4,500pa","https://www.rightmove.co.uk/properties/83069600#/?channel=COM_LET","2019-07-04T10:44:51Z","","new","Marketed by Fennel Chartered Surveyors, Halesworth","","52.35473","1.50926","https://media.rightmove.co.uk:443/dir/crop/10:9-16:9/118k/117463/83069600/117463_JNKIT_IMG_08_0000_max_476x317.jpeg; https://media.rightmove.co.uk:443/dir/crop/10:9-16:9/118k/117463/83069600/117463_JNKIT_IMG_09_0000_max_476x317.jpeg; https://media.rightmove.co.uk:443/dir/crop/10:9-16:9/118k/117463/83069600/117463_JNKIT_IMG_11_0000_max_476x317.jpeg; https://media.rightmove.co.uk:443/dir/crop/10:9-16:9/118k/117463/83069600/117463_JNKIT_IMG_05_0001_max_476x317.jpeg; https://media.rightmove.co.uk:443/dir/crop/10:9-16:9/118k/117463/83069600/117463_JNKIT_IMG_06_0000_max_476x317.jpeg; https://media.rightmove.co.uk:443/dir/crop/10:9-16:9/118k/117463/83069600/117463_JNKIT_IMG_07_0000_max_476x317.jpeg; https://media.rightmove.co.uk:443/dir/crop/10:9-16:9/118k/117463/83069600/117463_JNKIT_IMG_10_0000_max_476x317.jpeg; https://media.rightmove.co.uk:443/dir/crop/10:9-16:9/118k/117463/83069600/117463_JNKIT_IMG_12_0000_max_476x317.jpeg"
"154355675","Suffolk","Warehouse","Stanton Business Park, Shepherds Grove, Stanton, Bury St Edmunds, IP22 2PY","POA","","","","FOR SALE/TO LET TURNKEY opportunities up to 1m ft² - Plots from 2-68 Acres Stanton, IP22 2PY","https://www.rightmove.co.uk/properties/154355675#/?channel=COM_LET","2024-10-29T17:59:07Z","","size_change","Marketed by Savills, Margaret Street - Industrial","","52.328479","0.916094","https://media.rightmove.co.uk:443/dir/crop/10:9-16:9/215k/214130/154355675/214130_108853-2_IMG_00_0001_max_476x317.jpeg; https://media.rightmove.co.uk:443/dir/crop/10:9-16:9/215k/214130/154355675/214130_108853-2_IMG_01_0001_max_476x317.jpeg; https://media.rightmove.co.uk:443/dir/crop/10:9-16:9/215k/214130/154355675/214130_108853-2_IMG_03_0001_max_476x317.jpeg"
"165468680","Suffolk","Office","Suffolk House , Civic Drive, Ipswich, Suffolk, IP1","POA","","","","Shell 'n' core HQ accommodation available in Ipswich Town Centre. The Ground to Second floors currently offer dilapidated Cat A space and the third to Eighth are in a shell and core condition. The property includes passenger lifts, basement ancillary space, male/female and disabled WCs, parking...","https://www.rightmove.co.uk/properties/165468680#/?channel=COM_LET","2025-08-07T14:06:48Z","","size_change","Marketed by Lambert Smith Hampton, London","","52.056766","1.147836","https://media.rightmove.co.uk:443/dir/crop/10:9-16:9/183k/182516/165468680/182516_2045663LH_IMG_00_0000_max_476x317.jpeg; https://media.rightmove.co.uk:443/dir/crop/10:9-16:9/183k/182516/165468680/182516_2045663LH_IMG_09_0001_max_476x317.jpeg; https://media.rightmove.co.uk:443/dir/crop/10:9-16:9/183k/182516/165468680/182516_2045663LH_IMG_02_0000_max_476x317.jpeg; https://media.rightmove.co.uk:443/dir/crop/10:9-16:9/183k/182516/165468680/182516_2045663LH_IMG_03_0000_max_476x317.jpeg; https://media.rightmove.co.uk:443/dir/crop/10:9-16:9/183k/182516/165468680/182516_2045663LH_IMG_04_0000_max_476x317.jpeg; https://media.rightmove.co.uk:443/dir/crop/10:9-16:9/183k/182516/165468680/182516_2045663LH_IMG_05_0000_max_476x317.jpeg; https://media.rightmove.co.uk:443/dir/crop/10:9-16:9/183k/182516/165468680/182516_2045663LH_IMG_07_0000_max_476x317.jpeg; https://media.rightmove.co.uk:443/dir/crop/10:9-16:9/183k/182516/165468680/182516_2045663LH_IMG_08_0000_max_476x317.jpeg"
"159047726","Suffolk","Retail Property (high street)","London Road North, Lowestoft","£417 pcm","","","","London Road North, Lowestoft Newly Refurbished Shop/Commercial Unit for Lease – Special Introductory Offer! First Year’s Rent Only £5,000. Length of term: reasonable length (negotiable) This is an exciting opportunity to secure a newly refurbished retail or commercial u...","https://www.rightmove.co.uk/properties/159047726#/?channel=COM_LET","2025-03-05T19:20:22Z","","new","Marketed by Steel & Co Commercial Property Services, Lowestoft","","52.475697","1.752496","https://media.rightmove.co.uk:443/dir/crop/10:9-16:9/66k/65427/159047726/65427_11821465_IMG_00_0000_max_476x317.jpeg; https://media.rightmove.co.uk:443/dir/crop/10:9-16:9/66k/65427/159047726/65427_11821465_IMG_01_0000_max_476x317.jpeg; https://media.rightmove.co.uk:443/dir/crop/10:9-16:9/66k/65427/159047726/65427_11821465_IMG_02_0000_max_476x317.jpeg; https://media.rightmove.co.uk:443/dir/crop/10:9-16:9/66k/65427/159047726/65427_11821465_IMG_03_0000_max_476x317.jpeg; https://media.rightmove.co.uk:443/dir/crop/10:9-16:9/66k/65427/159047726/65427_11821465_IMG_04_0000_max_476x317.jpeg"
"721605202904097","Suffolk","Distribution Warehouse","3 Boldero Road, Bury St. Edmunds, IP32 7BS","£2,688 pcm","","","","Light Industrial Unit To Let","https://www.rightmove.co.uk/properties/721605202904097#/?channel=COM_LET","2025-11-26T12:11:07Z","","new","Marketed by Hazells, Bury St Edmunds","","52.239783","0.74799","https://media.rightmove.co.uk:443/dir/crop/10:9-16:9/287k/286808/721605202904097/286808_318448-2_IMG_00_0000_max_476x317.jpeg; https://media.rightmove.co.uk:443/dir/crop/10:9-16:9/287k/286808/721605202904097/286808_318448-2_IMG_01_0000_max_476x317.jpeg; https://media.rightmove.co.uk:443/dir/crop/10:9-16:9/287k/286808/721605202904097/286808_318448-2_IMG_02_0000_max_476x317.jpeg; https://media.rightmove.co.uk:443/dir/crop/10:9-16:9/287k/286808/721605202904097/286808_318448-2_IMG_03_0000_max_476x317.jpeg; https://media.rightmove.co.uk:443/dir/crop/10:9-16:9/287k/286808/721605202904097/286808_318448-2_IMG_04_0000_max_476x317.jpeg"
"165426251","Suffolk","Pub","E-519576 - Shadingfield Fox, London Road, Beccles NR34 8DD","POA","","","","Picturesque Suffolk village location, Spacious detached premises with circa 34 solar panels, Three-bedroom private accommodation, Bar (16) Sung (12) Conservatory (16), Trade garden (52) and car park (25)","https://www.rightmove.co.uk/properties/165426251#/?channel=COM_LET","2025-08-06T15:18:49Z","","new","Marketed by Fleurets Limited, East","","52.41335","1.57755","https://media.rightmove.co.uk:443/dir/crop/10:9-16:9/55k/54756/165426251/54756_E-519576_IMG_00_0000_max_476x317.jpeg; https://media.rightmove.co.uk:443/dir/crop/10:9-16:9/55k/54756/165426251/54756_E-519576_IMG_01_0000_max_476x317.jpeg; https://media.rightmove.co.uk:443/dir/crop/10:9-16:9/55k/54756/165426251/54756_E-519576_IMG_02_0000_max_476x317.jpeg; https://media.rightmove.co.uk:443/dir/crop/10:9-16:9/55k/54756/165426251/54756_E-519576_IMG_03_0000_max_476x317.jpeg; https://media.rightmove.co.uk:443/dir/crop/10:9-16:9/55k/54756/165426251/54756_E-519576_IMG_04_0000_max_476x317.jpeg; https://media.rightmove.co.uk:443/dir/crop/10:9-16:9/55k/54756/165426251/54756_E-519576_IMG_05_0000_max_476x317.jpeg; https://media.rightmove.co.uk:443/dir/crop/10:9-16:9/55k/54756/165426251/54756_E-519576_IMG_06_0000_max_476x317.jpeg; https://media.rightmove.co.uk:443/dir/crop/10:9-16:9/55k/54756/165426251/54756_E-519576_IMG_07_0000_max_476x317.jpeg; https://media.rightmove.co.uk:443/dir/crop/10:9-16:9/55k/54756/165426251/54756_E-519576_IMG_08_0000_max_476x317.jpeg; https://media.rightmove.co.uk:443/dir/crop/10:9-16:9/55k/54756/165426251/54756_E-519576_IMG_09_0000_max_476x317.jpeg; https://media.rightmove.co.uk:443/dir/crop/10:9-16:9/55k/54756/165426251/54756_E-519576_IMG_10_0000_max_476x317.jpeg; https://media.rightmove.co.uk:443/dir/crop/10:9-16:9/55k/54756/165426251/54756_E-519576_IMG_11_0000_max_476x317.jpeg; https://media.rightmove.co.uk:443/dir/crop/10:9-16:9/55k/54756/165426251/54756_E-519576_IMG_12_0000_max_476x317.jpeg; https://media.rightmove.co.uk:443/dir/crop/10:9-16:9/55k/54756/165426251/54756_E-519576_IMG_13_0000_max_476x317.jpeg; https://media.rightmove.co.uk:443/dir/crop/10:9-16:9/55k/54756/165426251/54756_E-519576_IMG_14_0000_max_476x317.jpeg; https://media.rightmove.co.uk:443/dir/crop/10:9-16:9/55k/54756/165426251/54756_E-519576_IMG_15_0000_max_476x317.jpeg; https://media.rightmove.co.uk:443/dir/crop/10:9-16:9/55k/54756/165426251/54756_E-519576_IMG_16_0000_max_476x317.jpeg"
"165425711","Suffolk","Warehouse","Unit 6, New Court, Wimbledon Avenue, Brandon, Suffolk, IP27 0NZ","£1,058 pcm","","","","The property is a small warehouse / industrial unit of steel frame construction under a pitched roof, with a concrete floor, roller shutter door, 3 phase electric supply and forecourt car parking.. The unit forms part of a terrace and will be sub divided prior to tenant occupation. Alternatively ...","https://www.rightmove.co.uk/properties/165425711#/?channel=COM_LET","2025-08-06T15:11:03Z","","size_change","Marketed by Eddisons Commercial Limited, Bury St. Edmunds","","52.437874","0.608993","https://media.rightmove.co.uk:443/dir/crop/10:9-16:9/237k/236930/165425711/236930_3023149LH_IMG_00_0000_max_476x317.jpeg; https://media.rightmove.co.uk:443/dir/crop/10:9-16:9/237k/236930/165425711/236930_3023149LH_IMG_01_0000_max_476x317.jpeg; https://media.rightmove.co.uk:443/dir/crop/10:9-16:9/237k/236930/165425711/236930_3023149LH_IMG_02_0000_max_476x317.jpeg"
"721604133357809","Suffolk","Office","Hollands Road Business Centre, 21-27 Hollands Road, Haverhill, CB9 8PU","£665 pcm","","","","Class E/Business Units to Let on Flexible Terms","https://www.rightmove.co.uk/properties/721604133357809#/?channel=COM_LET","2025-11-26T12:10:04Z","","size_change","Marketed by Hazells, Bury St Edmunds","","52.073954","0.444515","https://media.rightmove.co.uk:443/dir/crop/10:9-16:9/287k/286808/721604133357809/286808_229037-2_IMG_00_0000_max_476x317.jpeg; https://media.rightmove.co.uk:443/dir/crop/10:9-16:9/287k/286808/721604133357809/286808_229037-2_IMG_01_0000_max_476x317.jpeg; https://media.rightmove.co.uk:443/dir/crop/10:9-16:9/287k/286808/721604133357809/286808_229037-2_IMG_02_0000_max_476x317.jpeg; https://media.rightmove.co.uk:443/dir/crop/10:9-16:9/287k/286808/721604133357809/286808_229037-2_IMG_03_0000_max_476x317.jpeg; https://media.rightmove.co.uk:443/dir/crop/10:9-16:9/287k/286808/721604133357809/286808_229037-2_IMG_04_0000_max_476x317.jpeg; https://media.rightmove.co.uk:443/dir/crop/10:9-16:9/287k/286808/721604133357809/286808_229037-2_IMG_05_0000_max_476x317.jpeg; https://media.rightmove.co.uk:443/dir/crop/10:9-16:9/287k/286808/721604133357809/286808_229037-2_IMG_06_0000_max_476x317.jpeg"
"721604112454225","Suffolk","Serviced Office","First Floor Office, St. Andrews Castle, 33 St. Andrews Street South, Bury St. Edmunds, IP33 3PH","£1,400 pcm","","","","Serviced Office Suite To Let","https://www.rightmove.co.uk/properties/721604112454225#/?channel=COM_LET","2025-11-26T12:10:22Z","","size_change","Marketed by Hazells, Bury St Edmunds","","52.24322","0.711022","https://media.rightmove.co.uk:443/dir/crop/10:9-16:9/287k/286808/721604112454225/286808_210863-2_IMG_00_0000_max_476x317.jpeg; https://media.rightmove.co.uk:443/dir/crop/10:9-16:9/287k/286808/721604112454225/286808_210863-2_IMG_01_0000_max_476x317.jpeg; https://media.rightmove.co.uk:443/dir/crop/10:9-16:9/287k/286808/721604112454225/286808_210863-2_IMG_02_0000_max_476x317.jpeg; https://media.rightmove.co.uk:443/dir/crop/10:9-16:9/287k/286808/721604112454225/286808_210863-2_IMG_03_0000_max_476x317.jpeg; https://media.rightmove.co.uk:443/dir/crop/10:9-16:9/287k/286808/721604112454225/286808_210863-2_IMG_04_0000_max_476x317.jpeg"
"165326279","Suffolk","Light Industrial","Maitland Road, Lion Barn Industrial Estate, IP6","£1,917 pcm","","","","A recently refurbished detached industrial warehouse with offices situated on the modern purpose-built Lion Barn industrial estate","https://www.rightmove.co.uk/properties/165326279#/?channel=COM_LET","2025-08-04T14:05:13Z","","new","Marketed by Elsom Spettigue Associates, Suffolk","","52.14833","1.06189","https://media.rightmove.co.uk:443/dir/crop/10:9-16:9/288k/287816/165326279/287816_6Lionbarn_IMG_00_0000_max_476x317.jpeg; https://media.rightmove.co.uk:443/dir/crop/10:9-16:9/288k/287816/165326279/287816_6Lionbarn_IMG_01_0000_max_476x317.jpeg; https://media.rightmove.co.uk:443/dir/crop/10:9-16:9/288k/287816/165326279/287816_6Lionbarn_IMG_02_0000_max_476x317.jpeg; https://media.rightmove.co.uk:443/dir/crop/10:9-16:9/288k/287816/165326279/287816_6Lionbarn_IMG_03_0000_max_476x317.jpeg; https://media.rightmove.co.uk:443/dir/crop/10:9-16:9/288k/287816/165326279/287816_6Lionbarn_IMG_04_0000_max_476x317.jpeg; https://media.rightmove.co.uk:443/dir/crop/10:9-16:9/288k/287816/165326279/287816_6Lionbarn_IMG_05_0000_max_476x317.jpeg; https://media.rightmove.co.uk:443/dir/crop/10:9-16:9/288k/287816/165326279/287816_6Lionbarn_IMG_06_0000_max_476x317.jpeg"
"149321006","Suffolk","Serviced Office","Stirling House, 3 Abbeyfields, Bury St. Edmunds, Suffolk, IP33","£700 pcm","From","","5","Fully ultra-serviced office in a modern, air-conditioned and purpose-built office building within walking distance of Bury St Edmunds town centre. ","https://www.rightmove.co.uk/properties/149321006#/?channel=COM_LET","2024-06-18T18:09:37Z","","size_change","Marketed by Bury St Edmunds Offices, Bury St. Edmunds","","52.24868","0.72442","https://media.rightmove.co.uk:443/dir/crop/10:9-16:9/276k/275768/149321006/275768_Suite8_IMG_19_0000_max_476x317.jpeg; https://media.rightmove.co.uk:443/dir/crop/10:9-16:9/276k/275768/149321006/275768_Suite8_IMG_17_0000_max_476x317.jpeg; https://media.rightmove.co.uk:443/dir/crop/10:9-16:9/276k/275768/149321006/275768_Suite8_IMG_03_0000_max_476x317.jpeg; https://media.rightmove.co.uk:443/dir/crop/10:9-16:9/276k/275768/149321006/275768_Suite8_IMG_21_0000_max_476x317.jpeg; https://media.rightmove.co.uk:443/dir/crop/10:9-16:9/276k/275768/149321006/275768_Suite8_IMG_18_0000_max_476x317.jpeg; https://media.rightmove.co.uk:443/dir/crop/10:9-16:9/276k/275768/149321006/275768_Suite8_IMG_04_0000_max_476x317.jpeg; https://media.rightmove.co.uk:443/dir/crop/10:9-16:9/276k/275768/149321006/275768_Suite8_IMG_16_0000_max_476x317.jpeg; https://media.rightmove.co.uk:443/dir/crop/10:9-16:9/276k/275768/149321006/275768_Suite8_IMG_05_0000_max_476x317.jpeg; https://media.rightmove.co.uk:443/dir/crop/10:9-16:9/276k/275768/149321006/275768_Suite8_IMG_20_0000_max_476x317.jpeg; https://media.rightmove.co.uk:443/dir/crop/10:9-16:9/276k/275768/149321006/275768_Suite8_IMG_06_0000_max_476x317.jpeg; https://media.rightmove.co.uk:443/dir/crop/10:9-16:9/276k/275768/149321006/275768_Suite8_IMG_07_0000_max_476x317.jpeg; https://media.rightmove.co.uk:443/dir/crop/10:9-16:9/276k/275768/149321006/275768_Suite8_IMG_08_0000_max_476x317.jpeg; https://media.rightmove.co.uk:443/dir/crop/10:9-16:9/276k/275768/149321006/275768_Suite8_IMG_09_0000_max_476x317.jpeg; https://media.rightmove.co.uk:443/dir/crop/10:9-16:9/276k/275768/149321006/275768_Suite8_IMG_10_0000_max_476x317.jpeg; https://media.rightmove.co.uk:443/dir/crop/10:9-16:9/276k/275768/149321006/275768_Suite8_IMG_11_0000_max_476x317.jpeg; https://media.rightmove.co.uk:443/dir/crop/10:9-16:9/276k/275768/149321006/275768_Suite8_IMG_12_0000_max_476x317.jpeg; https://media.rightmove.co.uk:443/dir/crop/10:9-16:9/276k/275768/149321006/275768_Suite8_IMG_13_0000_max_476x317.jpeg; https://media.rightmove.co.uk:443/dir/crop/10:9-16:9/276k/275768/149321006/275768_Suite8_IMG_14_0000_max_476x317.jpeg; https://media.rightmove.co.uk:443/dir/crop/10:9-16:9/276k/275768/149321006/275768_Suite8_IMG_15_0000_max_476x317.jpeg; https://media.rightmove.co.uk:443/dir/crop/10:9-16:9/276k/275768/149321006/275768_Suite8_IMG_02_0000_max_476x317.jpeg; https://media.rightmove.co.uk:443/dir/crop/10:9-16:9/276k/275768/149321006/275768_Suite8_IMG_00_0000_max_476x317.jpeg; https://media.rightmove.co.uk:443/dir/crop/10:9-16:9/276k/275768/149321006/275768_Suite8_IMG_01_0000_max_476x317.jpeg"
"165316703","Suffolk","Office","Battery Green Road, Lowestoft","£1,150 pcm","","",""," Available Now | Ideal for Office, Consulting, Creative or Tech Use Welcome to this versatile and well-positioned commercialproperty, situated right in the heart of Lowestoft town centre — a locationthat is not only central but also increasingly sought after due to the town’songoi...","https://www.rightmove.co.uk/properties/165316703#/?channel=COM_LET","2025-08-04T10:31:47Z","","new","Marketed by Steel & Co Commercial Property Services, Lowestoft","","52.475159","1.75357","https://media.rightmove.co.uk:443/dir/crop/10:9-16:9/66k/65427/165316703/65427_12702535_IMG_00_0000_max_476x317.jpeg; https://media.rightmove.co.uk:443/dir/crop/10:9-16:9/66k/65427/165316703/65427_12702535_IMG_01_0000_max_476x317.jpeg; https://media.rightmove.co.uk:443/dir/crop/10:9-16:9/66k/65427/165316703/65427_12702535_IMG_02_0000_max_476x317.jpeg; https://media.rightmove.co.uk:443/dir/crop/10:9-16:9/66k/65427/165316703/65427_12702535_IMG_03_0000_max_476x317.jpeg; https://media.rightmove.co.uk:443/dir/crop/10:9-16:9/66k/65427/165316703/65427_12702535_IMG_04_0000_max_476x317.jpeg; https://media.rightmove.co.uk:443/dir/crop/10:9-16:9/66k/65427/165316703/65427_12702535_IMG_05_0000_max_476x317.jpeg; https://media.rightmove.co.uk:443/dir/crop/10:9-16:9/66k/65427/165316703/65427_12702535_IMG_06_0000_max_476x317.jpeg; https://media.rightmove.co.uk:443/dir/crop/10:9-16:9/66k/65427/165316703/65427_12702535_IMG_07_0000_max_476x317.jpeg; https://media.rightmove.co.uk:443/dir/crop/10:9-16:9/66k/65427/165316703/65427_12702535_IMG_08_0000_max_476x317.jpeg; https://media.rightmove.co.uk:443/dir/crop/10:9-16:9/66k/65427/165316703/65427_12702535_IMG_09_0000_max_476x317.jpeg; https://media.rightmove.co.uk:443/dir/crop/10:9-16:9/66k/65427/165316703/65427_12702535_IMG_10_0000_max_476x317.jpeg; https://media.rightmove.co.uk:443/dir/crop/10:9-16:9/66k/65427/165316703/65427_12702535_IMG_11_0000_max_476x317.jpeg; https://media.rightmove.co.uk:443/dir/crop/10:9-16:9/66k/65427/165316703/65427_12702535_IMG_12_0000_max_476x317.jpeg; https://media.rightmove.co.uk:443/dir/crop/10:9-16:9/66k/65427/165316703/65427_12702535_IMG_13_0000_max_476x317.jpeg; https://media.rightmove.co.uk:443/dir/crop/10:9-16:9/66k/65427/165316703/65427_12702535_IMG_14_0000_max_476x317.jpeg"
"165178214","Suffolk","Retail Property (high street)","Bevan Street East, Lowestoft","£500 pcm","","",""," Larger than expected property located in Bevan Street, just off the main shopping street of Lowestoft's busy town centre Close to the train station, the main port and bridge and with ample local parking this great footfall area could be the new home for your business Good order throughout...","https://www.rightmove.co.uk/properties/165178214#/?channel=COM_LET","2025-07-31T13:09:23Z","","new","Marketed by Steel & Co Commercial Property Services, Lowestoft","","52.475208","1.750053","https://media.rightmove.co.uk:443/dir/crop/10:9-16:9/property-photo/2a15e88ee/165178214/2a15e88ee8452aa1e191978cba94496a_max_476x317.jpeg; https://media.rightmove.co.uk:443/dir/crop/10:9-16:9/property-photo/f1c06bc85/165178214/f1c06bc85f09e3f057628e0ecab8797e_max_476x317.jpeg; https://media.rightmove.co.uk:443/dir/crop/10:9-16:9/property-photo/fe0bcb6e3/165178214/fe0bcb6e362dd7f082494b8049c609a3_max_476x317.jpeg; https://media.rightmove.co.uk:443/dir/crop/10:9-16:9/property-photo/0a4e302a7/165178214/0a4e302a74a5864c666e43b88912c599_max_476x317.jpeg"
"163742357","Suffolk","Commercial Property","Beach Station Road, Felixstowe, IP11 ","£950 pcm","","","","Nicholas Estates Lettings Department are pleased to offer a great opportunity to rent a commercial shop unit in the busy and popular area of Felixstowe a short distance from the sea front and situated within a small parade of shops. The property has recently undergone a full refit and of...","https://www.rightmove.co.uk/properties/163742357#/?channel=COM_LET","2025-06-24T16:29:51Z","","price_reduced","Marketed by Nicholas Estates, Ipswich","","51.95226","1.336698","https://media.rightmove.co.uk:443/dir/crop/10:9-16:9/16k/15529/163742357/15529_10690375_IMG_00_0000_max_476x317.jpeg; https://media.rightmove.co.uk:443/dir/crop/10:9-16:9/16k/15529/163742357/15529_10690375_IMG_01_0000_max_476x317.jpeg; https://media.rightmove.co.uk:443/dir/crop/10:9-16:9/16k/15529/163742357/15529_10690375_IMG_02_0000_max_476x317.jpeg; https://media.rightmove.co.uk:443/dir/crop/10:9-16:9/16k/15529/163742357/15529_10690375_IMG_03_0000_max_476x317.jpeg; https://media.rightmove.co.uk:443/dir/crop/10:9-16:9/16k/15529/163742357/15529_10690375_IMG_04_0000_max_476x317.jpeg; https://media.rightmove.co.uk:443/dir/crop/10:9-16:9/16k/15529/163742357/15529_10690375_IMG_05_0000_max_476x317.jpeg; https://media.rightmove.co.uk:443/dir/crop/10:9-16:9/16k/15529/163742357/15529_10690375_IMG_06_0000_max_476x317.jpeg; https://media.rightmove.co.uk:443/dir/crop/10:9-16:9/16k/15529/163742357/15529_10690375_IMG_07_0000_max_476x317.jpeg"
"165426311","Suffolk","Office","Suite 3 Beacon House, Kempson Way, Bury St. Edmunds, Suffolk, IP32 7AR","£1,583 pcm","","","","High quality ground floor office suite, accessed via an attractive and open communal entrance lobby. The suite provides open plan office accommodation arranged in three rooms and is finished to a good specification with carpeted floors, suspended ceilings with inset Cat 3 lighting, perimeter trun...","https://www.rightmove.co.uk/properties/165426311#/?channel=COM_LET","2025-08-06T15:19:34Z","","new","Marketed by Eddisons Commercial Limited, Bury St. Edmunds","","52.241356","0.75109","https://media.rightmove.co.uk:443/dir/crop/10:9-16:9/237k/236930/165426311/236930_3023198LH_IMG_00_0000_max_476x317.jpeg; https://media.rightmove.co.uk:443/dir/crop/10:9-16:9/237k/236930/165426311/236930_3023198LH_IMG_01_0000_max_476x317.jpeg; https://media.rightmove.co.uk:443/dir/crop/10:9-16:9/237k/236930/165426311/236930_3023198LH_IMG_02_0000_max_476x317.jpeg; https://media.rightmove.co.uk:443/dir/crop/10:9-16:9/237k/236930/165426311/236930_3023198LH_IMG_03_0000_max_476x317.jpeg; https://media.rightmove.co.uk:443/dir/crop/10:9-16:9/237k/236930/165426311/236930_3023198LH_IMG_04_0000_max_476x317.jpeg; https://media.rightmove.co.uk:443/dir/crop/10:9-16:9/237k/236930/165426311/236930_3023198LH_IMG_05_0000_max_476x317.jpeg; https://media.rightmove.co.uk:443/dir/crop/10:9-16:9/237k/236930/165426311/236930_3023198LH_IMG_06_0000_max_476x317.jpeg"
"721605186199280","Suffolk","Office","First Floor North Suite, The Long Barn, Fornham Business Court, Bury St. Edmunds, IP31 1SL","£4,000 pcm","","","","High Quality Furnished Offices in Attractive Rural Location Available On All Inclusive Basis","https://www.rightmove.co.uk/properties/721605186199280#/?channel=COM_LET","2025-11-26T12:11:03Z","","new","Marketed by Hazells, Bury St Edmunds","","52.271361","0.731971","https://media.rightmove.co.uk:443/dir/crop/10:9-16:9/287k/286808/721605186199280/286808_317201-2_IMG_00_0000_max_476x317.jpeg; https://media.rightmove.co.uk:443/dir/crop/10:9-16:9/287k/286808/721605186199280/286808_317201-2_IMG_01_0000_max_476x317.jpeg; https://media.rightmove.co.uk:443/dir/crop/10:9-16:9/287k/286808/721605186199280/286808_317201-2_IMG_02_0000_max_476x317.jpeg; https://media.rightmove.co.uk:443/dir/crop/10:9-16:9/287k/286808/721605186199280/286808_317201-2_IMG_03_0000_max_476x317.jpeg; https://media.rightmove.co.uk:443/dir/crop/10:9-16:9/287k/286808/721605186199280/286808_317201-2_IMG_04_0000_max_476x317.jpeg"
"165023426","Suffolk","Shop","53 - 57 High Street, Newmarket, Suffolk, CB8 8NF","£4,167 pcm","","","","The property is a former banking hall occupying a prominent position on Newmarket High Street, providing open plan retail / sales space at ground floor level, with first and second floor offices / storage. Kitchen and WCs, accessed via a staircase. There is further ancillary storage to the baseme...","https://www.rightmove.co.uk/properties/165023426#/?channel=COM_LET","2025-07-28T11:49:45Z","","new","Marketed by Eddisons Commercial Limited, Bury St. Edmunds","","52.244137","0.406675","https://media.rightmove.co.uk:443/dir/crop/10:9-16:9/237k/236930/165023426/236930_3023140LH_IMG_00_0000_max_476x317.jpeg; https://media.rightmove.co.uk:443/dir/crop/10:9-16:9/237k/236930/165023426/236930_3023140LH_IMG_06_0000_max_476x317.jpeg; https://media.rightmove.co.uk:443/dir/crop/10:9-16:9/237k/236930/165023426/236930_3023140LH_IMG_07_0000_max_476x317.jpeg; https://media.rightmove.co.uk:443/dir/crop/10:9-16:9/237k/236930/165023426/236930_3023140LH_IMG_01_0000_max_476x317.jpeg; https://media.rightmove.co.uk:443/dir/crop/10:9-16:9/237k/236930/165023426/236930_3023140LH_IMG_02_0000_max_476x317.jpeg; https://media.rightmove.co.uk:443/dir/crop/10:9-16:9/237k/236930/165023426/236930_3023140LH_IMG_03_0000_max_476x317.jpeg; https://media.rightmove.co.uk:443/dir/crop/10:9-16:9/237k/236930/165023426/236930_3023140LH_IMG_04_0000_max_476x317.jpeg; https://media.rightmove.co.uk:443/dir/crop/10:9-16:9/237k/236930/165023426/236930_3023140LH_IMG_05_0000_max_476x317.jpeg"
"721604206827776","Suffolk","Commercial Property","Unit 7, Brickfields Business Park, Woolpit, IP30 9QS","£1,917 pcm","","","","Flexible Business Park Premises In Landscaped Setting","https://www.rightmove.co.uk/properties/721604206827776#/?channel=COM_LET","2025-11-26T12:11:05Z","","new","Marketed by Hazells, Bury St Edmunds","","52.225465","0.902188","https://media.rightmove.co.uk:443/dir/crop/10:9-16:9/287k/286808/721604206827776/286808_317191-2_IMG_00_0000_max_476x317.jpeg; https://media.rightmove.co.uk:443/dir/crop/10:9-16:9/287k/286808/721604206827776/286808_317191-2_IMG_01_0000_max_476x317.jpeg; https://media.rightmove.co.uk:443/dir/crop/10:9-16:9/287k/286808/721604206827776/286808_317191-2_IMG_02_0000_max_476x317.jpeg; https://media.rightmove.co.uk:443/dir/crop/10:9-16:9/287k/286808/721604206827776/286808_317191-2_IMG_03_0000_max_476x317.jpeg; https://media.rightmove.co.uk:443/dir/crop/10:9-16:9/287k/286808/721604206827776/286808_317191-2_IMG_04_0000_max_476x317.jpeg; https://media.rightmove.co.uk:443/dir/crop/10:9-16:9/287k/286808/721604206827776/286808_317191-2_IMG_05_0000_max_476x317.jpeg; https://media.rightmove.co.uk:443/dir/crop/10:9-16:9/287k/286808/721604206827776/286808_317191-2_IMG_06_0000_max_476x317.jpeg"
"721604020180497","Suffolk","Commercial Property","Unit 1, Brickfields Business Park, Woolpit, IP30 9QS","£1,792 pcm","","","","Flexible Business Park Premises In Landscaped Setting","https://www.rightmove.co.uk/properties/721604020180497#/?channel=COM_LET","2025-11-26T12:10:03Z","","new","Marketed by Hazells, Bury St Edmunds","","52.225465","0.902188","https://media.rightmove.co.uk:443/dir/crop/10:9-16:9/287k/286808/721604020180497/286808_70868-2_IMG_00_0000_max_476x317.jpeg; https://media.rightmove.co.uk:443/dir/crop/10:9-16:9/287k/286808/721604020180497/286808_70868-2_IMG_01_0000_max_476x317.jpeg; https://media.rightmove.co.uk:443/dir/crop/10:9-16:9/287k/286808/721604020180497/286808_70868-2_IMG_02_0000_max_476x317.jpeg; https://media.rightmove.co.uk:443/dir/crop/10:9-16:9/287k/286808/721604020180497/286808_70868-2_IMG_03_0000_max_476x317.jpeg; https://media.rightmove.co.uk:443/dir/crop/10:9-16:9/287k/286808/721604020180497/286808_70868-2_IMG_04_0000_max_476x317.jpeg"
"164945540","Suffolk","Retail Property (high street)","High Street, Lowestoft","£500 pcm","","","","High Street Retail Property This generously sized property is ideally situated just west of the historic High Street, within a well-established independent retail area north of the town centre. It benefits from a strong residential catchment as well as close proximity to the town’s main...","https://www.rightmove.co.uk/properties/164945540#/?channel=COM_LET","2025-07-25T12:06:45Z","","new","Marketed by Steel & Co Commercial Property Services, Lowestoft","","52.481201","1.755681","https://media.rightmove.co.uk:443/dir/crop/10:9-16:9/66k/65427/164945540/65427_6998092_IMG_00_0000_max_476x317.jpeg; https://media.rightmove.co.uk:443/dir/crop/10:9-16:9/66k/65427/164945540/65427_6998092_IMG_01_0000_max_476x317.jpeg; https://media.rightmove.co.uk:443/dir/crop/10:9-16:9/66k/65427/164945540/65427_6998092_IMG_02_0000_max_476x317.jpeg; https://media.rightmove.co.uk:443/dir/crop/10:9-16:9/66k/65427/164945540/65427_6998092_IMG_03_0000_max_476x317.jpeg; https://media.rightmove.co.uk:443/dir/crop/10:9-16:9/66k/65427/164945540/65427_6998092_IMG_04_0000_max_476x317.jpeg"
"156091283","Suffolk","Commercial Property","High Street, Leiston","£833 pcm","","","","An unfurnished office space spread across the 1st and 2nd floor located in Leiston High Street. An ideal location and completely refurbished to a high standard. ","https://www.rightmove.co.uk/properties/156091283#/?channel=COM_LET","2024-12-19T14:48:48Z","","price_reduced","Marketed by Hamilton Smith Lettings, Leiston","","52.20706","1.57725","https://media.rightmove.co.uk:443/dir/crop/10:9-16:9/30k/29025/156091283/29025_100137003662_IMG_00_0000_max_476x317.jpeg; https://media.rightmove.co.uk:443/dir/crop/10:9-16:9/30k/29025/156091283/29025_100137003662_IMG_01_0000_max_476x317.jpeg; https://media.rightmove.co.uk:443/dir/crop/10:9-16:9/30k/29025/156091283/29025_100137003662_IMG_02_0000_max_476x317.jpeg; https://media.rightmove.co.uk:443/dir/crop/10:9-16:9/30k/29025/156091283/29025_100137003662_IMG_03_0000_max_476x317.jpeg; https://media.rightmove.co.uk:443/dir/crop/10:9-16:9/30k/29025/156091283/29025_100137003662_IMG_04_0000_max_476x317.jpeg; https://media.rightmove.co.uk:443/dir/crop/10:9-16:9/30k/29025/156091283/29025_100137003662_IMG_05_0000_max_476x317.jpeg; https://media.rightmove.co.uk:443/dir/crop/10:9-16:9/30k/29025/156091283/29025_100137003662_IMG_06_0000_max_476x317.jpeg; https://media.rightmove.co.uk:443/dir/crop/10:9-16:9/30k/29025/156091283/29025_100137003662_IMG_07_0000_max_476x317.jpeg"
"164871074","Suffolk","Office","Arcade Street, Ipswich, Suffolk","£2,500 pcm","","","","A Grade II Listed office building of 443sqm (4,762sq.ft) located in Ipswich Town Centre.","https://www.rightmove.co.uk/properties/164871074#/?channel=COM_LET","2025-07-23T16:58:03Z","","new","Marketed by Clarke and Simpson Commercial, Framlingham","","52.057426","1.151745","https://media.rightmove.co.uk:443/dir/crop/10:9-16:9/222k/221414/164871074/221414_L116017_IMG_00_0000_max_476x317.jpeg; https://media.rightmove.co.uk:443/dir/crop/10:9-16:9/222k/221414/164871074/221414_L116017_IMG_01_0000_max_476x317.jpeg; https://media.rightmove.co.uk:443/dir/crop/10:9-16:9/222k/221414/164871074/221414_L116017_IMG_02_0000_max_476x317.jpeg; https://media.rightmove.co.uk:443/dir/crop/10:9-16:9/222k/221414/164871074/221414_L116017_IMG_03_0000_max_476x317.jpeg; https://media.rightmove.co.uk:443/dir/crop/10:9-16:9/222k/221414/164871074/221414_L116017_IMG_04_0000_max_476x317.jpeg; https://media.rightmove.co.uk:443/dir/crop/10:9-16:9/222k/221414/164871074/221414_L116017_IMG_05_0000_max_476x317.jpeg; https://media.rightmove.co.uk:443/dir/crop/10:9-16:9/222k/221414/164871074/221414_L116017_IMG_06_0000_max_476x317.jpeg; https://media.rightmove.co.uk:443/dir/crop/10:9-16:9/222k/221414/164871074/221414_L116017_IMG_07_0000_max_476x317.jpeg; https://media.rightmove.co.uk:443/dir/crop/10:9-16:9/222k/221414/164871074/221414_L116017_IMG_08_0000_max_476x317.jpeg; https://media.rightmove.co.uk:443/dir/crop/10:9-16:9/222k/221414/164871074/221414_L116017_IMG_09_0000_max_476x317.jpeg; https://media.rightmove.co.uk:443/dir/crop/10:9-16:9/222k/221414/164871074/221414_L116017_IMG_10_0000_max_476x317.jpeg; https://media.rightmove.co.uk:443/dir/crop/10:9-16:9/222k/221414/164871074/221414_L116017_IMG_11_0000_max_476x317.jpeg; https://media.rightmove.co.uk:443/dir/crop/10:9-16:9/222k/221414/164871074/221414_L116017_IMG_12_0000_max_476x317.png"
"164793344","Suffolk","Commercial Property","Horn Hill, Lowestoft","£1,474 pcm","","","","Discover Unit 8, a fantastic opportunity for businesses seeking a well-located industrial or storage space. This unit, measuring an impressive 219 sq m (2,357 sq ft), is situated in the sought-after Kirkley Business Park, a thriving commercial hub in Lowestoft. Key Features: •	Versatile...","https://www.rightmove.co.uk/properties/164793344#/?channel=COM_LET","2025-07-22T10:44:40Z","","new","Marketed by Steel & Co Commercial Property Services, Lowestoft","","52.470444","1.74196","https://media.rightmove.co.uk:443/dir/crop/10:9-16:9/66k/65427/164793344/65427_11596462_IMG_00_0000_max_476x317.jpeg; https://media.rightmove.co.uk:443/dir/crop/10:9-16:9/66k/65427/164793344/65427_11596462_IMG_01_0000_max_476x317.jpeg; https://media.rightmove.co.uk:443/dir/crop/10:9-16:9/66k/65427/164793344/65427_11596462_IMG_02_0000_max_476x317.jpeg; https://media.rightmove.co.uk:443/dir/crop/10:9-16:9/66k/65427/164793344/65427_11596462_IMG_03_0000_max_476x317.jpeg; https://media.rightmove.co.uk:443/dir/crop/10:9-16:9/66k/65427/164793344/65427_11596462_IMG_04_0000_max_476x317.jpeg"
"164791196","Suffolk","Office","Hamlet Road, Haverhill, Suffolk, CB9","£350 pcm","","","","Character office office in the Anne Cleves House, Hamlet Road, Haverhill£350 pcm, lease term negotiable, close to town centre of Haverhill","https://www.rightmove.co.uk/properties/164791196#/?channel=COM_LET","2025-07-22T10:30:30Z","","size_change","Marketed by Preview Property Services, Haverhill","","52.07901","0.44304","https://media.rightmove.co.uk:443/dir/crop/10:9-16:9/278k/277625/164791196/277625_Room11_IMG_03_0000_max_476x317.jpeg; https://media.rightmove.co.uk:443/dir/crop/10:9-16:9/278k/277625/164791196/277625_Room11_IMG_00_0000_max_476x317.jpeg; https://media.rightmove.co.uk:443/dir/crop/10:9-16:9/278k/277625/164791196/277625_Room11_IMG_01_0000_max_476x317.jpeg; https://media.rightmove.co.uk:443/dir/crop/10:9-16:9/278k/277625/164791196/277625_Room11_IMG_02_0000_max_476x317.jpeg"
"721604190048769","Suffolk","Office","90 High Street, Newmarket, CB8 8FE","£1,667 pcm","","","","To Let (May Sell) Attractive Period Town Centre Offices with Parking.","https://www.rightmove.co.uk/properties/721604190048769#/?channel=COM_LET","2025-11-26T12:11:04Z","","new","Marketed by Hazells, Bury St Edmunds","","52.244108","0.405396","https://media.rightmove.co.uk:443/dir/crop/10:9-16:9/287k/286808/721604190048769/286808_302677-2_IMG_00_0000_max_476x317.jpeg; https://media.rightmove.co.uk:443/dir/crop/10:9-16:9/287k/286808/721604190048769/286808_302677-2_IMG_01_0000_max_476x317.jpeg; https://media.rightmove.co.uk:443/dir/crop/10:9-16:9/287k/286808/721604190048769/286808_302677-2_IMG_02_0000_max_476x317.jpeg; https://media.rightmove.co.uk:443/dir/crop/10:9-16:9/287k/286808/721604190048769/286808_302677-2_IMG_03_0000_max_476x317.jpeg; https://media.rightmove.co.uk:443/dir/crop/10:9-16:9/287k/286808/721604190048769/286808_302677-2_IMG_04_0000_max_476x317.jpeg; https://media.rightmove.co.uk:443/dir/crop/10:9-16:9/287k/286808/721604190048769/286808_302677-2_IMG_05_0000_max_476x317.jpeg; https://media.rightmove.co.uk:443/dir/crop/10:9-16:9/287k/286808/721604190048769/286808_302677-2_IMG_06_0000_max_476x317.jpeg; https://media.rightmove.co.uk:443/dir/crop/10:9-16:9/287k/286808/721604190048769/286808_302677-2_IMG_07_0000_max_476x317.jpeg; https://media.rightmove.co.uk:443/dir/crop/10:9-16:9/287k/286808/721604190048769/286808_302677-2_IMG_08_0000_max_476x317.jpeg; https://media.rightmove.co.uk:443/dir/crop/10:9-16:9/287k/286808/721604190048769/286808_302677-2_IMG_09_0000_max_476x317.jpeg; https://media.rightmove.co.uk:443/dir/crop/10:9-16:9/287k/286808/721604190048769/286808_302677-2_IMG_10_0000_max_476x317.jpeg; https://media.rightmove.co.uk:443/dir/crop/10:9-16:9/287k/286808/721604190048769/286808_302677-2_IMG_11_0000_max_476x317.jpeg; https://media.rightmove.co.uk:443/dir/crop/10:9-16:9/287k/286808/721604190048769/286808_302677-2_IMG_12_0000_max_476x317.jpeg"
"164854442","Suffolk","Office","Linden Square, 146 Kings Road, Bury St. Edmunds, Suffolk, IP33 3DJ","£3,230 pcm","From","","","High specification offices in sought after Grade A office building in the centre of Bury St Edmunds, adjacent to the Arc shopping centre car park and within close proximity of the town's services, car parks and transport routes. The offices are located on the first floor of the multi-occupied off...","https://www.rightmove.co.uk/properties/164854442#/?channel=COM_LET","2025-07-23T13:12:09Z","","new","Marketed by Merrifields, Suffolk","","52.24487","0.707736","https://media.rightmove.co.uk:443/dir/crop/10:9-16:9/122k/121468/164854442/121468_1278LH_IMG_13_0000_max_476x317.jpeg; https://media.rightmove.co.uk:443/dir/crop/10:9-16:9/122k/121468/164854442/121468_1278LH_IMG_06_0000_max_476x317.jpeg; https://media.rightmove.co.uk:443/dir/crop/10:9-16:9/122k/121468/164854442/121468_1278LH_IMG_07_0000_max_476x317.jpeg; https://media.rightmove.co.uk:443/dir/crop/10:9-16:9/122k/121468/164854442/121468_1278LH_IMG_01_0000_max_476x317.jpeg; https://media.rightmove.co.uk:443/dir/crop/10:9-16:9/122k/121468/164854442/121468_1278LH_IMG_02_0000_max_476x317.jpeg; https://media.rightmove.co.uk:443/dir/crop/10:9-16:9/122k/121468/164854442/121468_1278LH_IMG_03_0000_max_476x317.jpeg; https://media.rightmove.co.uk:443/dir/crop/10:9-16:9/122k/121468/164854442/121468_1278LH_IMG_04_0000_max_476x317.jpeg; https://media.rightmove.co.uk:443/dir/crop/10:9-16:9/122k/121468/164854442/121468_1278LH_IMG_05_0000_max_476x317.jpeg; https://media.rightmove.co.uk:443/dir/crop/10:9-16:9/122k/121468/164854442/121468_1278LH_IMG_08_0000_max_476x317.jpeg; https://media.rightmove.co.uk:443/dir/crop/10:9-16:9/122k/121468/164854442/121468_1278LH_IMG_09_0000_max_476x317.jpeg; https://media.rightmove.co.uk:443/dir/crop/10:9-16:9/122k/121468/164854442/121468_1278LH_IMG_10_0000_max_476x317.jpeg; https://media.rightmove.co.uk:443/dir/crop/10:9-16:9/122k/121468/164854442/121468_1278LH_IMG_11_0000_max_476x317.jpeg; https://media.rightmove.co.uk:443/dir/crop/10:9-16:9/122k/121468/164854442/121468_1278LH_IMG_12_0000_max_476x317.jpeg"
"164691824","Suffolk","Office","Lyndon House, Kings Court, Willie Snaith Road, Newmarket, Suffolk CB8 7SG","POA","","","","Lyndon House comprises a modern, three storey office building providing a mix of small offices suites to let from 545 sq ft. Larger suits can be offered by the combination of suites or floors. The space comprises a range of open plan and private offices with meeting rooms, WC's and kitchen facil...","https://www.rightmove.co.uk/properties/164691824#/?channel=COM_LET","2025-07-18T14:48:40Z","","new","Marketed by Robinson Layer, Cambridge","","52.259987","0.395646","https://media.rightmove.co.uk:443/dir/crop/10:9-16:9/292k/291920/164691824/291920_3217LH_IMG_00_0000_max_476x317.jpeg; https://media.rightmove.co.uk:443/dir/crop/10:9-16:9/292k/291920/164691824/291920_3217LH_IMG_01_0000_max_476x317.jpeg; https://media.rightmove.co.uk:443/dir/crop/10:9-16:9/292k/291920/164691824/291920_3217LH_IMG_02_0000_max_476x317.jpeg; https://media.rightmove.co.uk:443/dir/crop/10:9-16:9/292k/291920/164691824/291920_3217LH_IMG_03_0000_max_476x317.jpeg; https://media.rightmove.co.uk:443/dir/crop/10:9-16:9/292k/291920/164691824/291920_3217LH_IMG_04_0000_max_476x317.jpeg; https://media.rightmove.co.uk:443/dir/crop/10:9-16:9/292k/291920/164691824/291920_3217LH_IMG_05_0000_max_476x317.jpeg; https://media.rightmove.co.uk:443/dir/crop/10:9-16:9/292k/291920/164691824/291920_3217LH_IMG_06_0000_max_476x317.jpeg; https://media.rightmove.co.uk:443/dir/crop/10:9-16:9/292k/291920/164691824/291920_3217LH_IMG_07_0000_max_476x317.jpeg; https://media.rightmove.co.uk:443/dir/crop/10:9-16:9/292k/291920/164691824/291920_3217LH_IMG_08_0000_max_476x317.jpeg; https://media.rightmove.co.uk:443/dir/crop/10:9-16:9/292k/291920/164691824/291920_3217LH_IMG_09_0000_max_476x317.jpeg; https://media.rightmove.co.uk:443/dir/crop/10:9-16:9/292k/291920/164691824/291920_3217LH_IMG_10_0000_max_476x317.jpeg; https://media.rightmove.co.uk:443/dir/crop/10:9-16:9/292k/291920/164691824/291920_3217LH_IMG_11_0000_max_476x317.jpeg"
"164590421","Suffolk","Warehouse","Units 12, 14 & 15 Port One Logistics Park, Venture Way, Great Blakenham, Ipswich, Suffolk, IP6","POA","","","","Unit 12: 106,354 sq ft (9,880 sq m) Unit 14: 101,355 sq ft (9,416 sq m) Unit 15: 180,206 sq ft (16,741 sq m) Located just 19.8 miles from the Port of Felixstowe, at the centre of the Freeport East zone, Port One delivers exceptional access to local, regional, and international logistics networks...","https://www.rightmove.co.uk/properties/164590421#/?channel=COM_LET","2025-07-16T14:21:31Z","","size_change","Marketed by Fenn Wright, Ipswich Commercial Sales and Lettings","","52.102669","1.094955","https://media.rightmove.co.uk:443/dir/crop/10:9-16:9/162k/161330/164590421/161330_14870774LH_IMG_00_0000_max_476x317.jpeg; https://media.rightmove.co.uk:443/dir/crop/10:9-16:9/162k/161330/164590421/161330_14870774LH_IMG_01_0000_max_476x317.jpeg; https://media.rightmove.co.uk:443/dir/crop/10:9-16:9/162k/161330/164590421/161330_14870774LH_IMG_02_0000_max_476x317.jpeg; https://media.rightmove.co.uk:443/dir/crop/10:9-16:9/162k/161330/164590421/161330_14870774LH_IMG_03_0000_max_476x317.jpeg; https://media.rightmove.co.uk:443/dir/crop/10:9-16:9/162k/161330/164590421/161330_14870774LH_IMG_04_0000_max_476x317.jpeg"
"164586911","Suffolk","Warehouse","Port One Logistics Park, Venture Way, Great Blakenham, Ipswich, Suffolk, IP6","POA","","","","Bespoke Units Available from 8,000 sq ft - 735,000 sq ft Description With our prime location within the Freeport East Zone and tailored warehousing solutions, we are set to expand to over 200 million cubic feet of storage capacity. We aim to become the UK's largest carbon-neutral logistics park ...","https://www.rightmove.co.uk/properties/164586911#/?channel=COM_LET","2025-07-16T13:26:14Z","","new","Marketed by Fenn Wright, Ipswich Commercial Sales and Lettings","","52.103635","1.095193","https://media.rightmove.co.uk:443/dir/crop/10:9-16:9/162k/161330/164586911/161330_14870773LH_IMG_00_0000_max_476x317.jpeg; https://media.rightmove.co.uk:443/dir/crop/10:9-16:9/162k/161330/164586911/161330_14870773LH_IMG_01_0000_max_476x317.jpeg; https://media.rightmove.co.uk:443/dir/crop/10:9-16:9/162k/161330/164586911/161330_14870773LH_IMG_02_0000_max_476x317.jpeg; https://media.rightmove.co.uk:443/dir/crop/10:9-16:9/162k/161330/164586911/161330_14870773LH_IMG_03_0000_max_476x317.jpeg; https://media.rightmove.co.uk:443/dir/crop/10:9-16:9/162k/161330/164586911/161330_14870773LH_IMG_04_0000_max_476x317.jpeg"
"164476574","Suffolk","Retail Property (high street)","61 High Street, Southwold, Suffolk, IP18","£4,000 pcm","","","","** PRIME RETAL UNIT ** Suit a number of uses (STPP), recently been operating as a successful hairdresser and beauty salon. The Landlord will sell the freehold for £650,000","https://www.rightmove.co.uk/properties/164476574#/?channel=COM_LET","2025-07-14T14:10:09Z","","size_change","Marketed by Fennel Chartered Surveyors, Halesworth","","52.32704","1.67722","https://media.rightmove.co.uk:443/dir/crop/10:9-16:9/118k/117463/164476574/117463_61hsletting_IMG_03_0000_max_476x317.jpeg; https://media.rightmove.co.uk:443/dir/crop/10:9-16:9/118k/117463/164476574/117463_61hsletting_IMG_00_0000_max_476x317.jpeg; https://media.rightmove.co.uk:443/dir/crop/10:9-16:9/118k/117463/164476574/117463_61hsletting_IMG_22_0000_max_476x317.jpeg; https://media.rightmove.co.uk:443/dir/crop/10:9-16:9/118k/117463/164476574/117463_61hsletting_IMG_01_0000_max_476x317.jpeg; https://media.rightmove.co.uk:443/dir/crop/10:9-16:9/118k/117463/164476574/117463_61hsletting_IMG_02_0000_max_476x317.jpeg; https://media.rightmove.co.uk:443/dir/crop/10:9-16:9/118k/117463/164476574/117463_61hsletting_IMG_04_0000_max_476x317.jpeg; https://media.rightmove.co.uk:443/dir/crop/10:9-16:9/118k/117463/164476574/117463_61hsletting_IMG_05_0000_max_476x317.jpeg; https://media.rightmove.co.uk:443/dir/crop/10:9-16:9/118k/117463/164476574/117463_61hsletting_IMG_06_0000_max_476x317.jpeg; https://media.rightmove.co.uk:443/dir/crop/10:9-16:9/118k/117463/164476574/117463_61hsletting_IMG_07_0000_max_476x317.jpeg; https://media.rightmove.co.uk:443/dir/crop/10:9-16:9/118k/117463/164476574/117463_61hsletting_IMG_08_0000_max_476x317.jpeg; https://media.rightmove.co.uk:443/dir/crop/10:9-16:9/118k/117463/164476574/117463_61hsletting_IMG_09_0000_max_476x317.jpeg; https://media.rightmove.co.uk:443/dir/crop/10:9-16:9/118k/117463/164476574/117463_61hsletting_IMG_10_0000_max_476x317.jpeg; https://media.rightmove.co.uk:443/dir/crop/10:9-16:9/118k/117463/164476574/117463_61hsletting_IMG_11_0000_max_476x317.jpeg; https://media.rightmove.co.uk:443/dir/crop/10:9-16:9/118k/117463/164476574/117463_61hsletting_IMG_12_0000_max_476x317.jpeg; https://media.rightmove.co.uk:443/dir/crop/10:9-16:9/118k/117463/164476574/117463_61hsletting_IMG_13_0000_max_476x317.jpeg; https://media.rightmove.co.uk:443/dir/crop/10:9-16:9/118k/117463/164476574/117463_61hsletting_IMG_14_0000_max_476x317.jpeg; https://media.rightmove.co.uk:443/dir/crop/10:9-16:9/118k/117463/164476574/117463_61hsletting_IMG_15_0000_max_476x317.jpeg; https://media.rightmove.co.uk:443/dir/crop/10:9-16:9/118k/117463/164476574/117463_61hsletting_IMG_16_0000_max_476x317.jpeg; https://media.rightmove.co.uk:443/dir/crop/10:9-16:9/118k/117463/164476574/117463_61hsletting_IMG_17_0000_max_476x317.jpeg; https://media.rightmove.co.uk:443/dir/crop/10:9-16:9/118k/117463/164476574/117463_61hsletting_IMG_18_0000_max_476x317.jpeg; https://media.rightmove.co.uk:443/dir/crop/10:9-16:9/118k/117463/164476574/117463_61hsletting_IMG_19_0000_max_476x317.jpeg; https://media.rightmove.co.uk:443/dir/crop/10:9-16:9/118k/117463/164476574/117463_61hsletting_IMG_20_0000_max_476x317.jpeg; https://media.rightmove.co.uk:443/dir/crop/10:9-16:9/118k/117463/164476574/117463_61hsletting_IMG_21_0000_max_476x317.jpeg"
"164406266","Suffolk","Light Industrial","Vision House Cavendish Road, Bury St. Edmunds, Suffolk, IP33 3TE","£6,875 pcm","","","","The property is located on Cavendish Road in Bury St Edmunds and 0.8 miles from J42 of the A14 trunk road which links Suffolk to the M11 towards London and South East and the M6 to the Midlands. The industrial unit comprises a steel portal framed unit with a modern overclad steel profile insula...","https://www.rightmove.co.uk/properties/164406266#/?channel=COM_LET","2025-07-11T14:50:31Z","","new","Marketed by Merrifields, Suffolk","","52.252402","0.686892","https://media.rightmove.co.uk:443/dir/crop/10:9-16:9/122k/121468/164406266/121468_2101LH_IMG_11_0000_max_476x317.jpeg; https://media.rightmove.co.uk:443/dir/crop/10:9-16:9/122k/121468/164406266/121468_2101LH_IMG_01_0000_max_476x317.jpeg; https://media.rightmove.co.uk:443/dir/crop/10:9-16:9/122k/121468/164406266/121468_2101LH_IMG_13_0000_max_476x317.jpeg; https://media.rightmove.co.uk:443/dir/crop/10:9-16:9/122k/121468/164406266/121468_2101LH_IMG_03_0000_max_476x317.jpeg; https://media.rightmove.co.uk:443/dir/crop/10:9-16:9/122k/121468/164406266/121468_2101LH_IMG_04_0000_max_476x317.jpeg; https://media.rightmove.co.uk:443/dir/crop/10:9-16:9/122k/121468/164406266/121468_2101LH_IMG_02_0000_max_476x317.jpeg; https://media.rightmove.co.uk:443/dir/crop/10:9-16:9/122k/121468/164406266/121468_2101LH_IMG_07_0000_max_476x317.jpeg; https://media.rightmove.co.uk:443/dir/crop/10:9-16:9/122k/121468/164406266/121468_2101LH_IMG_08_0000_max_476x317.jpeg; https://media.rightmove.co.uk:443/dir/crop/10:9-16:9/122k/121468/164406266/121468_2101LH_IMG_09_0000_max_476x317.jpeg; https://media.rightmove.co.uk:443/dir/crop/10:9-16:9/122k/121468/164406266/121468_2101LH_IMG_14_0000_max_476x317.jpeg"
"164404958","Suffolk","Commercial Property","High Street, Southwold","£4,000 pcm","","","","Versatile, stylish and historic, Grade II listed commercial property, located on Southwold’s famous High Street.","https://www.rightmove.co.uk/properties/164404958#/?channel=COM_LET","2025-07-11T14:36:31Z","","new","Marketed by Paul Hubbard Commercial, Suffolk","","52.32698","1.677483","https://media.rightmove.co.uk:443/dir/crop/10:9-16:9/77k/76023/164404958/76023_34030843_IMG_00_0000_max_476x317.jpeg; https://media.rightmove.co.uk:443/dir/crop/10:9-16:9/77k/76023/164404958/76023_34030843_IMG_01_0000_max_476x317.jpeg; https://media.rightmove.co.uk:443/dir/crop/10:9-16:9/77k/76023/164404958/76023_34030843_IMG_02_0000_max_476x317.jpeg; https://media.rightmove.co.uk:443/dir/crop/10:9-16:9/77k/76023/164404958/76023_34030843_IMG_03_0000_max_476x317.jpeg; https://media.rightmove.co.uk:443/dir/crop/10:9-16:9/77k/76023/164404958/76023_34030843_IMG_04_0000_max_476x317.jpeg; https://media.rightmove.co.uk:443/dir/crop/10:9-16:9/77k/76023/164404958/76023_34030843_IMG_05_0000_max_476x317.jpeg; https://media.rightmove.co.uk:443/dir/crop/10:9-16:9/77k/76023/164404958/76023_34030843_IMG_06_0000_max_476x317.jpeg; https://media.rightmove.co.uk:443/dir/crop/10:9-16:9/77k/76023/164404958/76023_34030843_IMG_07_0000_max_476x317.jpeg; https://media.rightmove.co.uk:443/dir/crop/10:9-16:9/77k/76023/164404958/76023_34030843_IMG_08_0000_max_476x317.jpeg; https://media.rightmove.co.uk:443/dir/crop/10:9-16:9/77k/76023/164404958/76023_34030843_IMG_09_0000_max_476x317.jpeg; https://media.rightmove.co.uk:443/dir/crop/10:9-16:9/77k/76023/164404958/76023_34030843_IMG_10_0000_max_476x317.jpeg; https://media.rightmove.co.uk:443/dir/crop/10:9-16:9/77k/76023/164404958/76023_34030843_IMG_11_0000_max_476x317.jpeg; https://media.rightmove.co.uk:443/dir/crop/10:9-16:9/77k/76023/164404958/76023_34030843_IMG_12_0000_max_476x317.jpeg; https://media.rightmove.co.uk:443/dir/crop/10:9-16:9/77k/76023/164404958/76023_34030843_IMG_13_0000_max_476x317.jpeg; https://media.rightmove.co.uk:443/dir/crop/10:9-16:9/77k/76023/164404958/76023_34030843_IMG_14_0000_max_476x317.jpeg; https://media.rightmove.co.uk:443/dir/crop/10:9-16:9/77k/76023/164404958/76023_34030843_IMG_15_0000_max_476x317.jpeg"
"164394050","Suffolk","Retail Property (high street)","London Road North, Lowestoft","£750 pcm","","","","For Lease This substantial commercial property, situated in the bustling center of Lowestoft Town, offers a versatile space ideal for retail, office, or other commercial ventures. Spanning across three floors, the unit provides ample room to suit a variety of business needs, complete with gene...","https://www.rightmove.co.uk/properties/164394050#/?channel=COM_LET","2025-07-11T12:09:28Z","","new","Marketed by Steel & Co Commercial Property Services, Lowestoft","","52.477722","1.754392","https://media.rightmove.co.uk:443/dir/crop/10:9-16:9/66k/65427/164394050/65427_10798322_IMG_00_0000_max_476x317.jpeg; https://media.rightmove.co.uk:443/dir/crop/10:9-16:9/66k/65427/164394050/65427_10798322_IMG_01_0000_max_476x317.jpeg; https://media.rightmove.co.uk:443/dir/crop/10:9-16:9/66k/65427/164394050/65427_10798322_IMG_02_0000_max_476x317.jpeg; https://media.rightmove.co.uk:443/dir/crop/10:9-16:9/66k/65427/164394050/65427_10798322_IMG_03_0000_max_476x317.jpeg; https://media.rightmove.co.uk:443/dir/crop/10:9-16:9/66k/65427/164394050/65427_10798322_IMG_04_0000_max_476x317.jpeg; https://media.rightmove.co.uk:443/dir/crop/10:9-16:9/66k/65427/164394050/65427_10798322_IMG_05_0000_max_476x317.jpeg; https://media.rightmove.co.uk:443/dir/crop/10:9-16:9/66k/65427/164394050/65427_10798322_IMG_06_0000_max_476x317.jpeg; https://media.rightmove.co.uk:443/dir/crop/10:9-16:9/66k/65427/164394050/65427_10798322_IMG_07_0000_max_476x317.jpeg; https://media.rightmove.co.uk:443/dir/crop/10:9-16:9/66k/65427/164394050/65427_10798322_IMG_08_0000_max_476x317.jpeg; https://media.rightmove.co.uk:443/dir/crop/10:9-16:9/66k/65427/164394050/65427_10798322_IMG_09_0000_max_476x317.jpeg"
"164391632","Suffolk","Storage","The Street, IP13","£3,000 pcm","","","","Large warehouse storage and workshop unit, in discrete farmyard location in the attractive village of Brundish. Will rent or sell.","https://www.rightmove.co.uk/properties/164391632#/?channel=COM_LET","2025-07-11T11:40:59Z","","new","Marketed by Fennel Chartered Surveyors, Halesworth","","52.28981","1.32855","https://media.rightmove.co.uk:443/dir/crop/10:9-16:9/118k/117463/164391632/117463_amzibcars_IMG_01_0000_max_476x317.jpeg; https://media.rightmove.co.uk:443/dir/crop/10:9-16:9/118k/117463/164391632/117463_amzibcars_IMG_00_0000_max_476x317.jpeg; https://media.rightmove.co.uk:443/dir/crop/10:9-16:9/118k/117463/164391632/117463_amzibcars_IMG_02_0000_max_476x317.jpeg; https://media.rightmove.co.uk:443/dir/crop/10:9-16:9/118k/117463/164391632/117463_amzibcars_IMG_03_0000_max_476x317.jpeg; https://media.rightmove.co.uk:443/dir/crop/10:9-16:9/118k/117463/164391632/117463_amzibcars_IMG_04_0000_max_476x317.jpeg; https://media.rightmove.co.uk:443/dir/crop/10:9-16:9/118k/117463/164391632/117463_amzibcars_IMG_05_0000_max_476x317.jpeg"
"155692484","Suffolk","Retail Property (high street)","11 Smallgate, Beccles, Suffolk, NR34","£1,333 pcm","","","","Centrally located retail premises with upper parts. Large glazed frontage with 1,700sqft total space available.","https://www.rightmove.co.uk/properties/155692484#/?channel=COM_LET","2025-01-07T15:17:10Z","","new","Marketed by Fennel Chartered Surveyors, Halesworth","","52.4576","1.56427","https://media.rightmove.co.uk:443/dir/crop/10:9-16:9/118k/117463/155692484/117463_dennybeccles_IMG_08_0000_max_476x317.jpeg; https://media.rightmove.co.uk:443/dir/crop/10:9-16:9/118k/117463/155692484/117463_dennybeccles_IMG_10_0000_max_476x317.jpeg; https://media.rightmove.co.uk:443/dir/crop/10:9-16:9/118k/117463/155692484/117463_dennybeccles_IMG_00_0000_max_476x317.jpeg; https://media.rightmove.co.uk:443/dir/crop/10:9-16:9/118k/117463/155692484/117463_dennybeccles_IMG_06_0000_max_476x317.jpeg; https://media.rightmove.co.uk:443/dir/crop/10:9-16:9/118k/117463/155692484/117463_dennybeccles_IMG_21_0000_max_476x317.jpeg; https://media.rightmove.co.uk:443/dir/crop/10:9-16:9/118k/117463/155692484/117463_dennybeccles_IMG_20_0000_max_476x317.jpeg; https://media.rightmove.co.uk:443/dir/crop/10:9-16:9/118k/117463/155692484/117463_dennybeccles_IMG_19_0000_max_476x317.jpeg; https://media.rightmove.co.uk:443/dir/crop/10:9-16:9/118k/117463/155692484/117463_dennybeccles_IMG_03_0000_max_476x317.jpeg; https://media.rightmove.co.uk:443/dir/crop/10:9-16:9/118k/117463/155692484/117463_dennybeccles_IMG_22_0000_max_476x317.jpeg; https://media.rightmove.co.uk:443/dir/crop/10:9-16:9/118k/117463/155692484/117463_dennybeccles_IMG_05_0000_max_476x317.jpeg; https://media.rightmove.co.uk:443/dir/crop/10:9-16:9/118k/117463/155692484/117463_dennybeccles_IMG_04_0000_max_476x317.jpeg; https://media.rightmove.co.uk:443/dir/crop/10:9-16:9/118k/117463/155692484/117463_dennybeccles_IMG_18_0000_max_476x317.jpeg; https://media.rightmove.co.uk:443/dir/crop/10:9-16:9/118k/117463/155692484/117463_dennybeccles_IMG_17_0000_max_476x317.jpeg; https://media.rightmove.co.uk:443/dir/crop/10:9-16:9/118k/117463/155692484/117463_dennybeccles_IMG_23_0000_max_476x317.jpeg; https://media.rightmove.co.uk:443/dir/crop/10:9-16:9/118k/117463/155692484/117463_dennybeccles_IMG_26_0000_max_476x317.jpeg; https://media.rightmove.co.uk:443/dir/crop/10:9-16:9/118k/117463/155692484/117463_dennybeccles_IMG_27_0000_max_476x317.jpeg; https://media.rightmove.co.uk:443/dir/crop/10:9-16:9/118k/117463/155692484/117463_dennybeccles_IMG_25_0000_max_476x317.jpeg; https://media.rightmove.co.uk:443/dir/crop/10:9-16:9/118k/117463/155692484/117463_dennybeccles_IMG_13_0000_max_476x317.jpeg; https://media.rightmove.co.uk:443/dir/crop/10:9-16:9/118k/117463/155692484/117463_dennybeccles_IMG_12_0000_max_476x317.jpeg; https://media.rightmove.co.uk:443/dir/crop/10:9-16:9/118k/117463/155692484/117463_dennybeccles_IMG_28_0001_max_476x317.jpeg; https://media.rightmove.co.uk:443/dir/crop/10:9-16:9/118k/117463/155692484/117463_dennybeccles_IMG_29_0001_max_476x317.jpeg; https://media.rightmove.co.uk:443/dir/crop/10:9-16:9/118k/117463/155692484/117463_dennybeccles_IMG_30_0000_max_476x317.jpeg; https://media.rightmove.co.uk:443/dir/crop/10:9-16:9/118k/117463/155692484/117463_dennybeccles_IMG_31_0000_max_476x317.jpeg; https://media.rightmove.co.uk:443/dir/crop/10:9-16:9/118k/117463/155692484/117463_dennybeccles_IMG_32_0000_max_476x317.jpeg; https://media.rightmove.co.uk:443/dir/crop/10:9-16:9/118k/117463/155692484/117463_dennybeccles_IMG_33_0000_max_476x317.jpeg"
"87183984","Suffolk","Commercial Property","Dock Lane, Melton, Woodbridge","£32 pcm","","","","KEYSTONE are please to offer TO LET a range of storage units situated in The Granary Building in Melton Boat Yard. With secure access available 24/7 (via coded lock) Available on flexible terms & various sixes available. This one (Storage Box Z) is; 5' x 5' 6' high<...","https://www.rightmove.co.uk/properties/87183984#/?channel=COM_LET","2025-07-10T10:46:03Z","","new","Marketed by Keystone, Ipswich","","52.102962","1.331728","https://media.rightmove.co.uk:443/dir/crop/10:9-16:9/49k/48300/87183984/48300_34026442_IMG_00_0000_max_476x317.jpeg"
"87179442","Suffolk","Restaurant","Lowestoft - Battery Green Cultural Quarter, Lowestoft, Suffolk, NR32","POA","","","","This opportunity forms part of the town's growing Cultural Quarter. This refurbished building offers a unique opportunity for restaurant and leisure operators to become part of an ambitious regeneration programme at the heart of the community. The development will form a natural connection with t...","https://www.rightmove.co.uk/properties/87179442#/?channel=COM_LET","2025-07-10T09:53:40Z","","new","Marketed by Roche Chartered Surveyors, Norfolk","","52.476364","1.753504","https://media.rightmove.co.uk:443/dir/crop/10:9-16:9/71k/70440/87179442/70440_169059LH_IMG_00_0000_max_476x317.jpeg; https://media.rightmove.co.uk:443/dir/crop/10:9-16:9/71k/70440/87179442/70440_169059LH_IMG_01_0000_max_476x317.jpeg; https://media.rightmove.co.uk:443/dir/crop/10:9-16:9/71k/70440/87179442/70440_169059LH_IMG_02_0000_max_476x317.jpeg"
"158094023","Suffolk","Office","Greenwood Court, Bury St. Edmunds, Suffolk, IP32","£1,292 pcm","","","","Modern ground floor self-contained office to rent with flexible terms available immediately. Free allocated parking on site.Located approximately 30 miles from Cambridge and Ipswich with excellent access to A14.Recently refurbished to a very high standard.","https://www.rightmove.co.uk/properties/158094023#/?channel=COM_LET","2025-02-11T12:35:51Z","","size_change","Marketed by Cedar Tree Estates Ltd, Suffolk","","52.24291","0.75454","https://media.rightmove.co.uk:443/dir/crop/10:9-16:9/property-photo/bad0b3ec5/158094023/bad0b3ec54d0398802d8bc7c727b0fc0_max_476x317.jpeg; https://media.rightmove.co.uk:443/dir/crop/10:9-16:9/property-photo/4c6c715c2/158094023/4c6c715c237e7bc7eaf2c907f0c28f91_max_476x317.jpeg; https://media.rightmove.co.uk:443/dir/crop/10:9-16:9/property-photo/274e6b81c/158094023/274e6b81c7e8967e7dd2c8a6b2dd6953_max_476x317.jpeg; https://media.rightmove.co.uk:443/dir/crop/10:9-16:9/property-photo/d15c99615/158094023/d15c99615cd634646d4d1c2445bbfe45_max_476x317.jpeg; https://media.rightmove.co.uk:443/dir/crop/10:9-16:9/property-photo/4d1479d1e/158094023/4d1479d1e18c87f4b7dde3f8f29cd69b_max_476x317.jpeg; https://media.rightmove.co.uk:443/dir/crop/10:9-16:9/property-photo/cd7833c0d/158094023/cd7833c0d72af478446f8335df4e4a48_max_476x317.jpeg; https://media.rightmove.co.uk:443/dir/crop/10:9-16:9/property-photo/bceee9c1f/158094023/bceee9c1fa1152a951d5ccd87381c28c_max_476x317.jpeg; https://media.rightmove.co.uk:443/dir/crop/10:9-16:9/property-photo/0f60dbc0d/158094023/0f60dbc0df3debcf344181fdc19938d9_max_476x317.jpeg; https://media.rightmove.co.uk:443/dir/crop/10:9-16:9/property-photo/d1d4b8b19/158094023/d1d4b8b1995d91bf4eb9866eb7085706_max_476x317.jpeg; https://media.rightmove.co.uk:443/dir/crop/10:9-16:9/property-photo/81b709790/158094023/81b709790e3e0c17df9e07be6b821bb6_max_476x317.jpeg"
"164364593","Suffolk","Warehouse","Units A & B Baird Close, Hadleigh Road Industrial Estate, Ipswich, Suffolk, IP2 0UF","£17,500 pcm","","","","LOCATION: Ipswich is the county town of Suffolk with a resident population of approximately 130,000. Hadleigh Road Industrial Estate is located 1.5 miles (2.4 km) to the west of the town centre and Ipswich railway station. The interchange of the A14/A12 at Junction 55 of the A14 lies 2.6 mile...","https://www.rightmove.co.uk/properties/164364593#/?channel=COM_LET","2025-07-09T15:11:03Z","","new","Marketed by Fenn Wright, Ipswich Commercial Sales and Lettings","","52.062855","1.129703","https://media.rightmove.co.uk:443/dir/crop/10:9-16:9/162k/161330/164364593/161330_14870767LH_IMG_00_0000_max_476x317.jpeg; https://media.rightmove.co.uk:443/dir/crop/10:9-16:9/162k/161330/164364593/161330_14870767LH_IMG_01_0000_max_476x317.jpeg; https://media.rightmove.co.uk:443/dir/crop/10:9-16:9/162k/161330/164364593/161330_14870767LH_IMG_02_0000_max_476x317.jpeg; https://media.rightmove.co.uk:443/dir/crop/10:9-16:9/162k/161330/164364593/161330_14870767LH_IMG_03_0000_max_476x317.jpeg"
"164362709","Suffolk","Warehouse","Units A & B, Baird Close, Hadleigh Industrial Estate, Ipswich, IP2 0UF","POA","","","","FOR SALE/TO LET - Industrial/Warehouse Unit - 27,633 ft² - Hadleigh Industrial Estate, Ipswich.","https://www.rightmove.co.uk/properties/164362709#/?channel=COM_LET","2025-07-09T14:47:11Z","","new","Marketed by Savills, Ipswich","","52.06271","1.13023","https://media.rightmove.co.uk:443/dir/crop/10:9-16:9/215k/214097/164362709/214097_305771-2_IMG_00_0000_max_476x317.jpeg; https://media.rightmove.co.uk:443/dir/crop/10:9-16:9/215k/214097/164362709/214097_305771-2_IMG_01_0000_max_476x317.jpeg; https://media.rightmove.co.uk:443/dir/crop/10:9-16:9/215k/214097/164362709/214097_305771-2_IMG_02_0000_max_476x317.jpeg; https://media.rightmove.co.uk:443/dir/crop/10:9-16:9/215k/214097/164362709/214097_305771-2_IMG_03_0000_max_476x317.jpeg; https://media.rightmove.co.uk:443/dir/crop/10:9-16:9/215k/214097/164362709/214097_305771-2_IMG_04_0000_max_476x317.jpeg; https://media.rightmove.co.uk:443/dir/crop/10:9-16:9/215k/214097/164362709/214097_305771-2_IMG_05_0000_max_476x317.jpeg; https://media.rightmove.co.uk:443/dir/crop/10:9-16:9/215k/214097/164362709/214097_305771-2_IMG_06_0000_max_476x317.jpeg; https://media.rightmove.co.uk:443/dir/crop/10:9-16:9/215k/214097/164362709/214097_305771-2_IMG_07_0000_max_476x317.jpeg; https://media.rightmove.co.uk:443/dir/crop/10:9-16:9/215k/214097/164362709/214097_305771-2_IMG_08_0000_max_476x317.jpeg; https://media.rightmove.co.uk:443/dir/crop/10:9-16:9/215k/214097/164362709/214097_305771-2_IMG_09_0000_max_476x317.jpeg; https://media.rightmove.co.uk:443/dir/crop/10:9-16:9/215k/214097/164362709/214097_305771-2_IMG_10_0000_max_476x317.jpeg"
"164354921","Suffolk","Commercial Property","Office 1 , 7-11 Holywells Road, IP3","£186 pcm","","","","Nicholas Estates Commercial department are pleased to bring to the rental market this first floor office on Holywells Rd, Ipswich. Offering communal kitchen and bathroom facilities, use of communal board/ meeting room and fantastic access to town centre, Ipswich waterfront and A12/14. Pl...","https://www.rightmove.co.uk/properties/164354921#/?channel=COM_LET","2025-07-09T12:55:40Z","","new","Marketed by Nicholas Estates, Ipswich","","52.04773","1.167168","https://media.rightmove.co.uk:443/dir/crop/10:9-16:9/16k/15529/164354921/15529_10692140_IMG_06_0001_max_476x317.png; https://media.rightmove.co.uk:443/dir/crop/10:9-16:9/16k/15529/164354921/15529_10692140_IMG_07_0001_max_476x317.png; https://media.rightmove.co.uk:443/dir/crop/10:9-16:9/16k/15529/164354921/15529_10692140_IMG_08_0000_max_476x317.png; https://media.rightmove.co.uk:443/dir/crop/10:9-16:9/16k/15529/164354921/15529_10692140_IMG_05_0000_max_476x317.jpeg; https://media.rightmove.co.uk:443/dir/crop/10:9-16:9/16k/15529/164354921/15529_10692140_IMG_09_0000_max_476x317.jpeg; https://media.rightmove.co.uk:443/dir/crop/10:9-16:9/16k/15529/164354921/15529_10692140_IMG_10_0000_max_476x317.jpeg; https://media.rightmove.co.uk:443/dir/crop/10:9-16:9/16k/15529/164354921/15529_10692140_IMG_11_0000_max_476x317.jpeg"
"151673462","Suffolk","Office","Somerset Suite, Dencora Business Centre, White House Road, Ipswich, Suffolk, IP1","£420 pcm","","","","The premises offers open plan accommodation, and has recently been refurbished with new carpets and decoration. There are 2 allocated car parking spaces. Dencora Business Centre is located on Whitehouse Road on the outskirts of Ipswich, immediately adjacent to the main A14","https://www.rightmove.co.uk/properties/151673462#/?channel=COM_LET","2024-08-23T13:57:45Z","","new","Marketed by Peter Colby Commercials Limited, Norwich","","52.08067","1.12085","https://media.rightmove.co.uk:443/dir/crop/10:9-16:9/123k/122056/151673462/122056_IPSDBCJ_IMG_01_0000_max_476x317.jpeg; https://media.rightmove.co.uk:443/dir/crop/10:9-16:9/123k/122056/151673462/122056_IPSDBCJ_IMG_00_0000_max_476x317.jpeg"
"164271821","Suffolk","Light Industrial","Junction 47, Woolpit, Bury St. Edmunds, Suffolk","POA","","","","A new Industrial / Logistics Premises ideally located at junction 47 of the A14 in Woolpit, between Stowmarket and Bury St Edmunds. The A14 is the main arterial route across East Anglia and provides road links between the Port of Felixstowe and the wider road network to the West of Cambridge. Fu...","https://www.rightmove.co.uk/properties/164271821#/?channel=COM_LET","2025-07-07T17:45:05Z","","new","Marketed by Merrifields, Suffolk","","52.229729","0.892516","https://media.rightmove.co.uk:443/dir/crop/10:9-16:9/122k/121468/164271821/121468_1804LH_IMG_00_0000_max_476x317.jpeg; https://media.rightmove.co.uk:443/dir/crop/10:9-16:9/122k/121468/164271821/121468_1804LH_IMG_01_0000_max_476x317.jpeg; https://media.rightmove.co.uk:443/dir/crop/10:9-16:9/122k/121468/164271821/121468_1804LH_IMG_02_0000_max_476x317.jpeg; https://media.rightmove.co.uk:443/dir/crop/10:9-16:9/122k/121468/164271821/121468_1804LH_IMG_03_0000_max_476x317.jpeg"
"164190269","Suffolk","Light Industrial","Unit 5 Beamish Hub, 4 Berwick Road, Ipswich, Suffolk, IP3 9RY","£880 pcm","","","","Ransomes Europark is situated to the south east of Ipswich adjacent to junction 57 of the A14 which provides excellent road communications with Felixstowe, London and the national motorway network. The Port of Felixstowe is within approximately 5.7 miles and Ipswich town centre within about 4 mil...","https://www.rightmove.co.uk/properties/164190269#/?channel=COM_LET","2025-07-04T17:22:55Z","","new","Marketed by Fenn Wright, Ipswich Commercial Sales and Lettings","","52.028145","1.217386","https://media.rightmove.co.uk:443/dir/crop/10:9-16:9/162k/161330/164190269/161330_14870761LH_IMG_11_0000_max_476x317.jpeg; https://media.rightmove.co.uk:443/dir/crop/10:9-16:9/162k/161330/164190269/161330_14870761LH_IMG_04_0000_max_476x317.jpeg; https://media.rightmove.co.uk:443/dir/crop/10:9-16:9/162k/161330/164190269/161330_14870761LH_IMG_05_0000_max_476x317.jpeg; https://media.rightmove.co.uk:443/dir/crop/10:9-16:9/162k/161330/164190269/161330_14870761LH_IMG_06_0000_max_476x317.jpeg; https://media.rightmove.co.uk:443/dir/crop/10:9-16:9/162k/161330/164190269/161330_14870761LH_IMG_07_0000_max_476x317.jpeg; https://media.rightmove.co.uk:443/dir/crop/10:9-16:9/162k/161330/164190269/161330_14870761LH_IMG_09_0000_max_476x317.jpeg; https://media.rightmove.co.uk:443/dir/crop/10:9-16:9/162k/161330/164190269/161330_14870761LH_IMG_10_0000_max_476x317.jpeg"
"164189354","Suffolk","Office","1a Norfolk Road, Ipswich, Suffolk, IP4","£1,229 pcm","","","","1A Norfolk Road is situated a short walk from the town centre, within a predominantly residential area. The property is approximately 1.2 miles from Ipswich railway station, providing direct services to London. It also benefits from excellent road connectivity, circa 2.5 miles from the A14 and ar...","https://www.rightmove.co.uk/properties/164189354#/?channel=COM_LET","2025-07-04T17:11:01Z","","new","Marketed by Fenn Wright, Ipswich Commercial Sales and Lettings","","52.060032","1.163328","https://media.rightmove.co.uk:443/dir/crop/10:9-16:9/162k/161330/164189354/161330_14870763LH_IMG_07_0000_max_476x317.jpeg; https://media.rightmove.co.uk:443/dir/crop/10:9-16:9/162k/161330/164189354/161330_14870763LH_IMG_00_0000_max_476x317.jpeg; https://media.rightmove.co.uk:443/dir/crop/10:9-16:9/162k/161330/164189354/161330_14870763LH_IMG_01_0000_max_476x317.jpeg; https://media.rightmove.co.uk:443/dir/crop/10:9-16:9/162k/161330/164189354/161330_14870763LH_IMG_02_0000_max_476x317.jpeg; https://media.rightmove.co.uk:443/dir/crop/10:9-16:9/162k/161330/164189354/161330_14870763LH_IMG_03_0000_max_476x317.jpeg; https://media.rightmove.co.uk:443/dir/crop/10:9-16:9/162k/161330/164189354/161330_14870763LH_IMG_04_0000_max_476x317.jpeg; https://media.rightmove.co.uk:443/dir/crop/10:9-16:9/162k/161330/164189354/161330_14870763LH_IMG_05_0000_max_476x317.jpeg; https://media.rightmove.co.uk:443/dir/crop/10:9-16:9/162k/161330/164189354/161330_14870763LH_IMG_06_0000_max_476x317.jpeg"
"156382202","Suffolk","Retail Property (high street)","London Road North, Lowestoft","£1,250 pcm","","","","Spacious and adaptable ground floor commercial unit located in the heart of Lowestoft town centre on London Road North.","https://www.rightmove.co.uk/properties/156382202#/?channel=COM_LET","2025-01-02T09:29:29Z","","price_reduced","Marketed by Paul Hubbard Commercial, Suffolk","","52.474704","1.750863","https://media.rightmove.co.uk:443/dir/crop/10:9-16:9/77k/76023/156382202/76023_32989822_IMG_00_0000_max_476x317.jpeg; https://media.rightmove.co.uk:443/dir/crop/10:9-16:9/77k/76023/156382202/76023_32989822_IMG_01_0000_max_476x317.jpeg; https://media.rightmove.co.uk:443/dir/crop/10:9-16:9/77k/76023/156382202/76023_32989822_IMG_02_0000_max_476x317.jpeg; https://media.rightmove.co.uk:443/dir/crop/10:9-16:9/77k/76023/156382202/76023_32989822_IMG_03_0000_max_476x317.jpeg; https://media.rightmove.co.uk:443/dir/crop/10:9-16:9/77k/76023/156382202/76023_32989822_IMG_04_0000_max_476x317.jpeg; https://media.rightmove.co.uk:443/dir/crop/10:9-16:9/77k/76023/156382202/76023_32989822_IMG_05_0000_max_476x317.jpeg; https://media.rightmove.co.uk:443/dir/crop/10:9-16:9/77k/76023/156382202/76023_32989822_IMG_06_0000_max_476x317.jpeg; https://media.rightmove.co.uk:443/dir/crop/10:9-16:9/77k/76023/156382202/76023_32989822_IMG_07_0000_max_476x317.jpeg"
"164070347","Suffolk","Office","St. Margarets Plain, Ipswich, IP4","£1,350 pcm","","","","Grade 2 listed commercial unit in town centre, office space with glazed frontage, contemporary interior, prime location with high foot traffic & excellent transport links. Rare opportunity!","https://www.rightmove.co.uk/properties/164070347#/?channel=COM_LET","2025-07-02T14:24:37Z","","new","Marketed by Joseph Property Agency, Ipswich","","52.059144","1.156718","https://media.rightmove.co.uk:443/dir/crop/10:9-16:9/229k/228746/164070347/228746_3beb7cae-be61-40f0-9f9a-ef83522e6422_IMG_00_0000_max_476x317.jpeg; https://media.rightmove.co.uk:443/dir/crop/10:9-16:9/229k/228746/164070347/228746_3beb7cae-be61-40f0-9f9a-ef83522e6422_IMG_01_0000_max_476x317.jpeg; https://media.rightmove.co.uk:443/dir/crop/10:9-16:9/229k/228746/164070347/228746_3beb7cae-be61-40f0-9f9a-ef83522e6422_IMG_02_0000_max_476x317.jpeg; https://media.rightmove.co.uk:443/dir/crop/10:9-16:9/229k/228746/164070347/228746_3beb7cae-be61-40f0-9f9a-ef83522e6422_IMG_03_0000_max_476x317.jpeg; https://media.rightmove.co.uk:443/dir/crop/10:9-16:9/229k/228746/164070347/228746_3beb7cae-be61-40f0-9f9a-ef83522e6422_IMG_04_0000_max_476x317.jpeg; https://media.rightmove.co.uk:443/dir/crop/10:9-16:9/229k/228746/164070347/228746_3beb7cae-be61-40f0-9f9a-ef83522e6422_IMG_05_0000_max_476x317.jpeg; https://media.rightmove.co.uk:443/dir/crop/10:9-16:9/229k/228746/164070347/228746_3beb7cae-be61-40f0-9f9a-ef83522e6422_IMG_06_0000_max_476x317.jpeg; https://media.rightmove.co.uk:443/dir/crop/10:9-16:9/229k/228746/164070347/228746_3beb7cae-be61-40f0-9f9a-ef83522e6422_IMG_07_0000_max_476x317.jpeg"
"164066147","Suffolk","Commercial Property","27 Carr Street, Ipswich  27 Carr Street  Ipswich  IP4 1HA  United Ki[ngdom","POA","","","","Leisure or Retail Space in Ipswich Town Centre - 27 Carr Street","https://www.rightmove.co.uk/properties/164066147#/?channel=COM_LET","2025-07-02T13:30:22Z","","new","Marketed by Colliers International, Licensed & Leisure","","52.057692","1.157454","https://media.rightmove.co.uk:443/dir/crop/10:9-16:9/258k/257501/164066147/257501_a03N100000VVvEgIAL_IMG_01_0001_max_476x317.jpeg; https://media.rightmove.co.uk:443/dir/crop/10:9-16:9/258k/257501/164066147/257501_a03N100000VVvEgIAL_IMG_02_0001_max_476x317.jpeg; https://media.rightmove.co.uk:443/dir/crop/10:9-16:9/258k/257501/164066147/257501_a03N100000VVvEgIAL_IMG_03_0001_max_476x317.jpeg; https://media.rightmove.co.uk:443/dir/crop/10:9-16:9/258k/257501/164066147/257501_a03N100000VVvEgIAL_IMG_00_0001_max_476x317.jpeg"
"164020547","Suffolk","Office","First & Second Floor 59 Abbeygate Street, Bury St. Edmunds, IP33 1LB","£1,188 pcm","From","","","The offices are located on the upper floors of a prominent and imposing town centre grade II listed building in Abbeygate Street, Bury St Edmunds. The offices have a dedicated entrance on to the street. The accommodation is arranged over the first and second floor of the building and accessed vi...","https://www.rightmove.co.uk/properties/164020547#/?channel=COM_LET","2025-07-01T15:52:21Z","","new","Marketed by Merrifields, Suffolk","","52.244606","0.712507","https://media.rightmove.co.uk:443/dir/crop/10:9-16:9/122k/121468/164020547/121468_491LH_IMG_01_0000_max_476x317.jpeg; https://media.rightmove.co.uk:443/dir/crop/10:9-16:9/122k/121468/164020547/121468_491LH_IMG_18_0000_max_476x317.jpeg; https://media.rightmove.co.uk:443/dir/crop/10:9-16:9/122k/121468/164020547/121468_491LH_IMG_14_0000_max_476x317.jpeg; https://media.rightmove.co.uk:443/dir/crop/10:9-16:9/122k/121468/164020547/121468_491LH_IMG_04_0000_max_476x317.jpeg; https://media.rightmove.co.uk:443/dir/crop/10:9-16:9/122k/121468/164020547/121468_491LH_IMG_15_0000_max_476x317.jpeg; https://media.rightmove.co.uk:443/dir/crop/10:9-16:9/122k/121468/164020547/121468_491LH_IMG_17_0000_max_476x317.jpeg; https://media.rightmove.co.uk:443/dir/crop/10:9-16:9/122k/121468/164020547/121468_491LH_IMG_16_0000_max_476x317.jpeg; https://media.rightmove.co.uk:443/dir/crop/10:9-16:9/122k/121468/164020547/121468_491LH_IMG_06_0000_max_476x317.jpeg; https://media.rightmove.co.uk:443/dir/crop/10:9-16:9/122k/121468/164020547/121468_491LH_IMG_09_0001_max_476x317.jpeg; https://media.rightmove.co.uk:443/dir/crop/10:9-16:9/122k/121468/164020547/121468_491LH_IMG_19_0001_max_476x317.jpeg"
"721604041154129","Suffolk","Commercial Property","Abbotsgate House, Hollow Road, Bury St. Edmunds, IP32 7FA","£12,486 pcm","","","","Landmark Office Building on edge of town centre","https://www.rightmove.co.uk/properties/721604041154129#/?channel=COM_LET","2025-11-26T12:10:18Z","","size_change","Marketed by Hazells, Bury St Edmunds","","52.253591","0.730663","https://media.rightmove.co.uk:443/dir/crop/10:9-16:9/287k/286808/721604041154129/286808_79181-2_IMG_00_0000_max_476x317.jpeg; https://media.rightmove.co.uk:443/dir/crop/10:9-16:9/287k/286808/721604041154129/286808_79181-2_IMG_01_0000_max_476x317.jpeg; https://media.rightmove.co.uk:443/dir/crop/10:9-16:9/287k/286808/721604041154129/286808_79181-2_IMG_02_0000_max_476x317.jpeg; https://media.rightmove.co.uk:443/dir/crop/10:9-16:9/287k/286808/721604041154129/286808_79181-2_IMG_03_0000_max_476x317.jpeg; https://media.rightmove.co.uk:443/dir/crop/10:9-16:9/287k/286808/721604041154129/286808_79181-2_IMG_04_0000_max_476x317.jpeg; https://media.rightmove.co.uk:443/dir/crop/10:9-16:9/287k/286808/721604041154129/286808_79181-2_IMG_05_0000_max_476x317.jpeg"
"163719149","Suffolk","Warehouse","G1-G63 Bluestem Road, Ipswich, Suffolk, IP3","POA","","","","The property comprises a detached warehouse on a good-sized corner plot of approximately 3.8 acres.","https://www.rightmove.co.uk/properties/163719149#/?channel=COM_LET","2025-06-24T11:24:40Z","","new","Marketed by Coke Gearing Consulting, Bishops Stortford","","52.02913","1.20772","https://media.rightmove.co.uk:443/dir/crop/10:9-16:9/111k/110398/163719149/110398_C2348_IMG_04_0000_max_476x317.jpeg; https://media.rightmove.co.uk:443/dir/crop/10:9-16:9/111k/110398/163719149/110398_C2348_IMG_03_0000_max_476x317.png; https://media.rightmove.co.uk:443/dir/crop/10:9-16:9/111k/110398/163719149/110398_C2348_IMG_02_0000_max_476x317.png; https://media.rightmove.co.uk:443/dir/crop/10:9-16:9/111k/110398/163719149/110398_C2348_IMG_05_0000_max_476x317.jpeg; https://media.rightmove.co.uk:443/dir/crop/10:9-16:9/111k/110398/163719149/110398_C2348_IMG_06_0000_max_476x317.jpeg"
"163703537","Suffolk","Office","9A Park Way Elm Farm Park, Thurston, Bury St. Edmunds, Suffolk, IP31 1TB","£958 pcm","","","","Elm Farm Park is located in the village of Thurston, 8 miles east of Bury St Edmunds and approximately 3 miles from the A14 dual carriageway. Unit 9A is a well equipped first floor office situated on phase II of the Park Way development on Elm Farm Park. The specification includes; Acoustic flo...","https://www.rightmove.co.uk/properties/163703537#/?channel=COM_LET","2025-06-23T23:15:42Z","","new","Marketed by Merrifields, Suffolk","","52.258236","0.844771","https://media.rightmove.co.uk:443/dir/crop/10:9-16:9/122k/121468/163703537/121468_2095LH_IMG_00_0000_max_476x317.jpeg; https://media.rightmove.co.uk:443/dir/crop/10:9-16:9/122k/121468/163703537/121468_2095LH_IMG_01_0000_max_476x317.jpeg; https://media.rightmove.co.uk:443/dir/crop/10:9-16:9/122k/121468/163703537/121468_2095LH_IMG_02_0000_max_476x317.jpeg; https://media.rightmove.co.uk:443/dir/crop/10:9-16:9/122k/121468/163703537/121468_2095LH_IMG_03_0000_max_476x317.jpeg; https://media.rightmove.co.uk:443/dir/crop/10:9-16:9/122k/121468/163703537/121468_2095LH_IMG_04_0000_max_476x317.jpeg"
"163613825","Suffolk","Light Industrial","Unit 7 Shepherds Grove Industrial Estate, Stanton, Bury St. Edmunds, Suffolk, IP31 2AR","£1,250 pcm","","","","The property is located on Shepherds Grove Industrial Estate which is located 1.7 miles from the A143 Bury to Diss road. The single storey business unit are of steel frame construction and blockwork walls with profiled insulated metal sheet roofs and concrete floors. The property is laid out to...","https://www.rightmove.co.uk/properties/163613825#/?channel=COM_LET","2025-06-20T17:42:36Z","","new","Marketed by Merrifields, Suffolk","","52.313732","0.909433","https://media.rightmove.co.uk:443/dir/crop/10:9-16:9/122k/121468/163613825/121468_1566LH_IMG_00_0000_max_476x317.jpeg; https://media.rightmove.co.uk:443/dir/crop/10:9-16:9/122k/121468/163613825/121468_1566LH_IMG_01_0000_max_476x317.jpeg; https://media.rightmove.co.uk:443/dir/crop/10:9-16:9/122k/121468/163613825/121468_1566LH_IMG_02_0000_max_476x317.jpeg; https://media.rightmove.co.uk:443/dir/crop/10:9-16:9/122k/121468/163613825/121468_1566LH_IMG_03_0000_max_476x317.jpeg; https://media.rightmove.co.uk:443/dir/crop/10:9-16:9/122k/121468/163613825/121468_1566LH_IMG_04_0000_max_476x317.jpeg; https://media.rightmove.co.uk:443/dir/crop/10:9-16:9/122k/121468/163613825/121468_1566LH_IMG_05_0000_max_476x317.jpeg"
"163613780","Suffolk","Light Industrial","88a Newmarket Road, Bury St Edmunds, Suffolk, IP33 3TF","£2,083 pcm","","","","Roadside unit located on the Newmarket Road between Bury St Edmunds town centre and the A14. The unit provides excellent access to Junction 42 of the A14. The unit is currently part of the Formula One Autocentres Unit and will be sub-divided to provide a shell unit with yard / customer parking. T...","https://www.rightmove.co.uk/properties/163613780#/?channel=COM_LET","2025-06-20T17:42:14Z","","new","Marketed by Merrifields, Suffolk","","52.251996","0.686772","https://media.rightmove.co.uk:443/dir/crop/10:9-16:9/122k/121468/163613780/121468_1860LH_IMG_00_0000_max_476x317.jpeg; https://media.rightmove.co.uk:443/dir/crop/10:9-16:9/122k/121468/163613780/121468_1860LH_IMG_01_0000_max_476x317.jpeg; https://media.rightmove.co.uk:443/dir/crop/10:9-16:9/122k/121468/163613780/121468_1860LH_IMG_02_0000_max_476x317.jpeg; https://media.rightmove.co.uk:443/dir/crop/10:9-16:9/122k/121468/163613780/121468_1860LH_IMG_03_0000_max_476x317.jpeg; https://media.rightmove.co.uk:443/dir/crop/10:9-16:9/122k/121468/163613780/121468_1860LH_IMG_04_0000_max_476x317.jpeg; https://media.rightmove.co.uk:443/dir/crop/10:9-16:9/122k/121468/163613780/121468_1860LH_IMG_05_0000_max_476x317.jpeg"
"163613699","Suffolk","Light Industrial","Equis House, Bury St Edmunds, Suffolk, IP32 7AB","POA","","","","Equis House is situated on the north side of Eastern Way less than 1 mile east of the town centre. The A143 dual carriageway is accessed from the north via Hollow Road and gives direct access to the A14 at junction 43. The property lies in an established Industrial location known as the Eastern...","https://www.rightmove.co.uk/properties/163613699#/?channel=COM_LET","2025-06-20T17:41:28Z","","new","Marketed by Merrifields, Suffolk","","52.251621","0.726605","https://media.rightmove.co.uk:443/dir/crop/10:9-16:9/122k/121468/163613699/121468_1948LH_IMG_00_0000_max_476x317.jpeg; https://media.rightmove.co.uk:443/dir/crop/10:9-16:9/122k/121468/163613699/121468_1948LH_IMG_01_0000_max_476x317.jpeg; https://media.rightmove.co.uk:443/dir/crop/10:9-16:9/122k/121468/163613699/121468_1948LH_IMG_02_0000_max_476x317.jpeg; https://media.rightmove.co.uk:443/dir/crop/10:9-16:9/122k/121468/163613699/121468_1948LH_IMG_03_0000_max_476x317.jpeg; https://media.rightmove.co.uk:443/dir/crop/10:9-16:9/122k/121468/163613699/121468_1948LH_IMG_04_0000_max_476x317.jpeg; https://media.rightmove.co.uk:443/dir/crop/10:9-16:9/122k/121468/163613699/121468_1948LH_IMG_05_0000_max_476x317.jpeg; https://media.rightmove.co.uk:443/dir/crop/10:9-16:9/122k/121468/163613699/121468_1948LH_IMG_06_0000_max_476x317.jpeg; https://media.rightmove.co.uk:443/dir/crop/10:9-16:9/122k/121468/163613699/121468_1948LH_IMG_07_0000_max_476x317.jpeg"
"163613594","Suffolk","Retail Property (high street)","Retail Warehouse (Former Co-Op) Mildenhall Road, Bury St Edmunds, Suffolk, IP32 6EN","£14,167 pcm","","","","The property is situated on Mildenhall Road on the outskirts of Bury St Edmunds within 1 mile of the new Marham Park residential development and approximately 1.1 miles from J43 of the A14. Nearby occupiers of the subject property include; UPS, Mikzan, Mercedes Benz, Volkswagen and David Lloyd. ...","https://www.rightmove.co.uk/properties/163613594#/?channel=COM_LET","2025-06-20T17:40:44Z","","new","Marketed by Merrifields, Suffolk","","52.263538","0.709039","https://media.rightmove.co.uk:443/dir/crop/10:9-16:9/122k/121468/163613594/121468_2015LH_IMG_00_0000_max_476x317.jpeg; https://media.rightmove.co.uk:443/dir/crop/10:9-16:9/122k/121468/163613594/121468_2015LH_IMG_01_0000_max_476x317.jpeg; https://media.rightmove.co.uk:443/dir/crop/10:9-16:9/122k/121468/163613594/121468_2015LH_IMG_02_0000_max_476x317.jpeg; https://media.rightmove.co.uk:443/dir/crop/10:9-16:9/122k/121468/163613594/121468_2015LH_IMG_03_0000_max_476x317.jpeg; https://media.rightmove.co.uk:443/dir/crop/10:9-16:9/122k/121468/163613594/121468_2015LH_IMG_04_0000_max_476x317.jpeg; https://media.rightmove.co.uk:443/dir/crop/10:9-16:9/122k/121468/163613594/121468_2015LH_IMG_05_0000_max_476x317.jpeg; https://media.rightmove.co.uk:443/dir/crop/10:9-16:9/122k/121468/163613594/121468_2015LH_IMG_06_0000_max_476x317.jpeg; https://media.rightmove.co.uk:443/dir/crop/10:9-16:9/122k/121468/163613594/121468_2015LH_IMG_07_0000_max_476x317.jpeg; https://media.rightmove.co.uk:443/dir/crop/10:9-16:9/122k/121468/163613594/121468_2015LH_IMG_08_0000_max_476x317.jpeg"
"85376735","Suffolk","Storage","Safestore Self Storage, Quantum Business Park, White House Road, Ipswich, Suffolk, IP1","£126 pcm","From","","","Each store at Safestore Self Storage has 100's of individual units offering space to a range of customers for both business & domestic uses. Price shown is for a 100sqft unit in June 2024 ex. VAT. Please contact us for the latest prices and availability.","https://www.rightmove.co.uk/properties/85376735#/?channel=COM_LET","2019-10-03T17:17:50Z","","price_reduced","Marketed by Safestore Limited, National","","52.08174","1.11795","https://media.rightmove.co.uk:443/dir/crop/10:9-16:9/131k/130990/85376735/130990_Storage_Ipswich_IMG_00_0001_max_476x317.jpeg; https://media.rightmove.co.uk:443/dir/crop/10:9-16:9/131k/130990/85376735/130990_Storage_Ipswich_IMG_01_0001_max_476x317.jpeg; https://media.rightmove.co.uk:443/dir/crop/10:9-16:9/131k/130990/85376735/130990_Storage_Ipswich_IMG_02_0001_max_476x317.jpeg; https://media.rightmove.co.uk:443/dir/crop/10:9-16:9/131k/130990/85376735/130990_Storage_Ipswich_IMG_03_0001_max_476x317.jpeg; https://media.rightmove.co.uk:443/dir/crop/10:9-16:9/131k/130990/85376735/130990_Storage_Ipswich_IMG_04_0001_max_476x317.jpeg; https://media.rightmove.co.uk:443/dir/crop/10:9-16:9/131k/130990/85376735/130990_Storage_Ipswich_IMG_05_0000_max_476x317.jpeg; https://media.rightmove.co.uk:443/dir/crop/10:9-16:9/131k/130990/85376735/130990_Storage_Ipswich_IMG_06_0000_max_476x317.jpeg; https://media.rightmove.co.uk:443/dir/crop/10:9-16:9/131k/130990/85376735/130990_Storage_Ipswich_IMG_07_0000_max_476x317.jpeg; https://media.rightmove.co.uk:443/dir/crop/10:9-16:9/131k/130990/85376735/130990_Storage_Ipswich_IMG_08_0000_max_476x317.jpeg"
"721604194244736","Suffolk","Retail Property (high street)","10 Cornhill, Bury St. Edmunds, IP33 1BH","£4,583 pcm","","","","Prime town centre retail unit on Cornhill with return frontage to Central Walk.","https://www.rightmove.co.uk/properties/721604194244736#/?channel=COM_LET","2025-11-26T12:11:04Z","","new","Marketed by Hazells, Bury St Edmunds","","52.245455","0.711888","https://media.rightmove.co.uk:443/dir/crop/10:9-16:9/287k/286808/721604194244736/286808_303913-2_IMG_00_0000_max_476x317.jpeg; https://media.rightmove.co.uk:443/dir/crop/10:9-16:9/287k/286808/721604194244736/286808_303913-2_IMG_01_0000_max_476x317.jpeg; https://media.rightmove.co.uk:443/dir/crop/10:9-16:9/287k/286808/721604194244736/286808_303913-2_IMG_02_0000_max_476x317.jpeg; https://media.rightmove.co.uk:443/dir/crop/10:9-16:9/287k/286808/721604194244736/286808_303913-2_IMG_03_0000_max_476x317.jpeg; https://media.rightmove.co.uk:443/dir/crop/10:9-16:9/287k/286808/721604194244736/286808_303913-2_IMG_04_0000_max_476x317.jpeg"
"155856017","Suffolk","Warehouse"," 13 Farthing Road, Ipswich, Suffolk, IP1 5AP","£3,167 pcm","","","","Semi-detached Industrial Unit with Parking 397 sq m/4,273 sq ft plus Good access to the A14/A12 trunk roadApex height 6.15 m/20 ftSingle storey office with ancillary blockNew lease terms","https://www.rightmove.co.uk/properties/155856017#/?channel=COM_LET","2024-12-11T12:30:12Z","","price_reduced","Marketed by Reader Commercial, Ipswich","","52.06687","1.11065","https://media.rightmove.co.uk:443/dir/crop/10:9-16:9/91k/90673/155856017/90673_Unit13FarthingRoadIndustrialEstate_IMG_00_0001_max_476x317.png; https://media.rightmove.co.uk:443/dir/crop/10:9-16:9/91k/90673/155856017/90673_Unit13FarthingRoadIndustrialEstate_IMG_01_0001_max_476x317.jpeg; https://media.rightmove.co.uk:443/dir/crop/10:9-16:9/91k/90673/155856017/90673_Unit13FarthingRoadIndustrialEstate_IMG_02_0001_max_476x317.png"
"163494782","Suffolk","Residential Development","Hall Farm Barns, Church Lane, Freckenham, Bury St Edmunds","£1,458 pcm","","","","Period Barn with potential to convert to Commercial/Light Industrial 2,869 sq ft (266.5 sq m) FREEHOLD FOR SALE OR TO LET WITH VACANT POSSESSION","https://www.rightmove.co.uk/properties/163494782#/?channel=COM_LET","2025-06-18T16:42:17Z","","new","Marketed by Redmayne Arnold & Harris, Cambridge","","52.318939","0.4441","https://media.rightmove.co.uk:443/dir/crop/10:9-16:9/278k/277961/163494782/277961_33974419_IMG_00_0000_max_476x317.jpeg; https://media.rightmove.co.uk:443/dir/crop/10:9-16:9/278k/277961/163494782/277961_33974419_IMG_01_0000_max_476x317.jpeg; https://media.rightmove.co.uk:443/dir/crop/10:9-16:9/278k/277961/163494782/277961_33974419_IMG_02_0000_max_476x317.jpeg; https://media.rightmove.co.uk:443/dir/crop/10:9-16:9/278k/277961/163494782/277961_33974419_IMG_03_0000_max_476x317.jpeg; https://media.rightmove.co.uk:443/dir/crop/10:9-16:9/278k/277961/163494782/277961_33974419_IMG_04_0000_max_476x317.jpeg; https://media.rightmove.co.uk:443/dir/crop/10:9-16:9/278k/277961/163494782/277961_33974419_IMG_05_0000_max_476x317.jpeg; https://media.rightmove.co.uk:443/dir/crop/10:9-16:9/278k/277961/163494782/277961_33974419_IMG_06_0000_max_476x317.jpeg; https://media.rightmove.co.uk:443/dir/crop/10:9-16:9/278k/277961/163494782/277961_33974419_IMG_07_0000_max_476x317.jpeg; https://media.rightmove.co.uk:443/dir/crop/10:9-16:9/278k/277961/163494782/277961_33974419_IMG_08_0000_max_476x317.jpeg"
"163467524","Suffolk","Warehouse","Farthing Road, Ipswich, Suffolk, IP1","£13,287 pcm","","","","Two connected warehouse units with offices and parking - To let1975 sq m/21,259 sq ft3 x loading doors5.5 m/18 ft height to eavesNew lease terms£7.50 per sq ftAvailable now","https://www.rightmove.co.uk/properties/163467524#/?channel=COM_LET","2025-06-18T11:26:31Z","","new","Marketed by Reader Commercial, Ipswich","","52.0666","1.11306","https://media.rightmove.co.uk:443/dir/crop/10:9-16:9/91k/90673/163467524/90673_Units5and6FarthingRoad_IMG_00_0000_max_476x317.png; https://media.rightmove.co.uk:443/dir/crop/10:9-16:9/91k/90673/163467524/90673_Units5and6FarthingRoad_IMG_01_0000_max_476x317.jpeg; https://media.rightmove.co.uk:443/dir/crop/10:9-16:9/91k/90673/163467524/90673_Units5and6FarthingRoad_IMG_02_0000_max_476x317.jpeg; https://media.rightmove.co.uk:443/dir/crop/10:9-16:9/91k/90673/163467524/90673_Units5and6FarthingRoad_IMG_03_0000_max_476x317.jpeg; https://media.rightmove.co.uk:443/dir/crop/10:9-16:9/91k/90673/163467524/90673_Units5and6FarthingRoad_IMG_04_0000_max_476x317.jpeg; https://media.rightmove.co.uk:443/dir/crop/10:9-16:9/91k/90673/163467524/90673_Units5and6FarthingRoad_IMG_05_0000_max_476x317.jpeg; https://media.rightmove.co.uk:443/dir/crop/10:9-16:9/91k/90673/163467524/90673_Units5and6FarthingRoad_IMG_06_0000_max_476x317.jpeg; https://media.rightmove.co.uk:443/dir/crop/10:9-16:9/91k/90673/163467524/90673_Units5and6FarthingRoad_IMG_07_0000_max_476x317.jpeg"
"154554857","Suffolk","Office","Eastern Way, Bury St. Edmunds, Suffolk, IP32","£632 pcm","","","3","Ground-floor 373 sq ft business unit in Bury St Edmunds, ideal for studios, wellness, creative, or professional businesses. Centrally located near cafés, shops, and transport links - a versatile space for small or micro businesses.","https://www.rightmove.co.uk/properties/154554857#/?channel=COM_LET","2024-11-04T11:31:20Z","","new","Marketed by Menta, Suffolk","","52.25113","0.72604","https://media.rightmove.co.uk:443/dir/crop/10:9-16:9/275k/274565/154554857/274565_Unit12_IMG_00_0000_max_476x317.jpeg; https://media.rightmove.co.uk:443/dir/crop/10:9-16:9/275k/274565/154554857/274565_UNIT10VC_IMG_01_0003_max_476x317.jpeg"
"163301447","Suffolk","Retail Property (high street)","Unit 12 Sailmakers Shopping Centre, 11 Tavern Street, Ipswich, Suffolk, IP1 3BB","£2,292 pcm","","","","LOCATION: Ipswich is the largest town in Suffolk and the administrative centre for the county, it is also considered one of the most important shopping destinations in East Anglia. There is a catchment population of 377,000 of which 32% comprises the acorn group profiles of executive wealth, ma...","https://www.rightmove.co.uk/properties/163301447#/?channel=COM_LET","2025-06-13T16:09:23Z","","new","Marketed by Fenn Wright, Ipswich Commercial Sales and Lettings","","52.058355","1.154098","https://media.rightmove.co.uk:443/dir/crop/10:9-16:9/162k/161330/163301447/161330_14870744LH_IMG_00_0000_max_476x317.jpeg; https://media.rightmove.co.uk:443/dir/crop/10:9-16:9/162k/161330/163301447/161330_14870744LH_IMG_03_0000_max_476x317.jpeg; https://media.rightmove.co.uk:443/dir/crop/10:9-16:9/162k/161330/163301447/161330_14870744LH_IMG_01_0000_max_476x317.jpeg; https://media.rightmove.co.uk:443/dir/crop/10:9-16:9/162k/161330/163301447/161330_14870744LH_IMG_02_0000_max_476x317.jpeg"
"163299968","Suffolk","Retail Property (high street)","Unit 5 Sailmakers Shopping Centre, 11 Tavern Street, Ipswich, Suffolk, IP1 3BB","£2,083 pcm","","","","LOCATION: Ipswich is the largest town in Suffolk and the administrative centre for the county, it is also considered one of the most important shopping destinations in East Anglia. There is a catchment population of 377,000 of which 32% comprises the acorn group profiles of executive wealth, ma...","https://www.rightmove.co.uk/properties/163299968#/?channel=COM_LET","2025-06-13T15:51:00Z","","new","Marketed by Fenn Wright, Ipswich Commercial Sales and Lettings","","52.058355","1.154098","https://media.rightmove.co.uk:443/dir/crop/10:9-16:9/162k/161330/163299968/161330_14870743LH_IMG_00_0000_max_476x317.jpeg; https://media.rightmove.co.uk:443/dir/crop/10:9-16:9/162k/161330/163299968/161330_14870743LH_IMG_03_0000_max_476x317.jpeg; https://media.rightmove.co.uk:443/dir/crop/10:9-16:9/162k/161330/163299968/161330_14870743LH_IMG_01_0000_max_476x317.jpeg; https://media.rightmove.co.uk:443/dir/crop/10:9-16:9/162k/161330/163299968/161330_14870743LH_IMG_02_0000_max_476x317.jpeg"
"163139312","Suffolk","Light Industrial","Priory Barn Drinkstone Road, Gedding, Suffolk, IP30 0QE","£2,500 pcm","","","","Priory Barn is a former agricultural building that has been converted into a good quality warehouse premises. It is located on Drinkstone Road in the village of Gedding approximately 4.6 miles from the A14. The premises is of steel portal framed construction with timber clad elevations and a pr...","https://www.rightmove.co.uk/properties/163139312#/?channel=COM_LET","2025-06-11T09:33:15Z","","new","Marketed by Merrifields, Suffolk","","52.184782","0.848205","https://media.rightmove.co.uk:443/dir/crop/10:9-16:9/122k/121468/163139312/121468_1014LH_IMG_00_0000_max_476x317.jpeg; https://media.rightmove.co.uk:443/dir/crop/10:9-16:9/122k/121468/163139312/121468_1014LH_IMG_01_0000_max_476x317.jpeg; https://media.rightmove.co.uk:443/dir/crop/10:9-16:9/122k/121468/163139312/121468_1014LH_IMG_11_0000_max_476x317.jpeg; https://media.rightmove.co.uk:443/dir/crop/10:9-16:9/122k/121468/163139312/121468_1014LH_IMG_03_0000_max_476x317.jpeg; https://media.rightmove.co.uk:443/dir/crop/10:9-16:9/122k/121468/163139312/121468_1014LH_IMG_04_0000_max_476x317.jpeg; https://media.rightmove.co.uk:443/dir/crop/10:9-16:9/122k/121468/163139312/121468_1014LH_IMG_05_0000_max_476x317.jpeg; https://media.rightmove.co.uk:443/dir/crop/10:9-16:9/122k/121468/163139312/121468_1014LH_IMG_06_0000_max_476x317.jpeg; https://media.rightmove.co.uk:443/dir/crop/10:9-16:9/122k/121468/163139312/121468_1014LH_IMG_07_0000_max_476x317.jpeg; https://media.rightmove.co.uk:443/dir/crop/10:9-16:9/122k/121468/163139312/121468_1014LH_IMG_08_0001_max_476x317.jpeg; https://media.rightmove.co.uk:443/dir/crop/10:9-16:9/122k/121468/163139312/121468_1014LH_IMG_09_0000_max_476x317.jpeg; https://media.rightmove.co.uk:443/dir/crop/10:9-16:9/122k/121468/163139312/121468_1014LH_IMG_12_0000_max_476x317.jpeg"
"163138823","Suffolk","Office","Plot 200 Haverhill Research Park, Haverhill, Suffolk, CB9","POA","","","","Bespoke design and build on freehold or leasehold basis. Plot 200 comprises an area of 1.85 acres and could house buildings from 10,000 sq ft to 46,000 sq ft (depending on building type). To discuss competitive design and build opportunities please contact Will Brown or Alexander Smith on 01223 ...","https://www.rightmove.co.uk/properties/163138823#/?channel=COM_LET","2025-06-11T09:26:37Z","","new","Marketed by Cheffins Commercial, Cambridge","","52.089792","0.403804","https://media.rightmove.co.uk:443/dir/crop/10:9-16:9/72k/71682/163138823/71682_203022LH_IMG_00_0000_max_476x317.jpeg; https://media.rightmove.co.uk:443/dir/crop/10:9-16:9/72k/71682/163138823/71682_203022LH_IMG_01_0000_max_476x317.jpeg; https://media.rightmove.co.uk:443/dir/crop/10:9-16:9/72k/71682/163138823/71682_203022LH_IMG_02_0000_max_476x317.jpeg; https://media.rightmove.co.uk:443/dir/crop/10:9-16:9/72k/71682/163138823/71682_203022LH_IMG_03_0000_max_476x317.jpeg; https://media.rightmove.co.uk:443/dir/crop/10:9-16:9/72k/71682/163138823/71682_203022LH_IMG_04_0000_max_476x317.jpeg; https://media.rightmove.co.uk:443/dir/crop/10:9-16:9/72k/71682/163138823/71682_203022LH_IMG_05_0000_max_476x317.jpeg; https://media.rightmove.co.uk:443/dir/crop/10:9-16:9/72k/71682/163138823/71682_203022LH_IMG_06_0000_max_476x317.jpeg; https://media.rightmove.co.uk:443/dir/crop/10:9-16:9/72k/71682/163138823/71682_203022LH_IMG_07_0000_max_476x317.jpeg"
"163138583","Suffolk","Office","Haverhill Research Park, Innovation Centre, Haverhill, Suffolk","POA","","","","The EpiCentre offers high quality modern office and lab accommodation which can be customised to suit an occupier's individual needs. Benefits include flexible license agreements, inclusive rents, meeting and conference rooms, a dedicated business support team and an onsite café. For further i...","https://www.rightmove.co.uk/properties/163138583#/?channel=COM_LET","2025-06-11T09:23:01Z","","new","Marketed by Cheffins Commercial, Cambridge","","52.089792","0.403804","https://media.rightmove.co.uk:443/dir/crop/10:9-16:9/72k/71682/163138583/71682_203592LH_IMG_00_0000_max_476x317.jpeg; https://media.rightmove.co.uk:443/dir/crop/10:9-16:9/72k/71682/163138583/71682_203592LH_IMG_01_0000_max_476x317.jpeg; https://media.rightmove.co.uk:443/dir/crop/10:9-16:9/72k/71682/163138583/71682_203592LH_IMG_02_0000_max_476x317.jpeg; https://media.rightmove.co.uk:443/dir/crop/10:9-16:9/72k/71682/163138583/71682_203592LH_IMG_03_0000_max_476x317.jpeg; https://media.rightmove.co.uk:443/dir/crop/10:9-16:9/72k/71682/163138583/71682_203592LH_IMG_04_0000_max_476x317.jpeg; https://media.rightmove.co.uk:443/dir/crop/10:9-16:9/72k/71682/163138583/71682_203592LH_IMG_05_0000_max_476x317.jpeg; https://media.rightmove.co.uk:443/dir/crop/10:9-16:9/72k/71682/163138583/71682_203592LH_IMG_06_0000_max_476x317.jpeg; https://media.rightmove.co.uk:443/dir/crop/10:9-16:9/72k/71682/163138583/71682_203592LH_IMG_07_0000_max_476x317.jpeg; https://media.rightmove.co.uk:443/dir/crop/10:9-16:9/72k/71682/163138583/71682_203592LH_IMG_08_0000_max_476x317.jpeg"
"163138238","Suffolk","Light Industrial","Unit 1 St Leger Drive, Newmarket Business Park, Newmarket, Suffolk, CB8","£58,583 pcm","","","","Modern warehouse unit of 70,284 sq ft in an excellent location with easy access to A14/A11/M11. Well appointed offices and double yard providing parking and loading access. For further information please contact Luke Davenport or Alexander Smith on or luke. ...","https://www.rightmove.co.uk/properties/163138238#/?channel=COM_LET","2025-06-11T09:19:26Z","","new","Marketed by Cheffins Commercial, Cambridge","","52.261061","0.394673","https://media.rightmove.co.uk:443/dir/crop/10:9-16:9/72k/71682/163138238/71682_204195LH_IMG_00_0000_max_476x317.jpeg; https://media.rightmove.co.uk:443/dir/crop/10:9-16:9/72k/71682/163138238/71682_204195LH_IMG_01_0000_max_476x317.jpeg; https://media.rightmove.co.uk:443/dir/crop/10:9-16:9/72k/71682/163138238/71682_204195LH_IMG_02_0000_max_476x317.jpeg; https://media.rightmove.co.uk:443/dir/crop/10:9-16:9/72k/71682/163138238/71682_204195LH_IMG_03_0000_max_476x317.jpeg; https://media.rightmove.co.uk:443/dir/crop/10:9-16:9/72k/71682/163138238/71682_204195LH_IMG_04_0000_max_476x317.jpeg; https://media.rightmove.co.uk:443/dir/crop/10:9-16:9/72k/71682/163138238/71682_204195LH_IMG_05_0000_max_476x317.jpeg; https://media.rightmove.co.uk:443/dir/crop/10:9-16:9/72k/71682/163138238/71682_204195LH_IMG_06_0000_max_476x317.jpeg"
"163137725","Suffolk","Light Industrial","Nucleus, Nucleus Business Park, Exning Road, Newmarket, Suffolk, CB8","POA","","","","10 new industrial/warehouse/R&D units available to buy or to rent. Located off Exning Road on a prominent roadside frontage and within an established employment area with national occupiers. For further information please contact Luke Davenport on or Alexander Smith on ...","https://www.rightmove.co.uk/properties/163137725#/?channel=COM_LET","2025-06-11T09:13:01Z","","new","Marketed by Cheffins Commercial, Cambridge","","52.257184","0.386871","https://media.rightmove.co.uk:443/dir/crop/10:9-16:9/property-photo/0c88d7e86/163137725/0c88d7e868fcacc75d09e9f05d937b3e_max_476x317.jpeg"
"163115978","Suffolk","Office","Unit 12, Swan Lane, Exning, Newmarket, Suffolk, CB8","£333 pcm","","","","Unit 12 comprises an office space with a small kitchenette and W/C. The premises benefit from a predominantly open plan layout with a good level of natural light. There is ample on site car parking available. For further information please contact Will Moss on / will.moss@cheffins.c...","https://www.rightmove.co.uk/properties/163115978#/?channel=COM_LET","2025-06-10T16:57:25Z","","new","Marketed by Cheffins Commercial, Cambridge","","52.265377","0.37076","https://media.rightmove.co.uk:443/dir/crop/10:9-16:9/72k/71682/163115978/71682_204509LH_IMG_00_0000_max_476x317.jpeg; https://media.rightmove.co.uk:443/dir/crop/10:9-16:9/72k/71682/163115978/71682_204509LH_IMG_01_0000_max_476x317.jpeg"
"163115765","Suffolk","Light Industrial","2 Hollands Road, Haverhill, Suffolk, CB9","POA","","","","Former engineering depot on site of 1.84 acres. Due to be refurbished and will be available in Q1/Q2 2026. Suitable for a range of industrial and storage uses. Available on a new lease, for the quoting terms please contact Alexander Smith on .","https://www.rightmove.co.uk/properties/163115765#/?channel=COM_LET","2025-06-10T16:55:17Z","","new","Marketed by Cheffins Commercial, Cambridge","","52.073101","0.429219","https://media.rightmove.co.uk:443/dir/crop/10:9-16:9/property-photo/c73beca8a/163115765/c73beca8ac9088d372fadb3695cf2369_max_476x317.jpeg; https://media.rightmove.co.uk:443/dir/crop/10:9-16:9/property-photo/e46141e22/163115765/e46141e22bfe9c674345c7eafc39535e_max_476x317.jpeg; https://media.rightmove.co.uk:443/dir/crop/10:9-16:9/property-photo/ccbf63be5/163115765/ccbf63be56a7a8531a3a943998a2c12d_max_476x317.jpeg; https://media.rightmove.co.uk:443/dir/crop/10:9-16:9/property-photo/bf6ffa089/163115765/bf6ffa08912a110d62d02e5af43619fe_max_476x317.jpeg; https://media.rightmove.co.uk:443/dir/crop/10:9-16:9/property-photo/08225cf18/163115765/08225cf18352b865460755814fecf765_max_476x317.jpeg; https://media.rightmove.co.uk:443/dir/crop/10:9-16:9/property-photo/34bf565fb/163115765/34bf565fb6f371fc5e1d12a72a2248a3_max_476x317.jpeg; https://media.rightmove.co.uk:443/dir/crop/10:9-16:9/property-photo/8e95626ca/163115765/8e95626ca66b43ed29e06b170a12ee52_max_476x317.jpeg"
"163111583","Suffolk","Research & Development Facility","Cheveley House, Fordham Road, Newmarket, Suffolk, CB8","POA","","","","Headquarters-style building in a prominent position on Newmarket Business Park. Surrounded by a range of amenities. Available to let or to purchase. Suitable for a range of commercial uses. Please get in touch with Alexander Smith on or email alexander. for furthe...","https://www.rightmove.co.uk/properties/163111583#/?channel=COM_LET","2025-06-10T16:04:54Z","","new","Marketed by Cheffins Commercial, Cambridge","","52.261459","0.398437","https://media.rightmove.co.uk:443/dir/crop/10:9-16:9/72k/71682/163111583/71682_204543LH_IMG_00_0000_max_476x317.jpeg; https://media.rightmove.co.uk:443/dir/crop/10:9-16:9/72k/71682/163111583/71682_204543LH_IMG_01_0000_max_476x317.jpeg; https://media.rightmove.co.uk:443/dir/crop/10:9-16:9/72k/71682/163111583/71682_204543LH_IMG_02_0000_max_476x317.jpeg; https://media.rightmove.co.uk:443/dir/crop/10:9-16:9/72k/71682/163111583/71682_204543LH_IMG_03_0000_max_476x317.jpeg; https://media.rightmove.co.uk:443/dir/crop/10:9-16:9/72k/71682/163111583/71682_204543LH_IMG_04_0000_max_476x317.jpeg; https://media.rightmove.co.uk:443/dir/crop/10:9-16:9/72k/71682/163111583/71682_204543LH_IMG_05_0000_max_476x317.jpeg; https://media.rightmove.co.uk:443/dir/crop/10:9-16:9/72k/71682/163111583/71682_204543LH_IMG_06_0000_max_476x317.jpeg; https://media.rightmove.co.uk:443/dir/crop/10:9-16:9/72k/71682/163111583/71682_204543LH_IMG_07_0000_max_476x317.jpeg; https://media.rightmove.co.uk:443/dir/crop/10:9-16:9/72k/71682/163111583/71682_204543LH_IMG_08_0000_max_476x317.jpeg"
"156583181","Suffolk","Light Industrial","Farthing Road Industrial Estate, Ipswich, Suffolk, IP1 5AP","POA","","","","Farthing Road Industrial Estate has a steel frame construction with profile metal sheeting and a pitched roof. ","https://www.rightmove.co.uk/properties/156583181#/?channel=COM_LET","2025-01-07T14:58:24Z","","size_change","Marketed by Mileway Real Estate UK Limited, London","","52.0664","1.1109","https://media.rightmove.co.uk:443/dir/crop/10:9-16:9/86k/85240/156583181/85240_4N21RSYhGhwDQYE8F4o1G9_IMG_00_0002_max_476x317.jpeg; https://media.rightmove.co.uk:443/dir/crop/10:9-16:9/86k/85240/156583181/85240_4N21RSYhGhwDQYE8F4o1G9_IMG_01_0002_max_476x317.jpeg; https://media.rightmove.co.uk:443/dir/crop/10:9-16:9/86k/85240/156583181/85240_4N21RSYhGhwDQYE8F4o1G9_IMG_04_0001_max_476x317.jpeg; https://media.rightmove.co.uk:443/dir/crop/10:9-16:9/86k/85240/156583181/85240_4N21RSYhGhwDQYE8F4o1G9_IMG_02_0002_max_476x317.jpeg; https://media.rightmove.co.uk:443/dir/crop/10:9-16:9/86k/85240/156583181/85240_4N21RSYhGhwDQYE8F4o1G9_IMG_03_0002_max_476x317.jpeg; https://media.rightmove.co.uk:443/dir/crop/10:9-16:9/86k/85240/156583181/85240_4N21RSYhGhwDQYE8F4o1G9_IMG_05_0001_max_476x317.jpeg"
"163079813","Suffolk","Light Industrial","Unit 6 Alston Court, Leslie Road, Ipswich IP3 9PL","£2,417 pcm","","","","3,150 sq. ft. Light Industrial Unit TO LET. Rarely Available. Located with secure courtyard. Excellent access to A14.","https://www.rightmove.co.uk/properties/163079813#/?channel=COM_LET","2025-06-10T08:34:30Z","","new","Marketed by Nicholas Percival Commercial, Colchester","","52.03463","1.19945","https://media.rightmove.co.uk:443/dir/crop/10:9-16:9/56k/55401/163079813/55401_101551003905_IMG_00_0000_max_476x317.jpeg; https://media.rightmove.co.uk:443/dir/crop/10:9-16:9/56k/55401/163079813/55401_101551003905_IMG_01_0000_max_476x317.jpeg; https://media.rightmove.co.uk:443/dir/crop/10:9-16:9/56k/55401/163079813/55401_101551003905_IMG_02_0000_max_476x317.jpeg; https://media.rightmove.co.uk:443/dir/crop/10:9-16:9/56k/55401/163079813/55401_101551003905_IMG_03_0000_max_476x317.jpeg; https://media.rightmove.co.uk:443/dir/crop/10:9-16:9/56k/55401/163079813/55401_101551003905_IMG_04_0000_max_476x317.jpeg; https://media.rightmove.co.uk:443/dir/crop/10:9-16:9/56k/55401/163079813/55401_101551003905_IMG_05_0000_max_476x317.jpeg"
"163066424","Suffolk","Retail Property (high street)","17 Tavern Street, Ipswich, Suffolk, IP1","£4,375 pcm","","","","The property is situated in a prime position on the pedestrianised Tavern Street, close to the junction with Tower Street. The premises are positioned between River Island and Hays Travel, and immediately adjacent to the entrance of Sailmakers Shopping Centre. Other nearby occupiers include Pando...","https://www.rightmove.co.uk/properties/163066424#/?channel=COM_LET","2025-06-09T17:00:11Z","","new","Marketed by Fenn Wright, Ipswich Commercial Sales and Lettings","","52.057806","1.154445","https://media.rightmove.co.uk:443/dir/crop/10:9-16:9/162k/161330/163066424/161330_14870739LH_IMG_00_0000_max_476x317.jpeg; https://media.rightmove.co.uk:443/dir/crop/10:9-16:9/162k/161330/163066424/161330_14870739LH_IMG_01_0000_max_476x317.jpeg; https://media.rightmove.co.uk:443/dir/crop/10:9-16:9/162k/161330/163066424/161330_14870739LH_IMG_02_0000_max_476x317.jpeg; https://media.rightmove.co.uk:443/dir/crop/10:9-16:9/162k/161330/163066424/161330_14870739LH_IMG_03_0000_max_476x317.jpeg"
"163050074","Suffolk","Shop","Part First Floor, Glasswells, Newmarket Road, Bury St Edmunds, Suffolk, IP33 3TU","£3,750 pcm","","","","The property is a retail concession located on the first floor mezzanine to the front of the store, adjacent to the main showroom entrance. The space is rectangular in shape and benefits from suspended ceilings with recessed LED lighting. The area will be ready for tenant fit out and prospective...","https://www.rightmove.co.uk/properties/163050074#/?channel=COM_LET","2025-06-09T13:30:34Z","","new","Marketed by Eddisons Commercial Limited, Bury St. Edmunds","","52.248405","0.686811","https://media.rightmove.co.uk:443/dir/crop/10:9-16:9/237k/236930/163050074/236930_3023068LH_IMG_00_0000_max_476x317.jpeg; https://media.rightmove.co.uk:443/dir/crop/10:9-16:9/237k/236930/163050074/236930_3023068LH_IMG_06_0000_max_476x317.jpeg; https://media.rightmove.co.uk:443/dir/crop/10:9-16:9/237k/236930/163050074/236930_3023068LH_IMG_09_0000_max_476x317.jpeg; https://media.rightmove.co.uk:443/dir/crop/10:9-16:9/237k/236930/163050074/236930_3023068LH_IMG_10_0000_max_476x317.jpeg; https://media.rightmove.co.uk:443/dir/crop/10:9-16:9/237k/236930/163050074/236930_3023068LH_IMG_08_0000_max_476x317.jpeg; https://media.rightmove.co.uk:443/dir/crop/10:9-16:9/237k/236930/163050074/236930_3023068LH_IMG_05_0000_max_476x317.jpeg; https://media.rightmove.co.uk:443/dir/crop/10:9-16:9/237k/236930/163050074/236930_3023068LH_IMG_12_0000_max_476x317.jpeg"
"162566516","Suffolk","Warehouse","Martlesham Creek Industrial Estate, Martlesham, Suffolk","£4,000 pcm","","","","A recently refurbished building extending to approximately 14,250 sq ft (1,324 sqm), with good yard, that is available for temporary storage, located in an accessible location close to the A12 between Woodbridge and Martlesham Heath.     ","https://www.rightmove.co.uk/properties/162566516#/?channel=COM_LET","2025-05-29T10:48:13Z","","price_reduced","Marketed by Clarke and Simpson Commercial, Framlingham","","52.079807","1.29045","https://media.rightmove.co.uk:443/dir/crop/10:9-16:9/222k/221414/162566516/221414_L110128_IMG_00_0000_max_476x317.jpeg; https://media.rightmove.co.uk:443/dir/crop/10:9-16:9/222k/221414/162566516/221414_L110128_IMG_01_0000_max_476x317.jpeg; https://media.rightmove.co.uk:443/dir/crop/10:9-16:9/222k/221414/162566516/221414_L110128_IMG_02_0000_max_476x317.jpeg; https://media.rightmove.co.uk:443/dir/crop/10:9-16:9/222k/221414/162566516/221414_L110128_IMG_03_0000_max_476x317.jpeg; https://media.rightmove.co.uk:443/dir/crop/10:9-16:9/222k/221414/162566516/221414_L110128_IMG_04_0000_max_476x317.jpeg"
"150427508","Suffolk","Serviced Office","70-72 The Havens, Ransomes Europark, Ipswich, United Kingdom IP3 9BF","£469 pcm","From","","4","Private office space for 4 in Basepoint Ransomes Europark. Fully flexible, 24/7 access, secure, ergonomic furniture and all-inclusive services included. ","https://www.rightmove.co.uk/properties/150427508#/?channel=COM_LET","2024-07-19T11:39:44Z","","size_change","Marketed by Basepoint, Basepoint","","52.02923","1.22085","https://media.rightmove.co.uk:443/dir/crop/10:9-16:9/71k/70551/150427508/70551_UK4ws4544_IMG_00_0000_max_476x317.jpeg; https://media.rightmove.co.uk:443/dir/crop/10:9-16:9/71k/70551/150427508/70551_UK4ws4544_IMG_05_0000_max_476x317.jpeg; https://media.rightmove.co.uk:443/dir/crop/10:9-16:9/71k/70551/150427508/70551_UK4ws4544_IMG_07_0000_max_476x317.jpeg; https://media.rightmove.co.uk:443/dir/crop/10:9-16:9/71k/70551/150427508/70551_UK4ws4544_IMG_04_0000_max_476x317.jpeg; https://media.rightmove.co.uk:443/dir/crop/10:9-16:9/71k/70551/150427508/70551_UK4ws4544_IMG_01_0000_max_476x317.jpeg; https://media.rightmove.co.uk:443/dir/crop/10:9-16:9/71k/70551/150427508/70551_UK4ws4544_IMG_08_0000_max_476x317.jpeg; https://media.rightmove.co.uk:443/dir/crop/10:9-16:9/71k/70551/150427508/70551_UK4ws4544_IMG_03_0000_max_476x317.jpeg; https://media.rightmove.co.uk:443/dir/crop/10:9-16:9/71k/70551/150427508/70551_UK4ws4544_IMG_02_0000_max_476x317.jpeg; https://media.rightmove.co.uk:443/dir/crop/10:9-16:9/71k/70551/150427508/70551_UK4ws4544_IMG_06_0000_max_476x317.jpeg; https://media.rightmove.co.uk:443/dir/crop/10:9-16:9/71k/70551/150427508/70551_UK4ws4544_IMG_09_0000_max_476x317.jpeg"
"150427289","Suffolk","Serviced Office","70-72 The Havens, Ransomes Europark, Ipswich, United Kingdom IP3 9BF","£469 pcm","From","","4","Private office space for 2 in Basepoint Ransomes Europark. Fully flexible, 24/7 access, secure, ergonomic furniture and all-inclusive services included. ","https://www.rightmove.co.uk/properties/150427289#/?channel=COM_LET","2024-07-19T11:37:43Z","","size_change","Marketed by Basepoint, Basepoint","","52.02923","1.22085","https://media.rightmove.co.uk:443/dir/crop/10:9-16:9/71k/70551/150427289/70551_UK2ws4544_IMG_07_0000_max_476x317.jpeg; https://media.rightmove.co.uk:443/dir/crop/10:9-16:9/71k/70551/150427289/70551_UK2ws4544_IMG_04_0000_max_476x317.jpeg; https://media.rightmove.co.uk:443/dir/crop/10:9-16:9/71k/70551/150427289/70551_UK2ws4544_IMG_02_0000_max_476x317.jpeg; https://media.rightmove.co.uk:443/dir/crop/10:9-16:9/71k/70551/150427289/70551_UK2ws4544_IMG_00_0000_max_476x317.jpeg; https://media.rightmove.co.uk:443/dir/crop/10:9-16:9/71k/70551/150427289/70551_UK2ws4544_IMG_01_0000_max_476x317.jpeg; https://media.rightmove.co.uk:443/dir/crop/10:9-16:9/71k/70551/150427289/70551_UK2ws4544_IMG_03_0000_max_476x317.jpeg; https://media.rightmove.co.uk:443/dir/crop/10:9-16:9/71k/70551/150427289/70551_UK2ws4544_IMG_05_0000_max_476x317.jpeg; https://media.rightmove.co.uk:443/dir/crop/10:9-16:9/71k/70551/150427289/70551_UK2ws4544_IMG_06_0000_max_476x317.jpeg"
"68600678","Suffolk","Serviced Office","70-72 The Havens, Ransomes Europark, Ipswich, United Kingdom IP3 9BF","£469 pcm","From","","4","Private office space for 3 in Basepoint Ransomes Europark. Fully flexible, 24/7 access, secure, ergonomic furniture and all-inclusive services included. ","https://www.rightmove.co.uk/properties/68600678#/?channel=COM_LET","2017-08-30T18:06:04Z","","size_change","Marketed by Basepoint, Basepoint","","52.02923","1.22085","https://media.rightmove.co.uk:443/dir/crop/10:9-16:9/71k/70551/68600678/70551_UK3ws4544_IMG_04_0001_max_476x317.jpeg; https://media.rightmove.co.uk:443/dir/crop/10:9-16:9/71k/70551/68600678/70551_UK3ws4544_IMG_02_0001_max_476x317.jpeg; https://media.rightmove.co.uk:443/dir/crop/10:9-16:9/71k/70551/68600678/70551_UK3ws4544_IMG_01_0001_max_476x317.jpeg; https://media.rightmove.co.uk:443/dir/crop/10:9-16:9/71k/70551/68600678/70551_UK3ws4544_IMG_05_0001_max_476x317.jpeg; https://media.rightmove.co.uk:443/dir/crop/10:9-16:9/71k/70551/68600678/70551_UK3ws4544_IMG_00_0001_max_476x317.jpeg; https://media.rightmove.co.uk:443/dir/crop/10:9-16:9/71k/70551/68600678/70551_UK3ws4544_IMG_03_0001_max_476x317.jpeg; https://media.rightmove.co.uk:443/dir/crop/10:9-16:9/71k/70551/68600678/70551_UK3ws4544_IMG_06_0001_max_476x317.jpeg; https://media.rightmove.co.uk:443/dir/crop/10:9-16:9/71k/70551/68600678/70551_UK3ws4544_IMG_08_0001_max_476x317.jpeg"
"162916220","Suffolk","Warehouse","Symonds Farm, Newmarket Road, Bury St Edmunds, Suffolk, IP28 6RE","£9,417 pcm","","","","The property is a steel framed warehouse unit with a pitched insulated metal sheet roof and external profiled metal cladding. The property provides open warehouse space arranged in two bays, with associated offices / showroom and welfare facilities arranged over ground floor and mezzanine to the ...","https://www.rightmove.co.uk/properties/162916220#/?channel=COM_LET","2025-06-05T16:24:28Z","","new","Marketed by Eddisons Commercial Limited, Bury St. Edmunds","","52.258392","0.615682","https://media.rightmove.co.uk:443/dir/crop/10:9-16:9/237k/236930/162916220/236930_3022920LH_IMG_00_0000_max_476x317.jpeg; https://media.rightmove.co.uk:443/dir/crop/10:9-16:9/237k/236930/162916220/236930_3022920LH_IMG_01_0000_max_476x317.jpeg; https://media.rightmove.co.uk:443/dir/crop/10:9-16:9/237k/236930/162916220/236930_3022920LH_IMG_02_0000_max_476x317.jpeg; https://media.rightmove.co.uk:443/dir/crop/10:9-16:9/237k/236930/162916220/236930_3022920LH_IMG_03_0000_max_476x317.jpeg; https://media.rightmove.co.uk:443/dir/crop/10:9-16:9/237k/236930/162916220/236930_3022920LH_IMG_04_0000_max_476x317.jpeg; https://media.rightmove.co.uk:443/dir/crop/10:9-16:9/237k/236930/162916220/236930_3022920LH_IMG_05_0000_max_476x317.jpeg"
"162884573","Suffolk","Light Industrial","Unit 3B Woodlands Road, Rougham, Bury St Edmunds, Suffolk, IP30 9ND","£2,458 pcm","","","","The property is located on Rougham Industrial Estate close to the A14 and approximately 0.6 miles from J45 of the A14. The unit is of steel frame construction with brick and metal sheet elevations under a profiled steel roof with a concrete loading and parking area. Internally the accommodation...","https://www.rightmove.co.uk/properties/162884573#/?channel=COM_LET","2025-06-05T09:51:16Z","","new","Marketed by Merrifields, Suffolk","","52.243213","0.776589","https://media.rightmove.co.uk:443/dir/crop/10:9-16:9/122k/121468/162884573/121468_2092LH_IMG_00_0000_max_476x317.jpeg; https://media.rightmove.co.uk:443/dir/crop/10:9-16:9/122k/121468/162884573/121468_2092LH_IMG_01_0000_max_476x317.jpeg; https://media.rightmove.co.uk:443/dir/crop/10:9-16:9/122k/121468/162884573/121468_2092LH_IMG_02_0000_max_476x317.jpeg; https://media.rightmove.co.uk:443/dir/crop/10:9-16:9/122k/121468/162884573/121468_2092LH_IMG_03_0000_max_476x317.jpeg; https://media.rightmove.co.uk:443/dir/crop/10:9-16:9/122k/121468/162884573/121468_2092LH_IMG_04_0000_max_476x317.jpeg"
"158610224","Suffolk","Commercial Property","11 Dove Street, Ipswich, IP4 1NG","£667 pcm","","","","First floor, flexible workrooms with potential for offices, meeting space, education use, showroom or storage.","https://www.rightmove.co.uk/properties/158610224#/?channel=COM_LET","2025-02-24T10:02:15Z","","price_reduced","Marketed by Clarke and Simpson Commercial, Framlingham","","52.056217","1.164692","https://media.rightmove.co.uk:443/dir/crop/10:9-16:9/222k/221414/158610224/221414_L94042_IMG_08_0000_max_476x317.jpeg; https://media.rightmove.co.uk:443/dir/crop/10:9-16:9/222k/221414/158610224/221414_L94042_IMG_02_0001_max_476x317.jpeg; https://media.rightmove.co.uk:443/dir/crop/10:9-16:9/222k/221414/158610224/221414_L94042_IMG_03_0001_max_476x317.jpeg; https://media.rightmove.co.uk:443/dir/crop/10:9-16:9/222k/221414/158610224/221414_L94042_IMG_04_0001_max_476x317.jpeg; https://media.rightmove.co.uk:443/dir/crop/10:9-16:9/222k/221414/158610224/221414_L94042_IMG_05_0000_max_476x317.jpeg; https://media.rightmove.co.uk:443/dir/crop/10:9-16:9/222k/221414/158610224/221414_L94042_IMG_01_0001_max_476x317.jpeg; https://media.rightmove.co.uk:443/dir/crop/10:9-16:9/222k/221414/158610224/221414_L94042_IMG_06_0000_max_476x317.jpeg; https://media.rightmove.co.uk:443/dir/crop/10:9-16:9/222k/221414/158610224/221414_L94042_IMG_07_0000_max_476x317.jpeg; https://media.rightmove.co.uk:443/dir/crop/10:9-16:9/222k/221414/158610224/221414_L94042_IMG_09_0001_max_476x317.jpeg"
"167625005","Suffolk","Light Industrial","Whapload Road, Lowestoft","£1,000 pcm","","","","A substantial two storey building which has most recently been used for offices, storage and workshop uses. Together with a smaller store building suitable for workshop. Would ideally suit engineering or companies related to the offshore energy sector or working within the closely situated Lowest...","https://www.rightmove.co.uk/properties/167625005#/?channel=COM_LET","2025-09-30T16:22:45Z","","price_reduced","Marketed by Bycroft Commercial, Great Yarmouth","","52.48443","1.75782","https://media.rightmove.co.uk:443/dir/crop/10:9-16:9/211k/210365/167625005/210365_101177013224_IMG_13_0000_max_476x317.jpeg; https://media.rightmove.co.uk:443/dir/crop/10:9-16:9/211k/210365/167625005/210365_101177013224_IMG_14_0000_max_476x317.jpeg; https://media.rightmove.co.uk:443/dir/crop/10:9-16:9/211k/210365/167625005/210365_101177013224_IMG_12_0000_max_476x317.jpeg; https://media.rightmove.co.uk:443/dir/crop/10:9-16:9/211k/210365/167625005/210365_101177013224_IMG_15_0000_max_476x317.jpeg; https://media.rightmove.co.uk:443/dir/crop/10:9-16:9/211k/210365/167625005/210365_101177013224_IMG_02_0000_max_476x317.jpeg; https://media.rightmove.co.uk:443/dir/crop/10:9-16:9/211k/210365/167625005/210365_101177013224_IMG_03_0000_max_476x317.jpeg; https://media.rightmove.co.uk:443/dir/crop/10:9-16:9/211k/210365/167625005/210365_101177013224_IMG_05_0000_max_476x317.jpeg; https://media.rightmove.co.uk:443/dir/crop/10:9-16:9/211k/210365/167625005/210365_101177013224_IMG_06_0000_max_476x317.jpeg; https://media.rightmove.co.uk:443/dir/crop/10:9-16:9/211k/210365/167625005/210365_101177013224_IMG_07_0000_max_476x317.jpeg; https://media.rightmove.co.uk:443/dir/crop/10:9-16:9/211k/210365/167625005/210365_101177013224_IMG_08_0000_max_476x317.jpeg; https://media.rightmove.co.uk:443/dir/crop/10:9-16:9/211k/210365/167625005/210365_101177013224_IMG_09_0000_max_476x317.jpeg; https://media.rightmove.co.uk:443/dir/crop/10:9-16:9/211k/210365/167625005/210365_101177013224_IMG_10_0000_max_476x317.jpeg; https://media.rightmove.co.uk:443/dir/crop/10:9-16:9/211k/210365/167625005/210365_101177013224_IMG_11_0000_max_476x317.jpeg"
"162594599","Suffolk","Light Industrial","Quayside Business Centre, School Road, Lowestoft, Suffolk, NR33 9NW","£750 pcm","","","","A modern well proportioned unit with warehouse / workshop measuring 1,044 sq ft (97.02 m2), including reception, office, tea point and WC. Access from roller shutter door measuring approx. 3.5m wide x 3.2m high and with height to underside of eaves of approx. 4.3m.","https://www.rightmove.co.uk/properties/162594599#/?channel=COM_LET","2025-05-29T16:42:33Z","","new","Marketed by East Surveyors Limited, East Commercial","","52.473417","1.718741","https://media.rightmove.co.uk:443/dir/crop/10:9-16:9/78k/77169/162594599/77169_6389LH_IMG_00_0000_max_476x317.jpeg; https://media.rightmove.co.uk:443/dir/crop/10:9-16:9/78k/77169/162594599/77169_6389LH_IMG_01_0000_max_476x317.jpeg; https://media.rightmove.co.uk:443/dir/crop/10:9-16:9/78k/77169/162594599/77169_6389LH_IMG_08_0000_max_476x317.jpeg; https://media.rightmove.co.uk:443/dir/crop/10:9-16:9/78k/77169/162594599/77169_6389LH_IMG_07_0000_max_476x317.jpeg; https://media.rightmove.co.uk:443/dir/crop/10:9-16:9/78k/77169/162594599/77169_6389LH_IMG_02_0000_max_476x317.jpeg; https://media.rightmove.co.uk:443/dir/crop/10:9-16:9/78k/77169/162594599/77169_6389LH_IMG_03_0000_max_476x317.jpeg; https://media.rightmove.co.uk:443/dir/crop/10:9-16:9/78k/77169/162594599/77169_6389LH_IMG_04_0000_max_476x317.jpeg; https://media.rightmove.co.uk:443/dir/crop/10:9-16:9/78k/77169/162594599/77169_6389LH_IMG_05_0000_max_476x317.jpeg"
"157823006","Suffolk","Warehouse","Units 1-5, Meadow Business Park, Piperell Way, Haverhill, Suffolk, CB9 8QX","£1,458 pcm","From","","","New development of high quality industrial / trade counter units. Arranged in a terrace of five units, and available individually or combined, the units benefit from full insulation, 3-phase power supply, 6m eaves height, roller shutter doors, roof lights and windows at ground and first floors. ...","https://www.rightmove.co.uk/properties/157823006#/?channel=COM_LET","2025-02-05T13:49:14Z","","size_change","Marketed by Eddisons Commercial Limited, Cambridge","","52.072498","0.43565","https://media.rightmove.co.uk:443/dir/crop/10:9-16:9/216k/215075/157823006/215075_3020713LH_IMG_09_0000_max_476x317.jpeg; https://media.rightmove.co.uk:443/dir/crop/10:9-16:9/216k/215075/157823006/215075_3020713LH_IMG_08_0000_max_476x317.jpeg; https://media.rightmove.co.uk:443/dir/crop/10:9-16:9/216k/215075/157823006/215075_3020713LH_IMG_06_0000_max_476x317.jpeg; https://media.rightmove.co.uk:443/dir/crop/10:9-16:9/216k/215075/157823006/215075_3020713LH_IMG_04_0000_max_476x317.jpeg; https://media.rightmove.co.uk:443/dir/crop/10:9-16:9/216k/215075/157823006/215075_3020713LH_IMG_05_0000_max_476x317.jpeg; https://media.rightmove.co.uk:443/dir/crop/10:9-16:9/216k/215075/157823006/215075_3020713LH_IMG_03_0000_max_476x317.jpeg"
"162482732","Suffolk","Retail Property (high street)","Station Road West, Stowmarket, Suffolk, IP14","£1,500 pcm","","","","Restaurant/Takeaway unit in Stowmarket Town Centre. Net Internal Area approx. 134.7 sqm (1,450 sqft). Convenient access to A14 trunk road approx. 1.8 miles to the east.","https://www.rightmove.co.uk/properties/162482732#/?channel=COM_LET","2025-05-27T15:47:30Z","","new","Marketed by Lacy Scott & Knight Commercial, Stowmarket","","52.188571","0.996099","https://media.rightmove.co.uk:443/dir/crop/10:9-16:9/230k/229859/162482732/229859_SCL250014_L_IMG_00_0000_max_476x317.jpeg; https://media.rightmove.co.uk:443/dir/crop/10:9-16:9/230k/229859/162482732/229859_SCL250014_L_IMG_01_0000_max_476x317.jpeg; https://media.rightmove.co.uk:443/dir/crop/10:9-16:9/230k/229859/162482732/229859_SCL250014_L_IMG_02_0000_max_476x317.jpeg; https://media.rightmove.co.uk:443/dir/crop/10:9-16:9/230k/229859/162482732/229859_SCL250014_L_IMG_03_0000_max_476x317.jpeg; https://media.rightmove.co.uk:443/dir/crop/10:9-16:9/230k/229859/162482732/229859_SCL250014_L_IMG_04_0000_max_476x317.jpeg; https://media.rightmove.co.uk:443/dir/crop/10:9-16:9/230k/229859/162482732/229859_SCL250014_L_IMG_05_0000_max_476x317.jpeg; https://media.rightmove.co.uk:443/dir/crop/10:9-16:9/230k/229859/162482732/229859_SCL250014_L_IMG_06_0000_max_476x317.jpeg; https://media.rightmove.co.uk:443/dir/crop/10:9-16:9/230k/229859/162482732/229859_SCL250014_L_IMG_07_0000_max_476x317.jpeg; https://media.rightmove.co.uk:443/dir/crop/10:9-16:9/230k/229859/162482732/229859_SCL250014_L_IMG_08_0000_max_476x317.jpeg"
"123284570","Suffolk","Storage","Park Road, East Bergholt","£650 pcm","","","","Barn Unit 5 at Towns Green Farm, A modern building comprising four 12 x 6 meter (775 square foot) units of which four are available. Each unit will comprise a front roller shutter door and personnel door, power and light connected. Available for occupation immediately. Units Priced at £650 ...","https://www.rightmove.co.uk/properties/123284570#/?channel=COM_LET","2022-05-12T11:38:43Z","","size_change","Marketed by Grier & Partners, East Bergholt","","51.972042","1.05645","https://media.rightmove.co.uk:443/dir/crop/10:9-16:9/77k/76193/123284570/76193_103050001248_IMG_00_0000_max_476x317.jpeg; https://media.rightmove.co.uk:443/dir/crop/10:9-16:9/77k/76193/123284570/76193_103050001248_IMG_01_0000_max_476x317.jpeg; https://media.rightmove.co.uk:443/dir/crop/10:9-16:9/77k/76193/123284570/76193_103050001248_IMG_02_0000_max_476x317.jpeg; https://media.rightmove.co.uk:443/dir/crop/10:9-16:9/77k/76193/123284570/76193_103050001248_IMG_03_0000_max_476x317.jpeg; https://media.rightmove.co.uk:443/dir/crop/10:9-16:9/77k/76193/123284570/76193_103050001248_IMG_04_0000_max_476x317.jpeg; https://media.rightmove.co.uk:443/dir/crop/10:9-16:9/77k/76193/123284570/76193_103050001248_IMG_05_0000_max_476x317.jpeg"
"162136604","Suffolk","Office","South Suffolk Business Centre, Alexandra Road, Sudbury, Suffolk, CO10","£186 pcm","From","","","Offering professional, fully managed office space in Sudbury with FLEXIBLE easy-in, easy-out tenancy terms, South Suffolk Business Centre is a stimulating environment for start-up and established businesses to flourish. FREE on site parking is available and tenants have 24/7 access. ","https://www.rightmove.co.uk/properties/162136604#/?channel=COM_LET","2025-05-22T12:58:22Z","","new","Marketed by NWES Property Services Limited, South Suffolk Business Centre","","52.03967","0.74361","https://media.rightmove.co.uk:443/dir/crop/10:9-16:9/289k/288338/162136604/288338_001324_IMG_00_0001_max_476x317.jpeg; https://media.rightmove.co.uk:443/dir/crop/10:9-16:9/289k/288338/162136604/288338_001324_IMG_01_0001_max_476x317.jpeg; https://media.rightmove.co.uk:443/dir/crop/10:9-16:9/289k/288338/162136604/288338_001324_IMG_02_0001_max_476x317.jpeg; https://media.rightmove.co.uk:443/dir/crop/10:9-16:9/289k/288338/162136604/288338_001324_IMG_03_0000_max_476x317.jpeg"
"162204926","Suffolk","Retail Property (high street)","The Britten Centre, Lowestoft, Suffolk, NR32","£958 pcm","","","","The unit comprises a former café and is arranged over ground floor. The unit is immediately adjacent to the bus station which creates a strong pedestrian flow past the unit. Nearby occupiers include Poundland, Pandora, Iceland and WH Smith.","https://www.rightmove.co.uk/properties/162204926#/?channel=COM_LET","2025-05-20T16:25:39Z","","new","Marketed by Roche Chartered Surveyors, Norfolk","","52.476961","1.751508","https://media.rightmove.co.uk:443/dir/crop/10:9-16:9/71k/70440/162204926/70440_169038LH_IMG_00_0000_max_476x317.jpeg; https://media.rightmove.co.uk:443/dir/crop/10:9-16:9/71k/70440/162204926/70440_169038LH_IMG_01_0000_max_476x317.jpeg; https://media.rightmove.co.uk:443/dir/crop/10:9-16:9/71k/70440/162204926/70440_169038LH_IMG_02_0000_max_476x317.jpeg; https://media.rightmove.co.uk:443/dir/crop/10:9-16:9/71k/70440/162204926/70440_169038LH_IMG_03_0000_max_476x317.jpeg; https://media.rightmove.co.uk:443/dir/crop/10:9-16:9/71k/70440/162204926/70440_169038LH_IMG_04_0000_max_476x317.jpeg; https://media.rightmove.co.uk:443/dir/crop/10:9-16:9/71k/70440/162204926/70440_169038LH_IMG_05_0000_max_476x317.jpeg; https://media.rightmove.co.uk:443/dir/crop/10:9-16:9/71k/70440/162204926/70440_169038LH_IMG_06_0000_max_476x317.jpeg"
"162183584","Suffolk","Distribution Warehouse","40 Langer Road, Felixstowe, Suffolk, IP11 2BF","POA","","","","A detached industrial/warehouse unit with a secure loading yard, located just one mile from the Port of Felixstowe.","https://www.rightmove.co.uk/properties/162183584#/?channel=COM_LET","2025-05-20T12:55:14Z","","new","Marketed by Coke Gearing Consulting, Bishops Stortford","","51.94882","1.33056","https://media.rightmove.co.uk:443/dir/crop/10:9-16:9/111k/110398/162183584/110398_C2230_IMG_00_0000_max_476x317.jpeg; https://media.rightmove.co.uk:443/dir/crop/10:9-16:9/111k/110398/162183584/110398_C2230_IMG_02_0000_max_476x317.jpeg; https://media.rightmove.co.uk:443/dir/crop/10:9-16:9/111k/110398/162183584/110398_C2230_IMG_03_0000_max_476x317.jpeg; https://media.rightmove.co.uk:443/dir/crop/10:9-16:9/111k/110398/162183584/110398_C2230_IMG_04_0000_max_476x317.jpeg; https://media.rightmove.co.uk:443/dir/crop/10:9-16:9/111k/110398/162183584/110398_C2230_IMG_05_0000_max_476x317.jpeg; https://media.rightmove.co.uk:443/dir/crop/10:9-16:9/111k/110398/162183584/110398_C2230_IMG_06_0000_max_476x317.jpeg"
"721604181662513","Suffolk","Office","Unit 14, Norfolk House, Needham Market, IP6 8RW","£833 pcm","","","","Immediately available office space to let","https://www.rightmove.co.uk/properties/721604181662513#/?channel=COM_LET","2025-11-26T12:11:06Z","","new","Marketed by Hazells, Bury St Edmunds","","52.14591","1.065138","https://media.rightmove.co.uk:443/dir/crop/10:9-16:9/287k/286808/721604181662513/286808_300958-2_IMG_00_0000_max_476x317.jpeg; https://media.rightmove.co.uk:443/dir/crop/10:9-16:9/287k/286808/721604181662513/286808_300958-2_IMG_01_0000_max_476x317.jpeg; https://media.rightmove.co.uk:443/dir/crop/10:9-16:9/287k/286808/721604181662513/286808_300958-2_IMG_02_0000_max_476x317.jpeg"
"162129407","Suffolk","Office","Eastlands Industrial Estate, Leiston, Suffolk, IP16","£636 pcm","","","","Fully managed, high quality office and light industrial units. A prime location for any businesses involved in the Sizewell C supply chain. FREE on-site car parking. Flexible monthly tenancy terms and NO HIDDEN EXTRAS ","https://www.rightmove.co.uk/properties/162129407#/?channel=COM_LET","2025-05-19T15:12:26Z","","new","Marketed by NWES Property Services Limited, Leiston Enterprise Centre","","52.20627","1.5886","https://media.rightmove.co.uk:443/dir/crop/10:9-16:9/289k/288332/162129407/288332_001323_IMG_00_0000_max_476x317.jpeg; https://media.rightmove.co.uk:443/dir/crop/10:9-16:9/289k/288332/162129407/288332_001323_IMG_01_0000_max_476x317.jpeg; https://media.rightmove.co.uk:443/dir/crop/10:9-16:9/289k/288332/162129407/288332_001323_IMG_02_0000_max_476x317.jpeg; https://media.rightmove.co.uk:443/dir/crop/10:9-16:9/289k/288332/162129407/288332_001323_IMG_03_0000_max_476x317.jpeg; https://media.rightmove.co.uk:443/dir/crop/10:9-16:9/289k/288332/162129407/288332_001323_IMG_04_0000_max_476x317.jpeg; https://media.rightmove.co.uk:443/dir/crop/10:9-16:9/289k/288332/162129407/288332_001323_IMG_05_0000_max_476x317.jpeg; https://media.rightmove.co.uk:443/dir/crop/10:9-16:9/289k/288332/162129407/288332_001323_IMG_06_0000_max_476x317.jpeg"
"721604177465585","Suffolk","Distribution Warehouse","5 Craven Way, Newmarket, CB8 0BW","£2,208 pcm","","","","Light Industrial Unit To Let","https://www.rightmove.co.uk/properties/721604177465585#/?channel=COM_LET","2025-11-26T12:11:05Z","","new","Marketed by Hazells, Bury St Edmunds","","52.256355","0.393123","https://media.rightmove.co.uk:443/dir/crop/10:9-16:9/287k/286808/721604177465585/286808_300890-2_IMG_00_0000_max_476x317.jpeg; https://media.rightmove.co.uk:443/dir/crop/10:9-16:9/287k/286808/721604177465585/286808_300890-2_IMG_03_0000_max_476x317.jpeg; https://media.rightmove.co.uk:443/dir/crop/10:9-16:9/287k/286808/721604177465585/286808_300890-2_IMG_04_0000_max_476x317.jpeg; https://media.rightmove.co.uk:443/dir/crop/10:9-16:9/287k/286808/721604177465585/286808_300890-2_IMG_02_0000_max_476x317.jpeg"
"162050795","Suffolk","Office","Unit 15 Suffolk Central Business Park, Bury Road, Stowmarket, Suffolk, IP14 1UX","£7,083 pcm","","","","LOCATION: The offices are situated on the edge of Stowmarket, a busy market town, approximately 16 miles east of Bury St Edmunds on the A14. The business park is located to the west of the town, approximately 1.4 miles from the A14/A1308 junction providing excellent links to the wider national ...","https://www.rightmove.co.uk/properties/162050795#/?channel=COM_LET","2025-05-16T14:21:49Z","","new","Marketed by Fenn Wright, Ipswich Commercial Sales and Lettings","","52.200377","0.982632","https://media.rightmove.co.uk:443/dir/crop/10:9-16:9/property-photo/734ca9b11/162050795/734ca9b1114dc988ad1ccb42ffff4075_max_476x317.jpeg; https://media.rightmove.co.uk:443/dir/crop/10:9-16:9/property-photo/cd1b91502/162050795/cd1b915023328f6e4ba1941d60338c5a_max_476x317.jpeg; https://media.rightmove.co.uk:443/dir/crop/10:9-16:9/property-photo/0a716255a/162050795/0a716255acb18b02876869124d31aa87_max_476x317.jpeg; https://media.rightmove.co.uk:443/dir/crop/10:9-16:9/property-photo/21cfaec09/162050795/21cfaec095f5584719acf50e7253c144_max_476x317.jpeg"
"162020975","Suffolk","Office","Civic Drive, Ipswich, Suffolk, IP1","£2,667 pcm","","","","Prominent building near to town centreOn site car parking, subject to availabilityVat exemptQuoting rent £32,000 per annum Fully refurbished including LED lighting, new carpets and redecoration","https://www.rightmove.co.uk/properties/162020975#/?channel=COM_LET","2025-05-16T09:37:20Z","","new","Marketed by Reader Commercial, Ipswich","","52.05969","1.14725","https://media.rightmove.co.uk:443/dir/crop/10:9-16:9/91k/90673/162020975/90673_Suite2FirstFloorHubbardHouse_IMG_00_0000_max_476x317.jpeg; https://media.rightmove.co.uk:443/dir/crop/10:9-16:9/91k/90673/162020975/90673_Suite2FirstFloorHubbardHouse_IMG_01_0000_max_476x317.jpeg; https://media.rightmove.co.uk:443/dir/crop/10:9-16:9/91k/90673/162020975/90673_Suite2FirstFloorHubbardHouse_IMG_02_0000_max_476x317.jpeg; https://media.rightmove.co.uk:443/dir/crop/10:9-16:9/91k/90673/162020975/90673_Suite2FirstFloorHubbardHouse_IMG_03_0000_max_476x317.jpeg; https://media.rightmove.co.uk:443/dir/crop/10:9-16:9/91k/90673/162020975/90673_Suite2FirstFloorHubbardHouse_IMG_04_0000_max_476x317.jpeg"
"71217757","Suffolk","Retail Property (high street)","17 Market Place, Southwold, Suffolk, IP18","£4,583 pcm","","","","Landmark site in the most central part of Southwold in the Market Place. Well placed for a flagship retail operator. ","https://www.rightmove.co.uk/properties/71217757#/?channel=COM_LET","2019-04-17T11:55:42Z","","price_reduced","Marketed by Fennel Chartered Surveyors, Halesworth","","52.3259","1.67903","https://media.rightmove.co.uk:443/dir/crop/10:9-16:9/118k/117463/71217757/117463_17MPLloyds_IMG_14_0001_max_476x317.jpeg; https://media.rightmove.co.uk:443/dir/crop/10:9-16:9/118k/117463/71217757/117463_17MPLloyds_IMG_29_0000_max_476x317.jpeg; https://media.rightmove.co.uk:443/dir/crop/10:9-16:9/118k/117463/71217757/117463_17MPLloyds_IMG_28_0000_max_476x317.jpeg; https://media.rightmove.co.uk:443/dir/crop/10:9-16:9/118k/117463/71217757/117463_17MPLloyds_IMG_24_0000_max_476x317.jpeg; https://media.rightmove.co.uk:443/dir/crop/10:9-16:9/118k/117463/71217757/117463_17MPLloyds_IMG_30_0000_max_476x317.jpeg; https://media.rightmove.co.uk:443/dir/crop/10:9-16:9/118k/117463/71217757/117463_17MPLloyds_IMG_31_0000_max_476x317.jpeg; https://media.rightmove.co.uk:443/dir/crop/10:9-16:9/118k/117463/71217757/117463_17MPLloyds_IMG_32_0000_max_476x317.jpeg; https://media.rightmove.co.uk:443/dir/crop/10:9-16:9/118k/117463/71217757/117463_17MPLloyds_IMG_33_0000_max_476x317.jpeg; https://media.rightmove.co.uk:443/dir/crop/10:9-16:9/118k/117463/71217757/117463_17MPLloyds_IMG_34_0000_max_476x317.jpeg; https://media.rightmove.co.uk:443/dir/crop/10:9-16:9/118k/117463/71217757/117463_17MPLloyds_IMG_35_0000_max_476x317.jpeg; https://media.rightmove.co.uk:443/dir/crop/10:9-16:9/118k/117463/71217757/117463_17MPLloyds_IMG_36_0000_max_476x317.jpeg"
"161971529","Suffolk","Office","Market Hill Sudbury","£937 pcm","","","","LOCATION The premises are located in a prominent location, on the southern side of Market Hill, in the centre of Sudbury. It is within walking distance of the town’s bus station, and town centre car parks, and surrounded by national and local retailers. Sudbury is an expanding market town with a ...","https://www.rightmove.co.uk/properties/161971529#/?channel=COM_LET","2025-05-15T10:35:06Z","","new","Marketed by Boydens, Colchester","","52.03807","0.73041","https://media.rightmove.co.uk:443/dir/crop/10:9-16:9/7k/6506/161971529/6506_2713490_IMG_00_0000_max_476x317.jpeg"
"161929277","Suffolk","Office","Stowmarket, Suffolk","£5,000 pcm","","","","A substantial, modern, two storey office building with ample car parking. May sell.","https://www.rightmove.co.uk/properties/161929277#/?channel=COM_LET","2025-05-14T13:06:21Z","","new","Marketed by Clarke and Simpson Commercial, Framlingham","","52.186249","1.005376","https://media.rightmove.co.uk:443/dir/crop/10:9-16:9/222k/221414/161929277/221414_L108968_IMG_00_0000_max_476x317.jpeg; https://media.rightmove.co.uk:443/dir/crop/10:9-16:9/222k/221414/161929277/221414_L108968_IMG_01_0000_max_476x317.jpeg; https://media.rightmove.co.uk:443/dir/crop/10:9-16:9/222k/221414/161929277/221414_L108968_IMG_02_0000_max_476x317.jpeg; https://media.rightmove.co.uk:443/dir/crop/10:9-16:9/222k/221414/161929277/221414_L108968_IMG_03_0000_max_476x317.jpeg; https://media.rightmove.co.uk:443/dir/crop/10:9-16:9/222k/221414/161929277/221414_L108968_IMG_04_0000_max_476x317.jpeg; https://media.rightmove.co.uk:443/dir/crop/10:9-16:9/222k/221414/161929277/221414_L108968_IMG_05_0000_max_476x317.jpeg; https://media.rightmove.co.uk:443/dir/crop/10:9-16:9/222k/221414/161929277/221414_L108968_IMG_06_0000_max_476x317.jpeg; https://media.rightmove.co.uk:443/dir/crop/10:9-16:9/222k/221414/161929277/221414_L108968_IMG_07_0000_max_476x317.jpeg; https://media.rightmove.co.uk:443/dir/crop/10:9-16:9/222k/221414/161929277/221414_L108968_IMG_08_0000_max_476x317.jpeg; https://media.rightmove.co.uk:443/dir/crop/10:9-16:9/222k/221414/161929277/221414_L108968_IMG_09_0000_max_476x317.jpeg; https://media.rightmove.co.uk:443/dir/crop/10:9-16:9/222k/221414/161929277/221414_L108968_IMG_10_0000_max_476x317.jpeg; https://media.rightmove.co.uk:443/dir/crop/10:9-16:9/222k/221414/161929277/221414_L108968_IMG_11_0000_max_476x317.jpeg"
"161929244","Suffolk","Light Industrial","Blyth Road Industrial Estate, Halesworth, IP19 8EN","£3,750 pcm","","","","A modern business unit on this popular industrial estate on the outskirts of Halesworth, close to the A12 & Sizewell.  ","https://www.rightmove.co.uk/properties/161929244#/?channel=COM_LET","2025-05-14T13:05:58Z","","new","Marketed by Clarke and Simpson Commercial, Framlingham","","52.336891","1.507231","https://media.rightmove.co.uk:443/dir/crop/10:9-16:9/222k/221414/161929244/221414_L108951_IMG_00_0000_max_476x317.jpeg; https://media.rightmove.co.uk:443/dir/crop/10:9-16:9/222k/221414/161929244/221414_L108951_IMG_01_0000_max_476x317.jpeg; https://media.rightmove.co.uk:443/dir/crop/10:9-16:9/222k/221414/161929244/221414_L108951_IMG_02_0000_max_476x317.jpeg; https://media.rightmove.co.uk:443/dir/crop/10:9-16:9/222k/221414/161929244/221414_L108951_IMG_03_0000_max_476x317.jpeg; https://media.rightmove.co.uk:443/dir/crop/10:9-16:9/222k/221414/161929244/221414_L108951_IMG_04_0000_max_476x317.jpeg; https://media.rightmove.co.uk:443/dir/crop/10:9-16:9/222k/221414/161929244/221414_L108951_IMG_05_0000_max_476x317.jpeg; https://media.rightmove.co.uk:443/dir/crop/10:9-16:9/222k/221414/161929244/221414_L108951_IMG_06_0000_max_476x317.jpeg; https://media.rightmove.co.uk:443/dir/crop/10:9-16:9/222k/221414/161929244/221414_L108951_IMG_07_0000_max_476x317.jpeg; https://media.rightmove.co.uk:443/dir/crop/10:9-16:9/222k/221414/161929244/221414_L108951_IMG_08_0000_max_476x317.jpeg; https://media.rightmove.co.uk:443/dir/crop/10:9-16:9/222k/221414/161929244/221414_L108951_IMG_09_0000_max_476x317.jpeg; https://media.rightmove.co.uk:443/dir/crop/10:9-16:9/222k/221414/161929244/221414_L108951_IMG_10_0000_max_476x317.jpeg"
"161878526","Suffolk","Retail Property (high street)","High Street, Lowestoft","£600 pcm","","","","PRIME RETAIL/OFFICE UNIT TO LET Prominently situated in Lowestoft High Street, this well-positioned commercial unit offers a versatile space suitable for a range of businesses. Boasting a traditional facade with attractive period detail above the large, bright display window, the property prov...","https://www.rightmove.co.uk/properties/161878526#/?channel=COM_LET","2025-05-13T14:26:41Z","","new","Marketed by Steel & Co Commercial Property Services, Lowestoft","","52.479839","1.755722","https://media.rightmove.co.uk:443/dir/crop/10:9-16:9/66k/65427/161878526/65427_12627717_IMG_00_0000_max_476x317.jpeg; https://media.rightmove.co.uk:443/dir/crop/10:9-16:9/66k/65427/161878526/65427_12627717_IMG_01_0000_max_476x317.jpeg; https://media.rightmove.co.uk:443/dir/crop/10:9-16:9/66k/65427/161878526/65427_12627717_IMG_02_0000_max_476x317.jpeg; https://media.rightmove.co.uk:443/dir/crop/10:9-16:9/66k/65427/161878526/65427_12627717_IMG_03_0000_max_476x317.jpeg; https://media.rightmove.co.uk:443/dir/crop/10:9-16:9/66k/65427/161878526/65427_12627717_IMG_04_0000_max_476x317.jpeg; https://media.rightmove.co.uk:443/dir/crop/10:9-16:9/66k/65427/161878526/65427_12627717_IMG_05_0000_max_476x317.jpeg; https://media.rightmove.co.uk:443/dir/crop/10:9-16:9/66k/65427/161878526/65427_12627717_IMG_06_0000_max_476x317.jpeg"
"161865659","Suffolk","Warehouse","17 Chamberlayne Road, Bury St. Edmunds, Suffolk, IP32","£2,435 pcm","","","","Unit 17 Chamberlayne Road comprises an end of terrace trade counter/warehouse unit situated on a popular trading estate. The unit is steel portal frame with a new full height roller shutter door. Internally the unit has been refurbished including new lighting throughout, redecoration throughout, ...","https://www.rightmove.co.uk/properties/161865659#/?channel=COM_LET","2025-05-13T11:41:16Z","","new","Marketed by Eddisons Commercial Limited, Bury St. Edmunds","","52.240489","0.744723","https://media.rightmove.co.uk:443/dir/crop/10:9-16:9/237k/236930/161865659/236930_3022919LH_IMG_04_0000_max_476x317.jpeg; https://media.rightmove.co.uk:443/dir/crop/10:9-16:9/237k/236930/161865659/236930_3022919LH_IMG_05_0000_max_476x317.jpeg; https://media.rightmove.co.uk:443/dir/crop/10:9-16:9/237k/236930/161865659/236930_3022919LH_IMG_06_0000_max_476x317.jpeg; https://media.rightmove.co.uk:443/dir/crop/10:9-16:9/237k/236930/161865659/236930_3022919LH_IMG_07_0000_max_476x317.jpeg; https://media.rightmove.co.uk:443/dir/crop/10:9-16:9/237k/236930/161865659/236930_3022919LH_IMG_08_0000_max_476x317.jpeg; https://media.rightmove.co.uk:443/dir/crop/10:9-16:9/237k/236930/161865659/236930_3022919LH_IMG_09_0000_max_476x317.jpeg; https://media.rightmove.co.uk:443/dir/crop/10:9-16:9/237k/236930/161865659/236930_3022919LH_IMG_10_0000_max_476x317.jpeg"
"721604030595441","Suffolk","Commercial Property","Dettingen House, Dettingen Way, Bury St. Edmunds, IP33 3TU","£10,833 pcm","","","","High Specification First Floor Offices To Let","https://www.rightmove.co.uk/properties/721604030595441#/?channel=COM_LET","2025-11-26T12:09:04Z","","price_reduced","Marketed by Hazells, Bury St Edmunds","","52.249069","0.687095","https://media.rightmove.co.uk:443/dir/crop/10:9-16:9/287k/286808/721604030595441/286808_73403-2_IMG_00_0000_max_476x317.jpeg; https://media.rightmove.co.uk:443/dir/crop/10:9-16:9/287k/286808/721604030595441/286808_73403-2_IMG_01_0000_max_476x317.jpeg; https://media.rightmove.co.uk:443/dir/crop/10:9-16:9/287k/286808/721604030595441/286808_73403-2_IMG_02_0000_max_476x317.jpeg; https://media.rightmove.co.uk:443/dir/crop/10:9-16:9/287k/286808/721604030595441/286808_73403-2_IMG_03_0000_max_476x317.jpeg; https://media.rightmove.co.uk:443/dir/crop/10:9-16:9/287k/286808/721604030595441/286808_73403-2_IMG_04_0000_max_476x317.jpeg; https://media.rightmove.co.uk:443/dir/crop/10:9-16:9/287k/286808/721604030595441/286808_73403-2_IMG_05_0000_max_476x317.jpeg; https://media.rightmove.co.uk:443/dir/crop/10:9-16:9/287k/286808/721604030595441/286808_73403-2_IMG_06_0000_max_476x317.jpeg; https://media.rightmove.co.uk:443/dir/crop/10:9-16:9/287k/286808/721604030595441/286808_73403-2_IMG_07_0000_max_476x317.jpeg; https://media.rightmove.co.uk:443/dir/crop/10:9-16:9/287k/286808/721604030595441/286808_73403-2_IMG_08_0000_max_476x317.jpeg; https://media.rightmove.co.uk:443/dir/crop/10:9-16:9/287k/286808/721604030595441/286808_73403-2_IMG_09_0000_max_476x317.jpeg; https://media.rightmove.co.uk:443/dir/crop/10:9-16:9/287k/286808/721604030595441/286808_73403-2_IMG_10_0000_max_476x317.jpeg; https://media.rightmove.co.uk:443/dir/crop/10:9-16:9/287k/286808/721604030595441/286808_73403-2_IMG_11_0000_max_476x317.jpeg; https://media.rightmove.co.uk:443/dir/crop/10:9-16:9/287k/286808/721604030595441/286808_73403-2_IMG_12_0000_max_476x317.jpeg; https://media.rightmove.co.uk:443/dir/crop/10:9-16:9/287k/286808/721604030595441/286808_73403-2_IMG_13_0000_max_476x317.jpeg; https://media.rightmove.co.uk:443/dir/crop/10:9-16:9/287k/286808/721604030595441/286808_73403-2_IMG_14_0000_max_476x317.jpeg; https://media.rightmove.co.uk:443/dir/crop/10:9-16:9/287k/286808/721604030595441/286808_73403-2_IMG_15_0000_max_476x317.jpeg; https://media.rightmove.co.uk:443/dir/crop/10:9-16:9/287k/286808/721604030595441/286808_73403-2_IMG_16_0000_max_476x317.jpeg; https://media.rightmove.co.uk:443/dir/crop/10:9-16:9/287k/286808/721604030595441/286808_73403-2_IMG_17_0000_max_476x317.jpeg; https://media.rightmove.co.uk:443/dir/crop/10:9-16:9/287k/286808/721604030595441/286808_73403-2_IMG_18_0000_max_476x317.jpeg; https://media.rightmove.co.uk:443/dir/crop/10:9-16:9/287k/286808/721604030595441/286808_73403-2_IMG_19_0000_max_476x317.jpeg; https://media.rightmove.co.uk:443/dir/crop/10:9-16:9/287k/286808/721604030595441/286808_73403-2_IMG_20_0000_max_476x317.jpeg; https://media.rightmove.co.uk:443/dir/crop/10:9-16:9/287k/286808/721604030595441/286808_73403-2_IMG_21_0000_max_476x317.jpeg"
"115064660","Suffolk","Storage","Brick Lane, IP13","£2,917 pcm","","","","Modern open and clear warehouse space, found along a secluded private 1 mile long drive, just outside Framlingham. Unit 1 - £35,000pa (9,598sqft) ","https://www.rightmove.co.uk/properties/115064660#/?channel=COM_LET","2021-10-19T16:26:45Z","","new","Marketed by Fennel Chartered Surveyors, Halesworth","","52.2076","1.36354","https://media.rightmove.co.uk:443/dir/crop/10:9-16:9/118k/117463/115064660/117463_stouksbarn_IMG_07_0000_max_476x317.jpeg; https://media.rightmove.co.uk:443/dir/crop/10:9-16:9/118k/117463/115064660/117463_stouksbarn_IMG_01_0000_max_476x317.jpeg; https://media.rightmove.co.uk:443/dir/crop/10:9-16:9/118k/117463/115064660/117463_stouksbarn_IMG_02_0000_max_476x317.jpeg; https://media.rightmove.co.uk:443/dir/crop/10:9-16:9/118k/117463/115064660/117463_stouksbarn_IMG_06_0000_max_476x317.jpeg; https://media.rightmove.co.uk:443/dir/crop/10:9-16:9/118k/117463/115064660/117463_stouksbarn_IMG_00_0000_max_476x317.jpeg; https://media.rightmove.co.uk:443/dir/crop/10:9-16:9/118k/117463/115064660/117463_stouksbarn_IMG_03_0000_max_476x317.jpeg; https://media.rightmove.co.uk:443/dir/crop/10:9-16:9/118k/117463/115064660/117463_stouksbarn_IMG_04_0000_max_476x317.jpeg; https://media.rightmove.co.uk:443/dir/crop/10:9-16:9/118k/117463/115064660/117463_stouksbarn_IMG_05_0000_max_476x317.jpeg; https://media.rightmove.co.uk:443/dir/crop/10:9-16:9/118k/117463/115064660/117463_stouksbarn_IMG_08_0000_max_476x317.jpeg; https://media.rightmove.co.uk:443/dir/crop/10:9-16:9/118k/117463/115064660/117463_stouksbarn_IMG_09_0000_max_476x317.jpeg"
"161809331","Suffolk","Warehouse","Land at Wherstead Road, West Bank Terminal, Port of Ipswich, Ipswich, IP2 8NB","POA","","","","TO LET: 1 Acre Land at West Bank Terminal, Port of Ipswich","https://www.rightmove.co.uk/properties/161809331#/?channel=COM_LET","2025-05-12T11:20:19Z","","new","Marketed by Savills, Ipswich","","52.0421","1.155881","https://media.rightmove.co.uk:443/dir/crop/10:9-16:9/215k/214097/161809331/214097_299845-2_IMG_00_0000_max_476x317.jpeg; https://media.rightmove.co.uk:443/dir/crop/10:9-16:9/215k/214097/161809331/214097_299845-2_IMG_01_0000_max_476x317.jpeg; https://media.rightmove.co.uk:443/dir/crop/10:9-16:9/215k/214097/161809331/214097_299845-2_IMG_02_0000_max_476x317.jpeg; https://media.rightmove.co.uk:443/dir/crop/10:9-16:9/215k/214097/161809331/214097_299845-2_IMG_03_0000_max_476x317.jpeg"
"161805365","Suffolk","Office","Haverhill, Suffolk, CB9","£716 pcm","","","","3 Month rent freeGround floor office based at Chauntry Mills in the centre of Haverhill, High Street","https://www.rightmove.co.uk/properties/161805365#/?channel=COM_LET","2025-05-12T09:35:12Z","","new","Marketed by Preview Property Services, Haverhill","","52.08293","0.43892","https://media.rightmove.co.uk:443/dir/crop/10:9-16:9/278k/277625/161805365/277625_Room1Chauntry_IMG_00_0000_max_476x317.jpeg; https://media.rightmove.co.uk:443/dir/crop/10:9-16:9/278k/277625/161805365/277625_Room1Chauntry_IMG_01_0000_max_476x317.jpeg; https://media.rightmove.co.uk:443/dir/crop/10:9-16:9/278k/277625/161805365/277625_Room1Chauntry_IMG_02_0000_max_476x317.jpeg"
"161670071","Suffolk","Retail Property (high street)","Orwell Place, Ipswich","£1,000 pcm","","","","A prominent, double fronted, commercial shop/office premises suitable for retail or Class F1 Use. Available Immediately.  ","https://www.rightmove.co.uk/properties/161670071#/?channel=COM_LET","2025-05-08T12:36:22Z","","new","Marketed by Clarke and Simpson Commercial, Framlingham","","52.05529","1.158966","https://media.rightmove.co.uk:443/dir/crop/10:9-16:9/222k/221414/161670071/221414_L108535_IMG_00_0000_max_476x317.jpeg; https://media.rightmove.co.uk:443/dir/crop/10:9-16:9/222k/221414/161670071/221414_L108535_IMG_01_0000_max_476x317.jpeg; https://media.rightmove.co.uk:443/dir/crop/10:9-16:9/222k/221414/161670071/221414_L108535_IMG_02_0000_max_476x317.jpeg; https://media.rightmove.co.uk:443/dir/crop/10:9-16:9/222k/221414/161670071/221414_L108535_IMG_03_0000_max_476x317.jpeg; https://media.rightmove.co.uk:443/dir/crop/10:9-16:9/222k/221414/161670071/221414_L108535_IMG_04_0000_max_476x317.jpeg; https://media.rightmove.co.uk:443/dir/crop/10:9-16:9/222k/221414/161670071/221414_L108535_IMG_05_0000_max_476x317.jpeg; https://media.rightmove.co.uk:443/dir/crop/10:9-16:9/222k/221414/161670071/221414_L108535_IMG_06_0000_max_476x317.jpeg"
"158432333","Suffolk","Retail Property (high street)","Queen Street, Haverhill, Suffolk, CB9","£2,917 pcm","","","","SUBSTANTIAL RETAIL PREMISES WITH POTENTIAL FOR A VARIETY OF OTHER USES OCCUPYING A BUSY TRADING LOCATION CLOSE TO THE TOWN CENTREGround Floor Sales 1900 Sq FtFirst Floor Sales 1900 Sq FtGround Floor Ancillary 813 Sq FtNet Frontage 43 Ft 3 InsRear LoadingTO LET ON A NEW LEASE","https://www.rightmove.co.uk/properties/158432333#/?channel=COM_LET","2025-02-19T10:28:30Z","","new","Marketed by Birchall Steel Consultant Surveyors, Suffolk","","52.08398","0.43733","https://media.rightmove.co.uk:443/dir/crop/10:9-16:9/171k/170411/158432333/170411_16-20-Queen-Street-Havehill-Suffolk-CB9-9EF_IMG_01_0000_max_476x317.jpeg; https://media.rightmove.co.uk:443/dir/crop/10:9-16:9/171k/170411/158432333/170411_16-20-Queen-Street-Havehill-Suffolk-CB9-9EF_IMG_00_0000_max_476x317.jpeg; https://media.rightmove.co.uk:443/dir/crop/10:9-16:9/171k/170411/158432333/170411_16-20-Queen-Street-Havehill-Suffolk-CB9-9EF_IMG_03_0000_max_476x317.jpeg; https://media.rightmove.co.uk:443/dir/crop/10:9-16:9/171k/170411/158432333/170411_16-20-Queen-Street-Havehill-Suffolk-CB9-9EF_IMG_02_0000_max_476x317.jpeg"
"161551652","Suffolk","Retail Property (high street)","337 Woodbridge Road, Ipswich, Suffolk, IP4 4AX","£2,292 pcm","","","","LOCATION: Ipswich is the county town of Suffolk with a resident population of approximately 130,000 and a catchment of about 320,000. Woodbridge Road (A1156) is a key arterial route providing excellent connectivity to the east side of Ipswich, including Rushmere St Andrew, Kesgrave, and Martl...","https://www.rightmove.co.uk/properties/161551652#/?channel=COM_LET","2025-05-06T14:11:54Z","","new","Marketed by Fenn Wright, Ipswich Commercial Sales and Lettings","","52.061747","1.174437","https://media.rightmove.co.uk:443/dir/crop/10:9-16:9/162k/161330/161551652/161330_14870698LH_IMG_00_0000_max_476x317.jpeg; https://media.rightmove.co.uk:443/dir/crop/10:9-16:9/162k/161330/161551652/161330_14870698LH_IMG_01_0000_max_476x317.jpeg; https://media.rightmove.co.uk:443/dir/crop/10:9-16:9/162k/161330/161551652/161330_14870698LH_IMG_02_0000_max_476x317.jpeg"
"161540303","Suffolk","Office","Stowmarket, Suffolk","£583 pcm","","","","An inexpensive suite of self Contained Offices / Workrooms / Stores with 3 parking spaces.","https://www.rightmove.co.uk/properties/161540303#/?channel=COM_LET","2025-05-06T11:39:07Z","","new","Marketed by Clarke and Simpson Commercial, Framlingham","","52.186253","1.006269","https://media.rightmove.co.uk:443/dir/crop/10:9-16:9/222k/221414/161540303/221414_L108258_IMG_00_0000_max_476x317.jpeg; https://media.rightmove.co.uk:443/dir/crop/10:9-16:9/222k/221414/161540303/221414_L108258_IMG_01_0000_max_476x317.jpeg; https://media.rightmove.co.uk:443/dir/crop/10:9-16:9/222k/221414/161540303/221414_L108258_IMG_02_0000_max_476x317.jpeg; https://media.rightmove.co.uk:443/dir/crop/10:9-16:9/222k/221414/161540303/221414_L108258_IMG_03_0000_max_476x317.jpeg"
"161229332","Suffolk","Office","Harbour Hub, Colne House, Waveney Road ","£572 pcm","From","","","**Allocated Car Parking on Site!**Harbour Hub comprises of two buildings, Colne House and Waveney Chambers. Colne House has 7 high specification offices offering flexible monthly tenancy terms, 24/7 access, fibre cabled infrastructure & NO VAT ","https://www.rightmove.co.uk/properties/161229332#/?channel=COM_LET","2025-05-01T14:29:54Z","","new","Marketed by NWES Property Services Limited, Harbour Hub","","52.47363","1.75181","https://media.rightmove.co.uk:443/dir/crop/10:9-16:9/289k/288329/161229332/288329_001321_IMG_12_0000_max_476x317.jpeg; https://media.rightmove.co.uk:443/dir/crop/10:9-16:9/289k/288329/161229332/288329_001321_IMG_13_0000_max_476x317.jpeg; https://media.rightmove.co.uk:443/dir/crop/10:9-16:9/289k/288329/161229332/288329_001321_IMG_10_0000_max_476x317.jpeg; https://media.rightmove.co.uk:443/dir/crop/10:9-16:9/289k/288329/161229332/288329_001321_IMG_11_0000_max_476x317.jpeg; https://media.rightmove.co.uk:443/dir/crop/10:9-16:9/289k/288329/161229332/288329_001321_IMG_14_0000_max_476x317.jpeg; https://media.rightmove.co.uk:443/dir/crop/10:9-16:9/289k/288329/161229332/288329_001321_IMG_15_0000_max_476x317.jpeg; https://media.rightmove.co.uk:443/dir/crop/10:9-16:9/289k/288329/161229332/288329_001321_IMG_16_0000_max_476x317.jpeg; https://media.rightmove.co.uk:443/dir/crop/10:9-16:9/289k/288329/161229332/288329_001321_IMG_03_0000_max_476x317.jpeg; https://media.rightmove.co.uk:443/dir/crop/10:9-16:9/289k/288329/161229332/288329_001321_IMG_04_0000_max_476x317.jpeg; https://media.rightmove.co.uk:443/dir/crop/10:9-16:9/289k/288329/161229332/288329_001321_IMG_07_0000_max_476x317.jpeg; https://media.rightmove.co.uk:443/dir/crop/10:9-16:9/289k/288329/161229332/288329_001321_IMG_08_0000_max_476x317.jpeg; https://media.rightmove.co.uk:443/dir/crop/10:9-16:9/289k/288329/161229332/288329_001321_IMG_09_0000_max_476x317.jpeg"
"161341646","Suffolk","Office","Old Station Road, Newmarket, Suffolk, CB8","£600 pcm","","","","Ensum Brown are delighted to offer for rent this office space located in Cleveland House, just a short walk from Newmarket's High Street. All utilities are included within the monthly rent as well as access to off road parking, communal kitchen, reception area and communal gardens.","https://www.rightmove.co.uk/properties/161341646#/?channel=COM_LET","2025-04-30T15:40:11Z","","new","Marketed by Ensum Brown, Newmarket","","52.24473","0.41287","https://media.rightmove.co.uk:443/dir/crop/10:9-16:9/273k/272462/161341646/272462_11ClevelandHouse_IMG_00_0001_max_476x317.jpeg; https://media.rightmove.co.uk:443/dir/crop/10:9-16:9/273k/272462/161341646/272462_11ClevelandHouse_IMG_01_0000_max_476x317.jpeg; https://media.rightmove.co.uk:443/dir/crop/10:9-16:9/273k/272462/161341646/272462_11ClevelandHouse_IMG_02_0000_max_476x317.jpeg"
"161022380","Suffolk","Office","Whapload Road, Lowestoft","£731 pcm","","","","Large Office Space Available in Lowestoft’s Historic Old Court Buildings Located in the heart of Lowestoft, a thriving coastal town with a rich maritime heritage, the Old Court Buildings stand as a landmark of character and history. Peter Colby Commercials acquired the former Magistrates...","https://www.rightmove.co.uk/properties/161022380#/?channel=COM_LET","2025-04-23T13:44:31Z","","price_reduced","Marketed by Steel & Co Commercial Property Services, Lowestoft","","52.479443","1.758222","https://media.rightmove.co.uk:443/dir/crop/10:9-16:9/66k/65427/161022380/65427_12561231_IMG_00_0000_max_476x317.jpeg; https://media.rightmove.co.uk:443/dir/crop/10:9-16:9/66k/65427/161022380/65427_12561231_IMG_01_0000_max_476x317.jpeg; https://media.rightmove.co.uk:443/dir/crop/10:9-16:9/66k/65427/161022380/65427_12561231_IMG_02_0000_max_476x317.jpeg; https://media.rightmove.co.uk:443/dir/crop/10:9-16:9/66k/65427/161022380/65427_12561231_IMG_03_0000_max_476x317.jpeg; https://media.rightmove.co.uk:443/dir/crop/10:9-16:9/66k/65427/161022380/65427_12561231_IMG_04_0000_max_476x317.jpeg; https://media.rightmove.co.uk:443/dir/crop/10:9-16:9/66k/65427/161022380/65427_12561231_IMG_05_0000_max_476x317.jpeg; https://media.rightmove.co.uk:443/dir/crop/10:9-16:9/66k/65427/161022380/65427_12561231_IMG_06_0000_max_476x317.jpeg"
"161232350","Suffolk","Serviced Office","Epsilon House Business Centre 1-5 West Rd, Ipswich IP3 9FJ, Ipswich","£1,510 pcm","From","","","This Office Village is a 7 acre estate situated close to the centre of Ipswich on Ransomes Europark. They are close to John Lewis, Waitrose, Audi, Jaguar and numerous other major occupiers, all on the outskirts of Ipswich with easy access to the A12/14. The location features great links via bus r...","https://www.rightmove.co.uk/properties/161232350#/?channel=COM_LET","2025-04-28T17:03:45Z","","new","Marketed by Office Freedom, Office Freedom Regional","","52.03462","1.210096","https://media.rightmove.co.uk:443/dir/crop/10:9-16:9/238k/237641/161232350/237641_9505-1_IMG_00_0000_max_476x317.png; https://media.rightmove.co.uk:443/dir/crop/10:9-16:9/238k/237641/161232350/237641_9505-1_IMG_01_0000_max_476x317.png; https://media.rightmove.co.uk:443/dir/crop/10:9-16:9/238k/237641/161232350/237641_9505-1_IMG_02_0000_max_476x317.png; https://media.rightmove.co.uk:443/dir/crop/10:9-16:9/238k/237641/161232350/237641_9505-1_IMG_03_0000_max_476x317.png; https://media.rightmove.co.uk:443/dir/crop/10:9-16:9/238k/237641/161232350/237641_9505-1_IMG_04_0000_max_476x317.png; https://media.rightmove.co.uk:443/dir/crop/10:9-16:9/238k/237641/161232350/237641_9505-1_IMG_05_0000_max_476x317.png; https://media.rightmove.co.uk:443/dir/crop/10:9-16:9/238k/237641/161232350/237641_9505-1_IMG_06_0000_max_476x317.png; https://media.rightmove.co.uk:443/dir/crop/10:9-16:9/238k/237641/161232350/237641_9505-1_IMG_07_0000_max_476x317.png"
"161213273","Suffolk","Retail Property (high street)","11 North Street, Sudbury, Suffolk, CO10","£2,083 pcm","","","","PRIME SHOP UNIT WITH 27' FRONTAGE ONTO North St, Sudbury. Three storey premises comprising 854 sq ft net sales area and 530 sq ft ancillary staff/storage.","https://www.rightmove.co.uk/properties/161213273#/?channel=COM_LET","2025-04-28T13:50:40Z","","new","Marketed by Birchall Steel Consultant Surveyors, Suffolk","","52.04013","0.73078","https://media.rightmove.co.uk:443/dir/crop/10:9-16:9/171k/170411/161213273/170411_11-North-Street-Sudbury-Suffolk_IMG_00_0000_max_476x317.jpeg; https://media.rightmove.co.uk:443/dir/crop/10:9-16:9/171k/170411/161213273/170411_11-North-Street-Sudbury-Suffolk_IMG_01_0000_max_476x317.jpeg; https://media.rightmove.co.uk:443/dir/crop/10:9-16:9/171k/170411/161213273/170411_11-North-Street-Sudbury-Suffolk_IMG_02_0000_max_476x317.jpeg"
"161217359","Suffolk","Light Industrial","1 Park Way, Elm Farm Park, Thurston, Bury St. Edmunds, Suffolk, IP31 3TB","£2,083 pcm","","","","Elm Farm Park is located in the village of Thurston, 8 miles east of Bury St Edmunds and approximately 3 miles from the A14 dual carriageway. Unit 1 is located on Phase I Parkway and provides well equipped business unit accommodation arranged over ground and first floor with partitioned offices...","https://www.rightmove.co.uk/properties/161217359#/?channel=COM_LET","2025-04-28T13:50:02Z","","new","Marketed by Merrifields, Suffolk","","52.258236","0.844771","https://media.rightmove.co.uk:443/dir/crop/10:9-16:9/122k/121468/161217359/121468_2087LH_IMG_00_0000_max_476x317.jpeg; https://media.rightmove.co.uk:443/dir/crop/10:9-16:9/122k/121468/161217359/121468_2087LH_IMG_01_0000_max_476x317.jpeg; https://media.rightmove.co.uk:443/dir/crop/10:9-16:9/122k/121468/161217359/121468_2087LH_IMG_02_0000_max_476x317.jpeg; https://media.rightmove.co.uk:443/dir/crop/10:9-16:9/122k/121468/161217359/121468_2087LH_IMG_03_0000_max_476x317.jpeg; https://media.rightmove.co.uk:443/dir/crop/10:9-16:9/122k/121468/161217359/121468_2087LH_IMG_04_0000_max_476x317.jpeg; https://media.rightmove.co.uk:443/dir/crop/10:9-16:9/122k/121468/161217359/121468_2087LH_IMG_05_0000_max_476x317.jpeg; https://media.rightmove.co.uk:443/dir/crop/10:9-16:9/122k/121468/161217359/121468_2087LH_IMG_06_0000_max_476x317.jpeg"
"125189723","Suffolk","Distribution Warehouse","Storage Containers at Harpers Hill Business Centre, Harpers Hill, Nayland","£110 pcm","","","","TO LET - 20ft Storage Container at Harpers Hill Business Centre . Easy In / Easy Out terms ","https://www.rightmove.co.uk/properties/125189723#/?channel=COM_LET","2022-07-20T16:31:13Z","","new","Marketed by Nicholas Percival Commercial, Colchester","","51.97839","0.85784","https://media.rightmove.co.uk:443/dir/crop/10:9-16:9/56k/55401/125189723/55401_101551003007_IMG_02_0000_max_476x317.jpeg; https://media.rightmove.co.uk:443/dir/crop/10:9-16:9/56k/55401/125189723/55401_101551003007_IMG_00_0000_max_476x317.jpeg; https://media.rightmove.co.uk:443/dir/crop/10:9-16:9/56k/55401/125189723/55401_101551003007_IMG_01_0000_max_476x317.jpeg; https://media.rightmove.co.uk:443/dir/crop/10:9-16:9/56k/55401/125189723/55401_101551003007_IMG_03_0000_max_476x317.jpeg; https://media.rightmove.co.uk:443/dir/crop/10:9-16:9/56k/55401/125189723/55401_101551003007_IMG_04_0000_max_476x317.jpeg"
"152829734","Suffolk","Office","Suite C, Old Court Buildings, Whapload Road, Lowestoft, Suffolk, NR32","£769 pcm","","","","Peter Colby Commercials acquired the Old Magistrates Court building located in Lowestoft in 2019, and as such have renamed the building as Old Court Buildings. We are pleased to offer newly vacant and redecorated, Suite C which is located on the ground floor of this development. ","https://www.rightmove.co.uk/properties/152829734#/?channel=COM_LET","2024-09-24T09:51:12Z","","price_reduced","Marketed by Peter Colby Commercials Limited, Norwich","","52.47895","1.75765","https://media.rightmove.co.uk:443/dir/crop/10:9-16:9/123k/122056/152829734/122056_SUITECOCB_IMG_00_0002_max_476x317.jpeg; https://media.rightmove.co.uk:443/dir/crop/10:9-16:9/123k/122056/152829734/122056_SUITECOCB_IMG_01_0001_max_476x317.jpeg; https://media.rightmove.co.uk:443/dir/crop/10:9-16:9/123k/122056/152829734/122056_SUITECOCB_IMG_02_0001_max_476x317.jpeg; https://media.rightmove.co.uk:443/dir/crop/10:9-16:9/123k/122056/152829734/122056_SUITECOCB_IMG_03_0001_max_476x317.jpeg; https://media.rightmove.co.uk:443/dir/crop/10:9-16:9/123k/122056/152829734/122056_SUITECOCB_IMG_04_0000_max_476x317.jpeg; https://media.rightmove.co.uk:443/dir/crop/10:9-16:9/123k/122056/152829734/122056_SUITECOCB_IMG_05_0000_max_476x317.jpeg; https://media.rightmove.co.uk:443/dir/crop/10:9-16:9/123k/122056/152829734/122056_SUITECOCB_IMG_06_0000_max_476x317.jpeg; https://media.rightmove.co.uk:443/dir/crop/10:9-16:9/123k/122056/152829734/122056_SUITECOCB_IMG_07_0000_max_476x317.jpeg; https://media.rightmove.co.uk:443/dir/crop/10:9-16:9/123k/122056/152829734/122056_SUITECOCB_IMG_08_0000_max_476x317.jpeg; https://media.rightmove.co.uk:443/dir/crop/10:9-16:9/123k/122056/152829734/122056_SUITECOCB_IMG_09_0000_max_476x317.jpeg; https://media.rightmove.co.uk:443/dir/crop/10:9-16:9/123k/122056/152829734/122056_SUITECOCB_IMG_10_0000_max_476x317.jpeg; https://media.rightmove.co.uk:443/dir/crop/10:9-16:9/123k/122056/152829734/122056_SUITECOCB_IMG_11_0000_max_476x317.jpeg"
"136612970","Suffolk","Serviced Office","Offices at Whapload Road, Lowestoft, Suffolk, NR32","£379 pcm","From","","","A range of offices from 350 sq ft to 2900 sq ft located with newly refurbished unit in a prime location on Whapload Road, which is close to the town however set in the heart of Industrial Lowestoft. The offices can be let on a serviced or non serviced basis. MUST BE VIEWED TO APPRECIATE!","https://www.rightmove.co.uk/properties/136612970#/?channel=COM_LET","2023-06-27T11:27:12Z","","price_reduced","Marketed by Peter Colby Commercials Limited, Norwich","","52.47991","1.7576","https://media.rightmove.co.uk:443/dir/crop/10:9-16:9/123k/122056/136612970/122056_LOWWROFF_IMG_05_0000_max_476x317.jpeg; https://media.rightmove.co.uk:443/dir/crop/10:9-16:9/123k/122056/136612970/122056_LOWWROFF_IMG_04_0000_max_476x317.jpeg; https://media.rightmove.co.uk:443/dir/crop/10:9-16:9/123k/122056/136612970/122056_LOWWROFF_IMG_01_0000_max_476x317.jpeg; https://media.rightmove.co.uk:443/dir/crop/10:9-16:9/123k/122056/136612970/122056_LOWWROFF_IMG_03_0000_max_476x317.jpeg; https://media.rightmove.co.uk:443/dir/crop/10:9-16:9/123k/122056/136612970/122056_LOWWROFF_IMG_02_0000_max_476x317.jpeg; https://media.rightmove.co.uk:443/dir/crop/10:9-16:9/123k/122056/136612970/122056_LOWWROFF_IMG_06_0000_max_476x317.jpeg; https://media.rightmove.co.uk:443/dir/crop/10:9-16:9/123k/122056/136612970/122056_LOWWROFF_IMG_00_0000_max_476x317.jpeg"
"150624680","Suffolk","Warehouse","Warehouse at Old Coldstore, Whapload Road, Lowestoft, Suffolk, NR32","£1,801 pcm","","","","We are pleased to offer this warehouse space, with concealed access to a roller shutter door and access to the main building through the foyer. Additional yard space could be offered as part of lease if desired. Please call to discuss!","https://www.rightmove.co.uk/properties/150624680#/?channel=COM_LET","2024-07-25T11:20:29Z","","price_reduced","Marketed by Peter Colby Commercials Limited, Norwich","","52.47959","1.75746","https://media.rightmove.co.uk:443/dir/crop/10:9-16:9/123k/122056/150624680/122056_OCWRWH_IMG_00_0000_max_476x317.jpeg; https://media.rightmove.co.uk:443/dir/crop/10:9-16:9/123k/122056/150624680/122056_OCWRWH_IMG_06_0000_max_476x317.jpeg; https://media.rightmove.co.uk:443/dir/crop/10:9-16:9/123k/122056/150624680/122056_OCWRWH_IMG_05_0000_max_476x317.jpeg; https://media.rightmove.co.uk:443/dir/crop/10:9-16:9/123k/122056/150624680/122056_OCWRWH_IMG_04_0000_max_476x317.jpeg; https://media.rightmove.co.uk:443/dir/crop/10:9-16:9/123k/122056/150624680/122056_OCWRWH_IMG_03_0000_max_476x317.jpeg; https://media.rightmove.co.uk:443/dir/crop/10:9-16:9/123k/122056/150624680/122056_OCWRWH_IMG_02_0000_max_476x317.jpeg; https://media.rightmove.co.uk:443/dir/crop/10:9-16:9/123k/122056/150624680/122056_OCWRWH_IMG_01_0000_max_476x317.jpeg; https://media.rightmove.co.uk:443/dir/crop/10:9-16:9/123k/122056/150624680/122056_OCWRWH_IMG_07_0000_max_476x317.jpeg; https://media.rightmove.co.uk:443/dir/crop/10:9-16:9/123k/122056/150624680/122056_OCWRWH_IMG_08_0000_max_476x317.jpeg"
"161073914","Suffolk","Storage","Hadleigh","£1,250 pcm","Fixed Price","","","Storage unit to let in Hadleigh, Ipswitch. The unit measures 2,480 square feet and is situated on a secure site with HGV access. The site is located with direct access onto the A1071 leading to the A14 and A12.","https://www.rightmove.co.uk/properties/161073914#/?channel=COM_LET","2025-04-24T13:22:11Z","","new","Marketed by Whirledge and Nott, Commercial","","52.05483","0.94558","https://media.rightmove.co.uk:443/dir/crop/10:9-16:9/174k/173735/161073914/173735_4813_IMG_00_0000_max_476x317.jpeg; https://media.rightmove.co.uk:443/dir/crop/10:9-16:9/174k/173735/161073914/173735_4813_IMG_01_0000_max_476x317.jpeg; https://media.rightmove.co.uk:443/dir/crop/10:9-16:9/174k/173735/161073914/173735_4813_IMG_02_0000_max_476x317.jpeg; https://media.rightmove.co.uk:443/dir/crop/10:9-16:9/174k/173735/161073914/173735_4813_IMG_03_0000_max_476x317.jpeg; https://media.rightmove.co.uk:443/dir/crop/10:9-16:9/174k/173735/161073914/173735_4813_IMG_04_0000_max_476x317.jpeg; https://media.rightmove.co.uk:443/dir/crop/10:9-16:9/174k/173735/161073914/173735_4813_IMG_05_0000_max_476x317.jpeg; https://media.rightmove.co.uk:443/dir/crop/10:9-16:9/174k/173735/161073914/173735_4813_IMG_06_0000_max_476x317.jpeg"
"161003075","Suffolk","Office","Civic Drive, Ipswich, Suffolk, IP1","£1,400 pcm","","","","Prominent building near to town centreOn site car parking (subject to availability)New lease terms availableTo be refurbished","https://www.rightmove.co.uk/properties/161003075#/?channel=COM_LET","2025-04-23T10:41:06Z","","size_change","Marketed by Reader Commercial, Ipswich","","52.05969","1.14725","https://media.rightmove.co.uk:443/dir/crop/10:9-16:9/91k/90673/161003075/90673_Suite1ThirdFloorHubbardHouse_IMG_00_0000_max_476x317.jpeg; https://media.rightmove.co.uk:443/dir/crop/10:9-16:9/91k/90673/161003075/90673_Suite1ThirdFloorHubbardHouse_IMG_01_0000_max_476x317.jpeg; https://media.rightmove.co.uk:443/dir/crop/10:9-16:9/91k/90673/161003075/90673_Suite1ThirdFloorHubbardHouse_IMG_02_0000_max_476x317.jpeg; https://media.rightmove.co.uk:443/dir/crop/10:9-16:9/91k/90673/161003075/90673_Suite1ThirdFloorHubbardHouse_IMG_03_0000_max_476x317.jpeg; https://media.rightmove.co.uk:443/dir/crop/10:9-16:9/91k/90673/161003075/90673_Suite1ThirdFloorHubbardHouse_IMG_04_0000_max_476x317.jpeg"
"160964579","Suffolk","Warehouse","Refurbished Warehouse Unit, Foxes Farm, Norwich Road, Creeting St Mary, Suffolk, IP6 8PF","£5,667 pcm","","","","LOCATION: Foxes Farm is situated off the A140, approximately 1.5 miles from its junction with the A14. The A140 provides direct access to Norwich, around 35 miles to the north, while Ipswich town centre lies approximately 10 miles to the south. Needham Market train station is situated 1.8 mile...","https://www.rightmove.co.uk/properties/160964579#/?channel=COM_LET","2025-04-22T13:38:58Z","","new","Marketed by Fenn Wright, Ipswich Commercial Sales and Lettings","","52.168066","1.089927","https://media.rightmove.co.uk:443/dir/crop/10:9-16:9/162k/161330/160964579/161330_14870681LH_IMG_00_0000_max_476x317.jpeg; https://media.rightmove.co.uk:443/dir/crop/10:9-16:9/162k/161330/160964579/161330_14870681LH_IMG_01_0000_max_476x317.jpeg; https://media.rightmove.co.uk:443/dir/crop/10:9-16:9/162k/161330/160964579/161330_14870681LH_IMG_02_0000_max_476x317.jpeg"
"159379991","Suffolk","Commercial Property","Long Melford, Sudbury, Suffolk","£1,333 pcm","","","","No 9 Hall Street is a spacious, versatile commercial property occupying a prominent position in the heart of one of East Anglia´s most highly regarded villages. The property is currently arranged to include large well-appointed retail areas at ground floor complete with cellar, large display...","https://www.rightmove.co.uk/properties/159379991#/?channel=COM_LET","2025-04-22T13:16:54Z","","new","Marketed by David Burr Estate Agents, Long Melford","","52.07883","0.71885","https://media.rightmove.co.uk:443/dir/crop/10:9-16:9/53k/52651/159379991/52651_100424000908_IMG_00_0000_max_476x317.jpeg; https://media.rightmove.co.uk:443/dir/crop/10:9-16:9/53k/52651/159379991/52651_100424000908_IMG_01_0000_max_476x317.jpeg; https://media.rightmove.co.uk:443/dir/crop/10:9-16:9/53k/52651/159379991/52651_100424000908_IMG_02_0000_max_476x317.jpeg; https://media.rightmove.co.uk:443/dir/crop/10:9-16:9/53k/52651/159379991/52651_100424000908_IMG_03_0000_max_476x317.jpeg; https://media.rightmove.co.uk:443/dir/crop/10:9-16:9/53k/52651/159379991/52651_100424000908_IMG_04_0000_max_476x317.jpeg; https://media.rightmove.co.uk:443/dir/crop/10:9-16:9/53k/52651/159379991/52651_100424000908_IMG_05_0000_max_476x317.jpeg; https://media.rightmove.co.uk:443/dir/crop/10:9-16:9/53k/52651/159379991/52651_100424000908_IMG_06_0000_max_476x317.jpeg; https://media.rightmove.co.uk:443/dir/crop/10:9-16:9/53k/52651/159379991/52651_100424000908_IMG_07_0000_max_476x317.jpeg"
"721604141817345","Suffolk","Serviced Office","The Epicentre, Enterprise Way, Haverhill, CB9 7LR","POA","","","","High Quality Office and Business Space To let","https://www.rightmove.co.uk/properties/721604141817345#/?channel=COM_LET","2025-11-26T12:10:21Z","","size_change","Marketed by Hazells, Bury St Edmunds","","52.092298","0.399954","https://media.rightmove.co.uk:443/dir/crop/10:9-16:9/287k/286808/721604141817345/286808_273396-2_IMG_00_0000_max_476x317.jpeg; https://media.rightmove.co.uk:443/dir/crop/10:9-16:9/287k/286808/721604141817345/286808_273396-2_IMG_01_0000_max_476x317.jpeg; https://media.rightmove.co.uk:443/dir/crop/10:9-16:9/287k/286808/721604141817345/286808_273396-2_IMG_02_0000_max_476x317.jpeg; https://media.rightmove.co.uk:443/dir/crop/10:9-16:9/287k/286808/721604141817345/286808_273396-2_IMG_03_0000_max_476x317.jpeg"
"721604148107553","Suffolk","Commercial Property","Dedicated Laboratory Space, The Epicentre, Enterprise Way, Haverhill, CB9 7LR","POA","","","","High Quality Lab Space Immediately Available","https://www.rightmove.co.uk/properties/721604148107553#/?channel=COM_LET","2025-11-26T12:10:06Z","","size_change","Marketed by Hazells, Bury St Edmunds","","52.092298","0.399954","https://media.rightmove.co.uk:443/dir/crop/10:9-16:9/property-photo/2222d89b2/721604148107553/2222d89b2e235c697bd148d334fea42c_max_476x317.jpeg; https://media.rightmove.co.uk:443/dir/crop/10:9-16:9/property-photo/01149f1f2/721604148107553/01149f1f2c46c08fbb75a177309a8692_max_476x317.jpeg; https://media.rightmove.co.uk:443/dir/crop/10:9-16:9/property-photo/12d5ab93b/721604148107553/12d5ab93ba80ede56125032063c914cf_max_476x317.png; https://media.rightmove.co.uk:443/dir/crop/10:9-16:9/property-photo/b6386f8ce/721604148107553/b6386f8cea0c656758479078a08de692_max_476x317.jpeg"
"160269443","Suffolk","Retail Property (high street)","24 Buttermarket, Ipswich, Suffolk, IP1","£1,583 pcm","","","","The property is located in a prime position on the Buttermarket in close proximity to Fatface, Waterstones and White Stuff.","https://www.rightmove.co.uk/properties/160269443#/?channel=COM_LET","2025-04-15T11:02:24Z","","new","Marketed by Elsom Spettigue Associates, Suffolk","","52.05698","1.15421","https://media.rightmove.co.uk:443/dir/crop/10:9-16:9/288k/287816/160269443/287816_24Buttermarket_IMG_00_0000_max_476x317.jpeg; https://media.rightmove.co.uk:443/dir/crop/10:9-16:9/288k/287816/160269443/287816_24Buttermarket_IMG_01_0000_max_476x317.jpeg; https://media.rightmove.co.uk:443/dir/crop/10:9-16:9/288k/287816/160269443/287816_24Buttermarket_IMG_02_0000_max_476x317.jpeg; https://media.rightmove.co.uk:443/dir/crop/10:9-16:9/288k/287816/160269443/287816_24Buttermarket_IMG_03_0000_max_476x317.jpeg; https://media.rightmove.co.uk:443/dir/crop/10:9-16:9/288k/287816/160269443/287816_24Buttermarket_IMG_04_0000_max_476x317.jpeg; https://media.rightmove.co.uk:443/dir/crop/10:9-16:9/288k/287816/160269443/287816_24Buttermarket_IMG_05_0000_max_476x317.jpeg; https://media.rightmove.co.uk:443/dir/crop/10:9-16:9/288k/287816/160269443/287816_24Buttermarket_IMG_06_0000_max_476x317.jpeg"
"160666850","Suffolk","Storage","Storage Unit to Let near Haverhill, Suffolk","£400 pcm","","","","525 sqft storage unit to let on a rural commercial site with good access to Cambridge, Bury St Edmunds and the A14 corridor. ","https://www.rightmove.co.uk/properties/160666850#/?channel=COM_LET","2025-04-14T14:45:40Z","","new","Marketed by Howie Kent & Co Ltd, Essex","","52.108054","0.420892","https://media.rightmove.co.uk:443/dir/crop/10:9-16:9/229k/228701/160666850/228701_HKC10391_IMG_00_0000_max_476x317.jpeg; https://media.rightmove.co.uk:443/dir/crop/10:9-16:9/229k/228701/160666850/228701_HKC10391_IMG_01_0000_max_476x317.jpeg; https://media.rightmove.co.uk:443/dir/crop/10:9-16:9/229k/228701/160666850/228701_HKC10391_IMG_02_0000_max_476x317.jpeg; https://media.rightmove.co.uk:443/dir/crop/10:9-16:9/229k/228701/160666850/228701_HKC10391_IMG_03_0000_max_476x317.jpeg"
"159969317","Suffolk","Land","Church Street, Hadleigh, Ipswich","£5,000 pcm","","","","A premium property in the centre of the picturesque market town of Hadleigh. Offering flexible office space for various potential uses. This charming building is in a most sought after location just off the main high street whilst remaining peaceful.","https://www.rightmove.co.uk/properties/159969317#/?channel=COM_LET","2025-03-28T16:30:21Z","","price_reduced","Marketed by IP Properties (Suffolk) Ltd, Woodbridge","","52.0438","0.953143","https://media.rightmove.co.uk:443/dir/crop/10:9-16:9/164k/163400/159969317/163400_RL0751_IMG_00_0000_max_476x317.jpeg; https://media.rightmove.co.uk:443/dir/crop/10:9-16:9/164k/163400/159969317/163400_RL0751_IMG_07_0000_max_476x317.jpeg; https://media.rightmove.co.uk:443/dir/crop/10:9-16:9/164k/163400/159969317/163400_RL0751_IMG_01_0000_max_476x317.jpeg; https://media.rightmove.co.uk:443/dir/crop/10:9-16:9/164k/163400/159969317/163400_RL0751_IMG_02_0000_max_476x317.jpeg; https://media.rightmove.co.uk:443/dir/crop/10:9-16:9/164k/163400/159969317/163400_RL0751_IMG_03_0000_max_476x317.jpeg; https://media.rightmove.co.uk:443/dir/crop/10:9-16:9/164k/163400/159969317/163400_RL0751_IMG_04_0000_max_476x317.jpeg; https://media.rightmove.co.uk:443/dir/crop/10:9-16:9/164k/163400/159969317/163400_RL0751_IMG_05_0000_max_476x317.jpeg; https://media.rightmove.co.uk:443/dir/crop/10:9-16:9/164k/163400/159969317/163400_RL0751_IMG_06_0000_max_476x317.jpeg"
"160658576","Suffolk","Office","Suite 5 Lyndon House, Kings Court, Willie Snaith Road, Newmarket, Suffolk, CB8","£708 pcm","","","","Lyndon House comprises a multi let office building providing office suites on ground, first and second floors.","https://www.rightmove.co.uk/properties/160658576#/?channel=COM_LET","2025-04-14T12:44:18Z","","new","Marketed by Kirkby Diamond, Bedford","","52.259663","0.395688","https://media.rightmove.co.uk:443/dir/crop/10:9-16:9/149k/148979/160658576/148979_26581LH_IMG_00_0000_max_476x317.jpeg; https://media.rightmove.co.uk:443/dir/crop/10:9-16:9/149k/148979/160658576/148979_26581LH_IMG_01_0000_max_476x317.jpeg; https://media.rightmove.co.uk:443/dir/crop/10:9-16:9/149k/148979/160658576/148979_26581LH_IMG_02_0000_max_476x317.jpeg; https://media.rightmove.co.uk:443/dir/crop/10:9-16:9/149k/148979/160658576/148979_26581LH_IMG_03_0000_max_476x317.jpeg; https://media.rightmove.co.uk:443/dir/crop/10:9-16:9/149k/148979/160658576/148979_26581LH_IMG_04_0000_max_476x317.jpeg"
"154320674","Suffolk","Office","Ipswich, Suffolk","£583 pcm","","","","Self contained first and second floor offices to let within an attractive building in Ipswich Town Centre.","https://www.rightmove.co.uk/properties/154320674#/?channel=COM_LET","2024-10-29T09:54:20Z","","price_reduced","Marketed by Clarke and Simpson Commercial, Framlingham","","52.056091","1.150459","https://media.rightmove.co.uk:443/dir/crop/10:9-16:9/222k/221414/154320674/221414_L84716_IMG_04_0000_max_476x317.jpeg; https://media.rightmove.co.uk:443/dir/crop/10:9-16:9/222k/221414/154320674/221414_L84716_IMG_00_0000_max_476x317.jpeg; https://media.rightmove.co.uk:443/dir/crop/10:9-16:9/222k/221414/154320674/221414_L84716_IMG_01_0000_max_476x317.jpeg; https://media.rightmove.co.uk:443/dir/crop/10:9-16:9/222k/221414/154320674/221414_L84716_IMG_02_0000_max_476x317.jpeg; https://media.rightmove.co.uk:443/dir/crop/10:9-16:9/222k/221414/154320674/221414_L84716_IMG_03_0000_max_476x317.jpeg"
"160587110","Suffolk","Retail Property (high street)","2-4 Upper Brook Street, Ipswich, Suffolk, IP4 1EE","£2,917 pcm","","","","LOCATION: Ipswich is one of East Anglia's most important commercial centres with a catchment population of about 350,000. There are good road links to the M25, London and Midlands via the A12 and A14 dual carriageways. London Liverpool Street is just over an hour away from Ipswich by train. Th...","https://www.rightmove.co.uk/properties/160587110#/?channel=COM_LET","2025-04-11T15:01:16Z","","new","Marketed by Fenn Wright, Ipswich Commercial Sales and Lettings","","52.057491","1.156101","https://media.rightmove.co.uk:443/dir/crop/10:9-16:9/162k/161330/160587110/161330_14870673LH_IMG_00_0000_max_476x317.jpeg; https://media.rightmove.co.uk:443/dir/crop/10:9-16:9/162k/161330/160587110/161330_14870673LH_IMG_01_0000_max_476x317.jpeg; https://media.rightmove.co.uk:443/dir/crop/10:9-16:9/162k/161330/160587110/161330_14870673LH_IMG_02_0000_max_476x317.jpeg; https://media.rightmove.co.uk:443/dir/crop/10:9-16:9/162k/161330/160587110/161330_14870673LH_IMG_03_0000_max_476x317.jpeg"
"160496057","Suffolk","Retail Property (high street)","10 Market Hill, Sudbury, Suffolk, CO10","£2,083 pcm","","","","PRIME FITTED SHOP UNIT IN AN EXCELLENT TRADING LOCATION IN THE HEART OF THIS BUSY MARKET TOWN. HAS A NET SALES AREA OF 759 SQ FT.GROUND FLOOR. THERE IS A SINGLE CAR PARKING SPACE. ","https://www.rightmove.co.uk/properties/160496057#/?channel=COM_LET","2025-04-10T11:15:57Z","","new","Marketed by Birchall Steel Consultant Surveyors, Suffolk","","52.03862","0.73015","https://media.rightmove.co.uk:443/dir/crop/10:9-16:9/171k/170411/160496057/170411_10-Market-Hill-Sudbury-Suffolk_IMG_00_0000_max_476x317.jpeg; https://media.rightmove.co.uk:443/dir/crop/10:9-16:9/171k/170411/160496057/170411_10-Market-Hill-Sudbury-Suffolk_IMG_04_0000_max_476x317.jpeg; https://media.rightmove.co.uk:443/dir/crop/10:9-16:9/171k/170411/160496057/170411_10-Market-Hill-Sudbury-Suffolk_IMG_02_0000_max_476x317.jpeg; https://media.rightmove.co.uk:443/dir/crop/10:9-16:9/171k/170411/160496057/170411_10-Market-Hill-Sudbury-Suffolk_IMG_01_0000_max_476x317.jpeg; https://media.rightmove.co.uk:443/dir/crop/10:9-16:9/171k/170411/160496057/170411_10-Market-Hill-Sudbury-Suffolk_IMG_03_0000_max_476x317.jpeg"
"721604175369280","Suffolk","Distribution Warehouse","Unit 17, Chamberlayne Road, Bury St. Edmunds, IP32 7EY","£2,435 pcm","","","","Prominent refurbished trade counter unit on popular trade estate","https://www.rightmove.co.uk/properties/721604175369280#/?channel=COM_LET","2025-11-26T12:11:03Z","","new","Marketed by Hazells, Bury St Edmunds","","52.240522","0.744887","https://media.rightmove.co.uk:443/dir/crop/10:9-16:9/287k/286808/721604175369280/286808_293454-2_IMG_00_0000_max_476x317.jpeg; https://media.rightmove.co.uk:443/dir/crop/10:9-16:9/287k/286808/721604175369280/286808_293454-2_IMG_01_0000_max_476x317.jpeg; https://media.rightmove.co.uk:443/dir/crop/10:9-16:9/287k/286808/721604175369280/286808_293454-2_IMG_02_0000_max_476x317.jpeg; https://media.rightmove.co.uk:443/dir/crop/10:9-16:9/287k/286808/721604175369280/286808_293454-2_IMG_03_0000_max_476x317.jpeg; https://media.rightmove.co.uk:443/dir/crop/10:9-16:9/287k/286808/721604175369280/286808_293454-2_IMG_04_0000_max_476x317.jpeg"
"146980457","Suffolk","Industrial Development","Plot 9 at Lion Barn Industrial Estate, IP6","£4,200 pcm","From","","","Lion Barn Phase III. Plot 9 is the final plot available on this already established, popular Industrial estate. ","https://www.rightmove.co.uk/properties/146980457#/?channel=COM_LET","2024-04-18T14:40:07Z","","size_change","Marketed by Peter Colby Commercials Limited, Norwich","","52.14415","1.06836","https://media.rightmove.co.uk:443/dir/crop/10:9-16:9/123k/122056/146980457/122056_LBPPL_IMG_00_0000_max_476x317.jpeg"
"160414280","Suffolk","Retail Property (Shopping Centre)","Arc Shopping Centre, Prospect Row, Bury St Edmunds, IP33 3DG","POA","","","","The stunning Abbey Gardens and St Edmundsbury Cathedral draw large numbers of tourist to Bury St Edmunds.","https://www.rightmove.co.uk/properties/160414280#/?channel=COM_LET","2025-04-08T15:41:43Z","","new","Marketed by JLL, South East - Offices","","52.245492","0.711078","https://media.rightmove.co.uk:443/dir/crop/10:9-16:9/258k/257819/160414280/257819_33522-2_IMG_00_0000_max_476x317.jpeg; https://media.rightmove.co.uk:443/dir/crop/10:9-16:9/258k/257819/160414280/257819_33522-2_IMG_02_0000_max_476x317.jpeg; https://media.rightmove.co.uk:443/dir/crop/10:9-16:9/258k/257819/160414280/257819_33522-2_IMG_03_0000_max_476x317.jpeg"
"154282967","Suffolk","Office","Various Suites West Wing Lyndon House, Kings Court, Willie Snaith Road, Newmarket, Suffolk, CB8","POA","","","","An exciting opportunity to lease office suites of varying sizes across the first and second floors. The building is being refurbished in keeping with the new brand and design created and evident in the reception lobby and adjacent suites which can be explored on the 3D virtual tour. A purpose bu...","https://www.rightmove.co.uk/properties/154282967#/?channel=COM_LET","2024-10-28T13:13:41Z","","size_change","Marketed by Kirkby Diamond, Bedford","","52.259663","0.395688","https://media.rightmove.co.uk:443/dir/crop/10:9-16:9/149k/148979/154282967/148979_24078LH_IMG_07_0000_max_476x317.jpeg; https://media.rightmove.co.uk:443/dir/crop/10:9-16:9/149k/148979/154282967/148979_24078LH_IMG_08_0000_max_476x317.jpeg; https://media.rightmove.co.uk:443/dir/crop/10:9-16:9/149k/148979/154282967/148979_24078LH_IMG_01_0000_max_476x317.jpeg; https://media.rightmove.co.uk:443/dir/crop/10:9-16:9/149k/148979/154282967/148979_24078LH_IMG_00_0000_max_476x317.jpeg; https://media.rightmove.co.uk:443/dir/crop/10:9-16:9/149k/148979/154282967/148979_24078LH_IMG_02_0000_max_476x317.jpeg; https://media.rightmove.co.uk:443/dir/crop/10:9-16:9/149k/148979/154282967/148979_24078LH_IMG_06_0001_max_476x317.jpeg"
"160347272","Suffolk","Office","Suite 1, The old Lowestoft Hospital ","£600 pcm","","","","Versatile commercial unit situated on the grounds of the old Lowestoft Hospital Site..","https://www.rightmove.co.uk/properties/160347272#/?channel=COM_LET","2025-04-07T13:11:33Z","","new","Marketed by Elisabeth James Homes, Suffolk","","52.509101","1.693637","https://media.rightmove.co.uk:443/dir/crop/10:9-16:9/property-photo/9dca13c61/160347272/9dca13c61aeae7503406e9ce6030ccd7_max_476x317.jpeg; https://media.rightmove.co.uk:443/dir/crop/10:9-16:9/property-photo/49c52aebe/160347272/49c52aebe95628076ae924cc833ccbed_max_476x317.jpeg; https://media.rightmove.co.uk:443/dir/crop/10:9-16:9/property-photo/386bd99f4/160347272/386bd99f47e08acefd28620c729d7bbd_max_476x317.jpeg; https://media.rightmove.co.uk:443/dir/crop/10:9-16:9/property-photo/4a827c94f/160347272/4a827c94fbe9c54d0442cde85b5584dd_max_476x317.jpeg; https://media.rightmove.co.uk:443/dir/crop/10:9-16:9/property-photo/5fa96cc5f/160347272/5fa96cc5f0a995a4e41b680eb3b7f71e_max_476x317.jpeg; https://media.rightmove.co.uk:443/dir/crop/10:9-16:9/property-photo/2d6d5b72f/160347272/2d6d5b72f5aecbabdc676ed6476b345f_max_476x317.jpeg; https://media.rightmove.co.uk:443/dir/crop/10:9-16:9/property-photo/26f86482a/160347272/26f86482ac766e40308cc70568a8495c_max_476x317.jpeg; https://media.rightmove.co.uk:443/dir/crop/10:9-16:9/property-photo/dac4dcc4a/160347272/dac4dcc4a2f28566ccd07bc4682db4e8_max_476x317.jpeg; https://media.rightmove.co.uk:443/dir/crop/10:9-16:9/property-photo/d259e2fc4/160347272/d259e2fc48536f231ad2863779c900aa_max_476x317.jpeg; https://media.rightmove.co.uk:443/dir/crop/10:9-16:9/property-photo/3572aa263/160347272/3572aa263ddeda206d3178bcb62aedbe_max_476x317.jpeg"
"149895062","Suffolk","Industrial Park","Tomo Industrial Estate, Stowmarket, Suffolk","£3,667 pcm","","","","A substantial warehouse of just under 11,000 sq ft, with parking, located on the Tomo Industrial Estate.  ","https://www.rightmove.co.uk/properties/149895062#/?channel=COM_LET","2024-07-05T11:22:24Z","","price_reduced","Marketed by Clarke and Simpson Commercial, Framlingham","","52.186253","1.006269","https://media.rightmove.co.uk:443/dir/crop/10:9-16:9/222k/221414/149895062/221414_L68395_IMG_00_0000_max_476x317.jpeg; https://media.rightmove.co.uk:443/dir/crop/10:9-16:9/222k/221414/149895062/221414_L68395_IMG_01_0000_max_476x317.jpeg; https://media.rightmove.co.uk:443/dir/crop/10:9-16:9/222k/221414/149895062/221414_L68395_IMG_02_0000_max_476x317.jpeg"
"87183426","Suffolk","Commercial Property","Dock Lane, Melton, Woodbridge","£32 pcm","","","","KEYSTONE are please to offer TO LET a range of storage units situated in The Granary Building in Melton Boat Yard. With secure access available 24/7 (via coded lock) Available on flexible terms & various sixes available. This one (Storage Box Y) is; 5' x 5' 6' high<...","https://www.rightmove.co.uk/properties/87183426#/?channel=COM_LET","2025-07-10T10:39:23Z","","new","Marketed by Keystone, Ipswich","","52.102962","1.331728","https://media.rightmove.co.uk:443/dir/crop/10:9-16:9/49k/48300/87183426/48300_33792567_IMG_00_0000_max_476x317.jpeg"
"160208546","Suffolk","Commercial Property","Broom Knoll, East Bergholt","£800 pcm","","","","An opportunity to acquire a lease for this generously proportioned former butchers shop. The open plan shop/ office space offers excellent display area and large display windows to the front along with two store rooms adding up to some 757 sq ft. Available immediately, viewings strictly by appoin...","https://www.rightmove.co.uk/properties/160208546#/?channel=COM_LET","2025-04-03T14:25:28Z","","new","Marketed by Grier & Partners, East Bergholt","","51.97146","1.06199","https://media.rightmove.co.uk:443/dir/crop/10:9-16:9/77k/76193/160208546/76193_103050002003_IMG_00_0000_max_476x317.jpeg; https://media.rightmove.co.uk:443/dir/crop/10:9-16:9/77k/76193/160208546/76193_103050002003_IMG_01_0000_max_476x317.jpeg; https://media.rightmove.co.uk:443/dir/crop/10:9-16:9/77k/76193/160208546/76193_103050002003_IMG_02_0000_max_476x317.jpeg; https://media.rightmove.co.uk:443/dir/crop/10:9-16:9/77k/76193/160208546/76193_103050002003_IMG_03_0000_max_476x317.jpeg; https://media.rightmove.co.uk:443/dir/crop/10:9-16:9/77k/76193/160208546/76193_103050002003_IMG_04_0000_max_476x317.jpeg; https://media.rightmove.co.uk:443/dir/crop/10:9-16:9/77k/76193/160208546/76193_103050002003_IMG_05_0000_max_476x317.jpeg; https://media.rightmove.co.uk:443/dir/crop/10:9-16:9/77k/76193/160208546/76193_103050002003_IMG_06_0000_max_476x317.jpeg; https://media.rightmove.co.uk:443/dir/crop/10:9-16:9/77k/76193/160208546/76193_103050002003_IMG_07_0000_max_476x317.jpeg; https://media.rightmove.co.uk:443/dir/crop/10:9-16:9/77k/76193/160208546/76193_103050002003_IMG_08_0000_max_476x317.jpeg; https://media.rightmove.co.uk:443/dir/crop/10:9-16:9/77k/76193/160208546/76193_103050002003_IMG_09_0000_max_476x317.jpeg"
"160151195","Suffolk","Warehouse","Unit 6-8, New Court, Wimbledon Avenue, Brandon, Suffolk, IP27 0NZ","£2,729 pcm","From","","","The property consists of 3 trade counter/warehouse units of steel portal frame construction under pitched roof. The units are presently combined into a single unit. One unit remains fitted out as a showroom/trade counter whilst the two remaining units are more clear span warehousing with some off...","https://www.rightmove.co.uk/properties/160151195#/?channel=COM_LET","2025-04-02T13:54:32Z","","new","Marketed by Eddisons Commercial Limited, Bury St. Edmunds","","52.43771","0.608543","https://media.rightmove.co.uk:443/dir/crop/10:9-16:9/237k/236930/160151195/236930_3015890LH_IMG_00_0000_max_476x317.jpeg; https://media.rightmove.co.uk:443/dir/crop/10:9-16:9/237k/236930/160151195/236930_3015890LH_IMG_01_0002_max_476x317.jpeg; https://media.rightmove.co.uk:443/dir/crop/10:9-16:9/237k/236930/160151195/236930_3015890LH_IMG_02_0002_max_476x317.jpeg; https://media.rightmove.co.uk:443/dir/crop/10:9-16:9/237k/236930/160151195/236930_3015890LH_IMG_03_0002_max_476x317.jpeg; https://media.rightmove.co.uk:443/dir/crop/10:9-16:9/237k/236930/160151195/236930_3015890LH_IMG_04_0002_max_476x317.jpeg; https://media.rightmove.co.uk:443/dir/crop/10:9-16:9/237k/236930/160151195/236930_3015890LH_IMG_05_0002_max_476x317.jpeg; https://media.rightmove.co.uk:443/dir/crop/10:9-16:9/237k/236930/160151195/236930_3015890LH_IMG_06_0002_max_476x317.jpeg; https://media.rightmove.co.uk:443/dir/crop/10:9-16:9/237k/236930/160151195/236930_3015890LH_IMG_07_0001_max_476x317.jpeg"
"160144337","Suffolk","Warehouse","Wimbledon Avenue, Brandon, Suffolk, IP27 0NZ","£1,500 pcm","","","","Versatile industrial unit with good sized yard. The property provides industrial space over two bays and benefits from two access doors, 3-phase electrics, florescent strip lighting and sodium lighting, concrete floors and translucent roof lights. Externally there is a secure yard of a good size ...","https://www.rightmove.co.uk/properties/160144337#/?channel=COM_LET","2025-04-02T12:11:41Z","","new","Marketed by Eddisons Commercial Limited, Bury St. Edmunds","","52.437874","0.608994","https://media.rightmove.co.uk:443/dir/crop/10:9-16:9/237k/236930/160144337/236930_3022882LH_IMG_08_0000_max_476x317.jpeg; https://media.rightmove.co.uk:443/dir/crop/10:9-16:9/237k/236930/160144337/236930_3022882LH_IMG_05_0000_max_476x317.jpeg; https://media.rightmove.co.uk:443/dir/crop/10:9-16:9/237k/236930/160144337/236930_3022882LH_IMG_02_0000_max_476x317.jpeg; https://media.rightmove.co.uk:443/dir/crop/10:9-16:9/237k/236930/160144337/236930_3022882LH_IMG_03_0000_max_476x317.jpeg; https://media.rightmove.co.uk:443/dir/crop/10:9-16:9/237k/236930/160144337/236930_3022882LH_IMG_07_0000_max_476x317.jpeg"
"98531180","Suffolk","Serviced Office","Princes Street, Ipswich, Suffolk, IP1 1UR","£129 pcm","From","","4","Join a collaborative coworking environment in Regus Franciscan House","https://www.rightmove.co.uk/properties/98531180#/?channel=COM_LET","2020-10-16T11:08:00Z","","price_reduced","Marketed by IW Group Services (UK) Limited, Regus","","52.05505","1.14897","https://media.rightmove.co.uk:443/dir/crop/10:9-16:9/130k/129853/98531180/129853_UKcw5592_IMG_08_0000_max_476x317.jpeg; https://media.rightmove.co.uk:443/dir/crop/10:9-16:9/130k/129853/98531180/129853_UKcw5592_IMG_06_0001_max_476x317.jpeg; https://media.rightmove.co.uk:443/dir/crop/10:9-16:9/130k/129853/98531180/129853_UKcw5592_IMG_07_0000_max_476x317.jpeg; https://media.rightmove.co.uk:443/dir/crop/10:9-16:9/130k/129853/98531180/129853_UKCw5592_IMG_02_0000_max_476x317.jpg; https://media.rightmove.co.uk:443/dir/crop/10:9-16:9/130k/129853/98531180/129853_UKcw5592_IMG_09_0000_max_476x317.jpeg; https://media.rightmove.co.uk:443/dir/crop/10:9-16:9/130k/129853/98531180/129853_UKcw5592_IMG_10_0000_max_476x317.jpeg; https://media.rightmove.co.uk:443/dir/crop/10:9-16:9/130k/129853/98531180/129853_UKCw5592_IMG_04_0000_max_476x317.jpg; https://media.rightmove.co.uk:443/dir/crop/10:9-16:9/130k/129853/98531180/129853_UKcw5592_IMG_05_0001_max_476x317.jpeg; https://media.rightmove.co.uk:443/dir/crop/10:9-16:9/130k/129853/98531180/129853_UKCw5592_IMG_00_0000_max_476x317.jpg"
"98532200","Suffolk","Serviced Office","Princes Street, Ipswich, Suffolk,IP1 1UR","£219 pcm","From","","4","All-inclusive access to professional office space for 1 person in Regus Franciscan House","https://www.rightmove.co.uk/properties/98532200#/?channel=COM_LET","2020-10-16T11:16:27Z","","price_reduced","Marketed by IW Group Services (UK) Limited, Regus","","52.05505","1.14897","https://media.rightmove.co.uk:443/dir/crop/10:9-16:9/130k/129853/98532200/129853_UK1ws5592_IMG_09_0000_max_476x317.jpeg; https://media.rightmove.co.uk:443/dir/crop/10:9-16:9/130k/129853/98532200/129853_UK1ws5592_IMG_06_0001_max_476x317.jpeg; https://media.rightmove.co.uk:443/dir/crop/10:9-16:9/130k/129853/98532200/129853_UK1ws5592_IMG_10_0000_max_476x317.jpeg; https://media.rightmove.co.uk:443/dir/crop/10:9-16:9/130k/129853/98532200/129853_UK1ws5592_IMG_08_0000_max_476x317.jpeg; https://media.rightmove.co.uk:443/dir/crop/10:9-16:9/130k/129853/98532200/129853_UK1ws5592_IMG_11_0000_max_476x317.jpeg; https://media.rightmove.co.uk:443/dir/crop/10:9-16:9/130k/129853/98532200/129853_UK1ws5592_IMG_12_0000_max_476x317.jpeg; https://media.rightmove.co.uk:443/dir/crop/10:9-16:9/130k/129853/98532200/129853_UK1ws5592_IMG_13_0000_max_476x317.jpeg; https://media.rightmove.co.uk:443/dir/crop/10:9-16:9/130k/129853/98532200/129853_UK1ws5592_IMG_02_0000_max_476x317.jpg; https://media.rightmove.co.uk:443/dir/crop/10:9-16:9/130k/129853/98532200/129853_UK1ws5592_IMG_05_0000_max_476x317.jpg; https://media.rightmove.co.uk:443/dir/crop/10:9-16:9/130k/129853/98532200/129853_UK1ws5592_IMG_07_0001_max_476x317.jpeg; https://media.rightmove.co.uk:443/dir/crop/10:9-16:9/130k/129853/98532200/129853_UK1ws5592_IMG_04_0000_max_476x317.jpg"
"98532809","Suffolk","Serviced Office","Princes Street, Ipswich, Suffolk, IP1 1UR","£429 pcm","From","","4","Private office space for 3 people in Regus Franciscan House","https://www.rightmove.co.uk/properties/98532809#/?channel=COM_LET","2020-10-16T11:25:36Z","","price_reduced","Marketed by IW Group Services (UK) Limited, Regus","","52.05505","1.14897","https://media.rightmove.co.uk:443/dir/crop/10:9-16:9/130k/129853/98532809/129853_UK3ws5592_IMG_07_0000_max_476x317.jpeg; https://media.rightmove.co.uk:443/dir/crop/10:9-16:9/130k/129853/98532809/129853_UK3ws5592_IMG_11_0000_max_476x317.jpeg; https://media.rightmove.co.uk:443/dir/crop/10:9-16:9/130k/129853/98532809/129853_UK3ws5592_IMG_13_0000_max_476x317.jpeg; https://media.rightmove.co.uk:443/dir/crop/10:9-16:9/130k/129853/98532809/129853_UK3ws5592_IMG_15_0000_max_476x317.jpeg; https://media.rightmove.co.uk:443/dir/crop/10:9-16:9/130k/129853/98532809/129853_UK3ws5592_IMG_17_0000_max_476x317.jpeg; https://media.rightmove.co.uk:443/dir/crop/10:9-16:9/130k/129853/98532809/129853_UK3ws5592_IMG_09_0000_max_476x317.jpeg; https://media.rightmove.co.uk:443/dir/crop/10:9-16:9/130k/129853/98532809/129853_UK3ws5592_IMG_14_0000_max_476x317.jpeg; https://media.rightmove.co.uk:443/dir/crop/10:9-16:9/130k/129853/98532809/129853_UK3ws5592_IMG_16_0000_max_476x317.jpeg; https://media.rightmove.co.uk:443/dir/crop/10:9-16:9/130k/129853/98532809/129853_UK3ws5592_IMG_08_0000_max_476x317.jpeg; https://media.rightmove.co.uk:443/dir/crop/10:9-16:9/130k/129853/98532809/129853_UK3ws5592_IMG_10_0000_max_476x317.jpeg; https://media.rightmove.co.uk:443/dir/crop/10:9-16:9/130k/129853/98532809/129853_UK3ws5592_IMG_12_0000_max_476x317.jpeg"
"98533100","Suffolk","Serviced Office","Princes Street, Ipswich, Suffolk, IP1 1UR","£889 pcm","From","","4","Private office space for 5 people in Regus Franciscan House","https://www.rightmove.co.uk/properties/98533100#/?channel=COM_LET","2020-10-16T11:30:40Z","","price_reduced","Marketed by IW Group Services (UK) Limited, Regus","","52.05505","1.14897","https://media.rightmove.co.uk:443/dir/crop/10:9-16:9/130k/129853/98533100/129853_UK5ws5592_IMG_00_0000_max_476x317.jpg; https://media.rightmove.co.uk:443/dir/crop/10:9-16:9/130k/129853/98533100/129853_UK5ws5592_IMG_05_0001_max_476x317.jpeg; https://media.rightmove.co.uk:443/dir/crop/10:9-16:9/130k/129853/98533100/129853_UK5ws5592_IMG_06_0000_max_476x317.jpeg; https://media.rightmove.co.uk:443/dir/crop/10:9-16:9/130k/129853/98533100/129853_UK5ws5592_IMG_03_0001_max_476x317.jpeg; https://media.rightmove.co.uk:443/dir/crop/10:9-16:9/130k/129853/98533100/129853_UK5ws5592_IMG_09_0000_max_476x317.jpeg; https://media.rightmove.co.uk:443/dir/crop/10:9-16:9/130k/129853/98533100/129853_UK5ws5592_IMG_08_0000_max_476x317.jpeg; https://media.rightmove.co.uk:443/dir/crop/10:9-16:9/130k/129853/98533100/129853_UK5ws5592_IMG_07_0000_max_476x317.jpeg; https://media.rightmove.co.uk:443/dir/crop/10:9-16:9/130k/129853/98533100/129853_UK5ws5592_IMG_01_0001_max_476x317.jpeg; https://media.rightmove.co.uk:443/dir/crop/10:9-16:9/130k/129853/98533100/129853_UK5ws5592_IMG_02_0001_max_476x317.jpeg; https://media.rightmove.co.uk:443/dir/crop/10:9-16:9/130k/129853/98533100/129853_UK5ws5592_IMG_04_0001_max_476x317.jpeg"
"98533334","Suffolk","Serviced Office","Princes Street, Ipswich, Suffolk, IP1 1UR","£1,939 pcm","From","","4","Move into ready-to-use open plan office space for 10 people in Regus Franciscan House","https://www.rightmove.co.uk/properties/98533334#/?channel=COM_LET","2020-10-16T11:37:19Z","","price_reduced","Marketed by IW Group Services (UK) Limited, Regus","","52.05505","1.14897","https://media.rightmove.co.uk:443/dir/crop/10:9-16:9/130k/129853/98533334/129853_UKOp5592_IMG_00_0000_max_476x317.jpg; https://media.rightmove.co.uk:443/dir/crop/10:9-16:9/130k/129853/98533334/129853_UKop5592_IMG_08_0000_max_476x317.jpeg; https://media.rightmove.co.uk:443/dir/crop/10:9-16:9/130k/129853/98533334/129853_UKop5592_IMG_09_0000_max_476x317.jpeg; https://media.rightmove.co.uk:443/dir/crop/10:9-16:9/130k/129853/98533334/129853_UKop5592_IMG_07_0001_max_476x317.jpeg; https://media.rightmove.co.uk:443/dir/crop/10:9-16:9/130k/129853/98533334/129853_UKop5592_IMG_11_0000_max_476x317.jpeg; https://media.rightmove.co.uk:443/dir/crop/10:9-16:9/130k/129853/98533334/129853_UKop5592_IMG_12_0000_max_476x317.jpeg; https://media.rightmove.co.uk:443/dir/crop/10:9-16:9/130k/129853/98533334/129853_UKop5592_IMG_10_0000_max_476x317.jpeg; https://media.rightmove.co.uk:443/dir/crop/10:9-16:9/130k/129853/98533334/129853_UKop5592_IMG_13_0000_max_476x317.jpeg; https://media.rightmove.co.uk:443/dir/crop/10:9-16:9/130k/129853/98533334/129853_UKOp5592_IMG_05_0000_max_476x317.jpg; https://media.rightmove.co.uk:443/dir/crop/10:9-16:9/130k/129853/98533334/129853_UKOp5592_IMG_04_0000_max_476x317.jpg; https://media.rightmove.co.uk:443/dir/crop/10:9-16:9/130k/129853/98533334/129853_UKop5592_IMG_06_0001_max_476x317.jpeg"
"167973167","Suffolk","Light Industrial","Various Units Available, Multipark Stanton , Stanton","POA","","","","Stanton is located near the market town of Bury St Edmunds in north Suffolk, at the heart of East Anglia. It is approximately 28 miles east of Cambridge, 28 miles north-west of Ipswich and 80 miles north-east of London. The estate is situated just 0.4 miles south of ...","https://www.rightmove.co.uk/properties/167973167#/?channel=COM_LET","2025-10-08T10:53:49Z","","new","Marketed by LCP, Commercial","","52.32139","0.92408","https://media.rightmove.co.uk:443/dir/crop/10:9-16:9/230k/229553/167973167/229553_67ab7ca19889f361ec0d1071_2_229_IMG_04_0000_max_476x317.jpeg; https://media.rightmove.co.uk:443/dir/crop/10:9-16:9/230k/229553/167973167/229553_67ab7ca19889f361ec0d1071_2_229_IMG_05_0000_max_476x317.jpeg; https://media.rightmove.co.uk:443/dir/crop/10:9-16:9/230k/229553/167973167/229553_67ab7ca19889f361ec0d1071_2_229_IMG_06_0000_max_476x317.jpeg; https://media.rightmove.co.uk:443/dir/crop/10:9-16:9/230k/229553/167973167/229553_67ab7ca19889f361ec0d1071_2_229_IMG_07_0000_max_476x317.jpeg; https://media.rightmove.co.uk:443/dir/crop/10:9-16:9/230k/229553/167973167/229553_67ab7ca19889f361ec0d1071_2_229_IMG_00_0000_max_476x317.jpeg; https://media.rightmove.co.uk:443/dir/crop/10:9-16:9/230k/229553/167973167/229553_67ab7ca19889f361ec0d1071_2_229_IMG_01_0000_max_476x317.jpeg; https://media.rightmove.co.uk:443/dir/crop/10:9-16:9/230k/229553/167973167/229553_67ab7ca19889f361ec0d1071_2_229_IMG_02_0000_max_476x317.jpeg; https://media.rightmove.co.uk:443/dir/crop/10:9-16:9/230k/229553/167973167/229553_67ab7ca19889f361ec0d1071_2_229_IMG_03_0000_max_476x317.jpeg"
"159972026","Suffolk","Retail Property (out of town)","Unit B, 9 Sorley Road, Suffolk Central Business Park, Stowmarket, Suffolk, IP14","£1,500 pcm","","","","Unit B provides a newly constructed self-contained retail unit in a shell condition ready for tenant fit-out. The unit is arranged to provide a main retail/trading area together with WC to the rear. The property benefits from a fully glazed frontage onto Sorley Road. Access is via a personnel d...","https://www.rightmove.co.uk/properties/159972026#/?channel=COM_LET","2025-03-28T16:53:04Z","","new","Marketed by Fenn Wright, Ipswich Commercial Sales and Lettings","","52.201174","0.981903","https://media.rightmove.co.uk:443/dir/crop/10:9-16:9/162k/161330/159972026/161330_14870661LH_IMG_00_0000_max_476x317.jpeg; https://media.rightmove.co.uk:443/dir/crop/10:9-16:9/162k/161330/159972026/161330_14870661LH_IMG_01_0000_max_476x317.jpeg; https://media.rightmove.co.uk:443/dir/crop/10:9-16:9/162k/161330/159972026/161330_14870661LH_IMG_02_0000_max_476x317.jpeg; https://media.rightmove.co.uk:443/dir/crop/10:9-16:9/162k/161330/159972026/161330_14870661LH_IMG_03_0000_max_476x317.jpeg; https://media.rightmove.co.uk:443/dir/crop/10:9-16:9/162k/161330/159972026/161330_14870661LH_IMG_04_0000_max_476x317.jpeg; https://media.rightmove.co.uk:443/dir/crop/10:9-16:9/162k/161330/159972026/161330_14870661LH_IMG_05_0000_max_476x317.jpeg"
"159934157","Suffolk","Light Industrial","Drover House Dettingen Way, Bury St. Edmunds, IP33 3TU","£7,917 pcm","","","","The warehouse is located in a prominent position to the West of Bury St edmunds. The building is on Dettingen Way on the Blenheim Industrial Estate, off Newmarket Road between Bury St Edmunds town centre and the A14. The unit is predominantly an open plan Warehouse space. The unit benefits from ...","https://www.rightmove.co.uk/properties/159934157#/?channel=COM_LET","2025-03-28T09:42:06Z","","new","Marketed by Merrifields, Suffolk","","52.247784","0.687077","https://media.rightmove.co.uk:443/dir/crop/10:9-16:9/property-photo/03cb4c0be/159934157/03cb4c0bef68ba207cf7cca91f55c52b_max_476x317.jpeg; https://media.rightmove.co.uk:443/dir/crop/10:9-16:9/property-photo/6040dd2bc/159934157/6040dd2bc191f8e6e56ca7bcdc5dabe1_max_476x317.jpeg; https://media.rightmove.co.uk:443/dir/crop/10:9-16:9/property-photo/9755b8c7f/159934157/9755b8c7f23b3c551d74f58b9432443f_max_476x317.jpeg; https://media.rightmove.co.uk:443/dir/crop/10:9-16:9/property-photo/423f93c6b/159934157/423f93c6be194da2b22ef63da3f18db4_max_476x317.jpeg; https://media.rightmove.co.uk:443/dir/crop/10:9-16:9/property-photo/641773a6a/159934157/641773a6a10d651f840986e7172cf5ec_max_476x317.jpeg"
"154694303","Suffolk","Restaurant","Albion Wharf, College Street, Ipswich, Suffolk, IP4 1FT","POA","","","","Ipswich is one of East Anglia's most important commercial centres with a catchment population of about 350,000. The town benefits from excellent transport links, with the A12 and A14 providing direct access to the M25, the Midlands, and London. Ipswich train station offers frequent services to Lo...","https://www.rightmove.co.uk/properties/154694303#/?channel=COM_LET","2024-11-07T09:39:56Z","","new","Marketed by Fenn Wright, Ipswich Commercial Sales and Lettings","","52.052075","1.156079","https://media.rightmove.co.uk:443/dir/crop/10:9-16:9/162k/161330/154694303/161330_14870556LH_IMG_00_0000_max_476x317.jpeg; https://media.rightmove.co.uk:443/dir/crop/10:9-16:9/162k/161330/154694303/161330_14870556LH_IMG_01_0000_max_476x317.jpeg; https://media.rightmove.co.uk:443/dir/crop/10:9-16:9/162k/161330/154694303/161330_14870556LH_IMG_02_0000_max_476x317.jpeg; https://media.rightmove.co.uk:443/dir/crop/10:9-16:9/162k/161330/154694303/161330_14870556LH_IMG_03_0000_max_476x317.jpeg; https://media.rightmove.co.uk:443/dir/crop/10:9-16:9/162k/161330/154694303/161330_14870556LH_IMG_04_0000_max_476x317.jpeg"
"50263296","Suffolk","Serviced Office","The Havens, Ipswich, Suffolk, IP3","£295 pcm","From","","4","All-inclusive access to professional office space for 1 person in Basepoint Ransomes Europark","https://www.rightmove.co.uk/properties/50263296#/?channel=COM_LET","2017-08-29T16:52:23Z","","price_reduced","Marketed by Basepoint, Basepoint","","52.02923","1.22085","https://media.rightmove.co.uk:443/dir/crop/10:9-16:9/property-photo/11e221bb0/50263296/11e221bb0e6a254fac72faf6315f053b_max_476x317.jpeg; https://media.rightmove.co.uk:443/dir/crop/10:9-16:9/property-photo/30c1ce8b7/50263296/30c1ce8b7ffebfc3372f190f5fa7806b_max_476x317.jpeg; https://media.rightmove.co.uk:443/dir/crop/10:9-16:9/property-photo/8d15c57be/50263296/8d15c57be9aa24e22bdec075d45f7bce_max_476x317.jpeg; https://media.rightmove.co.uk:443/dir/crop/10:9-16:9/property-photo/b0fe752a6/50263296/b0fe752a66bc333a6e7e4f938c8f227a_max_476x317.jpeg; https://media.rightmove.co.uk:443/dir/crop/10:9-16:9/property-photo/e76fc95d7/50263296/e76fc95d78f345d6911241abf1b4a00e_max_476x317.jpeg; https://media.rightmove.co.uk:443/dir/crop/10:9-16:9/property-photo/e6beb0f79/50263296/e6beb0f7986a15b491f1775e72444d36_max_476x317.jpeg; https://media.rightmove.co.uk:443/dir/crop/10:9-16:9/property-photo/acbc500b5/50263296/acbc500b52bad80edec0f9b7cf88599d_max_476x317.jpeg"
"68600867","Suffolk","Serviced Office","The Havens, Ipswich, Suffolk, IP3","£495 pcm","From","","4","Private office space for 5 people in Basepoint Ransomes Europark","https://www.rightmove.co.uk/properties/68600867#/?channel=COM_LET","2017-08-30T18:10:11Z","","price_reduced","Marketed by Basepoint, Basepoint","","52.02923","1.22085","https://media.rightmove.co.uk:443/dir/crop/10:9-16:9/71k/70551/68600867/70551_UK5ws4544_IMG_10_0002_max_476x317.jpeg; https://media.rightmove.co.uk:443/dir/crop/10:9-16:9/71k/70551/68600867/70551_UK5ws4544_IMG_02_0001_max_476x317.jpeg; https://media.rightmove.co.uk:443/dir/crop/10:9-16:9/71k/70551/68600867/70551_UK5ws4544_IMG_11_0001_max_476x317.jpeg; https://media.rightmove.co.uk:443/dir/crop/10:9-16:9/71k/70551/68600867/70551_UK5ws4544_IMG_00_0001_max_476x317.jpeg; https://media.rightmove.co.uk:443/dir/crop/10:9-16:9/71k/70551/68600867/70551_UK5ws4544_IMG_09_0002_max_476x317.jpeg; https://media.rightmove.co.uk:443/dir/crop/10:9-16:9/71k/70551/68600867/70551_UK5ws4544_IMG_06_0001_max_476x317.jpeg; https://media.rightmove.co.uk:443/dir/crop/10:9-16:9/71k/70551/68600867/70551_UK5ws4544_IMG_03_0001_max_476x317.jpeg; https://media.rightmove.co.uk:443/dir/crop/10:9-16:9/71k/70551/68600867/70551_UK5ws4544_IMG_08_0001_max_476x317.jpeg"
"68600924","Suffolk","Serviced Office","The Havens, Ipswich, Suffolk, IP3","£999 pcm","From","","4","Move into ready-to-use open plan office space for 10 people in Basepoint Ransomes Europark","https://www.rightmove.co.uk/properties/68600924#/?channel=COM_LET","2017-08-30T18:13:18Z","","price_reduced","Marketed by Basepoint, Basepoint","","52.02923","1.22085","https://media.rightmove.co.uk:443/dir/crop/10:9-16:9/71k/70551/68600924/70551_UKop4544_IMG_06_0001_max_476x317.jpeg; https://media.rightmove.co.uk:443/dir/crop/10:9-16:9/71k/70551/68600924/70551_UKop4544_IMG_02_0001_max_476x317.jpeg; https://media.rightmove.co.uk:443/dir/crop/10:9-16:9/71k/70551/68600924/70551_UKop4544_IMG_05_0001_max_476x317.jpeg; https://media.rightmove.co.uk:443/dir/crop/10:9-16:9/71k/70551/68600924/70551_UKop4544_IMG_00_0001_max_476x317.jpeg; https://media.rightmove.co.uk:443/dir/crop/10:9-16:9/71k/70551/68600924/70551_UKop4544_IMG_03_0001_max_476x317.jpeg; https://media.rightmove.co.uk:443/dir/crop/10:9-16:9/71k/70551/68600924/70551_UKop4544_IMG_08_0001_max_476x317.jpeg; https://media.rightmove.co.uk:443/dir/crop/10:9-16:9/71k/70551/68600924/70551_UKop4544_IMG_09_0002_max_476x317.jpeg; https://media.rightmove.co.uk:443/dir/crop/10:9-16:9/71k/70551/68600924/70551_UKop4544_IMG_10_0002_max_476x317.jpeg"
"721783106408320","Suffolk","Mixed Use","Denmark House, Studlands Park Industrial Estate, Newmarket, CB8 7EB","POA","","","","AVAILABLE Q4 2022","https://www.rightmove.co.uk/properties/721783106408320#/?channel=COM_LET","2025-11-27T12:08:10Z","","new","Marketed by M1 Agency LLP, London","","52.258819","0.388369","https://media.rightmove.co.uk:443/dir/crop/10:9-16:9/288k/287471/721783106408320/287471_103502-2_IMG_00_0000_max_476x317.jpeg; https://media.rightmove.co.uk:443/dir/crop/10:9-16:9/288k/287471/721783106408320/287471_103502-2_IMG_01_0000_max_476x317.jpeg; https://media.rightmove.co.uk:443/dir/crop/10:9-16:9/288k/287471/721783106408320/287471_103502-2_IMG_02_0000_max_476x317.jpeg"
"168430946","Suffolk","Retail Property (high street)","21 High Street , Ixworth","£625 pcm","","","","Ground floor shop with access off the High Street, good size retail windows facing out onto the High Street. Rear kitchen, WC and side store to the rear.","https://www.rightmove.co.uk/properties/168430946#/?channel=COM_LET","2025-10-21T12:33:04Z","","new","Marketed by Durrants, Commercial","","52.298046","0.832203","https://media.rightmove.co.uk:443/dir/crop/10:9-16:9/122k/121819/168430946/121819_33763932_IMG_00_0000_max_476x317.jpeg; https://media.rightmove.co.uk:443/dir/crop/10:9-16:9/122k/121819/168430946/121819_33763932_IMG_01_0000_max_476x317.jpeg; https://media.rightmove.co.uk:443/dir/crop/10:9-16:9/122k/121819/168430946/121819_33763932_IMG_02_0000_max_476x317.jpeg; https://media.rightmove.co.uk:443/dir/crop/10:9-16:9/122k/121819/168430946/121819_33763932_IMG_03_0000_max_476x317.jpeg; https://media.rightmove.co.uk:443/dir/crop/10:9-16:9/122k/121819/168430946/121819_33763932_IMG_04_0000_max_476x317.jpeg; https://media.rightmove.co.uk:443/dir/crop/10:9-16:9/122k/121819/168430946/121819_33763932_IMG_05_0000_max_476x317.jpeg; https://media.rightmove.co.uk:443/dir/crop/10:9-16:9/122k/121819/168430946/121819_33763932_IMG_06_0000_max_476x317.jpeg; https://media.rightmove.co.uk:443/dir/crop/10:9-16:9/122k/121819/168430946/121819_33763932_IMG_07_0000_max_476x317.jpeg; https://media.rightmove.co.uk:443/dir/crop/10:9-16:9/122k/121819/168430946/121819_33763932_IMG_08_0000_max_476x317.jpeg"
"159753419","Suffolk","Retail Property (high street)","Newgate, Beccles","£3,333 pcm","","","","An exceptional opportunity to secure a prominent and versatile ground floor retail unit in the heart of Beccles, a vibrant and historic market town. Formerly occupied by Iceland Foods Ltd, this substantial unit benefits from a prime position directly opposite the Tesco superstore, with public par...","https://www.rightmove.co.uk/properties/159753419#/?channel=COM_LET","2025-03-24T16:14:49Z","","new","Marketed by Steel & Co Commercial Property Services, Lowestoft","","52.459206","1.564227","https://media.rightmove.co.uk:443/dir/crop/10:9-16:9/66k/65427/159753419/65427_11984114_IMG_00_0000_max_476x317.jpeg; https://media.rightmove.co.uk:443/dir/crop/10:9-16:9/66k/65427/159753419/65427_11984114_IMG_01_0000_max_476x317.jpeg; https://media.rightmove.co.uk:443/dir/crop/10:9-16:9/66k/65427/159753419/65427_11984114_IMG_02_0000_max_476x317.jpeg; https://media.rightmove.co.uk:443/dir/crop/10:9-16:9/66k/65427/159753419/65427_11984114_IMG_03_0000_max_476x317.jpeg"
"87110829","Suffolk","Commercial Property","Riverside Road, Lowestoft","£1,000 pcm","","","","To Lease: Versatile Office Suites We are delighted to present this suite of three offices, situated on the Riverside Road Estate, conveniently located close to Lowestoft’s town centre. Flexible Leasing Options: These offices are ideal for a variety of businesses and are available eith...","https://www.rightmove.co.uk/properties/87110829#/?channel=COM_LET","2025-03-24T10:57:00Z","","new","Marketed by Steel & Co Commercial Property Services, Lowestoft","","52.472809","1.735694","https://media.rightmove.co.uk:443/dir/crop/10:9-16:9/66k/65427/87110829/65427_8649862_IMG_00_0000_max_476x317.jpeg; https://media.rightmove.co.uk:443/dir/crop/10:9-16:9/66k/65427/87110829/65427_8649862_IMG_01_0000_max_476x317.jpeg; https://media.rightmove.co.uk:443/dir/crop/10:9-16:9/66k/65427/87110829/65427_8649862_IMG_02_0000_max_476x317.jpeg; https://media.rightmove.co.uk:443/dir/crop/10:9-16:9/66k/65427/87110829/65427_8649862_IMG_03_0000_max_476x317.jpeg"
"721604166983248","Suffolk","Office","Third Floor Offices, 40-41 Abbeygate Street, Bury St. Edmunds, IP33 1LW","£833 pcm","","","","Third Floor Town Centre Offices","https://www.rightmove.co.uk/properties/721604166983248#/?channel=COM_LET","2025-11-26T12:11:07Z","","new","Marketed by Hazells, Bury St Edmunds","","52.244752","0.714822","https://media.rightmove.co.uk:443/dir/crop/10:9-16:9/287k/286808/721604166983248/286808_290180-2_IMG_00_0000_max_476x317.jpeg; https://media.rightmove.co.uk:443/dir/crop/10:9-16:9/287k/286808/721604166983248/286808_290180-2_IMG_02_0000_max_476x317.jpeg; https://media.rightmove.co.uk:443/dir/crop/10:9-16:9/287k/286808/721604166983248/286808_290180-2_IMG_03_0000_max_476x317.jpeg; https://media.rightmove.co.uk:443/dir/crop/10:9-16:9/287k/286808/721604166983248/286808_290180-2_IMG_01_0000_max_476x317.jpeg"
"159705470","Suffolk","Retail Property (high street)","Butter Market, Ipswich, IP1 1BT","£3,333 pcm","","","","A landmark Grade I Listed building in Ipswich Town Centre offering 775sqm of retail/commercial space.","https://www.rightmove.co.uk/properties/159705470#/?channel=COM_LET","2025-03-21T15:34:14Z","","new","Marketed by Clarke and Simpson Commercial, Framlingham","","52.056931","1.155814","https://media.rightmove.co.uk:443/dir/crop/10:9-16:9/222k/221414/159705470/221414_L104708_IMG_00_0000_max_476x317.jpeg; https://media.rightmove.co.uk:443/dir/crop/10:9-16:9/222k/221414/159705470/221414_L104708_IMG_01_0000_max_476x317.jpeg; https://media.rightmove.co.uk:443/dir/crop/10:9-16:9/222k/221414/159705470/221414_L104708_IMG_02_0000_max_476x317.jpeg; https://media.rightmove.co.uk:443/dir/crop/10:9-16:9/222k/221414/159705470/221414_L104708_IMG_03_0000_max_476x317.jpeg; https://media.rightmove.co.uk:443/dir/crop/10:9-16:9/222k/221414/159705470/221414_L104708_IMG_04_0000_max_476x317.jpeg; https://media.rightmove.co.uk:443/dir/crop/10:9-16:9/222k/221414/159705470/221414_L104708_IMG_05_0000_max_476x317.jpeg; https://media.rightmove.co.uk:443/dir/crop/10:9-16:9/222k/221414/159705470/221414_L104708_IMG_06_0000_max_476x317.jpeg; https://media.rightmove.co.uk:443/dir/crop/10:9-16:9/222k/221414/159705470/221414_L104708_IMG_07_0000_max_476x317.jpeg; https://media.rightmove.co.uk:443/dir/crop/10:9-16:9/222k/221414/159705470/221414_L104708_IMG_08_0000_max_476x317.jpeg; https://media.rightmove.co.uk:443/dir/crop/10:9-16:9/222k/221414/159705470/221414_L104708_IMG_09_0000_max_476x317.jpeg; https://media.rightmove.co.uk:443/dir/crop/10:9-16:9/222k/221414/159705470/221414_L104708_IMG_10_0000_max_476x317.jpeg; https://media.rightmove.co.uk:443/dir/crop/10:9-16:9/222k/221414/159705470/221414_L104708_IMG_11_0000_max_476x317.jpeg; https://media.rightmove.co.uk:443/dir/crop/10:9-16:9/222k/221414/159705470/221414_L104708_IMG_12_0000_max_476x317.jpeg; https://media.rightmove.co.uk:443/dir/crop/10:9-16:9/222k/221414/159705470/221414_L104708_IMG_13_0000_max_476x317.jpeg; https://media.rightmove.co.uk:443/dir/crop/10:9-16:9/222k/221414/159705470/221414_L104708_IMG_14_0000_max_476x317.jpeg; https://media.rightmove.co.uk:443/dir/crop/10:9-16:9/222k/221414/159705470/221414_L104708_IMG_15_0000_max_476x317.jpeg; https://media.rightmove.co.uk:443/dir/crop/10:9-16:9/222k/221414/159705470/221414_L104708_IMG_16_0000_max_476x317.jpeg; https://media.rightmove.co.uk:443/dir/crop/10:9-16:9/222k/221414/159705470/221414_L104708_IMG_17_0000_max_476x317.jpeg"
"159703439","Suffolk","Office","High Street, Haverhill, Suffolk, CB9","£750 pcm","","","1","3 Month rent free3rd Floor open plan office in town centre location","https://www.rightmove.co.uk/properties/159703439#/?channel=COM_LET","2025-03-21T15:14:33Z","","new","Marketed by Preview Property Services, Haverhill","","52.08234","0.4384","https://media.rightmove.co.uk:443/dir/crop/10:9-16:9/278k/277625/159703439/277625_room84_IMG_03_0001_max_476x317.jpeg; https://media.rightmove.co.uk:443/dir/crop/10:9-16:9/278k/277625/159703439/277625_room84_IMG_01_0000_max_476x317.jpeg; https://media.rightmove.co.uk:443/dir/crop/10:9-16:9/278k/277625/159703439/277625_room84_IMG_02_0000_max_476x317.jpeg; https://media.rightmove.co.uk:443/dir/crop/10:9-16:9/278k/277625/159703439/277625_room84_IMG_04_0001_max_476x317.jpeg"
"159702335","Suffolk","Office","Haverhill, Suffolk, CB9","£521 pcm","","","1","3 Month rent freeCharacter office to let in Haverhill Town Centre location","https://www.rightmove.co.uk/properties/159702335#/?channel=COM_LET","2025-03-21T15:03:55Z","","new","Marketed by Preview Property Services, Haverhill","","52.08293","0.43892","https://media.rightmove.co.uk:443/dir/crop/10:9-16:9/278k/277625/159702335/277625_Room83_IMG_00_0002_max_476x317.jpeg; https://media.rightmove.co.uk:443/dir/crop/10:9-16:9/278k/277625/159702335/277625_Room83_IMG_01_0002_max_476x317.jpeg; https://media.rightmove.co.uk:443/dir/crop/10:9-16:9/278k/277625/159702335/277625_Room83_IMG_02_0002_max_476x317.jpeg"
"159700607","Suffolk","Office","High Street, Haverhill, Suffolk, CB9","£900 pcm","","","1","3 Months rent free period2nd Floor office to let in Chauntry Mills, Haverhill Town centre - fully refurbished, inclusive of utilities ","https://www.rightmove.co.uk/properties/159700607#/?channel=COM_LET","2025-03-21T14:52:53Z","","new","Marketed by Preview Property Services, Haverhill","","52.08234","0.4384","https://media.rightmove.co.uk:443/dir/crop/10:9-16:9/278k/277625/159700607/277625_Room77a_IMG_00_0000_max_476x317.jpeg; https://media.rightmove.co.uk:443/dir/crop/10:9-16:9/278k/277625/159700607/277625_Room77a_IMG_03_0000_max_476x317.jpeg; https://media.rightmove.co.uk:443/dir/crop/10:9-16:9/278k/277625/159700607/277625_Room77a_IMG_04_0000_max_476x317.jpeg; https://media.rightmove.co.uk:443/dir/crop/10:9-16:9/278k/277625/159700607/277625_Room77a_IMG_05_0000_max_476x317.jpeg; https://media.rightmove.co.uk:443/dir/crop/10:9-16:9/278k/277625/159700607/277625_Room77a_IMG_06_0002_max_476x317.jpeg"
"158831717","Suffolk","Office","Rolfes Farm, Wickhambrook, Newmarket, Suffolk, CB8 8UL","POA","","","","Rolfes Farm is located in Wickhambrook in Suffolk, close to the A143. The Barn is of timber frame with part timber clad elevations and part flint/brick elevation. There is a pitched tile roof. The building has potential to be converted to a commercial use on the basis of achieving the necessary p...","https://www.rightmove.co.uk/properties/158831717#/?channel=COM_LET","2025-02-28T12:14:21Z","","size_change","Marketed by Merrifields, Suffolk","","52.163816","0.558098","https://media.rightmove.co.uk:443/dir/crop/10:9-16:9/122k/121468/158831717/121468_2064LH_IMG_00_0000_max_476x317.jpeg; https://media.rightmove.co.uk:443/dir/crop/10:9-16:9/122k/121468/158831717/121468_2064LH_IMG_07_0000_max_476x317.jpeg; https://media.rightmove.co.uk:443/dir/crop/10:9-16:9/122k/121468/158831717/121468_2064LH_IMG_03_0000_max_476x317.jpeg; https://media.rightmove.co.uk:443/dir/crop/10:9-16:9/122k/121468/158831717/121468_2064LH_IMG_01_0000_max_476x317.jpeg; https://media.rightmove.co.uk:443/dir/crop/10:9-16:9/122k/121468/158831717/121468_2064LH_IMG_05_0000_max_476x317.jpeg; https://media.rightmove.co.uk:443/dir/crop/10:9-16:9/122k/121468/158831717/121468_2064LH_IMG_08_0000_max_476x317.jpeg; https://media.rightmove.co.uk:443/dir/crop/10:9-16:9/122k/121468/158831717/121468_2064LH_IMG_09_0000_max_476x317.jpeg; https://media.rightmove.co.uk:443/dir/crop/10:9-16:9/122k/121468/158831717/121468_2064LH_IMG_10_0000_max_476x317.jpeg"
"159668465","Suffolk","Commercial Property","Site Southwold Road, IP19","£1,042 pcm","","","","Modern light industrial estate on small clean estate, close to the A12. 10,000 sq ft of mainly unsurfaced ground which will have a compacted type 1 finish.Rent £1.25 per sq ft. Landlord will supply mains water, single or 3 phase electricity and phone connection.","https://www.rightmove.co.uk/properties/159668465#/?channel=COM_LET","2025-03-20T13:48:05Z","","new","Marketed by Fennel Chartered Surveyors, Halesworth","","52.34057","1.52561","https://media.rightmove.co.uk:443/dir/crop/10:9-16:9/118k/117463/159668465/117463_tobinsite_IMG_03_0000_max_476x317.jpeg; https://media.rightmove.co.uk:443/dir/crop/10:9-16:9/118k/117463/159668465/117463_tobinsite_IMG_06_0000_max_476x317.jpeg; https://media.rightmove.co.uk:443/dir/crop/10:9-16:9/118k/117463/159668465/117463_tobinsite_IMG_01_0000_max_476x317.jpeg; https://media.rightmove.co.uk:443/dir/crop/10:9-16:9/118k/117463/159668465/117463_tobinsite_IMG_07_0000_max_476x317.jpeg; https://media.rightmove.co.uk:443/dir/crop/10:9-16:9/118k/117463/159668465/117463_tobinsite_IMG_00_0000_max_476x317.jpeg; https://media.rightmove.co.uk:443/dir/crop/10:9-16:9/118k/117463/159668465/117463_tobinsite_IMG_02_0000_max_476x317.jpeg; https://media.rightmove.co.uk:443/dir/crop/10:9-16:9/118k/117463/159668465/117463_tobinsite_IMG_04_0000_max_476x317.jpeg; https://media.rightmove.co.uk:443/dir/crop/10:9-16:9/118k/117463/159668465/117463_tobinsite_IMG_05_0000_max_476x317.jpeg; https://media.rightmove.co.uk:443/dir/crop/10:9-16:9/118k/117463/159668465/117463_tobinsite_IMG_08_0000_max_476x317.jpeg; https://media.rightmove.co.uk:443/dir/crop/10:9-16:9/118k/117463/159668465/117463_tobinsite_IMG_09_0000_max_476x317.jpeg; https://media.rightmove.co.uk:443/dir/crop/10:9-16:9/118k/117463/159668465/117463_tobinsite_IMG_10_0000_max_476x317.jpeg; https://media.rightmove.co.uk:443/dir/crop/10:9-16:9/118k/117463/159668465/117463_tobinsite_IMG_11_0000_max_476x317.jpeg"
"167972006","Suffolk","Shop","Unit 3, The Britten Centre, Lowestoft","£2,083 pcm","","","","Built in 1987, the subject premises is a locally renowned shopping centre in the heart of Lowestoft. In total The Britten Centre offers 19 retail units including Iceland and Poundland. Two shop units within the scheme also benefit from frontage to London ...","https://www.rightmove.co.uk/properties/167972006#/?channel=COM_LET","2025-10-08T10:44:15Z","","new","Marketed by LCP, Commercial","","52.47662","1.75156","https://media.rightmove.co.uk:443/dir/crop/10:9-16:9/230k/229553/167972006/229553_6659febe2af91879f7e3753f_2_137_IMG_02_0000_max_476x317.jpeg; https://media.rightmove.co.uk:443/dir/crop/10:9-16:9/230k/229553/167972006/229553_6659febe2af91879f7e3753f_2_137_IMG_01_0000_max_476x317.jpeg; https://media.rightmove.co.uk:443/dir/crop/10:9-16:9/230k/229553/167972006/229553_6659febe2af91879f7e3753f_2_137_IMG_00_0000_max_476x317.jpeg; https://media.rightmove.co.uk:443/dir/crop/10:9-16:9/230k/229553/167972006/229553_6659febe2af91879f7e3753f_2_137_IMG_04_0000_max_476x317.jpeg; https://media.rightmove.co.uk:443/dir/crop/10:9-16:9/230k/229553/167972006/229553_6659febe2af91879f7e3753f_2_137_IMG_03_0000_max_476x317.jpeg; https://media.rightmove.co.uk:443/dir/crop/10:9-16:9/230k/229553/167972006/229553_6659febe2af91879f7e3753f_2_137_IMG_05_0000_max_476x317.jpeg"
"159576893","Suffolk","Restaurant","Boarding House, Market Place, Halesworth, Suffolk, IP19","£1,667 pcm","","4","4","Beautifully appointed restaurant and boutique hotel in the centre of Halesworth, overlooking the Market Place. There is an opportunity to rent this prominent business on a brand new lease - terms to be agreed.","https://www.rightmove.co.uk/properties/159576893#/?channel=COM_LET","2025-03-18T16:47:36Z","","new","Marketed by Fennel Chartered Surveyors, Halesworth","","52.34256","1.5011","https://media.rightmove.co.uk:443/dir/crop/10:9-16:9/118k/117463/159576893/117463_boardinghouse_IMG_00_0000_max_476x317.jpeg; https://media.rightmove.co.uk:443/dir/crop/10:9-16:9/118k/117463/159576893/117463_boardinghouse_IMG_18_0000_max_476x317.jpeg; https://media.rightmove.co.uk:443/dir/crop/10:9-16:9/118k/117463/159576893/117463_boardinghouse_IMG_19_0000_max_476x317.jpeg; https://media.rightmove.co.uk:443/dir/crop/10:9-16:9/118k/117463/159576893/117463_boardinghouse_IMG_01_0000_max_476x317.jpeg; https://media.rightmove.co.uk:443/dir/crop/10:9-16:9/118k/117463/159576893/117463_boardinghouse_IMG_02_0000_max_476x317.jpeg; https://media.rightmove.co.uk:443/dir/crop/10:9-16:9/118k/117463/159576893/117463_boardinghouse_IMG_03_0000_max_476x317.jpeg; https://media.rightmove.co.uk:443/dir/crop/10:9-16:9/118k/117463/159576893/117463_boardinghouse_IMG_04_0000_max_476x317.jpeg; https://media.rightmove.co.uk:443/dir/crop/10:9-16:9/118k/117463/159576893/117463_boardinghouse_IMG_05_0000_max_476x317.jpeg; https://media.rightmove.co.uk:443/dir/crop/10:9-16:9/118k/117463/159576893/117463_boardinghouse_IMG_06_0000_max_476x317.jpeg; https://media.rightmove.co.uk:443/dir/crop/10:9-16:9/118k/117463/159576893/117463_boardinghouse_IMG_07_0000_max_476x317.jpeg; https://media.rightmove.co.uk:443/dir/crop/10:9-16:9/118k/117463/159576893/117463_boardinghouse_IMG_08_0000_max_476x317.jpeg; https://media.rightmove.co.uk:443/dir/crop/10:9-16:9/118k/117463/159576893/117463_boardinghouse_IMG_09_0000_max_476x317.jpeg; https://media.rightmove.co.uk:443/dir/crop/10:9-16:9/118k/117463/159576893/117463_boardinghouse_IMG_10_0000_max_476x317.jpeg; https://media.rightmove.co.uk:443/dir/crop/10:9-16:9/118k/117463/159576893/117463_boardinghouse_IMG_11_0000_max_476x317.jpeg; https://media.rightmove.co.uk:443/dir/crop/10:9-16:9/118k/117463/159576893/117463_boardinghouse_IMG_12_0000_max_476x317.jpeg; https://media.rightmove.co.uk:443/dir/crop/10:9-16:9/118k/117463/159576893/117463_boardinghouse_IMG_13_0000_max_476x317.jpeg; https://media.rightmove.co.uk:443/dir/crop/10:9-16:9/118k/117463/159576893/117463_boardinghouse_IMG_14_0000_max_476x317.jpeg; https://media.rightmove.co.uk:443/dir/crop/10:9-16:9/118k/117463/159576893/117463_boardinghouse_IMG_15_0000_max_476x317.jpeg; https://media.rightmove.co.uk:443/dir/crop/10:9-16:9/118k/117463/159576893/117463_boardinghouse_IMG_16_0000_max_476x317.jpeg; https://media.rightmove.co.uk:443/dir/crop/10:9-16:9/118k/117463/159576893/117463_boardinghouse_IMG_17_0000_max_476x317.jpeg; https://media.rightmove.co.uk:443/dir/crop/10:9-16:9/118k/117463/159576893/117463_boardinghouse_IMG_20_0000_max_476x317.jpeg; https://media.rightmove.co.uk:443/dir/crop/10:9-16:9/118k/117463/159576893/117463_boardinghouse_IMG_21_0000_max_476x317.jpeg; https://media.rightmove.co.uk:443/dir/crop/10:9-16:9/118k/117463/159576893/117463_boardinghouse_IMG_22_0000_max_476x317.jpeg; https://media.rightmove.co.uk:443/dir/crop/10:9-16:9/118k/117463/159576893/117463_boardinghouse_IMG_23_0000_max_476x317.jpeg; https://media.rightmove.co.uk:443/dir/crop/10:9-16:9/118k/117463/159576893/117463_boardinghouse_IMG_24_0000_max_476x317.jpeg; https://media.rightmove.co.uk:443/dir/crop/10:9-16:9/118k/117463/159576893/117463_boardinghouse_IMG_25_0000_max_476x317.jpeg; https://media.rightmove.co.uk:443/dir/crop/10:9-16:9/118k/117463/159576893/117463_boardinghouse_IMG_26_0000_max_476x317.jpeg; https://media.rightmove.co.uk:443/dir/crop/10:9-16:9/118k/117463/159576893/117463_boardinghouse_IMG_27_0000_max_476x317.jpeg"
"159577295","Suffolk","Commercial Property","Market Hill Sudbury","£250 pcm","","","","LOCATION The premises are located overlooking a small car park just off the southern side of Market Hill, in the centre of Sudbury. It is within walking distance of the town’s bus station, and town centre car parks, and surrounded by national and local retailers. Sudbury is an expanding market to...","https://www.rightmove.co.uk/properties/159577295#/?channel=COM_LET","2025-03-18T16:45:04Z","","new","Marketed by Boydens, Colchester","","52.03807","0.73041","https://media.rightmove.co.uk:443/dir/crop/10:9-16:9/7k/6506/159577295/6506_2709633_IMG_00_0000_max_476x317.jpeg; https://media.rightmove.co.uk:443/dir/crop/10:9-16:9/7k/6506/159577295/6506_2709633_IMG_01_0000_max_476x317.jpeg"
"159545918","Suffolk","Light Industrial","Gas Works Road, Lowestoft","£3,750 pcm","","","","Secure Storage Yard / Energy Sector Site A secure site approaching 1 acre positioned strategically within the Lowestoft PowerPark. This is an exciting regeneration project which is being developed for the offshore renewables, engineering and maritime industries. Being positioned immediately adja...","https://www.rightmove.co.uk/properties/159545918#/?channel=COM_LET","2025-03-18T11:07:52Z","","new","Marketed by Bycroft Commercial, Great Yarmouth","","52.4812","1.76275","https://media.rightmove.co.uk:443/dir/crop/10:9-16:9/211k/210365/159545918/210365_101177012401_IMG_03_0000_max_476x317.jpeg; https://media.rightmove.co.uk:443/dir/crop/10:9-16:9/211k/210365/159545918/210365_101177012401_IMG_04_0000_max_476x317.jpeg; https://media.rightmove.co.uk:443/dir/crop/10:9-16:9/211k/210365/159545918/210365_101177012401_IMG_01_0000_max_476x317.jpeg; https://media.rightmove.co.uk:443/dir/crop/10:9-16:9/211k/210365/159545918/210365_101177012401_IMG_02_0000_max_476x317.jpeg"
"159440138","Suffolk","Office","First & Second Floor Offices 3 Whiting Street, Bury St. Edmunds, Suffolk, IP33 1NX","£1,250 pcm","From","","","3 Whiting Street is a well presented mixed use retail and office building located in the heart of Bury St Edmunds adjacent to the prime retail core of the town and within close proximity of the town's services, car parks and transport routes. The offices are arranged over the first and second f...","https://www.rightmove.co.uk/properties/159440138#/?channel=COM_LET","2025-03-14T17:19:27Z","","new","Marketed by Merrifields, Suffolk","","52.243945","0.713102","https://media.rightmove.co.uk:443/dir/crop/10:9-16:9/122k/121468/159440138/121468_34LH_IMG_00_0000_max_476x317.jpeg; https://media.rightmove.co.uk:443/dir/crop/10:9-16:9/122k/121468/159440138/121468_34LH_IMG_09_0000_max_476x317.jpeg; https://media.rightmove.co.uk:443/dir/crop/10:9-16:9/122k/121468/159440138/121468_34LH_IMG_10_0000_max_476x317.jpeg; https://media.rightmove.co.uk:443/dir/crop/10:9-16:9/122k/121468/159440138/121468_34LH_IMG_03_0000_max_476x317.jpeg; https://media.rightmove.co.uk:443/dir/crop/10:9-16:9/122k/121468/159440138/121468_34LH_IMG_04_0000_max_476x317.jpeg; https://media.rightmove.co.uk:443/dir/crop/10:9-16:9/122k/121468/159440138/121468_34LH_IMG_05_0000_max_476x317.jpeg; https://media.rightmove.co.uk:443/dir/crop/10:9-16:9/122k/121468/159440138/121468_34LH_IMG_11_0000_max_476x317.jpeg; https://media.rightmove.co.uk:443/dir/crop/10:9-16:9/122k/121468/159440138/121468_34LH_IMG_12_0000_max_476x317.jpeg; https://media.rightmove.co.uk:443/dir/crop/10:9-16:9/122k/121468/159440138/121468_34LH_IMG_08_0000_max_476x317.jpeg"
"136881557","Suffolk","Commercial Property","34 Blyburgate, Beccles, Suffolk","£595 pcm","","","","Living Property are pleased to offer this very spacious character shop located very close to The Town Centre with one allocated parking space situated behind the building, with the bonus of further customer parking just located across the road if needed, the space already has A2 use, the space al...","https://www.rightmove.co.uk/properties/136881557#/?channel=COM_LET","2023-07-03T14:51:27Z","","new","Marketed by Living Property, Beccles","","52.45557","1.56587","https://media.rightmove.co.uk:443/dir/crop/10:9-16:9/93k/92405/136881557/92405_100485001039_IMG_00_0000_max_476x317.jpeg; https://media.rightmove.co.uk:443/dir/crop/10:9-16:9/93k/92405/136881557/92405_100485001039_IMG_01_0000_max_476x317.jpeg; https://media.rightmove.co.uk:443/dir/crop/10:9-16:9/93k/92405/136881557/92405_100485001039_IMG_02_0000_max_476x317.jpeg; https://media.rightmove.co.uk:443/dir/crop/10:9-16:9/93k/92405/136881557/92405_100485001039_IMG_03_0000_max_476x317.jpeg; https://media.rightmove.co.uk:443/dir/crop/10:9-16:9/93k/92405/136881557/92405_100485001039_IMG_04_0000_max_476x317.jpeg; https://media.rightmove.co.uk:443/dir/crop/10:9-16:9/93k/92405/136881557/92405_100485001039_IMG_05_0000_max_476x317.jpeg; https://media.rightmove.co.uk:443/dir/crop/10:9-16:9/93k/92405/136881557/92405_100485001039_IMG_06_0000_max_476x317.jpeg; https://media.rightmove.co.uk:443/dir/crop/10:9-16:9/93k/92405/136881557/92405_100485001039_IMG_07_0000_max_476x317.jpeg; https://media.rightmove.co.uk:443/dir/crop/10:9-16:9/93k/92405/136881557/92405_100485001039_IMG_08_0000_max_476x317.jpeg"
"159376904","Suffolk","Distribution Warehouse","Harris Way, Ipswich, IP2","POA","","","","Modern standalone steel portal frame warehouse constructed in 2020 with three story office accommodation and welfare facilities sitting on a secure self-contained site. The warehouse extends to a height of 17m with access via 23 dock level doors and 5 level access doors. Externally, the yard area...","https://www.rightmove.co.uk/properties/159376904#/?channel=COM_LET","2025-03-13T15:24:07Z","","new","Marketed by Lambert Smith Hampton, Birmingham","","52.058441","1.125472","https://media.rightmove.co.uk:443/dir/crop/10:9-16:9/183k/182504/159376904/182504_2053485LH_IMG_07_0000_max_476x317.jpeg; https://media.rightmove.co.uk:443/dir/crop/10:9-16:9/183k/182504/159376904/182504_2053485LH_IMG_04_0000_max_476x317.jpeg; https://media.rightmove.co.uk:443/dir/crop/10:9-16:9/183k/182504/159376904/182504_2053485LH_IMG_05_0000_max_476x317.jpeg; https://media.rightmove.co.uk:443/dir/crop/10:9-16:9/183k/182504/159376904/182504_2053485LH_IMG_06_0000_max_476x317.jpeg; https://media.rightmove.co.uk:443/dir/crop/10:9-16:9/183k/182504/159376904/182504_2053485LH_IMG_08_0000_max_476x317.jpeg; https://media.rightmove.co.uk:443/dir/crop/10:9-16:9/183k/182504/159376904/182504_2053485LH_IMG_09_0000_max_476x317.jpeg; https://media.rightmove.co.uk:443/dir/crop/10:9-16:9/183k/182504/159376904/182504_2053485LH_IMG_10_0000_max_476x317.jpeg; https://media.rightmove.co.uk:443/dir/crop/10:9-16:9/183k/182504/159376904/182504_2053485LH_IMG_11_0000_max_476x317.jpeg"
"159326618","Suffolk","Warehouse","Harris Way, Ipswich, IP2 0HU","POA","","","","Warehouse To Let - 215,073 ft² - Ipswich, Suffolk","https://www.rightmove.co.uk/properties/159326618#/?channel=COM_LET","2025-03-12T15:24:10Z","","new","Marketed by Savills, Ipswich","","52.059878","1.124461","https://media.rightmove.co.uk:443/dir/crop/10:9-16:9/215k/214097/159326618/214097_290101-2_IMG_01_0000_max_476x317.jpeg; https://media.rightmove.co.uk:443/dir/crop/10:9-16:9/215k/214097/159326618/214097_290101-2_IMG_00_0000_max_476x317.jpeg; https://media.rightmove.co.uk:443/dir/crop/10:9-16:9/215k/214097/159326618/214097_290101-2_IMG_02_0000_max_476x317.jpeg; https://media.rightmove.co.uk:443/dir/crop/10:9-16:9/215k/214097/159326618/214097_290101-2_IMG_04_0000_max_476x317.jpeg; https://media.rightmove.co.uk:443/dir/crop/10:9-16:9/215k/214097/159326618/214097_290101-2_IMG_03_0000_max_476x317.jpeg"
"159323573","Suffolk","Light Industrial","Unit 62 Notley Enterprise Park ","£1,000 pcm","","","","Light Industrial Nissen Huts, approximately 2,456 sq. ft.","https://www.rightmove.co.uk/properties/159323573#/?channel=COM_LET","2025-03-12T14:41:06Z","","new","Marketed by Nicholas Percival Commercial, Colchester","","52.01365","1.00584","https://media.rightmove.co.uk:443/dir/crop/10:9-16:9/property-photo/5e36ca4a7/159323573/5e36ca4a76b4a547bba4833173e371b8_max_476x317.jpeg; https://media.rightmove.co.uk:443/dir/crop/10:9-16:9/property-photo/b5b23526a/159323573/b5b23526a1447e8a85a9d49a67223709_max_476x317.jpeg; https://media.rightmove.co.uk:443/dir/crop/10:9-16:9/property-photo/edaf3b589/159323573/edaf3b5890b5954011a21ee758751d53_max_476x317.jpeg; https://media.rightmove.co.uk:443/dir/crop/10:9-16:9/property-photo/c8da39a58/159323573/c8da39a587f667236054fe19dbfd197a_max_476x317.jpeg"
"159619343","Suffolk","Showroom","Woodbridge Road, Ipswich, IP4 4AU","£6,667 pcm","","","","Modern Showroom/Dealership with benefit of Class E(a) Retail use, located on Woodbridge Road, Ipswich","https://www.rightmove.co.uk/properties/159619343#/?channel=COM_LET","2025-03-19T14:33:47Z","","new","Marketed by Clarke and Simpson Commercial, Framlingham","","52.061516","1.173326","https://media.rightmove.co.uk:443/dir/crop/10:9-16:9/222k/221414/159619343/221414_L103201_IMG_09_0000_max_476x317.jpeg; https://media.rightmove.co.uk:443/dir/crop/10:9-16:9/222k/221414/159619343/221414_L103201_IMG_01_0000_max_476x317.jpeg; https://media.rightmove.co.uk:443/dir/crop/10:9-16:9/222k/221414/159619343/221414_L103201_IMG_02_0000_max_476x317.jpeg; https://media.rightmove.co.uk:443/dir/crop/10:9-16:9/222k/221414/159619343/221414_L103201_IMG_03_0000_max_476x317.jpeg; https://media.rightmove.co.uk:443/dir/crop/10:9-16:9/222k/221414/159619343/221414_L103201_IMG_04_0000_max_476x317.jpeg; https://media.rightmove.co.uk:443/dir/crop/10:9-16:9/222k/221414/159619343/221414_L103201_IMG_05_0000_max_476x317.jpeg; https://media.rightmove.co.uk:443/dir/crop/10:9-16:9/222k/221414/159619343/221414_L103201_IMG_06_0000_max_476x317.jpeg; https://media.rightmove.co.uk:443/dir/crop/10:9-16:9/222k/221414/159619343/221414_L103201_IMG_07_0000_max_476x317.jpeg; https://media.rightmove.co.uk:443/dir/crop/10:9-16:9/222k/221414/159619343/221414_L103201_IMG_08_0000_max_476x317.jpeg; https://media.rightmove.co.uk:443/dir/crop/10:9-16:9/222k/221414/159619343/221414_L103201_IMG_00_0000_max_476x317.jpeg"
"165464441","Suffolk","Office","Unit 9 Opus Park, Old Ipswich Road, IP6","£2,500 pcm","","","","Claydon Campus is a development of 14 contemporary business units providing open plan office accommodation with potential to incorporate further offices at first floor level, subject to obtaining the necessary consents. Each unit is to be provided with air source heat pumps to provide both heatin...","https://www.rightmove.co.uk/properties/165464441#/?channel=COM_LET","2025-08-07T13:00:29Z","","size_change","Marketed by Whybrow & Dodds Ltd, Colchester","","52.10223","1.110335","https://media.rightmove.co.uk:443/dir/crop/10:9-16:9/60k/59910/165464441/59910_WHY230061_L_IMG_00_0000_max_476x317.jpeg; https://media.rightmove.co.uk:443/dir/crop/10:9-16:9/60k/59910/165464441/59910_WHY230061_L_IMG_01_0000_max_476x317.jpeg; https://media.rightmove.co.uk:443/dir/crop/10:9-16:9/60k/59910/165464441/59910_WHY230061_L_IMG_02_0000_max_476x317.jpeg; https://media.rightmove.co.uk:443/dir/crop/10:9-16:9/60k/59910/165464441/59910_WHY230061_L_IMG_03_0000_max_476x317.jpeg; https://media.rightmove.co.uk:443/dir/crop/10:9-16:9/60k/59910/165464441/59910_WHY230061_L_IMG_04_0000_max_476x317.jpeg"
"145534169","Suffolk","Office","Unit 8 Opus Park, Old Ipswich Road, IP6","£2,500 pcm","","","","Claydon Campus is a development of 14 contemporary business units providing open plan office accommodation with potential to incorporate further offices at first floor level, subject to obtaining the necessary consents. Each unit is to be provided with air source heat pumps to provide both heatin...","https://www.rightmove.co.uk/properties/145534169#/?channel=COM_LET","2024-03-08T15:05:53Z","","size_change","Marketed by Whybrow & Dodds Ltd, Colchester","","52.10223","1.110335","https://media.rightmove.co.uk:443/dir/crop/10:9-16:9/60k/59910/145534169/59910_WHY230060_L_IMG_00_0000_max_476x317.jpeg; https://media.rightmove.co.uk:443/dir/crop/10:9-16:9/60k/59910/145534169/59910_WHY230060_L_IMG_01_0000_max_476x317.jpeg; https://media.rightmove.co.uk:443/dir/crop/10:9-16:9/60k/59910/145534169/59910_WHY230060_L_IMG_02_0000_max_476x317.jpeg; https://media.rightmove.co.uk:443/dir/crop/10:9-16:9/60k/59910/145534169/59910_WHY230060_L_IMG_03_0000_max_476x317.jpeg; https://media.rightmove.co.uk:443/dir/crop/10:9-16:9/60k/59910/145534169/59910_WHY230060_L_IMG_04_0000_max_476x317.jpeg"
"159228737","Suffolk","Warehouse","Harris Way, Ipswich, Suffolk   IP2 0HU","POA","","","","A modern, standalone warehouse with large yard and parking for 200 cars.","https://www.rightmove.co.uk/properties/159228737#/?channel=COM_LET","2025-03-10T16:47:23Z","","new","Marketed by Coke Gearing Consulting, Bishops Stortford","","52.05838","1.12542","https://media.rightmove.co.uk:443/dir/crop/10:9-16:9/111k/110398/159228737/110398_C2227_IMG_00_0000_max_476x317.jpeg; https://media.rightmove.co.uk:443/dir/crop/10:9-16:9/111k/110398/159228737/110398_C2227_IMG_01_0000_max_476x317.jpeg; https://media.rightmove.co.uk:443/dir/crop/10:9-16:9/111k/110398/159228737/110398_C2227_IMG_02_0000_max_476x317.jpeg; https://media.rightmove.co.uk:443/dir/crop/10:9-16:9/111k/110398/159228737/110398_C2227_IMG_03_0000_max_476x317.jpeg; https://media.rightmove.co.uk:443/dir/crop/10:9-16:9/111k/110398/159228737/110398_C2227_IMG_04_0000_max_476x317.jpeg; https://media.rightmove.co.uk:443/dir/crop/10:9-16:9/111k/110398/159228737/110398_C2227_IMG_05_0000_max_476x317.jpeg; https://media.rightmove.co.uk:443/dir/crop/10:9-16:9/111k/110398/159228737/110398_C2227_IMG_06_0000_max_476x317.jpeg; https://media.rightmove.co.uk:443/dir/crop/10:9-16:9/111k/110398/159228737/110398_C2227_IMG_07_0000_max_476x317.jpeg; https://media.rightmove.co.uk:443/dir/crop/10:9-16:9/111k/110398/159228737/110398_C2227_IMG_08_0000_max_476x317.jpeg"
"159229289","Suffolk","Land","Belvedere Road, Lowestoft","£4,167 pcm","","","","Prime 2.36-Acre Hardstanding with Mooring – Close to Lowestoft Port Introducing an exclusive lease opportunity for a substantial 2.36-acre site that combines practicality with prestige. This expansive property is available for lease only and can be configured to meet a wide variety of op...","https://www.rightmove.co.uk/properties/159229289#/?channel=COM_LET","2025-03-10T16:44:45Z","","new","Marketed by Steel & Co Commercial Property Services, Lowestoft","","52.471718","1.745205","https://media.rightmove.co.uk:443/dir/crop/10:9-16:9/66k/65427/159229289/65427_12548256_IMG_00_0000_max_476x317.jpeg; https://media.rightmove.co.uk:443/dir/crop/10:9-16:9/66k/65427/159229289/65427_12548256_IMG_01_0000_max_476x317.jpeg; https://media.rightmove.co.uk:443/dir/crop/10:9-16:9/66k/65427/159229289/65427_12548256_IMG_02_0000_max_476x317.jpeg; https://media.rightmove.co.uk:443/dir/crop/10:9-16:9/66k/65427/159229289/65427_12548256_IMG_03_0000_max_476x317.jpeg; https://media.rightmove.co.uk:443/dir/crop/10:9-16:9/66k/65427/159229289/65427_12548256_IMG_04_0000_max_476x317.jpeg; https://media.rightmove.co.uk:443/dir/crop/10:9-16:9/66k/65427/159229289/65427_12548256_IMG_05_0000_max_476x317.jpeg; https://media.rightmove.co.uk:443/dir/crop/10:9-16:9/66k/65427/159229289/65427_12548256_IMG_06_0000_max_476x317.jpeg; https://media.rightmove.co.uk:443/dir/crop/10:9-16:9/66k/65427/159229289/65427_12548256_IMG_07_0000_max_476x317.jpeg; https://media.rightmove.co.uk:443/dir/crop/10:9-16:9/66k/65427/159229289/65427_12548256_IMG_08_0000_max_476x317.jpeg; https://media.rightmove.co.uk:443/dir/crop/10:9-16:9/66k/65427/159229289/65427_12548256_IMG_09_0000_max_476x317.jpeg"
"143760896","Suffolk","Office","Orwell House, Ferry Lane, IP11","£1,521 pcm","","","","The property comprises an attractive crescent shaped complex with accommodation over two floors providing superb office accommodation with high specification suites from 500 sq ft - 5,000 sq ft with all suites benefiting from full carpeting, excellent lighting and newly decorated suites prior to ...","https://www.rightmove.co.uk/properties/143760896#/?channel=COM_LET","2024-01-17T20:35:49Z","","size_change","Marketed by Whybrow & Dodds Ltd, Colchester","","51.962779","1.320034","https://media.rightmove.co.uk:443/dir/crop/10:9-16:9/60k/59910/143760896/59910_HDO230263_L_IMG_00_0001_max_476x317.jpeg; https://media.rightmove.co.uk:443/dir/crop/10:9-16:9/60k/59910/143760896/59910_HDO230263_L_IMG_01_0001_max_476x317.jpeg; https://media.rightmove.co.uk:443/dir/crop/10:9-16:9/60k/59910/143760896/59910_HDO230263_L_IMG_02_0000_max_476x317.jpeg; https://media.rightmove.co.uk:443/dir/crop/10:9-16:9/60k/59910/143760896/59910_HDO230263_L_IMG_03_0000_max_476x317.jpeg; https://media.rightmove.co.uk:443/dir/crop/10:9-16:9/60k/59910/143760896/59910_HDO230263_L_IMG_04_0000_max_476x317.jpeg; https://media.rightmove.co.uk:443/dir/crop/10:9-16:9/60k/59910/143760896/59910_HDO230263_L_IMG_05_0000_max_476x317.jpeg; https://media.rightmove.co.uk:443/dir/crop/10:9-16:9/60k/59910/143760896/59910_HDO230263_L_IMG_06_0000_max_476x317.jpeg; https://media.rightmove.co.uk:443/dir/crop/10:9-16:9/60k/59910/143760896/59910_HDO230263_L_IMG_07_0000_max_476x317.jpeg; https://media.rightmove.co.uk:443/dir/crop/10:9-16:9/60k/59910/143760896/59910_HDO230263_L_IMG_08_0000_max_476x317.jpeg"
"159113762","Suffolk","Industrial Park","Harris Way, Ipswich, Ipswich, IP2 0HU","POA","","","","Modern standalone steel portal frame warehouse constructed in 2020 with 3 story office accommodation and welfare facilities sitting.","https://www.rightmove.co.uk/properties/159113762#/?channel=COM_LET","2025-03-07T09:06:08Z","","size_change","Marketed by Mileway Real Estate UK Limited, London","","52.06122","1.1256","https://media.rightmove.co.uk:443/dir/crop/10:9-16:9/86k/85240/159113762/85240_6PPy6nilbDubx9X2s6CoaH_IMG_15_0000_max_476x317.png; https://media.rightmove.co.uk:443/dir/crop/10:9-16:9/86k/85240/159113762/85240_6PPy6nilbDubx9X2s6CoaH_IMG_01_0003_max_476x317.png; https://media.rightmove.co.uk:443/dir/crop/10:9-16:9/86k/85240/159113762/85240_6PPy6nilbDubx9X2s6CoaH_IMG_02_0003_max_476x317.png; https://media.rightmove.co.uk:443/dir/crop/10:9-16:9/86k/85240/159113762/85240_6PPy6nilbDubx9X2s6CoaH_IMG_03_0003_max_476x317.png; https://media.rightmove.co.uk:443/dir/crop/10:9-16:9/86k/85240/159113762/85240_6PPy6nilbDubx9X2s6CoaH_IMG_04_0003_max_476x317.png; https://media.rightmove.co.uk:443/dir/crop/10:9-16:9/86k/85240/159113762/85240_6PPy6nilbDubx9X2s6CoaH_IMG_05_0003_max_476x317.png; https://media.rightmove.co.uk:443/dir/crop/10:9-16:9/86k/85240/159113762/85240_6PPy6nilbDubx9X2s6CoaH_IMG_06_0003_max_476x317.png; https://media.rightmove.co.uk:443/dir/crop/10:9-16:9/86k/85240/159113762/85240_6PPy6nilbDubx9X2s6CoaH_IMG_07_0002_max_476x317.png; https://media.rightmove.co.uk:443/dir/crop/10:9-16:9/86k/85240/159113762/85240_6PPy6nilbDubx9X2s6CoaH_IMG_08_0001_max_476x317.png; https://media.rightmove.co.uk:443/dir/crop/10:9-16:9/86k/85240/159113762/85240_6PPy6nilbDubx9X2s6CoaH_IMG_09_0000_max_476x317.png; https://media.rightmove.co.uk:443/dir/crop/10:9-16:9/86k/85240/159113762/85240_6PPy6nilbDubx9X2s6CoaH_IMG_10_0000_max_476x317.png; https://media.rightmove.co.uk:443/dir/crop/10:9-16:9/86k/85240/159113762/85240_6PPy6nilbDubx9X2s6CoaH_IMG_11_0000_max_476x317.png; https://media.rightmove.co.uk:443/dir/crop/10:9-16:9/86k/85240/159113762/85240_6PPy6nilbDubx9X2s6CoaH_IMG_12_0000_max_476x317.png; https://media.rightmove.co.uk:443/dir/crop/10:9-16:9/86k/85240/159113762/85240_6PPy6nilbDubx9X2s6CoaH_IMG_13_0000_max_476x317.png; https://media.rightmove.co.uk:443/dir/crop/10:9-16:9/86k/85240/159113762/85240_6PPy6nilbDubx9X2s6CoaH_IMG_14_0000_max_476x317.png"
"721604083093793","Suffolk","Distribution Warehouse","New Business Park, Land South Of Barton Mills, Barton Mills, IP28 6BP","POA","","","","Potential New Business Park providing up to 2 million sq ft","https://www.rightmove.co.uk/properties/721604083093793#/?channel=COM_LET","2025-11-26T12:10:05Z","","new","Marketed by Hazells, Bury St Edmunds","","52.325421","0.515537","https://media.rightmove.co.uk:443/dir/crop/10:9-16:9/287k/286808/721604083093793/286808_145194-2_IMG_00_0000_max_476x317.jpeg; https://media.rightmove.co.uk:443/dir/crop/10:9-16:9/287k/286808/721604083093793/286808_145194-2_IMG_01_0000_max_476x317.jpeg; https://media.rightmove.co.uk:443/dir/crop/10:9-16:9/287k/286808/721604083093793/286808_145194-2_IMG_02_0000_max_476x317.jpeg; https://media.rightmove.co.uk:443/dir/crop/10:9-16:9/287k/286808/721604083093793/286808_145194-2_IMG_03_0000_max_476x317.jpeg"
"721604074639169","Suffolk","Distribution Warehouse","Building C, Haughley Park, Stowmarket, IP14 3JZ","£3,333 pcm","","","","Self contained warehouse/storage unit close to A14 suitable for refrigerated and ambient goods","https://www.rightmove.co.uk/properties/721604074639169#/?channel=COM_LET","2025-11-26T12:10:09Z","","new","Marketed by Hazells, Bury St Edmunds","","52.217865","0.931535","https://media.rightmove.co.uk:443/dir/crop/10:9-16:9/287k/286808/721604074639169/286808_130300-2_IMG_00_0000_max_476x317.png; https://media.rightmove.co.uk:443/dir/crop/10:9-16:9/287k/286808/721604074639169/286808_130300-2_IMG_01_0000_max_476x317.jpeg; https://media.rightmove.co.uk:443/dir/crop/10:9-16:9/287k/286808/721604074639169/286808_130300-2_IMG_02_0000_max_476x317.jpeg; https://media.rightmove.co.uk:443/dir/crop/10:9-16:9/287k/286808/721604074639169/286808_130300-2_IMG_03_0000_max_476x317.jpeg; https://media.rightmove.co.uk:443/dir/crop/10:9-16:9/287k/286808/721604074639169/286808_130300-2_IMG_04_0000_max_476x317.jpeg; https://media.rightmove.co.uk:443/dir/crop/10:9-16:9/287k/286808/721604074639169/286808_130300-2_IMG_05_0000_max_476x317.jpeg; https://media.rightmove.co.uk:443/dir/crop/10:9-16:9/287k/286808/721604074639169/286808_130300-2_IMG_06_0000_max_476x317.jpeg"
"721604103999345","Suffolk","Retail Property (high street)","12 Market Place, Mildenhall, Bury St. Edmunds, IP28 7EF","POA","","","","Large Town Centre Retail Unit With First Floor","https://www.rightmove.co.uk/properties/721604103999345#/?channel=COM_LET","2025-11-26T12:10:06Z","","new","Marketed by Hazells, Bury St Edmunds","","52.343282","0.510559","https://media.rightmove.co.uk:443/dir/crop/10:9-16:9/287k/286808/721604103999345/286808_186261-2_IMG_00_0000_max_476x317.jpeg; https://media.rightmove.co.uk:443/dir/crop/10:9-16:9/287k/286808/721604103999345/286808_186261-2_IMG_01_0000_max_476x317.jpeg; https://media.rightmove.co.uk:443/dir/crop/10:9-16:9/287k/286808/721604103999345/286808_186261-2_IMG_02_0000_max_476x317.jpeg; https://media.rightmove.co.uk:443/dir/crop/10:9-16:9/287k/286808/721604103999345/286808_186261-2_IMG_03_0000_max_476x317.jpeg; https://media.rightmove.co.uk:443/dir/crop/10:9-16:9/287k/286808/721604103999345/286808_186261-2_IMG_04_0000_max_476x317.jpeg"
"721604049473216","Suffolk","Commercial Development","Stanton Business Park, Shepherds Grove, Stanton, Bury St Edmunds, IP22 2PY","POA","","","","Turnkey opportunities from 17,500 up to 1,000,000 sq ft (1,626 to 92,902 sq m)","https://www.rightmove.co.uk/properties/721604049473216#/?channel=COM_LET","2025-11-26T12:10:06Z","","new","Marketed by Hazells, Bury St Edmunds","","52.324734","0.900976","https://media.rightmove.co.uk:443/dir/crop/10:9-16:9/287k/286808/721604049473216/286808_108894-2_IMG_00_0000_max_476x317.jpeg; https://media.rightmove.co.uk:443/dir/crop/10:9-16:9/287k/286808/721604049473216/286808_108894-2_IMG_01_0000_max_476x317.jpeg; https://media.rightmove.co.uk:443/dir/crop/10:9-16:9/287k/286808/721604049473216/286808_108894-2_IMG_02_0000_max_476x317.jpeg; https://media.rightmove.co.uk:443/dir/crop/10:9-16:9/287k/286808/721604049473216/286808_108894-2_IMG_03_0000_max_476x317.jpeg; https://media.rightmove.co.uk:443/dir/crop/10:9-16:9/287k/286808/721604049473216/286808_108894-2_IMG_04_0000_max_476x317.jpeg"
"722690462205217","Suffolk","Mixed Use","A14 Link, Suffolk Business Park, Rougham Tower Avenue, Bury St Edmunds, IP30 9NH","POA","","","","New headquarters logistics warehouse on the A14. Available Q1 2025.","https://www.rightmove.co.uk/properties/722690462205217#/?channel=COM_LET","2025-12-02T11:49:03Z","","new","Marketed by Hazells, Bury St Edmunds","","52.241214","0.769191","https://media.rightmove.co.uk:443/dir/crop/10:9-16:9/287k/286808/722690462205217/286808_119877-2_IMG_00_0000_max_476x317.jpeg; https://media.rightmove.co.uk:443/dir/crop/10:9-16:9/287k/286808/722690462205217/286808_119877-2_IMG_01_0000_max_476x317.jpeg; https://media.rightmove.co.uk:443/dir/crop/10:9-16:9/287k/286808/722690462205217/286808_119877-2_IMG_02_0000_max_476x317.jpeg; https://media.rightmove.co.uk:443/dir/crop/10:9-16:9/287k/286808/722690462205217/286808_119877-2_IMG_03_0000_max_476x317.jpeg; https://media.rightmove.co.uk:443/dir/crop/10:9-16:9/287k/286808/722690462205217/286808_119877-2_IMG_04_0000_max_476x317.jpeg"
"721604055763040","Suffolk","Commercial Property","SP77, Suffolk Park, Lady Miriam Way, Bury St Edmunds, IP32 7FQ","POA","","","","Final plot available. Comprising 5.3 acres with planning consent granted for 78,100 sq ft warehouse. Delivery within 9 months","https://www.rightmove.co.uk/properties/721604055763040#/?channel=COM_LET","2025-11-26T12:10:03Z","","new","Marketed by Hazells, Bury St Edmunds","","52.24234","0.757642","https://media.rightmove.co.uk:443/dir/crop/10:9-16:9/287k/286808/721604055763040/286808_111727-2_IMG_00_0000_max_476x317.jpeg; https://media.rightmove.co.uk:443/dir/crop/10:9-16:9/287k/286808/721604055763040/286808_111727-2_IMG_01_0000_max_476x317.jpeg; https://media.rightmove.co.uk:443/dir/crop/10:9-16:9/287k/286808/721604055763040/286808_111727-2_IMG_02_0000_max_476x317.jpeg; https://media.rightmove.co.uk:443/dir/crop/10:9-16:9/287k/286808/721604055763040/286808_111727-2_IMG_03_0000_max_476x317.jpeg; https://media.rightmove.co.uk:443/dir/crop/10:9-16:9/287k/286808/721604055763040/286808_111727-2_IMG_04_0000_max_476x317.jpeg; https://media.rightmove.co.uk:443/dir/crop/10:9-16:9/287k/286808/721604055763040/286808_111727-2_IMG_05_0000_max_476x317.jpeg"
"721604116648753","Suffolk","Distribution Warehouse","Unit B, Homefield Road, Haverhill, CB9 8QP","£22,917 pcm","","","","Modern logistics warehouse with ground & First floor offices.","https://www.rightmove.co.uk/properties/721604116648753#/?channel=COM_LET","2025-11-26T12:10:08Z","","new","Marketed by Hazells, Bury St Edmunds","","52.07417","0.428253","https://media.rightmove.co.uk:443/dir/crop/10:9-16:9/property-photo/957b9225f/721604116648753/957b9225f6ab346786525d02d4f28058_max_476x317.jpeg; https://media.rightmove.co.uk:443/dir/crop/10:9-16:9/property-photo/8d0329b48/721604116648753/8d0329b48490f904b9d07cd2f60948e4_max_476x317.jpeg; https://media.rightmove.co.uk:443/dir/crop/10:9-16:9/property-photo/029423526/721604116648753/0294235260b3ef3fb1475289fdf9de98_max_476x317.jpeg; https://media.rightmove.co.uk:443/dir/crop/10:9-16:9/property-photo/dc8c7e25e/721604116648753/dc8c7e25e52267e8e1256d2dd67329ed_max_476x317.jpeg; https://media.rightmove.co.uk:443/dir/crop/10:9-16:9/property-photo/bc7e55116/721604116648753/bc7e551169464b73649aea5ee5a6c742_max_476x317.jpeg; https://media.rightmove.co.uk:443/dir/crop/10:9-16:9/property-photo/ec9e9d5d4/721604116648753/ec9e9d5d422f8f75d31918b16651be80_max_476x317.jpeg; https://media.rightmove.co.uk:443/dir/crop/10:9-16:9/property-photo/d00cc9eed/721604116648753/d00cc9eedc7c0eb9436e75c1ad2c6f90_max_476x317.jpeg; https://media.rightmove.co.uk:443/dir/crop/10:9-16:9/property-photo/1ac437e3a/721604116648753/1ac437e3ae31cc7e09564275c17099b6_max_476x317.jpeg; https://media.rightmove.co.uk:443/dir/crop/10:9-16:9/property-photo/d035fd376/721604116648753/d035fd3766442a500e35bfcc8c04b2a4_max_476x317.jpeg; https://media.rightmove.co.uk:443/dir/crop/10:9-16:9/property-photo/5e0f36fda/721604116648753/5e0f36fdae266f120becd322059b37fc_max_476x317.jpeg; https://media.rightmove.co.uk:443/dir/crop/10:9-16:9/property-photo/0fb774047/721604116648753/0fb7740476737bab77767f8dd49b7c58_max_476x317.jpeg; https://media.rightmove.co.uk:443/dir/crop/10:9-16:9/property-photo/e81005fc3/721604116648753/e81005fc32e6dbde6a71e6fee83b8c5a_max_476x317.jpeg; https://media.rightmove.co.uk:443/dir/crop/10:9-16:9/property-photo/1a48c4627/721604116648753/1a48c46277a05bbecb0ec133bfe8393d_max_476x317.jpeg; https://media.rightmove.co.uk:443/dir/crop/10:9-16:9/property-photo/0a6abf69b/721604116648753/0a6abf69b88eb99c024df724a43f6184_max_476x317.jpeg; https://media.rightmove.co.uk:443/dir/crop/10:9-16:9/property-photo/f83e5f651/721604116648753/f83e5f6515c6cc7d7633d5b1bd1317ff_max_476x317.jpeg; https://media.rightmove.co.uk:443/dir/crop/10:9-16:9/property-photo/a2877d760/721604116648753/a2877d760f0c0e1b706cf31d7f65e2f2_max_476x317.jpeg; https://media.rightmove.co.uk:443/dir/crop/10:9-16:9/property-photo/560286eb2/721604116648753/560286eb2ea57475680bf4d188d608d8_max_476x317.jpeg; https://media.rightmove.co.uk:443/dir/crop/10:9-16:9/property-photo/d485cb410/721604116648753/d485cb41015efb404b0151ef611173e0_max_476x317.jpeg; https://media.rightmove.co.uk:443/dir/crop/10:9-16:9/property-photo/29d772758/721604116648753/29d7727587ae6f682018f693449d5dc5_max_476x317.jpeg; https://media.rightmove.co.uk:443/dir/crop/10:9-16:9/property-photo/a3efff619/721604116648753/a3efff6192231278bfe9723f4a886271_max_476x317.jpeg; https://media.rightmove.co.uk:443/dir/crop/10:9-16:9/property-photo/6ecc52327/721604116648753/6ecc523276cc126c60da2e4c0a448cb4_max_476x317.jpeg; https://media.rightmove.co.uk:443/dir/crop/10:9-16:9/property-photo/710d0476a/721604116648753/710d0476a20d04cf47150025d533c30e_max_476x317.jpeg; https://media.rightmove.co.uk:443/dir/crop/10:9-16:9/property-photo/4b9a5b1f6/721604116648753/4b9a5b1f6752412e31e04f335af66e64_max_476x317.jpeg; https://media.rightmove.co.uk:443/dir/crop/10:9-16:9/property-photo/693c3e666/721604116648753/693c3e666a9cdba150239ca319cb1aca_max_476x317.jpeg; https://media.rightmove.co.uk:443/dir/crop/10:9-16:9/property-photo/9c63e51c3/721604116648753/9c63e51c3d699e4945c9ea0a638a9618_max_476x317.jpeg; https://media.rightmove.co.uk:443/dir/crop/10:9-16:9/property-photo/54a2ea1ad/721604116648753/54a2ea1ad760e436b24bd65a15ad0c3d_max_476x317.jpeg; https://media.rightmove.co.uk:443/dir/crop/10:9-16:9/property-photo/3bab9bdbb/721604116648753/3bab9bdbbb21bc7dc93816dfc895a13f_max_476x317.jpeg; https://media.rightmove.co.uk:443/dir/crop/10:9-16:9/property-photo/4afef045a/721604116648753/4afef045aa2f639fbae8060f3e361c3f_max_476x317.jpeg; https://media.rightmove.co.uk:443/dir/crop/10:9-16:9/property-photo/22165d9e5/721604116648753/22165d9e59802dec25b60414a4221a0a_max_476x317.jpeg"
"721604120843600","Suffolk","Distribution Warehouse","6 Boldero Road, Bury St. Edmunds, IP32 7BS","£6,250 pcm","","","","Detached warehouse/trade counter set on a site of 0.51 acres","https://www.rightmove.co.uk/properties/721604120843600#/?channel=COM_LET","2025-11-26T12:10:06Z","","new","Marketed by Hazells, Bury St Edmunds","","52.239714","0.748755","https://media.rightmove.co.uk:443/dir/crop/10:9-16:9/287k/286808/721604120843600/286808_212473-2_IMG_00_0000_max_476x317.jpeg; https://media.rightmove.co.uk:443/dir/crop/10:9-16:9/287k/286808/721604120843600/286808_212473-2_IMG_01_0000_max_476x317.jpeg; https://media.rightmove.co.uk:443/dir/crop/10:9-16:9/287k/286808/721604120843600/286808_212473-2_IMG_02_0000_max_476x317.jpeg; https://media.rightmove.co.uk:443/dir/crop/10:9-16:9/287k/286808/721604120843600/286808_212473-2_IMG_03_0000_max_476x317.jpeg"
"721604060026688","Suffolk","Retail Property (high street)","Mildenhall Bus Station, King Street, Mildenhall, Bury St. Edmunds, IP28 7EZ","POA","","","","Prominent former ticket office. To be reconfigured to provide self contained commercial unit suitable for variety of Class E uses (stp)","https://www.rightmove.co.uk/properties/721604060026688#/?channel=COM_LET","2025-11-26T12:10:04Z","","new","Marketed by Hazells, Bury St Edmunds","","52.343042","0.511964","https://media.rightmove.co.uk:443/dir/crop/10:9-16:9/287k/286808/721604060026688/286808_111859-2_IMG_00_0000_max_476x317.jpeg; https://media.rightmove.co.uk:443/dir/crop/10:9-16:9/287k/286808/721604060026688/286808_111859-2_IMG_01_0000_max_476x317.jpeg"
"721604162785568","Suffolk","Retail Property (high street)","22-23 Churchgate Street, Bury St. Edmunds, IP33 1RG","£1,375 pcm","","","","Town Centre Retail Unit To Let","https://www.rightmove.co.uk/properties/721604162785568#/?channel=COM_LET","2025-11-26T12:11:06Z","","new","Marketed by Hazells, Bury St Edmunds","","52.243558","0.715101","https://media.rightmove.co.uk:443/dir/crop/10:9-16:9/287k/286808/721604162785568/286808_287508-2_IMG_00_0000_max_476x317.jpeg; https://media.rightmove.co.uk:443/dir/crop/10:9-16:9/287k/286808/721604162785568/286808_287508-2_IMG_01_0000_max_476x317.jpeg; https://media.rightmove.co.uk:443/dir/crop/10:9-16:9/287k/286808/721604162785568/286808_287508-2_IMG_02_0000_max_476x317.jpeg; https://media.rightmove.co.uk:443/dir/crop/10:9-16:9/287k/286808/721604162785568/286808_287508-2_IMG_03_0000_max_476x317.jpeg"
"158797451","Suffolk","Light Industrial","Units 1-14, Gower Street, Ipswich, Suffolk, IP2 8EX","POA","","","","Gower Street Industrial Estate comprises several self-contained workshop/storage units. The units vary in size, with a typical layout offering workshop/storage, tea-point and WC. Some of the units are fitted with mezzanines providing additional flexible storage or office accommodation. Typical...","https://www.rightmove.co.uk/properties/158797451#/?channel=COM_LET","2025-02-27T17:49:09Z","","new","Marketed by Fenn Wright, Ipswich Commercial Sales and Lettings","","52.050743","1.155144","https://media.rightmove.co.uk:443/dir/crop/10:9-16:9/162k/161330/158797451/161330_14870643LH_IMG_00_0000_max_476x317.jpeg; https://media.rightmove.co.uk:443/dir/crop/10:9-16:9/162k/161330/158797451/161330_14870643LH_IMG_01_0000_max_476x317.jpeg; https://media.rightmove.co.uk:443/dir/crop/10:9-16:9/162k/161330/158797451/161330_14870643LH_IMG_02_0000_max_476x317.jpeg; https://media.rightmove.co.uk:443/dir/crop/10:9-16:9/162k/161330/158797451/161330_14870643LH_IMG_03_0000_max_476x317.jpeg; https://media.rightmove.co.uk:443/dir/crop/10:9-16:9/162k/161330/158797451/161330_14870643LH_IMG_04_0000_max_476x317.jpeg; https://media.rightmove.co.uk:443/dir/crop/10:9-16:9/162k/161330/158797451/161330_14870643LH_IMG_05_0000_max_476x317.jpeg; https://media.rightmove.co.uk:443/dir/crop/10:9-16:9/162k/161330/158797451/161330_14870643LH_IMG_06_0000_max_476x317.jpeg; https://media.rightmove.co.uk:443/dir/crop/10:9-16:9/162k/161330/158797451/161330_14870643LH_IMG_07_0000_max_476x317.jpeg"
"158510573","Suffolk","Retail Property (out of town)","Stonham Aspal, Suffolk","£500 pcm","","","","Various Retail Shops And Pods Available At This Popular, Bustling Family Complex With Numerous Regular Attractions And Events.  ","https://www.rightmove.co.uk/properties/158510573#/?channel=COM_LET","2025-02-20T15:19:56Z","","new","Marketed by Clarke and Simpson Commercial, Framlingham","","52.188797","1.138093","https://media.rightmove.co.uk:443/dir/crop/10:9-16:9/222k/221414/158510573/221414_L99817_IMG_00_0000_max_476x317.jpeg; https://media.rightmove.co.uk:443/dir/crop/10:9-16:9/222k/221414/158510573/221414_L99817_IMG_01_0000_max_476x317.jpeg; https://media.rightmove.co.uk:443/dir/crop/10:9-16:9/222k/221414/158510573/221414_L99817_IMG_02_0000_max_476x317.jpeg; https://media.rightmove.co.uk:443/dir/crop/10:9-16:9/222k/221414/158510573/221414_L99817_IMG_03_0000_max_476x317.jpeg; https://media.rightmove.co.uk:443/dir/crop/10:9-16:9/222k/221414/158510573/221414_L99817_IMG_04_0000_max_476x317.jpeg; https://media.rightmove.co.uk:443/dir/crop/10:9-16:9/222k/221414/158510573/221414_L99817_IMG_05_0000_max_476x317.jpeg; https://media.rightmove.co.uk:443/dir/crop/10:9-16:9/222k/221414/158510573/221414_L99817_IMG_06_0000_max_476x317.jpeg; https://media.rightmove.co.uk:443/dir/crop/10:9-16:9/222k/221414/158510573/221414_L99817_IMG_07_0000_max_476x317.jpeg; https://media.rightmove.co.uk:443/dir/crop/10:9-16:9/222k/221414/158510573/221414_L99817_IMG_08_0000_max_476x317.jpeg; https://media.rightmove.co.uk:443/dir/crop/10:9-16:9/222k/221414/158510573/221414_L99817_IMG_09_0000_max_476x317.jpeg; https://media.rightmove.co.uk:443/dir/crop/10:9-16:9/222k/221414/158510573/221414_L99817_IMG_10_0000_max_476x317.jpeg; https://media.rightmove.co.uk:443/dir/crop/10:9-16:9/222k/221414/158510573/221414_L99817_IMG_11_0000_max_476x317.jpeg; https://media.rightmove.co.uk:443/dir/crop/10:9-16:9/222k/221414/158510573/221414_L99817_IMG_12_0000_max_476x317.jpeg"
"158508023","Suffolk","Warehouse","Unit 12-14, Port One Logistics Park, Venture Way, Great Blakenham, IP6 0RL","POA","","","","Available: 2 Industrial Units that can be separate or joined - 165,120 - 385,142 ft² - Port One Logistics Park - Great Blakenham","https://www.rightmove.co.uk/properties/158508023#/?channel=COM_LET","2025-02-20T14:39:50Z","","new","Marketed by Savills, Ipswich","","52.103904","1.097138","https://media.rightmove.co.uk:443/dir/crop/10:9-16:9/property-photo/f6fde512d/158508023/f6fde512d7813f725baec921a04d7004_max_476x317.jpeg; https://media.rightmove.co.uk:443/dir/crop/10:9-16:9/property-photo/d8932fdeb/158508023/d8932fdeb76ee5ba3a28bcfadff79e56_max_476x317.jpeg; https://media.rightmove.co.uk:443/dir/crop/10:9-16:9/property-photo/3eadc097f/158508023/3eadc097fde93a08f2be8ed4e5648987_max_476x317.jpeg; https://media.rightmove.co.uk:443/dir/crop/10:9-16:9/property-photo/effd5ba91/158508023/effd5ba91e1416c3ecef40be32f8b856_max_476x317.jpeg"
"158506316","Suffolk","Warehouse","Unit 11, Port One Logistics Park, Venture Way, Great Blakenham, IP6 0RL","POA","","","","Industrial Unit - 219,160 ft² - Port One Logistics Park - Great Blakenham","https://www.rightmove.co.uk/properties/158506316#/?channel=COM_LET","2025-02-20T14:12:43Z","","new","Marketed by Savills, Ipswich","","52.103904","1.097138","https://media.rightmove.co.uk:443/dir/crop/10:9-16:9/215k/214097/158506316/214097_281303-2_IMG_00_0000_max_476x317.jpeg; https://media.rightmove.co.uk:443/dir/crop/10:9-16:9/215k/214097/158506316/214097_281303-2_IMG_01_0000_max_476x317.jpeg; https://media.rightmove.co.uk:443/dir/crop/10:9-16:9/215k/214097/158506316/214097_281303-2_IMG_02_0000_max_476x317.jpeg; https://media.rightmove.co.uk:443/dir/crop/10:9-16:9/215k/214097/158506316/214097_281303-2_IMG_03_0000_max_476x317.jpeg; https://media.rightmove.co.uk:443/dir/crop/10:9-16:9/215k/214097/158506316/214097_281303-2_IMG_04_0000_max_476x317.jpeg"
"158505284","Suffolk","Warehouse","Port One Logistics Park, Venture Way, Great Blakenham, IP6 0RL","POA","","","","Port One Logistics Park - Ipswich - Bespoke Units Available - 50,000 - 735,000 ft²","https://www.rightmove.co.uk/properties/158505284#/?channel=COM_LET","2025-02-20T13:54:17Z","","new","Marketed by Savills, Ipswich","","52.103904","1.097138","https://media.rightmove.co.uk:443/dir/crop/10:9-16:9/215k/214097/158505284/214097_281297-2_IMG_00_0000_max_476x317.jpeg; https://media.rightmove.co.uk:443/dir/crop/10:9-16:9/215k/214097/158505284/214097_281297-2_IMG_01_0000_max_476x317.jpeg; https://media.rightmove.co.uk:443/dir/crop/10:9-16:9/215k/214097/158505284/214097_281297-2_IMG_02_0000_max_476x317.jpeg; https://media.rightmove.co.uk:443/dir/crop/10:9-16:9/215k/214097/158505284/214097_281297-2_IMG_03_0000_max_476x317.jpeg; https://media.rightmove.co.uk:443/dir/crop/10:9-16:9/215k/214097/158505284/214097_281297-2_IMG_04_0000_max_476x317.jpeg; https://media.rightmove.co.uk:443/dir/crop/10:9-16:9/215k/214097/158505284/214097_281297-2_IMG_05_0000_max_476x317.jpeg"
"158253626","Suffolk","Serviced Office","The Former Coldstore Whapload Road, Lowestoft, Suffolk, NR32","£150 pcm","From","","","COMING SOON, Newley Refurbished serviced offices in the heart of Lowestoft's industrial area. The Former Cold Store is currently being redeveloped to offer serviced office space on the first floor. With Ample parking, this property is located in a prime location close to port and transport links.","https://www.rightmove.co.uk/properties/158253626#/?channel=COM_LET","2025-02-14T09:46:18Z","","size_change","Marketed by Peter Colby Commercials Limited, Norwich","","52.48443","1.75782","https://media.rightmove.co.uk:443/dir/crop/10:9-16:9/123k/122056/158253626/122056_LOWCOLD_IMG_00_0000_max_476x317.jpeg; https://media.rightmove.co.uk:443/dir/crop/10:9-16:9/123k/122056/158253626/122056_LOWCOLD_IMG_01_0000_max_476x317.png; https://media.rightmove.co.uk:443/dir/crop/10:9-16:9/123k/122056/158253626/122056_LOWCOLD_IMG_02_0000_max_476x317.png; https://media.rightmove.co.uk:443/dir/crop/10:9-16:9/123k/122056/158253626/122056_LOWCOLD_IMG_03_0000_max_476x317.png"
"158228915","Suffolk","Commercial Property","High Road West, Felixstowe, Suffolk, IP11","£833 pcm","","",""," Nicholas Estates Commercial Lettings Team are pleased to bring to the market this first floor office suite situated in a prominent position on High Road West. The accommodation extends to approximately 59sq.m/635sq. ft. A communal kitchen and toilet on the ground floor level is shared w...","https://www.rightmove.co.uk/properties/158228915#/?channel=COM_LET","2025-02-13T16:09:07Z","","new","Marketed by Nicholas Estates, Ipswich","","51.96777","1.34612","https://media.rightmove.co.uk:443/dir/crop/10:9-16:9/16k/15529/158228915/15529_7306349_IMG_00_0000_max_476x317.jpeg; https://media.rightmove.co.uk:443/dir/crop/10:9-16:9/16k/15529/158228915/15529_7306349_IMG_01_0000_max_476x317.jpeg; https://media.rightmove.co.uk:443/dir/crop/10:9-16:9/16k/15529/158228915/15529_7306349_IMG_02_0000_max_476x317.jpeg; https://media.rightmove.co.uk:443/dir/crop/10:9-16:9/16k/15529/158228915/15529_7306349_IMG_03_0000_max_476x317.jpeg; https://media.rightmove.co.uk:443/dir/crop/10:9-16:9/16k/15529/158228915/15529_7306349_IMG_04_0000_max_476x317.jpeg"
"158148629","Suffolk","Retail Property (out of town)","Saxmundham Road, Aldeburgh, Suffolk, IP15","£375 pcm","","","","Small container of 82sqft with outside covered space of 250sqft.","https://www.rightmove.co.uk/properties/158148629#/?channel=COM_LET","2025-02-12T11:39:01Z","","new","Marketed by Fennel Chartered Surveyors, Halesworth","","52.15688","1.59194","https://media.rightmove.co.uk:443/dir/crop/10:9-16:9/118k/117463/158148629/117463_hallfarmunit_IMG_00_0000_max_476x317.jpeg; https://media.rightmove.co.uk:443/dir/crop/10:9-16:9/118k/117463/158148629/117463_hallfarmunit_IMG_01_0000_max_476x317.jpeg; https://media.rightmove.co.uk:443/dir/crop/10:9-16:9/118k/117463/158148629/117463_hallfarmunit_IMG_02_0000_max_476x317.jpeg; https://media.rightmove.co.uk:443/dir/crop/10:9-16:9/118k/117463/158148629/117463_hallfarmunit_IMG_03_0000_max_476x317.jpeg; https://media.rightmove.co.uk:443/dir/crop/10:9-16:9/118k/117463/158148629/117463_hallfarmunit_IMG_04_0000_max_476x317.jpeg"
"158050283","Suffolk","Light Industrial","Unit 1 Anglia Parkway North, IP1","£3,542 pcm","","","","The property comprises a modern end terrace trade warehouse of steel portal frame construction incorporating blockwork / profile steel cladding beneath a lined pitched roof incorporating translucent roof panels. The property has been extensively fitted as a showroom with suspended ceilings,...","https://www.rightmove.co.uk/properties/158050283#/?channel=COM_LET","2025-02-10T15:39:59Z","","new","Marketed by Whybrow & Dodds Ltd, Colchester","","52.086963","1.11655","https://media.rightmove.co.uk:443/dir/crop/10:9-16:9/60k/59910/158050283/59910_WHY250021_L_IMG_07_0000_max_476x317.jpeg; https://media.rightmove.co.uk:443/dir/crop/10:9-16:9/60k/59910/158050283/59910_WHY250021_L_IMG_08_0000_max_476x317.jpeg; https://media.rightmove.co.uk:443/dir/crop/10:9-16:9/60k/59910/158050283/59910_WHY250021_L_IMG_09_0000_max_476x317.jpeg; https://media.rightmove.co.uk:443/dir/crop/10:9-16:9/60k/59910/158050283/59910_WHY250021_L_IMG_10_0000_max_476x317.jpeg; https://media.rightmove.co.uk:443/dir/crop/10:9-16:9/60k/59910/158050283/59910_WHY250021_L_IMG_11_0000_max_476x317.jpeg; https://media.rightmove.co.uk:443/dir/crop/10:9-16:9/60k/59910/158050283/59910_WHY250021_L_IMG_12_0000_max_476x317.jpeg; https://media.rightmove.co.uk:443/dir/crop/10:9-16:9/60k/59910/158050283/59910_WHY250021_L_IMG_13_0000_max_476x317.jpeg; https://media.rightmove.co.uk:443/dir/crop/10:9-16:9/60k/59910/158050283/59910_WHY250021_L_IMG_14_0000_max_476x317.jpeg; https://media.rightmove.co.uk:443/dir/crop/10:9-16:9/60k/59910/158050283/59910_WHY250021_L_IMG_15_0000_max_476x317.jpeg; https://media.rightmove.co.uk:443/dir/crop/10:9-16:9/60k/59910/158050283/59910_WHY250021_L_IMG_16_0000_max_476x317.jpeg; https://media.rightmove.co.uk:443/dir/crop/10:9-16:9/60k/59910/158050283/59910_WHY250021_L_IMG_17_0000_max_476x317.jpeg; https://media.rightmove.co.uk:443/dir/crop/10:9-16:9/60k/59910/158050283/59910_WHY250021_L_IMG_18_0000_max_476x317.jpeg; https://media.rightmove.co.uk:443/dir/crop/10:9-16:9/60k/59910/158050283/59910_WHY250021_L_IMG_02_0000_max_476x317.jpeg; https://media.rightmove.co.uk:443/dir/crop/10:9-16:9/60k/59910/158050283/59910_WHY250021_L_IMG_04_0000_max_476x317.jpeg; https://media.rightmove.co.uk:443/dir/crop/10:9-16:9/60k/59910/158050283/59910_WHY250021_L_IMG_05_0000_max_476x317.jpeg; https://media.rightmove.co.uk:443/dir/crop/10:9-16:9/60k/59910/158050283/59910_WHY250021_L_IMG_06_0000_max_476x317.jpeg"
"158048093","Suffolk","Warehouse","& 4 Woodlands Business Park, Bury St Edmunds, Suffolk, IP30 9ND","£2,894 pcm","","","","The property comprises two interconnected steel framed warehouse / industrial units with forecourt car parking for 12 cars and surface level loading door. The buildings benefit from an eaves height of 5m , painted concrete floors, insulated roof panels with translucent roof lights, suspended LED ...","https://www.rightmove.co.uk/properties/158048093#/?channel=COM_LET","2025-02-10T15:19:22Z","","new","Marketed by Eddisons Commercial Limited, Bury St. Edmunds","","52.241428","0.77531","https://media.rightmove.co.uk:443/dir/crop/10:9-16:9/237k/236930/158048093/236930_3020740LH_IMG_06_0000_max_476x317.jpeg; https://media.rightmove.co.uk:443/dir/crop/10:9-16:9/237k/236930/158048093/236930_3020740LH_IMG_02_0000_max_476x317.jpeg; https://media.rightmove.co.uk:443/dir/crop/10:9-16:9/237k/236930/158048093/236930_3020740LH_IMG_03_0000_max_476x317.jpeg; https://media.rightmove.co.uk:443/dir/crop/10:9-16:9/237k/236930/158048093/236930_3020740LH_IMG_04_0000_max_476x317.jpeg; https://media.rightmove.co.uk:443/dir/crop/10:9-16:9/237k/236930/158048093/236930_3020740LH_IMG_05_0000_max_476x317.jpeg"
"127599899","Suffolk","Office","10 The Brooks, Deben Meadows","£500 pcm","","","","Ground Floor Office accommodation available TO LET, located on New Development. Flexible Terms","https://www.rightmove.co.uk/properties/127599899#/?channel=COM_LET","2022-09-30T15:27:38Z","","new","Marketed by Nicholas Percival Commercial, Colchester","","52.09985","1.32563","https://media.rightmove.co.uk:443/dir/crop/10:9-16:9/56k/55401/127599899/55401_101551003088_IMG_04_0000_max_476x317.jpeg; https://media.rightmove.co.uk:443/dir/crop/10:9-16:9/56k/55401/127599899/55401_101551003088_IMG_03_0000_max_476x317.jpeg; https://media.rightmove.co.uk:443/dir/crop/10:9-16:9/56k/55401/127599899/55401_101551003088_IMG_02_0000_max_476x317.jpeg; https://media.rightmove.co.uk:443/dir/crop/10:9-16:9/56k/55401/127599899/55401_101551003088_IMG_01_0000_max_476x317.jpeg; https://media.rightmove.co.uk:443/dir/crop/10:9-16:9/56k/55401/127599899/55401_101551003088_IMG_05_0000_max_476x317.jpeg; https://media.rightmove.co.uk:443/dir/crop/10:9-16:9/56k/55401/127599899/55401_101551003088_IMG_06_0000_max_476x317.jpeg"
"157202954","Suffolk","Warehouse","Unit 2 Junction 56 Logistics Park, A14, Ipswich, Suffolk, IP2","POA","","","","J56 is a brand new development offering high quality industrial and logistic space. The site was originally granted consent for a four unit midbox scheme, with B1c/B2 & B8 use.","https://www.rightmove.co.uk/properties/157202954#/?channel=COM_LET","2025-02-03T10:28:43Z","","size_change","Marketed by Coke Gearing Consulting, Bishops Stortford","","52.02538","1.13799","https://media.rightmove.co.uk:443/dir/crop/10:9-16:9/111k/110398/157202954/110398_H0038_IMG_00_0000_max_476x317.jpeg; https://media.rightmove.co.uk:443/dir/crop/10:9-16:9/111k/110398/157202954/110398_H0038_IMG_01_0000_max_476x317.jpeg; https://media.rightmove.co.uk:443/dir/crop/10:9-16:9/111k/110398/157202954/110398_H0038_IMG_02_0000_max_476x317.png"
"157203059","Suffolk","Warehouse","Units 1&2 Junction 56 Logistics Park, A14, Ipswich, Suffolk, IP2","POA","","","","J56 is a brand new development offering high quality industrial and logistic space. The site was originally granted consent for a four unit midbox scheme, with B1c/B2 & B8 use.","https://www.rightmove.co.uk/properties/157203059#/?channel=COM_LET","2025-02-03T10:28:30Z","","new","Marketed by Coke Gearing Consulting, Bishops Stortford","","52.02538","1.13799","https://media.rightmove.co.uk:443/dir/crop/10:9-16:9/111k/110398/157203059/110398_H0039_IMG_00_0000_max_476x317.jpeg; https://media.rightmove.co.uk:443/dir/crop/10:9-16:9/111k/110398/157203059/110398_H0039_IMG_01_0000_max_476x317.jpeg; https://media.rightmove.co.uk:443/dir/crop/10:9-16:9/111k/110398/157203059/110398_H0039_IMG_02_0000_max_476x317.png"
"157202726","Suffolk","Warehouse","Unit 1 Junction 56 Logistics Park, A14, Ipswich, Suffolk, IP2","POA","","","","J56 is a brand new development offering high quality industrial and logistic space. The site was originally granted consent for a four unit midbox scheme, with B1c/B2 & B8 use.","https://www.rightmove.co.uk/properties/157202726#/?channel=COM_LET","2025-02-03T10:28:17Z","","new","Marketed by Coke Gearing Consulting, Bishops Stortford","","52.02538","1.13799","https://media.rightmove.co.uk:443/dir/crop/10:9-16:9/111k/110398/157202726/110398_H0037_IMG_00_0000_max_476x317.jpeg; https://media.rightmove.co.uk:443/dir/crop/10:9-16:9/111k/110398/157202726/110398_H0037_IMG_01_0000_max_476x317.jpeg; https://media.rightmove.co.uk:443/dir/crop/10:9-16:9/111k/110398/157202726/110398_H0037_IMG_02_0000_max_476x317.png"
"167971784","Suffolk","Leisure Facility","Unit 27, East Gate, Ipswich","£10,000 pcm","","","","The Eastgate Centre was reconfigured and substantially reconstructed in the early 2000’s to create an outward facing parade of well configured shops at 13-51 Carr Street. The parade is anchored by a 33,000 sq ft B&M Bargains, with an additional 11 shops of varying sizes at...","https://www.rightmove.co.uk/properties/167971784#/?channel=COM_LET","2025-10-08T10:42:45Z","","new","Marketed by LCP, Commercial","","52.05752","1.15775","https://media.rightmove.co.uk:443/dir/crop/10:9-16:9/property-photo/eaba0b6d6/167971784/eaba0b6d6afef8a680d68eef4e271ef2_max_476x317.png; https://media.rightmove.co.uk:443/dir/crop/10:9-16:9/property-photo/0f2f37996/167971784/0f2f379969e7714d510f22bbf0608751_max_476x317.jpeg; https://media.rightmove.co.uk:443/dir/crop/10:9-16:9/property-photo/6f8bf248c/167971784/6f8bf248c02fade1ca8c819033df645e_max_476x317.jpeg; https://media.rightmove.co.uk:443/dir/crop/10:9-16:9/property-photo/af7895ed7/167971784/af7895ed7349a4c841026b1706ee96ee_max_476x317.jpeg"
"167971790","Suffolk","Retail Property (high street)","Unit 27, East Gate, Ipswich","£10,000 pcm","","","","The Eastgate Centre was reconfigured and substantially reconstructed in the early 2000’s to create an outward facing parade of well configured shops at 13-51 Carr Street. The parade is anchored by a 33,000 sq ft B&M Bargains, with an additional 11 shops of varying sizes at...","https://www.rightmove.co.uk/properties/167971790#/?channel=COM_LET","2025-10-08T10:42:46Z","","new","Marketed by LCP, Commercial","","52.05752","1.15775","https://media.rightmove.co.uk:443/dir/crop/10:9-16:9/230k/229553/167971790/229553_679ba439cf5984b44021a4e1_2_187_IMG_01_0000_max_476x317.png; https://media.rightmove.co.uk:443/dir/crop/10:9-16:9/230k/229553/167971790/229553_679ba439cf5984b44021a4e1_2_187_IMG_02_0000_max_476x317.jpeg; https://media.rightmove.co.uk:443/dir/crop/10:9-16:9/230k/229553/167971790/229553_679ba439cf5984b44021a4e1_2_187_IMG_03_0000_max_476x317.jpeg; https://media.rightmove.co.uk:443/dir/crop/10:9-16:9/230k/229553/167971790/229553_679ba439cf5984b44021a4e1_2_187_IMG_00_0000_max_476x317.jpeg"
"157550372","Suffolk","Office","Hadleigh Road, Ipswich, Suffolk, IP8","£4,146 pcm","","","","Office building in private groundsCirca. 15 car spacesIdeal location for access to the A12/A14 and town centreGated entranceNew lease termsTo be refurbished","https://www.rightmove.co.uk/properties/157550372#/?channel=COM_LET","2025-01-30T10:17:36Z","","new","Marketed by Reader Commercial, Ipswich","","52.05082","1.10034","https://media.rightmove.co.uk:443/dir/crop/10:9-16:9/91k/90673/157550372/90673_SpringvaleCourtHadleighRoadIpswich_IMG_00_0000_max_476x317.jpeg; https://media.rightmove.co.uk:443/dir/crop/10:9-16:9/91k/90673/157550372/90673_SpringvaleCourtHadleighRoadIpswich_IMG_01_0000_max_476x317.jpeg; https://media.rightmove.co.uk:443/dir/crop/10:9-16:9/91k/90673/157550372/90673_SpringvaleCourtHadleighRoadIpswich_IMG_02_0000_max_476x317.jpeg; https://media.rightmove.co.uk:443/dir/crop/10:9-16:9/91k/90673/157550372/90673_SpringvaleCourtHadleighRoadIpswich_IMG_03_0000_max_476x317.jpeg; https://media.rightmove.co.uk:443/dir/crop/10:9-16:9/91k/90673/157550372/90673_SpringvaleCourtHadleighRoadIpswich_IMG_04_0000_max_476x317.jpeg; https://media.rightmove.co.uk:443/dir/crop/10:9-16:9/91k/90673/157550372/90673_SpringvaleCourtHadleighRoadIpswich_IMG_05_0000_max_476x317.jpeg; https://media.rightmove.co.uk:443/dir/crop/10:9-16:9/91k/90673/157550372/90673_SpringvaleCourtHadleighRoadIpswich_IMG_06_0000_max_476x317.jpeg; https://media.rightmove.co.uk:443/dir/crop/10:9-16:9/91k/90673/157550372/90673_SpringvaleCourtHadleighRoadIpswich_IMG_07_0000_max_476x317.jpeg"
"157549766","Suffolk","Land","Hardstanding Yard to Let near Creeting St Mary, Ipswich, Suffolk – up to 10,000 sq ft.","£1,667 pcm","Guide Price","","","DESCRIPTIONHardstanding fenced yard to let on a secure rural site near Creeting St Mary with excellent A14 access. Up to 10,000 sq ft available. Plots size upon negotiation with landlord directly. There is a variety of warehousing options on and near this site, please enquire directly for more in...","https://www.rightmove.co.uk/properties/157549766#/?channel=COM_LET","2025-01-30T09:36:50Z","","size_change","Marketed by Howie Kent & Co Ltd, Essex","","52.150386","1.083107","https://media.rightmove.co.uk:443/dir/crop/10:9-16:9/229k/228701/157549766/228701_HKC10364_IMG_00_0000_max_476x317.png"
"157454729","Suffolk","Light Industrial","Copdock, Ipswich","£708 pcm","","","","Brand new B2 industrial units of 520sq.ft each, situated just off the A12 at Copdock.  ","https://www.rightmove.co.uk/properties/157454729#/?channel=COM_LET","2025-01-28T10:28:53Z","","new","Marketed by Clarke and Simpson Commercial, Framlingham","","52.014889","1.067217","https://media.rightmove.co.uk:443/dir/crop/10:9-16:9/222k/221414/157454729/221414_L97252_IMG_00_0000_max_476x317.jpeg; https://media.rightmove.co.uk:443/dir/crop/10:9-16:9/222k/221414/157454729/221414_L97252_IMG_01_0000_max_476x317.jpeg; https://media.rightmove.co.uk:443/dir/crop/10:9-16:9/222k/221414/157454729/221414_L97252_IMG_02_0000_max_476x317.jpeg; https://media.rightmove.co.uk:443/dir/crop/10:9-16:9/222k/221414/157454729/221414_L97252_IMG_03_0000_max_476x317.jpeg; https://media.rightmove.co.uk:443/dir/crop/10:9-16:9/222k/221414/157454729/221414_L97252_IMG_04_0000_max_476x317.jpeg; https://media.rightmove.co.uk:443/dir/crop/10:9-16:9/222k/221414/157454729/221414_L97252_IMG_05_0000_max_476x317.jpeg; https://media.rightmove.co.uk:443/dir/crop/10:9-16:9/222k/221414/157454729/221414_L97252_IMG_06_0000_max_476x317.jpeg"
"157406870","Suffolk","Office","Unit 48 Claydon Business Park, Great Blakenham, IP6","£1,638 pcm","","","","The property comprises a modern self-contained open plan first floor office unit within a larger building comprising other office suites. This has recently been refurbished and benefits from comfort cooling/heating, suspended ceilings with LED lighting, carpeting, perimeter trunking, fitted ...","https://www.rightmove.co.uk/properties/157406870#/?channel=COM_LET","2025-01-27T12:29:49Z","","new","Marketed by Whybrow & Dodds Ltd, Colchester","","52.113813","1.098486","https://media.rightmove.co.uk:443/dir/crop/10:9-16:9/60k/59910/157406870/59910_WHY250009_L_IMG_01_0000_max_476x317.jpeg; https://media.rightmove.co.uk:443/dir/crop/10:9-16:9/60k/59910/157406870/59910_WHY250009_L_IMG_00_0000_max_476x317.jpeg; https://media.rightmove.co.uk:443/dir/crop/10:9-16:9/60k/59910/157406870/59910_WHY250009_L_IMG_02_0000_max_476x317.jpeg; https://media.rightmove.co.uk:443/dir/crop/10:9-16:9/60k/59910/157406870/59910_WHY250009_L_IMG_03_0000_max_476x317.jpeg; https://media.rightmove.co.uk:443/dir/crop/10:9-16:9/60k/59910/157406870/59910_WHY250009_L_IMG_04_0000_max_476x317.jpeg; https://media.rightmove.co.uk:443/dir/crop/10:9-16:9/60k/59910/157406870/59910_WHY250009_L_IMG_05_0000_max_476x317.jpeg; https://media.rightmove.co.uk:443/dir/crop/10:9-16:9/60k/59910/157406870/59910_WHY250009_L_IMG_06_0000_max_476x317.jpeg; https://media.rightmove.co.uk:443/dir/crop/10:9-16:9/60k/59910/157406870/59910_WHY250009_L_IMG_07_0000_max_476x317.jpeg"
"157203206","Suffolk","Office","Former Station House, Station Yard, Needham Market, Suffolk, IP6 8AS","£2,708 pcm","","","","LOCATION: Needham Market is a well positioned market town adjacent to the A14 corridor, providing excellent road connectivity across Suffolk and further afield. The town lies approximately 9 miles northwest of the county town of Ipswich and 20 miles southeast of Bury St Edmuds. The property it...","https://www.rightmove.co.uk/properties/157203206#/?channel=COM_LET","2025-01-22T12:17:31Z","","new","Marketed by Fenn Wright, Ipswich Commercial Sales and Lettings","","52.152603","1.055349","https://media.rightmove.co.uk:443/dir/crop/10:9-16:9/162k/161330/157203206/161330_14870611LH_IMG_00_0000_max_476x317.jpeg; https://media.rightmove.co.uk:443/dir/crop/10:9-16:9/162k/161330/157203206/161330_14870611LH_IMG_01_0000_max_476x317.jpeg; https://media.rightmove.co.uk:443/dir/crop/10:9-16:9/162k/161330/157203206/161330_14870611LH_IMG_02_0000_max_476x317.jpeg; https://media.rightmove.co.uk:443/dir/crop/10:9-16:9/162k/161330/157203206/161330_14870611LH_IMG_03_0000_max_476x317.jpeg; https://media.rightmove.co.uk:443/dir/crop/10:9-16:9/162k/161330/157203206/161330_14870611LH_IMG_04_0000_max_476x317.jpeg; https://media.rightmove.co.uk:443/dir/crop/10:9-16:9/162k/161330/157203206/161330_14870611LH_IMG_05_0000_max_476x317.jpeg; https://media.rightmove.co.uk:443/dir/crop/10:9-16:9/162k/161330/157203206/161330_14870611LH_IMG_06_0000_max_476x317.jpeg"
"168414608","Suffolk","Warehouse","Opus Park, Exchange Place, Old Ipswich Road, Claydon, IP6 0FU","£2,500 pcm","","","","TO LET/FOR SALE: New Office Development in Claydon - 1,800 - 9,000 ft²","https://www.rightmove.co.uk/properties/168414608#/?channel=COM_LET","2025-10-21T09:00:08Z","","new","Marketed by Savills, Chelmsford Industrial","","52.100087","1.111985","https://media.rightmove.co.uk:443/dir/crop/10:9-16:9/215k/214109/168414608/214109_197955-2_IMG_00_0000_max_476x317.jpeg; https://media.rightmove.co.uk:443/dir/crop/10:9-16:9/215k/214109/168414608/214109_197955-2_IMG_01_0000_max_476x317.jpeg; https://media.rightmove.co.uk:443/dir/crop/10:9-16:9/215k/214109/168414608/214109_197955-2_IMG_02_0000_max_476x317.jpeg"
"157169228","Suffolk","Storage","Open Storage Opportunity, West Bank Terminal, Port of Ipswich, IP2 8NB","POA","","","","Open Storage Opportunity Up to 2.18 Acres (Other opportunities available on the port ranging from 1 - 6 acres)","https://www.rightmove.co.uk/properties/157169228#/?channel=COM_LET","2025-01-21T16:42:40Z","","new","Marketed by JLL, London - Industrial","","52.0421","1.155881","https://media.rightmove.co.uk:443/dir/crop/10:9-16:9/264k/263627/157169228/263627_272423-2_IMG_03_0000_max_476x317.jpeg; https://media.rightmove.co.uk:443/dir/crop/10:9-16:9/264k/263627/157169228/263627_272423-2_IMG_00_0000_max_476x317.jpeg; https://media.rightmove.co.uk:443/dir/crop/10:9-16:9/264k/263627/157169228/263627_272423-2_IMG_02_0000_max_476x317.jpeg; https://media.rightmove.co.uk:443/dir/crop/10:9-16:9/264k/263627/157169228/263627_272423-2_IMG_05_0000_max_476x317.jpeg; https://media.rightmove.co.uk:443/dir/crop/10:9-16:9/264k/263627/157169228/263627_272423-2_IMG_04_0000_max_476x317.jpeg"
"157168610","Suffolk","Distribution Warehouse","Shed 10, West Bank Terminal, Port of Ipswich, IP2 8NB","POA","","","","Shed 10 comprises a quayside part open-sided coverage storage opportunity. 47,468 sq ft Yard Area Of 0.68 Acres","https://www.rightmove.co.uk/properties/157168610#/?channel=COM_LET","2025-01-21T16:33:43Z","","new","Marketed by JLL, London - Industrial","","52.0421","1.155881","https://media.rightmove.co.uk:443/dir/crop/10:9-16:9/264k/263627/157168610/263627_272415-2_IMG_06_0000_max_476x317.jpeg; https://media.rightmove.co.uk:443/dir/crop/10:9-16:9/264k/263627/157168610/263627_272415-2_IMG_07_0000_max_476x317.jpeg; https://media.rightmove.co.uk:443/dir/crop/10:9-16:9/264k/263627/157168610/263627_272415-2_IMG_02_0000_max_476x317.jpeg; https://media.rightmove.co.uk:443/dir/crop/10:9-16:9/264k/263627/157168610/263627_272415-2_IMG_10_0000_max_476x317.jpeg; https://media.rightmove.co.uk:443/dir/crop/10:9-16:9/264k/263627/157168610/263627_272415-2_IMG_09_0000_max_476x317.jpeg; https://media.rightmove.co.uk:443/dir/crop/10:9-16:9/264k/263627/157168610/263627_272415-2_IMG_04_0000_max_476x317.jpeg; https://media.rightmove.co.uk:443/dir/crop/10:9-16:9/264k/263627/157168610/263627_272415-2_IMG_08_0000_max_476x317.jpeg; https://media.rightmove.co.uk:443/dir/crop/10:9-16:9/264k/263627/157168610/263627_272415-2_IMG_03_0000_max_476x317.jpeg"
"87067401","Suffolk","Office","Framlingham Technology Centre, Station Road, Framlingham, Suffolk, IP13","POA","","","","Framlingham is a thriving and growing market town with a population of around 3,100 and a wider catchment area of approximately 10,000. Conveniently situated, the town lies approximately 19 miles northwest of Ipswich, 11 miles north of Woodbridge, and 7 miles west of Saxmundham. Excellent transpo...","https://www.rightmove.co.uk/properties/87067401#/?channel=COM_LET","2025-01-21T10:22:26Z","","new","Marketed by Fenn Wright, Ipswich Commercial Sales and Lettings","","52.214615","1.343687","https://media.rightmove.co.uk:443/dir/crop/10:9-16:9/property-photo/b193250da/87067401/b193250da10894e52005d88df90e9d69_max_476x317.jpeg; https://media.rightmove.co.uk:443/dir/crop/10:9-16:9/property-photo/34f68a32f/87067401/34f68a32f82376b6acdc3815042568ac_max_476x317.jpeg; https://media.rightmove.co.uk:443/dir/crop/10:9-16:9/property-photo/c3af41a40/87067401/c3af41a40ff37f100e20df3ef822d8c1_max_476x317.jpeg; https://media.rightmove.co.uk:443/dir/crop/10:9-16:9/property-photo/fde8f4bb4/87067401/fde8f4bb4b288d8a263ee5e5f271bc8d_max_476x317.jpeg; https://media.rightmove.co.uk:443/dir/crop/10:9-16:9/property-photo/eedaa2529/87067401/eedaa252962b8f9d486853543c53db62_max_476x317.jpeg; https://media.rightmove.co.uk:443/dir/crop/10:9-16:9/property-photo/c326069cf/87067401/c326069cf08715cb66f12984bbfaee35_max_476x317.jpeg; https://media.rightmove.co.uk:443/dir/crop/10:9-16:9/property-photo/2c49d4617/87067401/2c49d4617a2b58b29d45d3beb74c9a13_max_476x317.jpeg; https://media.rightmove.co.uk:443/dir/crop/10:9-16:9/property-photo/5aeb0327e/87067401/5aeb0327e8f289b881c660b4da688cb6_max_476x317.jpeg; https://media.rightmove.co.uk:443/dir/crop/10:9-16:9/property-photo/0f020276f/87067401/0f020276f439784784b6ddc64a55f886_max_476x317.jpeg"
"156856955","Suffolk","Office","Hamlet Road, Haverhill, Suffolk, CB9","£350 pcm","","","","Room 15Anne of Cleves House, Hamlet Road, Haverhill","https://www.rightmove.co.uk/properties/156856955#/?channel=COM_LET","2025-01-14T13:28:21Z","","size_change","Marketed by Preview Property Services, Haverhill","","52.07901","0.44304","https://media.rightmove.co.uk:443/dir/crop/10:9-16:9/278k/277625/156856955/277625_room15_IMG_02_0000_max_476x317.jpeg; https://media.rightmove.co.uk:443/dir/crop/10:9-16:9/278k/277625/156856955/277625_room15_IMG_00_0000_max_476x317.jpeg; https://media.rightmove.co.uk:443/dir/crop/10:9-16:9/278k/277625/156856955/277625_room15_IMG_01_0000_max_476x317.jpeg"
"156856583","Suffolk","Office","Hamlet Road, Haverhill, Suffolk, CB9","£350 pcm","","","","Room 3Anne Cleves House - Haverhill","https://www.rightmove.co.uk/properties/156856583#/?channel=COM_LET","2025-01-14T13:22:56Z","","size_change","Marketed by Preview Property Services, Haverhill","","52.07901","0.44304","https://media.rightmove.co.uk:443/dir/crop/10:9-16:9/278k/277625/156856583/277625_room3_IMG_02_0000_max_476x317.jpeg; https://media.rightmove.co.uk:443/dir/crop/10:9-16:9/278k/277625/156856583/277625_room3_IMG_00_0000_max_476x317.jpeg; https://media.rightmove.co.uk:443/dir/crop/10:9-16:9/278k/277625/156856583/277625_room3_IMG_01_0000_max_476x317.jpeg"
"156820883","Suffolk","Serviced Office","Stratford St Mary","£3,750 pcm","Fixed Price","","","Self-contained, service office space available close to Stratford St Mary. The site is within a 1 mile (by car) reach of the A12, which allows for continued access on to the A120 (6.7 miles by car) and the A14 (6.5 miles by car). The office is split over 2 floors and is accessed via a court ya...","https://www.rightmove.co.uk/properties/156820883#/?channel=COM_LET","2025-01-13T16:35:07Z","","new","Marketed by Whirledge and Nott, Commercial","","51.9786","0.99053","https://media.rightmove.co.uk:443/dir/crop/10:9-16:9/174k/173735/156820883/173735_4742_IMG_00_0000_max_476x317.jpeg; https://media.rightmove.co.uk:443/dir/crop/10:9-16:9/174k/173735/156820883/173735_4742_IMG_01_0000_max_476x317.jpeg; https://media.rightmove.co.uk:443/dir/crop/10:9-16:9/174k/173735/156820883/173735_4742_IMG_02_0000_max_476x317.jpeg; https://media.rightmove.co.uk:443/dir/crop/10:9-16:9/174k/173735/156820883/173735_4742_IMG_03_0000_max_476x317.jpeg; https://media.rightmove.co.uk:443/dir/crop/10:9-16:9/174k/173735/156820883/173735_4742_IMG_04_0000_max_476x317.jpeg; https://media.rightmove.co.uk:443/dir/crop/10:9-16:9/174k/173735/156820883/173735_4742_IMG_05_0000_max_476x317.jpeg; https://media.rightmove.co.uk:443/dir/crop/10:9-16:9/174k/173735/156820883/173735_4742_IMG_06_0000_max_476x317.jpeg; https://media.rightmove.co.uk:443/dir/crop/10:9-16:9/174k/173735/156820883/173735_4742_IMG_07_0000_max_476x317.jpeg; https://media.rightmove.co.uk:443/dir/crop/10:9-16:9/174k/173735/156820883/173735_4742_IMG_08_0000_max_476x317.jpeg; https://media.rightmove.co.uk:443/dir/crop/10:9-16:9/174k/173735/156820883/173735_4742_IMG_09_0000_max_476x317.jpeg; https://media.rightmove.co.uk:443/dir/crop/10:9-16:9/174k/173735/156820883/173735_4742_IMG_10_0000_max_476x317.jpeg; https://media.rightmove.co.uk:443/dir/crop/10:9-16:9/174k/173735/156820883/173735_4742_IMG_11_0000_max_476x317.jpeg; https://media.rightmove.co.uk:443/dir/crop/10:9-16:9/174k/173735/156820883/173735_4742_IMG_12_0000_max_476x317.jpeg; https://media.rightmove.co.uk:443/dir/crop/10:9-16:9/174k/173735/156820883/173735_4742_IMG_13_0000_max_476x317.jpeg; https://media.rightmove.co.uk:443/dir/crop/10:9-16:9/174k/173735/156820883/173735_4742_IMG_14_0000_max_476x317.jpeg"
"156820871","Suffolk","Serviced Office","Stratford St Mary","£1,333 pcm","Fixed Price","","","Self-contained, service office space available close to Stratford St Mary. The site is within a 1 mile (by car) reach of the A12, which allows for continued access on to the A120 (6.7 miles by car) and the A14 (6.5 miles by car). The office is on a ground floor level and is accessed via a cour...","https://www.rightmove.co.uk/properties/156820871#/?channel=COM_LET","2025-01-13T16:35:03Z","","new","Marketed by Whirledge and Nott, Commercial","","51.9786","0.99053","https://media.rightmove.co.uk:443/dir/crop/10:9-16:9/174k/173735/156820871/173735_4741_IMG_00_0000_max_476x317.jpeg; https://media.rightmove.co.uk:443/dir/crop/10:9-16:9/174k/173735/156820871/173735_4741_IMG_01_0000_max_476x317.jpeg; https://media.rightmove.co.uk:443/dir/crop/10:9-16:9/174k/173735/156820871/173735_4741_IMG_02_0000_max_476x317.jpeg; https://media.rightmove.co.uk:443/dir/crop/10:9-16:9/174k/173735/156820871/173735_4741_IMG_03_0000_max_476x317.jpeg; https://media.rightmove.co.uk:443/dir/crop/10:9-16:9/174k/173735/156820871/173735_4741_IMG_04_0000_max_476x317.jpeg; https://media.rightmove.co.uk:443/dir/crop/10:9-16:9/174k/173735/156820871/173735_4741_IMG_05_0000_max_476x317.jpeg; https://media.rightmove.co.uk:443/dir/crop/10:9-16:9/174k/173735/156820871/173735_4741_IMG_06_0000_max_476x317.jpeg; https://media.rightmove.co.uk:443/dir/crop/10:9-16:9/174k/173735/156820871/173735_4741_IMG_07_0000_max_476x317.jpeg; https://media.rightmove.co.uk:443/dir/crop/10:9-16:9/174k/173735/156820871/173735_4741_IMG_08_0000_max_476x317.jpeg; https://media.rightmove.co.uk:443/dir/crop/10:9-16:9/174k/173735/156820871/173735_4741_IMG_09_0000_max_476x317.jpeg; https://media.rightmove.co.uk:443/dir/crop/10:9-16:9/174k/173735/156820871/173735_4741_IMG_10_0000_max_476x317.jpeg; https://media.rightmove.co.uk:443/dir/crop/10:9-16:9/174k/173735/156820871/173735_4741_IMG_11_0000_max_476x317.jpeg"
"156590450","Suffolk","Office","Stevens House 17 Station Road West, Stowmarket, Suffolk, IP14","POA","","","","Modern multi-let office building located close to the town centre, public car parks and rail links. There are a total of 9 suites across the whole building plus a ground floor lobby with reception desk (currently unattended). The building benefits from a passenger lift, WCs on each floor and kit...","https://www.rightmove.co.uk/properties/156590450#/?channel=COM_LET","2025-01-07T16:25:39Z","","new","Marketed by Eddisons Commercial Limited, Bury St. Edmunds","","52.188237","0.998204","https://media.rightmove.co.uk:443/dir/crop/10:9-16:9/237k/236930/156590450/236930_13497LH_IMG_00_0000_max_476x317.jpeg; https://media.rightmove.co.uk:443/dir/crop/10:9-16:9/237k/236930/156590450/236930_13497LH_IMG_01_0000_max_476x317.jpeg; https://media.rightmove.co.uk:443/dir/crop/10:9-16:9/237k/236930/156590450/236930_13497LH_IMG_02_0000_max_476x317.jpeg; https://media.rightmove.co.uk:443/dir/crop/10:9-16:9/237k/236930/156590450/236930_13497LH_IMG_03_0000_max_476x317.jpeg; https://media.rightmove.co.uk:443/dir/crop/10:9-16:9/237k/236930/156590450/236930_13497LH_IMG_04_0000_max_476x317.jpeg; https://media.rightmove.co.uk:443/dir/crop/10:9-16:9/237k/236930/156590450/236930_13497LH_IMG_05_0000_max_476x317.jpeg"
"156585899","Suffolk","Industrial Park","Nucleus, Exning Road, Newmarket, CB8 0AU","POA","","","","10 new industrial/warehouse/research and development units 3,595 - 10,612 sq ft (units 6 & 7 combined) Freehold/Leasehold","https://www.rightmove.co.uk/properties/156585899#/?channel=COM_LET","2025-01-07T15:36:33Z","","new","Marketed by Cushman & Wakefield LLP, London & South East - Industrial","","52.23321","0.38252","https://media.rightmove.co.uk:443/dir/crop/10:9-16:9/83k/82140/156585899/82140_82140_243AA700_IMG_00_0000_max_476x317.jpeg; https://media.rightmove.co.uk:443/dir/crop/10:9-16:9/83k/82140/156585899/82140_82140_243AA700_IMG_01_0000_max_476x317.jpeg"
"156517214","Suffolk","Retail Property (high street)","33 Hamilton Road, Felixstowe, Suffolk, IP11 7BA","£2,083 pcm","","","","LOCATION: Felixstowe is a popular East Anglian tourist destination with a resident population of approximately 24,000 which increases significantly during the summer tourist season. The town's popularity has improved in recent years and is currently experiencing significant new development a...","https://www.rightmove.co.uk/properties/156517214#/?channel=COM_LET","2025-01-06T10:48:08Z","","new","Marketed by Fenn Wright, Ipswich Commercial Sales and Lettings","","51.961697","1.350864","https://media.rightmove.co.uk:443/dir/crop/10:9-16:9/property-photo/1b84a65e4/156517214/1b84a65e42a6bb86c3aa228468dc45fd_max_476x317.jpeg; https://media.rightmove.co.uk:443/dir/crop/10:9-16:9/property-photo/dae1fe45e/156517214/dae1fe45e541c38864cd9980a945bf61_max_476x317.jpeg; https://media.rightmove.co.uk:443/dir/crop/10:9-16:9/property-photo/df6012488/156517214/df60124887af0a52699127e1661501ab_max_476x317.jpeg; https://media.rightmove.co.uk:443/dir/crop/10:9-16:9/property-photo/4188ddb2a/156517214/4188ddb2aa9df35aa0b3bf7dd0f78a83_max_476x317.jpeg; https://media.rightmove.co.uk:443/dir/crop/10:9-16:9/property-photo/347d0eac7/156517214/347d0eac741ab64a00fbafb837068e65_max_476x317.jpeg"
"156079745","Suffolk","Office","Regent House Northgate Street Business Park, Bury St Edmunds, Suffolk, IP33 1HP","£958 pcm","","","","Regent House is located on Northgate Street Business Park in Bury St Edmunds town centre. The retail core of the town is approximately 500 metres away, junction 43 of the A14 is approximately 800 metres away as is the railway station. Regent House has been successfully converted to offices. It ...","https://www.rightmove.co.uk/properties/156079745#/?channel=COM_LET","2024-12-19T10:21:46Z","","size_change","Marketed by Merrifields, Suffolk","","52.248344","0.716684","https://media.rightmove.co.uk:443/dir/crop/10:9-16:9/122k/121468/156079745/121468_498LH_IMG_10_0000_max_476x317.jpeg; https://media.rightmove.co.uk:443/dir/crop/10:9-16:9/122k/121468/156079745/121468_498LH_IMG_06_0000_max_476x317.jpeg; https://media.rightmove.co.uk:443/dir/crop/10:9-16:9/122k/121468/156079745/121468_498LH_IMG_08_0000_max_476x317.jpeg; https://media.rightmove.co.uk:443/dir/crop/10:9-16:9/122k/121468/156079745/121468_498LH_IMG_07_0000_max_476x317.jpeg; https://media.rightmove.co.uk:443/dir/crop/10:9-16:9/122k/121468/156079745/121468_498LH_IMG_09_0000_max_476x317.jpeg; https://media.rightmove.co.uk:443/dir/crop/10:9-16:9/122k/121468/156079745/121468_498LH_IMG_05_0000_max_476x317.jpeg; https://media.rightmove.co.uk:443/dir/crop/10:9-16:9/122k/121468/156079745/121468_498LH_IMG_11_0000_max_476x317.jpeg"
"144500447","Suffolk","Retail Property (high street)","Various Retail Units, Buttermarket, The Walk & Thoroughfare, Ipswich, Suffolk, IP1 1EA","POA","","","","Ipswich is the county town of Suffolk with a resident population of approximately 130,000 and a retail catchment of almost 320,000. The property is situated within a busy pedestrian thoroughfare linking the prime retail area of Tavern Street to the north and Buttermarket to the south. Neighbouri...","https://www.rightmove.co.uk/properties/144500447#/?channel=COM_LET","2024-02-08T11:56:08Z","","size_change","Marketed by Fenn Wright, Ipswich Commercial Sales and Lettings","","52.057632","1.153908","https://media.rightmove.co.uk:443/dir/crop/10:9-16:9/162k/161330/144500447/161330_14870340LH_IMG_00_0001_max_476x317.jpeg; https://media.rightmove.co.uk:443/dir/crop/10:9-16:9/162k/161330/144500447/161330_14870340LH_IMG_01_0001_max_476x317.jpeg; https://media.rightmove.co.uk:443/dir/crop/10:9-16:9/162k/161330/144500447/161330_14870340LH_IMG_06_0001_max_476x317.jpeg; https://media.rightmove.co.uk:443/dir/crop/10:9-16:9/162k/161330/144500447/161330_14870340LH_IMG_07_0001_max_476x317.jpeg; https://media.rightmove.co.uk:443/dir/crop/10:9-16:9/162k/161330/144500447/161330_14870340LH_IMG_08_0001_max_476x317.jpeg; https://media.rightmove.co.uk:443/dir/crop/10:9-16:9/162k/161330/144500447/161330_14870340LH_IMG_09_0001_max_476x317.jpeg; https://media.rightmove.co.uk:443/dir/crop/10:9-16:9/162k/161330/144500447/161330_14870340LH_IMG_20_0000_max_476x317.jpeg; https://media.rightmove.co.uk:443/dir/crop/10:9-16:9/162k/161330/144500447/161330_14870340LH_IMG_21_0000_max_476x317.jpeg; https://media.rightmove.co.uk:443/dir/crop/10:9-16:9/162k/161330/144500447/161330_14870340LH_IMG_12_0001_max_476x317.jpeg; https://media.rightmove.co.uk:443/dir/crop/10:9-16:9/162k/161330/144500447/161330_14870340LH_IMG_15_0000_max_476x317.jpeg; https://media.rightmove.co.uk:443/dir/crop/10:9-16:9/162k/161330/144500447/161330_14870340LH_IMG_16_0000_max_476x317.jpeg; https://media.rightmove.co.uk:443/dir/crop/10:9-16:9/162k/161330/144500447/161330_14870340LH_IMG_14_0001_max_476x317.jpeg; https://media.rightmove.co.uk:443/dir/crop/10:9-16:9/162k/161330/144500447/161330_14870340LH_IMG_19_0000_max_476x317.jpeg; https://media.rightmove.co.uk:443/dir/crop/10:9-16:9/162k/161330/144500447/161330_14870340LH_IMG_17_0000_max_476x317.jpeg; https://media.rightmove.co.uk:443/dir/crop/10:9-16:9/162k/161330/144500447/161330_14870340LH_IMG_18_0000_max_476x317.jpeg; https://media.rightmove.co.uk:443/dir/crop/10:9-16:9/162k/161330/144500447/161330_14870340LH_IMG_22_0000_max_476x317.jpeg; https://media.rightmove.co.uk:443/dir/crop/10:9-16:9/162k/161330/144500447/161330_14870340LH_IMG_23_0000_max_476x317.jpeg; https://media.rightmove.co.uk:443/dir/crop/10:9-16:9/162k/161330/144500447/161330_14870340LH_IMG_24_0000_max_476x317.jpeg; https://media.rightmove.co.uk:443/dir/crop/10:9-16:9/162k/161330/144500447/161330_14870340LH_IMG_25_0000_max_476x317.jpeg"
"41777106","Suffolk","Serviced Office","Offices at Whitehouse Distribution Centre, White House Road, Ipswich, Suffolk, IP1","£652 pcm","From","","","LOW COST SERVICED OFFICES, with Car Parking on site. Located close to junction 53 of the A14 and a few minutes from A12 and A140. Monthly rent includes car parking, electricity, business rates, heating, lighting, water rates and insurance thereby providing low cost HASSLE FREE OFFICE SPACE.","https://www.rightmove.co.uk/properties/41777106#/?channel=COM_LET","2016-05-10T15:15:13Z","","size_change","Marketed by Peter Colby Commercials Limited, Norwich","","52.08194","1.11298","https://media.rightmove.co.uk:443/dir/crop/10:9-16:9/123k/122056/41777106/122056_IPSWDC_IMG_06_0002_max_476x317.jpeg; https://media.rightmove.co.uk:443/dir/crop/10:9-16:9/123k/122056/41777106/122056_IPSWHD7_IMG_02_0000_max_476x317.jpg; https://media.rightmove.co.uk:443/dir/crop/10:9-16:9/123k/122056/41777106/122056_IPSWHD7_IMG_04_0000_max_476x317.jpg; https://media.rightmove.co.uk:443/dir/crop/10:9-16:9/123k/122056/41777106/122056_IPSWDC_IMG_07_0000_max_476x317.jpeg; https://media.rightmove.co.uk:443/dir/crop/10:9-16:9/123k/122056/41777106/122056_IPSWDC_IMG_08_0000_max_476x317.jpeg; https://media.rightmove.co.uk:443/dir/crop/10:9-16:9/123k/122056/41777106/122056_IPSWHD7_IMG_03_0000_max_476x317.jpg; https://media.rightmove.co.uk:443/dir/crop/10:9-16:9/123k/122056/41777106/122056_IPSWHD7_IMG_05_0000_max_476x317.jpg"
"155977613","Suffolk","Office","Crown Street, Ipswich, Suffolk, IP1","£1,500 pcm","From","","","Crown House offers the best workspace at the heart of Ipswich.Impressive glazed reception- 24/7 secure access- Superfast broadband- Onsite coffee shop- Secure parking and cycle storage- FRI and short term flexible leases available","https://www.rightmove.co.uk/properties/155977613#/?channel=COM_LET","2024-12-16T14:18:27Z","","new","Marketed by Reader Commercial, Ipswich","","52.05973","1.15236","https://media.rightmove.co.uk:443/dir/crop/10:9-16:9/91k/90673/155977613/90673_CrownHouseIpswich_IMG_00_0000_max_476x317.jpeg; https://media.rightmove.co.uk:443/dir/crop/10:9-16:9/91k/90673/155977613/90673_CrownHouseIpswich_IMG_01_0000_max_476x317.jpeg; https://media.rightmove.co.uk:443/dir/crop/10:9-16:9/91k/90673/155977613/90673_CrownHouseIpswich_IMG_02_0000_max_476x317.jpeg; https://media.rightmove.co.uk:443/dir/crop/10:9-16:9/91k/90673/155977613/90673_CrownHouseIpswich_IMG_03_0000_max_476x317.jpeg; https://media.rightmove.co.uk:443/dir/crop/10:9-16:9/91k/90673/155977613/90673_CrownHouseIpswich_IMG_04_0000_max_476x317.jpeg; https://media.rightmove.co.uk:443/dir/crop/10:9-16:9/91k/90673/155977613/90673_CrownHouseIpswich_IMG_05_0000_max_476x317.jpeg"
"155970818","Suffolk","Office","Cutler Street, Ipswich, Suffolk, IP1","POA","","","","High Specification open plan office floors - To letSingle floors of circa. 5,300 sq ft to 14,133 sq ftOn site car parkingStaffed Reception and In house Building ManagerAvailable on New Lease Terms","https://www.rightmove.co.uk/properties/155970818#/?channel=COM_LET","2024-12-16T12:23:19Z","","new","Marketed by Reader Commercial, Ipswich","","52.05423","1.15222","https://media.rightmove.co.uk:443/dir/crop/10:9-16:9/91k/90673/155970818/90673_StVincentHouseIpswich_IMG_00_0000_max_476x317.jpeg; https://media.rightmove.co.uk:443/dir/crop/10:9-16:9/91k/90673/155970818/90673_StVincentHouseIpswich_IMG_01_0000_max_476x317.jpeg; https://media.rightmove.co.uk:443/dir/crop/10:9-16:9/91k/90673/155970818/90673_StVincentHouseIpswich_IMG_02_0000_max_476x317.jpeg; https://media.rightmove.co.uk:443/dir/crop/10:9-16:9/91k/90673/155970818/90673_StVincentHouseIpswich_IMG_03_0000_max_476x317.jpeg; https://media.rightmove.co.uk:443/dir/crop/10:9-16:9/91k/90673/155970818/90673_StVincentHouseIpswich_IMG_04_0000_max_476x317.jpeg; https://media.rightmove.co.uk:443/dir/crop/10:9-16:9/91k/90673/155970818/90673_StVincentHouseIpswich_IMG_05_0000_max_476x317.jpeg; https://media.rightmove.co.uk:443/dir/crop/10:9-16:9/91k/90673/155970818/90673_StVincentHouseIpswich_IMG_06_0000_max_476x317.jpeg"
"155919707","Suffolk","Office","Civic Drive, Ipswich, Suffolk, IP1 2QA","£1,400 pcm","","","","Town Centre office suiteProminent BuildingOn site car parking (subject to availability)VAT exemptNew lease terms available Quoting rent £16,800 per annum soughtTo be refurbished","https://www.rightmove.co.uk/properties/155919707#/?channel=COM_LET","2024-12-13T10:52:03Z","","new","Marketed by Reader Commercial, Ipswich","","52.05933","1.14729","https://media.rightmove.co.uk:443/dir/crop/10:9-16:9/91k/90673/155919707/90673_Suite1FirstFloorHubbardHouseIpswich_IMG_00_0000_max_476x317.jpeg; https://media.rightmove.co.uk:443/dir/crop/10:9-16:9/91k/90673/155919707/90673_Suite1FirstFloorHubbardHouseIpswich_IMG_01_0000_max_476x317.jpeg; https://media.rightmove.co.uk:443/dir/crop/10:9-16:9/91k/90673/155919707/90673_Suite1FirstFloorHubbardHouseIpswich_IMG_02_0000_max_476x317.jpeg"
"155884925","Suffolk","Office","Third Floor Suite 2 Hubbard House 6 Civic Drive Ipswich IP1 2QA","£2,750 pcm","","","","Town centre office, Prominent BuildingOn site car parking (subject to availability)VAT exemptNew lease terms available May split Including LED lighting (in part), air conditioning (in part)In need of redecoration","https://www.rightmove.co.uk/properties/155884925#/?channel=COM_LET","2024-12-12T10:39:46Z","","new","Marketed by Reader Commercial, Ipswich","","52.05939","1.14738","https://media.rightmove.co.uk:443/dir/crop/10:9-16:9/91k/90673/155884925/90673_Suite2HubbardHouse_IMG_00_0001_max_476x317.jpeg; https://media.rightmove.co.uk:443/dir/crop/10:9-16:9/91k/90673/155884925/90673_Suite2HubbardHouse_IMG_01_0001_max_476x317.jpeg; https://media.rightmove.co.uk:443/dir/crop/10:9-16:9/91k/90673/155884925/90673_Suite2HubbardHouse_IMG_02_0001_max_476x317.jpeg; https://media.rightmove.co.uk:443/dir/crop/10:9-16:9/91k/90673/155884925/90673_Suite2HubbardHouse_IMG_03_0001_max_476x317.jpeg; https://media.rightmove.co.uk:443/dir/crop/10:9-16:9/91k/90673/155884925/90673_Suite2HubbardHouse_IMG_04_0001_max_476x317.jpeg; https://media.rightmove.co.uk:443/dir/crop/10:9-16:9/91k/90673/155884925/90673_Suite2HubbardHouse_IMG_05_0001_max_476x317.jpeg"
"145496570","Suffolk","Shop","28-30 Smallgate (Unit 5), NR34","£1,667 pcm","","","","The ground floor shop unit is prominently located in the town centre on Smallgate directly opposite New Look and Manor House Lane which links to the Tesco Superstore and the main town car park with approx. 400 spaces. Nearby retailers include Tesco, Fat Face, Holland & Barrett, Tool Station, ...","https://www.rightmove.co.uk/properties/145496570#/?channel=COM_LET","2024-03-07T17:06:28Z","","size_change","Marketed by Whybrow & Dodds Ltd, Colchester","","52.458394","1.564138","https://media.rightmove.co.uk:443/dir/crop/10:9-16:9/60k/59910/145496570/59910_WHY230196_L_IMG_01_0000_max_476x317.jpeg; https://media.rightmove.co.uk:443/dir/crop/10:9-16:9/60k/59910/145496570/59910_WHY230196_L_IMG_00_0000_max_476x317.jpeg"
"155744639","Suffolk","Storage","40ft Storage Containers to Let at Wickham Market, Suffolk","£150 pcm","","","","40 ft containers to let on a semi-rural commercial site near Wickham Market and Woodbridge, Suffolk. The site provide good vehicular access with good links to the A12, electric security gate and CCTV throughout.","https://www.rightmove.co.uk/properties/155744639#/?channel=COM_LET","2024-12-06T16:02:42Z","","new","Marketed by Howie Kent & Co Ltd, Essex","","52.161266","1.355522","https://media.rightmove.co.uk:443/dir/crop/10:9-16:9/229k/228701/155744639/228701_HKC10352_IMG_00_0000_max_476x317.jpeg"
"155740361","Suffolk","Office","St. Frances House Olding Road, Bury St. Edmunds, Suffolk, IP33 3TA","£3,079 pcm","","","","The office is located in Bury St Edmunds approximately 29 miles from Ipswich and 30 miles from Cambridge with excellent road links via the A14 arterial road. The office is situated on The Anderson Centre, an established office park located on the western side of the town centre. The modern groun...","https://www.rightmove.co.uk/properties/155740361#/?channel=COM_LET","2024-12-06T14:52:45Z","","new","Marketed by Merrifields, Suffolk","","52.250176","0.693526","https://media.rightmove.co.uk:443/dir/crop/10:9-16:9/122k/121468/155740361/121468_1789LH_IMG_01_0000_max_476x317.jpeg; https://media.rightmove.co.uk:443/dir/crop/10:9-16:9/122k/121468/155740361/121468_1789LH_IMG_06_0000_max_476x317.jpeg; https://media.rightmove.co.uk:443/dir/crop/10:9-16:9/122k/121468/155740361/121468_1789LH_IMG_03_0000_max_476x317.jpeg; https://media.rightmove.co.uk:443/dir/crop/10:9-16:9/122k/121468/155740361/121468_1789LH_IMG_02_0000_max_476x317.jpeg; https://media.rightmove.co.uk:443/dir/crop/10:9-16:9/122k/121468/155740361/121468_1789LH_IMG_00_0000_max_476x317.jpeg; https://media.rightmove.co.uk:443/dir/crop/10:9-16:9/122k/121468/155740361/121468_1789LH_IMG_05_0000_max_476x317.jpeg; https://media.rightmove.co.uk:443/dir/crop/10:9-16:9/122k/121468/155740361/121468_1789LH_IMG_04_0000_max_476x317.jpeg; https://media.rightmove.co.uk:443/dir/crop/10:9-16:9/122k/121468/155740361/121468_1789LH_IMG_07_0000_max_476x317.jpeg"
"157991648","Suffolk","Warehouse","Horn Hill, Lowestoft","£10,000 pcm","","","","1,700m² Industrial Unit with 3,500m² Storage & Parking –Prime Location This is a rare opportunity to lease a substantial industrial unit in a prime location. Situated on a secure site, this versatile property is perfect for a range of industrial and commercial uses. The unit...","https://www.rightmove.co.uk/properties/157991648#/?channel=COM_LET","2025-02-08T13:22:13Z","","new","Marketed by Steel & Co Commercial Property Services, Lowestoft","","52.470444","1.74196","https://media.rightmove.co.uk:443/dir/crop/10:9-16:9/66k/65427/157991648/65427_12543558_IMG_00_0000_max_476x317.jpeg; https://media.rightmove.co.uk:443/dir/crop/10:9-16:9/66k/65427/157991648/65427_12543558_IMG_01_0000_max_476x317.jpeg; https://media.rightmove.co.uk:443/dir/crop/10:9-16:9/66k/65427/157991648/65427_12543558_IMG_02_0000_max_476x317.jpeg; https://media.rightmove.co.uk:443/dir/crop/10:9-16:9/66k/65427/157991648/65427_12543558_IMG_03_0000_max_476x317.jpeg; https://media.rightmove.co.uk:443/dir/crop/10:9-16:9/66k/65427/157991648/65427_12543558_IMG_04_0000_max_476x317.jpeg; https://media.rightmove.co.uk:443/dir/crop/10:9-16:9/66k/65427/157991648/65427_12543558_IMG_05_0000_max_476x317.jpeg; https://media.rightmove.co.uk:443/dir/crop/10:9-16:9/66k/65427/157991648/65427_12543558_IMG_06_0000_max_476x317.jpeg; https://media.rightmove.co.uk:443/dir/crop/10:9-16:9/66k/65427/157991648/65427_12543558_IMG_07_0000_max_476x317.jpeg; https://media.rightmove.co.uk:443/dir/crop/10:9-16:9/66k/65427/157991648/65427_12543558_IMG_08_0000_max_476x317.jpeg; https://media.rightmove.co.uk:443/dir/crop/10:9-16:9/66k/65427/157991648/65427_12543558_IMG_09_0000_max_476x317.jpeg; https://media.rightmove.co.uk:443/dir/crop/10:9-16:9/66k/65427/157991648/65427_12543558_IMG_10_0000_max_476x317.jpeg; https://media.rightmove.co.uk:443/dir/crop/10:9-16:9/66k/65427/157991648/65427_12543558_IMG_11_0000_max_476x317.jpeg; https://media.rightmove.co.uk:443/dir/crop/10:9-16:9/66k/65427/157991648/65427_12543558_IMG_12_0000_max_476x317.jpeg; https://media.rightmove.co.uk:443/dir/crop/10:9-16:9/66k/65427/157991648/65427_12543558_IMG_13_0000_max_476x317.jpeg"
"155608283","Suffolk","Office","Horn Hill, Lowestoft","£4,167 pcm","","","","Are you looking for the perfect office space to grow your business? Look no further! Situated in the thriving heart of Lowestoft, just a stone’s throw from the newly opened Gull Bridge, this versatile building is ready to meet all your professional needs. Key Features: •	Prime ...","https://www.rightmove.co.uk/properties/155608283#/?channel=COM_LET","2024-12-03T10:50:43Z","","new","Marketed by Steel & Co Commercial Property Services, Lowestoft","","52.470444","1.74196","https://media.rightmove.co.uk:443/dir/crop/10:9-16:9/66k/65427/155608283/65427_12543454_IMG_00_0000_max_476x317.jpeg; https://media.rightmove.co.uk:443/dir/crop/10:9-16:9/66k/65427/155608283/65427_12543454_IMG_01_0000_max_476x317.jpeg; https://media.rightmove.co.uk:443/dir/crop/10:9-16:9/66k/65427/155608283/65427_12543454_IMG_02_0000_max_476x317.jpeg; https://media.rightmove.co.uk:443/dir/crop/10:9-16:9/66k/65427/155608283/65427_12543454_IMG_03_0000_max_476x317.jpeg; https://media.rightmove.co.uk:443/dir/crop/10:9-16:9/66k/65427/155608283/65427_12543454_IMG_04_0000_max_476x317.jpeg; https://media.rightmove.co.uk:443/dir/crop/10:9-16:9/66k/65427/155608283/65427_12543454_IMG_05_0000_max_476x317.jpeg; https://media.rightmove.co.uk:443/dir/crop/10:9-16:9/66k/65427/155608283/65427_12543454_IMG_06_0000_max_476x317.jpeg; https://media.rightmove.co.uk:443/dir/crop/10:9-16:9/66k/65427/155608283/65427_12543454_IMG_07_0000_max_476x317.jpeg; https://media.rightmove.co.uk:443/dir/crop/10:9-16:9/66k/65427/155608283/65427_12543454_IMG_08_0000_max_476x317.jpeg; https://media.rightmove.co.uk:443/dir/crop/10:9-16:9/66k/65427/155608283/65427_12543454_IMG_09_0000_max_476x317.jpeg"
"155607476","Suffolk","Shop","The Depot","£700 pcm","","","","An extraordinary leasehold opportunity set within the thriving backdrop of 'The Depot' - home to local independent traders in food and well being. The unit available was home to a local brewer but offers a versatile commercial space. ","https://www.rightmove.co.uk/properties/155607476#/?channel=COM_LET","2024-12-03T10:34:32Z","","new","Marketed by Elisabeth James Homes, Suffolk","","52.390655","1.577459","https://media.rightmove.co.uk:443/dir/crop/10:9-16:9/275k/274139/155607476/274139_CL0016_IMG_00_0000_max_476x317.jpeg; https://media.rightmove.co.uk:443/dir/crop/10:9-16:9/275k/274139/155607476/274139_CL0016_IMG_01_0000_max_476x317.jpeg; https://media.rightmove.co.uk:443/dir/crop/10:9-16:9/275k/274139/155607476/274139_CL0016_IMG_02_0000_max_476x317.jpeg; https://media.rightmove.co.uk:443/dir/crop/10:9-16:9/275k/274139/155607476/274139_CL0016_IMG_03_0000_max_476x317.jpeg; https://media.rightmove.co.uk:443/dir/crop/10:9-16:9/275k/274139/155607476/274139_CL0016_IMG_04_0000_max_476x317.jpeg; https://media.rightmove.co.uk:443/dir/crop/10:9-16:9/275k/274139/155607476/274139_CL0016_IMG_05_0000_max_476x317.jpeg; https://media.rightmove.co.uk:443/dir/crop/10:9-16:9/275k/274139/155607476/274139_CL0016_IMG_06_0000_max_476x317.jpeg; https://media.rightmove.co.uk:443/dir/crop/10:9-16:9/275k/274139/155607476/274139_CL0016_IMG_07_0000_max_476x317.jpeg; https://media.rightmove.co.uk:443/dir/crop/10:9-16:9/275k/274139/155607476/274139_CL0016_IMG_08_0000_max_476x317.jpeg; https://media.rightmove.co.uk:443/dir/crop/10:9-16:9/275k/274139/155607476/274139_CL0016_IMG_09_0000_max_476x317.jpeg; https://media.rightmove.co.uk:443/dir/crop/10:9-16:9/275k/274139/155607476/274139_CL0016_IMG_10_0000_max_476x317.jpeg; https://media.rightmove.co.uk:443/dir/crop/10:9-16:9/275k/274139/155607476/274139_CL0016_IMG_11_0000_max_476x317.jpeg; https://media.rightmove.co.uk:443/dir/crop/10:9-16:9/275k/274139/155607476/274139_CL0016_IMG_12_0000_max_476x317.jpeg; https://media.rightmove.co.uk:443/dir/crop/10:9-16:9/275k/274139/155607476/274139_CL0016_IMG_13_0000_max_476x317.jpeg"
"155326271","Suffolk","Retail Property (high street)","London Road North, Lowestoft","£2,083 pcm","","","","Spacious, Prime Retail Unit with Excellent Storage in a High-Footfall Location An excellent opportunity to lease a prominent retail unit at 158-162 London Road North, Lowestoft. Situated on a busy high street, this bright, open-plan space benefits from strong year-round foot traffic. Just a...","https://www.rightmove.co.uk/properties/155326271#/?channel=COM_LET","2024-11-25T12:05:17Z","","new","Marketed by Steel & Co Commercial Property Services, Lowestoft","","52.477722","1.754392","https://media.rightmove.co.uk:443/dir/crop/10:9-16:9/66k/65427/155326271/65427_12502940_IMG_00_0000_max_476x317.jpeg; https://media.rightmove.co.uk:443/dir/crop/10:9-16:9/66k/65427/155326271/65427_12502940_IMG_01_0000_max_476x317.jpeg; https://media.rightmove.co.uk:443/dir/crop/10:9-16:9/66k/65427/155326271/65427_12502940_IMG_02_0000_max_476x317.jpeg; https://media.rightmove.co.uk:443/dir/crop/10:9-16:9/66k/65427/155326271/65427_12502940_IMG_03_0000_max_476x317.jpeg; https://media.rightmove.co.uk:443/dir/crop/10:9-16:9/66k/65427/155326271/65427_12502940_IMG_04_0000_max_476x317.jpeg; https://media.rightmove.co.uk:443/dir/crop/10:9-16:9/66k/65427/155326271/65427_12502940_IMG_05_0000_max_476x317.jpeg; https://media.rightmove.co.uk:443/dir/crop/10:9-16:9/66k/65427/155326271/65427_12502940_IMG_06_0000_max_476x317.jpeg; https://media.rightmove.co.uk:443/dir/crop/10:9-16:9/66k/65427/155326271/65427_12502940_IMG_07_0000_max_476x317.jpeg; https://media.rightmove.co.uk:443/dir/crop/10:9-16:9/66k/65427/155326271/65427_12502940_IMG_08_0000_max_476x317.jpeg"
"155220908","Suffolk","Retail Property (high street)","Hungate Court, Beccles","£833 pcm","","","","2 Hungate Court comprises ground floor retail/office premises extending in all to about 62.44sqm (671sqft) with good frontage onto Hungate.","https://www.rightmove.co.uk/properties/155220908#/?channel=COM_LET","2024-11-21T13:32:26Z","","new","Marketed by Durrants, Commercial","","52.455001","1.563449","https://media.rightmove.co.uk:443/dir/crop/10:9-16:9/122k/121819/155220908/121819_33522348_IMG_00_0001_max_476x317.jpeg; https://media.rightmove.co.uk:443/dir/crop/10:9-16:9/122k/121819/155220908/121819_33522348_IMG_01_0001_max_476x317.jpeg; https://media.rightmove.co.uk:443/dir/crop/10:9-16:9/122k/121819/155220908/121819_33522348_IMG_02_0001_max_476x317.jpeg; https://media.rightmove.co.uk:443/dir/crop/10:9-16:9/122k/121819/155220908/121819_33522348_IMG_03_0001_max_476x317.jpeg; https://media.rightmove.co.uk:443/dir/crop/10:9-16:9/122k/121819/155220908/121819_33522348_IMG_04_0001_max_476x317.jpeg; https://media.rightmove.co.uk:443/dir/crop/10:9-16:9/122k/121819/155220908/121819_33522348_IMG_05_0000_max_476x317.jpeg; https://media.rightmove.co.uk:443/dir/crop/10:9-16:9/122k/121819/155220908/121819_33522348_IMG_06_0000_max_476x317.jpeg"
"155191550","Suffolk","Land","Landwade Road, Exning, Newmarket, Suffolk","POA","","","","A traditional foaling box which is available to rent for equestrian and commercial use.","https://www.rightmove.co.uk/properties/155191550#/?channel=COM_LET","2024-11-20T16:52:02Z","","new","Marketed by Bidwells, Cambridge","","52.2832","0.377528","https://media.rightmove.co.uk:443/dir/crop/10:9-16:9/39k/38054/155191550/38054_RUR240332_L_IMG_00_0000_max_476x317.jpeg; https://media.rightmove.co.uk:443/dir/crop/10:9-16:9/39k/38054/155191550/38054_RUR240332_L_IMG_01_0000_max_476x317.jpeg; https://media.rightmove.co.uk:443/dir/crop/10:9-16:9/39k/38054/155191550/38054_RUR240332_L_IMG_02_0000_max_476x317.jpeg"
"155183273","Suffolk","Office","Franciscan House, 51 Princes Street, Ipswich, Suffolk, IP1","£3,917 pcm","","","","Ipswich is one of East Anglia's most important commercial centres with a catchment population of about 350,000. There are good rail links to the M25, Midlands and London via the A12 and A14. Ipswich railway station provides a frequent rail service to London (Liverpool Street) with a journey time ...","https://www.rightmove.co.uk/properties/155183273#/?channel=COM_LET","2024-11-20T15:09:36Z","","new","Marketed by Fenn Wright, Ipswich Commercial Sales and Lettings","","52.055126","1.149005","https://media.rightmove.co.uk:443/dir/crop/10:9-16:9/162k/161330/155183273/161330_14870562LH_IMG_00_0000_max_476x317.jpeg; https://media.rightmove.co.uk:443/dir/crop/10:9-16:9/162k/161330/155183273/161330_14870562LH_IMG_01_0000_max_476x317.jpeg; https://media.rightmove.co.uk:443/dir/crop/10:9-16:9/162k/161330/155183273/161330_14870562LH_IMG_02_0000_max_476x317.jpeg; https://media.rightmove.co.uk:443/dir/crop/10:9-16:9/162k/161330/155183273/161330_14870562LH_IMG_03_0000_max_476x317.jpeg; https://media.rightmove.co.uk:443/dir/crop/10:9-16:9/162k/161330/155183273/161330_14870562LH_IMG_04_0000_max_476x317.jpeg; https://media.rightmove.co.uk:443/dir/crop/10:9-16:9/162k/161330/155183273/161330_14870562LH_IMG_05_0000_max_476x317.jpeg; https://media.rightmove.co.uk:443/dir/crop/10:9-16:9/162k/161330/155183273/161330_14870562LH_IMG_06_0000_max_476x317.jpeg"
"155131895","Suffolk","Light Industrial","Unit 8, Kirkley Business Park, Horn Hill, Lowestoft, Suffolk, NR33","£1,474 pcm","","","","This newly available Unit is situated on Kirkley Business Park. Easily accessible from the A12 and next to the new third crossing. Benefitting from parking within the lease demise and electric Roller shutter door, this unit has the versatility to led itself to many uses.","https://www.rightmove.co.uk/properties/155131895#/?channel=COM_LET","2024-11-19T13:56:53Z","","new","Marketed by Peter Colby Commercials Limited, Norwich","","52.46939","1.74162","https://media.rightmove.co.uk:443/dir/crop/10:9-16:9/123k/122056/155131895/122056_LOWKP08_IMG_00_0001_max_476x317.jpeg; https://media.rightmove.co.uk:443/dir/crop/10:9-16:9/123k/122056/155131895/122056_LOWKP08_IMG_01_0000_max_476x317.jpeg; https://media.rightmove.co.uk:443/dir/crop/10:9-16:9/123k/122056/155131895/122056_LOWKP08_IMG_02_0000_max_476x317.jpeg; https://media.rightmove.co.uk:443/dir/crop/10:9-16:9/123k/122056/155131895/122056_LOWKP08_IMG_03_0000_max_476x317.jpeg; https://media.rightmove.co.uk:443/dir/crop/10:9-16:9/123k/122056/155131895/122056_LOWKP08_IMG_04_0000_max_476x317.jpeg"
"154932884","Suffolk","Office","Kirkley House, Kirkley Business Park Lowestoft, Suffolk, NR33","£4,167 pcm","","","","Modern Two Storey Office Building. This highly prominent site with excellent car parking is next to the new river crossing. Mix of open plan and cellular office space. Air Conditioning throughout with passenger lift. Building can be let, fully or partly furnished and is ready to move into. ","https://www.rightmove.co.uk/properties/154932884#/?channel=COM_LET","2024-11-13T16:16:07Z","","new","Marketed by Peter Colby Commercials Limited, Norwich","","52.46939","1.74162","https://media.rightmove.co.uk:443/dir/crop/10:9-16:9/123k/122056/154932884/122056_LOWKBPKH_IMG_00_0000_max_476x317.jpeg; https://media.rightmove.co.uk:443/dir/crop/10:9-16:9/123k/122056/154932884/122056_LOWKBPKH_IMG_01_0000_max_476x317.jpeg; https://media.rightmove.co.uk:443/dir/crop/10:9-16:9/123k/122056/154932884/122056_LOWKBPKH_IMG_02_0000_max_476x317.jpeg; https://media.rightmove.co.uk:443/dir/crop/10:9-16:9/123k/122056/154932884/122056_LOWKBPKH_IMG_03_0000_max_476x317.jpeg; https://media.rightmove.co.uk:443/dir/crop/10:9-16:9/123k/122056/154932884/122056_LOWKBPKH_IMG_04_0000_max_476x317.jpeg; https://media.rightmove.co.uk:443/dir/crop/10:9-16:9/123k/122056/154932884/122056_LOWKBPKH_IMG_05_0000_max_476x317.jpeg; https://media.rightmove.co.uk:443/dir/crop/10:9-16:9/123k/122056/154932884/122056_LOWKBPKH_IMG_06_0000_max_476x317.jpeg; https://media.rightmove.co.uk:443/dir/crop/10:9-16:9/123k/122056/154932884/122056_LOWKBPKH_IMG_07_0000_max_476x317.jpeg; https://media.rightmove.co.uk:443/dir/crop/10:9-16:9/123k/122056/154932884/122056_LOWKBPKH_IMG_08_0000_max_476x317.jpeg"
"151327625","Suffolk","Office","Battery Green Road, Lowestoft","£700 pcm","","","","First and second floor office space, available to rent in central location in Lowestoft.","https://www.rightmove.co.uk/properties/151327625#/?channel=COM_LET","2024-08-14T13:10:29Z","","price_reduced","Marketed by Paul Hubbard Commercial, Suffolk","","52.475429","1.754404","https://media.rightmove.co.uk:443/dir/crop/10:9-16:9/77k/76023/151327625/76023_33302178_IMG_00_0000_max_476x317.jpeg; https://media.rightmove.co.uk:443/dir/crop/10:9-16:9/77k/76023/151327625/76023_33302178_IMG_01_0000_max_476x317.jpeg; https://media.rightmove.co.uk:443/dir/crop/10:9-16:9/77k/76023/151327625/76023_33302178_IMG_02_0000_max_476x317.jpeg; https://media.rightmove.co.uk:443/dir/crop/10:9-16:9/77k/76023/151327625/76023_33302178_IMG_04_0000_max_476x317.jpeg; https://media.rightmove.co.uk:443/dir/crop/10:9-16:9/77k/76023/151327625/76023_33302178_IMG_05_0000_max_476x317.jpeg; https://media.rightmove.co.uk:443/dir/crop/10:9-16:9/77k/76023/151327625/76023_33302178_IMG_07_0000_max_476x317.jpeg; https://media.rightmove.co.uk:443/dir/crop/10:9-16:9/77k/76023/151327625/76023_33302178_IMG_06_0000_max_476x317.jpeg; https://media.rightmove.co.uk:443/dir/crop/10:9-16:9/77k/76023/151327625/76023_33302178_IMG_08_0000_max_476x317.jpeg"
"155411195","Suffolk","Serviced Office","2 Civic Drive Hubbard Way, Ipswich","£250 pcm","From","","","Executive office spaces in Ipswich occupy a simple modern business centre with convenient links to London and surrounding areas as well as local amenities. This building offers a range of fa...","https://www.rightmove.co.uk/properties/155411195#/?channel=COM_LET","2024-11-27T06:31:11Z","","new","Marketed by Office Freedom, Office Freedom Regional","","52.059458","1.147154","https://media.rightmove.co.uk:443/dir/crop/10:9-16:9/238k/237641/155411195/237641_20517-1_IMG_00_0000_max_476x317.jpeg; https://media.rightmove.co.uk:443/dir/crop/10:9-16:9/238k/237641/155411195/237641_20517-1_IMG_01_0000_max_476x317.jpeg; https://media.rightmove.co.uk:443/dir/crop/10:9-16:9/238k/237641/155411195/237641_20517-1_IMG_02_0000_max_476x317.jpeg"
"155492411","Suffolk","Serviced Office","Saracens House 25 St Margaret's Green, Ipswich","£450 pcm","From","","","Two Grade II Listed buildings full of character and charm converted into 46 professional offices and suites for rental on flexible easy-in/easy-out agreements. With high-speed internet, ons...","https://www.rightmove.co.uk/properties/155492411#/?channel=COM_LET","2024-11-28T18:06:58Z","","new","Marketed by Office Freedom, Office Freedom Regional","","52.05907","1.15831","https://media.rightmove.co.uk:443/dir/crop/10:9-16:9/238k/237641/155492411/237641_1608-1_IMG_00_0000_max_476x317.jpeg; https://media.rightmove.co.uk:443/dir/crop/10:9-16:9/238k/237641/155492411/237641_1608-1_IMG_01_0000_max_476x317.jpeg; https://media.rightmove.co.uk:443/dir/crop/10:9-16:9/238k/237641/155492411/237641_1608-1_IMG_02_0000_max_476x317.jpeg; https://media.rightmove.co.uk:443/dir/crop/10:9-16:9/238k/237641/155492411/237641_1608-1_IMG_03_0000_max_476x317.jpeg; https://media.rightmove.co.uk:443/dir/crop/10:9-16:9/238k/237641/155492411/237641_1608-1_IMG_04_0000_max_476x317.png; https://media.rightmove.co.uk:443/dir/crop/10:9-16:9/238k/237641/155492411/237641_1608-1_IMG_05_0000_max_476x317.jpeg; https://media.rightmove.co.uk:443/dir/crop/10:9-16:9/238k/237641/155492411/237641_1608-1_IMG_06_0000_max_476x317.jpeg; https://media.rightmove.co.uk:443/dir/crop/10:9-16:9/238k/237641/155492411/237641_1608-1_IMG_07_0000_max_476x317.jpeg; https://media.rightmove.co.uk:443/dir/crop/10:9-16:9/238k/237641/155492411/237641_1608-1_IMG_08_0000_max_476x317.jpeg; https://media.rightmove.co.uk:443/dir/crop/10:9-16:9/238k/237641/155492411/237641_1608-1_IMG_09_0000_max_476x317.jpeg; https://media.rightmove.co.uk:443/dir/crop/10:9-16:9/238k/237641/155492411/237641_1608-1_IMG_10_0000_max_476x317.jpeg; https://media.rightmove.co.uk:443/dir/crop/10:9-16:9/238k/237641/155492411/237641_1608-1_IMG_11_0000_max_476x317.jpeg; https://media.rightmove.co.uk:443/dir/crop/10:9-16:9/238k/237641/155492411/237641_1608-1_IMG_12_0000_max_476x317.jpeg; https://media.rightmove.co.uk:443/dir/crop/10:9-16:9/238k/237641/155492411/237641_1608-1_IMG_13_0000_max_476x317.jpeg; https://media.rightmove.co.uk:443/dir/crop/10:9-16:9/238k/237641/155492411/237641_1608-1_IMG_14_0000_max_476x317.jpeg; https://media.rightmove.co.uk:443/dir/crop/10:9-16:9/238k/237641/155492411/237641_1608-1_IMG_15_0000_max_476x317.jpeg"
"154818104","Suffolk","Distribution Warehouse","Eriswell Barns, Eriswell Road, Lakenheath, Suffolk, IP27","£180 pcm","","","","Former stable available for a VARIETY OF USES","https://www.rightmove.co.uk/properties/154818104#/?channel=COM_LET","2024-11-11T10:06:38Z","","new","Marketed by Balmforth, Mildenhall","","52.407","0.52692","https://media.rightmove.co.uk:443/dir/crop/10:9-16:9/24k/23264/154818104/23264_FBM170095_L_IMG_00_0000_max_476x317.jpeg; https://media.rightmove.co.uk:443/dir/crop/10:9-16:9/24k/23264/154818104/23264_FBM170095_L_IMG_01_0000_max_476x317.jpeg; https://media.rightmove.co.uk:443/dir/crop/10:9-16:9/24k/23264/154818104/23264_FBM170095_L_IMG_02_0000_max_476x317.jpeg; https://media.rightmove.co.uk:443/dir/crop/10:9-16:9/24k/23264/154818104/23264_FBM170095_L_IMG_03_0000_max_476x317.jpeg; https://media.rightmove.co.uk:443/dir/crop/10:9-16:9/24k/23264/154818104/23264_FBM170095_L_IMG_04_0000_max_476x317.jpeg; https://media.rightmove.co.uk:443/dir/crop/10:9-16:9/24k/23264/154818104/23264_FBM170095_L_IMG_05_0000_max_476x317.jpeg; https://media.rightmove.co.uk:443/dir/crop/10:9-16:9/24k/23264/154818104/23264_FBM170095_L_IMG_06_0000_max_476x317.jpeg; https://media.rightmove.co.uk:443/dir/crop/10:9-16:9/24k/23264/154818104/23264_FBM170095_L_IMG_07_0000_max_476x317.jpeg; https://media.rightmove.co.uk:443/dir/crop/10:9-16:9/24k/23264/154818104/23264_FBM170095_L_IMG_08_0000_max_476x317.jpeg"
"154802216","Suffolk","Commercial Property","Woodbridge Road, Ipswich, Suffolk, IP4","£2,000 pcm","","","","Pauline Scott Property Management Ltd are excited to bring to the market this very unique opportunity to rent an ongoing fully functioning fish and chip takeaway shop. ","https://www.rightmove.co.uk/properties/154802216#/?channel=COM_LET","2024-11-09T14:27:26Z","","new","Marketed by Pauline Scott Property Management, Martlesham","","52.06143","1.17627","https://media.rightmove.co.uk:443/dir/crop/10:9-16:9/149k/148724/154802216/148724_PSPMCODFATHER_IMG_00_0000_max_476x317.jpeg; https://media.rightmove.co.uk:443/dir/crop/10:9-16:9/149k/148724/154802216/148724_PSPMCODFATHER_IMG_01_0000_max_476x317.jpeg; https://media.rightmove.co.uk:443/dir/crop/10:9-16:9/149k/148724/154802216/148724_PSPMCODFATHER_IMG_02_0000_max_476x317.jpeg; https://media.rightmove.co.uk:443/dir/crop/10:9-16:9/149k/148724/154802216/148724_PSPMCODFATHER_IMG_03_0000_max_476x317.jpeg; https://media.rightmove.co.uk:443/dir/crop/10:9-16:9/149k/148724/154802216/148724_PSPMCODFATHER_IMG_04_0000_max_476x317.jpeg"
"154757879","Suffolk","Commercial Property","Lime Avenue, Oulton Broad, Lowestoft, NR32","POA","","","","2x 1000sq ft new build commercial units available on leasehold basis, situated in the heart of an exciting new residential development in sought-after Oulton Broad.","https://www.rightmove.co.uk/properties/154757879#/?channel=COM_LET","2024-11-08T12:20:02Z","","new","Marketed by Paul Hubbard Commercial, Suffolk","","52.48785","1.7105","https://media.rightmove.co.uk:443/dir/crop/10:9-16:9/77k/76023/154757879/76023_WMLC24_IMG_01_0000_max_476x317.jpeg; https://media.rightmove.co.uk:443/dir/crop/10:9-16:9/77k/76023/154757879/76023_WMLC24_IMG_00_0000_max_476x317.jpeg; https://media.rightmove.co.uk:443/dir/crop/10:9-16:9/77k/76023/154757879/76023_WMLC24_IMG_02_0000_max_476x317.png; https://media.rightmove.co.uk:443/dir/crop/10:9-16:9/77k/76023/154757879/76023_WMLC24_IMG_03_0000_max_476x317.png"
"155410142","Suffolk","Serviced Office","Waveney Road, Lowestoft","£580 pcm","From","","","Waveney Chambers Consists of two large open plan offices, over 1000sqft both situated on the ground floor. Located within a two minutes walk of the train station and high street. Parking is ...","https://www.rightmove.co.uk/properties/155410142#/?channel=COM_LET","2024-11-27T05:49:28Z","","new","Marketed by Office Freedom, Office Freedom Regional","","52.474131","1.751726","https://media.rightmove.co.uk:443/dir/crop/10:9-16:9/238k/237641/155410142/237641_81152-1_IMG_00_0000_max_476x317.png; https://media.rightmove.co.uk:443/dir/crop/10:9-16:9/238k/237641/155410142/237641_81152-1_IMG_01_0000_max_476x317.png; https://media.rightmove.co.uk:443/dir/crop/10:9-16:9/238k/237641/155410142/237641_81152-1_IMG_02_0000_max_476x317.png; https://media.rightmove.co.uk:443/dir/crop/10:9-16:9/238k/237641/155410142/237641_81152-1_IMG_03_0000_max_476x317.png; https://media.rightmove.co.uk:443/dir/crop/10:9-16:9/238k/237641/155410142/237641_81152-1_IMG_04_0000_max_476x317.png"
"155493971","Suffolk","Serviced Office","Saint Clare House  Greyfriars, Ipswich","£1,400 pcm","From","","","Flexible Private Office Spaces at St Clare house, Ipswich St Clare house, located in the vibrant heart of Ipswich town Centre, offers an exceptional offices are designed to accommodate y...","https://www.rightmove.co.uk/properties/155493971#/?channel=COM_LET","2024-11-28T18:46:31Z","","new","Marketed by Office Freedom, London","","52.055027","1.148599","https://media.rightmove.co.uk:443/dir/crop/10:9-16:9/238k/237980/155493971/237980_80670-1_IMG_00_0000_max_476x317.jpeg; https://media.rightmove.co.uk:443/dir/crop/10:9-16:9/238k/237980/155493971/237980_80670-1_IMG_01_0000_max_476x317.jpeg; https://media.rightmove.co.uk:443/dir/crop/10:9-16:9/238k/237980/155493971/237980_80670-1_IMG_02_0000_max_476x317.jpeg; https://media.rightmove.co.uk:443/dir/crop/10:9-16:9/238k/237980/155493971/237980_80670-1_IMG_03_0000_max_476x317.jpeg; https://media.rightmove.co.uk:443/dir/crop/10:9-16:9/238k/237980/155493971/237980_80670-1_IMG_04_0000_max_476x317.jpeg; https://media.rightmove.co.uk:443/dir/crop/10:9-16:9/238k/237980/155493971/237980_80670-1_IMG_05_0000_max_476x317.jpeg; https://media.rightmove.co.uk:443/dir/crop/10:9-16:9/238k/237980/155493971/237980_80670-1_IMG_06_0000_max_476x317.jpeg; https://media.rightmove.co.uk:443/dir/crop/10:9-16:9/238k/237980/155493971/237980_80670-1_IMG_07_0000_max_476x317.jpeg; https://media.rightmove.co.uk:443/dir/crop/10:9-16:9/238k/237980/155493971/237980_80670-1_IMG_08_0000_max_476x317.jpeg; https://media.rightmove.co.uk:443/dir/crop/10:9-16:9/238k/237980/155493971/237980_80670-1_IMG_09_0000_max_476x317.jpeg; https://media.rightmove.co.uk:443/dir/crop/10:9-16:9/238k/237980/155493971/237980_80670-1_IMG_10_0000_max_476x317.jpeg; https://media.rightmove.co.uk:443/dir/crop/10:9-16:9/238k/237980/155493971/237980_80670-1_IMG_11_0000_max_476x317.jpeg; https://media.rightmove.co.uk:443/dir/crop/10:9-16:9/238k/237980/155493971/237980_80670-1_IMG_12_0000_max_476x317.jpeg; https://media.rightmove.co.uk:443/dir/crop/10:9-16:9/238k/237980/155493971/237980_80670-1_IMG_13_0000_max_476x317.jpeg"
"155490935","Suffolk","Serviced Office","Crown House Crown Street, Ipswich","£4,050 pcm","From","","","Building inspiring business communities is at the root of everything we do. Crown House is full of fantastic amenities to help you and your business achieve its best potential; with your own...","https://www.rightmove.co.uk/properties/155490935#/?channel=COM_LET","2024-11-28T17:37:59Z","","new","Marketed by Office Freedom, Office Freedom Regional","","52.060172","1.152109","https://media.rightmove.co.uk:443/dir/crop/10:9-16:9/238k/237641/155490935/237641_47255-1_IMG_00_0000_max_476x317.jpeg; https://media.rightmove.co.uk:443/dir/crop/10:9-16:9/238k/237641/155490935/237641_47255-1_IMG_01_0000_max_476x317.jpeg; https://media.rightmove.co.uk:443/dir/crop/10:9-16:9/238k/237641/155490935/237641_47255-1_IMG_02_0000_max_476x317.jpeg; https://media.rightmove.co.uk:443/dir/crop/10:9-16:9/238k/237641/155490935/237641_47255-1_IMG_03_0000_max_476x317.jpeg; https://media.rightmove.co.uk:443/dir/crop/10:9-16:9/238k/237641/155490935/237641_47255-1_IMG_04_0000_max_476x317.jpeg; https://media.rightmove.co.uk:443/dir/crop/10:9-16:9/238k/237641/155490935/237641_47255-1_IMG_05_0000_max_476x317.jpeg; https://media.rightmove.co.uk:443/dir/crop/10:9-16:9/238k/237641/155490935/237641_47255-1_IMG_06_0000_max_476x317.jpeg; https://media.rightmove.co.uk:443/dir/crop/10:9-16:9/238k/237641/155490935/237641_47255-1_IMG_07_0000_max_476x317.jpeg; https://media.rightmove.co.uk:443/dir/crop/10:9-16:9/238k/237641/155490935/237641_47255-1_IMG_08_0000_max_476x317.jpeg"
"155409902","Suffolk","Serviced Office","Riverside Business Centre Riverside Road, Lowestoft","£975 pcm","From","","","Ideally located in an area of rapid regeneration on the south bank of Lowestoft’s inner harbour, the Business Centre offers a stimulating environment for start-up and established companies t...","https://www.rightmove.co.uk/properties/155409902#/?channel=COM_LET","2024-11-27T05:39:45Z","","new","Marketed by Office Freedom, Office Freedom Regional","","52.470943","1.737017","https://media.rightmove.co.uk:443/dir/crop/10:9-16:9/238k/237641/155409902/237641_18178-1_IMG_00_0000_max_476x317.jpeg"
"154604480","Suffolk","Retail Property (high street)","St Stephens Lane, , Ipswich, Suffolk, IP1 1DP","£1,188 pcm","","","","Ipswich is the County town of Suffolk with a resident population of approximately 130,000 and a retail catchment of almost 350,000. The town is situated approximately 79 miles north east of central London, 43 miles south of Norwich and 18 miles north east of Colchester. The property is situated ...","https://www.rightmove.co.uk/properties/154604480#/?channel=COM_LET","2024-11-05T11:46:31Z","","new","Marketed by Fenn Wright, Ipswich Commercial Sales and Lettings","","52.056099","1.15504","https://media.rightmove.co.uk:443/dir/crop/10:9-16:9/162k/161330/154604480/161330_14866749LH_IMG_00_0000_max_476x317.jpeg; https://media.rightmove.co.uk:443/dir/crop/10:9-16:9/162k/161330/154604480/161330_14866749LH_IMG_01_0000_max_476x317.jpeg; https://media.rightmove.co.uk:443/dir/crop/10:9-16:9/162k/161330/154604480/161330_14866749LH_IMG_02_0000_max_476x317.jpeg; https://media.rightmove.co.uk:443/dir/crop/10:9-16:9/162k/161330/154604480/161330_14866749LH_IMG_03_0000_max_476x317.jpeg; https://media.rightmove.co.uk:443/dir/crop/10:9-16:9/162k/161330/154604480/161330_14866749LH_IMG_04_0000_max_476x317.jpeg; https://media.rightmove.co.uk:443/dir/crop/10:9-16:9/162k/161330/154604480/161330_14866749LH_IMG_05_0000_max_476x317.jpeg; https://media.rightmove.co.uk:443/dir/crop/10:9-16:9/162k/161330/154604480/161330_14866749LH_IMG_06_0000_max_476x317.jpeg; https://media.rightmove.co.uk:443/dir/crop/10:9-16:9/162k/161330/154604480/161330_14866749LH_IMG_07_0000_max_476x317.jpeg; https://media.rightmove.co.uk:443/dir/crop/10:9-16:9/162k/161330/154604480/161330_14866749LH_IMG_08_0000_max_476x317.jpeg; https://media.rightmove.co.uk:443/dir/crop/10:9-16:9/162k/161330/154604480/161330_14866749LH_IMG_09_0000_max_476x317.jpeg; https://media.rightmove.co.uk:443/dir/crop/10:9-16:9/162k/161330/154604480/161330_14866749LH_IMG_10_0000_max_476x317.jpeg"
"154565666","Suffolk","Industrial Development","Eastern Way, Bury St. Edmunds, Suffolk, IP32","£115 pcm","","","","We have available to let a number of container self-storage units located on a site on 23a Eastern Way, Eastern Way Industrial Estate, Bury St. Edmunds, IP32 7AB in a secluded location. This gives easy access to the A14, Town Centre and residential areas of the town.","https://www.rightmove.co.uk/properties/154565666#/?channel=COM_LET","2024-11-04T14:08:58Z","","new","Marketed by Balmforth, Mildenhall","","52.252855","0.727162","https://media.rightmove.co.uk:443/dir/crop/10:9-16:9/24k/23264/154565666/23264_FBM240790_L_IMG_00_0000_max_476x317.jpeg; https://media.rightmove.co.uk:443/dir/crop/10:9-16:9/24k/23264/154565666/23264_FBM240790_L_IMG_01_0000_max_476x317.jpeg; https://media.rightmove.co.uk:443/dir/crop/10:9-16:9/24k/23264/154565666/23264_FBM240790_L_IMG_02_0000_max_476x317.jpeg; https://media.rightmove.co.uk:443/dir/crop/10:9-16:9/24k/23264/154565666/23264_FBM240790_L_IMG_03_0000_max_476x317.jpeg; https://media.rightmove.co.uk:443/dir/crop/10:9-16:9/24k/23264/154565666/23264_FBM240790_L_IMG_04_0000_max_476x317.jpeg; https://media.rightmove.co.uk:443/dir/crop/10:9-16:9/24k/23264/154565666/23264_FBM240790_L_IMG_06_0000_max_476x317.jpeg"
"154337984","Suffolk","Office","Unit 6 Gulpher Business Park, Gulpher Road, Felixstowe, Suffolk, IP11","£1,375 pcm","","","","Felixstowe lies approximately 10 miles south east of Ipswich and is a deep sea port handling the largest volume of international cargo in Britain. The A14 provides excellent road communications with the A12, M1 and national motorway network. Gulpher Business Park is located off Gulpher Road appr...","https://www.rightmove.co.uk/properties/154337984#/?channel=COM_LET","2024-10-29T13:45:11Z","","new","Marketed by Fenn Wright, Ipswich Commercial Sales and Lettings","","51.981819","1.34457","https://media.rightmove.co.uk:443/dir/crop/10:9-16:9/162k/161330/154337984/161330_14870546LH_IMG_00_0000_max_476x317.jpeg; https://media.rightmove.co.uk:443/dir/crop/10:9-16:9/162k/161330/154337984/161330_14870546LH_IMG_01_0000_max_476x317.jpeg; https://media.rightmove.co.uk:443/dir/crop/10:9-16:9/162k/161330/154337984/161330_14870546LH_IMG_02_0000_max_476x317.jpeg; https://media.rightmove.co.uk:443/dir/crop/10:9-16:9/162k/161330/154337984/161330_14870546LH_IMG_03_0000_max_476x317.jpeg; https://media.rightmove.co.uk:443/dir/crop/10:9-16:9/162k/161330/154337984/161330_14870546LH_IMG_04_0000_max_476x317.jpeg; https://media.rightmove.co.uk:443/dir/crop/10:9-16:9/162k/161330/154337984/161330_14870546LH_IMG_05_0000_max_476x317.jpeg; https://media.rightmove.co.uk:443/dir/crop/10:9-16:9/162k/161330/154337984/161330_14870546LH_IMG_06_0000_max_476x317.jpeg; https://media.rightmove.co.uk:443/dir/crop/10:9-16:9/162k/161330/154337984/161330_14870546LH_IMG_07_0000_max_476x317.jpeg"
"148990259","Suffolk","Pub","Greyhound 28 Eastgate Street, Bury St Edmunds, IP33 1YQ","£2,917 pcm","Offers in Region of","","","To Let - Bury St Edmunds town centre fully restored public house (ground floor only)","https://www.rightmove.co.uk/properties/148990259#/?channel=COM_LET","2024-06-11T11:08:33Z","","new","Marketed by Everard Cole Ltd, Cambridge","","52.247534","0.722545","https://media.rightmove.co.uk:443/dir/crop/10:9-16:9/174k/173369/148990259/173369_8afcc4d2-9d23-4266-935f-eb37cb7be444_IMG_03_0000_max_476x317.jpeg; https://media.rightmove.co.uk:443/dir/crop/10:9-16:9/174k/173369/148990259/173369_8afcc4d2-9d23-4266-935f-eb37cb7be444_IMG_00_0000_max_476x317.jpeg; https://media.rightmove.co.uk:443/dir/crop/10:9-16:9/174k/173369/148990259/173369_8afcc4d2-9d23-4266-935f-eb37cb7be444_IMG_01_0000_max_476x317.jpeg; https://media.rightmove.co.uk:443/dir/crop/10:9-16:9/174k/173369/148990259/173369_8afcc4d2-9d23-4266-935f-eb37cb7be444_IMG_02_0000_max_476x317.jpeg; https://media.rightmove.co.uk:443/dir/crop/10:9-16:9/174k/173369/148990259/173369_8afcc4d2-9d23-4266-935f-eb37cb7be444_IMG_04_0000_max_476x317.jpeg; https://media.rightmove.co.uk:443/dir/crop/10:9-16:9/174k/173369/148990259/173369_8afcc4d2-9d23-4266-935f-eb37cb7be444_IMG_05_0000_max_476x317.jpeg; https://media.rightmove.co.uk:443/dir/crop/10:9-16:9/174k/173369/148990259/173369_8afcc4d2-9d23-4266-935f-eb37cb7be444_IMG_06_0000_max_476x317.jpeg"
"154872953","Suffolk","Commercial Property","Unit 4 , Hollands Road Buisness Centre 21-27 Holland Road, Haverhill, Suffolk","£341 pcm","","","","Various units available to let at Hollands Road Menta Centre, Suitable for a variety of uses within Class E . Access to units is via a communal corridor and reception area, communal kitchen and WCs.","https://www.rightmove.co.uk/properties/154872953#/?channel=COM_LET","2024-11-12T12:07:53Z","","new","Marketed by Bychoice, Haverhill","","52.0743","0.444193","https://media.rightmove.co.uk:443/dir/crop/10:9-16:9/101k/100171/154872953/100171_CHG-37467204_IMG_03_0000_max_476x317.jpeg; https://media.rightmove.co.uk:443/dir/crop/10:9-16:9/101k/100171/154872953/100171_CHG-37467204_IMG_18_0000_max_476x317.jpeg; https://media.rightmove.co.uk:443/dir/crop/10:9-16:9/101k/100171/154872953/100171_CHG-37467204_IMG_02_0000_max_476x317.jpeg; https://media.rightmove.co.uk:443/dir/crop/10:9-16:9/101k/100171/154872953/100171_CHG-37467204_IMG_04_0000_max_476x317.jpeg; https://media.rightmove.co.uk:443/dir/crop/10:9-16:9/101k/100171/154872953/100171_CHG-37467204_IMG_17_0000_max_476x317.jpeg; https://media.rightmove.co.uk:443/dir/crop/10:9-16:9/101k/100171/154872953/100171_CHG-37467204_IMG_06_0000_max_476x317.jpeg; https://media.rightmove.co.uk:443/dir/crop/10:9-16:9/101k/100171/154872953/100171_CHG-37467204_IMG_07_0000_max_476x317.jpeg; https://media.rightmove.co.uk:443/dir/crop/10:9-16:9/101k/100171/154872953/100171_CHG-37467204_IMG_08_0000_max_476x317.jpeg; https://media.rightmove.co.uk:443/dir/crop/10:9-16:9/101k/100171/154872953/100171_CHG-37467204_IMG_09_0000_max_476x317.jpeg; https://media.rightmove.co.uk:443/dir/crop/10:9-16:9/101k/100171/154872953/100171_CHG-37467204_IMG_10_0000_max_476x317.jpeg; https://media.rightmove.co.uk:443/dir/crop/10:9-16:9/101k/100171/154872953/100171_CHG-37467204_IMG_11_0000_max_476x317.jpeg; https://media.rightmove.co.uk:443/dir/crop/10:9-16:9/101k/100171/154872953/100171_CHG-37467204_IMG_12_0000_max_476x317.jpeg; https://media.rightmove.co.uk:443/dir/crop/10:9-16:9/101k/100171/154872953/100171_CHG-37467204_IMG_13_0000_max_476x317.jpeg; https://media.rightmove.co.uk:443/dir/crop/10:9-16:9/101k/100171/154872953/100171_CHG-37467204_IMG_14_0000_max_476x317.jpeg; https://media.rightmove.co.uk:443/dir/crop/10:9-16:9/101k/100171/154872953/100171_CHG-37467204_IMG_15_0000_max_476x317.jpeg; https://media.rightmove.co.uk:443/dir/crop/10:9-16:9/101k/100171/154872953/100171_CHG-37467204_IMG_16_0000_max_476x317.jpeg"
"152674325","Suffolk","Warehouse","Former Delphi Site, Alexandra Road, Sudbury, CO10 2RR","POA","","","","Pre-Let/Sale Opportunities - Industrial/Warehouses - Sudbury - 750 - 300,000 ft² available","https://www.rightmove.co.uk/properties/152674325#/?channel=COM_LET","2024-09-20T07:58:20Z","","new","Marketed by Savills, Ipswich","","52.040508","0.745436","https://media.rightmove.co.uk:443/dir/crop/10:9-16:9/215k/214097/152674325/214097_233207-2_IMG_00_0000_max_476x317.jpeg"
"152565701","Suffolk","Office","Suite 3, Lowestoft Hospital ","£750 pcm","","","","A unique opportunity to let a suite of offices set within the private grounds of the esteemed and historical Lowestoft Hospital. 4 Offices spaciously presented within a private wing with kitchen and WC's","https://www.rightmove.co.uk/properties/152565701#/?channel=COM_LET","2024-09-17T17:13:30Z","","new","Marketed by Elisabeth James Homes, Suffolk","","52.480082","1.753452","https://media.rightmove.co.uk:443/dir/crop/10:9-16:9/275k/274139/152565701/274139_CL0011_IMG_00_0000_max_476x317.jpeg; https://media.rightmove.co.uk:443/dir/crop/10:9-16:9/275k/274139/152565701/274139_CL0011_IMG_01_0000_max_476x317.jpeg; https://media.rightmove.co.uk:443/dir/crop/10:9-16:9/275k/274139/152565701/274139_CL0011_IMG_02_0000_max_476x317.jpeg; https://media.rightmove.co.uk:443/dir/crop/10:9-16:9/275k/274139/152565701/274139_CL0011_IMG_03_0000_max_476x317.jpeg; https://media.rightmove.co.uk:443/dir/crop/10:9-16:9/275k/274139/152565701/274139_CL0011_IMG_04_0000_max_476x317.jpeg; https://media.rightmove.co.uk:443/dir/crop/10:9-16:9/275k/274139/152565701/274139_CL0011_IMG_05_0000_max_476x317.jpeg; https://media.rightmove.co.uk:443/dir/crop/10:9-16:9/275k/274139/152565701/274139_CL0011_IMG_06_0000_max_476x317.jpeg; https://media.rightmove.co.uk:443/dir/crop/10:9-16:9/275k/274139/152565701/274139_CL0011_IMG_07_0000_max_476x317.jpeg; https://media.rightmove.co.uk:443/dir/crop/10:9-16:9/275k/274139/152565701/274139_CL0011_IMG_08_0000_max_476x317.jpeg; https://media.rightmove.co.uk:443/dir/crop/10:9-16:9/275k/274139/152565701/274139_CL0011_IMG_09_0000_max_476x317.jpeg; https://media.rightmove.co.uk:443/dir/crop/10:9-16:9/275k/274139/152565701/274139_CL0011_IMG_10_0000_max_476x317.jpeg; https://media.rightmove.co.uk:443/dir/crop/10:9-16:9/275k/274139/152565701/274139_CL0011_IMG_11_0000_max_476x317.jpeg; https://media.rightmove.co.uk:443/dir/crop/10:9-16:9/275k/274139/152565701/274139_CL0011_IMG_12_0000_max_476x317.jpeg"
"37708101","Suffolk","Retail Property (high street)","High Street,Southwold,IP18","£2,083 pcm","","","","Delightful prominent retail unit on the High Street, close to Fatface and the Cellar & Kitchen (Adnams), with potential to expand into the large yard to the rear (STPP).","https://www.rightmove.co.uk/properties/37708101#/?channel=COM_LET","2015-11-11T17:54:00Z","","new","Marketed by Fennel Chartered Surveyors, Halesworth","","52.32751","1.67637","https://media.rightmove.co.uk:443/dir/crop/10:9-16:9/property-photo/3eb812c33/37708101/3eb812c331b048d7652e47df060c86f5_max_476x317.jpeg; https://media.rightmove.co.uk:443/dir/crop/10:9-16:9/property-photo/b37c50f44/37708101/b37c50f44c5b5981aad569506d661d36_max_476x317.jpeg; https://media.rightmove.co.uk:443/dir/crop/10:9-16:9/property-photo/34b8b3ee5/37708101/34b8b3ee57d721d06828303b4357d0cd_max_476x317.jpeg; https://media.rightmove.co.uk:443/dir/crop/10:9-16:9/property-photo/aefb6e81b/37708101/aefb6e81b21bc072f8ac76be633c23db_max_476x317.jpeg; https://media.rightmove.co.uk:443/dir/crop/10:9-16:9/property-photo/4315bed05/37708101/4315bed05b831043abea3195619bb24e_max_476x317.jpeg; https://media.rightmove.co.uk:443/dir/crop/10:9-16:9/property-photo/568e2b5c0/37708101/568e2b5c027cd43efbbad4ac346cf96c_max_476x317.jpeg; https://media.rightmove.co.uk:443/dir/crop/10:9-16:9/property-photo/c25d6e0cb/37708101/c25d6e0cb1822ca26baa43188c710692_max_476x317.jpeg; https://media.rightmove.co.uk:443/dir/crop/10:9-16:9/property-photo/90a497a1e/37708101/90a497a1e0e767eede127e4ebd2bb723_max_476x317.jpeg; https://media.rightmove.co.uk:443/dir/crop/10:9-16:9/property-photo/013925ee0/37708101/013925ee0d8832cbcb0f5a9ec55788bf_max_476x317.jpeg; https://media.rightmove.co.uk:443/dir/crop/10:9-16:9/property-photo/92559ee4d/37708101/92559ee4d19cf7568848111ba5e0aa2c_max_476x317.jpeg; https://media.rightmove.co.uk:443/dir/crop/10:9-16:9/property-photo/caaaf1b60/37708101/caaaf1b6015dc86f22492300337b0ec6_max_476x317.jpeg; https://media.rightmove.co.uk:443/dir/crop/10:9-16:9/property-photo/1ae00edbb/37708101/1ae00edbb60bf3801ebacc34dc116213_max_476x317.jpeg"
"143015708","Suffolk","Office","First Floor, Saxon House, 7 Hillside Road, Bury St. Edmunds, Suffolk, IP32 7EA","£5,833 pcm","From","","","The available space is located on the first floor of a modern, well presented office/medical building. The accommodation provides mainly office accommodation which is well suited for a variety of uses (STP). The current specification includes: double glazing, suspended ceilings, Cat II lighting, ...","https://www.rightmove.co.uk/properties/143015708#/?channel=COM_LET","2023-12-18T12:58:03Z","","size_change","Marketed by Eddisons Commercial Limited, Bury St. Edmunds","","52.237972","0.749359","https://media.rightmove.co.uk:443/dir/crop/10:9-16:9/237k/236930/143015708/236930_3014640LH_IMG_00_0002_max_476x317.jpeg; https://media.rightmove.co.uk:443/dir/crop/10:9-16:9/237k/236930/143015708/236930_3014640LH_IMG_01_0002_max_476x317.jpeg; https://media.rightmove.co.uk:443/dir/crop/10:9-16:9/237k/236930/143015708/236930_3014640LH_IMG_02_0002_max_476x317.jpeg; https://media.rightmove.co.uk:443/dir/crop/10:9-16:9/237k/236930/143015708/236930_3014640LH_IMG_03_0002_max_476x317.jpeg; https://media.rightmove.co.uk:443/dir/crop/10:9-16:9/237k/236930/143015708/236930_3014640LH_IMG_04_0002_max_476x317.jpeg"
"152135138","Suffolk","Office","Hamlet Road, Haverhill, Suffolk, CB9","£490 pcm","","","","Anne Cleves House - Hamlet Road1st floor office 5.3m x 3.8m","https://www.rightmove.co.uk/properties/152135138#/?channel=COM_LET","2024-09-06T14:11:56Z","","size_change","Marketed by Preview Property Services, Haverhill","","52.07901","0.44304","https://media.rightmove.co.uk:443/dir/crop/10:9-16:9/278k/277625/152135138/277625_Cleves13_IMG_02_0000_max_476x317.jpeg; https://media.rightmove.co.uk:443/dir/crop/10:9-16:9/278k/277625/152135138/277625_Cleves13_IMG_01_0000_max_476x317.jpeg; https://media.rightmove.co.uk:443/dir/crop/10:9-16:9/278k/277625/152135138/277625_Cleves13_IMG_00_0000_max_476x317.jpeg; https://media.rightmove.co.uk:443/dir/crop/10:9-16:9/278k/277625/152135138/277625_Cleves13_IMG_03_0000_max_476x317.jpeg; https://media.rightmove.co.uk:443/dir/crop/10:9-16:9/278k/277625/152135138/277625_Cleves13_IMG_04_0000_max_476x317.jpeg; https://media.rightmove.co.uk:443/dir/crop/10:9-16:9/278k/277625/152135138/277625_Cleves13_IMG_05_0000_max_476x317.jpeg; https://media.rightmove.co.uk:443/dir/crop/10:9-16:9/278k/277625/152135138/277625_Cleves13_IMG_06_0000_max_476x317.jpeg"
"87006981","Suffolk","Distribution Warehouse","Unit 3, Phase 1, Orwell Logistics Park, Nacton, Felixstowe, IP10 0DD","POA","","","","Phase 2 - Available for Pre-Let","https://www.rightmove.co.uk/properties/87006981#/?channel=COM_LET","2024-09-06T10:43:01Z","","new","Marketed by JLL, London - Industrial","","52.025889","1.223071","https://media.rightmove.co.uk:443/dir/crop/10:9-16:9/264k/263627/87006981/263627_90994-2_IMG_00_0000_max_476x317.jpeg; https://media.rightmove.co.uk:443/dir/crop/10:9-16:9/264k/263627/87006981/263627_90994-2_IMG_01_0000_max_476x317.jpeg; https://media.rightmove.co.uk:443/dir/crop/10:9-16:9/264k/263627/87006981/263627_90994-2_IMG_02_0000_max_476x317.jpeg; https://media.rightmove.co.uk:443/dir/crop/10:9-16:9/264k/263627/87006981/263627_90994-2_IMG_03_0000_max_476x317.jpeg; https://media.rightmove.co.uk:443/dir/crop/10:9-16:9/264k/263627/87006981/263627_90994-2_IMG_04_0000_max_476x317.jpeg; https://media.rightmove.co.uk:443/dir/crop/10:9-16:9/264k/263627/87006981/263627_90994-2_IMG_05_0000_max_476x317.jpeg"
"152094221","Suffolk","Retail Property (out of town)","Broad Road, Bacton, Stowmarket, Suffolk, IP14","£2,292 pcm","","","","Modern showroom premises suitable for a variety of uses subject to planning. Extending to approximately 216 sqm (2,325 sqft). Prominent location situated on the well-travelled B1113. Due to relocation - business unaffected.","https://www.rightmove.co.uk/properties/152094221#/?channel=COM_LET","2024-09-05T16:53:56Z","","new","Marketed by Lacy Scott & Knight Commercial, Stowmarket","","52.268561","1.021345","https://media.rightmove.co.uk:443/dir/crop/10:9-16:9/230k/229859/152094221/229859_SCL240031_L_IMG_00_0000_max_476x317.jpeg; https://media.rightmove.co.uk:443/dir/crop/10:9-16:9/230k/229859/152094221/229859_SCL240031_L_IMG_01_0000_max_476x317.jpeg; https://media.rightmove.co.uk:443/dir/crop/10:9-16:9/230k/229859/152094221/229859_SCL240031_L_IMG_02_0000_max_476x317.jpeg; https://media.rightmove.co.uk:443/dir/crop/10:9-16:9/230k/229859/152094221/229859_SCL240031_L_IMG_03_0000_max_476x317.jpeg; https://media.rightmove.co.uk:443/dir/crop/10:9-16:9/230k/229859/152094221/229859_SCL240031_L_IMG_04_0000_max_476x317.jpeg; https://media.rightmove.co.uk:443/dir/crop/10:9-16:9/230k/229859/152094221/229859_SCL240031_L_IMG_05_0000_max_476x317.jpeg; https://media.rightmove.co.uk:443/dir/crop/10:9-16:9/230k/229859/152094221/229859_SCL240031_L_IMG_06_0000_max_476x317.jpeg; https://media.rightmove.co.uk:443/dir/crop/10:9-16:9/230k/229859/152094221/229859_SCL240031_L_IMG_07_0000_max_476x317.jpeg; https://media.rightmove.co.uk:443/dir/crop/10:9-16:9/230k/229859/152094221/229859_SCL240031_L_IMG_08_0000_max_476x317.jpeg; https://media.rightmove.co.uk:443/dir/crop/10:9-16:9/230k/229859/152094221/229859_SCL240031_L_IMG_09_0000_max_476x317.jpeg; https://media.rightmove.co.uk:443/dir/crop/10:9-16:9/230k/229859/152094221/229859_SCL240031_L_IMG_10_0000_max_476x317.jpeg"
"122706500","Suffolk","Office","The Epicentre, Haverhill Research Park, Enterprise Way, Haverhill, Suffolk, CB9 7LR","POA","","","","Exceptional serviced offices and laboratories in a thriving and lively business hub. The EpiCentre offers high quality modern office accommodation conveniently located on the Haverhill Research Park within easy reach of Cambridge and nearby business and science parks. With flexible license agreem...","https://www.rightmove.co.uk/properties/122706500#/?channel=COM_LET","2022-04-22T14:37:17Z","","size_change","Marketed by Eddisons Commercial Limited, Cambridge","","52.092297","0.399954","https://media.rightmove.co.uk:443/dir/crop/10:9-16:9/216k/215075/122706500/215075_3005712LH_IMG_00_0001_max_476x317.jpeg; https://media.rightmove.co.uk:443/dir/crop/10:9-16:9/216k/215075/122706500/215075_3005712LH_IMG_01_0001_max_476x317.jpeg; https://media.rightmove.co.uk:443/dir/crop/10:9-16:9/216k/215075/122706500/215075_3005712LH_IMG_02_0001_max_476x317.jpeg; https://media.rightmove.co.uk:443/dir/crop/10:9-16:9/216k/215075/122706500/215075_3005712LH_IMG_03_0001_max_476x317.jpeg; https://media.rightmove.co.uk:443/dir/crop/10:9-16:9/216k/215075/122706500/215075_3005712LH_IMG_04_0001_max_476x317.jpeg; https://media.rightmove.co.uk:443/dir/crop/10:9-16:9/216k/215075/122706500/215075_3005712LH_IMG_05_0001_max_476x317.jpeg; https://media.rightmove.co.uk:443/dir/crop/10:9-16:9/216k/215075/122706500/215075_3005712LH_IMG_06_0001_max_476x317.jpeg; https://media.rightmove.co.uk:443/dir/crop/10:9-16:9/216k/215075/122706500/215075_3005712LH_IMG_07_0001_max_476x317.jpeg; https://media.rightmove.co.uk:443/dir/crop/10:9-16:9/216k/215075/122706500/215075_3005712LH_IMG_08_0001_max_476x317.jpeg; https://media.rightmove.co.uk:443/dir/crop/10:9-16:9/216k/215075/122706500/215075_3005712LH_IMG_09_0001_max_476x317.jpeg; https://media.rightmove.co.uk:443/dir/crop/10:9-16:9/216k/215075/122706500/215075_3005712LH_IMG_10_0001_max_476x317.jpeg; https://media.rightmove.co.uk:443/dir/crop/10:9-16:9/216k/215075/122706500/215075_3005712LH_IMG_11_0001_max_476x317.jpeg; https://media.rightmove.co.uk:443/dir/crop/10:9-16:9/216k/215075/122706500/215075_3005712LH_IMG_12_0001_max_476x317.jpeg; https://media.rightmove.co.uk:443/dir/crop/10:9-16:9/216k/215075/122706500/215075_3005712LH_IMG_13_0001_max_476x317.jpeg"
"151937876","Suffolk","Warehouse","GB200, Addison Way, Orion Business Park, Ipswich, Suffolk   IP6 0RL","POA","","","","A warehouse/industrial unit comprising two units that can be take as one or split. Good access to the A14 and A12.","https://www.rightmove.co.uk/properties/151937876#/?channel=COM_LET","2024-09-02T14:42:02Z","","new","Marketed by Coke Gearing Consulting, Bishops Stortford","","52.10613","1.09491","https://media.rightmove.co.uk:443/dir/crop/10:9-16:9/111k/110398/151937876/110398_C2097_IMG_00_0000_max_476x317.jpeg; https://media.rightmove.co.uk:443/dir/crop/10:9-16:9/111k/110398/151937876/110398_C2097_IMG_01_0000_max_476x317.jpeg; https://media.rightmove.co.uk:443/dir/crop/10:9-16:9/111k/110398/151937876/110398_C2097_IMG_02_0000_max_476x317.jpeg; https://media.rightmove.co.uk:443/dir/crop/10:9-16:9/111k/110398/151937876/110398_C2097_IMG_03_0000_max_476x317.jpeg; https://media.rightmove.co.uk:443/dir/crop/10:9-16:9/111k/110398/151937876/110398_C2097_IMG_04_0000_max_476x317.jpeg; https://media.rightmove.co.uk:443/dir/crop/10:9-16:9/111k/110398/151937876/110398_C2097_IMG_05_0000_max_476x317.jpeg; https://media.rightmove.co.uk:443/dir/crop/10:9-16:9/111k/110398/151937876/110398_C2097_IMG_06_0000_max_476x317.jpeg"
"151920575","Suffolk","Warehouse","Gb200, Addison Way, Orion Business Park, Ipswich, IP6 0RL","POA","","","","Available to Let - Warehouse/Industrial Unit - 98,681 - 203,004 ft² - Orion Business Park, Ipswich","https://www.rightmove.co.uk/properties/151920575#/?channel=COM_LET","2024-09-02T10:58:17Z","","new","Marketed by Savills, Ipswich","","52.104735","1.094603","https://media.rightmove.co.uk:443/dir/crop/10:9-16:9/215k/214097/151920575/214097_230358-2_IMG_07_0000_max_476x317.jpeg; https://media.rightmove.co.uk:443/dir/crop/10:9-16:9/215k/214097/151920575/214097_230358-2_IMG_00_0000_max_476x317.jpeg; https://media.rightmove.co.uk:443/dir/crop/10:9-16:9/215k/214097/151920575/214097_230358-2_IMG_01_0000_max_476x317.jpeg; https://media.rightmove.co.uk:443/dir/crop/10:9-16:9/215k/214097/151920575/214097_230358-2_IMG_02_0000_max_476x317.jpeg; https://media.rightmove.co.uk:443/dir/crop/10:9-16:9/215k/214097/151920575/214097_230358-2_IMG_03_0000_max_476x317.jpeg; https://media.rightmove.co.uk:443/dir/crop/10:9-16:9/215k/214097/151920575/214097_230358-2_IMG_04_0000_max_476x317.jpeg; https://media.rightmove.co.uk:443/dir/crop/10:9-16:9/215k/214097/151920575/214097_230358-2_IMG_05_0000_max_476x317.jpeg; https://media.rightmove.co.uk:443/dir/crop/10:9-16:9/215k/214097/151920575/214097_230358-2_IMG_06_0000_max_476x317.jpeg; https://media.rightmove.co.uk:443/dir/crop/10:9-16:9/215k/214097/151920575/214097_230358-2_IMG_08_0000_max_476x317.jpeg"
"151633172","Suffolk","Office","Office to Let in Holton St Mary, East Bergholt, Suffolk","£1,333 pcm","","","","1,129 sq ft open-plan self-contained office to let on a secure rural site in Holton St Mary with excellent access to the A12. The office (unit 3) benefits from double glazed windows, carpets throughout and well fitted kitchenette and welfare facilities. In addition, ultra-fast fibre broadba...","https://www.rightmove.co.uk/properties/151633172#/?channel=COM_LET","2024-08-22T14:50:18Z","","size_change","Marketed by Howie Kent & Co Ltd, Essex","","51.994217","0.99389","https://media.rightmove.co.uk:443/dir/crop/10:9-16:9/229k/228701/151633172/228701_HKC10293_IMG_09_0001_max_476x317.jpeg; https://media.rightmove.co.uk:443/dir/crop/10:9-16:9/229k/228701/151633172/228701_HKC10293_IMG_00_0001_max_476x317.jpeg; https://media.rightmove.co.uk:443/dir/crop/10:9-16:9/229k/228701/151633172/228701_HKC10293_IMG_04_0001_max_476x317.jpeg; https://media.rightmove.co.uk:443/dir/crop/10:9-16:9/229k/228701/151633172/228701_HKC10293_IMG_03_0001_max_476x317.jpeg; https://media.rightmove.co.uk:443/dir/crop/10:9-16:9/229k/228701/151633172/228701_HKC10293_IMG_01_0001_max_476x317.jpeg; https://media.rightmove.co.uk:443/dir/crop/10:9-16:9/229k/228701/151633172/228701_HKC10293_IMG_02_0001_max_476x317.jpeg; https://media.rightmove.co.uk:443/dir/crop/10:9-16:9/229k/228701/151633172/228701_HKC10293_IMG_05_0001_max_476x317.jpeg; https://media.rightmove.co.uk:443/dir/crop/10:9-16:9/229k/228701/151633172/228701_HKC10293_IMG_06_0001_max_476x317.jpeg; https://media.rightmove.co.uk:443/dir/crop/10:9-16:9/229k/228701/151633172/228701_HKC10293_IMG_07_0001_max_476x317.jpeg; https://media.rightmove.co.uk:443/dir/crop/10:9-16:9/229k/228701/151633172/228701_HKC10293_IMG_08_0001_max_476x317.jpeg; https://media.rightmove.co.uk:443/dir/crop/10:9-16:9/229k/228701/151633172/228701_HKC10293_IMG_10_0001_max_476x317.jpeg; https://media.rightmove.co.uk:443/dir/crop/10:9-16:9/229k/228701/151633172/228701_HKC10293_IMG_11_0001_max_476x317.jpeg; https://media.rightmove.co.uk:443/dir/crop/10:9-16:9/229k/228701/151633172/228701_HKC10293_IMG_12_0001_max_476x317.jpeg; https://media.rightmove.co.uk:443/dir/crop/10:9-16:9/229k/228701/151633172/228701_HKC10293_IMG_13_0001_max_476x317.jpeg; https://media.rightmove.co.uk:443/dir/crop/10:9-16:9/229k/228701/151633172/228701_HKC10293_IMG_14_0001_max_476x317.jpeg"
"151632365","Suffolk","Office","Rural Office to Let in Holton St Mary, East Bergholt, Suffolk","£3,750 pcm","","","","3,668 sq ft open-plan self-contained office to let on a secure rural site in Holton St Mary with excellent access to the A12. The office is set over two floors and benefits from double glazed windows, carpets throughout and well fitted kitchenette and its own welfare facilities. In addition...","https://www.rightmove.co.uk/properties/151632365#/?channel=COM_LET","2024-08-22T14:36:26Z","","new","Marketed by Howie Kent & Co Ltd, Essex","","51.994217","0.99389","https://media.rightmove.co.uk:443/dir/crop/10:9-16:9/229k/228701/151632365/228701_HKC10292_IMG_00_0001_max_476x317.jpeg; https://media.rightmove.co.uk:443/dir/crop/10:9-16:9/229k/228701/151632365/228701_HKC10292_IMG_06_0001_max_476x317.jpeg; https://media.rightmove.co.uk:443/dir/crop/10:9-16:9/229k/228701/151632365/228701_HKC10292_IMG_01_0001_max_476x317.jpeg; https://media.rightmove.co.uk:443/dir/crop/10:9-16:9/229k/228701/151632365/228701_HKC10292_IMG_04_0001_max_476x317.jpeg; https://media.rightmove.co.uk:443/dir/crop/10:9-16:9/229k/228701/151632365/228701_HKC10292_IMG_02_0001_max_476x317.jpeg; https://media.rightmove.co.uk:443/dir/crop/10:9-16:9/229k/228701/151632365/228701_HKC10292_IMG_03_0001_max_476x317.jpeg; https://media.rightmove.co.uk:443/dir/crop/10:9-16:9/229k/228701/151632365/228701_HKC10292_IMG_05_0001_max_476x317.jpeg; https://media.rightmove.co.uk:443/dir/crop/10:9-16:9/229k/228701/151632365/228701_HKC10292_IMG_07_0001_max_476x317.jpeg; https://media.rightmove.co.uk:443/dir/crop/10:9-16:9/229k/228701/151632365/228701_HKC10292_IMG_08_0001_max_476x317.jpeg; https://media.rightmove.co.uk:443/dir/crop/10:9-16:9/229k/228701/151632365/228701_HKC10292_IMG_09_0001_max_476x317.jpeg; https://media.rightmove.co.uk:443/dir/crop/10:9-16:9/229k/228701/151632365/228701_HKC10292_IMG_10_0001_max_476x317.jpeg; https://media.rightmove.co.uk:443/dir/crop/10:9-16:9/229k/228701/151632365/228701_HKC10292_IMG_11_0001_max_476x317.jpeg; https://media.rightmove.co.uk:443/dir/crop/10:9-16:9/229k/228701/151632365/228701_HKC10292_IMG_12_0001_max_476x317.jpeg; https://media.rightmove.co.uk:443/dir/crop/10:9-16:9/229k/228701/151632365/228701_HKC10292_IMG_13_0001_max_476x317.jpeg"
"151525049","Suffolk","Storage","July Court, Willie Snaithe Road,  Newmarket, Suffolk, CB8","£65 pcm","From","","","Cinch Self Storage Newmarket offers a huge range of local storage options from 15 to 350+ sq ft. Alongside storage units, our Newmarket store has enterprise units, bulk storage, business warehouses, and offices. Our Newmarket facility is located just off Junction 37 of the A14 near to Tesco & Wickes","https://www.rightmove.co.uk/properties/151525049#/?channel=COM_LET","2024-08-22T11:57:49Z","","size_change","Marketed by Cinch Self Storage, Cinch Self Storage","","52.25807","0.39382","https://media.rightmove.co.uk:443/dir/crop/10:9-16:9/277k/276035/151525049/276035_Newmarket_IMG_04_0000_max_476x317.jpeg; https://media.rightmove.co.uk:443/dir/crop/10:9-16:9/277k/276035/151525049/276035_Newmarket_IMG_03_0000_max_476x317.jpeg; https://media.rightmove.co.uk:443/dir/crop/10:9-16:9/277k/276035/151525049/276035_Newmarket_IMG_00_0000_max_476x317.jpeg; https://media.rightmove.co.uk:443/dir/crop/10:9-16:9/277k/276035/151525049/276035_Newmarket_IMG_01_0000_max_476x317.jpeg; https://media.rightmove.co.uk:443/dir/crop/10:9-16:9/277k/276035/151525049/276035_Newmarket_IMG_02_0000_max_476x317.jpeg; https://media.rightmove.co.uk:443/dir/crop/10:9-16:9/277k/276035/151525049/276035_Newmarket_IMG_05_0000_max_476x317.jpeg; https://media.rightmove.co.uk:443/dir/crop/10:9-16:9/277k/276035/151525049/276035_Newmarket_IMG_06_0000_max_476x317.jpeg; https://media.rightmove.co.uk:443/dir/crop/10:9-16:9/277k/276035/151525049/276035_Newmarket_IMG_07_0000_max_476x317.jpeg; https://media.rightmove.co.uk:443/dir/crop/10:9-16:9/277k/276035/151525049/276035_Newmarket_IMG_08_0000_max_476x317.jpeg; https://media.rightmove.co.uk:443/dir/crop/10:9-16:9/277k/276035/151525049/276035_Newmarket_IMG_09_0000_max_476x317.jpeg; https://media.rightmove.co.uk:443/dir/crop/10:9-16:9/277k/276035/151525049/276035_Newmarket_IMG_10_0000_max_476x317.jpeg"
"151531667","Suffolk","Office","The Havens, Ipswich, Suffolk, IP3","£6,399 pcm","From","","4","50 Desk open plan office available at Basepoint Ransomes Europark","https://www.rightmove.co.uk/properties/151531667#/?channel=COM_LET","2024-08-20T14:22:17Z","","size_change","Marketed by Basepoint, Basepoint","","52.02923","1.22085","https://media.rightmove.co.uk:443/dir/crop/10:9-16:9/71k/70551/151531667/70551_UKlob4544_IMG_09_0000_max_476x317.jpeg; https://media.rightmove.co.uk:443/dir/crop/10:9-16:9/71k/70551/151531667/70551_UKlob4544_IMG_02_0000_max_476x317.jpeg; https://media.rightmove.co.uk:443/dir/crop/10:9-16:9/71k/70551/151531667/70551_UKlob4544_IMG_06_0000_max_476x317.jpeg; https://media.rightmove.co.uk:443/dir/crop/10:9-16:9/71k/70551/151531667/70551_UKlob4544_IMG_03_0000_max_476x317.jpeg; https://media.rightmove.co.uk:443/dir/crop/10:9-16:9/71k/70551/151531667/70551_UKlob4544_IMG_01_0000_max_476x317.jpeg; https://media.rightmove.co.uk:443/dir/crop/10:9-16:9/71k/70551/151531667/70551_UKlob4544_IMG_04_0000_max_476x317.jpeg; https://media.rightmove.co.uk:443/dir/crop/10:9-16:9/71k/70551/151531667/70551_UKlob4544_IMG_10_0000_max_476x317.jpeg; https://media.rightmove.co.uk:443/dir/crop/10:9-16:9/71k/70551/151531667/70551_UKlob4544_IMG_08_0000_max_476x317.jpeg; https://media.rightmove.co.uk:443/dir/crop/10:9-16:9/71k/70551/151531667/70551_UKlob4544_IMG_07_0000_max_476x317.jpeg; https://media.rightmove.co.uk:443/dir/crop/10:9-16:9/71k/70551/151531667/70551_UKlob4544_IMG_05_0000_max_476x317.jpeg; https://media.rightmove.co.uk:443/dir/crop/10:9-16:9/71k/70551/151531667/70551_UKlob4544_IMG_00_0000_max_476x317.jpeg"
"82147382","Suffolk","Office","Old Court Buildings Old Nelson Street, Lowestoft, Suffolk, NR32","£43 pcm","From","","","Peter Colby Commercials Property Division has recently acquired the Old Magistrates Court building located in Lowestoft. We have renamed the building as Old Court Buildings. The building offers a range of flexible options for potential tenants. Call us to discuss options further!!","https://www.rightmove.co.uk/properties/82147382#/?channel=COM_LET","2019-05-28T12:40:16Z","","size_change","Marketed by Peter Colby Commercials Limited, Norwich","","52.47827","1.75595","https://media.rightmove.co.uk:443/dir/crop/10:9-16:9/123k/122056/82147382/122056_LOWMC_IMG_03_0001_max_476x317.jpeg; https://media.rightmove.co.uk:443/dir/crop/10:9-16:9/123k/122056/82147382/122056_LOWMC_IMG_00_0000_max_476x317.jpg; https://media.rightmove.co.uk:443/dir/crop/10:9-16:9/123k/122056/82147382/122056_LOWMC_IMG_02_0000_max_476x317.jpg; https://media.rightmove.co.uk:443/dir/crop/10:9-16:9/123k/122056/82147382/122056_LOWMC_IMG_05_0000_max_476x317.jpeg; https://media.rightmove.co.uk:443/dir/crop/10:9-16:9/123k/122056/82147382/122056_LOWMC_IMG_06_0000_max_476x317.jpeg; https://media.rightmove.co.uk:443/dir/crop/10:9-16:9/123k/122056/82147382/122056_LOWMC_IMG_07_0000_max_476x317.jpeg; https://media.rightmove.co.uk:443/dir/crop/10:9-16:9/123k/122056/82147382/122056_LOWMC_IMG_04_0000_max_476x317.jpeg; https://media.rightmove.co.uk:443/dir/crop/10:9-16:9/123k/122056/82147382/122056_LOWMC_IMG_08_0000_max_476x317.jpeg; https://media.rightmove.co.uk:443/dir/crop/10:9-16:9/123k/122056/82147382/122056_LOWMC_IMG_09_0000_max_476x317.jpeg; https://media.rightmove.co.uk:443/dir/crop/10:9-16:9/123k/122056/82147382/122056_LOWMC_IMG_10_0000_max_476x317.jpeg"
"151151555","Suffolk","Office","The Cold Store, Hadenham Road, South Lowestoft Industrial Estate","£350 pcm","","","","No summary available.","https://www.rightmove.co.uk/properties/151151555#/?channel=COM_LET","2024-08-09T11:11:37Z","","new","Marketed by Paul Hubbard Commercial, Suffolk","","52.444923","1.715339","https://media.rightmove.co.uk:443/dir/crop/10:9-16:9/77k/76023/151151555/76023_33245523_IMG_01_0000_max_476x317.jpeg; https://media.rightmove.co.uk:443/dir/crop/10:9-16:9/77k/76023/151151555/76023_33245523_IMG_02_0000_max_476x317.jpeg; https://media.rightmove.co.uk:443/dir/crop/10:9-16:9/77k/76023/151151555/76023_33245523_IMG_03_0000_max_476x317.jpeg; https://media.rightmove.co.uk:443/dir/crop/10:9-16:9/77k/76023/151151555/76023_33245523_IMG_00_0000_max_476x317.jpeg; https://media.rightmove.co.uk:443/dir/crop/10:9-16:9/77k/76023/151151555/76023_33245523_IMG_04_0000_max_476x317.jpeg"
"151151516","Suffolk","Light Industrial","The Cold Store, Hadenham Road, South Lowestoft Industrial Estate","£350 pcm","","","","No summary available.","https://www.rightmove.co.uk/properties/151151516#/?channel=COM_LET","2024-08-09T11:10:34Z","","new","Marketed by Paul Hubbard Commercial, Suffolk","","52.4449","1.718746","https://media.rightmove.co.uk:443/dir/crop/10:9-16:9/77k/76023/151151516/76023_33245519_IMG_01_0000_max_476x317.jpeg; https://media.rightmove.co.uk:443/dir/crop/10:9-16:9/77k/76023/151151516/76023_33245519_IMG_02_0000_max_476x317.jpeg; https://media.rightmove.co.uk:443/dir/crop/10:9-16:9/77k/76023/151151516/76023_33245519_IMG_03_0000_max_476x317.jpeg; https://media.rightmove.co.uk:443/dir/crop/10:9-16:9/77k/76023/151151516/76023_33245519_IMG_00_0000_max_476x317.jpeg; https://media.rightmove.co.uk:443/dir/crop/10:9-16:9/77k/76023/151151516/76023_33245519_IMG_04_0000_max_476x317.jpeg"
"151151432","Suffolk","Retail Property (high street)","The Cold Store, Hadenham Road, South Lowestoft Industrial Estate","£350 pcm","","","","No summary available.","https://www.rightmove.co.uk/properties/151151432#/?channel=COM_LET","2024-08-09T11:09:02Z","","new","Marketed by Paul Hubbard Commercial, Suffolk","","52.444923","1.715339","https://media.rightmove.co.uk:443/dir/crop/10:9-16:9/property-photo/df89c8825/151151432/df89c88256e5c7fab38d5fcf824fc09a_max_476x317.jpeg; https://media.rightmove.co.uk:443/dir/crop/10:9-16:9/property-photo/cc034bb26/151151432/cc034bb26c1beaa0dc6ce8d97a806359_max_476x317.jpeg; https://media.rightmove.co.uk:443/dir/crop/10:9-16:9/property-photo/b92a8c94e/151151432/b92a8c94e68d536c926d821dd904730b_max_476x317.jpeg; https://media.rightmove.co.uk:443/dir/crop/10:9-16:9/property-photo/c6999b4c1/151151432/c6999b4c1dc5078ff8b5faba4f362924_max_476x317.jpeg; https://media.rightmove.co.uk:443/dir/crop/10:9-16:9/property-photo/2fcfc56e5/151151432/2fcfc56e5e58ae02dc97d8babfdc07fd_max_476x317.jpeg"
"151151141","Suffolk","Light Industrial","The Cold Store, Hadenham Road, South Lowestoft Industrial Estate","£195 pcm","","","","No summary available.","https://www.rightmove.co.uk/properties/151151141#/?channel=COM_LET","2024-08-09T11:03:59Z","","new","Marketed by Paul Hubbard Commercial, Suffolk","","52.444923","1.715339","https://media.rightmove.co.uk:443/dir/crop/10:9-16:9/77k/76023/151151141/76023_33245526_IMG_01_0000_max_476x317.jpeg; https://media.rightmove.co.uk:443/dir/crop/10:9-16:9/77k/76023/151151141/76023_33245526_IMG_03_0000_max_476x317.jpeg; https://media.rightmove.co.uk:443/dir/crop/10:9-16:9/77k/76023/151151141/76023_33245526_IMG_02_0000_max_476x317.jpeg; https://media.rightmove.co.uk:443/dir/crop/10:9-16:9/77k/76023/151151141/76023_33245526_IMG_00_0000_max_476x317.jpeg; https://media.rightmove.co.uk:443/dir/crop/10:9-16:9/77k/76023/151151141/76023_33245526_IMG_04_0000_max_476x317.jpeg"
"151151042","Suffolk","Land","The Cold Store, Hadenham Road, South Lowestoft Industrial Estate","£295 pcm","","","","No summary available.","https://www.rightmove.co.uk/properties/151151042#/?channel=COM_LET","2024-08-09T11:02:52Z","","new","Marketed by Paul Hubbard Commercial, Suffolk","","52.444923","1.715339","https://media.rightmove.co.uk:443/dir/crop/10:9-16:9/77k/76023/151151042/76023_33245529_IMG_01_0000_max_476x317.jpeg; https://media.rightmove.co.uk:443/dir/crop/10:9-16:9/77k/76023/151151042/76023_33245529_IMG_00_0000_max_476x317.jpeg; https://media.rightmove.co.uk:443/dir/crop/10:9-16:9/77k/76023/151151042/76023_33245529_IMG_02_0000_max_476x317.jpeg"
"150991967","Suffolk","Warehouse","Shed 10, Port of Ipswich, West Bank Terminal, Ipswich, IP2 8NB","POA","","","","TO LET - Shed 10 - Covered Storage Site - 47,468 ft² - Port of Ipswich, West Bank Terminal","https://www.rightmove.co.uk/properties/150991967#/?channel=COM_LET","2024-08-05T14:06:18Z","","size_change","Marketed by Savills, Ipswich","","52.0421","1.155881","https://media.rightmove.co.uk:443/dir/crop/10:9-16:9/215k/214097/150991967/214097_228618-2_IMG_00_0001_max_476x317.jpeg; https://media.rightmove.co.uk:443/dir/crop/10:9-16:9/215k/214097/150991967/214097_228618-2_IMG_03_0001_max_476x317.jpeg; https://media.rightmove.co.uk:443/dir/crop/10:9-16:9/215k/214097/150991967/214097_228618-2_IMG_05_0000_max_476x317.jpeg; https://media.rightmove.co.uk:443/dir/crop/10:9-16:9/215k/214097/150991967/214097_228618-2_IMG_02_0001_max_476x317.jpeg; https://media.rightmove.co.uk:443/dir/crop/10:9-16:9/215k/214097/150991967/214097_228618-2_IMG_01_0001_max_476x317.jpeg; https://media.rightmove.co.uk:443/dir/crop/10:9-16:9/215k/214097/150991967/214097_228618-2_IMG_04_0001_max_476x317.jpeg"
"158322983","Suffolk","Retail Property (high street)","Commercial Road, Lowestoft","£8,333 pcm","","","","Versatile Commercial Property with Exceptional Potential – 1,145 sq. m Warehouse 1 Commercial Road represents an outstanding opportunity for any business looking to expand or diversify its operations in a thriving coastal town. This versatile warehouse spans an impressive 1,145 sq. m...","https://www.rightmove.co.uk/properties/158322983#/?channel=COM_LET","2025-02-16T12:35:26Z","","new","Marketed by Steel & Co Commercial Property Services, Lowestoft","","52.473896","1.747988","https://media.rightmove.co.uk:443/dir/crop/10:9-16:9/property-photo/3d1d98288/158322983/3d1d98288c1e2e91a4a3a9ba71786a68_max_476x317.jpeg; https://media.rightmove.co.uk:443/dir/crop/10:9-16:9/property-photo/da216aa56/158322983/da216aa56096b7357d69a226f2194925_max_476x317.jpeg; https://media.rightmove.co.uk:443/dir/crop/10:9-16:9/property-photo/77b6f7ec9/158322983/77b6f7ec9e89d5ac2a11e496da070cc5_max_476x317.jpeg; https://media.rightmove.co.uk:443/dir/crop/10:9-16:9/property-photo/8329ef3b3/158322983/8329ef3b3c69b56b7f75b8b2d03824b2_max_476x317.jpeg; https://media.rightmove.co.uk:443/dir/crop/10:9-16:9/property-photo/0f1ae700c/158322983/0f1ae700c89628a4fe8bdfca70e34384_max_476x317.jpeg; https://media.rightmove.co.uk:443/dir/crop/10:9-16:9/property-photo/392821729/158322983/392821729b79ac317b4637dd5c9ab19a_max_476x317.jpeg; https://media.rightmove.co.uk:443/dir/crop/10:9-16:9/property-photo/9a0b09170/158322983/9a0b09170da8c865b786d5de40aed6f0_max_476x317.jpeg; https://media.rightmove.co.uk:443/dir/crop/10:9-16:9/property-photo/738abf792/158322983/738abf79244887b2c8b6ddf155a7172e_max_476x317.jpeg; https://media.rightmove.co.uk:443/dir/crop/10:9-16:9/property-photo/33944962b/158322983/33944962be0452f48aef742b6893ba8c_max_476x317.jpeg; https://media.rightmove.co.uk:443/dir/crop/10:9-16:9/property-photo/731ad8313/158322983/731ad8313289712ca9d0f30560ec8714_max_476x317.jpeg"
"138873923","Suffolk","Retail Property (high street)","The Britten Centre, Lowestoft, Suffolk, NR32","£875 pcm","","","","The property comprises a ground floor lock up shop unit with first floor storage and WC facilities.","https://www.rightmove.co.uk/properties/138873923#/?channel=COM_LET","2023-08-21T09:28:08Z","","price_reduced","Marketed by Roche Chartered Surveyors, Norfolk","","52.476956","1.751545","https://media.rightmove.co.uk:443/dir/crop/10:9-16:9/71k/70440/138873923/70440_166810LH_IMG_00_0001_max_476x317.jpeg"
"124144736","Suffolk","Retail Property (high street)","The Britten Centre, Lowestoft, Suffolk, NR32","£2,083 pcm","","","","The property comprises a ground floor lock up shop unit with a WC located to the rear of the premises. The property is in a 100% prime position within the Britten Centre.","https://www.rightmove.co.uk/properties/124144736#/?channel=COM_LET","2022-06-21T13:56:35Z","","price_reduced","Marketed by Roche Chartered Surveyors, Norfolk","","52.476583","1.751661","https://media.rightmove.co.uk:443/dir/crop/10:9-16:9/71k/70440/124144736/70440_165678LH_IMG_00_0001_max_476x317.jpeg; https://media.rightmove.co.uk:443/dir/crop/10:9-16:9/71k/70440/124144736/70440_165678LH_IMG_01_0001_max_476x317.jpeg; https://media.rightmove.co.uk:443/dir/crop/10:9-16:9/71k/70440/124144736/70440_165678LH_IMG_02_0001_max_476x317.jpeg; https://media.rightmove.co.uk:443/dir/crop/10:9-16:9/71k/70440/124144736/70440_165678LH_IMG_03_0001_max_476x317.jpeg; https://media.rightmove.co.uk:443/dir/crop/10:9-16:9/71k/70440/124144736/70440_165678LH_IMG_04_0001_max_476x317.jpeg; https://media.rightmove.co.uk:443/dir/crop/10:9-16:9/71k/70440/124144736/70440_165678LH_IMG_05_0001_max_476x317.jpeg; https://media.rightmove.co.uk:443/dir/crop/10:9-16:9/71k/70440/124144736/70440_165678LH_IMG_06_0001_max_476x317.jpeg; https://media.rightmove.co.uk:443/dir/crop/10:9-16:9/71k/70440/124144736/70440_165678LH_IMG_07_0001_max_476x317.jpeg; https://media.rightmove.co.uk:443/dir/crop/10:9-16:9/71k/70440/124144736/70440_165678LH_IMG_08_0001_max_476x317.jpeg; https://media.rightmove.co.uk:443/dir/crop/10:9-16:9/71k/70440/124144736/70440_165678LH_IMG_09_0001_max_476x317.jpeg; https://media.rightmove.co.uk:443/dir/crop/10:9-16:9/71k/70440/124144736/70440_165678LH_IMG_10_0001_max_476x317.jpeg; https://media.rightmove.co.uk:443/dir/crop/10:9-16:9/71k/70440/124144736/70440_165678LH_IMG_11_0001_max_476x317.jpeg; https://media.rightmove.co.uk:443/dir/crop/10:9-16:9/71k/70440/124144736/70440_165678LH_IMG_12_0001_max_476x317.jpeg"
"150455216","Suffolk","Office","Suite 2 Beacon House, Kempson Way, Bury St. Edmunds, Suffolk, IP32 7AR","£2,083 pcm","","","","First floor high quality office suite accessed via a communal entrance lobby and staircase. The suite benefits from two partitioned offices/meeting rooms in addition to the main open plan area of the space. and the majority of partitions are glazed to provide excellent levels of natural light. He...","https://www.rightmove.co.uk/properties/150455216#/?channel=COM_LET","2024-07-19T17:52:53Z","","new","Marketed by Eddisons Commercial Limited, Bury St. Edmunds","","52.241356","0.75109","https://media.rightmove.co.uk:443/dir/crop/10:9-16:9/237k/236930/150455216/236930_3017183LH_IMG_00_0000_max_476x317.jpeg; https://media.rightmove.co.uk:443/dir/crop/10:9-16:9/237k/236930/150455216/236930_3017183LH_IMG_01_0000_max_476x317.jpeg; https://media.rightmove.co.uk:443/dir/crop/10:9-16:9/237k/236930/150455216/236930_3017183LH_IMG_02_0000_max_476x317.jpeg; https://media.rightmove.co.uk:443/dir/crop/10:9-16:9/237k/236930/150455216/236930_3017183LH_IMG_03_0000_max_476x317.jpeg; https://media.rightmove.co.uk:443/dir/crop/10:9-16:9/237k/236930/150455216/236930_3017183LH_IMG_04_0000_max_476x317.jpeg; https://media.rightmove.co.uk:443/dir/crop/10:9-16:9/237k/236930/150455216/236930_3017183LH_IMG_05_0000_max_476x317.jpeg; https://media.rightmove.co.uk:443/dir/crop/10:9-16:9/237k/236930/150455216/236930_3017183LH_IMG_06_0000_max_476x317.jpeg; https://media.rightmove.co.uk:443/dir/crop/10:9-16:9/237k/236930/150455216/236930_3017183LH_IMG_07_0000_max_476x317.jpeg; https://media.rightmove.co.uk:443/dir/crop/10:9-16:9/237k/236930/150455216/236930_3017183LH_IMG_08_0000_max_476x317.jpeg"
"150426833","Suffolk","Commercial Property","The Havens, Ipswich, Suffolk, IP3","£139 pcm","From","","4","Find a professional address for your business in Basepoint Ransomes Europark","https://www.rightmove.co.uk/properties/150426833#/?channel=COM_LET","2024-07-19T11:30:47Z","","new","Marketed by Basepoint, Basepoint","","52.02923","1.22085","https://media.rightmove.co.uk:443/dir/crop/10:9-16:9/property-photo/78754a4c8/150426833/78754a4c8873269739dd6c38915d6794_max_476x317.jpeg; https://media.rightmove.co.uk:443/dir/crop/10:9-16:9/property-photo/eb0d29fc9/150426833/eb0d29fc95b911334e1939d1a9f70e40_max_476x317.jpeg; https://media.rightmove.co.uk:443/dir/crop/10:9-16:9/property-photo/f4f8f57e1/150426833/f4f8f57e153ded672f4f3f790d44345b_max_476x317.jpeg; https://media.rightmove.co.uk:443/dir/crop/10:9-16:9/property-photo/fc5fb155e/150426833/fc5fb155ee87041efd68532cd866fab4_max_476x317.jpeg"
"150421301","Suffolk","Office","The Cold Store, Hadenham Road, South Lowestoft Industrial Estate","£300 pcm","","","","No summary available.","https://www.rightmove.co.uk/properties/150421301#/?channel=COM_LET","2024-07-19T10:01:55Z","","new","Marketed by Paul Hubbard Commercial, Suffolk","","52.444923","1.715339","https://media.rightmove.co.uk:443/dir/crop/10:9-16:9/77k/76023/150421301/76023_33245516_IMG_01_0000_max_476x317.jpeg; https://media.rightmove.co.uk:443/dir/crop/10:9-16:9/77k/76023/150421301/76023_33245516_IMG_02_0000_max_476x317.jpeg; https://media.rightmove.co.uk:443/dir/crop/10:9-16:9/77k/76023/150421301/76023_33245516_IMG_03_0000_max_476x317.jpeg; https://media.rightmove.co.uk:443/dir/crop/10:9-16:9/77k/76023/150421301/76023_33245516_IMG_00_0000_max_476x317.jpeg; https://media.rightmove.co.uk:443/dir/crop/10:9-16:9/77k/76023/150421301/76023_33245516_IMG_04_0000_max_476x317.jpeg; https://media.rightmove.co.uk:443/dir/crop/10:9-16:9/77k/76023/150421301/76023_33245516_IMG_05_0000_max_476x317.jpeg; https://media.rightmove.co.uk:443/dir/crop/10:9-16:9/77k/76023/150421301/76023_33245516_IMG_06_0000_max_476x317.jpeg"
"150188906","Suffolk","Shop","The Guineas Shopping Centre, 55 The Rookery, Newmarket, Suffolk, CB8 8EQ","£2,500 pcm","","","","Unit 55 is a good sized ground floor retail unit with first floor ancillary storage and office accommodation. The ground floor is split into two parts being the front retail area with some smaller cellular rooms to the rear. The specification includes: suspended ceiling, painted blockwork walls, ...","https://www.rightmove.co.uk/properties/150188906#/?channel=COM_LET","2024-07-12T14:17:07Z","","new","Marketed by Eddisons Commercial Limited, Bury St. Edmunds","","52.244797","0.405583","https://media.rightmove.co.uk:443/dir/crop/10:9-16:9/237k/236930/150188906/236930_3014463LH_IMG_00_0000_max_476x317.jpeg; https://media.rightmove.co.uk:443/dir/crop/10:9-16:9/237k/236930/150188906/236930_3014463LH_IMG_01_0000_max_476x317.jpeg; https://media.rightmove.co.uk:443/dir/crop/10:9-16:9/237k/236930/150188906/236930_3014463LH_IMG_02_0000_max_476x317.jpeg; https://media.rightmove.co.uk:443/dir/crop/10:9-16:9/237k/236930/150188906/236930_3014463LH_IMG_03_0000_max_476x317.jpeg; https://media.rightmove.co.uk:443/dir/crop/10:9-16:9/237k/236930/150188906/236930_3014463LH_IMG_04_0000_max_476x317.jpeg"
"149973365","Suffolk","Retail Property (high street)","Upper Orwell St, Ipswich","£1,250 pcm","","","","A substantial, double fronted mixed use property-rarely available to let. New lease available.","https://www.rightmove.co.uk/properties/149973365#/?channel=COM_LET","2024-07-08T14:21:32Z","","new","Marketed by Clarke and Simpson Commercial, Framlingham","","52.055859","1.159761","https://media.rightmove.co.uk:443/dir/crop/10:9-16:9/222k/221414/149973365/221414_L68518_IMG_00_0000_max_476x317.jpeg; https://media.rightmove.co.uk:443/dir/crop/10:9-16:9/222k/221414/149973365/221414_L68518_IMG_01_0000_max_476x317.jpeg; https://media.rightmove.co.uk:443/dir/crop/10:9-16:9/222k/221414/149973365/221414_L68518_IMG_02_0000_max_476x317.jpeg; https://media.rightmove.co.uk:443/dir/crop/10:9-16:9/222k/221414/149973365/221414_L68518_IMG_03_0000_max_476x317.jpeg"
"149726999","Suffolk","Storage","Hall road, Hopton","£100 pcm","","","","Secure storage containers are now available, ideal for personal or business storage needs. Located on a light industrial estate on the outskirts of Hopton On Sea, these containers are easily accessible from both Gorleston and Lowestoft, with excellent links to the A47, making them a convenient...","https://www.rightmove.co.uk/properties/149726999#/?channel=COM_LET","2024-07-01T11:37:36Z","","new","Marketed by Steel & Co Commercial Property Services, Lowestoft","","52.464691","1.722753","https://media.rightmove.co.uk:443/dir/crop/10:9-16:9/66k/65427/149726999/65427_12436782_IMG_00_0000_max_476x317.jpeg; https://media.rightmove.co.uk:443/dir/crop/10:9-16:9/66k/65427/149726999/65427_12436782_IMG_01_0000_max_476x317.jpeg; https://media.rightmove.co.uk:443/dir/crop/10:9-16:9/66k/65427/149726999/65427_12436782_IMG_08_0000_max_476x317.jpeg; https://media.rightmove.co.uk:443/dir/crop/10:9-16:9/66k/65427/149726999/65427_12436782_IMG_07_0000_max_476x317.jpeg; https://media.rightmove.co.uk:443/dir/crop/10:9-16:9/66k/65427/149726999/65427_12436782_IMG_02_0000_max_476x317.jpeg; https://media.rightmove.co.uk:443/dir/crop/10:9-16:9/66k/65427/149726999/65427_12436782_IMG_03_0000_max_476x317.jpeg; https://media.rightmove.co.uk:443/dir/crop/10:9-16:9/66k/65427/149726999/65427_12436782_IMG_04_0000_max_476x317.jpeg; https://media.rightmove.co.uk:443/dir/crop/10:9-16:9/66k/65427/149726999/65427_12436782_IMG_05_0000_max_476x317.jpeg; https://media.rightmove.co.uk:443/dir/crop/10:9-16:9/66k/65427/149726999/65427_12436782_IMG_06_0000_max_476x317.jpeg"
"149626295","Suffolk","Serviced Office","Stirling House, 3 Abbeyfields, Bury St. Edmunds, IP33 1AQ","£450 pcm","From","","5","Luxury, purpose-built 1st floor office in an ultra-serviced office - with parking available and walking distance to town centre. All furniture and services are included.24/7 access with full air conditioning and heating, on a true rolling monthly agreement.No VAT is payable on top of the rental ","https://www.rightmove.co.uk/properties/149626295#/?channel=COM_LET","2024-06-27T14:18:11Z","","size_change","Marketed by Bury St Edmunds Offices, Bury St. Edmunds","","52.24866","0.72442","https://media.rightmove.co.uk:443/dir/crop/10:9-16:9/276k/275768/149626295/275768_SingleDouble_IMG_05_0000_max_476x317.jpeg; https://media.rightmove.co.uk:443/dir/crop/10:9-16:9/276k/275768/149626295/275768_SingleDouble_IMG_01_0000_max_476x317.jpeg; https://media.rightmove.co.uk:443/dir/crop/10:9-16:9/276k/275768/149626295/275768_SingleDouble_IMG_02_0000_max_476x317.jpeg; https://media.rightmove.co.uk:443/dir/crop/10:9-16:9/276k/275768/149626295/275768_SingleDouble_IMG_03_0000_max_476x317.jpeg; https://media.rightmove.co.uk:443/dir/crop/10:9-16:9/276k/275768/149626295/275768_SingleDouble_IMG_04_0000_max_476x317.jpeg; https://media.rightmove.co.uk:443/dir/crop/10:9-16:9/276k/275768/149626295/275768_SingleDouble_IMG_06_0000_max_476x317.jpeg; https://media.rightmove.co.uk:443/dir/crop/10:9-16:9/276k/275768/149626295/275768_SingleDouble_IMG_00_0000_max_476x317.jpeg; https://media.rightmove.co.uk:443/dir/crop/10:9-16:9/276k/275768/149626295/275768_SingleDouble_IMG_07_0001_max_476x317.jpeg; https://media.rightmove.co.uk:443/dir/crop/10:9-16:9/276k/275768/149626295/275768_SingleDouble_IMG_08_0000_max_476x317.jpeg; https://media.rightmove.co.uk:443/dir/crop/10:9-16:9/276k/275768/149626295/275768_SingleDouble_IMG_09_0000_max_476x317.jpeg"
"146767937","Suffolk","Office","Linden Square, 146 Kings Road, Bury St Edmunds, Suffolk, IP33 3DJ","POA","","","","The high specification, self contained, office suites available on ground and first floor, benefit from a stylised interior fit-out, air heating/air cooling, suspended ceilings, inset lighting, double glazed windows, carpeting, accessible raised floors with floor boxes and glazed meeting rooms. T...","https://www.rightmove.co.uk/properties/146767937#/?channel=COM_LET","2024-04-12T16:38:49Z","","size_change","Marketed by Eddisons Commercial Limited, Bury St. Edmunds","","52.244778","0.708582","https://media.rightmove.co.uk:443/dir/crop/10:9-16:9/237k/236930/146767937/236930_3015872LH_IMG_00_0000_max_476x317.jpeg; https://media.rightmove.co.uk:443/dir/crop/10:9-16:9/237k/236930/146767937/236930_3015872LH_IMG_05_0000_max_476x317.jpeg; https://media.rightmove.co.uk:443/dir/crop/10:9-16:9/237k/236930/146767937/236930_3015872LH_IMG_10_0001_max_476x317.jpeg; https://media.rightmove.co.uk:443/dir/crop/10:9-16:9/237k/236930/146767937/236930_3015872LH_IMG_11_0001_max_476x317.jpeg; https://media.rightmove.co.uk:443/dir/crop/10:9-16:9/237k/236930/146767937/236930_3015872LH_IMG_12_0001_max_476x317.jpeg; https://media.rightmove.co.uk:443/dir/crop/10:9-16:9/237k/236930/146767937/236930_3015872LH_IMG_13_0001_max_476x317.jpeg; https://media.rightmove.co.uk:443/dir/crop/10:9-16:9/237k/236930/146767937/236930_3015872LH_IMG_09_0000_max_476x317.jpeg; https://media.rightmove.co.uk:443/dir/crop/10:9-16:9/237k/236930/146767937/236930_3015872LH_IMG_08_0000_max_476x317.jpeg"
"137861693","Suffolk","Distribution Warehouse","Eastern Gateway, Sproughton Road, Ipswich, Suffolk, IP1 5AQ","POA","","","","Detailed planning consent has been secured for a five unit scheme which started on site in July 2023, with practical completion achieved June 2024. The A14 directly links Eastern Gateway with the International Container Port of Felixstowe which lies 17 miles (27 km) to the East and the national ...","https://www.rightmove.co.uk/properties/137861693#/?channel=COM_LET","2023-07-25T15:13:10Z","","size_change","Marketed by Lambert Smith Hampton, Birmingham","","52.064395","1.118356","https://media.rightmove.co.uk:443/dir/crop/10:9-16:9/property-photo/b42d1a5c8/137861693/b42d1a5c8fc6727926f11adefafe2215_max_476x317.jpeg; https://media.rightmove.co.uk:443/dir/crop/10:9-16:9/property-photo/f42af898b/137861693/f42af898ba04366d1c2ea8af6503eee6_max_476x317.jpeg; https://media.rightmove.co.uk:443/dir/crop/10:9-16:9/property-photo/d7e81c688/137861693/d7e81c688c66324e25aaaf5f4af0556f_max_476x317.jpeg; https://media.rightmove.co.uk:443/dir/crop/10:9-16:9/property-photo/bf6b2849d/137861693/bf6b2849d0eb50f7723defc8d20002c6_max_476x317.jpeg; https://media.rightmove.co.uk:443/dir/crop/10:9-16:9/property-photo/46d41cac9/137861693/46d41cac9bf9159549117b81ebb09702_max_476x317.jpeg; https://media.rightmove.co.uk:443/dir/crop/10:9-16:9/property-photo/bf6b2849d/137861693/bf6b2849d0eb50f7723defc8d20002c6_max_476x317.jpeg; https://media.rightmove.co.uk:443/dir/crop/10:9-16:9/property-photo/b1783e29f/137861693/b1783e29fd1698bf13a92784aef45ff0_max_476x317.jpeg; https://media.rightmove.co.uk:443/dir/crop/10:9-16:9/property-photo/193252331/137861693/193252331b92ebc3f41ed06185aaecee_max_476x317.jpeg; https://media.rightmove.co.uk:443/dir/crop/10:9-16:9/property-photo/53f47b51a/137861693/53f47b51a7cc67d6a895f5f9452b4ba0_max_476x317.jpeg; https://media.rightmove.co.uk:443/dir/crop/10:9-16:9/property-photo/9534fe769/137861693/9534fe769703408b94137db817b2ad6b_max_476x317.jpeg; https://media.rightmove.co.uk:443/dir/crop/10:9-16:9/property-photo/293e5a6d3/137861693/293e5a6d36524360eda539e934365279_max_476x317.jpeg; https://media.rightmove.co.uk:443/dir/crop/10:9-16:9/property-photo/8f9dccdee/137861693/8f9dccdee267e8488a7a3276f0c92717_max_476x317.jpeg; https://media.rightmove.co.uk:443/dir/crop/10:9-16:9/property-photo/dbc4e8a31/137861693/dbc4e8a31cb3034fb435f3c2278386ee_max_476x317.jpeg; https://media.rightmove.co.uk:443/dir/crop/10:9-16:9/property-photo/42ab5a716/137861693/42ab5a716c99f7a713d8c1a6ecc1fa36_max_476x317.jpeg; https://media.rightmove.co.uk:443/dir/crop/10:9-16:9/property-photo/0ad99c0dd/137861693/0ad99c0dd8e6f8c5ba519805caf344fe_max_476x317.jpeg; https://media.rightmove.co.uk:443/dir/crop/10:9-16:9/property-photo/5c49e6bf8/137861693/5c49e6bf80341854440f5821ec01f8a3_max_476x317.jpeg; https://media.rightmove.co.uk:443/dir/crop/10:9-16:9/property-photo/492b2c56f/137861693/492b2c56fb04d4e7482adab628fd4c02_max_476x317.jpeg; https://media.rightmove.co.uk:443/dir/crop/10:9-16:9/property-photo/2a4b024b9/137861693/2a4b024b9c909524168ac62cc3be36aa_max_476x317.jpeg; https://media.rightmove.co.uk:443/dir/crop/10:9-16:9/property-photo/d7e81c688/137861693/d7e81c688c66324e25aaaf5f4af0556f_max_476x317.jpeg; https://media.rightmove.co.uk:443/dir/crop/10:9-16:9/property-photo/46d41cac9/137861693/46d41cac9bf9159549117b81ebb09702_max_476x317.jpeg"
"149341181","Suffolk","Serviced Office","Stirling House, 3 Abbeyfields, Bury St. Edmunds, IP33 1AQ","£550 pcm","From","",""," Luxury, purpose-built ground floor office in ultra-serviced office - with parking and walking distance to town. 24/7 access with full air-conditioning/heating with everything included - all on a rolling monthly agreement.","https://www.rightmove.co.uk/properties/149341181#/?channel=COM_LET","2024-06-19T11:01:17Z","","new","Marketed by Bury St Edmunds Offices, Bury St. Edmunds","","52.24866","0.72442","https://media.rightmove.co.uk:443/dir/crop/10:9-16:9/276k/275768/149341181/275768_SuiteMR_IMG_15_0000_max_476x317.jpeg; https://media.rightmove.co.uk:443/dir/crop/10:9-16:9/276k/275768/149341181/275768_SuiteMR_IMG_00_0000_max_476x317.jpeg; https://media.rightmove.co.uk:443/dir/crop/10:9-16:9/276k/275768/149341181/275768_SuiteMR_IMG_12_0000_max_476x317.jpeg; https://media.rightmove.co.uk:443/dir/crop/10:9-16:9/276k/275768/149341181/275768_SuiteMR_IMG_14_0000_max_476x317.jpeg; https://media.rightmove.co.uk:443/dir/crop/10:9-16:9/276k/275768/149341181/275768_SuiteMR_IMG_16_0000_max_476x317.jpeg; https://media.rightmove.co.uk:443/dir/crop/10:9-16:9/276k/275768/149341181/275768_SuiteMR_IMG_17_0000_max_476x317.jpeg; https://media.rightmove.co.uk:443/dir/crop/10:9-16:9/276k/275768/149341181/275768_SuiteMR_IMG_18_0000_max_476x317.jpeg; https://media.rightmove.co.uk:443/dir/crop/10:9-16:9/276k/275768/149341181/275768_SuiteMR_IMG_19_0000_max_476x317.jpeg; https://media.rightmove.co.uk:443/dir/crop/10:9-16:9/276k/275768/149341181/275768_SuiteMR_IMG_20_0000_max_476x317.jpeg; https://media.rightmove.co.uk:443/dir/crop/10:9-16:9/276k/275768/149341181/275768_SuiteMR_IMG_22_0000_max_476x317.jpeg; https://media.rightmove.co.uk:443/dir/crop/10:9-16:9/276k/275768/149341181/275768_SuiteMR_IMG_13_0000_max_476x317.jpeg; https://media.rightmove.co.uk:443/dir/crop/10:9-16:9/276k/275768/149341181/275768_SuiteMR_IMG_01_0000_max_476x317.jpeg; https://media.rightmove.co.uk:443/dir/crop/10:9-16:9/276k/275768/149341181/275768_SuiteMR_IMG_02_0000_max_476x317.jpeg; https://media.rightmove.co.uk:443/dir/crop/10:9-16:9/276k/275768/149341181/275768_SuiteMR_IMG_03_0000_max_476x317.jpeg; https://media.rightmove.co.uk:443/dir/crop/10:9-16:9/276k/275768/149341181/275768_SuiteMR_IMG_21_0000_max_476x317.jpeg; https://media.rightmove.co.uk:443/dir/crop/10:9-16:9/276k/275768/149341181/275768_SuiteMR_IMG_06_0000_max_476x317.jpeg"
"149257193","Suffolk","Office","Moat View, Manor Farm, Church Road, Battisford, Stowmarket, Suffolk, IP14","POA","","","","LOCATION: Moat View is situated on the outskirts of the village of Battisford, approximately 3 miles to the west of Needham Market. Needham Market is served by the A14 dual carriageway which is within easy access and provides excellent road communication's to Ipswich Felixstowe, Cambridge and ...","https://www.rightmove.co.uk/properties/149257193#/?channel=COM_LET","2024-06-17T16:03:24Z","","new","Marketed by Fenn Wright, Ipswich Commercial Sales and Lettings","","52.148609","0.987777","https://media.rightmove.co.uk:443/dir/crop/10:9-16:9/162k/161330/149257193/161330_14870434LH_IMG_00_0000_max_476x317.jpeg; https://media.rightmove.co.uk:443/dir/crop/10:9-16:9/162k/161330/149257193/161330_14870434LH_IMG_01_0000_max_476x317.jpeg; https://media.rightmove.co.uk:443/dir/crop/10:9-16:9/162k/161330/149257193/161330_14870434LH_IMG_08_0000_max_476x317.jpeg; https://media.rightmove.co.uk:443/dir/crop/10:9-16:9/162k/161330/149257193/161330_14870434LH_IMG_09_0000_max_476x317.jpeg; https://media.rightmove.co.uk:443/dir/crop/10:9-16:9/162k/161330/149257193/161330_14870434LH_IMG_02_0000_max_476x317.jpeg; https://media.rightmove.co.uk:443/dir/crop/10:9-16:9/162k/161330/149257193/161330_14870434LH_IMG_10_0000_max_476x317.jpeg; https://media.rightmove.co.uk:443/dir/crop/10:9-16:9/162k/161330/149257193/161330_14870434LH_IMG_04_0000_max_476x317.jpeg; https://media.rightmove.co.uk:443/dir/crop/10:9-16:9/162k/161330/149257193/161330_14870434LH_IMG_05_0000_max_476x317.jpeg; https://media.rightmove.co.uk:443/dir/crop/10:9-16:9/162k/161330/149257193/161330_14870434LH_IMG_03_0000_max_476x317.jpeg; https://media.rightmove.co.uk:443/dir/crop/10:9-16:9/162k/161330/149257193/161330_14870434LH_IMG_06_0000_max_476x317.jpeg; https://media.rightmove.co.uk:443/dir/crop/10:9-16:9/162k/161330/149257193/161330_14870434LH_IMG_07_0000_max_476x317.jpeg"
"148984319","Suffolk","Office","Lower Brook Street, Ipswich, Suffolk, IP4","£2,500 pcm","Guide Price","","","Office Space to let with Parking","https://www.rightmove.co.uk/properties/148984319#/?channel=COM_LET","2024-06-11T09:55:26Z","","new","Marketed by Salter Rex, Kentish Town","","52.05406","1.15576","https://media.rightmove.co.uk:443/dir/crop/10:9-16:9/76k/75236/148984319/75236_LowerBrookStreet_IMG_00_0000_max_476x317.jpeg; https://media.rightmove.co.uk:443/dir/crop/10:9-16:9/76k/75236/148984319/75236_LowerBrookStreet_IMG_01_0000_max_476x317.jpeg; https://media.rightmove.co.uk:443/dir/crop/10:9-16:9/76k/75236/148984319/75236_LowerBrookStreet_IMG_02_0000_max_476x317.jpeg; https://media.rightmove.co.uk:443/dir/crop/10:9-16:9/76k/75236/148984319/75236_LowerBrookStreet_IMG_03_0000_max_476x317.jpeg"
"148964840","Suffolk","Office","Provincial House, 32 High Street, Haverhill, Suffolk, CB9 8AR","POA","","","","The available space is arranged into two suites, one located on the 2nd floor which will be a newly divided suite and the whole 3rd floor is also available. The offices provide open plan accommodation and benefit from good levels of natural light. Both available suites will have their own interna...","https://www.rightmove.co.uk/properties/148964840#/?channel=COM_LET","2024-06-10T16:28:15Z","","new","Marketed by Eddisons Commercial Limited, Bury St. Edmunds","","52.081219","0.440168","https://media.rightmove.co.uk:443/dir/crop/10:9-16:9/237k/236930/148964840/236930_3016070LH_IMG_00_0000_max_476x317.jpeg; https://media.rightmove.co.uk:443/dir/crop/10:9-16:9/237k/236930/148964840/236930_3016070LH_IMG_02_0000_max_476x317.jpeg; https://media.rightmove.co.uk:443/dir/crop/10:9-16:9/237k/236930/148964840/236930_3016070LH_IMG_03_0001_max_476x317.jpeg; https://media.rightmove.co.uk:443/dir/crop/10:9-16:9/237k/236930/148964840/236930_3016070LH_IMG_04_0001_max_476x317.jpeg; https://media.rightmove.co.uk:443/dir/crop/10:9-16:9/237k/236930/148964840/236930_3016070LH_IMG_05_0001_max_476x317.jpeg; https://media.rightmove.co.uk:443/dir/crop/10:9-16:9/237k/236930/148964840/236930_3016070LH_IMG_06_0001_max_476x317.jpeg; https://media.rightmove.co.uk:443/dir/crop/10:9-16:9/237k/236930/148964840/236930_3016070LH_IMG_07_0001_max_476x317.jpeg; https://media.rightmove.co.uk:443/dir/crop/10:9-16:9/237k/236930/148964840/236930_3016070LH_IMG_08_0000_max_476x317.jpeg; https://media.rightmove.co.uk:443/dir/crop/10:9-16:9/237k/236930/148964840/236930_3016070LH_IMG_09_0000_max_476x317.jpeg; https://media.rightmove.co.uk:443/dir/crop/10:9-16:9/237k/236930/148964840/236930_3016070LH_IMG_10_0000_max_476x317.jpeg; https://media.rightmove.co.uk:443/dir/crop/10:9-16:9/237k/236930/148964840/236930_3016070LH_IMG_11_0000_max_476x317.jpeg; https://media.rightmove.co.uk:443/dir/crop/10:9-16:9/237k/236930/148964840/236930_3016070LH_IMG_12_0001_max_476x317.jpeg"
"155129396","Suffolk","Warehouse","Gateway 14, Stowmarket, Suffolk, Ipswich, IP14 5BP","POA","","","","Gateway 14 is a new business, innovation and logistics park situated adjacent to the J.50 of the A14 at Stowmarket.","https://www.rightmove.co.uk/properties/155129396#/?channel=COM_LET","2024-11-19T12:11:31Z","","size_change","Marketed by Savills, Ipswich","","52.180054","1.021943","https://media.rightmove.co.uk:443/dir/crop/10:9-16:9/property-photo/5ed2bff75/155129396/5ed2bff750622ece75b15be0b4af381f_max_476x317.jpeg; https://media.rightmove.co.uk:443/dir/crop/10:9-16:9/property-photo/eb3162e91/155129396/eb3162e91aa23def48f70670005a5c5a_max_476x317.jpeg; https://media.rightmove.co.uk:443/dir/crop/10:9-16:9/property-photo/541ebb427/155129396/541ebb4277cc81208ba6f12911cbfc93_max_476x317.jpeg; https://media.rightmove.co.uk:443/dir/crop/10:9-16:9/property-photo/cb557b9da/155129396/cb557b9da2c060ed89856a14a24ef623_max_476x317.jpeg; https://media.rightmove.co.uk:443/dir/crop/10:9-16:9/property-photo/bcebdc771/155129396/bcebdc77182deefde81effb74461fc0b_max_476x317.jpeg; https://media.rightmove.co.uk:443/dir/crop/10:9-16:9/property-photo/234fbc439/155129396/234fbc4394dd39aeecb69d9e0827f2e3_max_476x317.jpeg; https://media.rightmove.co.uk:443/dir/crop/10:9-16:9/property-photo/1ddeb3bbc/155129396/1ddeb3bbc1302ff7039d558c224d0173_max_476x317.jpeg; https://media.rightmove.co.uk:443/dir/crop/10:9-16:9/property-photo/514f99ff2/155129396/514f99ff24c03b799b5e85a51a572e4d_max_476x317.jpeg; https://media.rightmove.co.uk:443/dir/crop/10:9-16:9/property-photo/fdba2a477/155129396/fdba2a4779881b602b657a217030a34f_max_476x317.jpeg; https://media.rightmove.co.uk:443/dir/crop/10:9-16:9/property-photo/82cf07292/155129396/82cf0729286204c99daa528b9f150bf5_max_476x317.jpeg; https://media.rightmove.co.uk:443/dir/crop/10:9-16:9/property-photo/489f83df8/155129396/489f83df86b40469b7ef9a63afc61504_max_476x317.jpeg; https://media.rightmove.co.uk:443/dir/crop/10:9-16:9/property-photo/1e31b4b01/155129396/1e31b4b011a725d5b92fe2d0136abbc4_max_476x317.jpeg; https://media.rightmove.co.uk:443/dir/crop/10:9-16:9/property-photo/749087b46/155129396/749087b461e49ef4df0e2440750ae4f9_max_476x317.jpeg; https://media.rightmove.co.uk:443/dir/crop/10:9-16:9/property-photo/297f379b0/155129396/297f379b0cead47bf8f2a895e751a2b2_max_476x317.jpeg"
"145496384","Suffolk","Shop","24 Smallgate (Unit 3), NR34","£1,250 pcm","","","","The ground floor shop unit is prominently located in the town centre on Smallgate directly opposite New Look and Manor House Lane which links to the Tesco Superstore and the main town car park with approx. 400 spaces. Nearby retailers include Tesco, Fat Face, Holland & Barrett, Tool Station, ...","https://www.rightmove.co.uk/properties/145496384#/?channel=COM_LET","2024-03-07T17:05:30Z","","size_change","Marketed by Whybrow & Dodds Ltd, Colchester","","52.458394","1.564138","https://media.rightmove.co.uk:443/dir/crop/10:9-16:9/property-photo/e57c7a583/145496384/e57c7a583408acf6fa37cd56411be7b9_max_476x317.jpeg; https://media.rightmove.co.uk:443/dir/crop/10:9-16:9/property-photo/1e7a882d9/145496384/1e7a882d934290a1338a31ae2c42fa2a_max_476x317.jpeg; https://media.rightmove.co.uk:443/dir/crop/10:9-16:9/property-photo/f280e93e9/145496384/f280e93e951f3fd210babcabbf6ea139_max_476x317.jpeg; https://media.rightmove.co.uk:443/dir/crop/10:9-16:9/property-photo/2ca98ec1a/145496384/2ca98ec1adba5d42cb1cc4eea7cf5cd9_max_476x317.jpeg; https://media.rightmove.co.uk:443/dir/crop/10:9-16:9/property-photo/69316507f/145496384/69316507f4fa5c2f542bf60bc990a0e4_max_476x317.jpeg"
"145496492","Suffolk","Shop","26 Smallgate (Unit 4), NR34","£625 pcm","","","","The ground floor shop unit is prominently located in the town centre on Smallgate directly opposite New Look and Manor House Lane which links to the Tesco Superstore and the main town car park with approx. 400 spaces. Nearby retailers include Tesco, Fat Face, Holland & Barrett, Tool Station, ...","https://www.rightmove.co.uk/properties/145496492#/?channel=COM_LET","2024-03-07T17:06:04Z","","size_change","Marketed by Whybrow & Dodds Ltd, Colchester","","52.458394","1.564138","https://media.rightmove.co.uk:443/dir/crop/10:9-16:9/60k/59910/145496492/59910_WHY230195_L_IMG_00_0001_max_476x317.jpeg; https://media.rightmove.co.uk:443/dir/crop/10:9-16:9/60k/59910/145496492/59910_WHY230195_L_IMG_01_0000_max_476x317.jpeg"
"145495946","Suffolk","Shop","20 Smallgate (Unit 1), NR34","£1,000 pcm","","","","The ground floor shop unit is prominently located in the town centre on Smallgate directly opposite New Look and Manor House Lane which links to the Tesco Superstore and the main town car park with approx. 400 spaces.","https://www.rightmove.co.uk/properties/145495946#/?channel=COM_LET","2024-03-07T17:03:23Z","","size_change","Marketed by Whybrow & Dodds Ltd, Colchester","","52.458779","1.563761","https://media.rightmove.co.uk:443/dir/crop/10:9-16:9/60k/59910/145495946/59910_WHY230192_L_IMG_01_0000_max_476x317.jpeg; https://media.rightmove.co.uk:443/dir/crop/10:9-16:9/60k/59910/145495946/59910_WHY230192_L_IMG_00_0000_max_476x317.jpeg; https://media.rightmove.co.uk:443/dir/crop/10:9-16:9/60k/59910/145495946/59910_WHY230192_L_IMG_02_0000_max_476x317.jpeg; https://media.rightmove.co.uk:443/dir/crop/10:9-16:9/60k/59910/145495946/59910_WHY230192_L_IMG_03_0000_max_476x317.jpeg"
"166559561","Suffolk","Restaurant","Unit 3 The Winerack, Key Street, IP4","£3,750 pcm","","","","The commercial unit consists of a newly developed premises in a shell condition with shop fronts installed and capped services. The new unit forms part of an extensive residential development which will consist of 150 new apartments with integrated car parking.","https://www.rightmove.co.uk/properties/166559561#/?channel=COM_LET","2025-09-03T21:35:28Z","","size_change","Marketed by Whybrow & Dodds Ltd, Colchester","","52.052199","1.15691","https://media.rightmove.co.uk:443/dir/crop/10:9-16:9/60k/59910/166559561/59910_WHY230020_L_IMG_00_0000_max_476x317.jpeg; https://media.rightmove.co.uk:443/dir/crop/10:9-16:9/60k/59910/166559561/59910_WHY230020_L_IMG_01_0000_max_476x317.jpeg; https://media.rightmove.co.uk:443/dir/crop/10:9-16:9/60k/59910/166559561/59910_WHY230020_L_IMG_02_0000_max_476x317.jpeg; https://media.rightmove.co.uk:443/dir/crop/10:9-16:9/60k/59910/166559561/59910_WHY230020_L_IMG_03_0000_max_476x317.jpeg"
"147302498","Suffolk","Warehouse","A14 Link, Suffolk Park, Bury St Edmunds, IP30 9NH","POA","","","","Brand New Distribution HQ Building - 459,940 ft² - A14 Link, Bury St Edmunds","https://www.rightmove.co.uk/properties/147302498#/?channel=COM_LET","2024-04-26T12:25:56Z","","new","Marketed by Savills, Margaret Street - Industrial","","52.241335","0.770041","https://media.rightmove.co.uk:443/dir/crop/10:9-16:9/215k/214130/147302498/214130_207079-2_IMG_01_0000_max_476x317.jpeg; https://media.rightmove.co.uk:443/dir/crop/10:9-16:9/215k/214130/147302498/214130_207079-2_IMG_00_0000_max_476x317.jpeg; https://media.rightmove.co.uk:443/dir/crop/10:9-16:9/215k/214130/147302498/214130_207079-2_IMG_02_0000_max_476x317.jpeg; https://media.rightmove.co.uk:443/dir/crop/10:9-16:9/215k/214130/147302498/214130_207079-2_IMG_03_0000_max_476x317.jpeg; https://media.rightmove.co.uk:443/dir/crop/10:9-16:9/215k/214130/147302498/214130_207079-2_IMG_05_0000_max_476x317.jpeg; https://media.rightmove.co.uk:443/dir/crop/10:9-16:9/215k/214130/147302498/214130_207079-2_IMG_04_0000_max_476x317.jpeg"
"146879570","Suffolk","Warehouse","Quayside Storage, The Gatehouse, West Bank Terminal, Ipswich, IP2 8NB","POA","","","","TO LET: 2.18 acres Open Storage Land - Ipswich IP2 8NB","https://www.rightmove.co.uk/properties/146879570#/?channel=COM_LET","2024-04-16T13:47:52Z","","new","Marketed by Savills, Ipswich","","52.042134","1.155836","https://media.rightmove.co.uk:443/dir/crop/10:9-16:9/215k/214097/146879570/214097_198820-2_IMG_00_0000_max_476x317.jpeg; https://media.rightmove.co.uk:443/dir/crop/10:9-16:9/215k/214097/146879570/214097_198820-2_IMG_01_0000_max_476x317.jpeg; https://media.rightmove.co.uk:443/dir/crop/10:9-16:9/215k/214097/146879570/214097_198820-2_IMG_02_0000_max_476x317.jpeg; https://media.rightmove.co.uk:443/dir/crop/10:9-16:9/215k/214097/146879570/214097_198820-2_IMG_03_0000_max_476x317.jpeg; https://media.rightmove.co.uk:443/dir/crop/10:9-16:9/215k/214097/146879570/214097_198820-2_IMG_04_0000_max_476x317.jpeg; https://media.rightmove.co.uk:443/dir/crop/10:9-16:9/215k/214097/146879570/214097_198820-2_IMG_05_0000_max_476x317.jpeg"
"134897825","Suffolk","Retail Property (high street)","Unit 4, Newgate, Beccles, Suffolk, NR34","£3,333 pcm","","","","We are pleased to offer this ground floor retail premises, previously trading as Iceland Foods Ltd. currently offering 4965 sq ft (461.25 sq m (stms) however this unit could be split into 3 smaller units of around 1700 sq ft (stms)","https://www.rightmove.co.uk/properties/134897825#/?channel=COM_LET","2023-05-17T12:23:18Z","","price_reduced","Marketed by Peter Colby Commercials Limited, Norwich","","52.45913","1.56409","https://media.rightmove.co.uk:443/dir/crop/10:9-16:9/123k/122056/134897825/122056_BECTS_IMG_07_0000_max_476x317.png; https://media.rightmove.co.uk:443/dir/crop/10:9-16:9/123k/122056/134897825/122056_BECTS_IMG_01_0000_max_476x317.png; https://media.rightmove.co.uk:443/dir/crop/10:9-16:9/123k/122056/134897825/122056_BECTS_IMG_03_0000_max_476x317.jpeg; https://media.rightmove.co.uk:443/dir/crop/10:9-16:9/123k/122056/134897825/122056_BECTS_IMG_05_0000_max_476x317.jpeg; https://media.rightmove.co.uk:443/dir/crop/10:9-16:9/123k/122056/134897825/122056_BECTS_IMG_04_0000_max_476x317.jpeg; https://media.rightmove.co.uk:443/dir/crop/10:9-16:9/123k/122056/134897825/122056_BECTS_IMG_06_0000_max_476x317.png; https://media.rightmove.co.uk:443/dir/crop/10:9-16:9/123k/122056/134897825/122056_BECTS_IMG_02_0000_max_476x317.jpeg"
"145959467","Suffolk","Commercial Property","Harrow Street, Leavenheath, Suffolk","£400 pcm","","","","AVAILABLE IMMEDIATELY An opportunity to lease a village shop with excellent signage potential, occupying easily accessible village location fronting the A134. ","https://www.rightmove.co.uk/properties/145959467#/?channel=COM_LET","2024-03-20T15:45:06Z","","new","Marketed by David Burr Estate Agents, Leavenheath","","52.00056","0.84862","https://media.rightmove.co.uk:443/dir/crop/10:9-16:9/37k/36300/145959467/36300_100424025049_IMG_00_0000_max_476x317.jpeg; https://media.rightmove.co.uk:443/dir/crop/10:9-16:9/37k/36300/145959467/36300_100424025049_IMG_01_0000_max_476x317.jpeg; https://media.rightmove.co.uk:443/dir/crop/10:9-16:9/37k/36300/145959467/36300_100424025049_IMG_02_0000_max_476x317.jpeg; https://media.rightmove.co.uk:443/dir/crop/10:9-16:9/37k/36300/145959467/36300_100424025049_IMG_03_0000_max_476x317.jpeg; https://media.rightmove.co.uk:443/dir/crop/10:9-16:9/37k/36300/145959467/36300_100424025049_IMG_04_0000_max_476x317.jpeg; https://media.rightmove.co.uk:443/dir/crop/10:9-16:9/37k/36300/145959467/36300_100424025049_IMG_05_0000_max_476x317.jpeg; https://media.rightmove.co.uk:443/dir/crop/10:9-16:9/37k/36300/145959467/36300_100424025049_IMG_06_0000_max_476x317.jpeg; https://media.rightmove.co.uk:443/dir/crop/10:9-16:9/37k/36300/145959467/36300_100424025049_IMG_07_0000_max_476x317.jpeg; https://media.rightmove.co.uk:443/dir/crop/10:9-16:9/37k/36300/145959467/36300_100424025049_IMG_08_0000_max_476x317.jpeg; https://media.rightmove.co.uk:443/dir/crop/10:9-16:9/37k/36300/145959467/36300_100424025049_IMG_09_0000_max_476x317.jpeg; https://media.rightmove.co.uk:443/dir/crop/10:9-16:9/37k/36300/145959467/36300_100424025049_IMG_10_0000_max_476x317.jpeg; https://media.rightmove.co.uk:443/dir/crop/10:9-16:9/37k/36300/145959467/36300_100424025049_IMG_11_0000_max_476x317.jpeg"
"142453085","Suffolk","Mixed Use","Park Road, Lowestoft","£370 pcm","","","","Paul Hubbard Commercial are thrilled to bring a fantastic leisure opportunity within North Lowestoft. Nestled in a tranquil and picturesque residential road, this fully renovated treatment room offers a haven of beauty and comfort.","https://www.rightmove.co.uk/properties/142453085#/?channel=COM_LET","2023-11-27T14:32:41Z","","price_reduced","Marketed by Paul Hubbard Commercial, Suffolk","","52.486488","1.75433","https://media.rightmove.co.uk:443/dir/crop/10:9-16:9/77k/76023/142453085/76023_32749362_IMG_00_0000_max_476x317.jpeg; https://media.rightmove.co.uk:443/dir/crop/10:9-16:9/77k/76023/142453085/76023_32749362_IMG_01_0000_max_476x317.jpeg; https://media.rightmove.co.uk:443/dir/crop/10:9-16:9/77k/76023/142453085/76023_32749362_IMG_02_0000_max_476x317.jpeg; https://media.rightmove.co.uk:443/dir/crop/10:9-16:9/77k/76023/142453085/76023_32749362_IMG_03_0000_max_476x317.jpeg; https://media.rightmove.co.uk:443/dir/crop/10:9-16:9/77k/76023/142453085/76023_32749362_IMG_04_0000_max_476x317.jpeg; https://media.rightmove.co.uk:443/dir/crop/10:9-16:9/77k/76023/142453085/76023_32749362_IMG_05_0000_max_476x317.jpeg; https://media.rightmove.co.uk:443/dir/crop/10:9-16:9/77k/76023/142453085/76023_32749362_IMG_06_0000_max_476x317.jpeg; https://media.rightmove.co.uk:443/dir/crop/10:9-16:9/77k/76023/142453085/76023_32749362_IMG_07_0000_max_476x317.jpeg; https://media.rightmove.co.uk:443/dir/crop/10:9-16:9/77k/76023/142453085/76023_32749362_IMG_08_0000_max_476x317.jpeg; https://media.rightmove.co.uk:443/dir/crop/10:9-16:9/77k/76023/142453085/76023_32749362_IMG_09_0000_max_476x317.jpeg; https://media.rightmove.co.uk:443/dir/crop/10:9-16:9/77k/76023/142453085/76023_32749362_IMG_10_0000_max_476x317.jpeg"
"145697003","Suffolk","Light Industrial","Newcombe Road, Lowestoft","£375 pcm","","","","Brand New Contemporary Business Units The Nexus development is a regeneration scheme carried out by East Suffolk Council of sixteen purpose built business units of varying sizes ranging from 35 sq m to 401.5 sq m. The units provide open plan production/storage areas with the opportunity to insta...","https://www.rightmove.co.uk/properties/145697003#/?channel=COM_LET","2024-03-13T14:58:16Z","","size_change","Marketed by Bycroft Commercial, Great Yarmouth","","52.4791","1.75855","https://media.rightmove.co.uk:443/dir/crop/10:9-16:9/property-photo/8d5298919/145697003/8d5298919ba9a3f821851d503e63210a_max_476x317.jpeg; https://media.rightmove.co.uk:443/dir/crop/10:9-16:9/property-photo/e9918a804/145697003/e9918a804d6ea8786fa2aa214d9cf03d_max_476x317.jpeg; https://media.rightmove.co.uk:443/dir/crop/10:9-16:9/property-photo/88ecf228b/145697003/88ecf228bdee0fb40160db3c0df5e451_max_476x317.jpeg; https://media.rightmove.co.uk:443/dir/crop/10:9-16:9/property-photo/5583cf5d2/145697003/5583cf5d21de6ea3ab6d0a8698f3b0ae_max_476x317.jpeg; https://media.rightmove.co.uk:443/dir/crop/10:9-16:9/property-photo/4e78f62b9/145697003/4e78f62b9f22f97af60f48d83c01bc62_max_476x317.jpeg"
"145696778","Suffolk","Light Industrial","Newcombe Road, Lowestoft","£667 pcm","","","","Brand New Contemporary Business Units The Nexus development is a regeneration scheme carried out by East Suffolk Council of sixteen purpose built business units of varying sizes ranging from 35 sq m to 401.5 sq m. The units provide open plan production/storage areas with the opportunity to insta...","https://www.rightmove.co.uk/properties/145696778#/?channel=COM_LET","2024-03-13T14:54:07Z","","new","Marketed by Bycroft Commercial, Great Yarmouth","","52.4791","1.75855","https://media.rightmove.co.uk:443/dir/crop/10:9-16:9/property-photo/0216dbfa5/145696778/0216dbfa50ba496de1da3b6ddce04f44_max_476x317.jpeg; https://media.rightmove.co.uk:443/dir/crop/10:9-16:9/property-photo/e9918a804/145696778/e9918a804d6ea8786fa2aa214d9cf03d_max_476x317.jpeg; https://media.rightmove.co.uk:443/dir/crop/10:9-16:9/property-photo/88ecf228b/145696778/88ecf228bdee0fb40160db3c0df5e451_max_476x317.jpeg; https://media.rightmove.co.uk:443/dir/crop/10:9-16:9/property-photo/5583cf5d2/145696778/5583cf5d21de6ea3ab6d0a8698f3b0ae_max_476x317.jpeg; https://media.rightmove.co.uk:443/dir/crop/10:9-16:9/property-photo/4e78f62b9/145696778/4e78f62b9f22f97af60f48d83c01bc62_max_476x317.jpeg"
"132984062","Suffolk","Office","Tomo Industrial Estate, Stowmarket , Suffolk","£667 pcm","","","","An inexpensive suite of self-contained first floor offices, together with two parking spaces located on the Tomo Industrial Estate.  ","https://www.rightmove.co.uk/properties/132984062#/?channel=COM_LET","2023-03-27T13:41:07Z","","size_change","Marketed by Clarke and Simpson Commercial, Framlingham","","52.186249","1.005376","https://media.rightmove.co.uk:443/dir/crop/10:9-16:9/222k/221414/132984062/221414_L11899_IMG_00_0000_max_476x317.jpeg; https://media.rightmove.co.uk:443/dir/crop/10:9-16:9/222k/221414/132984062/221414_L11899_IMG_01_0000_max_476x317.jpeg; https://media.rightmove.co.uk:443/dir/crop/10:9-16:9/222k/221414/132984062/221414_L11899_IMG_02_0000_max_476x317.jpeg; https://media.rightmove.co.uk:443/dir/crop/10:9-16:9/222k/221414/132984062/221414_L11899_IMG_03_0000_max_476x317.jpeg; https://media.rightmove.co.uk:443/dir/crop/10:9-16:9/222k/221414/132984062/221414_L11899_IMG_04_0000_max_476x317.jpeg"
"145398236","Suffolk","Office","Sudbury","£575 pcm","Fixed Price","","","Office space to rent in Sudbury.","https://www.rightmove.co.uk/properties/145398236#/?channel=COM_LET","2024-03-04T16:10:10Z","","new","Marketed by Whirledge and Nott, Commercial","","52.03369","0.79444","https://media.rightmove.co.uk:443/dir/crop/10:9-16:9/property-photo/dec1c7304/145398236/dec1c7304cad696abf760b10b941fcb9_max_476x317.jpeg; https://media.rightmove.co.uk:443/dir/crop/10:9-16:9/property-photo/5655a257e/145398236/5655a257ea21808805d519e0ff76e80d_max_476x317.jpeg; https://media.rightmove.co.uk:443/dir/crop/10:9-16:9/property-photo/ad8728ec9/145398236/ad8728ec9ea608c08f1dd06c782dd60e_max_476x317.jpeg"
"145398224","Suffolk","Warehouse","Sudbury","£4,000 pcm","Fixed Price","","","Warehouse / storage unit to rent in Sudbury. ","https://www.rightmove.co.uk/properties/145398224#/?channel=COM_LET","2024-03-04T16:10:05Z","","new","Marketed by Whirledge and Nott, Commercial","","52.03369","0.79444","https://media.rightmove.co.uk:443/dir/crop/10:9-16:9/174k/173735/145398224/173735_4551_IMG_00_0000_max_476x317.jpeg; https://media.rightmove.co.uk:443/dir/crop/10:9-16:9/174k/173735/145398224/173735_4551_IMG_01_0000_max_476x317.jpeg; https://media.rightmove.co.uk:443/dir/crop/10:9-16:9/174k/173735/145398224/173735_4551_IMG_02_0000_max_476x317.jpeg; https://media.rightmove.co.uk:443/dir/crop/10:9-16:9/174k/173735/145398224/173735_4551_IMG_03_0000_max_476x317.jpeg"
"144514451","Suffolk","Land","Seven Hills Business Park, Felixstowe Road, Nacton, Suffolk, IP10 0FG","POA","","","","Location: Seven Hills Business Park will be situated off the roundabout at junction 58 of the A14 at its intersection with the A12. The site is on the southeast fringe of Ipswich, approximately 90 miles northeast of Central London and 7 miles northwest of the Port of Felixstowe. The location ben...","https://www.rightmove.co.uk/properties/144514451#/?channel=COM_LET","2024-02-08T14:47:00Z","","new","Marketed by Fenn Wright, Ipswich Commercial Sales and Lettings","","52.025879","1.254278","https://media.rightmove.co.uk:443/dir/crop/10:9-16:9/162k/161330/144514451/161330_14870334LH_IMG_00_0000_max_476x317.jpeg; https://media.rightmove.co.uk:443/dir/crop/10:9-16:9/162k/161330/144514451/161330_14870334LH_IMG_01_0000_max_476x317.jpeg; https://media.rightmove.co.uk:443/dir/crop/10:9-16:9/162k/161330/144514451/161330_14870334LH_IMG_02_0000_max_476x317.jpeg; https://media.rightmove.co.uk:443/dir/crop/10:9-16:9/162k/161330/144514451/161330_14870334LH_IMG_03_0000_max_476x317.jpeg"
"719246928308000","Suffolk","Retail Property (Shopping Centre)","Basement Leisure Unit, Arc Shopping Centre, Bury St. Edmunds, IP33 3DG","£10,417 pcm","","","","New basement leisure unit to let in Bury St Edmunds adjacent to Everyman Cinema and Primark, located adjacent the principal car park.","https://www.rightmove.co.uk/properties/719246928308000#/?channel=COM_LET","2025-11-13T11:47:05Z","","new","Marketed by Brasier Freeth, London","","52.244877","0.709423","https://media.rightmove.co.uk:443/dir/crop/10:9-16:9/255k/254312/719246928308000/254312_236695-2_IMG_00_0000_max_476x317.jpeg; https://media.rightmove.co.uk:443/dir/crop/10:9-16:9/255k/254312/719246928308000/254312_236695-2_IMG_01_0000_max_476x317.jpeg; https://media.rightmove.co.uk:443/dir/crop/10:9-16:9/255k/254312/719246928308000/254312_236695-2_IMG_02_0000_max_476x317.jpeg; https://media.rightmove.co.uk:443/dir/crop/10:9-16:9/255k/254312/719246928308000/254312_236695-2_IMG_03_0000_max_476x317.jpeg; https://media.rightmove.co.uk:443/dir/crop/10:9-16:9/255k/254312/719246928308000/254312_236695-2_IMG_04_0000_max_476x317.jpeg; https://media.rightmove.co.uk:443/dir/crop/10:9-16:9/255k/254312/719246928308000/254312_236695-2_IMG_05_0000_max_476x317.jpeg; https://media.rightmove.co.uk:443/dir/crop/10:9-16:9/255k/254312/719246928308000/254312_236695-2_IMG_06_0000_max_476x317.jpeg; https://media.rightmove.co.uk:443/dir/crop/10:9-16:9/255k/254312/719246928308000/254312_236695-2_IMG_07_0000_max_476x317.jpeg"
"86696124","Suffolk","Office","Third Floor Fitzroy House, Crown Street, Ipswich, Suffolk, IP13LG","£4,125 pcm","","","","Location: Ipswich is the county town of Suffolk with a resident population of approximately 130,000. The A12 and A14 dual carriageways provide excellent road communications with the M25, London and the Midlands. Ipswich railway station provides a regular service to London (Liverpool Street) w...","https://www.rightmove.co.uk/properties/86696124#/?channel=COM_LET","2024-01-09T10:10:01Z","","new","Marketed by Fenn Wright, Ipswich Commercial Sales and Lettings","","52.059666","1.15109","https://media.rightmove.co.uk:443/dir/crop/10:9-16:9/162k/161330/86696124/161330_14870314LH_IMG_00_0001_max_476x317.jpeg; https://media.rightmove.co.uk:443/dir/crop/10:9-16:9/162k/161330/86696124/161330_14870314LH_IMG_03_0001_max_476x317.jpeg; https://media.rightmove.co.uk:443/dir/crop/10:9-16:9/162k/161330/86696124/161330_14870314LH_IMG_06_0000_max_476x317.jpeg; https://media.rightmove.co.uk:443/dir/crop/10:9-16:9/162k/161330/86696124/161330_14870314LH_IMG_07_0000_max_476x317.jpeg; https://media.rightmove.co.uk:443/dir/crop/10:9-16:9/162k/161330/86696124/161330_14870314LH_IMG_08_0000_max_476x317.jpeg; https://media.rightmove.co.uk:443/dir/crop/10:9-16:9/162k/161330/86696124/161330_14870314LH_IMG_09_0000_max_476x317.jpeg"
"143348708","Suffolk","Office","Gipping House, Dock Street, Ipswich, East Of England, IP2","£938 pcm","","","","Location Ipswich is one of East Anglia's most important commercial centres with a catchment population of about 350,000. There are good road links to the M25, Midlands and London via the A12 and A14. London Liverpool Street is just over an hour away by train. Ipswich Waterfront has benefitted f...","https://www.rightmove.co.uk/properties/143348708#/?channel=COM_LET","2024-01-03T17:37:05Z","","new","Marketed by Fenn Wright, Ipswich Commercial Sales and Lettings","","52.051559","1.154939","https://media.rightmove.co.uk:443/dir/crop/10:9-16:9/162k/161330/143348708/161330_14869737LH_IMG_00_0000_max_476x317.jpeg; https://media.rightmove.co.uk:443/dir/crop/10:9-16:9/162k/161330/143348708/161330_14869737LH_IMG_01_0000_max_476x317.jpeg; https://media.rightmove.co.uk:443/dir/crop/10:9-16:9/162k/161330/143348708/161330_14869737LH_IMG_02_0000_max_476x317.jpeg; https://media.rightmove.co.uk:443/dir/crop/10:9-16:9/162k/161330/143348708/161330_14869737LH_IMG_03_0000_max_476x317.jpeg; https://media.rightmove.co.uk:443/dir/crop/10:9-16:9/162k/161330/143348708/161330_14869737LH_IMG_04_0000_max_476x317.jpeg; https://media.rightmove.co.uk:443/dir/crop/10:9-16:9/162k/161330/143348708/161330_14869737LH_IMG_05_0000_max_476x317.jpeg"
"167971775","Suffolk","Office","3rd Floor, Robert Ransome House, East Gate, Ipswich","£2,917 pcm","","","","The Eastgate Centre was reconfigured and substantially reconstructed in the early 2000’s to create an outward facing parade of well configured shops at 13-51 Carr Street. The parade is anchored by a 33,000 sq ft B&M Bargains, with an additional 11 shops of varying sizes at...","https://www.rightmove.co.uk/properties/167971775#/?channel=COM_LET","2025-10-08T10:42:39Z","","new","Marketed by LCP, Commercial","","52.05752","1.15775","https://media.rightmove.co.uk:443/dir/crop/10:9-16:9/230k/229553/167971775/229553_6659ecbc35a7a90d71539a9e_2_178_IMG_00_0000_max_476x317.jpeg; https://media.rightmove.co.uk:443/dir/crop/10:9-16:9/230k/229553/167971775/229553_6659ecbc35a7a90d71539a9e_2_178_IMG_01_0000_max_476x317.jpeg; https://media.rightmove.co.uk:443/dir/crop/10:9-16:9/230k/229553/167971775/229553_6659ecbc35a7a90d71539a9e_2_178_IMG_02_0000_max_476x317.jpeg"
"86849528","Suffolk","Office","Hyde Park House, Crown Street, Ipswich, Suffolk, IP1","POA","","","","Hyde Park House is a modern purpose-built office building arranged upon a ground and two upper floors, together with secure onsite car parking below the building, the property offers 28,438 sq ft of office space, with suites available from 1,000 to 6,750 sq ft.","https://www.rightmove.co.uk/properties/86849528#/?channel=COM_LET","2019-12-03T15:57:02Z","","size_change","Marketed by FI Real Estate Management Limited, Lancashire","","52.0596","1.15046","https://media.rightmove.co.uk:443/dir/crop/10:9-16:9/218k/217043/86849528/217043_hyde-park-house_IMG_08_0000_max_476x317.jpg; https://media.rightmove.co.uk:443/dir/crop/10:9-16:9/218k/217043/86849528/217043_hyde-park-house_IMG_04_0000_max_476x317.jpg; https://media.rightmove.co.uk:443/dir/crop/10:9-16:9/218k/217043/86849528/217043_hyde-park-house_IMG_01_0000_max_476x317.jpg; https://media.rightmove.co.uk:443/dir/crop/10:9-16:9/218k/217043/86849528/217043_hyde-park-house_IMG_00_0000_max_476x317.jpg; https://media.rightmove.co.uk:443/dir/crop/10:9-16:9/218k/217043/86849528/217043_hyde-park-house_IMG_03_0000_max_476x317.jpg; https://media.rightmove.co.uk:443/dir/crop/10:9-16:9/218k/217043/86849528/217043_hyde-park-house_IMG_10_0000_max_476x317.jpg; https://media.rightmove.co.uk:443/dir/crop/10:9-16:9/218k/217043/86849528/217043_hyde-park-house_IMG_06_0000_max_476x317.jpg; https://media.rightmove.co.uk:443/dir/crop/10:9-16:9/218k/217043/86849528/217043_hyde-park-house_IMG_07_0000_max_476x317.jpg; https://media.rightmove.co.uk:443/dir/crop/10:9-16:9/218k/217043/86849528/217043_hyde-park-house_IMG_09_0000_max_476x317.jpg; https://media.rightmove.co.uk:443/dir/crop/10:9-16:9/218k/217043/86849528/217043_hyde-park-house_IMG_11_0000_max_476x317.jpeg"
"142001783","Suffolk","Warehouse","Warehouse BH65, Boss Hall Road, Ipswich, Suffolk, IP1 5BN","POA","","","","LOCATION: Boss Hall Business Park is situated to the west of Ipswich town centre in the popular Sproughton Road industrial area, less than 1 mile from the A14 intersection. DESCRIPTION: The proposed warehouse building will provide a total gross internal floor area of 65,120 sq. ft. (6,050 sq. ...","https://www.rightmove.co.uk/properties/142001783#/?channel=COM_LET","2023-11-14T09:45:31Z","","new","Marketed by Fenn Wright, Ipswich Commercial Sales and Lettings","","52.065582","1.123327","https://media.rightmove.co.uk:443/dir/crop/10:9-16:9/162k/161330/142001783/161330_14870274LH_IMG_00_0000_max_476x317.jpeg"
"140975693","Suffolk","Office","London Road North, Lowestoft, Suffolk","£2,806 pcm","","","","Spacious and adaptable commercial unit set across two floors, previously used as office space, located in the heart of Lowestoft town centre on London Road North.","https://www.rightmove.co.uk/properties/140975693#/?channel=COM_LET","2023-10-17T15:10:11Z","","new","Marketed by Paul Hubbard Commercial, Suffolk","","52.474399","1.75062","https://media.rightmove.co.uk:443/dir/crop/10:9-16:9/77k/76023/140975693/76023_32667006_IMG_24_0000_max_476x317.jpeg; https://media.rightmove.co.uk:443/dir/crop/10:9-16:9/77k/76023/140975693/76023_32667006_IMG_00_0000_max_476x317.jpeg; https://media.rightmove.co.uk:443/dir/crop/10:9-16:9/77k/76023/140975693/76023_32667006_IMG_01_0000_max_476x317.jpeg; https://media.rightmove.co.uk:443/dir/crop/10:9-16:9/77k/76023/140975693/76023_32667006_IMG_02_0000_max_476x317.jpeg; https://media.rightmove.co.uk:443/dir/crop/10:9-16:9/77k/76023/140975693/76023_32667006_IMG_03_0000_max_476x317.jpeg; https://media.rightmove.co.uk:443/dir/crop/10:9-16:9/77k/76023/140975693/76023_32667006_IMG_04_0000_max_476x317.jpeg; https://media.rightmove.co.uk:443/dir/crop/10:9-16:9/77k/76023/140975693/76023_32667006_IMG_05_0000_max_476x317.jpeg; https://media.rightmove.co.uk:443/dir/crop/10:9-16:9/77k/76023/140975693/76023_32667006_IMG_25_0000_max_476x317.jpeg; https://media.rightmove.co.uk:443/dir/crop/10:9-16:9/77k/76023/140975693/76023_32667006_IMG_06_0000_max_476x317.jpeg; https://media.rightmove.co.uk:443/dir/crop/10:9-16:9/77k/76023/140975693/76023_32667006_IMG_07_0000_max_476x317.jpeg; https://media.rightmove.co.uk:443/dir/crop/10:9-16:9/77k/76023/140975693/76023_32667006_IMG_08_0000_max_476x317.jpeg; https://media.rightmove.co.uk:443/dir/crop/10:9-16:9/77k/76023/140975693/76023_32667006_IMG_09_0000_max_476x317.jpeg; https://media.rightmove.co.uk:443/dir/crop/10:9-16:9/77k/76023/140975693/76023_32667006_IMG_10_0000_max_476x317.jpeg; https://media.rightmove.co.uk:443/dir/crop/10:9-16:9/77k/76023/140975693/76023_32667006_IMG_11_0000_max_476x317.jpeg; https://media.rightmove.co.uk:443/dir/crop/10:9-16:9/77k/76023/140975693/76023_32667006_IMG_12_0000_max_476x317.jpeg; https://media.rightmove.co.uk:443/dir/crop/10:9-16:9/77k/76023/140975693/76023_32667006_IMG_13_0000_max_476x317.jpeg; https://media.rightmove.co.uk:443/dir/crop/10:9-16:9/77k/76023/140975693/76023_32667006_IMG_14_0000_max_476x317.jpeg; https://media.rightmove.co.uk:443/dir/crop/10:9-16:9/77k/76023/140975693/76023_32667006_IMG_15_0000_max_476x317.jpeg; https://media.rightmove.co.uk:443/dir/crop/10:9-16:9/77k/76023/140975693/76023_32667006_IMG_16_0000_max_476x317.jpeg; https://media.rightmove.co.uk:443/dir/crop/10:9-16:9/77k/76023/140975693/76023_32667006_IMG_17_0000_max_476x317.jpeg; https://media.rightmove.co.uk:443/dir/crop/10:9-16:9/77k/76023/140975693/76023_32667006_IMG_18_0000_max_476x317.jpeg; https://media.rightmove.co.uk:443/dir/crop/10:9-16:9/77k/76023/140975693/76023_32667006_IMG_19_0000_max_476x317.jpeg; https://media.rightmove.co.uk:443/dir/crop/10:9-16:9/77k/76023/140975693/76023_32667006_IMG_20_0000_max_476x317.jpeg; https://media.rightmove.co.uk:443/dir/crop/10:9-16:9/77k/76023/140975693/76023_32667006_IMG_21_0000_max_476x317.jpeg; https://media.rightmove.co.uk:443/dir/crop/10:9-16:9/77k/76023/140975693/76023_32667006_IMG_22_0000_max_476x317.jpeg; https://media.rightmove.co.uk:443/dir/crop/10:9-16:9/77k/76023/140975693/76023_32667006_IMG_23_0000_max_476x317.jpeg"
"86614725","Suffolk","Shop","The Guineas Shopping Centre, 5 The Rookery, Newmarket, Suffolk, CB8 8EQ","£2,708 pcm","","","","Unit 5 is a good sized ground floor retail unit with office, kitchen and WC facilities. The specification includes: suspended ceiling, retail display walls, comfort cooling, carpet tiles and glazed retail frontage. Externally the unit has frontage into the centre of the main shopping area plus a ...","https://www.rightmove.co.uk/properties/86614725#/?channel=COM_LET","2023-10-12T15:42:20Z","","new","Marketed by Eddisons Commercial Limited, Bury St. Edmunds","","52.244797","0.405583","https://media.rightmove.co.uk:443/dir/crop/10:9-16:9/237k/236930/86614725/236930_3014466LH_IMG_06_0000_max_476x317.jpeg; https://media.rightmove.co.uk:443/dir/crop/10:9-16:9/237k/236930/86614725/236930_3014466LH_IMG_01_0001_max_476x317.jpeg; https://media.rightmove.co.uk:443/dir/crop/10:9-16:9/237k/236930/86614725/236930_3014466LH_IMG_02_0001_max_476x317.jpeg; https://media.rightmove.co.uk:443/dir/crop/10:9-16:9/237k/236930/86614725/236930_3014466LH_IMG_03_0001_max_476x317.jpeg; https://media.rightmove.co.uk:443/dir/crop/10:9-16:9/237k/236930/86614725/236930_3014466LH_IMG_04_0001_max_476x317.jpeg"
"139766717","Suffolk","Office","Bridge House , Wherstead Park, The Street, Wherstead, Suffolk, IP9 2BJ","£6,208 pcm","","","","Location: Wherstead Park is located to the south of Ipswich, adjoining the A14/A137 intersection. The location benefits from excellent road communications with the A12 and A14 trunk routes providing access to London, Cambridge, the Midlands and the national motorway network. Both Ipswich and...","https://www.rightmove.co.uk/properties/139766717#/?channel=COM_LET","2023-09-11T08:52:53Z","","new","Marketed by Fenn Wright, Ipswich Commercial Sales and Lettings","","52.022678","1.14406","https://media.rightmove.co.uk:443/dir/crop/10:9-16:9/property-photo/499ef4ebd/139766717/499ef4ebde931645b79ca878471479bd_max_476x317.jpeg; https://media.rightmove.co.uk:443/dir/crop/10:9-16:9/property-photo/6854cb5d2/139766717/6854cb5d234789026b645eacb571c161_max_476x317.jpeg; https://media.rightmove.co.uk:443/dir/crop/10:9-16:9/property-photo/736c3bad4/139766717/736c3bad4e1d4f41fa507a125027f202_max_476x317.jpeg; https://media.rightmove.co.uk:443/dir/crop/10:9-16:9/property-photo/8cb6e51af/139766717/8cb6e51af027bbceb545ec6d2d425930_max_476x317.jpeg; https://media.rightmove.co.uk:443/dir/crop/10:9-16:9/property-photo/9fcef9943/139766717/9fcef99433434fd361ddf14ee47f295d_max_476x317.jpeg"
"130570775","Suffolk","Storage","Redgrave, Nr Diss, Suffolk","£1,587 pcm","","","","A range of business/storage units in a rural, yet accessible, location with good access to the A143 and A1066 in Redgrave","https://www.rightmove.co.uk/properties/130570775#/?channel=COM_LET","2023-01-10T15:31:58Z","","price_reduced","Marketed by Clarke and Simpson Commercial, Framlingham","","52.366314","0.990103","https://media.rightmove.co.uk:443/dir/crop/10:9-16:9/222k/221414/130570775/221414_L8620_IMG_08_0000_max_476x317.jpeg; https://media.rightmove.co.uk:443/dir/crop/10:9-16:9/222k/221414/130570775/221414_L8620_IMG_02_0001_max_476x317.jpeg; https://media.rightmove.co.uk:443/dir/crop/10:9-16:9/222k/221414/130570775/221414_L8620_IMG_01_0001_max_476x317.jpeg; https://media.rightmove.co.uk:443/dir/crop/10:9-16:9/222k/221414/130570775/221414_L8620_IMG_03_0001_max_476x317.jpeg; https://media.rightmove.co.uk:443/dir/crop/10:9-16:9/222k/221414/130570775/221414_L8620_IMG_04_0001_max_476x317.jpeg; https://media.rightmove.co.uk:443/dir/crop/10:9-16:9/222k/221414/130570775/221414_L8620_IMG_05_0001_max_476x317.jpeg; https://media.rightmove.co.uk:443/dir/crop/10:9-16:9/222k/221414/130570775/221414_L8620_IMG_06_0001_max_476x317.jpeg; https://media.rightmove.co.uk:443/dir/crop/10:9-16:9/222k/221414/130570775/221414_L8620_IMG_07_0001_max_476x317.jpeg"
"167972012","Suffolk","Shop","Unit 18, The Britten Centre, Lowestoft","£875 pcm","","","","Built in 1987, the subject premises is a locally renowned shopping centre in the heart of Lowestoft. In total The Britten Centre offers 19 retail units including Iceland and Poundland. Two shop units within the scheme also benefit from frontage to London ...","https://www.rightmove.co.uk/properties/167972012#/?channel=COM_LET","2025-10-08T10:44:18Z","","new","Marketed by LCP, Commercial","","52.47662","1.75156","https://media.rightmove.co.uk:443/dir/crop/10:9-16:9/230k/229553/167972012/229553_6659fec72af91879f7e3754f_2_137_IMG_00_0000_max_476x317.jpeg; https://media.rightmove.co.uk:443/dir/crop/10:9-16:9/230k/229553/167972012/229553_6659fec72af91879f7e3754f_2_137_IMG_02_0000_max_476x317.jpeg; https://media.rightmove.co.uk:443/dir/crop/10:9-16:9/230k/229553/167972012/229553_6659fec72af91879f7e3754f_2_137_IMG_01_0000_max_476x317.jpeg; https://media.rightmove.co.uk:443/dir/crop/10:9-16:9/230k/229553/167972012/229553_6659fec72af91879f7e3754f_2_137_IMG_03_0000_max_476x317.jpeg"
"138648389","Suffolk","Distribution Warehouse","Access @ Eastern Gateway, Ipswich, IP1 5BL","POA","","","","FIVE NEW INDUSTRIAL & LOGISTICS UNITS AVAILABLE NOW Access at Eastern Gateway occupies a strategic location directly adjacent to Junction 54 of the A14 approximately 2 miles west of Ipswich town centre.","https://www.rightmove.co.uk/properties/138648389#/?channel=COM_LET","2023-08-15T09:51:51Z","","size_change","Marketed by Lambert Smith Hampton, Birmingham","","52.062649","1.112018","https://media.rightmove.co.uk:443/dir/crop/10:9-16:9/183k/182504/138648389/182504_2049319LH_IMG_00_0002_max_476x317.jpeg; https://media.rightmove.co.uk:443/dir/crop/10:9-16:9/183k/182504/138648389/182504_2049319LH_IMG_01_0002_max_476x317.jpeg; https://media.rightmove.co.uk:443/dir/crop/10:9-16:9/183k/182504/138648389/182504_2049319LH_IMG_02_0002_max_476x317.jpeg; https://media.rightmove.co.uk:443/dir/crop/10:9-16:9/183k/182504/138648389/182504_2049319LH_IMG_03_0002_max_476x317.jpeg; https://media.rightmove.co.uk:443/dir/crop/10:9-16:9/183k/182504/138648389/182504_2049319LH_IMG_04_0002_max_476x317.jpeg; https://media.rightmove.co.uk:443/dir/crop/10:9-16:9/183k/182504/138648389/182504_2049319LH_IMG_05_0002_max_476x317.jpeg; https://media.rightmove.co.uk:443/dir/crop/10:9-16:9/183k/182504/138648389/182504_2049319LH_IMG_06_0002_max_476x317.jpeg; https://media.rightmove.co.uk:443/dir/crop/10:9-16:9/183k/182504/138648389/182504_2049319LH_IMG_07_0002_max_476x317.jpeg; https://media.rightmove.co.uk:443/dir/crop/10:9-16:9/183k/182504/138648389/182504_2049319LH_IMG_08_0002_max_476x317.jpeg; https://media.rightmove.co.uk:443/dir/crop/10:9-16:9/183k/182504/138648389/182504_2049319LH_IMG_09_0002_max_476x317.jpeg; https://media.rightmove.co.uk:443/dir/crop/10:9-16:9/183k/182504/138648389/182504_2049319LH_IMG_10_0001_max_476x317.jpeg; https://media.rightmove.co.uk:443/dir/crop/10:9-16:9/183k/182504/138648389/182504_2049319LH_IMG_11_0001_max_476x317.jpeg; https://media.rightmove.co.uk:443/dir/crop/10:9-16:9/183k/182504/138648389/182504_2049319LH_IMG_12_0001_max_476x317.jpeg; https://media.rightmove.co.uk:443/dir/crop/10:9-16:9/183k/182504/138648389/182504_2049319LH_IMG_13_0001_max_476x317.jpeg; https://media.rightmove.co.uk:443/dir/crop/10:9-16:9/183k/182504/138648389/182504_2049319LH_IMG_14_0001_max_476x317.jpeg; https://media.rightmove.co.uk:443/dir/crop/10:9-16:9/183k/182504/138648389/182504_2049319LH_IMG_15_0001_max_476x317.jpeg; https://media.rightmove.co.uk:443/dir/crop/10:9-16:9/183k/182504/138648389/182504_2049319LH_IMG_16_0001_max_476x317.jpeg; https://media.rightmove.co.uk:443/dir/crop/10:9-16:9/183k/182504/138648389/182504_2049319LH_IMG_17_0000_max_476x317.jpeg; https://media.rightmove.co.uk:443/dir/crop/10:9-16:9/183k/182504/138648389/182504_2049319LH_IMG_18_0000_max_476x317.jpeg; https://media.rightmove.co.uk:443/dir/crop/10:9-16:9/183k/182504/138648389/182504_2049319LH_IMG_19_0000_max_476x317.jpeg; https://media.rightmove.co.uk:443/dir/crop/10:9-16:9/183k/182504/138648389/182504_2049319LH_IMG_20_0000_max_476x317.jpeg; https://media.rightmove.co.uk:443/dir/crop/10:9-16:9/183k/182504/138648389/182504_2049319LH_IMG_21_0000_max_476x317.jpeg; https://media.rightmove.co.uk:443/dir/crop/10:9-16:9/183k/182504/138648389/182504_2049319LH_IMG_22_0000_max_476x317.jpeg; https://media.rightmove.co.uk:443/dir/crop/10:9-16:9/183k/182504/138648389/182504_2049319LH_IMG_23_0000_max_476x317.jpeg; https://media.rightmove.co.uk:443/dir/crop/10:9-16:9/183k/182504/138648389/182504_2049319LH_IMG_24_0000_max_476x317.jpeg; https://media.rightmove.co.uk:443/dir/crop/10:9-16:9/183k/182504/138648389/182504_2049319LH_IMG_25_0000_max_476x317.jpeg; https://media.rightmove.co.uk:443/dir/crop/10:9-16:9/183k/182504/138648389/182504_2049319LH_IMG_26_0000_max_476x317.jpeg; https://media.rightmove.co.uk:443/dir/crop/10:9-16:9/183k/182504/138648389/182504_2049319LH_IMG_27_0000_max_476x317.jpeg; https://media.rightmove.co.uk:443/dir/crop/10:9-16:9/183k/182504/138648389/182504_2049319LH_IMG_28_0000_max_476x317.jpeg; https://media.rightmove.co.uk:443/dir/crop/10:9-16:9/183k/182504/138648389/182504_2049319LH_IMG_29_0000_max_476x317.jpeg; https://media.rightmove.co.uk:443/dir/crop/10:9-16:9/183k/182504/138648389/182504_2049319LH_IMG_30_0000_max_476x317.jpeg; https://media.rightmove.co.uk:443/dir/crop/10:9-16:9/183k/182504/138648389/182504_2049319LH_IMG_31_0000_max_476x317.jpeg; https://media.rightmove.co.uk:443/dir/crop/10:9-16:9/183k/182504/138648389/182504_2049319LH_IMG_32_0000_max_476x317.jpeg; https://media.rightmove.co.uk:443/dir/crop/10:9-16:9/183k/182504/138648389/182504_2049319LH_IMG_33_0000_max_476x317.jpeg; https://media.rightmove.co.uk:443/dir/crop/10:9-16:9/183k/182504/138648389/182504_2049319LH_IMG_34_0000_max_476x317.jpeg; https://media.rightmove.co.uk:443/dir/crop/10:9-16:9/183k/182504/138648389/182504_2049319LH_IMG_35_0000_max_476x317.jpeg; https://media.rightmove.co.uk:443/dir/crop/10:9-16:9/183k/182504/138648389/182504_2049319LH_IMG_36_0000_max_476x317.jpeg"
"150144278","Suffolk","Warehouse","G165 Gateway 14, Stowmarket, IP14 5BE","POA","","","","165,796 sq. ft. Planning approved unit deliverable in 9-month build programme To Let / For Sale.","https://www.rightmove.co.uk/properties/150144278#/?channel=COM_LET","2024-07-11T14:27:52Z","","new","Marketed by Avison Young (UK) Limited, Avison Young Industrial 2","","52.181934","1.023213","https://media.rightmove.co.uk:443/dir/crop/10:9-16:9/209k/208949/150144278/208949_215283-2_IMG_00_0000_max_476x317.jpeg; https://media.rightmove.co.uk:443/dir/crop/10:9-16:9/209k/208949/150144278/208949_215283-2_IMG_03_0000_max_476x317.jpeg; https://media.rightmove.co.uk:443/dir/crop/10:9-16:9/209k/208949/150144278/208949_215283-2_IMG_02_0000_max_476x317.jpeg"
"138364751","Suffolk","Warehouse","Unit 4, Access @ Eastern Gateway, Ipswich, Suffolk, IP1 5BL","POA","","","","New industrial and Logistics Unit - 52,491 ft² - Eastern Gateway - IP1 5BL","https://www.rightmove.co.uk/properties/138364751#/?channel=COM_LET","2023-08-07T11:53:43Z","","new","Marketed by Savills, Ipswich","","52.063083","1.111932","https://media.rightmove.co.uk:443/dir/crop/10:9-16:9/215k/214097/138364751/214097_157725-2_IMG_07_0000_max_476x317.jpeg; https://media.rightmove.co.uk:443/dir/crop/10:9-16:9/215k/214097/138364751/214097_157725-2_IMG_08_0000_max_476x317.jpeg; https://media.rightmove.co.uk:443/dir/crop/10:9-16:9/215k/214097/138364751/214097_157725-2_IMG_09_0000_max_476x317.jpeg; https://media.rightmove.co.uk:443/dir/crop/10:9-16:9/215k/214097/138364751/214097_157725-2_IMG_06_0000_max_476x317.jpeg; https://media.rightmove.co.uk:443/dir/crop/10:9-16:9/215k/214097/138364751/214097_157725-2_IMG_01_0001_max_476x317.jpeg; https://media.rightmove.co.uk:443/dir/crop/10:9-16:9/215k/214097/138364751/214097_157725-2_IMG_02_0001_max_476x317.jpeg; https://media.rightmove.co.uk:443/dir/crop/10:9-16:9/215k/214097/138364751/214097_157725-2_IMG_03_0001_max_476x317.jpeg"
"155129561","Suffolk","Warehouse","G165, Gateway 14, Stowmarket, Suffolk, Ipswich, IP14 5BP","POA","","","","New Manufacturing & Distribution Opportunity - 164,800 ft² (15,310.42 m²) - Stowmarket","https://www.rightmove.co.uk/properties/155129561#/?channel=COM_LET","2024-11-19T12:13:42Z","","new","Marketed by Savills, Ipswich","","52.182175","1.021931","https://media.rightmove.co.uk:443/dir/crop/10:9-16:9/215k/214097/155129561/214097_157701-2_IMG_02_0002_max_476x317.jpeg; https://media.rightmove.co.uk:443/dir/crop/10:9-16:9/215k/214097/155129561/214097_157701-2_IMG_05_0000_max_476x317.jpeg; https://media.rightmove.co.uk:443/dir/crop/10:9-16:9/215k/214097/155129561/214097_157701-2_IMG_03_0002_max_476x317.jpeg; https://media.rightmove.co.uk:443/dir/crop/10:9-16:9/215k/214097/155129561/214097_157701-2_IMG_01_0002_max_476x317.jpeg; https://media.rightmove.co.uk:443/dir/crop/10:9-16:9/215k/214097/155129561/214097_157701-2_IMG_00_0002_max_476x317.jpeg"
"137916728","Suffolk","Light Industrial","The Havens, Ipswich, Suffolk, IP3","£1,707 pcm","From","","4","Flexible business unit in Ipswich, Ransomes Europark","https://www.rightmove.co.uk/properties/137916728#/?channel=COM_LET","2023-07-26T16:46:52Z","","size_change","Marketed by Basepoint, Basepoint","","52.02923","1.22085","https://media.rightmove.co.uk:443/dir/crop/10:9-16:9/71k/70551/137916728/70551_UKis24544_IMG_05_0000_max_476x317.jpeg; https://media.rightmove.co.uk:443/dir/crop/10:9-16:9/71k/70551/137916728/70551_UKis24544_IMG_02_0000_max_476x317.jpeg; https://media.rightmove.co.uk:443/dir/crop/10:9-16:9/71k/70551/137916728/70551_UKis24544_IMG_01_0000_max_476x317.jpeg; https://media.rightmove.co.uk:443/dir/crop/10:9-16:9/71k/70551/137916728/70551_UKis24544_IMG_04_0000_max_476x317.jpeg; https://media.rightmove.co.uk:443/dir/crop/10:9-16:9/71k/70551/137916728/70551_UKis24544_IMG_06_0000_max_476x317.jpeg; https://media.rightmove.co.uk:443/dir/crop/10:9-16:9/71k/70551/137916728/70551_UKis24544_IMG_07_0000_max_476x317.jpeg; https://media.rightmove.co.uk:443/dir/crop/10:9-16:9/71k/70551/137916728/70551_UKis24544_IMG_08_0000_max_476x317.jpeg"
"137916317","Suffolk","Light Industrial","The Havens, Ipswich, Suffolk, IP3","£3,514 pcm","From","","4","Flexible business unit in Ipswich, Ransomes Europark","https://www.rightmove.co.uk/properties/137916317#/?channel=COM_LET","2023-07-26T16:42:12Z","","new","Marketed by Basepoint, Basepoint","","52.02923","1.22085","https://media.rightmove.co.uk:443/dir/crop/10:9-16:9/property-photo/cfe79f7dd/137916317/cfe79f7dda201d09129395485303cee1_max_476x317.jpeg; https://media.rightmove.co.uk:443/dir/crop/10:9-16:9/property-photo/0f8bb14b6/137916317/0f8bb14b6afc5704edd0e0d6d9aeb92d_max_476x317.jpeg; https://media.rightmove.co.uk:443/dir/crop/10:9-16:9/property-photo/78754a4c8/137916317/78754a4c8873269739dd6c38915d6794_max_476x317.jpeg; https://media.rightmove.co.uk:443/dir/crop/10:9-16:9/property-photo/7d5afb683/137916317/7d5afb683aa56ffe609626c769abdad6_max_476x317.jpeg; https://media.rightmove.co.uk:443/dir/crop/10:9-16:9/property-photo/76e3f8bfd/137916317/76e3f8bfded6808c42f8dec26815e018_max_476x317.jpeg; https://media.rightmove.co.uk:443/dir/crop/10:9-16:9/property-photo/281b2195f/137916317/281b2195f13f2e85636bbe336fffe9a4_max_476x317.jpeg; https://media.rightmove.co.uk:443/dir/crop/10:9-16:9/property-photo/245ebc8b3/137916317/245ebc8b3a1a9092b890bbabddc38b93_max_476x317.jpeg"
"137904866","Suffolk","Light Industrial","The Havens, Ipswich, Suffolk, IP3","£938 pcm","From","","4","Studio in Ipswich, Ransomes Europark","https://www.rightmove.co.uk/properties/137904866#/?channel=COM_LET","2023-07-26T14:01:21Z","","new","Marketed by Basepoint, Basepoint","","52.02923","1.22085","https://media.rightmove.co.uk:443/dir/crop/10:9-16:9/71k/70551/137904866/70551_UKos24544_IMG_00_0000_max_476x317.jpeg; https://media.rightmove.co.uk:443/dir/crop/10:9-16:9/71k/70551/137904866/70551_UKos24544_IMG_02_0000_max_476x317.jpeg; https://media.rightmove.co.uk:443/dir/crop/10:9-16:9/71k/70551/137904866/70551_UKos24544_IMG_03_0000_max_476x317.jpeg; https://media.rightmove.co.uk:443/dir/crop/10:9-16:9/71k/70551/137904866/70551_UKos24544_IMG_04_0000_max_476x317.jpeg; https://media.rightmove.co.uk:443/dir/crop/10:9-16:9/71k/70551/137904866/70551_UKos24544_IMG_05_0000_max_476x317.jpeg; https://media.rightmove.co.uk:443/dir/crop/10:9-16:9/71k/70551/137904866/70551_UKos24544_IMG_06_0000_max_476x317.jpeg; https://media.rightmove.co.uk:443/dir/crop/10:9-16:9/71k/70551/137904866/70551_UKos24544_IMG_07_0000_max_476x317.jpeg"
"137903771","Suffolk","Light Industrial","The Havens, Ipswich, Suffolk, IP3","£1,075 pcm","From","","4","Studio in Ipswich, Ransomes Europark","https://www.rightmove.co.uk/properties/137903771#/?channel=COM_LET","2023-07-26T13:54:33Z","","new","Marketed by Basepoint, Basepoint","","52.02923","1.22085","https://media.rightmove.co.uk:443/dir/crop/10:9-16:9/71k/70551/137903771/70551_UKos14544_IMG_06_0000_max_476x317.jpeg; https://media.rightmove.co.uk:443/dir/crop/10:9-16:9/71k/70551/137903771/70551_UKos14544_IMG_01_0000_max_476x317.jpeg; https://media.rightmove.co.uk:443/dir/crop/10:9-16:9/71k/70551/137903771/70551_UKos14544_IMG_00_0000_max_476x317.jpeg; https://media.rightmove.co.uk:443/dir/crop/10:9-16:9/71k/70551/137903771/70551_UKos14544_IMG_02_0000_max_476x317.jpeg; https://media.rightmove.co.uk:443/dir/crop/10:9-16:9/71k/70551/137903771/70551_UKos14544_IMG_04_0001_max_476x317.jpeg; https://media.rightmove.co.uk:443/dir/crop/10:9-16:9/71k/70551/137903771/70551_UKos14544_IMG_05_0000_max_476x317.jpeg; https://media.rightmove.co.uk:443/dir/crop/10:9-16:9/71k/70551/137903771/70551_UKos14544_IMG_03_0000_max_476x317.jpeg; https://media.rightmove.co.uk:443/dir/crop/10:9-16:9/71k/70551/137903771/70551_UKos14544_IMG_07_0000_max_476x317.jpeg"
"137864252","Suffolk","Distribution Warehouse","Unit 6B, Access @ Eastern Gateway, Sproughton Road, Sproughton, Suffolk, IP1","POA","","","","Unit 6B Access at Eastern Gateway offers brand new industrial accommodation immediately available. The unit is strategically located and will benefit from an excellent specification including 8m eaves height, 25m depth secure self-contained yard, 2 level access loading doors and 50kN floor loading.","https://www.rightmove.co.uk/properties/137864252#/?channel=COM_LET","2023-07-25T15:50:05Z","","size_change","Marketed by Lambert Smith Hampton, Birmingham","","52.062107","1.112822","https://media.rightmove.co.uk:443/dir/crop/10:9-16:9/183k/182504/137864252/182504_2049980LH_IMG_11_0000_max_476x317.jpeg; https://media.rightmove.co.uk:443/dir/crop/10:9-16:9/183k/182504/137864252/182504_2049980LH_IMG_10_0000_max_476x317.jpeg; https://media.rightmove.co.uk:443/dir/crop/10:9-16:9/183k/182504/137864252/182504_2049980LH_IMG_12_0000_max_476x317.jpeg; https://media.rightmove.co.uk:443/dir/crop/10:9-16:9/183k/182504/137864252/182504_2049980LH_IMG_13_0000_max_476x317.jpeg; https://media.rightmove.co.uk:443/dir/crop/10:9-16:9/183k/182504/137864252/182504_2049980LH_IMG_14_0000_max_476x317.jpeg; https://media.rightmove.co.uk:443/dir/crop/10:9-16:9/183k/182504/137864252/182504_2049980LH_IMG_15_0000_max_476x317.jpeg; https://media.rightmove.co.uk:443/dir/crop/10:9-16:9/183k/182504/137864252/182504_2049980LH_IMG_16_0000_max_476x317.jpeg; https://media.rightmove.co.uk:443/dir/crop/10:9-16:9/183k/182504/137864252/182504_2049980LH_IMG_17_0000_max_476x317.jpeg; https://media.rightmove.co.uk:443/dir/crop/10:9-16:9/183k/182504/137864252/182504_2049980LH_IMG_18_0000_max_476x317.jpeg; https://media.rightmove.co.uk:443/dir/crop/10:9-16:9/183k/182504/137864252/182504_2049980LH_IMG_19_0000_max_476x317.jpeg; https://media.rightmove.co.uk:443/dir/crop/10:9-16:9/183k/182504/137864252/182504_2049980LH_IMG_20_0000_max_476x317.jpeg"
"137864171","Suffolk","Distribution Warehouse","Unit 4, Access @ Eastern Gateway, Sproughton Road, Sproughton, Suffolk, IP1","POA","","","","Unit 4 Access at Eastern Gateway offers brand new industrial accommodation immediately available. The unit is strategically located and will benefit from an excellent specification including 12m eaves height, 350 kVA power supply, 35m depth secure self-contained yard, 5 dock level and 1 surface l...","https://www.rightmove.co.uk/properties/137864171#/?channel=COM_LET","2023-07-25T15:48:42Z","","size_change","Marketed by Lambert Smith Hampton, Birmingham","","52.062107","1.112822","https://media.rightmove.co.uk:443/dir/crop/10:9-16:9/183k/182504/137864171/182504_2049942LH_IMG_11_0000_max_476x317.jpeg; https://media.rightmove.co.uk:443/dir/crop/10:9-16:9/183k/182504/137864171/182504_2049942LH_IMG_10_0000_max_476x317.jpeg; https://media.rightmove.co.uk:443/dir/crop/10:9-16:9/183k/182504/137864171/182504_2049942LH_IMG_12_0000_max_476x317.jpeg; https://media.rightmove.co.uk:443/dir/crop/10:9-16:9/183k/182504/137864171/182504_2049942LH_IMG_13_0000_max_476x317.jpeg; https://media.rightmove.co.uk:443/dir/crop/10:9-16:9/183k/182504/137864171/182504_2049942LH_IMG_14_0000_max_476x317.jpeg; https://media.rightmove.co.uk:443/dir/crop/10:9-16:9/183k/182504/137864171/182504_2049942LH_IMG_15_0000_max_476x317.jpeg; https://media.rightmove.co.uk:443/dir/crop/10:9-16:9/183k/182504/137864171/182504_2049942LH_IMG_16_0000_max_476x317.jpeg; https://media.rightmove.co.uk:443/dir/crop/10:9-16:9/183k/182504/137864171/182504_2049942LH_IMG_17_0000_max_476x317.jpeg; https://media.rightmove.co.uk:443/dir/crop/10:9-16:9/183k/182504/137864171/182504_2049942LH_IMG_18_0000_max_476x317.jpeg; https://media.rightmove.co.uk:443/dir/crop/10:9-16:9/183k/182504/137864171/182504_2049942LH_IMG_19_0000_max_476x317.jpeg; https://media.rightmove.co.uk:443/dir/crop/10:9-16:9/183k/182504/137864171/182504_2049942LH_IMG_20_0000_max_476x317.jpeg; https://media.rightmove.co.uk:443/dir/crop/10:9-16:9/183k/182504/137864171/182504_2049942LH_IMG_21_0000_max_476x317.jpeg; https://media.rightmove.co.uk:443/dir/crop/10:9-16:9/183k/182504/137864171/182504_2049942LH_IMG_22_0000_max_476x317.jpeg; https://media.rightmove.co.uk:443/dir/crop/10:9-16:9/183k/182504/137864171/182504_2049942LH_IMG_23_0000_max_476x317.jpeg"
"121338974","Suffolk","Office","Wherstead Park, The Street, Wherstead, East Of England, IP9","POA","","","","Location Wherstead Park is located to the south of Ipswich, adjoining the A14/A137 intersection (see location plan on back page). The location benefits from excellent road communications with the A12 and A14 trunk routes providing access to London, Cambridge, the Midlands and the national motorw...","https://www.rightmove.co.uk/properties/121338974#/?channel=COM_LET","2022-03-21T13:21:17Z","","size_change","Marketed by Fenn Wright, Ipswich Commercial Sales and Lettings","","52.023117","1.145354","https://media.rightmove.co.uk:443/dir/crop/10:9-16:9/162k/161330/121338974/161330_14868907LH_IMG_00_0000_max_476x317.jpeg; https://media.rightmove.co.uk:443/dir/crop/10:9-16:9/162k/161330/121338974/161330_14868907LH_IMG_01_0000_max_476x317.jpeg; https://media.rightmove.co.uk:443/dir/crop/10:9-16:9/162k/161330/121338974/161330_14868907LH_IMG_02_0000_max_476x317.jpeg"
"89343022","Suffolk","Warehouse","St Vincents House, 1 Cutler Street, Ipswich, IP1 1LL","POA","","","","TO LET: High Specification Open Plan Office Floors - IP1 1UQ - 785 - 27,396 ft²","https://www.rightmove.co.uk/properties/89343022#/?channel=COM_LET","2021-02-25T12:01:06Z","","size_change","Marketed by Savills, Ipswich","","52.054248","1.15236","https://media.rightmove.co.uk:443/dir/crop/10:9-16:9/215k/214097/89343022/214097_62223-2_IMG_00_0002_max_476x317.jpeg; https://media.rightmove.co.uk:443/dir/crop/10:9-16:9/215k/214097/89343022/214097_62223-2_IMG_01_0002_max_476x317.jpeg; https://media.rightmove.co.uk:443/dir/crop/10:9-16:9/215k/214097/89343022/214097_62223-2_IMG_02_0002_max_476x317.jpeg; https://media.rightmove.co.uk:443/dir/crop/10:9-16:9/215k/214097/89343022/214097_62223-2_IMG_03_0002_max_476x317.jpeg; https://media.rightmove.co.uk:443/dir/crop/10:9-16:9/215k/214097/89343022/214097_62223-2_IMG_04_0001_max_476x317.jpeg; https://media.rightmove.co.uk:443/dir/crop/10:9-16:9/215k/214097/89343022/214097_62223-2_IMG_05_0000_max_476x317.jpeg; https://media.rightmove.co.uk:443/dir/crop/10:9-16:9/215k/214097/89343022/214097_62223-2_IMG_06_0000_max_476x317.jpeg; https://media.rightmove.co.uk:443/dir/crop/10:9-16:9/215k/214097/89343022/214097_62223-2_IMG_07_0000_max_476x317.jpeg; https://media.rightmove.co.uk:443/dir/crop/10:9-16:9/215k/214097/89343022/214097_62223-2_IMG_08_0000_max_476x317.jpeg; https://media.rightmove.co.uk:443/dir/crop/10:9-16:9/215k/214097/89343022/214097_62223-2_IMG_09_0000_max_476x317.jpeg; https://media.rightmove.co.uk:443/dir/crop/10:9-16:9/215k/214097/89343022/214097_62223-2_IMG_10_0000_max_476x317.jpeg; https://media.rightmove.co.uk:443/dir/crop/10:9-16:9/215k/214097/89343022/214097_62223-2_IMG_11_0000_max_476x317.jpeg; https://media.rightmove.co.uk:443/dir/crop/10:9-16:9/215k/214097/89343022/214097_62223-2_IMG_12_0000_max_476x317.jpeg"
"136931492","Suffolk","Distribution Warehouse","Anglia Parkway North, Ipswich, Suffolk, IP1","£25,000 pcm","","","","Brand-new commercial unit with a footplate of 30,000 sq. ft. located at Anglia Parkway Ipswich on a spacious 1.8-acre plot. This prime site offers convenient access to the A14.","https://www.rightmove.co.uk/properties/136931492#/?channel=COM_LET","2023-07-04T14:00:46Z","","new","Marketed by Reads Property Developments Limited, Diss","","52.08694","1.11662","https://media.rightmove.co.uk:443/dir/crop/10:9-16:9/property-photo/267bf68b2/136931492/267bf68b2386ba73d3ecaadba8784077_max_476x317.jpeg; https://media.rightmove.co.uk:443/dir/crop/10:9-16:9/property-photo/6e5cec00a/136931492/6e5cec00a4d7b39d4f625fdeeba01978_max_476x317.jpeg; https://media.rightmove.co.uk:443/dir/crop/10:9-16:9/property-photo/eedf1650f/136931492/eedf1650f0c3c7b06581bc73c2a75c11_max_476x317.jpeg; https://media.rightmove.co.uk:443/dir/crop/10:9-16:9/property-photo/f962984c7/136931492/f962984c7c27ce0dc390ed74bd7023fe_max_476x317.jpeg; https://media.rightmove.co.uk:443/dir/crop/10:9-16:9/property-photo/4c14f809e/136931492/4c14f809ec4a17229ea59f5a678795b9_max_476x317.jpeg"
"136308971","Suffolk","Storage","Ipswich","£3,000 pcm","","","","4 Separate commercial buildings for let, Ranging from 1,600 totalling 7,200 square feet. ","https://www.rightmove.co.uk/properties/136308971#/?channel=COM_LET","2023-06-20T14:33:29Z","","new","Marketed by Whirledge and Nott, Commercial","","51.96973","1.25045","https://media.rightmove.co.uk:443/dir/crop/10:9-16:9/174k/173735/136308971/173735_4413_IMG_00_0001_max_476x317.jpeg; https://media.rightmove.co.uk:443/dir/crop/10:9-16:9/174k/173735/136308971/173735_4413_IMG_01_0001_max_476x317.jpeg; https://media.rightmove.co.uk:443/dir/crop/10:9-16:9/174k/173735/136308971/173735_4413_IMG_02_0001_max_476x317.jpeg; https://media.rightmove.co.uk:443/dir/crop/10:9-16:9/174k/173735/136308971/173735_4413_IMG_03_0001_max_476x317.jpeg; https://media.rightmove.co.uk:443/dir/crop/10:9-16:9/174k/173735/136308971/173735_4413_IMG_04_0001_max_476x317.jpeg; https://media.rightmove.co.uk:443/dir/crop/10:9-16:9/174k/173735/136308971/173735_4413_IMG_05_0001_max_476x317.jpeg; https://media.rightmove.co.uk:443/dir/crop/10:9-16:9/174k/173735/136308971/173735_4413_IMG_06_0001_max_476x317.jpeg; https://media.rightmove.co.uk:443/dir/crop/10:9-16:9/174k/173735/136308971/173735_4413_IMG_07_0001_max_476x317.jpeg; https://media.rightmove.co.uk:443/dir/crop/10:9-16:9/174k/173735/136308971/173735_4413_IMG_08_0001_max_476x317.jpeg; https://media.rightmove.co.uk:443/dir/crop/10:9-16:9/174k/173735/136308971/173735_4413_IMG_09_0001_max_476x317.jpeg; https://media.rightmove.co.uk:443/dir/crop/10:9-16:9/174k/173735/136308971/173735_4413_IMG_10_0001_max_476x317.jpeg; https://media.rightmove.co.uk:443/dir/crop/10:9-16:9/174k/173735/136308971/173735_4413_IMG_11_0001_max_476x317.jpeg"
"167971778","Suffolk","Leisure Facility","35 Carr Street, East Gate, Ipswich","£2,500 pcm","","","","The Eastgate Centre was reconfigured and substantially reconstructed in the early 2000’s to create an outward facing parade of well configured shops at 13-51 Carr Street. The parade is anchored by a 33,000 sq ft B&M Bargains, with an additional 11 shops of varying sizes at...","https://www.rightmove.co.uk/properties/167971778#/?channel=COM_LET","2025-10-08T10:42:41Z","","new","Marketed by LCP, Commercial","","52.05752","1.15775","https://media.rightmove.co.uk:443/dir/crop/10:9-16:9/230k/229553/167971778/229553_6659ecb7d04d2042744511dd_2_283_IMG_00_0000_max_476x317.jpeg; https://media.rightmove.co.uk:443/dir/crop/10:9-16:9/230k/229553/167971778/229553_6659ecb7d04d2042744511dd_2_283_IMG_01_0000_max_476x317.jpeg; https://media.rightmove.co.uk:443/dir/crop/10:9-16:9/230k/229553/167971778/229553_6659ecb7d04d2042744511dd_2_283_IMG_02_0000_max_476x317.jpeg"
"167971781","Suffolk","Retail Property (high street)","35 Carr Street, East Gate, Ipswich","£2,500 pcm","","","","The Eastgate Centre was reconfigured and substantially reconstructed in the early 2000’s to create an outward facing parade of well configured shops at 13-51 Carr Street. The parade is anchored by a 33,000 sq ft B&M Bargains, with an additional 11 shops of varying sizes at...","https://www.rightmove.co.uk/properties/167971781#/?channel=COM_LET","2025-10-08T10:42:43Z","","new","Marketed by LCP, Commercial","","52.05752","1.15775","https://media.rightmove.co.uk:443/dir/crop/10:9-16:9/230k/229553/167971781/229553_6659ecb7d04d2042744511dd_2_187_IMG_00_0000_max_476x317.jpeg; https://media.rightmove.co.uk:443/dir/crop/10:9-16:9/230k/229553/167971781/229553_6659ecb7d04d2042744511dd_2_187_IMG_01_0000_max_476x317.jpeg; https://media.rightmove.co.uk:443/dir/crop/10:9-16:9/230k/229553/167971781/229553_6659ecb7d04d2042744511dd_2_187_IMG_02_0000_max_476x317.jpeg"
"135610754","Suffolk","Retail Property (high street)","Wilkes Way, Stowmarket, Suffolk, IP14","£1,458 pcm","","","","The shop occupies a prominent position on Wilkes Way, which is the main thoroughfare between Asda Supermarket and the town centre. The shop is in close proximity to Iliffe Way and Meadow Centre Car Parks. Nearby occupiers include Costa Coffee , Asda Pharmacy & Opticians, Barnados, Hays Travel.","https://www.rightmove.co.uk/properties/135610754#/?channel=COM_LET","2023-06-02T09:21:24Z","","new","Marketed by Roche Chartered Surveyors, Norfolk","","52.187557","0.99417","https://media.rightmove.co.uk:443/dir/crop/10:9-16:9/71k/70440/135610754/70440_165787LH_IMG_00_0001_max_476x317.jpeg; https://media.rightmove.co.uk:443/dir/crop/10:9-16:9/71k/70440/135610754/70440_165787LH_IMG_01_0001_max_476x317.jpeg; https://media.rightmove.co.uk:443/dir/crop/10:9-16:9/71k/70440/135610754/70440_165787LH_IMG_02_0001_max_476x317.jpeg"
"68600954","Suffolk","Serviced Office","The Havens, Ipswich, Suffolk, IP3","£119 pcm","From","","4","Join a collaborative coworking environment in Basepoint Ransomes Europark","https://www.rightmove.co.uk/properties/68600954#/?channel=COM_LET","2017-08-30T18:16:54Z","","price_reduced","Marketed by Basepoint, Basepoint","","52.02923","1.22085","https://media.rightmove.co.uk:443/dir/crop/10:9-16:9/71k/70551/68600954/70551_UKcw4544_IMG_03_0001_max_476x317.jpeg; https://media.rightmove.co.uk:443/dir/crop/10:9-16:9/71k/70551/68600954/70551_UKcw4544_IMG_08_0001_max_476x317.jpeg; https://media.rightmove.co.uk:443/dir/crop/10:9-16:9/71k/70551/68600954/70551_UKcw4544_IMG_00_0001_max_476x317.jpeg; https://media.rightmove.co.uk:443/dir/crop/10:9-16:9/71k/70551/68600954/70551_UKcw4544_IMG_02_0001_max_476x317.jpeg; https://media.rightmove.co.uk:443/dir/crop/10:9-16:9/71k/70551/68600954/70551_UKcw4544_IMG_05_0001_max_476x317.jpeg; https://media.rightmove.co.uk:443/dir/crop/10:9-16:9/71k/70551/68600954/70551_UKcw4544_IMG_06_0001_max_476x317.jpeg"
"133045019","Suffolk","Light Industrial","Tower Road, Lowestoft","POA","","","","An exciting development opportunity for all commercial uses for design and build of freehold or leasehold buildings from 10,000 sq ft (929 sq m).","https://www.rightmove.co.uk/properties/133045019#/?channel=COM_LET","2023-03-29T09:28:19Z","","size_change","Marketed by Bycroft Commercial, Great Yarmouth","","52.44515","1.71723","https://media.rightmove.co.uk:443/dir/crop/10:9-16:9/211k/210365/133045019/210365_101177009336_IMG_00_0000_max_476x317.jpeg; https://media.rightmove.co.uk:443/dir/crop/10:9-16:9/211k/210365/133045019/210365_101177009336_IMG_01_0000_max_476x317.jpeg; https://media.rightmove.co.uk:443/dir/crop/10:9-16:9/211k/210365/133045019/210365_101177009336_IMG_02_0000_max_476x317.jpeg; https://media.rightmove.co.uk:443/dir/crop/10:9-16:9/211k/210365/133045019/210365_101177009336_IMG_03_0000_max_476x317.jpeg; https://media.rightmove.co.uk:443/dir/crop/10:9-16:9/211k/210365/133045019/210365_101177009336_IMG_04_0000_max_476x317.jpeg"
"133044983","Suffolk","Light Industrial","Tower Road, Lowestoft","POA","","","","An exciting development opportunity for all commercial uses for design and build of freehold or leasehold buildings from 10,000 sq ft (929 sq m).","https://www.rightmove.co.uk/properties/133044983#/?channel=COM_LET","2023-03-29T09:27:58Z","","size_change","Marketed by Bycroft Commercial, Great Yarmouth","","52.44515","1.71723","https://media.rightmove.co.uk:443/dir/crop/10:9-16:9/211k/210365/133044983/210365_101177009334_IMG_00_0000_max_476x317.jpeg; https://media.rightmove.co.uk:443/dir/crop/10:9-16:9/211k/210365/133044983/210365_101177009334_IMG_01_0000_max_476x317.jpeg; https://media.rightmove.co.uk:443/dir/crop/10:9-16:9/211k/210365/133044983/210365_101177009334_IMG_02_0000_max_476x317.jpeg; https://media.rightmove.co.uk:443/dir/crop/10:9-16:9/211k/210365/133044983/210365_101177009334_IMG_03_0000_max_476x317.jpeg; https://media.rightmove.co.uk:443/dir/crop/10:9-16:9/211k/210365/133044983/210365_101177009334_IMG_04_0000_max_476x317.jpeg"
"133044950","Suffolk","Light Industrial","Tower Road, Lowestoft","POA","","","","An exciting development opportunity for all commercial uses for design and build of freehold or leasehold buildings from 10,000 sq ft (929 sq m).","https://www.rightmove.co.uk/properties/133044950#/?channel=COM_LET","2023-03-29T09:27:19Z","","size_change","Marketed by Bycroft Commercial, Great Yarmouth","","52.44515","1.71723","https://media.rightmove.co.uk:443/dir/crop/10:9-16:9/211k/210365/133044950/210365_101177009332_IMG_00_0000_max_476x317.jpeg; https://media.rightmove.co.uk:443/dir/crop/10:9-16:9/211k/210365/133044950/210365_101177009332_IMG_01_0000_max_476x317.jpeg; https://media.rightmove.co.uk:443/dir/crop/10:9-16:9/211k/210365/133044950/210365_101177009332_IMG_02_0000_max_476x317.jpeg; https://media.rightmove.co.uk:443/dir/crop/10:9-16:9/211k/210365/133044950/210365_101177009332_IMG_03_0000_max_476x317.jpeg; https://media.rightmove.co.uk:443/dir/crop/10:9-16:9/211k/210365/133044950/210365_101177009332_IMG_04_0000_max_476x317.jpeg"
"133044926","Suffolk","Office","Tower Road, Lowestoft","POA","","","","Commercial Land - For Sale or To Rent. 1 acre to 6.3 acres. ","https://www.rightmove.co.uk/properties/133044926#/?channel=COM_LET","2023-03-29T09:26:42Z","","new","Marketed by Bycroft Commercial, Great Yarmouth","","52.44515","1.71723","https://media.rightmove.co.uk:443/dir/crop/10:9-16:9/211k/210365/133044926/210365_101177009330_IMG_00_0000_max_476x317.jpeg; https://media.rightmove.co.uk:443/dir/crop/10:9-16:9/211k/210365/133044926/210365_101177009330_IMG_01_0000_max_476x317.jpeg; https://media.rightmove.co.uk:443/dir/crop/10:9-16:9/211k/210365/133044926/210365_101177009330_IMG_02_0000_max_476x317.jpeg; https://media.rightmove.co.uk:443/dir/crop/10:9-16:9/211k/210365/133044926/210365_101177009330_IMG_03_0000_max_476x317.jpeg; https://media.rightmove.co.uk:443/dir/crop/10:9-16:9/211k/210365/133044926/210365_101177009330_IMG_04_0000_max_476x317.jpeg"
"132984083","Suffolk","Retail Property (high street)","Crown Street, Ipswich, Suffolk","£167 pcm","","","","Prominent landmark shops and offices, which have been fully refurbished and redecorated, in a town centre location with on site car parking.  ","https://www.rightmove.co.uk/properties/132984083#/?channel=COM_LET","2023-03-27T13:41:50Z","","new","Marketed by Clarke and Simpson Commercial, Framlingham","","52.059036","1.15006","https://media.rightmove.co.uk:443/dir/crop/10:9-16:9/222k/221414/132984083/221414_L11902_IMG_00_0000_max_476x317.jpeg; https://media.rightmove.co.uk:443/dir/crop/10:9-16:9/222k/221414/132984083/221414_L11902_IMG_01_0000_max_476x317.jpeg; https://media.rightmove.co.uk:443/dir/crop/10:9-16:9/222k/221414/132984083/221414_L11902_IMG_02_0000_max_476x317.jpeg; https://media.rightmove.co.uk:443/dir/crop/10:9-16:9/222k/221414/132984083/221414_L11902_IMG_03_0000_max_476x317.jpeg"
"86090799","Suffolk","Office","Vector, The Oaks, Fordham Road, Newmarket, Suffolk, CB8 7XN","POA","","","","New laboratory / life sciences / medical / office facility within easy reach of Cambridge's science and research parks and Addenbrooke's Hospital. Planning permission (DC/18/0387/FUL) is granted for a new 3-storey Class E laboratory with 66 on site car spaces. An immediate start on site is possib...","https://www.rightmove.co.uk/properties/86090799#/?channel=COM_LET","2023-03-13T15:08:19Z","","size_change","Marketed by Eddisons Commercial Limited, Cambridge","","52.261459","0.398437","https://media.rightmove.co.uk:443/dir/crop/10:9-16:9/216k/215075/86090799/215075_3012385LH_IMG_00_0001_max_476x317.jpeg; https://media.rightmove.co.uk:443/dir/crop/10:9-16:9/216k/215075/86090799/215075_3012385LH_IMG_01_0001_max_476x317.jpeg; https://media.rightmove.co.uk:443/dir/crop/10:9-16:9/216k/215075/86090799/215075_3012385LH_IMG_02_0001_max_476x317.jpeg"
"132363377","Suffolk","Office","Unit 3 Holton Business Park, Holton St Mary, Suffolk CO7 6NN","£1,333 pcm","","","","1,129 sq. ft. Self-Contained Office Suite, located 1 miles from A12 junction 31 at Holton St Mary / East Bergholt. ","https://www.rightmove.co.uk/properties/132363377#/?channel=COM_LET","2023-03-08T12:11:45Z","","size_change","Marketed by Nicholas Percival Commercial, Colchester","","51.99282","0.99299","https://media.rightmove.co.uk:443/dir/crop/10:9-16:9/property-photo/33752d031/132363377/33752d031dcad2112efe394dc0ba557c_max_476x317.jpeg; https://media.rightmove.co.uk:443/dir/crop/10:9-16:9/property-photo/e25579f46/132363377/e25579f46042766c076493a626b3fa53_max_476x317.jpeg; https://media.rightmove.co.uk:443/dir/crop/10:9-16:9/property-photo/f65138e79/132363377/f65138e799e25a94d53c63babf548529_max_476x317.jpeg; https://media.rightmove.co.uk:443/dir/crop/10:9-16:9/property-photo/9db71bf82/132363377/9db71bf82698858831b4a7c1ad3606e5_max_476x317.jpeg; https://media.rightmove.co.uk:443/dir/crop/10:9-16:9/property-photo/37ff07227/132363377/37ff07227e3d350e0d78a5e3f95624df_max_476x317.jpeg"
"132362480","Suffolk","Office","Unit 2, Holton Business Park, Holton St Mary, Suffolk CO7 6NN","£3,750 pcm","","","","3,668 sq. ft. Self-Contained Office, located 1 miles from the A12 junction 31 at Holton St Mary / East Bergholt","https://www.rightmove.co.uk/properties/132362480#/?channel=COM_LET","2023-03-08T12:00:03Z","","new","Marketed by Nicholas Percival Commercial, Colchester","","51.99274","0.99258","https://media.rightmove.co.uk:443/dir/crop/10:9-16:9/56k/55401/132362480/55401_C4221_IMG_02_0000_max_476x317.jpeg; https://media.rightmove.co.uk:443/dir/crop/10:9-16:9/56k/55401/132362480/55401_C4221_IMG_10_0000_max_476x317.jpeg; https://media.rightmove.co.uk:443/dir/crop/10:9-16:9/56k/55401/132362480/55401_C4221_IMG_16_0000_max_476x317.jpeg; https://media.rightmove.co.uk:443/dir/crop/10:9-16:9/56k/55401/132362480/55401_C4221_IMG_17_0000_max_476x317.jpeg; https://media.rightmove.co.uk:443/dir/crop/10:9-16:9/56k/55401/132362480/55401_C4221_IMG_15_0000_max_476x317.jpeg; https://media.rightmove.co.uk:443/dir/crop/10:9-16:9/56k/55401/132362480/55401_C4221_IMG_14_0000_max_476x317.jpeg; https://media.rightmove.co.uk:443/dir/crop/10:9-16:9/56k/55401/132362480/55401_C4221_IMG_06_0000_max_476x317.jpeg; https://media.rightmove.co.uk:443/dir/crop/10:9-16:9/56k/55401/132362480/55401_C4221_IMG_07_0000_max_476x317.jpeg; https://media.rightmove.co.uk:443/dir/crop/10:9-16:9/56k/55401/132362480/55401_C4221_IMG_00_0000_max_476x317.jpeg; https://media.rightmove.co.uk:443/dir/crop/10:9-16:9/56k/55401/132362480/55401_C4221_IMG_12_0000_max_476x317.jpeg; https://media.rightmove.co.uk:443/dir/crop/10:9-16:9/56k/55401/132362480/55401_C4221_IMG_01_0000_max_476x317.jpeg; https://media.rightmove.co.uk:443/dir/crop/10:9-16:9/56k/55401/132362480/55401_C4221_IMG_03_0000_max_476x317.jpeg; https://media.rightmove.co.uk:443/dir/crop/10:9-16:9/56k/55401/132362480/55401_C4221_IMG_05_0000_max_476x317.jpeg; https://media.rightmove.co.uk:443/dir/crop/10:9-16:9/56k/55401/132362480/55401_C4221_IMG_08_0000_max_476x317.jpeg; https://media.rightmove.co.uk:443/dir/crop/10:9-16:9/56k/55401/132362480/55401_C4221_IMG_09_0000_max_476x317.jpeg; https://media.rightmove.co.uk:443/dir/crop/10:9-16:9/56k/55401/132362480/55401_C4221_IMG_11_0000_max_476x317.jpeg; https://media.rightmove.co.uk:443/dir/crop/10:9-16:9/56k/55401/132362480/55401_C4221_IMG_13_0000_max_476x317.jpeg"
"131881184","Suffolk","Storage","Dallinghoo, Nr Woodbridge, Suffolk","£100 pcm","","","","A storage unit at High Farm, Dallinghoo extending to 94.7sqft (8.81sqm) - situated in a rural yet convenient location, just to the north of Woodbridge.  ","https://www.rightmove.co.uk/properties/131881184#/?channel=COM_LET","2023-02-21T17:01:06Z","","new","Marketed by Clarke and Simpson Commercial, Framlingham","","52.143047","1.33101","https://media.rightmove.co.uk:443/dir/crop/10:9-16:9/222k/221414/131881184/221414_L10913_IMG_00_0001_max_476x317.png; https://media.rightmove.co.uk:443/dir/crop/10:9-16:9/222k/221414/131881184/221414_L10913_IMG_01_0001_max_476x317.jpeg; https://media.rightmove.co.uk:443/dir/crop/10:9-16:9/222k/221414/131881184/221414_L10913_IMG_02_0001_max_476x317.png; https://media.rightmove.co.uk:443/dir/crop/10:9-16:9/222k/221414/131881184/221414_L10913_IMG_03_0001_max_476x317.jpeg; https://media.rightmove.co.uk:443/dir/crop/10:9-16:9/222k/221414/131881184/221414_L10913_IMG_04_0001_max_476x317.jpeg; https://media.rightmove.co.uk:443/dir/crop/10:9-16:9/222k/221414/131881184/221414_L10913_IMG_05_0001_max_476x317.jpeg; https://media.rightmove.co.uk:443/dir/crop/10:9-16:9/222k/221414/131881184/221414_L10913_IMG_06_0001_max_476x317.png"
"112124711","Suffolk","Office","Newmarket Business Centre, Exning Road, Newmarket, Suffolk, CB8 0AT","POA","","","","Newmarket business centre is a multi-purpose commercial building providing a mix of office, warehouse, research & development accommodation. The building benefits from generous car parking provisions, board/conference room for hire and the available space has been either refurbished recently or d...","https://www.rightmove.co.uk/properties/112124711#/?channel=COM_LET","2021-08-18T12:08:49Z","","size_change","Marketed by Eddisons Commercial Limited, Bury St. Edmunds","","52.255194","0.390436","https://media.rightmove.co.uk:443/dir/crop/10:9-16:9/237k/236930/112124711/236930_17097LH_IMG_00_0001_max_476x317.jpeg; https://media.rightmove.co.uk:443/dir/crop/10:9-16:9/237k/236930/112124711/236930_17097LH_IMG_01_0002_max_476x317.jpeg; https://media.rightmove.co.uk:443/dir/crop/10:9-16:9/237k/236930/112124711/236930_17097LH_IMG_02_0002_max_476x317.jpeg; https://media.rightmove.co.uk:443/dir/crop/10:9-16:9/237k/236930/112124711/236930_17097LH_IMG_03_0002_max_476x317.jpeg; https://media.rightmove.co.uk:443/dir/crop/10:9-16:9/237k/236930/112124711/236930_17097LH_IMG_04_0002_max_476x317.jpeg; https://media.rightmove.co.uk:443/dir/crop/10:9-16:9/237k/236930/112124711/236930_17097LH_IMG_05_0002_max_476x317.jpeg; https://media.rightmove.co.uk:443/dir/crop/10:9-16:9/237k/236930/112124711/236930_17097LH_IMG_06_0002_max_476x317.jpeg; https://media.rightmove.co.uk:443/dir/crop/10:9-16:9/237k/236930/112124711/236930_17097LH_IMG_07_0002_max_476x317.jpeg; https://media.rightmove.co.uk:443/dir/crop/10:9-16:9/237k/236930/112124711/236930_17097LH_IMG_08_0002_max_476x317.jpeg"
"130500446","Suffolk","Retail Property (high street)","66-68 Hamilton Road, Felixstowe, Suffolk, IP11","£2,917 pcm","","","","Retail/Office property to let arranged over 4 floors.The property occupies a central trading location on Hamilton Road which is the prime shopping destination in Felixstowe.","https://www.rightmove.co.uk/properties/130500446#/?channel=COM_LET","2023-01-09T09:28:28Z","","new","Marketed by John Arkwright & Co, London","","51.96264","1.35173","https://media.rightmove.co.uk:443/dir/crop/10:9-16:9/254k/253355/130500446/253355_IP11_IMG_00_0000_max_476x317.jpeg"
"128058176","Suffolk","Office","Crown House, Crown Street, Ipswich, East Of England, IP1","POA","","","","Crown House is in the centre of Ipswich's business, shopping and cultural quarter so there's plenty for you to enjoy with great pubs and restaurants, hotels, galleries, theatres and fantastic shopping destinations. Ipswich Waterfront with its bustling marina is a stones throw away. Description ...","https://www.rightmove.co.uk/properties/128058176#/?channel=COM_LET","2022-10-14T17:21:09Z","","new","Marketed by Fenn Wright, Ipswich Commercial Sales and Lettings","","52.059826","1.152282","https://media.rightmove.co.uk:443/dir/crop/10:9-16:9/162k/161330/128058176/161330_14869954LH_IMG_00_0000_max_476x317.jpeg; https://media.rightmove.co.uk:443/dir/crop/10:9-16:9/162k/161330/128058176/161330_14869954LH_IMG_01_0000_max_476x317.jpeg; https://media.rightmove.co.uk:443/dir/crop/10:9-16:9/162k/161330/128058176/161330_14869954LH_IMG_02_0000_max_476x317.jpeg; https://media.rightmove.co.uk:443/dir/crop/10:9-16:9/162k/161330/128058176/161330_14869954LH_IMG_03_0000_max_476x317.jpeg; https://media.rightmove.co.uk:443/dir/crop/10:9-16:9/162k/161330/128058176/161330_14869954LH_IMG_04_0000_max_476x317.jpeg; https://media.rightmove.co.uk:443/dir/crop/10:9-16:9/162k/161330/128058176/161330_14869954LH_IMG_05_0000_max_476x317.jpeg; https://media.rightmove.co.uk:443/dir/crop/10:9-16:9/162k/161330/128058176/161330_14869954LH_IMG_06_0000_max_476x317.jpeg; https://media.rightmove.co.uk:443/dir/crop/10:9-16:9/162k/161330/128058176/161330_14869954LH_IMG_07_0000_max_476x317.jpeg; https://media.rightmove.co.uk:443/dir/crop/10:9-16:9/162k/161330/128058176/161330_14869954LH_IMG_08_0000_max_476x317.jpeg; https://media.rightmove.co.uk:443/dir/crop/10:9-16:9/162k/161330/128058176/161330_14869954LH_IMG_09_0000_max_476x317.jpeg; https://media.rightmove.co.uk:443/dir/crop/10:9-16:9/162k/161330/128058176/161330_14869954LH_IMG_10_0000_max_476x317.jpeg; https://media.rightmove.co.uk:443/dir/crop/10:9-16:9/162k/161330/128058176/161330_14869954LH_IMG_11_0000_max_476x317.jpeg; https://media.rightmove.co.uk:443/dir/crop/10:9-16:9/162k/161330/128058176/161330_14869954LH_IMG_12_0000_max_476x317.jpeg; https://media.rightmove.co.uk:443/dir/crop/10:9-16:9/162k/161330/128058176/161330_14869954LH_IMG_13_0000_max_476x317.jpeg; https://media.rightmove.co.uk:443/dir/crop/10:9-16:9/162k/161330/128058176/161330_14869954LH_IMG_14_0000_max_476x317.jpeg; https://media.rightmove.co.uk:443/dir/crop/10:9-16:9/162k/161330/128058176/161330_14869954LH_IMG_15_0000_max_476x317.jpeg; https://media.rightmove.co.uk:443/dir/crop/10:9-16:9/162k/161330/128058176/161330_14869954LH_IMG_16_0000_max_476x317.jpeg"
"126453239","Suffolk","Office","Fraser House, 23 Museum Street, Ipswich, IP1 1HE","£3,213 pcm","","","","Fraser House is an attractive period building comprising open plan office accommodation on three floors.","https://www.rightmove.co.uk/properties/126453239#/?channel=COM_LET","2022-08-26T16:08:49Z","","size_change","Marketed by Hurstwood, Manchester","","52.056596","1.151126","https://media.rightmove.co.uk:443/dir/crop/10:9-16:9/135k/134741/126453239/134741_114252-2_IMG_00_0000_max_476x317.jpeg"
"99873065","Suffolk","Warehouse","Sp77, Suffolk Park, Rougham Tower Avenue, Bury St. Edmunds, IP32 7FQ","POA","","","","FOR SALE - FINAL PLOT AVAILABLE - planning consent has been granted for a unit of 78,100 sq ft which is deliverable within 9 months.","https://www.rightmove.co.uk/properties/99873065#/?channel=COM_LET","2020-11-13T06:59:46Z","","size_change","Marketed by Savills, Margaret Street - Industrial","","52.238732","0.763679","https://media.rightmove.co.uk:443/dir/crop/10:9-16:9/215k/214130/99873065/214130_8197-2_IMG_27_0000_max_476x317.jpeg; https://media.rightmove.co.uk:443/dir/crop/10:9-16:9/215k/214130/99873065/214130_8197-2_IMG_26_0000_max_476x317.jpeg; https://media.rightmove.co.uk:443/dir/crop/10:9-16:9/215k/214130/99873065/214130_8197-2_IMG_18_0001_max_476x317.jpeg; https://media.rightmove.co.uk:443/dir/crop/10:9-16:9/215k/214130/99873065/214130_8197-2_IMG_24_0001_max_476x317.jpeg; https://media.rightmove.co.uk:443/dir/crop/10:9-16:9/215k/214130/99873065/214130_8197-2_IMG_22_0001_max_476x317.jpeg; https://media.rightmove.co.uk:443/dir/crop/10:9-16:9/215k/214130/99873065/214130_8197-2_IMG_23_0001_max_476x317.jpeg; https://media.rightmove.co.uk:443/dir/crop/10:9-16:9/215k/214130/99873065/214130_8197-2_IMG_21_0001_max_476x317.jpeg"
"126766271","Suffolk","Office","4th Floor, North Kiln, Felaw Street Maltings, 46 Felaw Street, Ipswich, Suffolk, IP2 8PN","£4,500 pcm","","","","Location Ipswich is the county town of Suffolk with a resident population of approximately 130,000. Felaw Maltings are located on Felaw Street to the south of the town centre, overlooking the River Orwell. The main waterfront restaurants and marinas are within less than 1/2 mile and the town ...","https://www.rightmove.co.uk/properties/126766271#/?channel=COM_LET","2022-09-06T13:42:20Z","","new","Marketed by Fenn Wright, Ipswich Commercial Sales and Lettings","","52.049625","1.158285","https://media.rightmove.co.uk:443/dir/crop/10:9-16:9/162k/161330/126766271/161330_14869931LH_IMG_00_0001_max_476x317.jpeg; https://media.rightmove.co.uk:443/dir/crop/10:9-16:9/162k/161330/126766271/161330_14869931LH_IMG_01_0001_max_476x317.jpeg; https://media.rightmove.co.uk:443/dir/crop/10:9-16:9/162k/161330/126766271/161330_14869931LH_IMG_02_0001_max_476x317.jpeg; https://media.rightmove.co.uk:443/dir/crop/10:9-16:9/162k/161330/126766271/161330_14869931LH_IMG_03_0001_max_476x317.jpeg; https://media.rightmove.co.uk:443/dir/crop/10:9-16:9/162k/161330/126766271/161330_14869931LH_IMG_04_0001_max_476x317.jpeg"
"125885216","Suffolk","Office","First Floor, Dettingen House, Dettingen Way, Bury St. Edmunds, Suffolk, IP33 3TU","POA","","","","The property provides high quality office accommodation across the first floor of this attractive purpose-built headquarters style office building in a desirable and well established out of town location to the West of Bury St Edmunds town centre.. The suite is to be re-carpeted and decorated and...","https://www.rightmove.co.uk/properties/125885216#/?channel=COM_LET","2022-08-09T16:15:41Z","","new","Marketed by Eddisons Commercial Limited, Bury St. Edmunds","","52.248386","0.689198","https://media.rightmove.co.uk:443/dir/crop/10:9-16:9/237k/236930/125885216/236930_3005881LH_IMG_00_0001_max_476x317.jpeg; https://media.rightmove.co.uk:443/dir/crop/10:9-16:9/237k/236930/125885216/236930_3005881LH_IMG_01_0001_max_476x317.jpeg; https://media.rightmove.co.uk:443/dir/crop/10:9-16:9/237k/236930/125885216/236930_3005881LH_IMG_02_0001_max_476x317.jpeg; https://media.rightmove.co.uk:443/dir/crop/10:9-16:9/237k/236930/125885216/236930_3005881LH_IMG_03_0001_max_476x317.jpeg; https://media.rightmove.co.uk:443/dir/crop/10:9-16:9/237k/236930/125885216/236930_3005881LH_IMG_04_0001_max_476x317.jpeg; https://media.rightmove.co.uk:443/dir/crop/10:9-16:9/237k/236930/125885216/236930_3005881LH_IMG_05_0001_max_476x317.jpeg; https://media.rightmove.co.uk:443/dir/crop/10:9-16:9/237k/236930/125885216/236930_3005881LH_IMG_06_0001_max_476x317.jpeg; https://media.rightmove.co.uk:443/dir/crop/10:9-16:9/237k/236930/125885216/236930_3005881LH_IMG_07_0001_max_476x317.jpeg; https://media.rightmove.co.uk:443/dir/crop/10:9-16:9/237k/236930/125885216/236930_3005881LH_IMG_08_0001_max_476x317.jpeg"
"72744059","Suffolk","Commercial Development","Hornbill Bussiness Park, Benacre Road, NR34","POA","","","","Commercial development land which encompasses 28 acres on completion and is to be developed through the sale of serviced plots (1/4 acre approx upwards) with buyers self building projects, Or completed buildings provided by the site owner on a leasing arrangement with the proposed tenant.","https://www.rightmove.co.uk/properties/72744059#/?channel=COM_LET","2018-04-23T12:12:57Z","","new","Marketed by Peter Colby Commercials Limited, Norwich","","52.43662","1.60179","https://media.rightmove.co.uk:443/dir/crop/10:9-16:9/123k/122056/72744059/122056_BCCELL01_IMG_04_0000_max_476x317.JPG; https://media.rightmove.co.uk:443/dir/crop/10:9-16:9/123k/122056/72744059/122056_BCCELL01_IMG_06_0000_max_476x317.JPG; https://media.rightmove.co.uk:443/dir/crop/10:9-16:9/123k/122056/72744059/122056_BCCELL01_IMG_11_0000_max_476x317.jpeg; https://media.rightmove.co.uk:443/dir/crop/10:9-16:9/123k/122056/72744059/122056_BCCELL01_IMG_15_0000_max_476x317.jpeg; https://media.rightmove.co.uk:443/dir/crop/10:9-16:9/123k/122056/72744059/122056_BCCELL01_IMG_12_0000_max_476x317.jpeg; https://media.rightmove.co.uk:443/dir/crop/10:9-16:9/123k/122056/72744059/122056_BCCELL01_IMG_16_0000_max_476x317.jpeg; https://media.rightmove.co.uk:443/dir/crop/10:9-16:9/123k/122056/72744059/122056_BCCELL01_IMG_09_0000_max_476x317.jpeg; https://media.rightmove.co.uk:443/dir/crop/10:9-16:9/123k/122056/72744059/122056_BCCELL01_IMG_07_0000_max_476x317.JPG; https://media.rightmove.co.uk:443/dir/crop/10:9-16:9/123k/122056/72744059/122056_BCCELL01_IMG_05_0000_max_476x317.JPG; https://media.rightmove.co.uk:443/dir/crop/10:9-16:9/123k/122056/72744059/122056_BCCELL01_IMG_08_0000_max_476x317.JPG; https://media.rightmove.co.uk:443/dir/crop/10:9-16:9/123k/122056/72744059/122056_BCCELL01_IMG_10_0000_max_476x317.jpeg; https://media.rightmove.co.uk:443/dir/crop/10:9-16:9/123k/122056/72744059/122056_BCCELL01_IMG_13_0000_max_476x317.jpeg; https://media.rightmove.co.uk:443/dir/crop/10:9-16:9/123k/122056/72744059/122056_BCCELL01_IMG_14_0000_max_476x317.jpeg"
"123715031","Suffolk","Retail Property (high street)","11 Thoroughfare, Ipswich, East Of England, IP1","£896 pcm","","","","The premises is arranged over ground and basement. The ground floor provides a sales/office area with the basement providing ancillary staff/storage accommodation including a kitchen. The tenant will have access to a shared WC. The premises benefits from a glazed frontage and is fitted with heat...","https://www.rightmove.co.uk/properties/123715031#/?channel=COM_LET","2022-05-26T17:04:16Z","","new","Marketed by Fenn Wright, Ipswich Commercial Sales and Lettings","","52.057522","1.153346","https://media.rightmove.co.uk:443/dir/crop/10:9-16:9/162k/161330/123715031/161330_14868243LH_IMG_00_0000_max_476x317.jpeg; https://media.rightmove.co.uk:443/dir/crop/10:9-16:9/162k/161330/123715031/161330_14868243LH_IMG_01_0000_max_476x317.jpeg; https://media.rightmove.co.uk:443/dir/crop/10:9-16:9/162k/161330/123715031/161330_14868243LH_IMG_02_0000_max_476x317.jpeg"
"96540520","Suffolk","Office","Fountain Way, Reydon, Southwold, Suffolk, IP18","£2,292 pcm","","","","Two newly constructed 3-storey self-contained offices with open plan and cellular meeting space, offering the following specification:","https://www.rightmove.co.uk/properties/96540520#/?channel=COM_LET","2022-05-09T09:03:50Z","","new","Marketed by Roche Chartered Surveyors, Norfolk","","52.341637","1.676369","https://media.rightmove.co.uk:443/dir/crop/10:9-16:9/71k/70440/96540520/70440_165651LH_IMG_00_0001_max_476x317.jpeg; https://media.rightmove.co.uk:443/dir/crop/10:9-16:9/71k/70440/96540520/70440_165651LH_IMG_01_0001_max_476x317.jpeg; https://media.rightmove.co.uk:443/dir/crop/10:9-16:9/71k/70440/96540520/70440_165651LH_IMG_02_0001_max_476x317.jpeg"
"159611237","Suffolk","Office","High Street, Lowestoft","£300 pcm","","","","Furnished Office Space Available to Let – High Street, LowestoftLooking for a professional and inspiring workspace for your small business? This fully furnished office, set within a characterful historic building, offers a blend of elegance and practicality—perfect for establishing or...","https://www.rightmove.co.uk/properties/159611237#/?channel=COM_LET","2025-03-19T12:37:50Z","","new","Marketed by Steel & Co Commercial Property Services, Lowestoft","","52.483704","1.756626","https://media.rightmove.co.uk:443/dir/crop/10:9-16:9/66k/65427/159611237/65427_8087284_IMG_00_0000_max_476x317.jpeg; https://media.rightmove.co.uk:443/dir/crop/10:9-16:9/66k/65427/159611237/65427_8087284_IMG_01_0000_max_476x317.jpeg; https://media.rightmove.co.uk:443/dir/crop/10:9-16:9/66k/65427/159611237/65427_8087284_IMG_02_0000_max_476x317.jpeg; https://media.rightmove.co.uk:443/dir/crop/10:9-16:9/66k/65427/159611237/65427_8087284_IMG_03_0000_max_476x317.jpeg"
"125699924","Suffolk","Warehouse","Access @ Eastern Gateway, Sproughton Road, Ipswich, IP1 5BL","POA","","","","To LET: 4 new industrial & Logistic units in Ipswich IP1 5BL - 12,897 - 52,491 ft²","https://www.rightmove.co.uk/properties/125699924#/?channel=COM_LET","2022-08-04T09:42:32Z","","new","Marketed by Savills, Ipswich","","52.063088","1.111976","https://media.rightmove.co.uk:443/dir/crop/10:9-16:9/215k/214097/125699924/214097_99560-2_IMG_10_0001_max_476x317.jpeg; https://media.rightmove.co.uk:443/dir/crop/10:9-16:9/215k/214097/125699924/214097_99560-2_IMG_02_0001_max_476x317.jpeg; https://media.rightmove.co.uk:443/dir/crop/10:9-16:9/215k/214097/125699924/214097_99560-2_IMG_00_0001_max_476x317.jpeg; https://media.rightmove.co.uk:443/dir/crop/10:9-16:9/215k/214097/125699924/214097_99560-2_IMG_01_0001_max_476x317.jpeg; https://media.rightmove.co.uk:443/dir/crop/10:9-16:9/215k/214097/125699924/214097_99560-2_IMG_03_0001_max_476x317.jpeg; https://media.rightmove.co.uk:443/dir/crop/10:9-16:9/215k/214097/125699924/214097_99560-2_IMG_04_0000_max_476x317.jpeg; https://media.rightmove.co.uk:443/dir/crop/10:9-16:9/215k/214097/125699924/214097_99560-2_IMG_05_0001_max_476x317.jpeg; https://media.rightmove.co.uk:443/dir/crop/10:9-16:9/215k/214097/125699924/214097_99560-2_IMG_06_0000_max_476x317.jpeg; https://media.rightmove.co.uk:443/dir/crop/10:9-16:9/215k/214097/125699924/214097_99560-2_IMG_07_0000_max_476x317.jpeg; https://media.rightmove.co.uk:443/dir/crop/10:9-16:9/215k/214097/125699924/214097_99560-2_IMG_08_0000_max_476x317.jpeg; https://media.rightmove.co.uk:443/dir/crop/10:9-16:9/215k/214097/125699924/214097_99560-2_IMG_09_0000_max_476x317.jpeg"
"159187967","Suffolk","Storage","Hall Road, Hopton","£52 pcm","","",""," Located on the highly regarded Hopton Timber Estate, a light industrial site on the outskirts of Hopton-on-Sea, these 8ft containers are ideally positioned between Gorleston and Lowestoft. With excellent connectivity via the A47, the estate is a thriving hub for various businesses, offering sec...","https://www.rightmove.co.uk/properties/159187967#/?channel=COM_LET","2025-03-09T19:50:28Z","","new","Marketed by Steel & Co Commercial Property Services, Lowestoft","","52.464691","1.722753","https://media.rightmove.co.uk:443/dir/crop/10:9-16:9/66k/65427/159187967/65427_11239128_IMG_05_0000_max_476x317.jpeg; https://media.rightmove.co.uk:443/dir/crop/10:9-16:9/66k/65427/159187967/65427_11239128_IMG_06_0000_max_476x317.jpeg; https://media.rightmove.co.uk:443/dir/crop/10:9-16:9/66k/65427/159187967/65427_11239128_IMG_02_0000_max_476x317.jpeg; https://media.rightmove.co.uk:443/dir/crop/10:9-16:9/66k/65427/159187967/65427_11239128_IMG_07_0000_max_476x317.jpeg; https://media.rightmove.co.uk:443/dir/crop/10:9-16:9/66k/65427/159187967/65427_11239128_IMG_04_0000_max_476x317.jpeg"
"113740625","Suffolk","Serviced Office","The Havens, Ipswich, Suffolk, IP3","£195 pcm","From","","4","Unlimited office access in Basepoint Ransomes Europark","https://www.rightmove.co.uk/properties/113740625#/?channel=COM_LET","2021-09-20T13:50:31Z","","new","Marketed by Basepoint, Basepoint","","52.02923","1.22085","https://media.rightmove.co.uk:443/dir/crop/10:9-16:9/71k/70551/113740625/70551_UKbwp4544_IMG_03_0000_max_476x317.jpeg; https://media.rightmove.co.uk:443/dir/crop/10:9-16:9/71k/70551/113740625/70551_UKbwp4544_IMG_00_0000_max_476x317.jpeg; https://media.rightmove.co.uk:443/dir/crop/10:9-16:9/71k/70551/113740625/70551_UKbwp4544_IMG_02_0000_max_476x317.jpeg; https://media.rightmove.co.uk:443/dir/crop/10:9-16:9/71k/70551/113740625/70551_UKbwp4544_IMG_06_0000_max_476x317.jpeg; https://media.rightmove.co.uk:443/dir/crop/10:9-16:9/71k/70551/113740625/70551_UKbwp4544_IMG_05_0000_max_476x317.jpeg; https://media.rightmove.co.uk:443/dir/crop/10:9-16:9/71k/70551/113740625/70551_UKbwp4544_IMG_01_0000_max_476x317.jpeg"
"113740445","Suffolk","Serviced Office","The Havens, Ipswich, Suffolk, IP3","£139 pcm","From","","4","Unlimited coworking access in Basepoint Ransomes Europark","https://www.rightmove.co.uk/properties/113740445#/?channel=COM_LET","2021-09-20T13:46:04Z","","size_change","Marketed by Basepoint, Basepoint","","52.02923","1.22085","https://media.rightmove.co.uk:443/dir/crop/10:9-16:9/71k/70551/113740445/70551_UKbwg4544_IMG_04_0000_max_476x317.jpeg; https://media.rightmove.co.uk:443/dir/crop/10:9-16:9/71k/70551/113740445/70551_UKbwg4544_IMG_01_0000_max_476x317.jpeg; https://media.rightmove.co.uk:443/dir/crop/10:9-16:9/71k/70551/113740445/70551_UKbwg4544_IMG_02_0000_max_476x317.jpeg; https://media.rightmove.co.uk:443/dir/crop/10:9-16:9/71k/70551/113740445/70551_UKbwg4544_IMG_00_0000_max_476x317.jpeg; https://media.rightmove.co.uk:443/dir/crop/10:9-16:9/71k/70551/113740445/70551_UKbwg4544_IMG_03_0000_max_476x317.jpeg"
"106967525","Suffolk","Serviced Office","Princes Street, Ipswich, Suffolk,IP1 1UR","£195 pcm","From","","4","Unlimited office access in Regus Franciscan House","https://www.rightmove.co.uk/properties/106967525#/?channel=COM_LET","2021-05-15T05:42:48Z","","size_change","Marketed by IW Group Services (UK) Limited, Regus","","52.05505","1.14897","https://media.rightmove.co.uk:443/dir/crop/10:9-16:9/130k/129853/106967525/129853_UKbwp5592_IMG_12_0000_max_476x317.jpeg; https://media.rightmove.co.uk:443/dir/crop/10:9-16:9/130k/129853/106967525/129853_UKbwp5592_IMG_08_0000_max_476x317.jpeg; https://media.rightmove.co.uk:443/dir/crop/10:9-16:9/130k/129853/106967525/129853_UKbwp5592_IMG_01_0000_max_476x317.jpeg; https://media.rightmove.co.uk:443/dir/crop/10:9-16:9/130k/129853/106967525/129853_UKbwp5592_IMG_09_0000_max_476x317.jpeg; https://media.rightmove.co.uk:443/dir/crop/10:9-16:9/130k/129853/106967525/129853_UKbwp5592_IMG_10_0000_max_476x317.jpeg; https://media.rightmove.co.uk:443/dir/crop/10:9-16:9/130k/129853/106967525/129853_UKbwp5592_IMG_13_0000_max_476x317.jpeg; https://media.rightmove.co.uk:443/dir/crop/10:9-16:9/130k/129853/106967525/129853_UKbwp5592_IMG_00_0000_max_476x317.jpeg; https://media.rightmove.co.uk:443/dir/crop/10:9-16:9/130k/129853/106967525/129853_UKbwp5592_IMG_07_0001_max_476x317.jpeg; https://media.rightmove.co.uk:443/dir/crop/10:9-16:9/130k/129853/106967525/129853_UKbwp5592_IMG_04_0000_max_476x317.jpeg; https://media.rightmove.co.uk:443/dir/crop/10:9-16:9/130k/129853/106967525/129853_UKbwp5592_IMG_03_0000_max_476x317.jpeg; https://media.rightmove.co.uk:443/dir/crop/10:9-16:9/130k/129853/106967525/129853_UKbwp5592_IMG_05_0001_max_476x317.jpeg; https://media.rightmove.co.uk:443/dir/crop/10:9-16:9/130k/129853/106967525/129853_UKbwp5592_IMG_11_0000_max_476x317.jpeg; https://media.rightmove.co.uk:443/dir/crop/10:9-16:9/130k/129853/106967525/129853_UKbwp5592_IMG_06_0001_max_476x317.jpeg"
"106967528","Suffolk","Serviced Office","Princes Street, Ipswich, Suffolk,IP1 1UR","£139 pcm","From","","4","Access professional coworking space in Regus Franciscan House","https://www.rightmove.co.uk/properties/106967528#/?channel=COM_LET","2021-05-15T05:43:54Z","","size_change","Marketed by IW Group Services (UK) Limited, Regus","","52.05505","1.14897","https://media.rightmove.co.uk:443/dir/crop/10:9-16:9/130k/129853/106967528/129853_UKbwg5592_IMG_03_0001_max_476x317.jpeg; https://media.rightmove.co.uk:443/dir/crop/10:9-16:9/130k/129853/106967528/129853_UKbwg5592_IMG_04_0001_max_476x317.jpeg; https://media.rightmove.co.uk:443/dir/crop/10:9-16:9/130k/129853/106967528/129853_UKbwg5592_IMG_05_0001_max_476x317.jpeg; https://media.rightmove.co.uk:443/dir/crop/10:9-16:9/130k/129853/106967528/129853_UKbwg5592_IMG_06_0000_max_476x317.jpeg; https://media.rightmove.co.uk:443/dir/crop/10:9-16:9/130k/129853/106967528/129853_UKbwg5592_IMG_01_0001_max_476x317.jpeg; https://media.rightmove.co.uk:443/dir/crop/10:9-16:9/130k/129853/106967528/129853_UKbwg5592_IMG_00_0001_max_476x317.jpeg; https://media.rightmove.co.uk:443/dir/crop/10:9-16:9/130k/129853/106967528/129853_UKbwg5592_IMG_02_0001_max_476x317.jpeg"
"105544277","Suffolk","Office","Crown House, Crown Street, Ipswich, East Of England, IP1","POA","","","","FLEXIBLE OFFICE SPACE - Impressive glazed reception - 24/7 secure access - Superfast broadband - Onsite coffee shop - Secure parking and cycle storage - FRI and short term flexible leases available - - Virtual tour available on request","https://www.rightmove.co.uk/properties/105544277#/?channel=COM_LET","2021-04-15T11:27:12Z","","size_change","Marketed by Fenn Wright, Ipswich Commercial Sales and Lettings","","52.059826","1.152282","https://media.rightmove.co.uk:443/dir/crop/10:9-16:9/162k/161330/105544277/161330_11403584LH_IMG_00_0001_max_476x317.jpeg; https://media.rightmove.co.uk:443/dir/crop/10:9-16:9/162k/161330/105544277/161330_11403584LH_IMG_01_0001_max_476x317.jpeg; https://media.rightmove.co.uk:443/dir/crop/10:9-16:9/162k/161330/105544277/161330_11403584LH_IMG_02_0001_max_476x317.jpeg; https://media.rightmove.co.uk:443/dir/crop/10:9-16:9/162k/161330/105544277/161330_11403584LH_IMG_03_0001_max_476x317.jpeg; https://media.rightmove.co.uk:443/dir/crop/10:9-16:9/162k/161330/105544277/161330_11403584LH_IMG_04_0001_max_476x317.jpeg; https://media.rightmove.co.uk:443/dir/crop/10:9-16:9/162k/161330/105544277/161330_11403584LH_IMG_05_0001_max_476x317.jpeg; https://media.rightmove.co.uk:443/dir/crop/10:9-16:9/162k/161330/105544277/161330_11403584LH_IMG_06_0001_max_476x317.jpeg; https://media.rightmove.co.uk:443/dir/crop/10:9-16:9/162k/161330/105544277/161330_11403584LH_IMG_07_0001_max_476x317.jpeg; https://media.rightmove.co.uk:443/dir/crop/10:9-16:9/162k/161330/105544277/161330_11403584LH_IMG_08_0001_max_476x317.jpeg; https://media.rightmove.co.uk:443/dir/crop/10:9-16:9/162k/161330/105544277/161330_11403584LH_IMG_09_0001_max_476x317.jpeg; https://media.rightmove.co.uk:443/dir/crop/10:9-16:9/162k/161330/105544277/161330_11403584LH_IMG_10_0001_max_476x317.jpeg"
"103372103","Suffolk","Distribution Warehouse","Storage Containers, Notley Enterprise Park","£80 pcm","","","","Modern Storage Containers available to Let on Easy In/Easy Out Terms","https://www.rightmove.co.uk/properties/103372103#/?channel=COM_LET","2021-02-26T14:52:40Z","","new","Marketed by Nicholas Percival Commercial, Colchester","","52.01365","1.00584","https://media.rightmove.co.uk:443/dir/crop/10:9-16:9/56k/55401/103372103/55401_101551000814_IMG_00_0000_max_476x317.jpeg; https://media.rightmove.co.uk:443/dir/crop/10:9-16:9/56k/55401/103372103/55401_101551000814_IMG_01_0000_max_476x317.jpeg; https://media.rightmove.co.uk:443/dir/crop/10:9-16:9/56k/55401/103372103/55401_101551000814_IMG_02_0000_max_476x317.jpeg; https://media.rightmove.co.uk:443/dir/crop/10:9-16:9/56k/55401/103372103/55401_101551000814_IMG_03_0000_max_476x317.jpeg; https://media.rightmove.co.uk:443/dir/crop/10:9-16:9/56k/55401/103372103/55401_101551000814_IMG_04_0000_max_476x317.jpeg; https://media.rightmove.co.uk:443/dir/crop/10:9-16:9/56k/55401/103372103/55401_101551000814_IMG_05_0000_max_476x317.jpeg"
"88977673","Suffolk","Retail Property (high street)","London Road North, Lowestoft, NR32 1LT","£2,917 pcm","From","","","The property is in a prime location in London Road North. Nearby occupiers include New Look, Boots, Costa Coffee and WH Smith.","https://www.rightmove.co.uk/properties/88977673#/?channel=COM_LET","2021-02-10T12:56:35Z","","new","Marketed by Roche Chartered Surveyors, Norfolk","","52.475585","1.751744","https://media.rightmove.co.uk:443/dir/crop/10:9-16:9/71k/70440/88977673/70440_165528LH_IMG_00_0001_max_476x317.jpeg"
"159753386","Suffolk","Office","Beach Road, Lowestoft","£347 pcm","","","1","Office Suites To Let – Prime Location in Lowestoft Town Centre We are delighted to offer a selection of high-quality office suites in a beautiful Georgian bay-fronted building, situated in the heart of Lowestoft Town Centre. These offices provide an excellent opportunity for businesses l...","https://www.rightmove.co.uk/properties/159753386#/?channel=COM_LET","2025-03-24T16:14:18Z","","new","Marketed by Steel & Co Commercial Property Services, Lowestoft","","52.474758","1.752534","https://media.rightmove.co.uk:443/dir/crop/10:9-16:9/66k/65427/159753386/65427_10200702_IMG_00_0000_max_476x317.jpeg; https://media.rightmove.co.uk:443/dir/crop/10:9-16:9/66k/65427/159753386/65427_10200702_IMG_01_0000_max_476x317.jpeg; https://media.rightmove.co.uk:443/dir/crop/10:9-16:9/66k/65427/159753386/65427_10200702_IMG_02_0000_max_476x317.jpeg; https://media.rightmove.co.uk:443/dir/crop/10:9-16:9/66k/65427/159753386/65427_10200702_IMG_03_0000_max_476x317.jpeg; https://media.rightmove.co.uk:443/dir/crop/10:9-16:9/66k/65427/159753386/65427_10200702_IMG_04_0000_max_476x317.jpeg; https://media.rightmove.co.uk:443/dir/crop/10:9-16:9/66k/65427/159753386/65427_10200702_IMG_05_0000_max_476x317.jpeg; https://media.rightmove.co.uk:443/dir/crop/10:9-16:9/66k/65427/159753386/65427_10200702_IMG_06_0000_max_476x317.jpeg; https://media.rightmove.co.uk:443/dir/crop/10:9-16:9/66k/65427/159753386/65427_10200702_IMG_07_0000_max_476x317.jpeg; https://media.rightmove.co.uk:443/dir/crop/10:9-16:9/66k/65427/159753386/65427_10200702_IMG_08_0000_max_476x317.jpeg"