id,city,propertyType,displayAddress,price,priceQualifier,bedrooms,bathrooms,summary,propertyUrl,firstVisibleDate,addedOrReduced,listingUpdate,formattedBranchName,branchDisplayName,latitude,longitude,propertyImages
"169339595","Barnet","Land","Great North Road, New Barnet, Barnet, EN5","£2,600,000","","","","** DEVELOPMENT OPPORTUNITY WITH PLANNING PERMISSION FOR 9 APARTMEMTS ** Planning permission has been granted for the demolition of existing dwelling and construction of a two storey dwelling with lower ground floor level and rooms in the roofspace comprising 8no. self contained fl...","https://www.rightmove.co.uk/properties/169339595#/?channel=COM_BUY","2025-11-14T11:52:53Z","","new","Marketed by Statons New Homes Showcase, Barnet","","51.641163","-0.181392","https://media.rightmove.co.uk:443/dir/crop/10:9-16:9/157k/156830/169339595/156830_TOT250151_IMG_00_0000_max_476x317.jpeg; https://media.rightmove.co.uk:443/dir/crop/10:9-16:9/157k/156830/169339595/156830_TOT250151_IMG_01_0000_max_476x317.jpeg; https://media.rightmove.co.uk:443/dir/crop/10:9-16:9/157k/156830/169339595/156830_TOT250151_IMG_02_0000_max_476x317.jpeg; https://media.rightmove.co.uk:443/dir/crop/10:9-16:9/157k/156830/169339595/156830_TOT250151_IMG_03_0000_max_476x317.jpeg; https://media.rightmove.co.uk:443/dir/crop/10:9-16:9/157k/156830/169339595/156830_TOT250151_IMG_04_0000_max_476x317.jpeg; https://media.rightmove.co.uk:443/dir/crop/10:9-16:9/157k/156830/169339595/156830_TOT250151_IMG_05_0000_max_476x317.jpeg; https://media.rightmove.co.uk:443/dir/crop/10:9-16:9/157k/156830/169339595/156830_TOT250151_IMG_06_0000_max_476x317.jpeg; https://media.rightmove.co.uk:443/dir/crop/10:9-16:9/157k/156830/169339595/156830_TOT250151_IMG_07_0000_max_476x317.jpeg; https://media.rightmove.co.uk:443/dir/crop/10:9-16:9/157k/156830/169339595/156830_TOT250151_IMG_08_0000_max_476x317.jpeg; https://media.rightmove.co.uk:443/dir/crop/10:9-16:9/157k/156830/169339595/156830_TOT250151_IMG_09_0000_max_476x317.jpeg; https://media.rightmove.co.uk:443/dir/crop/10:9-16:9/157k/156830/169339595/156830_TOT250151_IMG_10_0000_max_476x317.jpeg; https://media.rightmove.co.uk:443/dir/crop/10:9-16:9/157k/156830/169339595/156830_TOT250151_IMG_11_0000_max_476x317.jpeg; https://media.rightmove.co.uk:443/dir/crop/10:9-16:9/157k/156830/169339595/156830_TOT250151_IMG_12_0000_max_476x317.jpeg; https://media.rightmove.co.uk:443/dir/crop/10:9-16:9/157k/156830/169339595/156830_TOT250151_IMG_13_0000_max_476x317.jpeg; https://media.rightmove.co.uk:443/dir/crop/10:9-16:9/157k/156830/169339595/156830_TOT250151_IMG_14_0000_max_476x317.jpeg; https://media.rightmove.co.uk:443/dir/crop/10:9-16:9/157k/156830/169339595/156830_TOT250151_IMG_15_0000_max_476x317.jpeg"
"169645925","Barnet","Retail Property (high street)","17 Station Road, London, N3 2SB","£575,000","","","","Ground floor e-use class premises for sale 100m to Finchley Central Station (Northern Line)","https://www.rightmove.co.uk/properties/169645925#/?channel=COM_BUY","2025-11-24T11:45:49Z","","new","Marketed by Dutch & Dutch, Commercial","","51.60049","-0.193038","https://media.rightmove.co.uk:443/dir/crop/10:9-16:9/85k/84379/169645925/84379_304094-1_IMG_00_0000_max_476x317.jpeg; https://media.rightmove.co.uk:443/dir/crop/10:9-16:9/85k/84379/169645925/84379_304094-1_IMG_01_0000_max_476x317.jpeg; https://media.rightmove.co.uk:443/dir/crop/10:9-16:9/85k/84379/169645925/84379_304094-1_IMG_02_0000_max_476x317.jpeg; https://media.rightmove.co.uk:443/dir/crop/10:9-16:9/85k/84379/169645925/84379_304094-1_IMG_03_0000_max_476x317.jpeg; https://media.rightmove.co.uk:443/dir/crop/10:9-16:9/85k/84379/169645925/84379_304094-1_IMG_04_0000_max_476x317.jpeg; https://media.rightmove.co.uk:443/dir/crop/10:9-16:9/85k/84379/169645925/84379_304094-1_IMG_05_0000_max_476x317.jpeg; https://media.rightmove.co.uk:443/dir/crop/10:9-16:9/85k/84379/169645925/84379_304094-1_IMG_06_0000_max_476x317.jpeg; https://media.rightmove.co.uk:443/dir/crop/10:9-16:9/85k/84379/169645925/84379_304094-1_IMG_07_0000_max_476x317.jpeg; https://media.rightmove.co.uk:443/dir/crop/10:9-16:9/85k/84379/169645925/84379_304094-1_IMG_08_0000_max_476x317.jpeg; https://media.rightmove.co.uk:443/dir/crop/10:9-16:9/85k/84379/169645925/84379_304094-1_IMG_09_0000_max_476x317.jpeg; https://media.rightmove.co.uk:443/dir/crop/10:9-16:9/85k/84379/169645925/84379_304094-1_IMG_10_0000_max_476x317.jpeg; https://media.rightmove.co.uk:443/dir/crop/10:9-16:9/85k/84379/169645925/84379_304094-1_IMG_11_0000_max_476x317.jpeg; https://media.rightmove.co.uk:443/dir/crop/10:9-16:9/85k/84379/169645925/84379_304094-1_IMG_12_0000_max_476x317.jpeg; https://media.rightmove.co.uk:443/dir/crop/10:9-16:9/85k/84379/169645925/84379_304094-1_IMG_13_0000_max_476x317.jpeg; https://media.rightmove.co.uk:443/dir/crop/10:9-16:9/85k/84379/169645925/84379_304094-1_IMG_14_0000_max_476x317.jpeg"
"169523177","Barnet","Office","56b Crewys Road, Childs Hill, NW2 2AD","£850,000","","","","E-use class building arranged as a Business Centre (which may suit other uses) Ideal opportunity for owner occupiers or investors","https://www.rightmove.co.uk/properties/169523177#/?channel=COM_BUY","2025-11-20T10:57:29Z","","new","Marketed by Dutch & Dutch, Commercial","","51.564916","-0.198922","https://media.rightmove.co.uk:443/dir/crop/10:9-16:9/85k/84379/169523177/84379_335938-1_IMG_00_0000_max_476x317.jpeg; https://media.rightmove.co.uk:443/dir/crop/10:9-16:9/85k/84379/169523177/84379_335938-1_IMG_01_0000_max_476x317.jpeg; https://media.rightmove.co.uk:443/dir/crop/10:9-16:9/85k/84379/169523177/84379_335938-1_IMG_02_0000_max_476x317.jpeg; https://media.rightmove.co.uk:443/dir/crop/10:9-16:9/85k/84379/169523177/84379_335938-1_IMG_03_0000_max_476x317.jpeg; https://media.rightmove.co.uk:443/dir/crop/10:9-16:9/85k/84379/169523177/84379_335938-1_IMG_04_0000_max_476x317.jpeg; https://media.rightmove.co.uk:443/dir/crop/10:9-16:9/85k/84379/169523177/84379_335938-1_IMG_05_0000_max_476x317.jpeg; https://media.rightmove.co.uk:443/dir/crop/10:9-16:9/85k/84379/169523177/84379_335938-1_IMG_06_0000_max_476x317.jpeg; https://media.rightmove.co.uk:443/dir/crop/10:9-16:9/85k/84379/169523177/84379_335938-1_IMG_07_0000_max_476x317.jpeg; https://media.rightmove.co.uk:443/dir/crop/10:9-16:9/85k/84379/169523177/84379_335938-1_IMG_08_0000_max_476x317.jpeg; https://media.rightmove.co.uk:443/dir/crop/10:9-16:9/85k/84379/169523177/84379_335938-1_IMG_09_0000_max_476x317.jpeg; https://media.rightmove.co.uk:443/dir/crop/10:9-16:9/85k/84379/169523177/84379_335938-1_IMG_10_0000_max_476x317.jpeg; https://media.rightmove.co.uk:443/dir/crop/10:9-16:9/85k/84379/169523177/84379_335938-1_IMG_11_0000_max_476x317.jpeg; https://media.rightmove.co.uk:443/dir/crop/10:9-16:9/85k/84379/169523177/84379_335938-1_IMG_12_0000_max_476x317.jpeg"
"169327904","Barnet","Land","Land at 26 The Avenue, London","£125,000","Guide Price","","","A freehold parcel of land of approx. 491.7 sq m (5293 sq ft) The land includes a single storey building in need of modernisation with an approx. GIA of 55.74 sq m (600 sq ft). Development potential (subject to the consents). Vacant.","https://www.rightmove.co.uk/properties/169327904#/?channel=COM_BUY","2025-11-14T06:45:53Z","","new","Marketed by Savills, Savills Auctions- Commercial","","51.597034","-0.188166","https://media.rightmove.co.uk:443/dir/crop/10:9-16:9/239k/238697/169327904/238697_1AE50242-DCBF-4DE8-8CC7-429E1D867A26_IMG_02_0000_max_476x317.jpeg; https://media.rightmove.co.uk:443/dir/crop/10:9-16:9/239k/238697/169327904/238697_1AE50242-DCBF-4DE8-8CC7-429E1D867A26_IMG_01_0000_max_476x317.jpeg; https://media.rightmove.co.uk:443/dir/crop/10:9-16:9/239k/238697/169327904/238697_1AE50242-DCBF-4DE8-8CC7-429E1D867A26_IMG_00_0000_max_476x317.jpeg"
"167670521","Barnet","Retail Property (high street)","Golders Green Road, London, NW11","£2,555,000","","","","A fantastic opportunity to acquire a sunny, south-facing freehold property in the heart of Golders Green, offering a mix of commercial and residential units with excellent rental potential.","https://www.rightmove.co.uk/properties/167670521#/?channel=COM_BUY","2025-10-01T15:29:11Z","","price_reduced","Marketed by Italian Pot, Angelo Scarfiello","","51.57234","-0.19741","https://media.rightmove.co.uk:443/dir/crop/10:9-16:9/296k/295322/167670521/295322_goldersgreenroad_IMG_01_0000_max_476x317.jpeg; https://media.rightmove.co.uk:443/dir/crop/10:9-16:9/296k/295322/167670521/295322_goldersgreenroad_IMG_00_0000_max_476x317.jpeg"
"169453268","Barnet","Land","Nora Gardens, Hendon  NW4, NW4","£100,000","Guide Price","","","Plot of land for sale, it sits to the rear of 36 Hillview Gardens and sits in Nora Gardens which is off Albert Road & Victoria Road. The land is within the Eruv and a quarter of a mile of shops, transport, schools and places of worship.","https://www.rightmove.co.uk/properties/169453268#/?channel=COM_BUY","2025-11-18T15:30:26Z","","new","Marketed by Chancellors, Finchley","","51.588","-0.214","https://media.rightmove.co.uk:443/dir/crop/10:9-16:9/36k/35948/169453268/35948_6042086_IMG_00_0000_max_476x317.jpeg; https://media.rightmove.co.uk:443/dir/crop/10:9-16:9/36k/35948/169453268/35948_6042086_IMG_01_0000_max_476x317.jpeg; https://media.rightmove.co.uk:443/dir/crop/10:9-16:9/36k/35948/169453268/35948_6042086_IMG_02_0000_max_476x317.jpeg"
"169505750","Barnet","Retail Property (high street)","Lambert Way, North Finchley, N12","£1,350,000","","","","This property offers a flexible commercial shell in a busy North Finchley location, with good transport links and local amenities. The larger space is already partially fitted for a fitness / leisure operator (gym, yoga, pilates) but the unit is broadly suitable for retail, leisure, community, ed...","https://www.rightmove.co.uk/properties/169505750#/?channel=COM_BUY","2025-11-19T17:49:28Z","","new","Marketed by PEACH PROPERTIES (UK) LIMITED, London","","51.612808","-0.175184","https://media.rightmove.co.uk:443/dir/crop/10:9-16:9/272k/271343/169505750/271343_34315504_IMG_00_0000_max_476x317.jpeg; https://media.rightmove.co.uk:443/dir/crop/10:9-16:9/272k/271343/169505750/271343_34315504_IMG_01_0000_max_476x317.jpeg; https://media.rightmove.co.uk:443/dir/crop/10:9-16:9/272k/271343/169505750/271343_34315504_IMG_02_0000_max_476x317.jpeg; https://media.rightmove.co.uk:443/dir/crop/10:9-16:9/272k/271343/169505750/271343_34315504_IMG_03_0000_max_476x317.jpeg; https://media.rightmove.co.uk:443/dir/crop/10:9-16:9/272k/271343/169505750/271343_34315504_IMG_04_0000_max_476x317.jpeg; https://media.rightmove.co.uk:443/dir/crop/10:9-16:9/272k/271343/169505750/271343_34315504_IMG_05_0000_max_476x317.jpeg; https://media.rightmove.co.uk:443/dir/crop/10:9-16:9/272k/271343/169505750/271343_34315504_IMG_06_0000_max_476x317.jpeg; https://media.rightmove.co.uk:443/dir/crop/10:9-16:9/272k/271343/169505750/271343_34315504_IMG_07_0000_max_476x317.jpeg; https://media.rightmove.co.uk:443/dir/crop/10:9-16:9/272k/271343/169505750/271343_34315504_IMG_08_0000_max_476x317.jpeg; https://media.rightmove.co.uk:443/dir/crop/10:9-16:9/272k/271343/169505750/271343_34315504_IMG_09_0000_max_476x317.jpeg; https://media.rightmove.co.uk:443/dir/crop/10:9-16:9/272k/271343/169505750/271343_34315504_IMG_10_0000_max_476x317.jpeg; https://media.rightmove.co.uk:443/dir/crop/10:9-16:9/272k/271343/169505750/271343_34315504_IMG_11_0000_max_476x317.jpeg; https://media.rightmove.co.uk:443/dir/crop/10:9-16:9/272k/271343/169505750/271343_34315504_IMG_12_0000_max_476x317.jpeg; https://media.rightmove.co.uk:443/dir/crop/10:9-16:9/272k/271343/169505750/271343_34315504_IMG_13_0000_max_476x317.jpeg; https://media.rightmove.co.uk:443/dir/crop/10:9-16:9/272k/271343/169505750/271343_34315504_IMG_14_0000_max_476x317.jpeg; https://media.rightmove.co.uk:443/dir/crop/10:9-16:9/272k/271343/169505750/271343_34315504_IMG_15_0000_max_476x317.jpeg; https://media.rightmove.co.uk:443/dir/crop/10:9-16:9/272k/271343/169505750/271343_34315504_IMG_16_0000_max_476x317.jpeg; https://media.rightmove.co.uk:443/dir/crop/10:9-16:9/272k/271343/169505750/271343_34315504_IMG_17_0000_max_476x317.jpeg; https://media.rightmove.co.uk:443/dir/crop/10:9-16:9/272k/271343/169505750/271343_34315504_IMG_18_0000_max_476x317.jpeg; https://media.rightmove.co.uk:443/dir/crop/10:9-16:9/272k/271343/169505750/271343_34315504_IMG_19_0000_max_476x317.jpeg; https://media.rightmove.co.uk:443/dir/crop/10:9-16:9/272k/271343/169505750/271343_34315504_IMG_20_0000_max_476x317.jpeg; https://media.rightmove.co.uk:443/dir/crop/10:9-16:9/272k/271343/169505750/271343_34315504_IMG_21_0000_max_476x317.jpeg; https://media.rightmove.co.uk:443/dir/crop/10:9-16:9/272k/271343/169505750/271343_34315504_IMG_22_0000_max_476x317.jpeg; https://media.rightmove.co.uk:443/dir/crop/10:9-16:9/272k/271343/169505750/271343_34315504_IMG_23_0000_max_476x317.jpeg; https://media.rightmove.co.uk:443/dir/crop/10:9-16:9/272k/271343/169505750/271343_34315504_IMG_24_0000_max_476x317.jpeg; https://media.rightmove.co.uk:443/dir/crop/10:9-16:9/272k/271343/169505750/271343_34315504_IMG_25_0000_max_476x317.jpeg; https://media.rightmove.co.uk:443/dir/crop/10:9-16:9/272k/271343/169505750/271343_34315504_IMG_26_0000_max_476x317.jpeg; https://media.rightmove.co.uk:443/dir/crop/10:9-16:9/272k/271343/169505750/271343_34315504_IMG_27_0000_max_476x317.jpeg; https://media.rightmove.co.uk:443/dir/crop/10:9-16:9/272k/271343/169505750/271343_34315504_IMG_28_0000_max_476x317.jpeg; https://media.rightmove.co.uk:443/dir/crop/10:9-16:9/272k/271343/169505750/271343_34315504_IMG_29_0000_max_476x317.jpeg"
"169339595","Barnet","Land","Great North Road, New Barnet, Barnet, EN5","£2,600,000","","","","** DEVELOPMENT OPPORTUNITY WITH PLANNING PERMISSION FOR 9 APARTMEMTS ** Planning permission has been granted for the demolition of existing dwelling and construction of a two storey dwelling with lower ground floor level and rooms in the roofspace comprising 8no. self contained fl...","https://www.rightmove.co.uk/properties/169339595#/?channel=COM_BUY","2025-11-14T11:52:53Z","","new","Marketed by Statons New Homes Showcase, Barnet","","51.641163","-0.181392","https://media.rightmove.co.uk:443/dir/crop/10:9-16:9/157k/156830/169339595/156830_TOT250151_IMG_00_0000_max_476x317.jpeg; https://media.rightmove.co.uk:443/dir/crop/10:9-16:9/157k/156830/169339595/156830_TOT250151_IMG_01_0000_max_476x317.jpeg; https://media.rightmove.co.uk:443/dir/crop/10:9-16:9/157k/156830/169339595/156830_TOT250151_IMG_02_0000_max_476x317.jpeg; https://media.rightmove.co.uk:443/dir/crop/10:9-16:9/157k/156830/169339595/156830_TOT250151_IMG_03_0000_max_476x317.jpeg; https://media.rightmove.co.uk:443/dir/crop/10:9-16:9/157k/156830/169339595/156830_TOT250151_IMG_04_0000_max_476x317.jpeg; https://media.rightmove.co.uk:443/dir/crop/10:9-16:9/157k/156830/169339595/156830_TOT250151_IMG_05_0000_max_476x317.jpeg; https://media.rightmove.co.uk:443/dir/crop/10:9-16:9/157k/156830/169339595/156830_TOT250151_IMG_06_0000_max_476x317.jpeg; https://media.rightmove.co.uk:443/dir/crop/10:9-16:9/157k/156830/169339595/156830_TOT250151_IMG_07_0000_max_476x317.jpeg; https://media.rightmove.co.uk:443/dir/crop/10:9-16:9/157k/156830/169339595/156830_TOT250151_IMG_08_0000_max_476x317.jpeg; https://media.rightmove.co.uk:443/dir/crop/10:9-16:9/157k/156830/169339595/156830_TOT250151_IMG_09_0000_max_476x317.jpeg; https://media.rightmove.co.uk:443/dir/crop/10:9-16:9/157k/156830/169339595/156830_TOT250151_IMG_10_0000_max_476x317.jpeg; https://media.rightmove.co.uk:443/dir/crop/10:9-16:9/157k/156830/169339595/156830_TOT250151_IMG_11_0000_max_476x317.jpeg; https://media.rightmove.co.uk:443/dir/crop/10:9-16:9/157k/156830/169339595/156830_TOT250151_IMG_12_0000_max_476x317.jpeg; https://media.rightmove.co.uk:443/dir/crop/10:9-16:9/157k/156830/169339595/156830_TOT250151_IMG_13_0000_max_476x317.jpeg; https://media.rightmove.co.uk:443/dir/crop/10:9-16:9/157k/156830/169339595/156830_TOT250151_IMG_14_0000_max_476x317.jpeg; https://media.rightmove.co.uk:443/dir/crop/10:9-16:9/157k/156830/169339595/156830_TOT250151_IMG_15_0000_max_476x317.jpeg"
"164671181","Barnet","Commercial Property","High Road, London, N20","£2,100,000","Guide Price","","","FREEHOLD INVESMENT FOR SALE WITH RE-DEVLOPMENT OPPORTUNITY (STPP)The Ground Floor unit is currently let. STPP there is scope to develop the currently vacant upper floor offices into residential, as well as creating a new floor above (see plans).","https://www.rightmove.co.uk/properties/164671181#/?channel=COM_BUY","2025-07-18T10:35:57Z","","price_reduced","Marketed by Maunder Taylor, London","","51.63182","-0.17535","https://media.rightmove.co.uk:443/dir/crop/10:9-16:9/199k/198353/164671181/198353_1324FM_IMG_00_0000_max_476x317.jpeg; https://media.rightmove.co.uk:443/dir/crop/10:9-16:9/199k/198353/164671181/198353_1324FM_IMG_07_0000_max_476x317.jpeg; https://media.rightmove.co.uk:443/dir/crop/10:9-16:9/199k/198353/164671181/198353_1324FM_IMG_13_0000_max_476x317.jpeg; https://media.rightmove.co.uk:443/dir/crop/10:9-16:9/199k/198353/164671181/198353_1324FM_IMG_09_0000_max_476x317.jpeg; https://media.rightmove.co.uk:443/dir/crop/10:9-16:9/199k/198353/164671181/198353_1324FM_IMG_08_0000_max_476x317.jpeg; https://media.rightmove.co.uk:443/dir/crop/10:9-16:9/199k/198353/164671181/198353_1324FM_IMG_06_0000_max_476x317.jpeg; https://media.rightmove.co.uk:443/dir/crop/10:9-16:9/199k/198353/164671181/198353_1324FM_IMG_05_0000_max_476x317.jpeg; https://media.rightmove.co.uk:443/dir/crop/10:9-16:9/199k/198353/164671181/198353_1324FM_IMG_14_0000_max_476x317.jpeg; https://media.rightmove.co.uk:443/dir/crop/10:9-16:9/199k/198353/164671181/198353_1324FM_IMG_11_0000_max_476x317.jpeg; https://media.rightmove.co.uk:443/dir/crop/10:9-16:9/199k/198353/164671181/198353_1324FM_IMG_15_0000_max_476x317.jpeg; https://media.rightmove.co.uk:443/dir/crop/10:9-16:9/199k/198353/164671181/198353_1324FM_IMG_03_0000_max_476x317.jpeg; https://media.rightmove.co.uk:443/dir/crop/10:9-16:9/199k/198353/164671181/198353_1324FM_IMG_02_0000_max_476x317.jpeg; https://media.rightmove.co.uk:443/dir/crop/10:9-16:9/199k/198353/164671181/198353_1324FM_IMG_04_0000_max_476x317.jpeg; https://media.rightmove.co.uk:443/dir/crop/10:9-16:9/199k/198353/164671181/198353_1324FM_IMG_01_0000_max_476x317.jpeg; https://media.rightmove.co.uk:443/dir/crop/10:9-16:9/199k/198353/164671181/198353_1324FM_IMG_16_0000_max_476x317.jpeg; https://media.rightmove.co.uk:443/dir/crop/10:9-16:9/199k/198353/164671181/198353_1324FM_IMG_17_0000_max_476x317.jpeg"
"168863294","Barnet","Land","Land off, Wykeham Rise, Totteridge Village, N20","£350,000","From","","","A Rare Opportunity in London - Approx. 0.6 Acres of Untouched Land Set within the highly desirable Totteridge area, this rare parcel of unspoiled land-measuring approximately 0.6 acres-offers a captivating mix of open grassland and mature woodland.","https://www.rightmove.co.uk/properties/168863294#/?channel=COM_BUY","2025-10-31T17:35:34Z","","new","Marketed by Barney Estates and Auctioneers, London","","51.63438","-0.20276","https://media.rightmove.co.uk:443/dir/crop/10:9-16:9/131k/130351/168863294/130351_502012_001818_IMG_00_0000_max_476x317.jpeg; https://media.rightmove.co.uk:443/dir/crop/10:9-16:9/131k/130351/168863294/130351_502012_001818_IMG_01_0000_max_476x317.jpeg; https://media.rightmove.co.uk:443/dir/crop/10:9-16:9/131k/130351/168863294/130351_502012_001818_IMG_02_0000_max_476x317.jpeg; https://media.rightmove.co.uk:443/dir/crop/10:9-16:9/131k/130351/168863294/130351_502012_001818_IMG_03_0000_max_476x317.jpeg; https://media.rightmove.co.uk:443/dir/crop/10:9-16:9/131k/130351/168863294/130351_502012_001818_IMG_04_0000_max_476x317.jpeg"
"87165459","Barnet","Land","Rowley Lane, Barnet, EN5","£60,000","Guide Price","","","This property is for sale by the Modern Method of Auction, meaning the buyer and seller are to Complete within 56 days (the ""Reservation Period""). Interested parties personal data will be shared with the Auctioneer (iamsold). If considering buying with a mortgage, inspect and consi...","https://www.rightmove.co.uk/properties/87165459#/?channel=COM_BUY","2025-06-10T09:51:39Z","","price_reduced","Marketed by Martyn Gerrard, Land & New Homes","","51.648861","-0.240824","https://media.rightmove.co.uk:443/dir/crop/10:9-16:9/property-photo/4b56e0d24/87165459/4b56e0d2446da733cd410746ff2c03a2_max_476x317.jpeg; https://media.rightmove.co.uk:443/dir/crop/10:9-16:9/property-photo/fe9b4bfcd/87165459/fe9b4bfcd4188f0ac5937ae931a62140_max_476x317.jpeg; https://media.rightmove.co.uk:443/dir/crop/10:9-16:9/property-photo/24e4e0740/87165459/24e4e07406946727c6d42e3429e87d5b_max_476x317.jpeg; https://media.rightmove.co.uk:443/dir/crop/10:9-16:9/property-photo/e2e599bdb/87165459/e2e599bdb754900a07364f34cc5ebbd4_max_476x317.jpeg; https://media.rightmove.co.uk:443/dir/crop/10:9-16:9/property-photo/3fe4a48ab/87165459/3fe4a48abddc5b0764398e0ffaf0cd39_max_476x317.jpeg; https://media.rightmove.co.uk:443/dir/crop/10:9-16:9/property-photo/3a92c8228/87165459/3a92c8228cd8a8e328be999de4ebee53_max_476x317.jpeg; https://media.rightmove.co.uk:443/dir/crop/10:9-16:9/property-photo/7957dbc9c/87165459/7957dbc9c95b0f5dbf86ae4c41263478_max_476x317.jpeg"
"168751496","Barnet","Land","High Road,  East Finchley, N2","£1,150,000","Guide Price","","","An exciting opportunity to acquire a rarely available Unbroken Freehold on a busy local high street with a huge value add upside.","https://www.rightmove.co.uk/properties/168751496#/?channel=COM_BUY","2025-10-29T13:45:59Z","","new","Marketed by Chestertons New Homes, London","","51.590982","-0.165275","https://media.rightmove.co.uk:443/dir/crop/10:9-16:9/146k/145391/168751496/145391_SLT250001_IMG_00_0000_max_476x317.jpeg; https://media.rightmove.co.uk:443/dir/crop/10:9-16:9/146k/145391/168751496/145391_SLT250001_IMG_01_0000_max_476x317.jpeg; https://media.rightmove.co.uk:443/dir/crop/10:9-16:9/146k/145391/168751496/145391_SLT250001_IMG_03_0000_max_476x317.jpeg; https://media.rightmove.co.uk:443/dir/crop/10:9-16:9/146k/145391/168751496/145391_SLT250001_IMG_02_0000_max_476x317.jpeg; https://media.rightmove.co.uk:443/dir/crop/10:9-16:9/146k/145391/168751496/145391_SLT250001_IMG_04_0000_max_476x317.jpeg; https://media.rightmove.co.uk:443/dir/crop/10:9-16:9/146k/145391/168751496/145391_SLT250001_IMG_05_0000_max_476x317.jpeg; https://media.rightmove.co.uk:443/dir/crop/10:9-16:9/146k/145391/168751496/145391_SLT250001_IMG_06_0000_max_476x317.jpeg; https://media.rightmove.co.uk:443/dir/crop/10:9-16:9/146k/145391/168751496/145391_SLT250001_IMG_07_0000_max_476x317.jpeg; https://media.rightmove.co.uk:443/dir/crop/10:9-16:9/146k/145391/168751496/145391_SLT250001_IMG_08_0000_max_476x317.jpeg; https://media.rightmove.co.uk:443/dir/crop/10:9-16:9/146k/145391/168751496/145391_SLT250001_IMG_09_0000_max_476x317.jpeg; https://media.rightmove.co.uk:443/dir/crop/10:9-16:9/146k/145391/168751496/145391_SLT250001_IMG_10_0000_max_476x317.jpeg; https://media.rightmove.co.uk:443/dir/crop/10:9-16:9/146k/145391/168751496/145391_SLT250001_IMG_11_0000_max_476x317.jpeg; https://media.rightmove.co.uk:443/dir/crop/10:9-16:9/146k/145391/168751496/145391_SLT250001_IMG_12_0000_max_476x317.jpeg"
"168471287","Barnet","Garage","Garage at 6 Luther Close, Edgware, Middlesex, HA8 8YY","£9,000","Guide Price","","","Please refer to auctioneer for more information **For Sale By Public Auction 13th November 2025 10:00 AM To inspect the legal documents for this property go to our website to download the legal pack** A Vacant Single Storey Lock Up Garage Leasehold. The propert...","https://www.rightmove.co.uk/properties/168471287#/?channel=COM_BUY","2025-10-22T10:22:57Z","","price_reduced","Marketed by Auction House London, London","","51.627926","-0.264554","https://media.rightmove.co.uk:443/dir/crop/10:9-16:9/286k/285620/168471287/285620_314044_IMG_00_0001_max_476x317.jpeg; https://media.rightmove.co.uk:443/dir/crop/10:9-16:9/286k/285620/168471287/285620_314044_IMG_01_0001_max_476x317.jpeg; https://media.rightmove.co.uk:443/dir/crop/10:9-16:9/286k/285620/168471287/285620_314044_IMG_02_0001_max_476x317.jpeg"
"168508373","Barnet","Restaurant","Oakleigh Road North, London","£50,000","","","","Exceptional Opportunity - Fully Fitted Indian Takeaway for Sale in North London (N20)","https://www.rightmove.co.uk/properties/168508373#/?channel=COM_BUY","2025-10-23T00:42:51Z","","new","Marketed by Allen Goldstein, Bloomsbury","","51.6235","-0.153425","https://media.rightmove.co.uk:443/dir/crop/10:9-16:9/113k/112351/168508373/112351_CS0021_IMG_00_0000_max_476x317.jpeg; https://media.rightmove.co.uk:443/dir/crop/10:9-16:9/113k/112351/168508373/112351_CS0021_IMG_01_0000_max_476x317.jpeg; https://media.rightmove.co.uk:443/dir/crop/10:9-16:9/113k/112351/168508373/112351_CS0021_IMG_02_0000_max_476x317.jpeg; https://media.rightmove.co.uk:443/dir/crop/10:9-16:9/113k/112351/168508373/112351_CS0021_IMG_03_0000_max_476x317.jpeg; https://media.rightmove.co.uk:443/dir/crop/10:9-16:9/113k/112351/168508373/112351_CS0021_IMG_04_0000_max_476x317.jpeg; https://media.rightmove.co.uk:443/dir/crop/10:9-16:9/113k/112351/168508373/112351_CS0021_IMG_05_0000_max_476x317.jpeg; https://media.rightmove.co.uk:443/dir/crop/10:9-16:9/113k/112351/168508373/112351_CS0021_IMG_06_0000_max_476x317.jpeg; https://media.rightmove.co.uk:443/dir/crop/10:9-16:9/113k/112351/168508373/112351_CS0021_IMG_07_0000_max_476x317.jpeg; https://media.rightmove.co.uk:443/dir/crop/10:9-16:9/113k/112351/168508373/112351_CS0021_IMG_08_0000_max_476x317.jpeg; https://media.rightmove.co.uk:443/dir/crop/10:9-16:9/113k/112351/168508373/112351_CS0021_IMG_09_0000_max_476x317.jpeg"
"168148544","Barnet","Office","54-58 High Street, Edgware, HA8","£595,000","","","","LOCATION Elizabeth House is located within the heart of Edgware on the east side of the A5 and a few minutes walk to Edgware Station and surrounded by all facilities and amenities. There are excellent transport links and routes to Central London and the Motorway network (Jct 4 of M1 within 2 mile...","https://www.rightmove.co.uk/properties/168148544#/?channel=COM_BUY","2025-10-13T12:06:04Z","","new","Marketed by Petermans, Edgware","","51.61036","-0.278395","https://media.rightmove.co.uk:443/dir/crop/10:9-16:9/46k/45479/168148544/45479_e1ebd29f-ef97-4e7f-bb6e-28025b2b025a_IMG_00_0000_max_476x317.jpeg; https://media.rightmove.co.uk:443/dir/crop/10:9-16:9/46k/45479/168148544/45479_e1ebd29f-ef97-4e7f-bb6e-28025b2b025a_IMG_01_0000_max_476x317.jpeg; https://media.rightmove.co.uk:443/dir/crop/10:9-16:9/46k/45479/168148544/45479_e1ebd29f-ef97-4e7f-bb6e-28025b2b025a_IMG_02_0000_max_476x317.jpeg; https://media.rightmove.co.uk:443/dir/crop/10:9-16:9/46k/45479/168148544/45479_e1ebd29f-ef97-4e7f-bb6e-28025b2b025a_IMG_03_0000_max_476x317.jpeg; https://media.rightmove.co.uk:443/dir/crop/10:9-16:9/46k/45479/168148544/45479_e1ebd29f-ef97-4e7f-bb6e-28025b2b025a_IMG_04_0000_max_476x317.jpeg; https://media.rightmove.co.uk:443/dir/crop/10:9-16:9/46k/45479/168148544/45479_e1ebd29f-ef97-4e7f-bb6e-28025b2b025a_IMG_05_0000_max_476x317.jpeg; https://media.rightmove.co.uk:443/dir/crop/10:9-16:9/46k/45479/168148544/45479_e1ebd29f-ef97-4e7f-bb6e-28025b2b025a_IMG_06_0000_max_476x317.jpeg; https://media.rightmove.co.uk:443/dir/crop/10:9-16:9/46k/45479/168148544/45479_e1ebd29f-ef97-4e7f-bb6e-28025b2b025a_IMG_07_0000_max_476x317.jpeg; https://media.rightmove.co.uk:443/dir/crop/10:9-16:9/46k/45479/168148544/45479_e1ebd29f-ef97-4e7f-bb6e-28025b2b025a_IMG_08_0000_max_476x317.jpeg; https://media.rightmove.co.uk:443/dir/crop/10:9-16:9/46k/45479/168148544/45479_e1ebd29f-ef97-4e7f-bb6e-28025b2b025a_IMG_09_0000_max_476x317.jpeg; https://media.rightmove.co.uk:443/dir/crop/10:9-16:9/46k/45479/168148544/45479_e1ebd29f-ef97-4e7f-bb6e-28025b2b025a_IMG_10_0000_max_476x317.jpeg; https://media.rightmove.co.uk:443/dir/crop/10:9-16:9/46k/45479/168148544/45479_e1ebd29f-ef97-4e7f-bb6e-28025b2b025a_IMG_11_0000_max_476x317.jpeg"
"168085760","Barnet","Land","Selborne Gardens, London, NW4","£269,950","Guide Price","","","A plot with potential to construct a single storey home (subject to planning permission being granted) in a discreet road in Hendon.","https://www.rightmove.co.uk/properties/168085760#/?channel=COM_BUY","2025-10-10T14:30:58Z","","size_change","Marketed by Dexters Development & Investment, North London","","51.58938","-0.23615","https://media.rightmove.co.uk:443/dir/crop/10:9-16:9/83k/82977/168085760/82977_LROSelborneGardens_IMG_09_0000_max_476x317.jpeg; https://media.rightmove.co.uk:443/dir/crop/10:9-16:9/83k/82977/168085760/82977_LROSelborneGardens_IMG_08_0000_max_476x317.jpeg; https://media.rightmove.co.uk:443/dir/crop/10:9-16:9/83k/82977/168085760/82977_LROSelborneGardens_IMG_07_0000_max_476x317.jpeg; https://media.rightmove.co.uk:443/dir/crop/10:9-16:9/83k/82977/168085760/82977_LROSelborneGardens_IMG_00_0000_max_476x317.jpeg; https://media.rightmove.co.uk:443/dir/crop/10:9-16:9/83k/82977/168085760/82977_LROSelborneGardens_IMG_01_0000_max_476x317.jpeg; https://media.rightmove.co.uk:443/dir/crop/10:9-16:9/83k/82977/168085760/82977_LROSelborneGardens_IMG_02_0000_max_476x317.jpeg; https://media.rightmove.co.uk:443/dir/crop/10:9-16:9/83k/82977/168085760/82977_LROSelborneGardens_IMG_03_0000_max_476x317.jpeg; https://media.rightmove.co.uk:443/dir/crop/10:9-16:9/83k/82977/168085760/82977_LROSelborneGardens_IMG_04_0000_max_476x317.jpeg; https://media.rightmove.co.uk:443/dir/crop/10:9-16:9/83k/82977/168085760/82977_LROSelborneGardens_IMG_05_0000_max_476x317.jpeg; https://media.rightmove.co.uk:443/dir/crop/10:9-16:9/83k/82977/168085760/82977_LROSelborneGardens_IMG_06_0000_max_476x317.jpeg"
"167987825","Barnet","Land","Land , Land at Lyttelton Road, London","£280,000","Guide Price","","","Land , offered with full vacant possession , in the affluent area of Hampstead Garden Suburb. Evident asset management via re-development subject to planning and requisite consents.Plans have been drawn up by an architect for 2 mews houses (subject to planning and requisite consents.)","https://www.rightmove.co.uk/properties/167987825#/?channel=COM_BUY","2025-10-08T14:26:33Z","","new","Marketed by Savills, City Offices","","51.584594","-0.174082","https://media.rightmove.co.uk:443/dir/crop/10:9-16:9/209k/208040/167987825/208040_59038EC5-99CE-4581-A90A-08B424787F57_IMG_01_0001_max_476x317.jpeg; https://media.rightmove.co.uk:443/dir/crop/10:9-16:9/209k/208040/167987825/208040_59038EC5-99CE-4581-A90A-08B424787F57_IMG_00_0001_max_476x317.jpeg"
"167979440","Barnet","Retail Property (high street)","Church Hill Road, East Barnet, Barnet, Hertfordshire, EN4","£575,000","Guide Price","2","","Offered for sale in this prime town location, a freehold property comprising a retail unit on the ground floor and a two bedroom duplex apartment on the 1st floor, both offering excellent potential for rental income *","https://www.rightmove.co.uk/properties/167979440#/?channel=COM_BUY","2025-10-08T12:17:07Z","","new","Marketed by Chas R Lowe Estates, East Barnet","","51.641471","-0.162656","https://media.rightmove.co.uk:443/dir/crop/10:9-16:9/40k/39482/167979440/39482_HCE250334_IMG_00_0000_max_476x317.jpeg; https://media.rightmove.co.uk:443/dir/crop/10:9-16:9/40k/39482/167979440/39482_HCE250334_IMG_01_0000_max_476x317.jpeg; https://media.rightmove.co.uk:443/dir/crop/10:9-16:9/40k/39482/167979440/39482_HCE250334_IMG_02_0000_max_476x317.jpeg; https://media.rightmove.co.uk:443/dir/crop/10:9-16:9/40k/39482/167979440/39482_HCE250334_IMG_03_0000_max_476x317.jpeg; https://media.rightmove.co.uk:443/dir/crop/10:9-16:9/40k/39482/167979440/39482_HCE250334_IMG_04_0000_max_476x317.jpeg; https://media.rightmove.co.uk:443/dir/crop/10:9-16:9/40k/39482/167979440/39482_HCE250334_IMG_05_0000_max_476x317.jpeg; https://media.rightmove.co.uk:443/dir/crop/10:9-16:9/40k/39482/167979440/39482_HCE250334_IMG_06_0000_max_476x317.jpeg; https://media.rightmove.co.uk:443/dir/crop/10:9-16:9/40k/39482/167979440/39482_HCE250334_IMG_07_0000_max_476x317.jpeg"
"168025232","Barnet","Mixed Use","Freehold Investment Opportunity - Edgware Road, Colindale, NW9","£600,000","","5","3","**Being sold via Secure Sale online bidding. Terms & Conditions apply. Starting Bid £600,000** This property will be legally prepared enabling any interested buyer to secure the property immediately once their bid/offer has been accepted. Ultimately a transparent process which provides s...","https://www.rightmove.co.uk/properties/168025232#/?channel=COM_BUY","2025-10-09T11:47:13Z","","new","Marketed by Finchleys, Finchley","","51.589","-0.253559","https://media.rightmove.co.uk:443/dir/crop/10:9-16:9/50k/49962/168025232/49962_34224039_IMG_00_0000_max_476x317.jpeg; https://media.rightmove.co.uk:443/dir/crop/10:9-16:9/50k/49962/168025232/49962_34224039_IMG_01_0000_max_476x317.jpeg"
"167903678","Barnet","Retail Property (high street)","Finchley Road, London, NW11","£699,000","","","","Income Producing Freehold Shop & Upper Part For Sale in Temple Fortune NW11","https://www.rightmove.co.uk/properties/167903678#/?channel=COM_BUY","2025-10-07T12:09:07Z","","new","Marketed by Claridges Commercial Property Consultants, Woodford Green","","51.58123","-0.19836","https://media.rightmove.co.uk:443/dir/crop/10:9-16:9/292k/291845/167903678/291845_024739_IMG_04_0000_max_476x317.jpeg; https://media.rightmove.co.uk:443/dir/crop/10:9-16:9/292k/291845/167903678/291845_024739_IMG_02_0000_max_476x317.jpeg; https://media.rightmove.co.uk:443/dir/crop/10:9-16:9/292k/291845/167903678/291845_024739_IMG_01_0000_max_476x317.jpeg; https://media.rightmove.co.uk:443/dir/crop/10:9-16:9/292k/291845/167903678/291845_024739_IMG_03_0000_max_476x317.jpeg; https://media.rightmove.co.uk:443/dir/crop/10:9-16:9/292k/291845/167903678/291845_024739_IMG_00_0000_max_476x317.jpeg"
"165059114","Barnet","Commercial Property","COMMERCIAL PROPERTY Sentinel Square, Hendon NW4","£265,000","","","1","Commercial Unit For Sale - Sentinel Square, Hendon NW4 2EL A well-located commercial unit in the heart of Hendon's vibrant Sentinel Square, offering approximately 900 sq ft of versatile space. Ideal for a variety of uses, this ground floor space benefits from excellent ...","https://www.rightmove.co.uk/properties/165059114#/?channel=COM_BUY","2025-07-29T09:57:23Z","","price_reduced","Marketed by Roundtree Real Estate, London","","51.586953","-0.219862","https://media.rightmove.co.uk:443/dir/crop/10:9-16:9/47k/46965/165059114/46965_50833_IMG_00_0000_max_476x317.jpeg; https://media.rightmove.co.uk:443/dir/crop/10:9-16:9/47k/46965/165059114/46965_50833_IMG_01_0000_max_476x317.jpeg; https://media.rightmove.co.uk:443/dir/crop/10:9-16:9/47k/46965/165059114/46965_50833_IMG_02_0000_max_476x317.jpeg; https://media.rightmove.co.uk:443/dir/crop/10:9-16:9/47k/46965/165059114/46965_50833_IMG_03_0000_max_476x317.jpeg; https://media.rightmove.co.uk:443/dir/crop/10:9-16:9/47k/46965/165059114/46965_50833_IMG_04_0000_max_476x317.jpeg"
"167624762","Barnet","Shop","Edgware Road, Colindale, London, NW9","£499,950","Fixed Price","","","Freehold shop and uppers set over ground, first and second floors, 1404 sq.ft GIA approx. Ground floor shop 558 sq.ft approx. let on a 15 year lease from 27.5.22, currently trading as a mini market, with rear storage and w.c. at £15,000 pax First and second floors 846 sq.ft approx. comprise a 4...","https://www.rightmove.co.uk/properties/167624762#/?channel=COM_BUY","2025-09-30T16:20:04Z","","new","Marketed by Paul Simon Seaton Commercial Estate Agents Ltd, London","","51.587177","-0.251597","https://media.rightmove.co.uk:443/dir/crop/10:9-16:9/100k/99743/167624762/99743_1795FH_IMG_00_0000_max_476x317.jpeg; https://media.rightmove.co.uk:443/dir/crop/10:9-16:9/100k/99743/167624762/99743_1795FH_IMG_01_0000_max_476x317.jpeg; https://media.rightmove.co.uk:443/dir/crop/10:9-16:9/100k/99743/167624762/99743_1795FH_IMG_02_0000_max_476x317.jpeg; https://media.rightmove.co.uk:443/dir/crop/10:9-16:9/100k/99743/167624762/99743_1795FH_IMG_03_0000_max_476x317.jpeg; https://media.rightmove.co.uk:443/dir/crop/10:9-16:9/100k/99743/167624762/99743_1795FH_IMG_04_0000_max_476x317.jpeg; https://media.rightmove.co.uk:443/dir/crop/10:9-16:9/100k/99743/167624762/99743_1795FH_IMG_05_0000_max_476x317.jpeg; https://media.rightmove.co.uk:443/dir/crop/10:9-16:9/100k/99743/167624762/99743_1795FH_IMG_06_0000_max_476x317.jpeg; https://media.rightmove.co.uk:443/dir/crop/10:9-16:9/100k/99743/167624762/99743_1795FH_IMG_07_0000_max_476x317.jpeg; https://media.rightmove.co.uk:443/dir/crop/10:9-16:9/100k/99743/167624762/99743_1795FH_IMG_08_0000_max_476x317.jpeg; https://media.rightmove.co.uk:443/dir/crop/10:9-16:9/100k/99743/167624762/99743_1795FH_IMG_09_0000_max_476x317.jpeg; https://media.rightmove.co.uk:443/dir/crop/10:9-16:9/100k/99743/167624762/99743_1795FH_IMG_10_0000_max_476x317.jpeg; https://media.rightmove.co.uk:443/dir/crop/10:9-16:9/100k/99743/167624762/99743_1795FH_IMG_11_0000_max_476x317.jpeg; https://media.rightmove.co.uk:443/dir/crop/10:9-16:9/100k/99743/167624762/99743_1795FH_IMG_12_0000_max_476x317.jpeg"
"169826111","Barnet","Land","Church Road, London","£1,000,000","Offers in Excess of","","","Formerly the printing press for the Hendon & Finchley Times, this 4,554 sq ft freehold warehouse is located just off Church Road, with its entrance on Johns Avenue—only moments from the local shops on Church Road, Brent Street, and Finchley Lane. The property is also within easy reach o...","https://www.rightmove.co.uk/properties/169826111#/?channel=COM_BUY","2025-11-28T15:12:08Z","","new","Marketed by Goldschmidt & Howland, Temple Fortune - Sales","","51.589694","-0.222921","https://media.rightmove.co.uk:443/dir/crop/10:9-16:9/88k/87925/169826111/87925_LDI250017_IMG_00_0000_max_476x317.jpeg; https://media.rightmove.co.uk:443/dir/crop/10:9-16:9/88k/87925/169826111/87925_LDI250017_IMG_01_0000_max_476x317.jpeg; https://media.rightmove.co.uk:443/dir/crop/10:9-16:9/88k/87925/169826111/87925_LDI250017_IMG_02_0000_max_476x317.jpeg; https://media.rightmove.co.uk:443/dir/crop/10:9-16:9/88k/87925/169826111/87925_LDI250017_IMG_03_0000_max_476x317.jpeg; https://media.rightmove.co.uk:443/dir/crop/10:9-16:9/88k/87925/169826111/87925_LDI250017_IMG_04_0000_max_476x317.jpeg; https://media.rightmove.co.uk:443/dir/crop/10:9-16:9/88k/87925/169826111/87925_LDI250017_IMG_05_0000_max_476x317.jpeg; https://media.rightmove.co.uk:443/dir/crop/10:9-16:9/88k/87925/169826111/87925_LDI250017_IMG_06_0000_max_476x317.jpeg; https://media.rightmove.co.uk:443/dir/crop/10:9-16:9/88k/87925/169826111/87925_LDI250017_IMG_07_0000_max_476x317.jpeg; https://media.rightmove.co.uk:443/dir/crop/10:9-16:9/88k/87925/169826111/87925_LDI250017_IMG_08_0000_max_476x317.jpeg"
"167429453","Barnet","Retail Property (high street)","Woodhouse Road, London, N12","£1,600,000","","","","Investment and development opportunity. 2 adjacent freehold buildings available individually or together. Ground floor shops are let. Upper parts comprise a 3/4 bed residential unit which is let and has lapsed planning for 3 x 1 bed flat. Other residential vacant.","https://www.rightmove.co.uk/properties/167429453#/?channel=COM_BUY","2025-09-25T17:06:40Z","","new","Marketed by Claridges Commercial Property Consultants, Woodford Green","","51.61215","-0.17302","https://media.rightmove.co.uk:443/dir/crop/10:9-16:9/292k/291845/167429453/291845_024342_IMG_00_0000_max_476x317.jpeg"
"167314463","Barnet","Mixed Use","Bulwer Road, Barnet, North London, EN5","£800,000","","3","2","Mixed use investment for sale. Prominently located on a large corner plot in New Barnet. Commercial unit (in use as popular cafe) and large 3 bedroom residential within the same building. ERVs of £60,000.","https://www.rightmove.co.uk/properties/167314463#/?channel=COM_BUY","2025-09-23T14:40:03Z","","new","Marketed by Foxtons Limited, London - Commercial","","51.65109","-0.18131","https://media.rightmove.co.uk:443/dir/crop/10:9-16:9/270k/269207/167314463/269207_54aBulwerRoad_IMG_00_0000_max_476x317.jpeg; https://media.rightmove.co.uk:443/dir/crop/10:9-16:9/270k/269207/167314463/269207_54aBulwerRoad_IMG_01_0000_max_476x317.jpeg; https://media.rightmove.co.uk:443/dir/crop/10:9-16:9/270k/269207/167314463/269207_54aBulwerRoad_IMG_02_0000_max_476x317.jpeg; https://media.rightmove.co.uk:443/dir/crop/10:9-16:9/270k/269207/167314463/269207_54aBulwerRoad_IMG_03_0000_max_476x317.jpeg; https://media.rightmove.co.uk:443/dir/crop/10:9-16:9/270k/269207/167314463/269207_54aBulwerRoad_IMG_04_0000_max_476x317.jpeg; https://media.rightmove.co.uk:443/dir/crop/10:9-16:9/270k/269207/167314463/269207_54aBulwerRoad_IMG_05_0000_max_476x317.jpeg; https://media.rightmove.co.uk:443/dir/crop/10:9-16:9/270k/269207/167314463/269207_54aBulwerRoad_IMG_06_0000_max_476x317.jpeg; https://media.rightmove.co.uk:443/dir/crop/10:9-16:9/270k/269207/167314463/269207_54aBulwerRoad_IMG_07_0000_max_476x317.jpeg; https://media.rightmove.co.uk:443/dir/crop/10:9-16:9/270k/269207/167314463/269207_54aBulwerRoad_IMG_08_0000_max_476x317.jpeg; https://media.rightmove.co.uk:443/dir/crop/10:9-16:9/270k/269207/167314463/269207_54aBulwerRoad_IMG_09_0000_max_476x317.jpeg; https://media.rightmove.co.uk:443/dir/crop/10:9-16:9/270k/269207/167314463/269207_54aBulwerRoad_IMG_10_0000_max_476x317.jpeg; https://media.rightmove.co.uk:443/dir/crop/10:9-16:9/270k/269207/167314463/269207_54aBulwerRoad_IMG_11_0000_max_476x317.jpeg; https://media.rightmove.co.uk:443/dir/crop/10:9-16:9/270k/269207/167314463/269207_54aBulwerRoad_IMG_12_0000_max_476x317.jpeg; https://media.rightmove.co.uk:443/dir/crop/10:9-16:9/270k/269207/167314463/269207_54aBulwerRoad_IMG_13_0000_max_476x317.jpeg"
"164671181","Barnet","Commercial Property","High Road, London, N20","£2,100,000","Guide Price","","","FREEHOLD INVESMENT FOR SALE WITH RE-DEVLOPMENT OPPORTUNITY (STPP)The Ground Floor unit is currently let. STPP there is scope to develop the currently vacant upper floor offices into residential, as well as creating a new floor above (see plans).","https://www.rightmove.co.uk/properties/164671181#/?channel=COM_BUY","2025-07-18T10:35:57Z","","price_reduced","Marketed by Maunder Taylor, London","","51.63182","-0.17535","https://media.rightmove.co.uk:443/dir/crop/10:9-16:9/199k/198353/164671181/198353_1324FM_IMG_00_0000_max_476x317.jpeg; https://media.rightmove.co.uk:443/dir/crop/10:9-16:9/199k/198353/164671181/198353_1324FM_IMG_07_0000_max_476x317.jpeg; https://media.rightmove.co.uk:443/dir/crop/10:9-16:9/199k/198353/164671181/198353_1324FM_IMG_13_0000_max_476x317.jpeg; https://media.rightmove.co.uk:443/dir/crop/10:9-16:9/199k/198353/164671181/198353_1324FM_IMG_09_0000_max_476x317.jpeg; https://media.rightmove.co.uk:443/dir/crop/10:9-16:9/199k/198353/164671181/198353_1324FM_IMG_08_0000_max_476x317.jpeg; https://media.rightmove.co.uk:443/dir/crop/10:9-16:9/199k/198353/164671181/198353_1324FM_IMG_06_0000_max_476x317.jpeg; https://media.rightmove.co.uk:443/dir/crop/10:9-16:9/199k/198353/164671181/198353_1324FM_IMG_05_0000_max_476x317.jpeg; https://media.rightmove.co.uk:443/dir/crop/10:9-16:9/199k/198353/164671181/198353_1324FM_IMG_14_0000_max_476x317.jpeg; https://media.rightmove.co.uk:443/dir/crop/10:9-16:9/199k/198353/164671181/198353_1324FM_IMG_11_0000_max_476x317.jpeg; https://media.rightmove.co.uk:443/dir/crop/10:9-16:9/199k/198353/164671181/198353_1324FM_IMG_15_0000_max_476x317.jpeg; https://media.rightmove.co.uk:443/dir/crop/10:9-16:9/199k/198353/164671181/198353_1324FM_IMG_03_0000_max_476x317.jpeg; https://media.rightmove.co.uk:443/dir/crop/10:9-16:9/199k/198353/164671181/198353_1324FM_IMG_02_0000_max_476x317.jpeg; https://media.rightmove.co.uk:443/dir/crop/10:9-16:9/199k/198353/164671181/198353_1324FM_IMG_04_0000_max_476x317.jpeg; https://media.rightmove.co.uk:443/dir/crop/10:9-16:9/199k/198353/164671181/198353_1324FM_IMG_01_0000_max_476x317.jpeg; https://media.rightmove.co.uk:443/dir/crop/10:9-16:9/199k/198353/164671181/198353_1324FM_IMG_16_0000_max_476x317.jpeg; https://media.rightmove.co.uk:443/dir/crop/10:9-16:9/199k/198353/164671181/198353_1324FM_IMG_17_0000_max_476x317.jpeg"
"167312198","Barnet","Warehouse","13a Brunswick Industrial Park, Brunswick Way, London, N11","£2,600,000","Guide Price","","","Freehold Warehouse / Trade Counter For Sale or To Let - New Southgate N11","https://www.rightmove.co.uk/properties/167312198#/?channel=COM_BUY","2025-09-23T14:08:16Z","","new","Marketed by Gilmartin Ley, London","","51.61969","-0.14063","https://media.rightmove.co.uk:443/dir/crop/10:9-16:9/property-photo/ab618510e/167312198/ab618510e9fe4aaaf0b32bc7ae88859d_max_476x317.jpeg; https://media.rightmove.co.uk:443/dir/crop/10:9-16:9/property-photo/7be6fdc85/167312198/7be6fdc85c525c1d8492dc7e929b3d5a_max_476x317.jpeg; https://media.rightmove.co.uk:443/dir/crop/10:9-16:9/property-photo/3e5bca484/167312198/3e5bca484547c2d3b18c8f5e977cc9ad_max_476x317.jpeg; https://media.rightmove.co.uk:443/dir/crop/10:9-16:9/property-photo/27b33d93d/167312198/27b33d93dd31eaf7f9f300efd090fb32_max_476x317.jpeg; https://media.rightmove.co.uk:443/dir/crop/10:9-16:9/property-photo/f94e343c4/167312198/f94e343c4aa06e3b978f727e31d9b71b_max_476x317.jpeg; https://media.rightmove.co.uk:443/dir/crop/10:9-16:9/property-photo/0a72b78d6/167312198/0a72b78d6305a1fc1935d1859e343f8d_max_476x317.jpeg; https://media.rightmove.co.uk:443/dir/crop/10:9-16:9/property-photo/7cac54070/167312198/7cac540705332ed29bcac60c8ba5d83f_max_476x317.jpeg; https://media.rightmove.co.uk:443/dir/crop/10:9-16:9/property-photo/ee1eded76/167312198/ee1eded76f2453f31784cc009a7f1727_max_476x317.jpeg; https://media.rightmove.co.uk:443/dir/crop/10:9-16:9/property-photo/295a77f5b/167312198/295a77f5bca2859f59efbfa0066b4283_max_476x317.jpeg"
"167296814","Barnet","Shop","Barnet, Hertfordshire, en4","£75,000","Guide Price","","1","Galaxy Real Estate Proudly Presents to the Market.","https://www.rightmove.co.uk/properties/167296814#/?channel=COM_BUY","2025-09-23T10:30:38Z","","new","Marketed by GALAXY REAL ESTATE LIMITED, Hayes","","51.6427","-0.163748","https://media.rightmove.co.uk:443/dir/crop/10:9-16:9/258k/257963/167296814/257963_3592_IMG_00_0000_max_476x317.jpeg; https://media.rightmove.co.uk:443/dir/crop/10:9-16:9/258k/257963/167296814/257963_3592_IMG_01_0000_max_476x317.jpeg; https://media.rightmove.co.uk:443/dir/crop/10:9-16:9/258k/257963/167296814/257963_3592_IMG_02_0000_max_476x317.jpeg; https://media.rightmove.co.uk:443/dir/crop/10:9-16:9/258k/257963/167296814/257963_3592_IMG_03_0000_max_476x317.jpeg"
"167902112","Barnet","Mixed Use","Bulwer Road, Barnet, EN5","£800,000","","3","1","Investment for sale. Prominently located on a large corner plot in New Barnet. Commercial unit (in use as popular cafe) and uppers with residential within the same building. ERVs of £60,000.","https://www.rightmove.co.uk/properties/167902112#/?channel=COM_BUY","2025-10-07T11:43:11Z","","new","Marketed by Residential Development & Investment London, Covering London","","51.650845","-0.181467","https://media.rightmove.co.uk:443/dir/crop/10:9-16:9/258k/257420/167902112/257420_1341264_IMG_01_0000_max_476x317.jpeg; https://media.rightmove.co.uk:443/dir/crop/10:9-16:9/258k/257420/167902112/257420_1341264_IMG_00_0003_max_476x317.jpeg; https://media.rightmove.co.uk:443/dir/crop/10:9-16:9/258k/257420/167902112/257420_1341264_IMG_02_0003_max_476x317.jpeg; https://media.rightmove.co.uk:443/dir/crop/10:9-16:9/258k/257420/167902112/257420_1341264_IMG_03_0005_max_476x317.jpeg; https://media.rightmove.co.uk:443/dir/crop/10:9-16:9/258k/257420/167902112/257420_1341264_IMG_04_0004_max_476x317.jpeg; https://media.rightmove.co.uk:443/dir/crop/10:9-16:9/258k/257420/167902112/257420_1341264_IMG_05_0004_max_476x317.jpeg; https://media.rightmove.co.uk:443/dir/crop/10:9-16:9/258k/257420/167902112/257420_1341264_IMG_06_0002_max_476x317.jpeg; https://media.rightmove.co.uk:443/dir/crop/10:9-16:9/258k/257420/167902112/257420_1341264_IMG_07_0005_max_476x317.jpeg; https://media.rightmove.co.uk:443/dir/crop/10:9-16:9/258k/257420/167902112/257420_1341264_IMG_08_0005_max_476x317.jpeg; https://media.rightmove.co.uk:443/dir/crop/10:9-16:9/258k/257420/167902112/257420_1341264_IMG_09_0004_max_476x317.jpeg; https://media.rightmove.co.uk:443/dir/crop/10:9-16:9/258k/257420/167902112/257420_1341264_IMG_10_0003_max_476x317.jpeg; https://media.rightmove.co.uk:443/dir/crop/10:9-16:9/258k/257420/167902112/257420_1341264_IMG_11_0000_max_476x317.jpeg; https://media.rightmove.co.uk:443/dir/crop/10:9-16:9/258k/257420/167902112/257420_1341264_IMG_12_0004_max_476x317.jpeg; https://media.rightmove.co.uk:443/dir/crop/10:9-16:9/258k/257420/167902112/257420_1341264_IMG_13_0003_max_476x317.jpeg; https://media.rightmove.co.uk:443/dir/crop/10:9-16:9/258k/257420/167902112/257420_1341264_IMG_14_0002_max_476x317.jpeg; https://media.rightmove.co.uk:443/dir/crop/10:9-16:9/258k/257420/167902112/257420_1341264_IMG_15_0004_max_476x317.jpeg"
"166745225","Barnet","Light Industrial","West Hendon Broadway, London","£225,000","","","","Property located in West Hendon Broadway, London","https://www.rightmove.co.uk/properties/166745225#/?channel=COM_BUY","2025-09-08T19:38:42Z","","price_reduced","Marketed by Mi Commercial, London","","51.57774","-0.23963","https://media.rightmove.co.uk:443/dir/crop/10:9-16:9/72k/71298/166745225/71298_102099002975_IMG_00_0000_max_476x317.jpeg; https://media.rightmove.co.uk:443/dir/crop/10:9-16:9/72k/71298/166745225/71298_102099002975_IMG_01_0000_max_476x317.jpeg; https://media.rightmove.co.uk:443/dir/crop/10:9-16:9/72k/71298/166745225/71298_102099002975_IMG_02_0000_max_476x317.jpeg; https://media.rightmove.co.uk:443/dir/crop/10:9-16:9/72k/71298/166745225/71298_102099002975_IMG_03_0000_max_476x317.jpeg; https://media.rightmove.co.uk:443/dir/crop/10:9-16:9/72k/71298/166745225/71298_102099002975_IMG_04_0000_max_476x317.jpeg; https://media.rightmove.co.uk:443/dir/crop/10:9-16:9/72k/71298/166745225/71298_102099002975_IMG_05_0000_max_476x317.jpeg; https://media.rightmove.co.uk:443/dir/crop/10:9-16:9/72k/71298/166745225/71298_102099002975_IMG_06_0000_max_476x317.jpeg; https://media.rightmove.co.uk:443/dir/crop/10:9-16:9/72k/71298/166745225/71298_102099002975_IMG_07_0000_max_476x317.jpeg; https://media.rightmove.co.uk:443/dir/crop/10:9-16:9/72k/71298/166745225/71298_102099002975_IMG_08_0000_max_476x317.jpeg; https://media.rightmove.co.uk:443/dir/crop/10:9-16:9/72k/71298/166745225/71298_102099002975_IMG_09_0000_max_476x317.jpeg; https://media.rightmove.co.uk:443/dir/crop/10:9-16:9/72k/71298/166745225/71298_102099002975_IMG_10_0000_max_476x317.jpeg"
"160738712","Barnet","Land","High Street, High Barnet, EN5","£1,000,000","Offers in Excess of","","","An investment opportunity to purchase the freehold, plus 2 x residential flats, and a parcel of land with potential for a development, subject to the usual planning consents. Please contact Spencer & Sener for more information.","https://www.rightmove.co.uk/properties/160738712#/?channel=COM_BUY","2025-04-15T19:17:37Z","","price_reduced","Marketed by Spencer & Sener, Barnet","","51.656075","-0.202042","https://media.rightmove.co.uk:443/dir/crop/10:9-16:9/73k/72792/160738712/72792_BAR230189_IMG_44_0000_max_476x317.jpeg; https://media.rightmove.co.uk:443/dir/crop/10:9-16:9/73k/72792/160738712/72792_BAR230189_IMG_01_0000_max_476x317.jpeg; https://media.rightmove.co.uk:443/dir/crop/10:9-16:9/73k/72792/160738712/72792_BAR230189_IMG_02_0000_max_476x317.jpeg; https://media.rightmove.co.uk:443/dir/crop/10:9-16:9/73k/72792/160738712/72792_BAR230189_IMG_41_0000_max_476x317.jpeg; https://media.rightmove.co.uk:443/dir/crop/10:9-16:9/73k/72792/160738712/72792_BAR230189_IMG_46_0000_max_476x317.jpeg; https://media.rightmove.co.uk:443/dir/crop/10:9-16:9/73k/72792/160738712/72792_BAR230189_IMG_03_0000_max_476x317.jpeg; https://media.rightmove.co.uk:443/dir/crop/10:9-16:9/73k/72792/160738712/72792_BAR230189_IMG_00_0000_max_476x317.jpeg; https://media.rightmove.co.uk:443/dir/crop/10:9-16:9/73k/72792/160738712/72792_BAR230189_IMG_30_0000_max_476x317.jpeg; https://media.rightmove.co.uk:443/dir/crop/10:9-16:9/73k/72792/160738712/72792_BAR230189_IMG_29_0000_max_476x317.jpeg; https://media.rightmove.co.uk:443/dir/crop/10:9-16:9/73k/72792/160738712/72792_BAR230189_IMG_11_0000_max_476x317.jpeg; https://media.rightmove.co.uk:443/dir/crop/10:9-16:9/73k/72792/160738712/72792_BAR230189_IMG_04_0000_max_476x317.jpeg; https://media.rightmove.co.uk:443/dir/crop/10:9-16:9/73k/72792/160738712/72792_BAR230189_IMG_05_0000_max_476x317.jpeg; https://media.rightmove.co.uk:443/dir/crop/10:9-16:9/73k/72792/160738712/72792_BAR230189_IMG_06_0000_max_476x317.jpeg; https://media.rightmove.co.uk:443/dir/crop/10:9-16:9/73k/72792/160738712/72792_BAR230189_IMG_20_0000_max_476x317.jpeg; https://media.rightmove.co.uk:443/dir/crop/10:9-16:9/73k/72792/160738712/72792_BAR230189_IMG_07_0000_max_476x317.jpeg; https://media.rightmove.co.uk:443/dir/crop/10:9-16:9/73k/72792/160738712/72792_BAR230189_IMG_17_0000_max_476x317.jpeg; https://media.rightmove.co.uk:443/dir/crop/10:9-16:9/73k/72792/160738712/72792_BAR230189_IMG_18_0000_max_476x317.jpeg; https://media.rightmove.co.uk:443/dir/crop/10:9-16:9/73k/72792/160738712/72792_BAR230189_IMG_19_0000_max_476x317.jpeg; https://media.rightmove.co.uk:443/dir/crop/10:9-16:9/73k/72792/160738712/72792_BAR230189_IMG_08_0000_max_476x317.jpeg; https://media.rightmove.co.uk:443/dir/crop/10:9-16:9/73k/72792/160738712/72792_BAR230189_IMG_09_0000_max_476x317.jpeg; https://media.rightmove.co.uk:443/dir/crop/10:9-16:9/73k/72792/160738712/72792_BAR230189_IMG_12_0000_max_476x317.jpeg; https://media.rightmove.co.uk:443/dir/crop/10:9-16:9/73k/72792/160738712/72792_BAR230189_IMG_13_0000_max_476x317.jpeg; https://media.rightmove.co.uk:443/dir/crop/10:9-16:9/73k/72792/160738712/72792_BAR230189_IMG_21_0000_max_476x317.jpeg; https://media.rightmove.co.uk:443/dir/crop/10:9-16:9/73k/72792/160738712/72792_BAR230189_IMG_10_0000_max_476x317.jpeg; https://media.rightmove.co.uk:443/dir/crop/10:9-16:9/73k/72792/160738712/72792_BAR230189_IMG_14_0000_max_476x317.jpeg; https://media.rightmove.co.uk:443/dir/crop/10:9-16:9/73k/72792/160738712/72792_BAR230189_IMG_15_0000_max_476x317.jpeg; https://media.rightmove.co.uk:443/dir/crop/10:9-16:9/73k/72792/160738712/72792_BAR230189_IMG_16_0000_max_476x317.jpeg; https://media.rightmove.co.uk:443/dir/crop/10:9-16:9/73k/72792/160738712/72792_BAR230189_IMG_22_0000_max_476x317.jpeg; https://media.rightmove.co.uk:443/dir/crop/10:9-16:9/73k/72792/160738712/72792_BAR230189_IMG_38_0000_max_476x317.jpeg; https://media.rightmove.co.uk:443/dir/crop/10:9-16:9/73k/72792/160738712/72792_BAR230189_IMG_35_0000_max_476x317.jpeg; https://media.rightmove.co.uk:443/dir/crop/10:9-16:9/73k/72792/160738712/72792_BAR230189_IMG_33_0000_max_476x317.jpeg; https://media.rightmove.co.uk:443/dir/crop/10:9-16:9/73k/72792/160738712/72792_BAR230189_IMG_23_0000_max_476x317.jpeg; https://media.rightmove.co.uk:443/dir/crop/10:9-16:9/73k/72792/160738712/72792_BAR230189_IMG_42_0000_max_476x317.jpeg; https://media.rightmove.co.uk:443/dir/crop/10:9-16:9/73k/72792/160738712/72792_BAR230189_IMG_31_0000_max_476x317.jpeg; https://media.rightmove.co.uk:443/dir/crop/10:9-16:9/73k/72792/160738712/72792_BAR230189_IMG_34_0000_max_476x317.jpeg; https://media.rightmove.co.uk:443/dir/crop/10:9-16:9/73k/72792/160738712/72792_BAR230189_IMG_32_0000_max_476x317.jpeg; https://media.rightmove.co.uk:443/dir/crop/10:9-16:9/73k/72792/160738712/72792_BAR230189_IMG_36_0000_max_476x317.jpeg; https://media.rightmove.co.uk:443/dir/crop/10:9-16:9/73k/72792/160738712/72792_BAR230189_IMG_37_0000_max_476x317.jpeg; https://media.rightmove.co.uk:443/dir/crop/10:9-16:9/73k/72792/160738712/72792_BAR230189_IMG_24_0000_max_476x317.jpeg; https://media.rightmove.co.uk:443/dir/crop/10:9-16:9/73k/72792/160738712/72792_BAR230189_IMG_40_0000_max_476x317.jpeg; https://media.rightmove.co.uk:443/dir/crop/10:9-16:9/73k/72792/160738712/72792_BAR230189_IMG_25_0000_max_476x317.jpeg; https://media.rightmove.co.uk:443/dir/crop/10:9-16:9/73k/72792/160738712/72792_BAR230189_IMG_26_0000_max_476x317.jpeg; https://media.rightmove.co.uk:443/dir/crop/10:9-16:9/73k/72792/160738712/72792_BAR230189_IMG_27_0000_max_476x317.jpeg; https://media.rightmove.co.uk:443/dir/crop/10:9-16:9/73k/72792/160738712/72792_BAR230189_IMG_28_0000_max_476x317.jpeg; https://media.rightmove.co.uk:443/dir/crop/10:9-16:9/73k/72792/160738712/72792_BAR230189_IMG_39_0000_max_476x317.jpeg; https://media.rightmove.co.uk:443/dir/crop/10:9-16:9/73k/72792/160738712/72792_BAR230189_IMG_43_0000_max_476x317.jpeg; https://media.rightmove.co.uk:443/dir/crop/10:9-16:9/73k/72792/160738712/72792_BAR230189_IMG_45_0000_max_476x317.jpeg"
"155139062","Barnet","Retail Property (high street)","High Street, Barnet, North London, EN5","£275,000","","","","This commercial unit is offered to the market with a long leasehold interest as an investment opportunity.","https://www.rightmove.co.uk/properties/155139062#/?channel=COM_BUY","2024-11-19T14:37:23Z","","price_reduced","Marketed by Maunder Taylor, London","","51.65638","-0.20182","https://media.rightmove.co.uk:443/dir/crop/10:9-16:9/199k/198353/155139062/198353_188HBS_IMG_04_0000_max_476x317.jpeg; https://media.rightmove.co.uk:443/dir/crop/10:9-16:9/199k/198353/155139062/198353_188HBS_IMG_03_0000_max_476x317.jpeg"
"165756992","Barnet","Land","Laleham Avenue, London","£820,000","","2","2","LAND INVESTMENT FOR DEVELOPMENT. Nestled along Laleham Avenue Mill Hill, we present an opportunity for investors/developers to acquire two extremely spacious one bedroom apartments with private gardens that currently house two garages. Our 'in house' architect has indicated the size of the land w...","https://www.rightmove.co.uk/properties/165756992#/?channel=COM_BUY","2025-08-14T15:02:15Z","","new","Marketed by Carrington Estate Agents, Borehamwood","","51.62585","-0.25742","https://media.rightmove.co.uk:443/dir/crop/10:9-16:9/18k/17712/165756992/17712_34105213_IMG_00_0000_max_476x317.jpeg; https://media.rightmove.co.uk:443/dir/crop/10:9-16:9/18k/17712/165756992/17712_34105213_IMG_01_0000_max_476x317.jpeg; https://media.rightmove.co.uk:443/dir/crop/10:9-16:9/18k/17712/165756992/17712_34105213_IMG_02_0000_max_476x317.jpeg; https://media.rightmove.co.uk:443/dir/crop/10:9-16:9/18k/17712/165756992/17712_34105213_IMG_03_0000_max_476x317.jpeg; https://media.rightmove.co.uk:443/dir/crop/10:9-16:9/18k/17712/165756992/17712_34105213_IMG_04_0000_max_476x317.jpeg; https://media.rightmove.co.uk:443/dir/crop/10:9-16:9/18k/17712/165756992/17712_34105213_IMG_05_0000_max_476x317.jpeg; https://media.rightmove.co.uk:443/dir/crop/10:9-16:9/18k/17712/165756992/17712_34105213_IMG_06_0000_max_476x317.jpeg; https://media.rightmove.co.uk:443/dir/crop/10:9-16:9/18k/17712/165756992/17712_34105213_IMG_07_0000_max_476x317.jpeg; https://media.rightmove.co.uk:443/dir/crop/10:9-16:9/18k/17712/165756992/17712_34105213_IMG_08_0000_max_476x317.jpeg; https://media.rightmove.co.uk:443/dir/crop/10:9-16:9/18k/17712/165756992/17712_34105213_IMG_09_0000_max_476x317.jpeg; https://media.rightmove.co.uk:443/dir/crop/10:9-16:9/18k/17712/165756992/17712_34105213_IMG_10_0000_max_476x317.jpeg; https://media.rightmove.co.uk:443/dir/crop/10:9-16:9/18k/17712/165756992/17712_34105213_IMG_11_0000_max_476x317.jpeg; https://media.rightmove.co.uk:443/dir/crop/10:9-16:9/18k/17712/165756992/17712_34105213_IMG_12_0000_max_476x317.jpeg; https://media.rightmove.co.uk:443/dir/crop/10:9-16:9/18k/17712/165756992/17712_34105213_IMG_13_0000_max_476x317.jpeg; https://media.rightmove.co.uk:443/dir/crop/10:9-16:9/18k/17712/165756992/17712_34105213_IMG_14_0000_max_476x317.jpeg; https://media.rightmove.co.uk:443/dir/crop/10:9-16:9/18k/17712/165756992/17712_34105213_IMG_15_0000_max_476x317.jpeg"
"165676172","Barnet","Land","Quinta Drive, Barnet, EN5","£1,500,000","","","","Full planning permission granted for the demolition of the existing dwelling and construction of 2 x four-bedroom, two-storey detached houses with private gardens, off-street parking, and refuse storage","https://www.rightmove.co.uk/properties/165676172#/?channel=COM_BUY","2025-08-13T00:12:00Z","","new","Marketed by Martyn Gerrard, Land & New Homes","","51.649018","-0.225682","https://media.rightmove.co.uk:443/dir/crop/10:9-16:9/78k/77224/165676172/77224_NEW250113_IMG_00_0000_max_476x317.jpeg; https://media.rightmove.co.uk:443/dir/crop/10:9-16:9/78k/77224/165676172/77224_NEW250113_IMG_01_0000_max_476x317.jpeg; https://media.rightmove.co.uk:443/dir/crop/10:9-16:9/78k/77224/165676172/77224_NEW250113_IMG_02_0000_max_476x317.jpeg; https://media.rightmove.co.uk:443/dir/crop/10:9-16:9/78k/77224/165676172/77224_NEW250113_IMG_03_0000_max_476x317.jpeg; https://media.rightmove.co.uk:443/dir/crop/10:9-16:9/78k/77224/165676172/77224_NEW250113_IMG_04_0000_max_476x317.jpeg; https://media.rightmove.co.uk:443/dir/crop/10:9-16:9/78k/77224/165676172/77224_NEW250113_IMG_05_0000_max_476x317.jpeg; https://media.rightmove.co.uk:443/dir/crop/10:9-16:9/78k/77224/165676172/77224_NEW250113_IMG_06_0000_max_476x317.jpeg; https://media.rightmove.co.uk:443/dir/crop/10:9-16:9/78k/77224/165676172/77224_NEW250113_IMG_07_0000_max_476x317.jpeg; https://media.rightmove.co.uk:443/dir/crop/10:9-16:9/78k/77224/165676172/77224_NEW250113_IMG_08_0000_max_476x317.jpeg; https://media.rightmove.co.uk:443/dir/crop/10:9-16:9/78k/77224/165676172/77224_NEW250113_IMG_09_0000_max_476x317.jpeg; https://media.rightmove.co.uk:443/dir/crop/10:9-16:9/78k/77224/165676172/77224_NEW250113_IMG_10_0000_max_476x317.jpeg; https://media.rightmove.co.uk:443/dir/crop/10:9-16:9/78k/77224/165676172/77224_NEW250113_IMG_11_0000_max_476x317.jpeg; https://media.rightmove.co.uk:443/dir/crop/10:9-16:9/78k/77224/165676172/77224_NEW250113_IMG_12_0000_max_476x317.jpeg; https://media.rightmove.co.uk:443/dir/crop/10:9-16:9/78k/77224/165676172/77224_NEW250113_IMG_13_0000_max_476x317.jpeg; https://media.rightmove.co.uk:443/dir/crop/10:9-16:9/78k/77224/165676172/77224_NEW250113_IMG_14_0000_max_476x317.jpeg; https://media.rightmove.co.uk:443/dir/crop/10:9-16:9/78k/77224/165676172/77224_NEW250113_IMG_15_0000_max_476x317.jpeg; https://media.rightmove.co.uk:443/dir/crop/10:9-16:9/78k/77224/165676172/77224_NEW250113_IMG_16_0000_max_476x317.jpeg; https://media.rightmove.co.uk:443/dir/crop/10:9-16:9/78k/77224/165676172/77224_NEW250113_IMG_17_0000_max_476x317.jpeg; https://media.rightmove.co.uk:443/dir/crop/10:9-16:9/78k/77224/165676172/77224_NEW250113_IMG_18_0000_max_476x317.jpeg; https://media.rightmove.co.uk:443/dir/crop/10:9-16:9/78k/77224/165676172/77224_NEW250113_IMG_19_0000_max_476x317.jpeg; https://media.rightmove.co.uk:443/dir/crop/10:9-16:9/78k/77224/165676172/77224_NEW250113_IMG_20_0000_max_476x317.jpeg; https://media.rightmove.co.uk:443/dir/crop/10:9-16:9/78k/77224/165676172/77224_NEW250113_IMG_21_0000_max_476x317.jpeg; https://media.rightmove.co.uk:443/dir/crop/10:9-16:9/78k/77224/165676172/77224_NEW250113_IMG_22_0000_max_476x317.jpeg; https://media.rightmove.co.uk:443/dir/crop/10:9-16:9/78k/77224/165676172/77224_NEW250113_IMG_23_0000_max_476x317.jpeg"
"167393807","Barnet","Plot","Quinta Drive, Arkley, Hertfordshire, EN5","£1,495,000","Guide Price","","","** DEVELOPMENT OPPORTUNITY ** Planning permission has been granted for: 'Demolition of the existing dwelling and erection of 2no. two-storey detached dwelling houses with associated amenity space, refuse storage and off street parking'. Situated in the prestigious and sought...","https://www.rightmove.co.uk/properties/167393807#/?channel=COM_BUY","2025-09-25T01:42:27Z","","price_reduced","Marketed by Statons New Homes Showcase, Barnet","","51.649018","-0.225682","https://media.rightmove.co.uk:443/dir/crop/10:9-16:9/157k/156830/167393807/156830_BAR250096_IMG_00_0000_max_476x317.jpeg; https://media.rightmove.co.uk:443/dir/crop/10:9-16:9/157k/156830/167393807/156830_BAR250096_IMG_01_0000_max_476x317.jpeg; https://media.rightmove.co.uk:443/dir/crop/10:9-16:9/157k/156830/167393807/156830_BAR250096_IMG_02_0000_max_476x317.jpeg; https://media.rightmove.co.uk:443/dir/crop/10:9-16:9/157k/156830/167393807/156830_BAR250096_IMG_03_0000_max_476x317.jpeg; https://media.rightmove.co.uk:443/dir/crop/10:9-16:9/157k/156830/167393807/156830_BAR250096_IMG_04_0000_max_476x317.jpeg; https://media.rightmove.co.uk:443/dir/crop/10:9-16:9/157k/156830/167393807/156830_BAR250096_IMG_05_0000_max_476x317.jpeg; https://media.rightmove.co.uk:443/dir/crop/10:9-16:9/157k/156830/167393807/156830_BAR250096_IMG_06_0000_max_476x317.jpeg; https://media.rightmove.co.uk:443/dir/crop/10:9-16:9/157k/156830/167393807/156830_BAR250096_IMG_07_0000_max_476x317.jpeg; https://media.rightmove.co.uk:443/dir/crop/10:9-16:9/157k/156830/167393807/156830_BAR250096_IMG_08_0000_max_476x317.jpeg"
"164870210","Barnet","Residential Development","93 High Road, East Finchley, London, N2 8AG","£1,150,000","Offers in Excess of","","","Freehold Shop & Uppers With Redevelopment Potential","https://www.rightmove.co.uk/properties/164870210#/?channel=COM_BUY","2025-07-24T12:40:54Z","","new","Marketed by Di Properties Ltd, London","","51.5908","-0.16468","https://media.rightmove.co.uk:443/dir/crop/10:9-16:9/289k/288836/164870210/288836_highroadeastfinchley_IMG_00_0000_max_476x317.png"
"164806781","Barnet","Light Industrial","East Barnet Road, Barnet","£1,000,000","Guide Price","","","Situated between New Barnet Station and East Barnet village is this commercial unit of 3,405 SQ. FT or 316.3 SQ. M with multiple uses (subject to planning). The unit benefits from office and storage space, parking, concrete flooring throughout on the ground floor and carpeting to upstai...","https://www.rightmove.co.uk/properties/164806781#/?channel=COM_BUY","2025-07-22T13:40:43Z","","new","Marketed by DUNCAN PERRY COMMERCIAL, Duncan Perry","","51.649459","-0.170346","https://media.rightmove.co.uk:443/dir/crop/10:9-16:9/271k/270524/164806781/270524_34053157_IMG_00_0000_max_476x317.jpeg; https://media.rightmove.co.uk:443/dir/crop/10:9-16:9/271k/270524/164806781/270524_34053157_IMG_01_0000_max_476x317.jpeg; https://media.rightmove.co.uk:443/dir/crop/10:9-16:9/271k/270524/164806781/270524_34053157_IMG_02_0000_max_476x317.jpeg; https://media.rightmove.co.uk:443/dir/crop/10:9-16:9/271k/270524/164806781/270524_34053157_IMG_03_0000_max_476x317.jpeg; https://media.rightmove.co.uk:443/dir/crop/10:9-16:9/271k/270524/164806781/270524_34053157_IMG_04_0000_max_476x317.jpeg; https://media.rightmove.co.uk:443/dir/crop/10:9-16:9/271k/270524/164806781/270524_34053157_IMG_05_0000_max_476x317.jpeg; https://media.rightmove.co.uk:443/dir/crop/10:9-16:9/271k/270524/164806781/270524_34053157_IMG_06_0000_max_476x317.jpeg; https://media.rightmove.co.uk:443/dir/crop/10:9-16:9/271k/270524/164806781/270524_34053157_IMG_07_0000_max_476x317.jpeg; https://media.rightmove.co.uk:443/dir/crop/10:9-16:9/271k/270524/164806781/270524_34053157_IMG_08_0000_max_476x317.jpeg; https://media.rightmove.co.uk:443/dir/crop/10:9-16:9/271k/270524/164806781/270524_34053157_IMG_09_0000_max_476x317.jpeg; https://media.rightmove.co.uk:443/dir/crop/10:9-16:9/271k/270524/164806781/270524_34053157_IMG_10_0000_max_476x317.jpeg; https://media.rightmove.co.uk:443/dir/crop/10:9-16:9/271k/270524/164806781/270524_34053157_IMG_11_0000_max_476x317.jpeg"
"164255510","Barnet","Office","199 Lawrence Street, Mill Hill, NW7 4JH","£825,000","","","","Recently built detached E-use class / office premises in Mill Hill With 3-4 parking spaces","https://www.rightmove.co.uk/properties/164255510#/?channel=COM_BUY","2025-07-07T14:59:02Z","","new","Marketed by Dutch & Dutch, Commercial","","51.617567","-0.245073","https://media.rightmove.co.uk:443/dir/crop/10:9-16:9/85k/84379/164255510/84379_303514-1_IMG_00_0000_max_476x317.jpeg; https://media.rightmove.co.uk:443/dir/crop/10:9-16:9/85k/84379/164255510/84379_303514-1_IMG_01_0000_max_476x317.jpeg; https://media.rightmove.co.uk:443/dir/crop/10:9-16:9/85k/84379/164255510/84379_303514-1_IMG_02_0000_max_476x317.jpeg; https://media.rightmove.co.uk:443/dir/crop/10:9-16:9/85k/84379/164255510/84379_303514-1_IMG_03_0000_max_476x317.jpeg; https://media.rightmove.co.uk:443/dir/crop/10:9-16:9/85k/84379/164255510/84379_303514-1_IMG_04_0000_max_476x317.jpeg; https://media.rightmove.co.uk:443/dir/crop/10:9-16:9/85k/84379/164255510/84379_303514-1_IMG_05_0000_max_476x317.jpeg; https://media.rightmove.co.uk:443/dir/crop/10:9-16:9/85k/84379/164255510/84379_303514-1_IMG_06_0000_max_476x317.jpeg; https://media.rightmove.co.uk:443/dir/crop/10:9-16:9/85k/84379/164255510/84379_303514-1_IMG_07_0000_max_476x317.jpeg; https://media.rightmove.co.uk:443/dir/crop/10:9-16:9/85k/84379/164255510/84379_303514-1_IMG_08_0000_max_476x317.jpeg"
"156227414","Barnet","Plot","Hendon Lane, Finchley Central, N3","£800,000","Offers in Excess of","4","4","FREEHOLD BUILDING FOR SALE!!! Set back off Hendon Lane and conveniently located within 0.2 miles of Finchley Central Station is this freehold building that compromises of 2x two bedroom apartments located above a commercial premises. The commercial is unit is currently let with long term tenants ...","https://www.rightmove.co.uk/properties/156227414#/?channel=COM_BUY","2024-12-26T01:01:18Z","","price_reduced","Marketed by Adam Hayes Estate Agents, Finchley Central, N3","","51.59999","-0.196498","https://media.rightmove.co.uk:443/dir/crop/10:9-16:9/236k/235829/156227414/235829_33498747_IMG_00_0000_max_476x317.jpeg; https://media.rightmove.co.uk:443/dir/crop/10:9-16:9/236k/235829/156227414/235829_33498747_IMG_01_0000_max_476x317.jpeg; https://media.rightmove.co.uk:443/dir/crop/10:9-16:9/236k/235829/156227414/235829_33498747_IMG_02_0000_max_476x317.jpeg; https://media.rightmove.co.uk:443/dir/crop/10:9-16:9/236k/235829/156227414/235829_33498747_IMG_03_0000_max_476x317.jpeg; https://media.rightmove.co.uk:443/dir/crop/10:9-16:9/236k/235829/156227414/235829_33498747_IMG_04_0000_max_476x317.jpeg; https://media.rightmove.co.uk:443/dir/crop/10:9-16:9/236k/235829/156227414/235829_33498747_IMG_05_0000_max_476x317.jpeg; https://media.rightmove.co.uk:443/dir/crop/10:9-16:9/236k/235829/156227414/235829_33498747_IMG_06_0000_max_476x317.jpeg; https://media.rightmove.co.uk:443/dir/crop/10:9-16:9/236k/235829/156227414/235829_33498747_IMG_07_0000_max_476x317.jpeg; https://media.rightmove.co.uk:443/dir/crop/10:9-16:9/236k/235829/156227414/235829_33498747_IMG_08_0000_max_476x317.jpeg; https://media.rightmove.co.uk:443/dir/crop/10:9-16:9/236k/235829/156227414/235829_33498747_IMG_09_0000_max_476x317.jpeg; https://media.rightmove.co.uk:443/dir/crop/10:9-16:9/236k/235829/156227414/235829_33498747_IMG_10_0000_max_476x317.jpeg; https://media.rightmove.co.uk:443/dir/crop/10:9-16:9/236k/235829/156227414/235829_33498747_IMG_11_0000_max_476x317.jpeg; https://media.rightmove.co.uk:443/dir/crop/10:9-16:9/236k/235829/156227414/235829_33498747_IMG_12_0000_max_476x317.png"
"163169456","Barnet","Commercial Property","East Barnet Road, Barnet, Hertfordshire, EN4","£250,000","Fixed Price","","","E class unit currently school uniform outfitters, 700 sq.ft. approx. and basement 163 sq.ft. approx Frontage 14'5 approx widening to 14'8 approx. Return frontage 4'6 approx, benefits wood flooring, wc, spotlights and Single phase electricity","https://www.rightmove.co.uk/properties/163169456#/?channel=COM_BUY","2025-06-11T15:52:54Z","","new","Marketed by Paul Simon Seaton Commercial Estate Agents Ltd, London","","51.649671","-0.171289","https://media.rightmove.co.uk:443/dir/crop/10:9-16:9/100k/99743/163169456/99743_1775FH_IMG_00_0000_max_476x317.jpeg; https://media.rightmove.co.uk:443/dir/crop/10:9-16:9/100k/99743/163169456/99743_1775FH_IMG_01_0000_max_476x317.jpeg; https://media.rightmove.co.uk:443/dir/crop/10:9-16:9/100k/99743/163169456/99743_1775FH_IMG_02_0000_max_476x317.jpeg; https://media.rightmove.co.uk:443/dir/crop/10:9-16:9/100k/99743/163169456/99743_1775FH_IMG_03_0000_max_476x317.jpeg; https://media.rightmove.co.uk:443/dir/crop/10:9-16:9/100k/99743/163169456/99743_1775FH_IMG_04_0000_max_476x317.jpeg"
"162801842","Barnet","Mixed Use","1 Church Passage, Hertfordshire, Barnet, EN5 4QS","POA","","","","Mixed-Use Investment With Planning Consent For Two Additional Flats Freehold for sale","https://www.rightmove.co.uk/properties/162801842#/?channel=COM_BUY","2025-06-03T16:39:41Z","","new","Marketed by Robert Irving Burns, Robert Irving Burns","","51.65355","-0.201615","https://media.rightmove.co.uk:443/dir/crop/10:9-16:9/208k/207110/162801842/207110_301399-1_IMG_00_0000_max_476x317.jpeg; https://media.rightmove.co.uk:443/dir/crop/10:9-16:9/208k/207110/162801842/207110_301399-1_IMG_01_0000_max_476x317.jpeg; https://media.rightmove.co.uk:443/dir/crop/10:9-16:9/208k/207110/162801842/207110_301399-1_IMG_02_0000_max_476x317.jpeg"
"162524834","Barnet","Retail Property (high street)","East Barnet Road, New Barnet","£1,000,000","Offers in Region of","","","EXCELLENT INVESTMENT PURCHASE including Shop 68.2 sqm/ 734 sq. ft, warehouse/Gym 216.1 sqm/2326 sq. ft and duplex maisonette 88.6 sqm/954 sq.ft. Total 372.4 sqm/4008 sq. ft. Total income, just under £58,000 PA. Situated in this busy shopping street close to New Barnet Mainline Railway station.","https://www.rightmove.co.uk/properties/162524834#/?channel=COM_BUY","2025-05-28T13:13:28Z","","new","Marketed by DUNCAN PERRY COMMERCIAL, Duncan Perry","","51.647949","-0.167978","https://media.rightmove.co.uk:443/dir/crop/10:9-16:9/271k/270524/162524834/270524_33914931_IMG_00_0000_max_476x317.jpeg; https://media.rightmove.co.uk:443/dir/crop/10:9-16:9/271k/270524/162524834/270524_33914931_IMG_01_0000_max_476x317.jpeg; https://media.rightmove.co.uk:443/dir/crop/10:9-16:9/271k/270524/162524834/270524_33914931_IMG_02_0000_max_476x317.jpeg; https://media.rightmove.co.uk:443/dir/crop/10:9-16:9/271k/270524/162524834/270524_33914931_IMG_03_0000_max_476x317.jpeg; https://media.rightmove.co.uk:443/dir/crop/10:9-16:9/271k/270524/162524834/270524_33914931_IMG_04_0000_max_476x317.jpeg; https://media.rightmove.co.uk:443/dir/crop/10:9-16:9/271k/270524/162524834/270524_33914931_IMG_05_0000_max_476x317.jpeg; https://media.rightmove.co.uk:443/dir/crop/10:9-16:9/271k/270524/162524834/270524_33914931_IMG_06_0000_max_476x317.jpeg; https://media.rightmove.co.uk:443/dir/crop/10:9-16:9/271k/270524/162524834/270524_33914931_IMG_07_0000_max_476x317.jpeg; https://media.rightmove.co.uk:443/dir/crop/10:9-16:9/271k/270524/162524834/270524_33914931_IMG_08_0000_max_476x317.jpeg; https://media.rightmove.co.uk:443/dir/crop/10:9-16:9/271k/270524/162524834/270524_33914931_IMG_09_0000_max_476x317.jpeg; https://media.rightmove.co.uk:443/dir/crop/10:9-16:9/271k/270524/162524834/270524_33914931_IMG_10_0000_max_476x317.jpeg; https://media.rightmove.co.uk:443/dir/crop/10:9-16:9/271k/270524/162524834/270524_33914931_IMG_11_0000_max_476x317.jpeg; https://media.rightmove.co.uk:443/dir/crop/10:9-16:9/271k/270524/162524834/270524_33914931_IMG_12_0000_max_476x317.jpeg; https://media.rightmove.co.uk:443/dir/crop/10:9-16:9/271k/270524/162524834/270524_33914931_IMG_13_0000_max_476x317.jpeg; https://media.rightmove.co.uk:443/dir/crop/10:9-16:9/271k/270524/162524834/270524_33914931_IMG_14_0000_max_476x317.jpeg; https://media.rightmove.co.uk:443/dir/crop/10:9-16:9/271k/270524/162524834/270524_33914931_IMG_15_0000_max_476x317.jpeg; https://media.rightmove.co.uk:443/dir/crop/10:9-16:9/271k/270524/162524834/270524_33914931_IMG_16_0000_max_476x317.jpeg; https://media.rightmove.co.uk:443/dir/crop/10:9-16:9/271k/270524/162524834/270524_33914931_IMG_17_0000_max_476x317.jpeg; https://media.rightmove.co.uk:443/dir/crop/10:9-16:9/271k/270524/162524834/270524_33914931_IMG_18_0000_max_476x317.jpeg; https://media.rightmove.co.uk:443/dir/crop/10:9-16:9/271k/270524/162524834/270524_33914931_IMG_19_0000_max_476x317.jpeg"
"161216396","Barnet","Residential Development","1st floor rear studio, Claremont Road, London, NW2 1BP","£190,000","Offers in Excess of","","1","This upgraded bright studio flat investment (290sqf/27sqm) is situated on the 1st floor of a converted period building providing an ideal first time buy or Buy to Let investment having been decorated ...","https://www.rightmove.co.uk/properties/161216396#/?channel=COM_BUY","2025-04-28T13:33:00Z","","new","Marketed by William Nelhams & Co, London","","51.55959","-0.21198","https://media.rightmove.co.uk:443/dir/crop/10:9-16:9/271k/270635/161216396/270635_560543_IMG_00_0000_max_476x317.jpeg; https://media.rightmove.co.uk:443/dir/crop/10:9-16:9/271k/270635/161216396/270635_560543_IMG_01_0000_max_476x317.jpeg; https://media.rightmove.co.uk:443/dir/crop/10:9-16:9/271k/270635/161216396/270635_560543_IMG_02_0000_max_476x317.jpeg; https://media.rightmove.co.uk:443/dir/crop/10:9-16:9/271k/270635/161216396/270635_560543_IMG_03_0000_max_476x317.jpeg; https://media.rightmove.co.uk:443/dir/crop/10:9-16:9/271k/270635/161216396/270635_560543_IMG_04_0000_max_476x317.jpeg; https://media.rightmove.co.uk:443/dir/crop/10:9-16:9/271k/270635/161216396/270635_560543_IMG_05_0000_max_476x317.jpeg"
"137349326","Barnet","Office","High Street, Edgware, Middlesex, HA8","£595,000","Offers in Region of","","","LOCATIONElizabeth House is located within the heart of Edgware on the east side of the A5 and a few minutes walk to Edgware Station and surrounded by all facilities and amenities. There are excellent transport links and routes to Central London and the Motorway network (Jct 4 of M1 within 2 miles)","https://www.rightmove.co.uk/properties/137349326#/?channel=COM_BUY","2023-07-14T14:32:39Z","","price_reduced","Marketed by Petermans, London","","51.61036","-0.27842","https://media.rightmove.co.uk:443/dir/crop/10:9-16:9/239k/238082/137349326/238082_ThirdFloor_IMG_13_0001_max_476x317.jpeg; https://media.rightmove.co.uk:443/dir/crop/10:9-16:9/239k/238082/137349326/238082_ThirdFloor_IMG_16_0000_max_476x317.jpeg; https://media.rightmove.co.uk:443/dir/crop/10:9-16:9/239k/238082/137349326/238082_ThirdFloor_IMG_15_0000_max_476x317.jpeg; https://media.rightmove.co.uk:443/dir/crop/10:9-16:9/239k/238082/137349326/238082_ThirdFloor_IMG_14_0000_max_476x317.jpeg; https://media.rightmove.co.uk:443/dir/crop/10:9-16:9/239k/238082/137349326/238082_ThirdFloor_IMG_19_0000_max_476x317.jpeg; https://media.rightmove.co.uk:443/dir/crop/10:9-16:9/239k/238082/137349326/238082_ThirdFloor_IMG_20_0000_max_476x317.jpeg; https://media.rightmove.co.uk:443/dir/crop/10:9-16:9/239k/238082/137349326/238082_ThirdFloor_IMG_17_0000_max_476x317.jpeg; https://media.rightmove.co.uk:443/dir/crop/10:9-16:9/239k/238082/137349326/238082_ThirdFloor_IMG_18_0000_max_476x317.jpeg; https://media.rightmove.co.uk:443/dir/crop/10:9-16:9/239k/238082/137349326/238082_ThirdFloor_IMG_21_0000_max_476x317.jpeg; https://media.rightmove.co.uk:443/dir/crop/10:9-16:9/239k/238082/137349326/238082_ThirdFloor_IMG_22_0000_max_476x317.jpeg; https://media.rightmove.co.uk:443/dir/crop/10:9-16:9/239k/238082/137349326/238082_ThirdFloor_IMG_23_0000_max_476x317.jpeg; https://media.rightmove.co.uk:443/dir/crop/10:9-16:9/239k/238082/137349326/238082_ThirdFloor_IMG_24_0000_max_476x317.jpeg; https://media.rightmove.co.uk:443/dir/crop/10:9-16:9/239k/238082/137349326/238082_ThirdFloor_IMG_12_0000_max_476x317.jpeg"
"143538959","Barnet","Restaurant","Ballards Lane, London, N12","£399,500","Guide Price","","","RESTAURANT UNIT, WITH INCOME - Virtual FreeholdThis is currently let and income producing with the opportunity to have vacant possession on completion.Situated on the Western side of the Tally Ho one-way system.","https://www.rightmove.co.uk/properties/143538959#/?channel=COM_BUY","2024-01-17T11:13:23Z","","price_reduced","Marketed by Maunder Taylor, London","","51.61349","-0.17695","https://media.rightmove.co.uk:443/dir/crop/10:9-16:9/199k/198353/143538959/198353_364BL_IMG_02_0000_max_476x317.jpeg; https://media.rightmove.co.uk:443/dir/crop/10:9-16:9/199k/198353/143538959/198353_364BL_IMG_01_0000_max_476x317.jpeg; https://media.rightmove.co.uk:443/dir/crop/10:9-16:9/199k/198353/143538959/198353_364BL_IMG_00_0000_max_476x317.jpeg; https://media.rightmove.co.uk:443/dir/crop/10:9-16:9/199k/198353/143538959/198353_364BL_IMG_03_0000_max_476x317.jpeg"
"160656755","Barnet","Commercial Property","Elizabeth House, 54-58 High Street, Edgware, Greater London, HA8","£590,000","Guide Price","","","3,000 Sq ft Office floor with parking for 6 cars located walking distance to Edgware Station and benefiting from 2 kitchens.","https://www.rightmove.co.uk/properties/160656755#/?channel=COM_BUY","2025-04-14T12:18:48Z","","new","Marketed by Benjamin Stevens, Edgware","","51.610001","-0.278144","https://media.rightmove.co.uk:443/dir/crop/10:9-16:9/94k/93881/160656755/93881_BNJ_DGW_LFSYCL_460_625414401_IMG_00_0000_max_476x317.jpeg; https://media.rightmove.co.uk:443/dir/crop/10:9-16:9/94k/93881/160656755/93881_BNJ_DGW_LFSYCL_460_625414401_IMG_01_0000_max_476x317.jpeg; https://media.rightmove.co.uk:443/dir/crop/10:9-16:9/94k/93881/160656755/93881_BNJ_DGW_LFSYCL_460_625414401_IMG_02_0000_max_476x317.jpeg; https://media.rightmove.co.uk:443/dir/crop/10:9-16:9/94k/93881/160656755/93881_BNJ_DGW_LFSYCL_460_625414401_IMG_03_0000_max_476x317.jpeg"
"160305863","Barnet","Retail Property (high street)","Church Hill Road, East Barnet, EN4","£60,000","","","","BUSINESS FOR SALE * Located in a prime high street position with FREE local parking nearby * £700 per month rent * landlord happy to renew with 5 or 10 year term * Secure unit with remote control shutter *","https://www.rightmove.co.uk/properties/160305863#/?channel=COM_BUY","2025-04-05T14:01:10Z","","new","Marketed by Chas R Lowe Estates, East Barnet","","51.641753","-0.16269","https://media.rightmove.co.uk:443/dir/crop/10:9-16:9/40k/39482/160305863/39482_HCE200089_IMG_00_0000_max_476x317.jpeg; https://media.rightmove.co.uk:443/dir/crop/10:9-16:9/40k/39482/160305863/39482_HCE200089_IMG_01_0000_max_476x317.jpeg; https://media.rightmove.co.uk:443/dir/crop/10:9-16:9/40k/39482/160305863/39482_HCE200089_IMG_02_0000_max_476x317.jpeg; https://media.rightmove.co.uk:443/dir/crop/10:9-16:9/40k/39482/160305863/39482_HCE200089_IMG_03_0000_max_476x317.jpeg; https://media.rightmove.co.uk:443/dir/crop/10:9-16:9/40k/39482/160305863/39482_HCE200089_IMG_04_0000_max_476x317.jpeg; https://media.rightmove.co.uk:443/dir/crop/10:9-16:9/40k/39482/160305863/39482_HCE200089_IMG_05_0000_max_476x317.jpeg; https://media.rightmove.co.uk:443/dir/crop/10:9-16:9/40k/39482/160305863/39482_HCE200089_IMG_06_0000_max_476x317.jpeg; https://media.rightmove.co.uk:443/dir/crop/10:9-16:9/40k/39482/160305863/39482_HCE200089_IMG_07_0000_max_476x317.jpeg"
"160089908","Barnet","Office","7b High Street & Land Associated With 2 Bedford Av, Barnet, Hertfordshire, EN5","£2,000,000","","","","The property is a mid-terrace brick building with a mansard roof and flat-roofed side/rear extensions. The property is arranged over three floors and is Use Class E. The ground floor comprises a reception with glass frontage, open-plan and partitioned offices, WCs, a kitchenette, and rear fire es...","https://www.rightmove.co.uk/properties/160089908#/?channel=COM_BUY","2025-04-01T12:17:44Z","","new","Marketed by Lambert Smith Hampton, Leeds","","51.651077","-0.196882","https://media.rightmove.co.uk:443/dir/crop/10:9-16:9/170k/169838/160089908/169838_2071138FH_IMG_00_0000_max_476x317.jpeg; https://media.rightmove.co.uk:443/dir/crop/10:9-16:9/170k/169838/160089908/169838_2071138FH_IMG_01_0000_max_476x317.jpeg; https://media.rightmove.co.uk:443/dir/crop/10:9-16:9/170k/169838/160089908/169838_2071138FH_IMG_02_0000_max_476x317.jpeg; https://media.rightmove.co.uk:443/dir/crop/10:9-16:9/170k/169838/160089908/169838_2071138FH_IMG_03_0000_max_476x317.jpeg; https://media.rightmove.co.uk:443/dir/crop/10:9-16:9/170k/169838/160089908/169838_2071138FH_IMG_04_0000_max_476x317.jpeg; https://media.rightmove.co.uk:443/dir/crop/10:9-16:9/170k/169838/160089908/169838_2071138FH_IMG_05_0000_max_476x317.jpeg; https://media.rightmove.co.uk:443/dir/crop/10:9-16:9/170k/169838/160089908/169838_2071138FH_IMG_06_0000_max_476x317.jpeg; https://media.rightmove.co.uk:443/dir/crop/10:9-16:9/170k/169838/160089908/169838_2071138FH_IMG_07_0000_max_476x317.jpeg; https://media.rightmove.co.uk:443/dir/crop/10:9-16:9/170k/169838/160089908/169838_2071138FH_IMG_08_0000_max_476x317.jpeg; https://media.rightmove.co.uk:443/dir/crop/10:9-16:9/170k/169838/160089908/169838_2071138FH_IMG_09_0000_max_476x317.jpeg; https://media.rightmove.co.uk:443/dir/crop/10:9-16:9/170k/169838/160089908/169838_2071138FH_IMG_10_0000_max_476x317.jpeg; https://media.rightmove.co.uk:443/dir/crop/10:9-16:9/170k/169838/160089908/169838_2071138FH_IMG_11_0000_max_476x317.jpeg; https://media.rightmove.co.uk:443/dir/crop/10:9-16:9/170k/169838/160089908/169838_2071138FH_IMG_12_0000_max_476x317.jpeg; https://media.rightmove.co.uk:443/dir/crop/10:9-16:9/170k/169838/160089908/169838_2071138FH_IMG_13_0000_max_476x317.jpeg; https://media.rightmove.co.uk:443/dir/crop/10:9-16:9/170k/169838/160089908/169838_2071138FH_IMG_14_0000_max_476x317.jpeg; https://media.rightmove.co.uk:443/dir/crop/10:9-16:9/170k/169838/160089908/169838_2071138FH_IMG_15_0000_max_476x317.jpeg; https://media.rightmove.co.uk:443/dir/crop/10:9-16:9/170k/169838/160089908/169838_2071138FH_IMG_16_0000_max_476x317.jpeg; https://media.rightmove.co.uk:443/dir/crop/10:9-16:9/170k/169838/160089908/169838_2071138FH_IMG_17_0000_max_476x317.jpeg; https://media.rightmove.co.uk:443/dir/crop/10:9-16:9/170k/169838/160089908/169838_2071138FH_IMG_18_0000_max_476x317.jpeg; https://media.rightmove.co.uk:443/dir/crop/10:9-16:9/170k/169838/160089908/169838_2071138FH_IMG_19_0000_max_476x317.jpeg; https://media.rightmove.co.uk:443/dir/crop/10:9-16:9/170k/169838/160089908/169838_2071138FH_IMG_20_0000_max_476x317.jpeg; https://media.rightmove.co.uk:443/dir/crop/10:9-16:9/170k/169838/160089908/169838_2071138FH_IMG_21_0000_max_476x317.jpeg"
"159955694","Barnet","Office","64-66 High Street, Barnet, Hertfordshire","POA","","","","An end terraced three storey building with offices being located across the first and second floor however would also suit medical uses. The property requires refurbishment which can be discussed at a later date. There are no parking spaces.","https://www.rightmove.co.uk/properties/159955694#/?channel=COM_BUY","2025-03-28T14:30:01Z","","new","Marketed by Aitchison Raffety, St. Albans","","51.65303","-0.19932","https://media.rightmove.co.uk:443/dir/crop/10:9-16:9/288k/287567/159955694/287567_102122FH_IMG_00_0000_max_476x317.jpeg; https://media.rightmove.co.uk:443/dir/crop/10:9-16:9/288k/287567/159955694/287567_102122FH_IMG_01_0000_max_476x317.jpeg; https://media.rightmove.co.uk:443/dir/crop/10:9-16:9/288k/287567/159955694/287567_102122FH_IMG_02_0000_max_476x317.jpeg"
"153866603","Barnet","Commercial Property","The Oyo Hotel, North Finchley, N12","£12,000,000","Offers in Excess of","","","Hotel Investment / Development opportunity Purpose built hotel with existing income, asset management angles and further development potential. Opportunity to acquire an existing purpose built, 88 bedroom hotel with onsite parking and a 120 cover restaurant. The hotel ...","https://www.rightmove.co.uk/properties/153866603#/?channel=COM_BUY","2024-10-16T18:09:54Z","","price_reduced","Marketed by Greenstone Residential, St. Johns Wood","","51.605175","-0.17468","https://media.rightmove.co.uk:443/dir/crop/10:9-16:9/89k/88567/153866603/88567_33446190_IMG_00_0000_max_476x317.jpeg; https://media.rightmove.co.uk:443/dir/crop/10:9-16:9/89k/88567/153866603/88567_33446190_IMG_01_0000_max_476x317.jpeg; https://media.rightmove.co.uk:443/dir/crop/10:9-16:9/89k/88567/153866603/88567_33446190_IMG_02_0000_max_476x317.jpeg; https://media.rightmove.co.uk:443/dir/crop/10:9-16:9/89k/88567/153866603/88567_33446190_IMG_03_0000_max_476x317.jpeg; https://media.rightmove.co.uk:443/dir/crop/10:9-16:9/89k/88567/153866603/88567_33446190_IMG_04_0000_max_476x317.jpeg; https://media.rightmove.co.uk:443/dir/crop/10:9-16:9/89k/88567/153866603/88567_33446190_IMG_05_0000_max_476x317.jpeg; https://media.rightmove.co.uk:443/dir/crop/10:9-16:9/89k/88567/153866603/88567_33446190_IMG_06_0000_max_476x317.jpeg; https://media.rightmove.co.uk:443/dir/crop/10:9-16:9/89k/88567/153866603/88567_33446190_IMG_07_0000_max_476x317.jpeg; https://media.rightmove.co.uk:443/dir/crop/10:9-16:9/89k/88567/153866603/88567_33446190_IMG_08_0000_max_476x317.jpeg"
"164671181","Barnet","Commercial Property","High Road, London, N20","£2,100,000","Guide Price","","","FREEHOLD INVESMENT FOR SALE WITH RE-DEVLOPMENT OPPORTUNITY (STPP)The Ground Floor unit is currently let. STPP there is scope to develop the currently vacant upper floor offices into residential, as well as creating a new floor above (see plans).","https://www.rightmove.co.uk/properties/164671181#/?channel=COM_BUY","2025-07-18T10:35:57Z","","price_reduced","Marketed by Maunder Taylor, London","","51.63182","-0.17535","https://media.rightmove.co.uk:443/dir/crop/10:9-16:9/199k/198353/164671181/198353_1324FM_IMG_00_0000_max_476x317.jpeg; https://media.rightmove.co.uk:443/dir/crop/10:9-16:9/199k/198353/164671181/198353_1324FM_IMG_07_0000_max_476x317.jpeg; https://media.rightmove.co.uk:443/dir/crop/10:9-16:9/199k/198353/164671181/198353_1324FM_IMG_13_0000_max_476x317.jpeg; https://media.rightmove.co.uk:443/dir/crop/10:9-16:9/199k/198353/164671181/198353_1324FM_IMG_09_0000_max_476x317.jpeg; https://media.rightmove.co.uk:443/dir/crop/10:9-16:9/199k/198353/164671181/198353_1324FM_IMG_08_0000_max_476x317.jpeg; https://media.rightmove.co.uk:443/dir/crop/10:9-16:9/199k/198353/164671181/198353_1324FM_IMG_06_0000_max_476x317.jpeg; https://media.rightmove.co.uk:443/dir/crop/10:9-16:9/199k/198353/164671181/198353_1324FM_IMG_05_0000_max_476x317.jpeg; https://media.rightmove.co.uk:443/dir/crop/10:9-16:9/199k/198353/164671181/198353_1324FM_IMG_14_0000_max_476x317.jpeg; https://media.rightmove.co.uk:443/dir/crop/10:9-16:9/199k/198353/164671181/198353_1324FM_IMG_11_0000_max_476x317.jpeg; https://media.rightmove.co.uk:443/dir/crop/10:9-16:9/199k/198353/164671181/198353_1324FM_IMG_15_0000_max_476x317.jpeg; https://media.rightmove.co.uk:443/dir/crop/10:9-16:9/199k/198353/164671181/198353_1324FM_IMG_03_0000_max_476x317.jpeg; https://media.rightmove.co.uk:443/dir/crop/10:9-16:9/199k/198353/164671181/198353_1324FM_IMG_02_0000_max_476x317.jpeg; https://media.rightmove.co.uk:443/dir/crop/10:9-16:9/199k/198353/164671181/198353_1324FM_IMG_04_0000_max_476x317.jpeg; https://media.rightmove.co.uk:443/dir/crop/10:9-16:9/199k/198353/164671181/198353_1324FM_IMG_01_0000_max_476x317.jpeg; https://media.rightmove.co.uk:443/dir/crop/10:9-16:9/199k/198353/164671181/198353_1324FM_IMG_16_0000_max_476x317.jpeg; https://media.rightmove.co.uk:443/dir/crop/10:9-16:9/199k/198353/164671181/198353_1324FM_IMG_17_0000_max_476x317.jpeg"
"158941142","Barnet","Commercial Property","Finchley Road, London, NW11","£150,000","","",""," Commercial Premises for Sale on Finchley Road, NW11 Price: £150,000 premium (including stock and equipment)A fantastic opportunity to acquire a well-established patisserie in a prime location in Golders Green. This 500 sqft shop is fully equipped and offers an inviting space for both cus...","https://www.rightmove.co.uk/properties/158941142#/?channel=COM_BUY","2025-03-03T22:35:23Z","","new","Marketed by Filey Properties, Enfield","","51.579643","-0.198441","https://media.rightmove.co.uk:443/dir/crop/10:9-16:9/274k/273821/158941142/273821_12616257_IMG_00_0000_max_476x317.jpeg; https://media.rightmove.co.uk:443/dir/crop/10:9-16:9/274k/273821/158941142/273821_12616257_IMG_01_0000_max_476x317.jpeg; https://media.rightmove.co.uk:443/dir/crop/10:9-16:9/274k/273821/158941142/273821_12616257_IMG_02_0000_max_476x317.jpeg; https://media.rightmove.co.uk:443/dir/crop/10:9-16:9/274k/273821/158941142/273821_12616257_IMG_03_0000_max_476x317.jpeg"
"133539878","Barnet","Mixed Use","High Street, Barnet, North London, EN5","£460,000","Guide Price","","","INVESTMENT OPPORTUNITY - FOR SALE.COMMERCIAL UNIT WITH RESIDENTIAL UPPER, Located toward the Hadley Green end of the High Street, this mixed use unit is arranged over THREE levels - commercial on the ground floor, and residential over the first and attic level.","https://www.rightmove.co.uk/properties/133539878#/?channel=COM_BUY","2023-04-12T16:15:07Z","","new","Marketed by Maunder Taylor, London","","51.65684","-0.20158","https://media.rightmove.co.uk:443/dir/crop/10:9-16:9/199k/198353/133539878/198353_198HS_IMG_02_0000_max_476x317.jpeg; https://media.rightmove.co.uk:443/dir/crop/10:9-16:9/199k/198353/133539878/198353_198HS_IMG_01_0000_max_476x317.jpeg; https://media.rightmove.co.uk:443/dir/crop/10:9-16:9/199k/198353/133539878/198353_198HS_IMG_00_0000_max_476x317.jpeg; https://media.rightmove.co.uk:443/dir/crop/10:9-16:9/199k/198353/133539878/198353_198HS_IMG_03_0000_max_476x317.jpeg; https://media.rightmove.co.uk:443/dir/crop/10:9-16:9/199k/198353/133539878/198353_198HS_IMG_04_0000_max_476x317.jpeg; https://media.rightmove.co.uk:443/dir/crop/10:9-16:9/199k/198353/133539878/198353_198HS_IMG_05_0000_max_476x317.jpeg; https://media.rightmove.co.uk:443/dir/crop/10:9-16:9/199k/198353/133539878/198353_198HS_IMG_06_0000_max_476x317.jpeg; https://media.rightmove.co.uk:443/dir/crop/10:9-16:9/199k/198353/133539878/198353_198HS_IMG_07_0000_max_476x317.jpeg; https://media.rightmove.co.uk:443/dir/crop/10:9-16:9/199k/198353/133539878/198353_198HS_IMG_08_0000_max_476x317.jpeg; https://media.rightmove.co.uk:443/dir/crop/10:9-16:9/199k/198353/133539878/198353_198HS_IMG_09_0000_max_476x317.jpeg; https://media.rightmove.co.uk:443/dir/crop/10:9-16:9/199k/198353/133539878/198353_198HS_IMG_10_0000_max_476x317.jpeg"
"137596217","Barnet","Land","Beech Hill Avenue, Hadley Wood, Hertfordshire, EN4","£3,500,000","Guide Price","","","** DEVELOPMENT OPPORTUNITY ** Located in this highly sought after location, this desirable plot did have planning permission for the demolition of the existing house, subdivision of the site and erection of two detached, 2-storey, 5 bed single family dwellings with accommodation at bas...","https://www.rightmove.co.uk/properties/137596217#/?channel=COM_BUY","2023-07-19T15:40:54Z","","price_reduced","Marketed by Statons New Homes Showcase, Barnet","","51.664429","-0.171507","https://media.rightmove.co.uk:443/dir/crop/10:9-16:9/157k/156830/137596217/156830_HAW230067_IMG_16_0002_max_476x317.jpeg; https://media.rightmove.co.uk:443/dir/crop/10:9-16:9/157k/156830/137596217/156830_HAW230067_IMG_10_0000_max_476x317.jpeg; https://media.rightmove.co.uk:443/dir/crop/10:9-16:9/157k/156830/137596217/156830_HAW230067_IMG_13_0000_max_476x317.jpeg; https://media.rightmove.co.uk:443/dir/crop/10:9-16:9/157k/156830/137596217/156830_HAW230067_IMG_11_0000_max_476x317.jpeg; https://media.rightmove.co.uk:443/dir/crop/10:9-16:9/157k/156830/137596217/156830_HAW230067_IMG_00_0000_max_476x317.jpeg; https://media.rightmove.co.uk:443/dir/crop/10:9-16:9/157k/156830/137596217/156830_HAW230067_IMG_15_0000_max_476x317.jpeg; https://media.rightmove.co.uk:443/dir/crop/10:9-16:9/157k/156830/137596217/156830_HAW230067_IMG_01_0000_max_476x317.jpeg; https://media.rightmove.co.uk:443/dir/crop/10:9-16:9/157k/156830/137596217/156830_HAW230067_IMG_02_0000_max_476x317.jpeg; https://media.rightmove.co.uk:443/dir/crop/10:9-16:9/157k/156830/137596217/156830_HAW230067_IMG_03_0000_max_476x317.jpeg; https://media.rightmove.co.uk:443/dir/crop/10:9-16:9/157k/156830/137596217/156830_HAW230067_IMG_04_0000_max_476x317.jpeg; https://media.rightmove.co.uk:443/dir/crop/10:9-16:9/157k/156830/137596217/156830_HAW230067_IMG_05_0000_max_476x317.jpeg; https://media.rightmove.co.uk:443/dir/crop/10:9-16:9/157k/156830/137596217/156830_HAW230067_IMG_06_0000_max_476x317.jpeg; https://media.rightmove.co.uk:443/dir/crop/10:9-16:9/157k/156830/137596217/156830_HAW230067_IMG_07_0000_max_476x317.jpeg; https://media.rightmove.co.uk:443/dir/crop/10:9-16:9/157k/156830/137596217/156830_HAW230067_IMG_08_0000_max_476x317.jpeg; https://media.rightmove.co.uk:443/dir/crop/10:9-16:9/157k/156830/137596217/156830_HAW230067_IMG_09_0000_max_476x317.jpeg; https://media.rightmove.co.uk:443/dir/crop/10:9-16:9/157k/156830/137596217/156830_HAW230067_IMG_12_0000_max_476x317.jpeg"
"158404850","Barnet","Hotel","Heatherbank Guest House, 25 Woodside Park Road, London, N12 8RT","£3,250,000","Offers in Excess of","","","Freehold. Two substantial period buildings. 4 self contained flats + 7 bedrooms. Abundance of original features. Family run business. Retirement sale","https://www.rightmove.co.uk/properties/158404850#/?channel=COM_BUY","2025-02-18T15:08:00Z","","new","Marketed by Christie & Co, Hotels","","51.617164","-0.178762","https://media.rightmove.co.uk:443/dir/crop/10:9-16:9/261k/260756/158404850/260756_2440275-fh_IMG_00_0000_max_476x317.jpeg; https://media.rightmove.co.uk:443/dir/crop/10:9-16:9/261k/260756/158404850/260756_2440275-fh_IMG_08_0000_max_476x317.jpeg; https://media.rightmove.co.uk:443/dir/crop/10:9-16:9/261k/260756/158404850/260756_2440275-fh_IMG_09_0000_max_476x317.jpeg; https://media.rightmove.co.uk:443/dir/crop/10:9-16:9/261k/260756/158404850/260756_2440275-fh_IMG_10_0000_max_476x317.jpeg; https://media.rightmove.co.uk:443/dir/crop/10:9-16:9/261k/260756/158404850/260756_2440275-fh_IMG_11_0000_max_476x317.jpeg; https://media.rightmove.co.uk:443/dir/crop/10:9-16:9/261k/260756/158404850/260756_2440275-fh_IMG_12_0000_max_476x317.jpeg; https://media.rightmove.co.uk:443/dir/crop/10:9-16:9/261k/260756/158404850/260756_2440275-fh_IMG_13_0000_max_476x317.jpeg; https://media.rightmove.co.uk:443/dir/crop/10:9-16:9/261k/260756/158404850/260756_2440275-fh_IMG_14_0000_max_476x317.jpeg; https://media.rightmove.co.uk:443/dir/crop/10:9-16:9/261k/260756/158404850/260756_2440275-fh_IMG_15_0000_max_476x317.jpeg; https://media.rightmove.co.uk:443/dir/crop/10:9-16:9/261k/260756/158404850/260756_2440275-fh_IMG_01_0000_max_476x317.jpeg; https://media.rightmove.co.uk:443/dir/crop/10:9-16:9/261k/260756/158404850/260756_2440275-fh_IMG_02_0000_max_476x317.jpeg; https://media.rightmove.co.uk:443/dir/crop/10:9-16:9/261k/260756/158404850/260756_2440275-fh_IMG_03_0000_max_476x317.jpeg; https://media.rightmove.co.uk:443/dir/crop/10:9-16:9/261k/260756/158404850/260756_2440275-fh_IMG_04_0000_max_476x317.jpeg; https://media.rightmove.co.uk:443/dir/crop/10:9-16:9/261k/260756/158404850/260756_2440275-fh_IMG_05_0000_max_476x317.jpeg; https://media.rightmove.co.uk:443/dir/crop/10:9-16:9/261k/260756/158404850/260756_2440275-fh_IMG_06_0000_max_476x317.jpeg; https://media.rightmove.co.uk:443/dir/crop/10:9-16:9/261k/260756/158404850/260756_2440275-fh_IMG_07_0000_max_476x317.jpeg"
"168206144","Barnet","Office","23-35 Hendon Lane, Finchley Central, London, N3 1RT","£3,250,000","","","","Modern Freehold Offices with Ground Floor Offices Tenanted & First Floor Vacant Offices","https://www.rightmove.co.uk/properties/168206144#/?channel=COM_BUY","2025-10-15T14:19:43Z","","new","Marketed by Dutch & Dutch, Commercial","","51.599728","-0.196429","https://media.rightmove.co.uk:443/dir/crop/10:9-16:9/85k/84379/168206144/84379_278676-1_IMG_00_0000_max_476x317.jpeg; https://media.rightmove.co.uk:443/dir/crop/10:9-16:9/85k/84379/168206144/84379_278676-1_IMG_01_0000_max_476x317.jpeg; https://media.rightmove.co.uk:443/dir/crop/10:9-16:9/85k/84379/168206144/84379_278676-1_IMG_02_0000_max_476x317.jpeg; https://media.rightmove.co.uk:443/dir/crop/10:9-16:9/85k/84379/168206144/84379_278676-1_IMG_03_0000_max_476x317.jpeg; https://media.rightmove.co.uk:443/dir/crop/10:9-16:9/85k/84379/168206144/84379_278676-1_IMG_04_0000_max_476x317.jpeg; https://media.rightmove.co.uk:443/dir/crop/10:9-16:9/85k/84379/168206144/84379_278676-1_IMG_05_0000_max_476x317.jpeg; https://media.rightmove.co.uk:443/dir/crop/10:9-16:9/85k/84379/168206144/84379_278676-1_IMG_06_0000_max_476x317.jpeg; https://media.rightmove.co.uk:443/dir/crop/10:9-16:9/85k/84379/168206144/84379_278676-1_IMG_07_0000_max_476x317.jpeg; https://media.rightmove.co.uk:443/dir/crop/10:9-16:9/85k/84379/168206144/84379_278676-1_IMG_08_0000_max_476x317.jpeg; https://media.rightmove.co.uk:443/dir/crop/10:9-16:9/85k/84379/168206144/84379_278676-1_IMG_09_0000_max_476x317.jpeg; https://media.rightmove.co.uk:443/dir/crop/10:9-16:9/85k/84379/168206144/84379_278676-1_IMG_10_0000_max_476x317.jpeg; https://media.rightmove.co.uk:443/dir/crop/10:9-16:9/85k/84379/168206144/84379_278676-1_IMG_11_0000_max_476x317.jpeg; https://media.rightmove.co.uk:443/dir/crop/10:9-16:9/85k/84379/168206144/84379_278676-1_IMG_12_0000_max_476x317.jpeg; https://media.rightmove.co.uk:443/dir/crop/10:9-16:9/85k/84379/168206144/84379_278676-1_IMG_13_0000_max_476x317.jpeg; https://media.rightmove.co.uk:443/dir/crop/10:9-16:9/85k/84379/168206144/84379_278676-1_IMG_14_0000_max_476x317.jpeg; https://media.rightmove.co.uk:443/dir/crop/10:9-16:9/85k/84379/168206144/84379_278676-1_IMG_15_0000_max_476x317.jpeg; https://media.rightmove.co.uk:443/dir/crop/10:9-16:9/85k/84379/168206144/84379_278676-1_IMG_16_0000_max_476x317.jpeg"
"157737155","Barnet","Retail Property (high street)","Church Hill Road, East Barnet","£66,000","","","","Fully Fitted takeaway premises totalling 884 sqft. The premises has recently been refurbished to a very high standard and all the fixtures, fittings and equipment are to be included. The premises also has additional outside storage space to the rear.","https://www.rightmove.co.uk/properties/157737155#/?channel=COM_BUY","2025-02-04T09:26:36Z","","new","Marketed by Mi Commercial, London","","51.64183","-0.16263","https://media.rightmove.co.uk:443/dir/crop/10:9-16:9/72k/71298/157737155/71298_102099002611_IMG_00_0000_max_476x317.jpeg; https://media.rightmove.co.uk:443/dir/crop/10:9-16:9/72k/71298/157737155/71298_102099002611_IMG_01_0000_max_476x317.jpeg; https://media.rightmove.co.uk:443/dir/crop/10:9-16:9/72k/71298/157737155/71298_102099002611_IMG_02_0000_max_476x317.jpeg; https://media.rightmove.co.uk:443/dir/crop/10:9-16:9/72k/71298/157737155/71298_102099002611_IMG_03_0000_max_476x317.jpeg; https://media.rightmove.co.uk:443/dir/crop/10:9-16:9/72k/71298/157737155/71298_102099002611_IMG_04_0000_max_476x317.jpeg; https://media.rightmove.co.uk:443/dir/crop/10:9-16:9/72k/71298/157737155/71298_102099002611_IMG_05_0000_max_476x317.jpeg; https://media.rightmove.co.uk:443/dir/crop/10:9-16:9/72k/71298/157737155/71298_102099002611_IMG_06_0000_max_476x317.jpeg; https://media.rightmove.co.uk:443/dir/crop/10:9-16:9/72k/71298/157737155/71298_102099002611_IMG_07_0000_max_476x317.jpeg; https://media.rightmove.co.uk:443/dir/crop/10:9-16:9/72k/71298/157737155/71298_102099002611_IMG_08_0000_max_476x317.jpeg; https://media.rightmove.co.uk:443/dir/crop/10:9-16:9/72k/71298/157737155/71298_102099002611_IMG_09_0000_max_476x317.jpeg; https://media.rightmove.co.uk:443/dir/crop/10:9-16:9/72k/71298/157737155/71298_102099002611_IMG_10_0000_max_476x317.jpeg; https://media.rightmove.co.uk:443/dir/crop/10:9-16:9/72k/71298/157737155/71298_102099002611_IMG_11_0000_max_476x317.jpeg"
"157538909","Barnet","Commercial Property","High Street, Barnet, EN5","£465,000","","1","1","This is a unique chance to acquire a Freehold building located centrally on Barnet High Street. The property comprises a Class E commercial space and a one-bedroom duplex apartment. The commercial premises, previously utilized as an architecture studio/office, offers approximately 368 sq...","https://www.rightmove.co.uk/properties/157538909#/?channel=COM_BUY","2025-01-29T18:05:18Z","","size_change","Marketed by Adam Hayes Estate Agents, North Finchley, N12","","51.656978","-0.201369","https://media.rightmove.co.uk:443/dir/crop/10:9-16:9/83k/82115/157538909/82115_33638680_IMG_00_0000_max_476x317.jpeg; https://media.rightmove.co.uk:443/dir/crop/10:9-16:9/83k/82115/157538909/82115_33638680_IMG_01_0000_max_476x317.jpeg; https://media.rightmove.co.uk:443/dir/crop/10:9-16:9/83k/82115/157538909/82115_33638680_IMG_02_0000_max_476x317.jpeg; https://media.rightmove.co.uk:443/dir/crop/10:9-16:9/83k/82115/157538909/82115_33638680_IMG_03_0000_max_476x317.jpeg; https://media.rightmove.co.uk:443/dir/crop/10:9-16:9/83k/82115/157538909/82115_33638680_IMG_04_0000_max_476x317.jpeg; https://media.rightmove.co.uk:443/dir/crop/10:9-16:9/83k/82115/157538909/82115_33638680_IMG_05_0000_max_476x317.jpeg; https://media.rightmove.co.uk:443/dir/crop/10:9-16:9/83k/82115/157538909/82115_33638680_IMG_06_0000_max_476x317.jpeg; https://media.rightmove.co.uk:443/dir/crop/10:9-16:9/83k/82115/157538909/82115_33638680_IMG_07_0000_max_476x317.jpeg; https://media.rightmove.co.uk:443/dir/crop/10:9-16:9/83k/82115/157538909/82115_33638680_IMG_08_0000_max_476x317.jpeg; https://media.rightmove.co.uk:443/dir/crop/10:9-16:9/83k/82115/157538909/82115_33638680_IMG_09_0000_max_476x317.jpeg; https://media.rightmove.co.uk:443/dir/crop/10:9-16:9/83k/82115/157538909/82115_33638680_IMG_10_0000_max_476x317.jpeg; https://media.rightmove.co.uk:443/dir/crop/10:9-16:9/83k/82115/157538909/82115_33638680_IMG_11_0000_max_476x317.jpeg; https://media.rightmove.co.uk:443/dir/crop/10:9-16:9/83k/82115/157538909/82115_33638680_IMG_12_0000_max_476x317.jpeg; https://media.rightmove.co.uk:443/dir/crop/10:9-16:9/83k/82115/157538909/82115_33638680_IMG_13_0000_max_476x317.jpeg; https://media.rightmove.co.uk:443/dir/crop/10:9-16:9/83k/82115/157538909/82115_33638680_IMG_14_0000_max_476x317.jpeg; https://media.rightmove.co.uk:443/dir/crop/10:9-16:9/83k/82115/157538909/82115_33638680_IMG_15_0000_max_476x317.jpeg; https://media.rightmove.co.uk:443/dir/crop/10:9-16:9/83k/82115/157538909/82115_33638680_IMG_16_0000_max_476x317.jpeg; https://media.rightmove.co.uk:443/dir/crop/10:9-16:9/83k/82115/157538909/82115_33638680_IMG_17_0000_max_476x317.jpeg; https://media.rightmove.co.uk:443/dir/crop/10:9-16:9/83k/82115/157538909/82115_33638680_IMG_18_0000_max_476x317.jpeg"
"156913829","Barnet","Shop","Onslow Parade, Hampden Square, Southgate, London, N14","£699,995","Fixed Price","","","Freehold investment shop and upper set within a busy parade. Shop let on a 10 year Lease from December 2024 at £24,000 per annum. Upper flat is let on an AST from 15.10.24 to 14.10.25 at a rent of £1960 per month","https://www.rightmove.co.uk/properties/156913829#/?channel=COM_BUY","2025-01-15T15:50:33Z","","new","Marketed by Paul Simon Seaton Commercial Estate Agents Ltd, London","","51.632597","-0.142945","https://media.rightmove.co.uk:443/dir/crop/10:9-16:9/100k/99743/156913829/99743_1739FH_IMG_08_0000_max_476x317.jpeg; https://media.rightmove.co.uk:443/dir/crop/10:9-16:9/100k/99743/156913829/99743_1739FH_IMG_09_0000_max_476x317.jpeg; https://media.rightmove.co.uk:443/dir/crop/10:9-16:9/100k/99743/156913829/99743_1739FH_IMG_01_0000_max_476x317.jpeg; https://media.rightmove.co.uk:443/dir/crop/10:9-16:9/100k/99743/156913829/99743_1739FH_IMG_02_0000_max_476x317.jpeg; https://media.rightmove.co.uk:443/dir/crop/10:9-16:9/100k/99743/156913829/99743_1739FH_IMG_03_0000_max_476x317.jpeg; https://media.rightmove.co.uk:443/dir/crop/10:9-16:9/100k/99743/156913829/99743_1739FH_IMG_04_0000_max_476x317.jpeg; https://media.rightmove.co.uk:443/dir/crop/10:9-16:9/100k/99743/156913829/99743_1739FH_IMG_05_0000_max_476x317.jpeg; https://media.rightmove.co.uk:443/dir/crop/10:9-16:9/100k/99743/156913829/99743_1739FH_IMG_06_0000_max_476x317.jpeg; https://media.rightmove.co.uk:443/dir/crop/10:9-16:9/100k/99743/156913829/99743_1739FH_IMG_07_0000_max_476x317.jpeg"
"154474877","Barnet","Office","Salisbury Road, Barnet","£400,000","","","","Brand new commercial unit which was recently developed back in 2020. The unit used to be used as a community centre before development. The property size totals 1,280 sq ft and is to be sold with vacant possession in shell and core condition allowing any new purchaser to fit out as they please. T...","https://www.rightmove.co.uk/properties/154474877#/?channel=COM_BUY","2024-11-01T09:48:13Z","","new","Marketed by Mi Commercial, London","","51.65497","-0.20295","https://media.rightmove.co.uk:443/dir/crop/10:9-16:9/72k/71298/154474877/71298_102099002445_IMG_00_0000_max_476x317.jpeg; https://media.rightmove.co.uk:443/dir/crop/10:9-16:9/72k/71298/154474877/71298_102099002445_IMG_01_0000_max_476x317.jpeg; https://media.rightmove.co.uk:443/dir/crop/10:9-16:9/72k/71298/154474877/71298_102099002445_IMG_02_0000_max_476x317.jpeg; https://media.rightmove.co.uk:443/dir/crop/10:9-16:9/72k/71298/154474877/71298_102099002445_IMG_03_0000_max_476x317.jpeg; https://media.rightmove.co.uk:443/dir/crop/10:9-16:9/72k/71298/154474877/71298_102099002445_IMG_04_0000_max_476x317.jpeg; https://media.rightmove.co.uk:443/dir/crop/10:9-16:9/72k/71298/154474877/71298_102099002445_IMG_05_0000_max_476x317.jpeg; https://media.rightmove.co.uk:443/dir/crop/10:9-16:9/72k/71298/154474877/71298_102099002445_IMG_06_0000_max_476x317.jpeg; https://media.rightmove.co.uk:443/dir/crop/10:9-16:9/72k/71298/154474877/71298_102099002445_IMG_07_0000_max_476x317.jpeg; https://media.rightmove.co.uk:443/dir/crop/10:9-16:9/72k/71298/154474877/71298_102099002445_IMG_08_0000_max_476x317.jpeg"
"153979178","Barnet","Commercial Property","High Road, London, N20","£260,000","","","2","We are pleased to offer this stunning restaurant / bar business with a long lease for sale, the shop was extensively refurbished to a very high standard 4 years ago, the business for sale is fully functioning and trading, has accounts, premium to include all the equipment, furniture, fixtures","https://www.rightmove.co.uk/properties/153979178#/?channel=COM_BUY","2024-10-19T11:49:32Z","","new","Marketed by VOYAGER, London","","51.63188","-0.17511","https://media.rightmove.co.uk:443/dir/crop/10:9-16:9/273k/272312/153979178/272312_hakunamatata_IMG_04_0000_max_476x317.jpeg; https://media.rightmove.co.uk:443/dir/crop/10:9-16:9/273k/272312/153979178/272312_hakunamatata_IMG_13_0000_max_476x317.jpeg; https://media.rightmove.co.uk:443/dir/crop/10:9-16:9/273k/272312/153979178/272312_hakunamatata_IMG_16_0000_max_476x317.jpeg; https://media.rightmove.co.uk:443/dir/crop/10:9-16:9/273k/272312/153979178/272312_hakunamatata_IMG_15_0000_max_476x317.jpeg; https://media.rightmove.co.uk:443/dir/crop/10:9-16:9/273k/272312/153979178/272312_hakunamatata_IMG_12_0000_max_476x317.jpeg; https://media.rightmove.co.uk:443/dir/crop/10:9-16:9/273k/272312/153979178/272312_hakunamatata_IMG_14_0000_max_476x317.jpeg; https://media.rightmove.co.uk:443/dir/crop/10:9-16:9/273k/272312/153979178/272312_hakunamatata_IMG_11_0000_max_476x317.jpeg; https://media.rightmove.co.uk:443/dir/crop/10:9-16:9/273k/272312/153979178/272312_hakunamatata_IMG_08_0000_max_476x317.jpeg; https://media.rightmove.co.uk:443/dir/crop/10:9-16:9/273k/272312/153979178/272312_hakunamatata_IMG_10_0000_max_476x317.jpeg; https://media.rightmove.co.uk:443/dir/crop/10:9-16:9/273k/272312/153979178/272312_hakunamatata_IMG_07_0000_max_476x317.jpeg; https://media.rightmove.co.uk:443/dir/crop/10:9-16:9/273k/272312/153979178/272312_hakunamatata_IMG_09_0000_max_476x317.jpeg; https://media.rightmove.co.uk:443/dir/crop/10:9-16:9/273k/272312/153979178/272312_hakunamatata_IMG_01_0000_max_476x317.jpeg; https://media.rightmove.co.uk:443/dir/crop/10:9-16:9/273k/272312/153979178/272312_hakunamatata_IMG_02_0000_max_476x317.jpeg; https://media.rightmove.co.uk:443/dir/crop/10:9-16:9/273k/272312/153979178/272312_hakunamatata_IMG_03_0000_max_476x317.jpeg; https://media.rightmove.co.uk:443/dir/crop/10:9-16:9/273k/272312/153979178/272312_hakunamatata_IMG_05_0000_max_476x317.jpeg; https://media.rightmove.co.uk:443/dir/crop/10:9-16:9/273k/272312/153979178/272312_hakunamatata_IMG_06_0000_max_476x317.jpeg; https://media.rightmove.co.uk:443/dir/crop/10:9-16:9/273k/272312/153979178/272312_hakunamatata_IMG_00_0000_max_476x317.jpeg"
"155889461","Barnet","Commercial Property","198 High Street, High Barnet EN5","£225,000","","","","Mantlestates are pleased to offer this FREEHOLD Commercial Shop FOR SALE. Currently used as an Architect’s office. Located on Busy High Road with easy access to High Barnet Tube (Northern Line) & Bus links. **Offered Chain Free**","https://www.rightmove.co.uk/properties/155889461#/?channel=COM_BUY","2024-12-12T11:29:42Z","","price_reduced","Marketed by Mantlestates, East Barnet","","51.656681","-0.2016","https://media.rightmove.co.uk:443/dir/crop/10:9-16:9/24k/23909/155889461/23909_mantlestates_1540630461_IMG_00_0000_max_476x317.jpeg; https://media.rightmove.co.uk:443/dir/crop/10:9-16:9/24k/23909/155889461/23909_mantlestates_1540630461_IMG_01_0000_max_476x317.jpeg; https://media.rightmove.co.uk:443/dir/crop/10:9-16:9/24k/23909/155889461/23909_mantlestates_1540630461_IMG_02_0000_max_476x317.jpeg; https://media.rightmove.co.uk:443/dir/crop/10:9-16:9/24k/23909/155889461/23909_mantlestates_1540630461_IMG_03_0000_max_476x317.jpeg; https://media.rightmove.co.uk:443/dir/crop/10:9-16:9/24k/23909/155889461/23909_mantlestates_1540630461_IMG_04_0000_max_476x317.jpeg; https://media.rightmove.co.uk:443/dir/crop/10:9-16:9/24k/23909/155889461/23909_mantlestates_1540630461_IMG_05_0000_max_476x317.jpeg; https://media.rightmove.co.uk:443/dir/crop/10:9-16:9/24k/23909/155889461/23909_mantlestates_1540630461_IMG_06_0000_max_476x317.jpeg; https://media.rightmove.co.uk:443/dir/crop/10:9-16:9/24k/23909/155889461/23909_mantlestates_1540630461_IMG_07_0000_max_476x317.jpeg; https://media.rightmove.co.uk:443/dir/crop/10:9-16:9/24k/23909/155889461/23909_mantlestates_1540630461_IMG_08_0000_max_476x317.jpeg; https://media.rightmove.co.uk:443/dir/crop/10:9-16:9/24k/23909/155889461/23909_mantlestates_1540630461_IMG_09_0000_max_476x317.jpeg; https://media.rightmove.co.uk:443/dir/crop/10:9-16:9/24k/23909/155889461/23909_mantlestates_1540630461_IMG_10_0000_max_476x317.jpeg; https://media.rightmove.co.uk:443/dir/crop/10:9-16:9/24k/23909/155889461/23909_mantlestates_1540630461_IMG_11_0000_max_476x317.jpeg"
"152213867","Barnet","Commercial Property","Oakleigh Road North, London, N20","£240,000","Guide Price","","1","Opportunity to acquire a lock up unit, situated at the end of a secondary parade of independent shops. The property is situated behind a service road, and lies between Whetstone & New Southgate.In total, the property has a gross internal area of 510ft² (47.38m²)","https://www.rightmove.co.uk/properties/152213867#/?channel=COM_BUY","2024-09-09T15:47:41Z","","new","Marketed by Maunder Taylor, London","","51.62345","-0.15349","https://media.rightmove.co.uk:443/dir/crop/10:9-16:9/199k/198353/152213867/198353_413ORN_IMG_00_0000_max_476x317.jpeg; https://media.rightmove.co.uk:443/dir/crop/10:9-16:9/199k/198353/152213867/198353_413ORN_IMG_01_0000_max_476x317.jpeg; https://media.rightmove.co.uk:443/dir/crop/10:9-16:9/199k/198353/152213867/198353_413ORN_IMG_02_0000_max_476x317.jpeg"
"151635278","Barnet","Commercial Property","Barnet 20a-22 High Street, Barnet, Hertfordshire, EN5","£450,000","Guide Price","","","FOR SALE BY PUBLIC AUCTION 10TH SEPTEMBER 2024!","https://www.rightmove.co.uk/properties/151635278#/?channel=COM_BUY","2024-08-22T15:21:00Z","","new","Marketed by Benjamin Stevens, Edgware","","51.652598","-0.198204","https://media.rightmove.co.uk:443/dir/crop/10:9-16:9/94k/93881/151635278/93881_BNJ_BNJ_LFSYCL_688_1027355715_IMG_00_0001_max_476x317.jpeg"
"151339241","Barnet","Leisure Facility","The Gladstone, Edgware Road, Cricklewood, NW2 6LB","£495,000","","","","Shell & Core (A4 Drinking Establishment/Sui Generis or Community Facility)","https://www.rightmove.co.uk/properties/151339241#/?channel=COM_BUY","2024-08-14T15:28:57Z","","new","Marketed by Dutch & Dutch, Commercial","","51.563368","-0.221651","https://media.rightmove.co.uk:443/dir/crop/10:9-16:9/85k/84379/151339241/84379_225697-1_IMG_00_0000_max_476x317.jpeg; https://media.rightmove.co.uk:443/dir/crop/10:9-16:9/85k/84379/151339241/84379_225697-1_IMG_01_0000_max_476x317.jpeg; https://media.rightmove.co.uk:443/dir/crop/10:9-16:9/85k/84379/151339241/84379_225697-1_IMG_02_0000_max_476x317.jpeg; https://media.rightmove.co.uk:443/dir/crop/10:9-16:9/85k/84379/151339241/84379_225697-1_IMG_03_0000_max_476x317.jpeg; https://media.rightmove.co.uk:443/dir/crop/10:9-16:9/85k/84379/151339241/84379_225697-1_IMG_04_0000_max_476x317.jpeg; https://media.rightmove.co.uk:443/dir/crop/10:9-16:9/85k/84379/151339241/84379_225697-1_IMG_05_0000_max_476x317.jpeg"
"160111106","Barnet","Commercial Property","Cadbury Close, Whetstone","£2,200,000","","","","This ultra-modern building is situated in a complex on the borders of Whetstone, Barnet and Totteridge, and houses an exclusive suite of offices which are spread over the ground and lower ground floors. Ranging in size from two to ten in personnel capacity, all of the offices benefit from air con...","https://www.rightmove.co.uk/properties/160111106#/?channel=COM_BUY","2025-04-01T16:34:35Z","","price_reduced","Marketed by Aldermartin Baines & Cuthbert, Edgware","","51.633426","-0.176382","https://media.rightmove.co.uk:443/dir/crop/10:9-16:9/262k/261956/160111106/261956_33649653_IMG_00_0000_max_476x317.jpeg; https://media.rightmove.co.uk:443/dir/crop/10:9-16:9/262k/261956/160111106/261956_33649653_IMG_01_0000_max_476x317.jpeg; https://media.rightmove.co.uk:443/dir/crop/10:9-16:9/262k/261956/160111106/261956_33649653_IMG_02_0000_max_476x317.jpeg; https://media.rightmove.co.uk:443/dir/crop/10:9-16:9/262k/261956/160111106/261956_33649653_IMG_03_0000_max_476x317.jpeg; https://media.rightmove.co.uk:443/dir/crop/10:9-16:9/262k/261956/160111106/261956_33649653_IMG_04_0000_max_476x317.jpeg; https://media.rightmove.co.uk:443/dir/crop/10:9-16:9/262k/261956/160111106/261956_33649653_IMG_05_0000_max_476x317.jpeg; https://media.rightmove.co.uk:443/dir/crop/10:9-16:9/262k/261956/160111106/261956_33649653_IMG_06_0000_max_476x317.jpeg; https://media.rightmove.co.uk:443/dir/crop/10:9-16:9/262k/261956/160111106/261956_33649653_IMG_07_0000_max_476x317.jpeg; https://media.rightmove.co.uk:443/dir/crop/10:9-16:9/262k/261956/160111106/261956_33649653_IMG_08_0000_max_476x317.jpeg; https://media.rightmove.co.uk:443/dir/crop/10:9-16:9/262k/261956/160111106/261956_33649653_IMG_09_0000_max_476x317.jpeg; https://media.rightmove.co.uk:443/dir/crop/10:9-16:9/262k/261956/160111106/261956_33649653_IMG_10_0000_max_476x317.jpeg; https://media.rightmove.co.uk:443/dir/crop/10:9-16:9/262k/261956/160111106/261956_33649653_IMG_11_0000_max_476x317.jpeg; https://media.rightmove.co.uk:443/dir/crop/10:9-16:9/262k/261956/160111106/261956_33649653_IMG_12_0000_max_476x317.jpeg; https://media.rightmove.co.uk:443/dir/crop/10:9-16:9/262k/261956/160111106/261956_33649653_IMG_13_0000_max_476x317.jpeg; https://media.rightmove.co.uk:443/dir/crop/10:9-16:9/262k/261956/160111106/261956_33649653_IMG_14_0000_max_476x317.jpeg; https://media.rightmove.co.uk:443/dir/crop/10:9-16:9/262k/261956/160111106/261956_33649653_IMG_15_0000_max_476x317.jpeg; https://media.rightmove.co.uk:443/dir/crop/10:9-16:9/262k/261956/160111106/261956_33649653_IMG_16_0000_max_476x317.jpeg; https://media.rightmove.co.uk:443/dir/crop/10:9-16:9/262k/261956/160111106/261956_33649653_IMG_17_0000_max_476x317.jpeg; https://media.rightmove.co.uk:443/dir/crop/10:9-16:9/262k/261956/160111106/261956_33649653_IMG_18_0000_max_476x317.jpeg; https://media.rightmove.co.uk:443/dir/crop/10:9-16:9/262k/261956/160111106/261956_33649653_IMG_19_0000_max_476x317.jpeg; https://media.rightmove.co.uk:443/dir/crop/10:9-16:9/262k/261956/160111106/261956_33649653_IMG_20_0000_max_476x317.jpeg; https://media.rightmove.co.uk:443/dir/crop/10:9-16:9/262k/261956/160111106/261956_33649653_IMG_21_0000_max_476x317.jpeg; https://media.rightmove.co.uk:443/dir/crop/10:9-16:9/262k/261956/160111106/261956_33649653_IMG_22_0000_max_476x317.jpeg; https://media.rightmove.co.uk:443/dir/crop/10:9-16:9/262k/261956/160111106/261956_33649653_IMG_23_0000_max_476x317.jpeg; https://media.rightmove.co.uk:443/dir/crop/10:9-16:9/262k/261956/160111106/261956_33649653_IMG_24_0000_max_476x317.jpeg"
"159676694","Barnet","Retail Property (high street)","9 Church Lane, London, N2 8DX","£675,000","","","","MIXED USE FREEHOLD INVESTMENT FOR SALE IN N2 PRICE REDUCED - YIELD INCREASED","https://www.rightmove.co.uk/properties/159676694#/?channel=COM_BUY","2025-03-20T15:37:02Z","","price_reduced","Marketed by Dutch & Dutch, Commercial","","51.59426","-0.169955","https://media.rightmove.co.uk:443/dir/crop/10:9-16:9/property-photo/b0d254997/159676694/b0d254997b896c0221a793024bbf8a90_max_476x317.jpeg; https://media.rightmove.co.uk:443/dir/crop/10:9-16:9/property-photo/c24659109/159676694/c246591090e5da0adf73e4eaeac768bb_max_476x317.jpeg; https://media.rightmove.co.uk:443/dir/crop/10:9-16:9/property-photo/5f38448af/159676694/5f38448af4013b1b579ff719d5f7454b_max_476x317.jpeg; https://media.rightmove.co.uk:443/dir/crop/10:9-16:9/property-photo/462b351b1/159676694/462b351b1f794360ac25f14ee595ed1a_max_476x317.jpeg; https://media.rightmove.co.uk:443/dir/crop/10:9-16:9/property-photo/4c344ae5d/159676694/4c344ae5d5d38dff3f7d048e71f4a399_max_476x317.jpeg; https://media.rightmove.co.uk:443/dir/crop/10:9-16:9/property-photo/591ea9a55/159676694/591ea9a5531afeb7a266abf1ba55fa8d_max_476x317.jpeg; https://media.rightmove.co.uk:443/dir/crop/10:9-16:9/property-photo/5eb029a79/159676694/5eb029a79bb8eb00ea111abbec7e6642_max_476x317.jpeg; https://media.rightmove.co.uk:443/dir/crop/10:9-16:9/property-photo/a1e70fd2e/159676694/a1e70fd2e26c1316605ec4e8f22a02ed_max_476x317.jpeg; https://media.rightmove.co.uk:443/dir/crop/10:9-16:9/property-photo/3f9f67806/159676694/3f9f678069dea919f658cd72fdf6bfd1_max_476x317.jpeg; https://media.rightmove.co.uk:443/dir/crop/10:9-16:9/property-photo/c1521bc2b/159676694/c1521bc2b10d0efdf97dd2ce96c39426_max_476x317.jpeg"
"149159810","Barnet","Residential Development","Hendale Avenue, Hendon","£1,200,000","","7","4","Opportunity to acquire an ongoing rental investment within a detached house where the property has been split horizontally to create two independent dwellings consisting of a three bedroom and four bedroom property and both with their own private gardens. Between Sunny Hill and St Mar...","https://www.rightmove.co.uk/properties/149159810#/?channel=COM_BUY","2024-06-14T16:06:56Z","","new","Marketed by Goldschmidt & Howland, Temple Fortune - Sales","","51.592461","-0.229721","https://media.rightmove.co.uk:443/dir/crop/10:9-16:9/88k/87925/149159810/87925_LDI240013_IMG_00_0000_max_476x317.jpeg; https://media.rightmove.co.uk:443/dir/crop/10:9-16:9/88k/87925/149159810/87925_LDI240013_IMG_01_0000_max_476x317.jpeg; https://media.rightmove.co.uk:443/dir/crop/10:9-16:9/88k/87925/149159810/87925_LDI240013_IMG_02_0000_max_476x317.jpeg; https://media.rightmove.co.uk:443/dir/crop/10:9-16:9/88k/87925/149159810/87925_LDI240013_IMG_03_0000_max_476x317.jpeg; https://media.rightmove.co.uk:443/dir/crop/10:9-16:9/88k/87925/149159810/87925_LDI240013_IMG_04_0000_max_476x317.jpeg; https://media.rightmove.co.uk:443/dir/crop/10:9-16:9/88k/87925/149159810/87925_LDI240013_IMG_05_0000_max_476x317.jpeg; https://media.rightmove.co.uk:443/dir/crop/10:9-16:9/88k/87925/149159810/87925_LDI240013_IMG_06_0000_max_476x317.jpeg; https://media.rightmove.co.uk:443/dir/crop/10:9-16:9/88k/87925/149159810/87925_LDI240013_IMG_07_0000_max_476x317.jpeg; https://media.rightmove.co.uk:443/dir/crop/10:9-16:9/88k/87925/149159810/87925_LDI240013_IMG_08_0000_max_476x317.jpeg; https://media.rightmove.co.uk:443/dir/crop/10:9-16:9/88k/87925/149159810/87925_LDI240013_IMG_09_0000_max_476x317.jpeg; https://media.rightmove.co.uk:443/dir/crop/10:9-16:9/88k/87925/149159810/87925_LDI240013_IMG_10_0000_max_476x317.jpeg; https://media.rightmove.co.uk:443/dir/crop/10:9-16:9/88k/87925/149159810/87925_LDI240013_IMG_11_0000_max_476x317.jpeg; https://media.rightmove.co.uk:443/dir/crop/10:9-16:9/88k/87925/149159810/87925_LDI240013_IMG_12_0000_max_476x317.jpeg; https://media.rightmove.co.uk:443/dir/crop/10:9-16:9/88k/87925/149159810/87925_LDI240013_IMG_13_0000_max_476x317.jpeg; https://media.rightmove.co.uk:443/dir/crop/10:9-16:9/88k/87925/149159810/87925_LDI240013_IMG_14_0000_max_476x317.jpeg"
"146956778","Barnet","Restaurant","RESTAURANT SPECIALISING IN HOMEMADE ITALIAN CUISINE, London","POA","","","","London. YE24 turnover of circa £477,000, with an adjusted EBITDA in excess of £25,000. Specialises in traditional Italian food, including freshly baked pizza, and homemade pasta and desserts. Makes ingredients in-house from fresh produce sourced from local suppliers. Sells own retail ...","https://www.rightmove.co.uk/properties/146956778#/?channel=COM_BUY","2024-04-18T08:30:05Z","","new","Marketed by Knightsbridge Business Sales Limited, Bolton","","51.6235","-0.174","https://media.rightmove.co.uk:443/dir/crop/10:9-16:9/91k/90616/146956778/90616_165954_IMG_00_0000_max_476x317.jpeg; https://media.rightmove.co.uk:443/dir/crop/10:9-16:9/91k/90616/146956778/90616_165954_IMG_01_0000_max_476x317.jpeg; https://media.rightmove.co.uk:443/dir/crop/10:9-16:9/91k/90616/146956778/90616_165954_IMG_02_0000_max_476x317.jpeg; https://media.rightmove.co.uk:443/dir/crop/10:9-16:9/91k/90616/146956778/90616_165954_IMG_03_0000_max_476x317.jpeg"
"137640074","Barnet","Commercial Property","Cricklewood Lane, NW2","£1,800,000","","","","Rare opportunity to acquire two Freehold buildings adjacent to each other. ","https://www.rightmove.co.uk/properties/137640074#/?channel=COM_BUY","2023-07-20T13:55:04Z","","new","Marketed by Brendons Estate Agents, Ealing","","51.55755","-0.21345","https://media.rightmove.co.uk:443/dir/crop/10:9-16:9/42k/41288/137640074/41288_2667066_IMG_00_0000_max_476x317.jpeg; https://media.rightmove.co.uk:443/dir/crop/10:9-16:9/42k/41288/137640074/41288_2667066_IMG_01_0000_max_476x317.jpeg; https://media.rightmove.co.uk:443/dir/crop/10:9-16:9/42k/41288/137640074/41288_2667066_IMG_02_0000_max_476x317.jpeg; https://media.rightmove.co.uk:443/dir/crop/10:9-16:9/42k/41288/137640074/41288_2667066_IMG_03_0000_max_476x317.jpeg; https://media.rightmove.co.uk:443/dir/crop/10:9-16:9/42k/41288/137640074/41288_2667066_IMG_04_0000_max_476x317.jpeg"
"131582480","Barnet","Shop","Aerodrome Road, London, NW9","£505,800","","","","This unit is located at the southern side ofthe scheme, facing Aerodrome Road. Theproperty is fitted as a dance studio with studpartition walls.","https://www.rightmove.co.uk/properties/131582480#/?channel=COM_BUY","2023-02-10T14:13:31Z","","new","Marketed by Petermans, London","","51.59551","-0.24342","https://media.rightmove.co.uk:443/dir/crop/10:9-16:9/property-photo/efd388a1b/131582480/efd388a1b4a773f35bd2b909629dca3e_max_476x317.jpeg; https://media.rightmove.co.uk:443/dir/crop/10:9-16:9/property-photo/84f8d861f/131582480/84f8d861fb1acfa5e84d5379be8f1ef3_max_476x317.jpeg; https://media.rightmove.co.uk:443/dir/crop/10:9-16:9/property-photo/858c09e53/131582480/858c09e538e98c4e2826aed6deee8453_max_476x317.jpeg; https://media.rightmove.co.uk:443/dir/crop/10:9-16:9/property-photo/75871dbc2/131582480/75871dbc277054a8bc242f80a6bb5f93_max_476x317.jpeg; https://media.rightmove.co.uk:443/dir/crop/10:9-16:9/property-photo/5ea02ae26/131582480/5ea02ae266e03e5be1925ce0c906b7f5_max_476x317.jpeg; https://media.rightmove.co.uk:443/dir/crop/10:9-16:9/property-photo/f33d18c5a/131582480/f33d18c5a8b9f780eddd74f3eb005e47_max_476x317.jpeg; https://media.rightmove.co.uk:443/dir/crop/10:9-16:9/property-photo/1accac421/131582480/1accac4218c9001cfddad2f0baffb22e_max_476x317.jpeg"
"128765999","Barnet","Commercial Property","31 Church Hill Road, East Barnet EN4","£60,000","","","","Mantlestates are pleased to offer this Established Traditional men's Barber Shop since 2011 lease for sale. The business is located on a busy main road with the 184 bus route outside, 307 bus 100 meters away & Oakleigh Park train station being a 5-minute walk away. The property is fully equipt wi...","https://www.rightmove.co.uk/properties/128765999#/?channel=COM_BUY","2022-11-04T17:27:24Z","","new","Marketed by Mantlestates, East Barnet","","51.641756","-0.162684","https://media.rightmove.co.uk:443/dir/crop/10:9-16:9/24k/23909/128765999/23909_mantlestates_1321006788_IMG_00_0002_max_476x317.jpeg; https://media.rightmove.co.uk:443/dir/crop/10:9-16:9/24k/23909/128765999/23909_mantlestates_1321006788_IMG_01_0002_max_476x317.jpeg; https://media.rightmove.co.uk:443/dir/crop/10:9-16:9/24k/23909/128765999/23909_mantlestates_1321006788_IMG_02_0002_max_476x317.jpeg; https://media.rightmove.co.uk:443/dir/crop/10:9-16:9/24k/23909/128765999/23909_mantlestates_1321006788_IMG_03_0002_max_476x317.jpeg; https://media.rightmove.co.uk:443/dir/crop/10:9-16:9/24k/23909/128765999/23909_mantlestates_1321006788_IMG_04_0002_max_476x317.jpeg; https://media.rightmove.co.uk:443/dir/crop/10:9-16:9/24k/23909/128765999/23909_mantlestates_1321006788_IMG_05_0002_max_476x317.jpeg; https://media.rightmove.co.uk:443/dir/crop/10:9-16:9/24k/23909/128765999/23909_mantlestates_1321006788_IMG_06_0002_max_476x317.jpeg; https://media.rightmove.co.uk:443/dir/crop/10:9-16:9/24k/23909/128765999/23909_mantlestates_1321006788_IMG_07_0002_max_476x317.jpeg; https://media.rightmove.co.uk:443/dir/crop/10:9-16:9/24k/23909/128765999/23909_mantlestates_1321006788_IMG_08_0002_max_476x317.jpeg"
"67523325","Barnet","Land","The Bishops Avenue, N2","£10,500,000","Guide Price","","","A stunning Freehold site with planning consent for a 20,000 sq ft (1,858 sq m) spectacular detached mansion with a magnificent indoor leisure suite including a large pool, secure underground parking, and elegantly arranged and apportioned reception rooms and bedroom suites, set in grounds of appr...","https://www.rightmove.co.uk/properties/67523325#/?channel=COM_BUY","2020-01-09T10:56:36Z","","new","Marketed by Glentree Estates Ltd, London","","51.582588","-0.168214","https://media.rightmove.co.uk:443/dir/crop/10:9-16:9/191k/190037/67523325/190037_29376237_IMG_01_0000_max_476x317.jpg; https://media.rightmove.co.uk:443/dir/crop/10:9-16:9/191k/190037/67523325/190037_29376237_IMG_02_0000_max_476x317.jpg"