id,city,propertyType,displayAddress,price,priceQualifier,bedrooms,bathrooms,displaySize,sizeMinSqft,sizeMaxSqft,sizeMinSqm,sizeMaxSqm,summary,propertyUrl,firstVisibleDate,addedOrReduced,listingUpdate,formattedBranchName,branchDisplayName,latitude,longitude,propertyImages
"87178332","Hampshire","Commercial Property","87 High Street and 2a Milvil Road, Lee-On-The Solent","£275,000","Offers in Region of","","","872 sq. ft.","872","872","81","81","This prominently positioned corner property presents an attractive investment opportunity in the heart of Lee-on-the-Solent. Comprising two separate commercial units the property is part of a shared freehold arrangement and benefits from high visibility in a bustling coastal location.","https://www.rightmove.co.uk/properties/87178332#/?channel=COM_BUY","2025-07-11T09:33:42Z","","new","Marketed by Trafalgar Property Consultancy, Gosport","","50.80233","-1.20385","https://media.rightmove.co.uk:443/dir/crop/10:9-16:9/284k/283427/87178332/283427_RM059_IMG_00_0000_max_476x317.jpeg; https://media.rightmove.co.uk:443/dir/crop/10:9-16:9/284k/283427/87178332/283427_RM059_IMG_01_0000_max_476x317.jpeg; https://media.rightmove.co.uk:443/dir/crop/10:9-16:9/284k/283427/87178332/283427_RM059_IMG_02_0000_max_476x317.jpeg; https://media.rightmove.co.uk:443/dir/crop/10:9-16:9/284k/283427/87178332/283427_RM059_IMG_03_0000_max_476x317.jpeg; https://media.rightmove.co.uk:443/dir/crop/10:9-16:9/284k/283427/87178332/283427_RM059_IMG_04_0000_max_476x317.jpeg; https://media.rightmove.co.uk:443/dir/crop/10:9-16:9/284k/283427/87178332/283427_RM059_IMG_05_0000_max_476x317.jpeg; https://media.rightmove.co.uk:443/dir/crop/10:9-16:9/284k/283427/87178332/283427_RM059_IMG_06_0000_max_476x317.jpeg"
"169995293","Hampshire","Land","Norland Road, Southsea, Hampshire, PO4 0ED","£35,000","Guide Price","","","","","","","","Sold via Secure Sale online bidding. Terms & Conditions apply. ** LARGE / GARAGE STORE WITH POSSIBILITY TO DEVELOP SUBJECT TO PLANNING ** We are excited to offer a rare and exciting opportunity to purchase a large Garage / Store facility with a rear yard. Situated in between two reside...","https://www.rightmove.co.uk/properties/169995293#/?channel=COM_BUY","2025-12-04T12:27:16Z","","new","Marketed by Pattinsons, Pattinsons Auction- National Auctioneer","","50.7905","-1.0778","https://media.rightmove.co.uk:443/dir/crop/10:9-16:9/252k/251528/169995293/251528_498191_IMG_00_0000_max_476x317.jpeg; https://media.rightmove.co.uk:443/dir/crop/10:9-16:9/252k/251528/169995293/251528_498191_IMG_01_0000_max_476x317.jpeg; https://media.rightmove.co.uk:443/dir/crop/10:9-16:9/252k/251528/169995293/251528_498191_IMG_02_0000_max_476x317.jpeg; https://media.rightmove.co.uk:443/dir/crop/10:9-16:9/252k/251528/169995293/251528_498191_IMG_03_0000_max_476x317.jpeg; https://media.rightmove.co.uk:443/dir/crop/10:9-16:9/252k/251528/169995293/251528_498191_IMG_04_0000_max_476x317.jpeg; https://media.rightmove.co.uk:443/dir/crop/10:9-16:9/252k/251528/169995293/251528_498191_IMG_05_0000_max_476x317.jpeg; https://media.rightmove.co.uk:443/dir/crop/10:9-16:9/252k/251528/169995293/251528_498191_IMG_06_0000_max_476x317.jpeg"
"154969466","Hampshire","Restaurant","Fleet Road, Hampshire, GU51","£225,000","","","1","","","","","","Galaxy Real Estate proudly presents a prime Subway franchise in a bustling high-street location. Cash buyers only and proof of funds required","https://www.rightmove.co.uk/properties/154969466#/?channel=COM_BUY","2024-11-14T13:45:02Z","","price_reduced","Marketed by GALAXY REAL ESTATE LIMITED, Hayes","","51.2796","-0.84434","https://media.rightmove.co.uk:443/dir/crop/10:9-16:9/258k/257963/154969466/257963_3056_IMG_00_0004_max_476x317.jpeg; https://media.rightmove.co.uk:443/dir/crop/10:9-16:9/258k/257963/154969466/257963_3056_IMG_01_0002_max_476x317.jpeg; https://media.rightmove.co.uk:443/dir/crop/10:9-16:9/258k/257963/154969466/257963_3056_IMG_02_0002_max_476x317.jpeg; https://media.rightmove.co.uk:443/dir/crop/10:9-16:9/258k/257963/154969466/257963_3056_IMG_03_0001_max_476x317.jpeg; https://media.rightmove.co.uk:443/dir/crop/10:9-16:9/258k/257963/154969466/257963_3056_IMG_04_0000_max_476x317.jpeg; https://media.rightmove.co.uk:443/dir/crop/10:9-16:9/258k/257963/154969466/257963_3056_IMG_05_0000_max_476x317.jpeg; https://media.rightmove.co.uk:443/dir/crop/10:9-16:9/258k/257963/154969466/257963_3056_IMG_06_0000_max_476x317.jpeg"
"169986695","Hampshire","Office","3 St Georges Business Centre, St. Georges Square, Portsmouth, PO1 3EY","£650,000","","","","2,700 sq. ft.","2700","2700","251","251","Self Contained Modern Offices with generous Parking","https://www.rightmove.co.uk/properties/169986695#/?channel=COM_BUY","2025-12-04T10:27:40Z","","new","Marketed by Vail Williams, Portsmouth","","50.796384","-1.102984","https://media.rightmove.co.uk:443/dir/crop/10:9-16:9/86k/85879/169986695/85879_129866-1_IMG_00_0000_max_476x317.jpeg; https://media.rightmove.co.uk:443/dir/crop/10:9-16:9/86k/85879/169986695/85879_129866-1_IMG_01_0000_max_476x317.jpeg; https://media.rightmove.co.uk:443/dir/crop/10:9-16:9/86k/85879/169986695/85879_129866-1_IMG_02_0000_max_476x317.jpeg; https://media.rightmove.co.uk:443/dir/crop/10:9-16:9/86k/85879/169986695/85879_129866-1_IMG_03_0000_max_476x317.jpeg; https://media.rightmove.co.uk:443/dir/crop/10:9-16:9/86k/85879/169986695/85879_129866-1_IMG_04_0000_max_476x317.jpeg; https://media.rightmove.co.uk:443/dir/crop/10:9-16:9/86k/85879/169986695/85879_129866-1_IMG_05_0000_max_476x317.jpeg; https://media.rightmove.co.uk:443/dir/crop/10:9-16:9/86k/85879/169986695/85879_129866-1_IMG_06_0000_max_476x317.jpeg; https://media.rightmove.co.uk:443/dir/crop/10:9-16:9/86k/85879/169986695/85879_129866-1_IMG_07_0000_max_476x317.jpeg; https://media.rightmove.co.uk:443/dir/crop/10:9-16:9/86k/85879/169986695/85879_129866-1_IMG_08_0000_max_476x317.jpeg; https://media.rightmove.co.uk:443/dir/crop/10:9-16:9/86k/85879/169986695/85879_129866-1_IMG_09_0000_max_476x317.jpeg; https://media.rightmove.co.uk:443/dir/crop/10:9-16:9/86k/85879/169986695/85879_129866-1_IMG_10_0000_max_476x317.jpeg; https://media.rightmove.co.uk:443/dir/crop/10:9-16:9/86k/85879/169986695/85879_129866-1_IMG_11_0000_max_476x317.jpeg; https://media.rightmove.co.uk:443/dir/crop/10:9-16:9/86k/85879/169986695/85879_129866-1_IMG_12_0000_max_476x317.jpeg; https://media.rightmove.co.uk:443/dir/crop/10:9-16:9/86k/85879/169986695/85879_129866-1_IMG_13_0000_max_476x317.jpeg; https://media.rightmove.co.uk:443/dir/crop/10:9-16:9/86k/85879/169986695/85879_129866-1_IMG_14_0000_max_476x317.jpeg; https://media.rightmove.co.uk:443/dir/crop/10:9-16:9/86k/85879/169986695/85879_129866-1_IMG_15_0000_max_476x317.jpeg; https://media.rightmove.co.uk:443/dir/crop/10:9-16:9/86k/85879/169986695/85879_129866-1_IMG_16_0000_max_476x317.jpeg; https://media.rightmove.co.uk:443/dir/crop/10:9-16:9/86k/85879/169986695/85879_129866-1_IMG_17_0000_max_476x317.jpeg"
"166876391","Hampshire","Land","Old Lane, Dockenfield, Farnham, GU10","£375,000","Offers Over","1","1","","","","","","Freehold Countryside Development Opportunity – With Huge PotentialHighlights* Planning Approved for a One-Bedroom Stable Conversion * Full of Character & Charm * Sought-After Dockenfield Village Setting * Just Minutes from Farnham & Guildford * Excellent Transport C...","https://www.rightmove.co.uk/properties/166876391#/?channel=COM_BUY","2025-09-11T13:19:54Z","","price_reduced","Marketed by Keats Fearn, Farnham","","51.149256","-0.832637","https://media.rightmove.co.uk:443/dir/crop/10:9-16:9/14k/13787/166876391/13787_29487260_IMG_00_0000_max_476x317.jpeg; https://media.rightmove.co.uk:443/dir/crop/10:9-16:9/14k/13787/166876391/13787_29487260_IMG_05_0000_max_476x317.jpeg; https://media.rightmove.co.uk:443/dir/crop/10:9-16:9/14k/13787/166876391/13787_29487260_IMG_03_0000_max_476x317.jpeg; https://media.rightmove.co.uk:443/dir/crop/10:9-16:9/14k/13787/166876391/13787_29487260_IMG_01_0000_max_476x317.jpeg; https://media.rightmove.co.uk:443/dir/crop/10:9-16:9/14k/13787/166876391/13787_29487260_IMG_02_0000_max_476x317.jpeg; https://media.rightmove.co.uk:443/dir/crop/10:9-16:9/14k/13787/166876391/13787_29487260_IMG_04_0000_max_476x317.jpeg; https://media.rightmove.co.uk:443/dir/crop/10:9-16:9/14k/13787/166876391/13787_29487260_IMG_06_0000_max_476x317.jpeg; https://media.rightmove.co.uk:443/dir/crop/10:9-16:9/14k/13787/166876391/13787_29487260_IMG_07_0000_max_476x317.jpeg; https://media.rightmove.co.uk:443/dir/crop/10:9-16:9/14k/13787/166876391/13787_29487260_IMG_08_0001_max_476x317.jpeg"
"169584092","Hampshire","Land","Plots 29, 30 & 31, Land Off Church Road, Tadley, Hampshire, RG26 3AU","£20,000","Guide Price","","","","","","","","Guide Price £20,000 to £40,000 For sale by unconditional online auction. . Town & Country Property Auctions are delighted to offer For Sale by Public Auction this vacant land, located in Tadley, RG26 3AU. Positioned on elevated ground with a gentle slope, this freehold parce...","https://www.rightmove.co.uk/properties/169584092#/?channel=COM_BUY","2025-11-21T16:09:45Z","","price_reduced","Marketed by Town & Country Property Auctions, Bournemouth","","51.345318","-1.147025","https://media.rightmove.co.uk:443/dir/crop/10:9-16:9/284k/283340/169584092/283340_319835_IMG_05_0000_max_476x317.jpeg; https://media.rightmove.co.uk:443/dir/crop/10:9-16:9/284k/283340/169584092/283340_319835_IMG_04_0001_max_476x317.jpeg; https://media.rightmove.co.uk:443/dir/crop/10:9-16:9/284k/283340/169584092/283340_319835_IMG_01_0000_max_476x317.jpeg"
"169559273","Hampshire","Land","Plots 32 & 33, Land Off Church Road, Tadley, Hampshire, RG26 3AU","£15,000","Guide Price","","","","","","","","Guide Price £15,000 to £25,000 For sale by unconditional online auction. . Town & Country Property Auctions are delighted to offer For Sale by Public Auction this vacant land, located in Tadley, RG26 3AU. Positioned on elevated ground with a gentle slope, this freehold parc...","https://www.rightmove.co.uk/properties/169559273#/?channel=COM_BUY","2025-11-21T09:19:52Z","","price_reduced","Marketed by Town & Country Property Auctions, Bournemouth","","51.346279","-1.145371","https://media.rightmove.co.uk:443/dir/crop/10:9-16:9/284k/283340/169559273/283340_319760_IMG_05_0000_max_476x317.jpeg; https://media.rightmove.co.uk:443/dir/crop/10:9-16:9/284k/283340/169559273/283340_319760_IMG_04_0001_max_476x317.jpeg; https://media.rightmove.co.uk:443/dir/crop/10:9-16:9/284k/283340/169559273/283340_319760_IMG_03_0000_max_476x317.jpeg"
"169559204","Hampshire","Land","Plots 34 & 35, Land Off Church Road, Tadley, Hampshire, RG26 3AU","£15,000","Guide Price","","","","","","","","Guide Price £15,000 to £30,000 For sale by unconditional online auction. . Town & Country Property Auctions are delighted to offer For Sale by Public Auction this vacant land, located in Tadley, RG26 3AU. Positioned on elevated ground with a gentle slope, this freehold parc...","https://www.rightmove.co.uk/properties/169559204#/?channel=COM_BUY","2025-11-21T09:18:31Z","","price_reduced","Marketed by Town & Country Property Auctions, Bournemouth","","51.346279","-1.145371","https://media.rightmove.co.uk:443/dir/crop/10:9-16:9/284k/283340/169559204/283340_319753_IMG_05_0000_max_476x317.jpeg; https://media.rightmove.co.uk:443/dir/crop/10:9-16:9/284k/283340/169559204/283340_319753_IMG_04_0001_max_476x317.jpeg; https://media.rightmove.co.uk:443/dir/crop/10:9-16:9/284k/283340/169559204/283340_319753_IMG_01_0000_max_476x317.jpeg"
"169558499","Hampshire","Land","Plots 6,7 & 8, Land Off Church Road, Tadley, Hampshire, RG26 3AU","£20,000","Guide Price","","","","","","","","Guide Price £20,000 to £40,000 For sale by unconditional online auction. . Town & Country Property Auctions are delighted to offer For Sale by Public Auction this vacant land, located in Tadley, RG26 3AU. Positioned on elevated ground with a gentle slope, this freehold parcel...","https://www.rightmove.co.uk/properties/169558499#/?channel=COM_BUY","2025-11-21T09:02:06Z","","price_reduced","Marketed by Town & Country Property Auctions, Bournemouth","","51.346279","-1.145371","https://media.rightmove.co.uk:443/dir/crop/10:9-16:9/284k/283340/169558499/283340_319748_IMG_04_0002_max_476x317.jpeg; https://media.rightmove.co.uk:443/dir/crop/10:9-16:9/284k/283340/169558499/283340_319748_IMG_03_0001_max_476x317.jpeg; https://media.rightmove.co.uk:443/dir/crop/10:9-16:9/284k/283340/169558499/283340_319748_IMG_00_0000_max_476x317.jpeg"
"169956191","Hampshire","Mixed Use","Church Street, Romsey, Hampshire, SO51","£375,000","","","","712 sq. ft.","712","712","66","66","This investment property comprises a three-storey Grade II listed building generating a total income of £31,620 per annum from a ground-floor retail unit and 2x two bedroom flats. One flat is let on an assured shorthold tenancy at an annual rent of £11,820 per annum. The other flat is sold off o...","https://www.rightmove.co.uk/properties/169956191#/?channel=COM_BUY","2025-12-03T12:40:26Z","","price_reduced","Marketed by Keygrove Chartered Surveyors, Southampton","","50.990284","-1.500306","https://media.rightmove.co.uk:443/dir/crop/10:9-16:9/96k/95672/169956191/95672_904FH_IMG_00_0000_max_476x317.jpeg; https://media.rightmove.co.uk:443/dir/crop/10:9-16:9/96k/95672/169956191/95672_904FH_IMG_01_0000_max_476x317.jpeg; https://media.rightmove.co.uk:443/dir/crop/10:9-16:9/96k/95672/169956191/95672_904FH_IMG_02_0000_max_476x317.jpeg; https://media.rightmove.co.uk:443/dir/crop/10:9-16:9/96k/95672/169956191/95672_904FH_IMG_03_0000_max_476x317.jpeg; https://media.rightmove.co.uk:443/dir/crop/10:9-16:9/96k/95672/169956191/95672_904FH_IMG_04_0000_max_476x317.jpeg; https://media.rightmove.co.uk:443/dir/crop/10:9-16:9/96k/95672/169956191/95672_904FH_IMG_05_0000_max_476x317.jpeg; https://media.rightmove.co.uk:443/dir/crop/10:9-16:9/96k/95672/169956191/95672_904FH_IMG_06_0000_max_476x317.jpeg; https://media.rightmove.co.uk:443/dir/crop/10:9-16:9/96k/95672/169956191/95672_904FH_IMG_07_0000_max_476x317.jpeg; https://media.rightmove.co.uk:443/dir/crop/10:9-16:9/96k/95672/169956191/95672_904FH_IMG_08_0000_max_476x317.jpeg; https://media.rightmove.co.uk:443/dir/crop/10:9-16:9/96k/95672/169956191/95672_904FH_IMG_09_0000_max_476x317.jpeg; https://media.rightmove.co.uk:443/dir/crop/10:9-16:9/96k/95672/169956191/95672_904FH_IMG_10_0000_max_476x317.jpeg"
"169944236","Hampshire","Warehouse","Aspire House, Hannah Way, Gordleton Industrial Estate, Lymington, SO41 8JD","POA","","","","16,185 sq. ft.","16185","16185","1504","1504","FOR SALE/TO LET – DETACHED INDUSTRIAL/BUSINESS PREMISES","https://www.rightmove.co.uk/properties/169944236#/?channel=COM_BUY","2025-12-03T09:26:09Z","","new","Marketed by Vail Williams, Bournemouth","","50.768219","-1.579874","https://media.rightmove.co.uk:443/dir/crop/10:9-16:9/235k/234236/169944236/234236_344779-1_IMG_00_0000_max_476x317.jpeg; https://media.rightmove.co.uk:443/dir/crop/10:9-16:9/235k/234236/169944236/234236_344779-1_IMG_01_0000_max_476x317.jpeg; https://media.rightmove.co.uk:443/dir/crop/10:9-16:9/235k/234236/169944236/234236_344779-1_IMG_02_0000_max_476x317.jpeg; https://media.rightmove.co.uk:443/dir/crop/10:9-16:9/235k/234236/169944236/234236_344779-1_IMG_03_0000_max_476x317.jpeg; https://media.rightmove.co.uk:443/dir/crop/10:9-16:9/235k/234236/169944236/234236_344779-1_IMG_04_0000_max_476x317.jpeg; https://media.rightmove.co.uk:443/dir/crop/10:9-16:9/235k/234236/169944236/234236_344779-1_IMG_05_0000_max_476x317.jpeg; https://media.rightmove.co.uk:443/dir/crop/10:9-16:9/235k/234236/169944236/234236_344779-1_IMG_06_0000_max_476x317.jpeg; https://media.rightmove.co.uk:443/dir/crop/10:9-16:9/235k/234236/169944236/234236_344779-1_IMG_07_0000_max_476x317.jpeg; https://media.rightmove.co.uk:443/dir/crop/10:9-16:9/235k/234236/169944236/234236_344779-1_IMG_08_0000_max_476x317.jpeg; https://media.rightmove.co.uk:443/dir/crop/10:9-16:9/235k/234236/169944236/234236_344779-1_IMG_09_0000_max_476x317.jpeg; https://media.rightmove.co.uk:443/dir/crop/10:9-16:9/235k/234236/169944236/234236_344779-1_IMG_10_0000_max_476x317.jpeg; https://media.rightmove.co.uk:443/dir/crop/10:9-16:9/235k/234236/169944236/234236_344779-1_IMG_11_0000_max_476x317.jpeg; https://media.rightmove.co.uk:443/dir/crop/10:9-16:9/235k/234236/169944236/234236_344779-1_IMG_12_0000_max_476x317.jpeg; https://media.rightmove.co.uk:443/dir/crop/10:9-16:9/235k/234236/169944236/234236_344779-1_IMG_13_0000_max_476x317.jpeg; https://media.rightmove.co.uk:443/dir/crop/10:9-16:9/235k/234236/169944236/234236_344779-1_IMG_14_0000_max_476x317.jpeg; https://media.rightmove.co.uk:443/dir/crop/10:9-16:9/235k/234236/169944236/234236_344779-1_IMG_15_0000_max_476x317.jpeg; https://media.rightmove.co.uk:443/dir/crop/10:9-16:9/235k/234236/169944236/234236_344779-1_IMG_16_0000_max_476x317.jpeg; https://media.rightmove.co.uk:443/dir/crop/10:9-16:9/235k/234236/169944236/234236_344779-1_IMG_17_0000_max_476x317.jpeg; https://media.rightmove.co.uk:443/dir/crop/10:9-16:9/235k/234236/169944236/234236_344779-1_IMG_18_0000_max_476x317.jpeg; https://media.rightmove.co.uk:443/dir/crop/10:9-16:9/235k/234236/169944236/234236_344779-1_IMG_19_0000_max_476x317.jpeg; https://media.rightmove.co.uk:443/dir/crop/10:9-16:9/235k/234236/169944236/234236_344779-1_IMG_20_0000_max_476x317.jpeg; https://media.rightmove.co.uk:443/dir/crop/10:9-16:9/235k/234236/169944236/234236_344779-1_IMG_21_0000_max_476x317.jpeg; https://media.rightmove.co.uk:443/dir/crop/10:9-16:9/235k/234236/169944236/234236_344779-1_IMG_22_0000_max_476x317.jpeg; https://media.rightmove.co.uk:443/dir/crop/10:9-16:9/235k/234236/169944236/234236_344779-1_IMG_23_0000_max_476x317.jpeg; https://media.rightmove.co.uk:443/dir/crop/10:9-16:9/235k/234236/169944236/234236_344779-1_IMG_24_0000_max_476x317.jpeg; https://media.rightmove.co.uk:443/dir/crop/10:9-16:9/235k/234236/169944236/234236_344779-1_IMG_25_0000_max_476x317.jpeg; https://media.rightmove.co.uk:443/dir/crop/10:9-16:9/235k/234236/169944236/234236_344779-1_IMG_26_0000_max_476x317.jpeg; https://media.rightmove.co.uk:443/dir/crop/10:9-16:9/235k/234236/169944236/234236_344779-1_IMG_27_0000_max_476x317.jpeg; https://media.rightmove.co.uk:443/dir/crop/10:9-16:9/235k/234236/169944236/234236_344779-1_IMG_28_0000_max_476x317.jpeg"
"161627477","Hampshire","Shop","Albert Road, Southsea","£350,000","","2","1","","","","","","Prominently positioned Hair Dressing Salon with Two Bedroom Living Accommodation Over located in the popular Albert Road home to many independent shops and traders. The property is available with complete vacant possession if required though the owner currently operates the salon on a chair renta...","https://www.rightmove.co.uk/properties/161627477#/?channel=COM_BUY","2025-05-07T16:54:32Z","","price_reduced","Marketed by Fry & Kent, Southsea","","50.786476","-1.073523","https://media.rightmove.co.uk:443/dir/crop/10:9-16:9/11k/10750/161627477/10750_12637348_IMG_00_0000_max_476x317.jpeg; https://media.rightmove.co.uk:443/dir/crop/10:9-16:9/11k/10750/161627477/10750_12637348_IMG_01_0000_max_476x317.jpeg; https://media.rightmove.co.uk:443/dir/crop/10:9-16:9/11k/10750/161627477/10750_12637348_IMG_02_0000_max_476x317.jpeg; https://media.rightmove.co.uk:443/dir/crop/10:9-16:9/11k/10750/161627477/10750_12637348_IMG_03_0000_max_476x317.jpeg; https://media.rightmove.co.uk:443/dir/crop/10:9-16:9/11k/10750/161627477/10750_12637348_IMG_04_0000_max_476x317.jpeg; https://media.rightmove.co.uk:443/dir/crop/10:9-16:9/11k/10750/161627477/10750_12637348_IMG_05_0000_max_476x317.jpeg; https://media.rightmove.co.uk:443/dir/crop/10:9-16:9/11k/10750/161627477/10750_12637348_IMG_06_0000_max_476x317.jpeg; https://media.rightmove.co.uk:443/dir/crop/10:9-16:9/11k/10750/161627477/10750_12637348_IMG_07_0000_max_476x317.jpeg; https://media.rightmove.co.uk:443/dir/crop/10:9-16:9/11k/10750/161627477/10750_12637348_IMG_08_0000_max_476x317.jpeg; https://media.rightmove.co.uk:443/dir/crop/10:9-16:9/11k/10750/161627477/10750_12637348_IMG_09_0000_max_476x317.jpeg; https://media.rightmove.co.uk:443/dir/crop/10:9-16:9/11k/10750/161627477/10750_12637348_IMG_10_0000_max_476x317.jpeg; https://media.rightmove.co.uk:443/dir/crop/10:9-16:9/11k/10750/161627477/10750_12637348_IMG_11_0000_max_476x317.jpeg; https://media.rightmove.co.uk:443/dir/crop/10:9-16:9/11k/10750/161627477/10750_12637348_IMG_12_0000_max_476x317.jpeg; https://media.rightmove.co.uk:443/dir/crop/10:9-16:9/11k/10750/161627477/10750_12637348_IMG_13_0000_max_476x317.jpeg; https://media.rightmove.co.uk:443/dir/crop/10:9-16:9/11k/10750/161627477/10750_12637348_IMG_14_0000_max_476x317.jpeg; https://media.rightmove.co.uk:443/dir/crop/10:9-16:9/11k/10750/161627477/10750_12637348_IMG_15_0000_max_476x317.jpeg; https://media.rightmove.co.uk:443/dir/crop/10:9-16:9/11k/10750/161627477/10750_12637348_IMG_16_0000_max_476x317.jpeg; https://media.rightmove.co.uk:443/dir/crop/10:9-16:9/11k/10750/161627477/10750_12637348_IMG_17_0000_max_476x317.jpeg; https://media.rightmove.co.uk:443/dir/crop/10:9-16:9/11k/10750/161627477/10750_12637348_IMG_18_0000_max_476x317.jpeg; https://media.rightmove.co.uk:443/dir/crop/10:9-16:9/11k/10750/161627477/10750_12637348_IMG_19_0000_max_476x317.jpeg; https://media.rightmove.co.uk:443/dir/crop/10:9-16:9/11k/10750/161627477/10750_12637348_IMG_20_0000_max_476x317.jpeg; https://media.rightmove.co.uk:443/dir/crop/10:9-16:9/11k/10750/161627477/10750_12637348_IMG_21_0000_max_476x317.jpeg; https://media.rightmove.co.uk:443/dir/crop/10:9-16:9/11k/10750/161627477/10750_12637348_IMG_22_0000_max_476x317.jpeg; https://media.rightmove.co.uk:443/dir/crop/10:9-16:9/11k/10750/161627477/10750_12637348_IMG_23_0000_max_476x317.jpeg; https://media.rightmove.co.uk:443/dir/crop/10:9-16:9/11k/10750/161627477/10750_12637348_IMG_24_0000_max_476x317.jpeg; https://media.rightmove.co.uk:443/dir/crop/10:9-16:9/11k/10750/161627477/10750_12637348_IMG_25_0000_max_476x317.jpeg; https://media.rightmove.co.uk:443/dir/crop/10:9-16:9/11k/10750/161627477/10750_12637348_IMG_26_0000_max_476x317.jpeg; https://media.rightmove.co.uk:443/dir/crop/10:9-16:9/11k/10750/161627477/10750_12637348_IMG_27_0000_max_476x317.jpeg; https://media.rightmove.co.uk:443/dir/crop/10:9-16:9/11k/10750/161627477/10750_12637348_IMG_28_0000_max_476x317.jpeg; https://media.rightmove.co.uk:443/dir/crop/10:9-16:9/11k/10750/161627477/10750_12637348_IMG_29_0000_max_476x317.jpeg; https://media.rightmove.co.uk:443/dir/crop/10:9-16:9/11k/10750/161627477/10750_12637348_IMG_30_0000_max_476x317.jpeg; https://media.rightmove.co.uk:443/dir/crop/10:9-16:9/11k/10750/161627477/10750_12637348_IMG_31_0000_max_476x317.jpeg; https://media.rightmove.co.uk:443/dir/crop/10:9-16:9/11k/10750/161627477/10750_12637348_IMG_32_0000_max_476x317.jpeg; https://media.rightmove.co.uk:443/dir/crop/10:9-16:9/11k/10750/161627477/10750_12637348_IMG_33_0000_max_476x317.jpeg; https://media.rightmove.co.uk:443/dir/crop/10:9-16:9/11k/10750/161627477/10750_12637348_IMG_34_0000_max_476x317.jpeg; https://media.rightmove.co.uk:443/dir/crop/10:9-16:9/11k/10750/161627477/10750_12637348_IMG_35_0000_max_476x317.jpeg; https://media.rightmove.co.uk:443/dir/crop/10:9-16:9/11k/10750/161627477/10750_12637348_IMG_36_0000_max_476x317.jpeg; https://media.rightmove.co.uk:443/dir/crop/10:9-16:9/11k/10750/161627477/10750_12637348_IMG_37_0000_max_476x317.jpeg; https://media.rightmove.co.uk:443/dir/crop/10:9-16:9/11k/10750/161627477/10750_12637348_IMG_38_0000_max_476x317.jpeg; https://media.rightmove.co.uk:443/dir/crop/10:9-16:9/11k/10750/161627477/10750_12637348_IMG_39_0000_max_476x317.jpeg"
"157575176","Hampshire","Hotel","The Mill Arms, Barley Hill, Dunbridge, Nr. Romsey, Hampshire SO51 0LF","£45,000","","8","","","","","","","Hampshire village freehouse, restaurant & hotel; Six en-suite letting rooms; Annual turnover £568,000 with potential; Bar areas; Conservatory restaurant; Large kitchen; Function room for 120; Two car parks; Great trade gardens; FOT commercial lease; Quality owners home with 3 bedrooms/2 bathrooms","https://www.rightmove.co.uk/properties/157575176#/?channel=COM_BUY","2025-01-30T14:58:32Z","","price_reduced","Marketed by Sprosen Ltd, Weston-Super-Mare","","51.03194","-1.54404","https://media.rightmove.co.uk:443/dir/crop/10:9-16:9/236k/235445/157575176/235445_404_IMG_00_0000_max_476x317.jpeg; https://media.rightmove.co.uk:443/dir/crop/10:9-16:9/236k/235445/157575176/235445_404_IMG_05_0000_max_476x317.jpeg; https://media.rightmove.co.uk:443/dir/crop/10:9-16:9/236k/235445/157575176/235445_404_IMG_04_0000_max_476x317.jpeg; https://media.rightmove.co.uk:443/dir/crop/10:9-16:9/236k/235445/157575176/235445_404_IMG_03_0000_max_476x317.jpeg; https://media.rightmove.co.uk:443/dir/crop/10:9-16:9/236k/235445/157575176/235445_404_IMG_14_0000_max_476x317.jpeg; https://media.rightmove.co.uk:443/dir/crop/10:9-16:9/236k/235445/157575176/235445_404_IMG_13_0000_max_476x317.jpeg; https://media.rightmove.co.uk:443/dir/crop/10:9-16:9/236k/235445/157575176/235445_404_IMG_06_0000_max_476x317.jpeg; https://media.rightmove.co.uk:443/dir/crop/10:9-16:9/236k/235445/157575176/235445_404_IMG_07_0000_max_476x317.jpeg; https://media.rightmove.co.uk:443/dir/crop/10:9-16:9/236k/235445/157575176/235445_404_IMG_08_0000_max_476x317.jpeg; https://media.rightmove.co.uk:443/dir/crop/10:9-16:9/236k/235445/157575176/235445_404_IMG_09_0000_max_476x317.jpeg; https://media.rightmove.co.uk:443/dir/crop/10:9-16:9/236k/235445/157575176/235445_404_IMG_10_0000_max_476x317.jpeg; https://media.rightmove.co.uk:443/dir/crop/10:9-16:9/236k/235445/157575176/235445_404_IMG_11_0000_max_476x317.jpeg; https://media.rightmove.co.uk:443/dir/crop/10:9-16:9/236k/235445/157575176/235445_404_IMG_12_0000_max_476x317.jpeg; https://media.rightmove.co.uk:443/dir/crop/10:9-16:9/236k/235445/157575176/235445_404_IMG_01_0000_max_476x317.jpeg"
"169928087","Hampshire","Land","Rear of 166 Middle Road, Sholing, Southampton, SO19 8FS","£150,000","","3","2","","","","","","DEVELOPMENT OPPORTUNITY - Plot of land with planning permission to build a stunning and unique split-level three double bedroom bungalow in Sholing, Southampton. This is a rare opportunity to own and build a beautifully designed bungalow, meticulously planned to impress, situated on land that ...","https://www.rightmove.co.uk/properties/169928087#/?channel=COM_BUY","2025-12-02T16:11:11Z","","price_reduced","Marketed by Homer Estates, Bournemouth","","50.903906","-1.359197","https://media.rightmove.co.uk:443/dir/crop/10:9-16:9/242k/241730/169928087/241730_24628_IMG_00_0000_max_476x317.png; https://media.rightmove.co.uk:443/dir/crop/10:9-16:9/242k/241730/169928087/241730_24628_IMG_01_0000_max_476x317.png; https://media.rightmove.co.uk:443/dir/crop/10:9-16:9/242k/241730/169928087/241730_24628_IMG_02_0000_max_476x317.png; https://media.rightmove.co.uk:443/dir/crop/10:9-16:9/242k/241730/169928087/241730_24628_IMG_03_0000_max_476x317.png; https://media.rightmove.co.uk:443/dir/crop/10:9-16:9/242k/241730/169928087/241730_24628_IMG_04_0000_max_476x317.png; https://media.rightmove.co.uk:443/dir/crop/10:9-16:9/242k/241730/169928087/241730_24628_IMG_05_0000_max_476x317.png; https://media.rightmove.co.uk:443/dir/crop/10:9-16:9/242k/241730/169928087/241730_24628_IMG_06_0000_max_476x317.png"
"169926452","Hampshire","Office","Millbrook Road East, Southampton, Hampshire, SO15","£525,000","","","","3,850 sq. ft.","3850","3850","358","358","This property is an attractive two-storey period-style office building with undercroft access leading to rear parking and a workshop. The combination of open-plan space, private offices and a boardroom offers a versatile layout ideal for office, clinic, training and other service-based occupiers ...","https://www.rightmove.co.uk/properties/169926452#/?channel=COM_BUY","2025-12-02T15:47:51Z","","new","Marketed by Keygrove Chartered Surveyors, Southampton","","50.909534","-1.426249","https://media.rightmove.co.uk:443/dir/crop/10:9-16:9/96k/95672/169926452/95672_1083FH_IMG_00_0000_max_476x317.jpeg; https://media.rightmove.co.uk:443/dir/crop/10:9-16:9/96k/95672/169926452/95672_1083FH_IMG_01_0000_max_476x317.jpeg; https://media.rightmove.co.uk:443/dir/crop/10:9-16:9/96k/95672/169926452/95672_1083FH_IMG_02_0000_max_476x317.jpeg; https://media.rightmove.co.uk:443/dir/crop/10:9-16:9/96k/95672/169926452/95672_1083FH_IMG_03_0000_max_476x317.jpeg; https://media.rightmove.co.uk:443/dir/crop/10:9-16:9/96k/95672/169926452/95672_1083FH_IMG_04_0000_max_476x317.jpeg; https://media.rightmove.co.uk:443/dir/crop/10:9-16:9/96k/95672/169926452/95672_1083FH_IMG_05_0000_max_476x317.jpeg; https://media.rightmove.co.uk:443/dir/crop/10:9-16:9/96k/95672/169926452/95672_1083FH_IMG_06_0000_max_476x317.jpeg; https://media.rightmove.co.uk:443/dir/crop/10:9-16:9/96k/95672/169926452/95672_1083FH_IMG_07_0000_max_476x317.jpeg; https://media.rightmove.co.uk:443/dir/crop/10:9-16:9/96k/95672/169926452/95672_1083FH_IMG_08_0000_max_476x317.jpeg; https://media.rightmove.co.uk:443/dir/crop/10:9-16:9/96k/95672/169926452/95672_1083FH_IMG_09_0000_max_476x317.jpeg; https://media.rightmove.co.uk:443/dir/crop/10:9-16:9/96k/95672/169926452/95672_1083FH_IMG_10_0000_max_476x317.jpeg; https://media.rightmove.co.uk:443/dir/crop/10:9-16:9/96k/95672/169926452/95672_1083FH_IMG_11_0000_max_476x317.jpeg; https://media.rightmove.co.uk:443/dir/crop/10:9-16:9/96k/95672/169926452/95672_1083FH_IMG_12_0000_max_476x317.jpeg; https://media.rightmove.co.uk:443/dir/crop/10:9-16:9/96k/95672/169926452/95672_1083FH_IMG_13_0000_max_476x317.jpeg; https://media.rightmove.co.uk:443/dir/crop/10:9-16:9/96k/95672/169926452/95672_1083FH_IMG_14_0000_max_476x317.jpeg; https://media.rightmove.co.uk:443/dir/crop/10:9-16:9/96k/95672/169926452/95672_1083FH_IMG_15_0000_max_476x317.jpeg; https://media.rightmove.co.uk:443/dir/crop/10:9-16:9/96k/95672/169926452/95672_1083FH_IMG_16_0000_max_476x317.jpeg; https://media.rightmove.co.uk:443/dir/crop/10:9-16:9/96k/95672/169926452/95672_1083FH_IMG_17_0000_max_476x317.jpeg; https://media.rightmove.co.uk:443/dir/crop/10:9-16:9/96k/95672/169926452/95672_1083FH_IMG_18_0000_max_476x317.jpeg; https://media.rightmove.co.uk:443/dir/crop/10:9-16:9/96k/95672/169926452/95672_1083FH_IMG_19_0000_max_476x317.jpeg"
"169924493","Hampshire","Office","Beaumont House, Auchinleck Way, Aldershot, GU11 1WT","POA","","","","14,830 sq. ft.","14830","14830","1378","1378","A truly exceptional freehold office building of singular character","https://www.rightmove.co.uk/properties/169924493#/?channel=COM_BUY","2025-12-02T15:14:26Z","","new","Marketed by Hollis Hockley, Basingstoke","","51.248536","-0.777666","https://media.rightmove.co.uk:443/dir/crop/10:9-16:9/298k/297368/169924493/297368_228743-1_IMG_00_0000_max_476x317.jpeg; https://media.rightmove.co.uk:443/dir/crop/10:9-16:9/298k/297368/169924493/297368_228743-1_IMG_01_0000_max_476x317.jpeg; https://media.rightmove.co.uk:443/dir/crop/10:9-16:9/298k/297368/169924493/297368_228743-1_IMG_02_0000_max_476x317.jpeg; https://media.rightmove.co.uk:443/dir/crop/10:9-16:9/298k/297368/169924493/297368_228743-1_IMG_03_0000_max_476x317.jpeg; https://media.rightmove.co.uk:443/dir/crop/10:9-16:9/298k/297368/169924493/297368_228743-1_IMG_04_0000_max_476x317.jpeg; https://media.rightmove.co.uk:443/dir/crop/10:9-16:9/298k/297368/169924493/297368_228743-1_IMG_05_0000_max_476x317.jpeg; https://media.rightmove.co.uk:443/dir/crop/10:9-16:9/298k/297368/169924493/297368_228743-1_IMG_06_0000_max_476x317.jpeg; https://media.rightmove.co.uk:443/dir/crop/10:9-16:9/298k/297368/169924493/297368_228743-1_IMG_07_0000_max_476x317.jpeg; https://media.rightmove.co.uk:443/dir/crop/10:9-16:9/298k/297368/169924493/297368_228743-1_IMG_08_0000_max_476x317.jpeg; https://media.rightmove.co.uk:443/dir/crop/10:9-16:9/298k/297368/169924493/297368_228743-1_IMG_09_0000_max_476x317.jpeg"
"169924208","Hampshire","Office","Upper & Lower Floors, Gun Hill Park, Hospital Road, Aldershot, GU11 2AN","POA","","","","8,317 sq. ft.","8317","8317","773","773","Upper and Lower Ground Commercial Opportunity for Sale","https://www.rightmove.co.uk/properties/169924208#/?channel=COM_BUY","2025-12-02T15:10:22Z","","new","Marketed by Hollis Hockley, Basingstoke","","51.254093","-0.761657","https://media.rightmove.co.uk:443/dir/crop/10:9-16:9/property-photo/c64e26b61/169924208/c64e26b61836fa731e6adb6602bc2388_max_476x317.jpeg; https://media.rightmove.co.uk:443/dir/crop/10:9-16:9/property-photo/743ef4b71/169924208/743ef4b713087e476bebfd6b744e3505_max_476x317.jpeg; https://media.rightmove.co.uk:443/dir/crop/10:9-16:9/property-photo/2ca391f5b/169924208/2ca391f5bbd14d1bc7c3c0dea7274949_max_476x317.jpeg; https://media.rightmove.co.uk:443/dir/crop/10:9-16:9/property-photo/6f110b2e7/169924208/6f110b2e7affbe06171059aa22ebb454_max_476x317.jpeg"
"169923860","Hampshire","Retail Property (high street)","97 Lynchford Road, Farnborough, GU14 6ET","£250,000","","","","1,765 sq. ft.","1765","1765","164","164","Retail investment in prominent high street location","https://www.rightmove.co.uk/properties/169923860#/?channel=COM_BUY","2025-12-02T15:05:12Z","","new","Marketed by Hollis Hockley, Basingstoke","","51.274943","-0.746268","https://media.rightmove.co.uk:443/dir/crop/10:9-16:9/298k/297368/169923860/297368_83599-1_IMG_00_0000_max_476x317.jpeg; https://media.rightmove.co.uk:443/dir/crop/10:9-16:9/298k/297368/169923860/297368_83599-1_IMG_01_0000_max_476x317.jpeg; https://media.rightmove.co.uk:443/dir/crop/10:9-16:9/298k/297368/169923860/297368_83599-1_IMG_02_0000_max_476x317.jpeg; https://media.rightmove.co.uk:443/dir/crop/10:9-16:9/298k/297368/169923860/297368_83599-1_IMG_03_0000_max_476x317.jpeg; https://media.rightmove.co.uk:443/dir/crop/10:9-16:9/298k/297368/169923860/297368_83599-1_IMG_04_0000_max_476x317.jpeg"
"169921178","Hampshire","Retail Property (high street)","Bank House, High Street, Hartley Wintney, RG27 8NZ","£395,000","Offers in Region of","","","543 sq. ft.","543","543","50","50","Class E / retail unit in prominent location in Hartley Wintney","https://www.rightmove.co.uk/properties/169921178#/?channel=COM_BUY","2025-12-02T14:25:46Z","","new","Marketed by Hollis Hockley, Basingstoke","","51.305732","-0.90091","https://media.rightmove.co.uk:443/dir/crop/10:9-16:9/298k/297368/169921178/297368_205289-1_IMG_00_0000_max_476x317.jpeg; https://media.rightmove.co.uk:443/dir/crop/10:9-16:9/298k/297368/169921178/297368_205289-1_IMG_01_0000_max_476x317.jpeg; https://media.rightmove.co.uk:443/dir/crop/10:9-16:9/298k/297368/169921178/297368_205289-1_IMG_02_0000_max_476x317.jpeg; https://media.rightmove.co.uk:443/dir/crop/10:9-16:9/298k/297368/169921178/297368_205289-1_IMG_03_0000_max_476x317.jpeg; https://media.rightmove.co.uk:443/dir/crop/10:9-16:9/298k/297368/169921178/297368_205289-1_IMG_04_0000_max_476x317.jpeg"
"169920566","Hampshire","Commercial Property","42/42a, Cove Road & 26-30 Cove Road, Farnborough, GU14 0EN","£250,000","Offers in Region of","","","","","","","","Retail investment, with residential ground rents","https://www.rightmove.co.uk/properties/169920566#/?channel=COM_BUY","2025-12-02T14:14:20Z","","new","Marketed by Hollis Hockley, Basingstoke","","51.292486","-0.767189","https://media.rightmove.co.uk:443/dir/crop/10:9-16:9/property-photo/751208124/169920566/7512081240787f3f6059334a059d433d_max_476x317.jpeg; https://media.rightmove.co.uk:443/dir/crop/10:9-16:9/property-photo/1eca542a1/169920566/1eca542a1b1b5d3e27f22949d0ca8ea1_max_476x317.jpeg; https://media.rightmove.co.uk:443/dir/crop/10:9-16:9/property-photo/1b8d3b019/169920566/1b8d3b019c1b0d7e88bdc3cb66a56f56_max_476x317.jpeg; https://media.rightmove.co.uk:443/dir/crop/10:9-16:9/property-photo/634aa1d84/169920566/634aa1d843c129fe07c8d14a4aac419b_max_476x317.jpeg; https://media.rightmove.co.uk:443/dir/crop/10:9-16:9/property-photo/e3537108b/169920566/e3537108b4aea1094d24ad3798ea86a9_max_476x317.jpeg"
"169914512","Hampshire","Retail Property (high street)","2-4 Palmerston Road, Southsea, Hampshire, PO5 3QH","£600,000","From","","","172–1,949 sq. ft.","172","1949","16","181","The property is situated in the heart of Southsea in a prime retailing position on the western side of Palmerston Road, which is fully pedestrianised. Prime retailing position in Southsea Public car parking nearby Tenants include Specsavers, Costa, Waitrose, Boots, WH Smiths, and Tesco Express","https://www.rightmove.co.uk/properties/169914512#/?channel=COM_BUY","2025-12-02T12:39:54Z","","new","Marketed by Creative Retail, Birmingham","","50.785992","-1.088501","https://media.rightmove.co.uk:443/dir/crop/10:9-16:9/192k/191489/169914512/191489_454FH_IMG_00_0000_max_476x317.jpeg; https://media.rightmove.co.uk:443/dir/crop/10:9-16:9/192k/191489/169914512/191489_454FH_IMG_01_0000_max_476x317.jpeg; https://media.rightmove.co.uk:443/dir/crop/10:9-16:9/192k/191489/169914512/191489_454FH_IMG_02_0000_max_476x317.jpeg; https://media.rightmove.co.uk:443/dir/crop/10:9-16:9/192k/191489/169914512/191489_454FH_IMG_03_0000_max_476x317.jpeg; https://media.rightmove.co.uk:443/dir/crop/10:9-16:9/192k/191489/169914512/191489_454FH_IMG_04_0000_max_476x317.jpeg; https://media.rightmove.co.uk:443/dir/crop/10:9-16:9/192k/191489/169914512/191489_454FH_IMG_05_0000_max_476x317.jpeg; https://media.rightmove.co.uk:443/dir/crop/10:9-16:9/192k/191489/169914512/191489_454FH_IMG_06_0000_max_476x317.jpeg; https://media.rightmove.co.uk:443/dir/crop/10:9-16:9/192k/191489/169914512/191489_454FH_IMG_07_0000_max_476x317.jpeg; https://media.rightmove.co.uk:443/dir/crop/10:9-16:9/192k/191489/169914512/191489_454FH_IMG_08_0000_max_476x317.jpeg; https://media.rightmove.co.uk:443/dir/crop/10:9-16:9/192k/191489/169914512/191489_454FH_IMG_09_0000_max_476x317.jpeg; https://media.rightmove.co.uk:443/dir/crop/10:9-16:9/192k/191489/169914512/191489_454FH_IMG_10_0000_max_476x317.jpeg; https://media.rightmove.co.uk:443/dir/crop/10:9-16:9/192k/191489/169914512/191489_454FH_IMG_11_0000_max_476x317.jpeg; https://media.rightmove.co.uk:443/dir/crop/10:9-16:9/192k/191489/169914512/191489_454FH_IMG_12_0000_max_476x317.jpeg; https://media.rightmove.co.uk:443/dir/crop/10:9-16:9/192k/191489/169914512/191489_454FH_IMG_13_0000_max_476x317.jpeg; https://media.rightmove.co.uk:443/dir/crop/10:9-16:9/192k/191489/169914512/191489_454FH_IMG_14_0000_max_476x317.jpeg; https://media.rightmove.co.uk:443/dir/crop/10:9-16:9/192k/191489/169914512/191489_454FH_IMG_15_0000_max_476x317.jpeg"
"169579151","Hampshire","Commercial Development","161 Woodmill Lane and Land on the West Side of Woodmill Lane, Bitterne Park, Southampton, Hampshire, SO18 2PG","£550,000","Guide Price","","","3,000–4,000 sq. ft.","3000","4000","279","372","Freehold Commercial & Residential Development Opportunity - FOR SALE BY AUCTION 11TH DECEMBER 2025","https://www.rightmove.co.uk/properties/169579151#/?channel=COM_BUY","2025-11-21T17:19:46Z","","price_reduced","Marketed by Acuitus Limited, Acuitus","","50.93239","-1.36898","https://media.rightmove.co.uk:443/dir/crop/10:9-16:9/276k/275780/169579151/275780_A13436-LOT13-SOUTHAMPON_IMG_00_0000_max_476x317.jpeg; https://media.rightmove.co.uk:443/dir/crop/10:9-16:9/276k/275780/169579151/275780_A13436-LOT13-SOUTHAMPON_IMG_01_0000_max_476x317.jpeg; https://media.rightmove.co.uk:443/dir/crop/10:9-16:9/276k/275780/169579151/275780_A13436-LOT13-SOUTHAMPON_IMG_02_0000_max_476x317.jpeg; https://media.rightmove.co.uk:443/dir/crop/10:9-16:9/276k/275780/169579151/275780_A13436-LOT13-SOUTHAMPON_IMG_03_0000_max_476x317.jpeg; https://media.rightmove.co.uk:443/dir/crop/10:9-16:9/276k/275780/169579151/275780_A13436-LOT13-SOUTHAMPON_IMG_04_0000_max_476x317.jpeg; https://media.rightmove.co.uk:443/dir/crop/10:9-16:9/276k/275780/169579151/275780_A13436-LOT13-SOUTHAMPON_IMG_05_0000_max_476x317.jpeg; https://media.rightmove.co.uk:443/dir/crop/10:9-16:9/276k/275780/169579151/275780_A13436-LOT13-SOUTHAMPON_IMG_06_0000_max_476x317.jpeg; https://media.rightmove.co.uk:443/dir/crop/10:9-16:9/276k/275780/169579151/275780_A13436-LOT13-SOUTHAMPON_IMG_07_0000_max_476x317.jpeg"
"169892921","Hampshire","Plot","Locks Road, Locks Heath SO31","£525,000","Guide Price","3","","","","","","","A rare opportunity to acquire an attractive three bedroom detached bungalow occupying a large level plot with potential for development subject to planning set in an enviable position close to the Locks Heath Centre ","https://www.rightmove.co.uk/properties/169892921#/?channel=COM_BUY","2025-12-01T17:42:06Z","","new","Marketed by Brook Independent Estate Agents, Park Gate","","50.86627","-1.26969","https://media.rightmove.co.uk:443/dir/crop/10:9-16:9/7k/6110/169892921/6110_5086lLRP_IMG_00_0000_max_476x317.jpeg; https://media.rightmove.co.uk:443/dir/crop/10:9-16:9/7k/6110/169892921/6110_5086lLRP_IMG_03_0000_max_476x317.jpeg; https://media.rightmove.co.uk:443/dir/crop/10:9-16:9/7k/6110/169892921/6110_5086lLRP_IMG_23_0000_max_476x317.jpeg; https://media.rightmove.co.uk:443/dir/crop/10:9-16:9/7k/6110/169892921/6110_5086lLRP_IMG_04_0000_max_476x317.jpeg; https://media.rightmove.co.uk:443/dir/crop/10:9-16:9/7k/6110/169892921/6110_5086lLRP_IMG_01_0000_max_476x317.jpeg; https://media.rightmove.co.uk:443/dir/crop/10:9-16:9/7k/6110/169892921/6110_5086lLRP_IMG_02_0000_max_476x317.jpeg; https://media.rightmove.co.uk:443/dir/crop/10:9-16:9/7k/6110/169892921/6110_5086lLRP_IMG_05_0000_max_476x317.jpeg; https://media.rightmove.co.uk:443/dir/crop/10:9-16:9/7k/6110/169892921/6110_5086lLRP_IMG_06_0000_max_476x317.jpeg; https://media.rightmove.co.uk:443/dir/crop/10:9-16:9/7k/6110/169892921/6110_5086lLRP_IMG_07_0000_max_476x317.jpeg; https://media.rightmove.co.uk:443/dir/crop/10:9-16:9/7k/6110/169892921/6110_5086lLRP_IMG_08_0000_max_476x317.jpeg; https://media.rightmove.co.uk:443/dir/crop/10:9-16:9/7k/6110/169892921/6110_5086lLRP_IMG_09_0000_max_476x317.jpeg; https://media.rightmove.co.uk:443/dir/crop/10:9-16:9/7k/6110/169892921/6110_5086lLRP_IMG_10_0000_max_476x317.jpeg; https://media.rightmove.co.uk:443/dir/crop/10:9-16:9/7k/6110/169892921/6110_5086lLRP_IMG_11_0000_max_476x317.jpeg; https://media.rightmove.co.uk:443/dir/crop/10:9-16:9/7k/6110/169892921/6110_5086lLRP_IMG_12_0000_max_476x317.jpeg; https://media.rightmove.co.uk:443/dir/crop/10:9-16:9/7k/6110/169892921/6110_5086lLRP_IMG_13_0000_max_476x317.jpeg; https://media.rightmove.co.uk:443/dir/crop/10:9-16:9/7k/6110/169892921/6110_5086lLRP_IMG_14_0000_max_476x317.jpeg; https://media.rightmove.co.uk:443/dir/crop/10:9-16:9/7k/6110/169892921/6110_5086lLRP_IMG_15_0000_max_476x317.jpeg; https://media.rightmove.co.uk:443/dir/crop/10:9-16:9/7k/6110/169892921/6110_5086lLRP_IMG_16_0000_max_476x317.jpeg; https://media.rightmove.co.uk:443/dir/crop/10:9-16:9/7k/6110/169892921/6110_5086lLRP_IMG_17_0000_max_476x317.jpeg; https://media.rightmove.co.uk:443/dir/crop/10:9-16:9/7k/6110/169892921/6110_5086lLRP_IMG_18_0000_max_476x317.jpeg; https://media.rightmove.co.uk:443/dir/crop/10:9-16:9/7k/6110/169892921/6110_5086lLRP_IMG_19_0000_max_476x317.jpeg; https://media.rightmove.co.uk:443/dir/crop/10:9-16:9/7k/6110/169892921/6110_5086lLRP_IMG_20_0000_max_476x317.jpeg; https://media.rightmove.co.uk:443/dir/crop/10:9-16:9/7k/6110/169892921/6110_5086lLRP_IMG_21_0000_max_476x317.jpeg; https://media.rightmove.co.uk:443/dir/crop/10:9-16:9/7k/6110/169892921/6110_5086lLRP_IMG_22_0000_max_476x317.jpeg"
"723048725212880","Hampshire","Office","Dukes Keep, Marsh Lane, Southampton, SO14 3EX","POA","","","","83,995 sq. ft.","83995","83995","7803","7803","Offices with conversion/redevelopment potential - CLOSING DATE FOR BIDS 5PM 30th SEPTEMBER 2022","https://www.rightmove.co.uk/properties/723048725212880#/?channel=COM_BUY","2025-12-04T11:24:05Z","","new","Marketed by Savills, Southampton","","50.900399","-1.396435","https://media.rightmove.co.uk:443/dir/crop/10:9-16:9/215k/214127/723048725212880/214127_23258-1_IMG_00_0000_max_476x317.jpeg; https://media.rightmove.co.uk:443/dir/crop/10:9-16:9/215k/214127/723048725212880/214127_23258-1_IMG_01_0000_max_476x317.jpeg; https://media.rightmove.co.uk:443/dir/crop/10:9-16:9/215k/214127/723048725212880/214127_23258-1_IMG_02_0000_max_476x317.jpeg; https://media.rightmove.co.uk:443/dir/crop/10:9-16:9/215k/214127/723048725212880/214127_23258-1_IMG_03_0000_max_476x317.jpeg; https://media.rightmove.co.uk:443/dir/crop/10:9-16:9/215k/214127/723048725212880/214127_23258-1_IMG_04_0000_max_476x317.jpeg; https://media.rightmove.co.uk:443/dir/crop/10:9-16:9/215k/214127/723048725212880/214127_23258-1_IMG_05_0000_max_476x317.jpeg; https://media.rightmove.co.uk:443/dir/crop/10:9-16:9/215k/214127/723048725212880/214127_23258-1_IMG_06_0000_max_476x317.jpeg; https://media.rightmove.co.uk:443/dir/crop/10:9-16:9/215k/214127/723048725212880/214127_23258-1_IMG_07_0000_max_476x317.jpeg; https://media.rightmove.co.uk:443/dir/crop/10:9-16:9/215k/214127/723048725212880/214127_23258-1_IMG_08_0000_max_476x317.jpeg; https://media.rightmove.co.uk:443/dir/crop/10:9-16:9/215k/214127/723048725212880/214127_23258-1_IMG_09_0000_max_476x317.jpeg; https://media.rightmove.co.uk:443/dir/crop/10:9-16:9/215k/214127/723048725212880/214127_23258-1_IMG_10_0000_max_476x317.jpeg; https://media.rightmove.co.uk:443/dir/crop/10:9-16:9/215k/214127/723048725212880/214127_23258-1_IMG_11_0000_max_476x317.jpeg; https://media.rightmove.co.uk:443/dir/crop/10:9-16:9/215k/214127/723048725212880/214127_23258-1_IMG_12_0000_max_476x317.jpeg; https://media.rightmove.co.uk:443/dir/crop/10:9-16:9/215k/214127/723048725212880/214127_23258-1_IMG_13_0000_max_476x317.jpeg; https://media.rightmove.co.uk:443/dir/crop/10:9-16:9/215k/214127/723048725212880/214127_23258-1_IMG_14_0000_max_476x317.jpeg; https://media.rightmove.co.uk:443/dir/crop/10:9-16:9/215k/214127/723048725212880/214127_23258-1_IMG_15_0000_max_476x317.jpeg"
"723053416410177","Hampshire","Office","Three Minsters House, 76 High Street, Winchester, SO23 8UL","POA","","","","29,041 sq. ft.","29041","29041","2698","2698","Freehold and Leasehold Available For Office and Alternative Use (subject to the appropriate consents).","https://www.rightmove.co.uk/properties/723053416410177#/?channel=COM_BUY","2025-12-04T14:19:10Z","","new","Marketed by Savills, Southampton","","51.063282","-1.318644","https://media.rightmove.co.uk:443/dir/crop/10:9-16:9/215k/214127/723053416410177/214127_224516-1_IMG_00_0000_max_476x317.jpeg; https://media.rightmove.co.uk:443/dir/crop/10:9-16:9/215k/214127/723053416410177/214127_224516-1_IMG_01_0000_max_476x317.jpeg; https://media.rightmove.co.uk:443/dir/crop/10:9-16:9/215k/214127/723053416410177/214127_224516-1_IMG_02_0000_max_476x317.jpeg; https://media.rightmove.co.uk:443/dir/crop/10:9-16:9/215k/214127/723053416410177/214127_224516-1_IMG_03_0000_max_476x317.jpeg; https://media.rightmove.co.uk:443/dir/crop/10:9-16:9/215k/214127/723053416410177/214127_224516-1_IMG_04_0000_max_476x317.jpeg; https://media.rightmove.co.uk:443/dir/crop/10:9-16:9/215k/214127/723053416410177/214127_224516-1_IMG_05_0000_max_476x317.jpeg"
"169751627","Hampshire","Commercial Property","Lipscombe Rise, ALTON","£140,000","Guide Price","4","1","","","","","","AUCTION SALE 16 December 2025 - Freehold two floor mid terrace building requiring modernisationArranged as ground floor retail unit and ground and first floor self-contained residential unitPotential to convert into two mid terrace houses or three self-contained flats STPPFull vacant possession","https://www.rightmove.co.uk/properties/169751627#/?channel=COM_BUY","2025-11-26T17:08:34Z","","new","Marketed by Barnard Marcus, Hammersmith Auctions","","51.15654","-0.97184","https://media.rightmove.co.uk:443/dir/crop/10:9-16:9/property-photo/f65cc825d/169751627/f65cc825dbc4e821dd47224b55b5e6b5_max_476x317.jpeg; https://media.rightmove.co.uk:443/dir/crop/10:9-16:9/property-photo/c867eb7b7/169751627/c867eb7b7cba19dea2e2711361bfa23f_max_476x317.jpeg; https://media.rightmove.co.uk:443/dir/crop/10:9-16:9/property-photo/8a2019f43/169751627/8a2019f436a3e566b34cff71ce697a9a_max_476x317.jpeg; https://media.rightmove.co.uk:443/dir/crop/10:9-16:9/property-photo/fa64ffa2c/169751627/fa64ffa2ca0cfa4e446d1bec8b72a1e4_max_476x317.jpeg; https://media.rightmove.co.uk:443/dir/crop/10:9-16:9/property-photo/f3bdada55/169751627/f3bdada55bb1d35f07fa825e1c946e63_max_476x317.jpeg; https://media.rightmove.co.uk:443/dir/crop/10:9-16:9/property-photo/4be25e283/169751627/4be25e283cab814e4c2edd2b43c3dc22_max_476x317.jpeg; https://media.rightmove.co.uk:443/dir/crop/10:9-16:9/property-photo/55fd4cb62/169751627/55fd4cb62f9d8f4c25bf8e79a74b60e8_max_476x317.jpeg; https://media.rightmove.co.uk:443/dir/crop/10:9-16:9/property-photo/07fbc230b/169751627/07fbc230b7878d1b53dfd26cc3eed54b_max_476x317.jpeg; https://media.rightmove.co.uk:443/dir/crop/10:9-16:9/property-photo/83fa2ecc9/169751627/83fa2ecc912c0f207d30b196705c25df_max_476x317.jpeg; https://media.rightmove.co.uk:443/dir/crop/10:9-16:9/property-photo/015dbf4c3/169751627/015dbf4c318e03c0f25a278c1407ad60_max_476x317.jpeg"
"169959329","Hampshire","Land","Popes Lane, Upham, SO32","£50,000","","","","","","","","","LOT 10 - Parcel I - To Be Auctioned on Wednesday, 10th December","https://www.rightmove.co.uk/properties/169959329#/?channel=COM_BUY","2025-12-03T13:50:38Z","","new","Marketed by Barney Estates and Auctioneers, London","","50.976787","-1.251312","https://media.rightmove.co.uk:443/dir/crop/10:9-16:9/131k/130351/169959329/130351_502012_002038_IMG_00_0000_max_476x317.jpeg; https://media.rightmove.co.uk:443/dir/crop/10:9-16:9/131k/130351/169959329/130351_502012_002038_IMG_01_0000_max_476x317.jpeg; https://media.rightmove.co.uk:443/dir/crop/10:9-16:9/131k/130351/169959329/130351_502012_002038_IMG_02_0000_max_476x317.jpeg; https://media.rightmove.co.uk:443/dir/crop/10:9-16:9/131k/130351/169959329/130351_502012_002038_IMG_03_0000_max_476x317.jpeg"
"87364251","Hampshire","Land","Popes Lane, Upham, SO32","£50,000","","","","","","","","","Strategic land of approx 1 acre, off Popes Lane, Upham SO32 1JB","https://www.rightmove.co.uk/properties/87364251#/?channel=COM_BUY","2025-12-01T10:15:41Z","","new","Marketed by Barney Estates and Auctioneers, London","","50.976787","-1.251312","https://media.rightmove.co.uk:443/dir/crop/10:9-16:9/131k/130351/87364251/130351_502012_002020_IMG_00_0000_max_476x317.jpeg; https://media.rightmove.co.uk:443/dir/crop/10:9-16:9/131k/130351/87364251/130351_502012_002020_IMG_01_0000_max_476x317.jpeg; https://media.rightmove.co.uk:443/dir/crop/10:9-16:9/131k/130351/87364251/130351_502012_002020_IMG_02_0000_max_476x317.jpeg"
"87364245","Hampshire","Land","Winchester Road, Upham, SO32","£225,000","","","","","","","","","3.4 Acres of freehold land off Winchester Road, Southampton","https://www.rightmove.co.uk/properties/87364245#/?channel=COM_BUY","2025-12-01T10:15:39Z","","new","Marketed by Barney Estates and Auctioneers, London","","50.975375","-1.26232","https://media.rightmove.co.uk:443/dir/crop/10:9-16:9/131k/130351/87364245/130351_502012_002019_IMG_00_0000_max_476x317.jpeg; https://media.rightmove.co.uk:443/dir/crop/10:9-16:9/131k/130351/87364245/130351_502012_002019_IMG_01_0000_max_476x317.jpeg; https://media.rightmove.co.uk:443/dir/crop/10:9-16:9/131k/130351/87364245/130351_502012_002019_IMG_02_0000_max_476x317.jpeg"
"87363939","Hampshire","Land","Fratton Road, Fratton","£285,000","","1","1","","","","","","Rare Opportunity: Office Space, One-Bedroom Maisonette & Large Storage Unit - No Forward Chain.","https://www.rightmove.co.uk/properties/87363939#/?channel=COM_BUY","2025-12-01T10:08:41Z","","new","Marketed by Martin & Co, Portsmouth","","50.796764","-1.076708","https://media.rightmove.co.uk:443/dir/crop/10:9-16:9/14k/13553/87363939/13553_100667005532_IMG_00_0000_max_476x317.jpeg; https://media.rightmove.co.uk:443/dir/crop/10:9-16:9/14k/13553/87363939/13553_100667005532_IMG_01_0000_max_476x317.jpeg; https://media.rightmove.co.uk:443/dir/crop/10:9-16:9/14k/13553/87363939/13553_100667005532_IMG_02_0000_max_476x317.jpeg; https://media.rightmove.co.uk:443/dir/crop/10:9-16:9/14k/13553/87363939/13553_100667005532_IMG_03_0000_max_476x317.jpeg; https://media.rightmove.co.uk:443/dir/crop/10:9-16:9/14k/13553/87363939/13553_100667005532_IMG_04_0000_max_476x317.jpeg; https://media.rightmove.co.uk:443/dir/crop/10:9-16:9/14k/13553/87363939/13553_100667005532_IMG_05_0000_max_476x317.jpeg; https://media.rightmove.co.uk:443/dir/crop/10:9-16:9/14k/13553/87363939/13553_100667005532_IMG_06_0000_max_476x317.jpeg; https://media.rightmove.co.uk:443/dir/crop/10:9-16:9/14k/13553/87363939/13553_100667005532_IMG_07_0000_max_476x317.jpeg; https://media.rightmove.co.uk:443/dir/crop/10:9-16:9/14k/13553/87363939/13553_100667005532_IMG_08_0000_max_476x317.jpeg; https://media.rightmove.co.uk:443/dir/crop/10:9-16:9/14k/13553/87363939/13553_100667005532_IMG_09_0000_max_476x317.jpeg; https://media.rightmove.co.uk:443/dir/crop/10:9-16:9/14k/13553/87363939/13553_100667005532_IMG_10_0000_max_476x317.jpeg; https://media.rightmove.co.uk:443/dir/crop/10:9-16:9/14k/13553/87363939/13553_100667005532_IMG_11_0000_max_476x317.jpeg; https://media.rightmove.co.uk:443/dir/crop/10:9-16:9/14k/13553/87363939/13553_100667005532_IMG_12_0000_max_476x317.jpeg; https://media.rightmove.co.uk:443/dir/crop/10:9-16:9/14k/13553/87363939/13553_100667005532_IMG_13_0000_max_476x317.jpeg; https://media.rightmove.co.uk:443/dir/crop/10:9-16:9/14k/13553/87363939/13553_100667005532_IMG_14_0000_max_476x317.jpeg"
"169846037","Hampshire","Bar / Nightclub","16 East Street, Southampton, Hampshire, SO14","£190,000","","","","1,951 sq. ft.","1951","1951","181","181","Comprises American-style sports bar arranged over the ground and first floors. Entire property Let until April 2034. Rent deposit held of £11,250. ","https://www.rightmove.co.uk/properties/169846037#/?channel=COM_BUY","2025-11-29T10:30:23Z","","new","Marketed by Blue Alpine, London","","50.9019","-1.40196","https://media.rightmove.co.uk:443/dir/crop/10:9-16:9/231k/230087/169846037/230087_16eaststreet_IMG_00_0000_max_476x317.png; https://media.rightmove.co.uk:443/dir/crop/10:9-16:9/231k/230087/169846037/230087_16eaststreet_IMG_01_0000_max_476x317.png"
"169837265","Hampshire","Land","Land to the North of, Church Road, Steep, Petersfield, Hampshire, GU32","£200,000","Guide Price","","","","","","","","Auction date - 18/12/2025. Approximate Site Area 1.788 Hectares (4.419 Acres), Possible Potential for Alternative Uses and/or Development, subject to consents, Close to Bedales School, Petersfield rail station (South Western Railway services) is approximately 1.4 miles to the south, Drone Footage...","https://www.rightmove.co.uk/properties/169837265#/?channel=COM_BUY","2025-11-28T18:07:53Z","","new","Marketed by Allsop, Auction","","51.024548","-0.947761","https://media.rightmove.co.uk:443/dir/crop/10:9-16:9/76k/75673/169837265/75673_R251217_160_IMG_00_0000_max_476x317.jpeg; https://media.rightmove.co.uk:443/dir/crop/10:9-16:9/76k/75673/169837265/75673_R251217_160_IMG_01_0000_max_476x317.jpeg; https://media.rightmove.co.uk:443/dir/crop/10:9-16:9/76k/75673/169837265/75673_R251217_160_IMG_02_0000_max_476x317.jpeg; https://media.rightmove.co.uk:443/dir/crop/10:9-16:9/76k/75673/169837265/75673_R251217_160_IMG_03_0000_max_476x317.jpeg; https://media.rightmove.co.uk:443/dir/crop/10:9-16:9/76k/75673/169837265/75673_R251217_160_IMG_04_0000_max_476x317.jpeg"
"169832867","Hampshire","Commercial Property","222 Twyford Avenue, Portsmouth, PO2 8JG","£175,000","","","","564 sq. ft.","564","564","52","52","Retail investment opportunity with living accommodation","https://www.rightmove.co.uk/properties/169832867#/?channel=COM_BUY","2025-11-28T16:40:43Z","","new","Marketed by Hellier Langston Commercial Agents, Fareham","","50.818981","-1.084424","https://media.rightmove.co.uk:443/dir/crop/10:9-16:9/109k/108977/169832867/108977_345376-1_IMG_00_0000_max_476x317.jpeg; https://media.rightmove.co.uk:443/dir/crop/10:9-16:9/109k/108977/169832867/108977_345376-1_IMG_01_0000_max_476x317.jpeg; https://media.rightmove.co.uk:443/dir/crop/10:9-16:9/109k/108977/169832867/108977_345376-1_IMG_02_0000_max_476x317.jpeg; https://media.rightmove.co.uk:443/dir/crop/10:9-16:9/109k/108977/169832867/108977_345376-1_IMG_03_0000_max_476x317.jpeg"
"169820177","Hampshire","Light Industrial","Unit 23, Sandleheath Industrial Estate, Old Brickyard Road, Sandleheath, Fordingbridge, Hampshire, SP6 1PA","£340,000","","","","3,821 sq. ft.","3821","3821","355","355","For Sale - Freehold Industrial Unit Sandleheath Industrial Estate is accessed via Old Brickyard Road and connects to Station Road providing access to Sandleheath and Fordingbridge. The A338 from Fordingbridge links north to Salisbury and South towards Ringwood. The premises are brick outer, bl...","https://www.rightmove.co.uk/properties/169820177#/?channel=COM_BUY","2025-11-28T13:36:02Z","","new","Marketed by Mava Real Estate, Bournemouth","","50.933537","-1.820253","https://media.rightmove.co.uk:443/dir/crop/10:9-16:9/80k/79329/169820177/79329_14823FH_IMG_00_0000_max_476x317.jpeg; https://media.rightmove.co.uk:443/dir/crop/10:9-16:9/80k/79329/169820177/79329_14823FH_IMG_01_0000_max_476x317.jpeg; https://media.rightmove.co.uk:443/dir/crop/10:9-16:9/80k/79329/169820177/79329_14823FH_IMG_02_0000_max_476x317.jpeg; https://media.rightmove.co.uk:443/dir/crop/10:9-16:9/80k/79329/169820177/79329_14823FH_IMG_03_0000_max_476x317.jpeg; https://media.rightmove.co.uk:443/dir/crop/10:9-16:9/80k/79329/169820177/79329_14823FH_IMG_04_0000_max_476x317.jpeg; https://media.rightmove.co.uk:443/dir/crop/10:9-16:9/80k/79329/169820177/79329_14823FH_IMG_05_0000_max_476x317.jpeg; https://media.rightmove.co.uk:443/dir/crop/10:9-16:9/80k/79329/169820177/79329_14823FH_IMG_06_0000_max_476x317.jpeg; https://media.rightmove.co.uk:443/dir/crop/10:9-16:9/80k/79329/169820177/79329_14823FH_IMG_07_0000_max_476x317.jpeg; https://media.rightmove.co.uk:443/dir/crop/10:9-16:9/80k/79329/169820177/79329_14823FH_IMG_08_0000_max_476x317.jpeg; https://media.rightmove.co.uk:443/dir/crop/10:9-16:9/80k/79329/169820177/79329_14823FH_IMG_09_0000_max_476x317.jpeg"
"169818629","Hampshire","Land","Land at Orchard Close, Alresford, Hampshire, SO24 9PY","£3,000","Guide Price","","","","","","","","**For Sale By Public Auction 11th December 2025 10:00 AM To inspect the legal documents for this property go to our website to download the legal pack** Land and Roadways Measuring Approximately 4,427 sq m (47,624 sq ft) Freehold Guide Price = £3,000+ L...","https://www.rightmove.co.uk/properties/169818629#/?channel=COM_BUY","2025-11-28T13:17:47Z","","new","Marketed by Auction House London, Hampstead","","51.080986","-1.162948","https://media.rightmove.co.uk:443/dir/crop/10:9-16:9/83k/82574/169818629/82574_320772_IMG_00_0000_max_476x317.jpeg"
"169794059","Hampshire","Distribution Warehouse","T Park, Salisbury Road, Totton, SO40 2RW","POA","","","","24,714–99,642 sq. ft.","24714","99642","2296","9257","5 Detached New Grade A Speculative Build Industrial/Logistics Units from 24,714 to 99,642 sq ft","https://www.rightmove.co.uk/properties/169794059#/?channel=COM_BUY","2025-11-27T17:22:00Z","","new","Marketed by JLL, London - Industrial","","50.93998","-1.521187","https://media.rightmove.co.uk:443/dir/crop/10:9-16:9/264k/263627/169794059/263627_336549-1_IMG_00_0000_max_476x317.jpeg; https://media.rightmove.co.uk:443/dir/crop/10:9-16:9/264k/263627/169794059/263627_336549-1_IMG_01_0000_max_476x317.jpeg; https://media.rightmove.co.uk:443/dir/crop/10:9-16:9/264k/263627/169794059/263627_336549-1_IMG_02_0000_max_476x317.jpeg"
"169791245","Hampshire","Plot","Bungalow Plot, Shipton Bellinger","£200,000","Guide Price","","","","","","","","Building Plot with Pre-Application Approval for a Detached Bungalow on the Outskirts of a Vibrant Village on the Hampshire & Wiltshire Border ","https://www.rightmove.co.uk/properties/169791245#/?channel=COM_BUY","2025-11-27T16:38:14Z","","new","Marketed by Milfords, Amesbury","","51.20333","-1.66483","https://media.rightmove.co.uk:443/dir/crop/10:9-16:9/249k/248894/169791245/248894_RS0030_IMG_00_0000_max_476x317.jpeg; https://media.rightmove.co.uk:443/dir/crop/10:9-16:9/249k/248894/169791245/248894_RS0030_IMG_10_0001_max_476x317.jpeg; https://media.rightmove.co.uk:443/dir/crop/10:9-16:9/249k/248894/169791245/248894_RS0030_IMG_02_0000_max_476x317.jpeg; https://media.rightmove.co.uk:443/dir/crop/10:9-16:9/249k/248894/169791245/248894_RS0030_IMG_03_0000_max_476x317.jpeg; https://media.rightmove.co.uk:443/dir/crop/10:9-16:9/249k/248894/169791245/248894_RS0030_IMG_04_0000_max_476x317.jpeg; https://media.rightmove.co.uk:443/dir/crop/10:9-16:9/249k/248894/169791245/248894_RS0030_IMG_05_0000_max_476x317.jpeg; https://media.rightmove.co.uk:443/dir/crop/10:9-16:9/249k/248894/169791245/248894_RS0030_IMG_06_0000_max_476x317.jpeg; https://media.rightmove.co.uk:443/dir/crop/10:9-16:9/249k/248894/169791245/248894_RS0030_IMG_07_0000_max_476x317.jpeg; https://media.rightmove.co.uk:443/dir/crop/10:9-16:9/249k/248894/169791245/248894_RS0030_IMG_08_0000_max_476x317.jpeg; https://media.rightmove.co.uk:443/dir/crop/10:9-16:9/249k/248894/169791245/248894_RS0030_IMG_09_0000_max_476x317.jpeg"
"723058642423648","Hampshire","Restaurant","Old Bond Store Building, Back of the Walls, Southampton, SO14 3HA","POA","","","","6,049 sq. ft.","6049","6049","562","562","Detached 6,049 sq ft GII listed ""turn-key"" commercial HQ/leisure opportunity in Southampton’s ""cultural district"" suitable for range of uses","https://www.rightmove.co.uk/properties/723058642423648#/?channel=COM_BUY","2025-12-04T14:55:52Z","","size_change","Marketed by Savills, Southampton - Licensed Leisure","","50.900786","-1.401711","https://media.rightmove.co.uk:443/dir/crop/10:9-16:9/226k/225509/723058642423648/225509_338378-1_IMG_00_0000_max_476x317.jpeg; https://media.rightmove.co.uk:443/dir/crop/10:9-16:9/226k/225509/723058642423648/225509_338378-1_IMG_01_0000_max_476x317.jpeg; https://media.rightmove.co.uk:443/dir/crop/10:9-16:9/226k/225509/723058642423648/225509_338378-1_IMG_02_0000_max_476x317.jpeg; https://media.rightmove.co.uk:443/dir/crop/10:9-16:9/226k/225509/723058642423648/225509_338378-1_IMG_03_0000_max_476x317.jpeg; https://media.rightmove.co.uk:443/dir/crop/10:9-16:9/226k/225509/723058642423648/225509_338378-1_IMG_04_0000_max_476x317.jpeg; https://media.rightmove.co.uk:443/dir/crop/10:9-16:9/226k/225509/723058642423648/225509_338378-1_IMG_05_0000_max_476x317.jpeg; https://media.rightmove.co.uk:443/dir/crop/10:9-16:9/226k/225509/723058642423648/225509_338378-1_IMG_06_0000_max_476x317.jpeg; https://media.rightmove.co.uk:443/dir/crop/10:9-16:9/226k/225509/723058642423648/225509_338378-1_IMG_07_0000_max_476x317.jpeg; https://media.rightmove.co.uk:443/dir/crop/10:9-16:9/226k/225509/723058642423648/225509_338378-1_IMG_08_0000_max_476x317.jpeg; https://media.rightmove.co.uk:443/dir/crop/10:9-16:9/226k/225509/723058642423648/225509_338378-1_IMG_09_0000_max_476x317.jpeg; https://media.rightmove.co.uk:443/dir/crop/10:9-16:9/226k/225509/723058642423648/225509_338378-1_IMG_10_0000_max_476x317.jpeg; https://media.rightmove.co.uk:443/dir/crop/10:9-16:9/226k/225509/723058642423648/225509_338378-1_IMG_11_0000_max_476x317.jpeg; https://media.rightmove.co.uk:443/dir/crop/10:9-16:9/226k/225509/723058642423648/225509_338378-1_IMG_12_0000_max_476x317.jpeg; https://media.rightmove.co.uk:443/dir/crop/10:9-16:9/226k/225509/723058642423648/225509_338378-1_IMG_13_0000_max_476x317.jpeg; https://media.rightmove.co.uk:443/dir/crop/10:9-16:9/226k/225509/723058642423648/225509_338378-1_IMG_14_0000_max_476x317.jpeg; https://media.rightmove.co.uk:443/dir/crop/10:9-16:9/226k/225509/723058642423648/225509_338378-1_IMG_15_0000_max_476x317.jpeg"
"166097765","Hampshire","Commercial Property","Commercial Property With Accommodation - Hampshire [SO43 7BD]","£1,050,000","","7","","","","","","","We are pleased to bring to the market this commercial property with accommodation in Lyndhurst, Hampshire.","https://www.rightmove.co.uk/properties/166097765#/?channel=COM_BUY","2025-08-22T12:01:36Z","","price_reduced","Marketed by Blacks Business Brokers, Bury","","50.87245","-1.57715","https://media.rightmove.co.uk:443/dir/crop/10:9-16:9/263k/262775/166097765/262775_9353_IMG_00_0000_max_476x317.jpeg; https://media.rightmove.co.uk:443/dir/crop/10:9-16:9/263k/262775/166097765/262775_9353_IMG_01_0000_max_476x317.jpeg; https://media.rightmove.co.uk:443/dir/crop/10:9-16:9/263k/262775/166097765/262775_9353_IMG_02_0000_max_476x317.jpeg; https://media.rightmove.co.uk:443/dir/crop/10:9-16:9/263k/262775/166097765/262775_9353_IMG_03_0000_max_476x317.jpeg; https://media.rightmove.co.uk:443/dir/crop/10:9-16:9/263k/262775/166097765/262775_9353_IMG_04_0000_max_476x317.jpeg; https://media.rightmove.co.uk:443/dir/crop/10:9-16:9/263k/262775/166097765/262775_9353_IMG_05_0000_max_476x317.jpeg; https://media.rightmove.co.uk:443/dir/crop/10:9-16:9/263k/262775/166097765/262775_9353_IMG_06_0000_max_476x317.jpeg; https://media.rightmove.co.uk:443/dir/crop/10:9-16:9/263k/262775/166097765/262775_9353_IMG_07_0000_max_476x317.jpeg; https://media.rightmove.co.uk:443/dir/crop/10:9-16:9/263k/262775/166097765/262775_9353_IMG_08_0000_max_476x317.jpeg"
"169757888","Hampshire","Retail Property (high street)","Unit 2-4, M Palmerston Road, Southsea","£600,000","","","","2,121 sq. ft.","2121","2121","197","197","The property comprises an attractive and well positioned parade of retail units located in a desirable and popular part of Southsea. The scheme offers 16 units with a wide ranging tenant mix including retail, leisure, food and convenience supermarket.","https://www.rightmove.co.uk/properties/169757888#/?channel=COM_BUY","2025-11-27T01:14:38Z","","new","Marketed by LCP, Commercial","","50.78593","-1.08852","https://media.rightmove.co.uk:443/dir/crop/10:9-16:9/230k/229553/169757888/229553_67acbb55291e1f4197554e47_1_187_IMG_04_0000_max_476x317.jpeg; https://media.rightmove.co.uk:443/dir/crop/10:9-16:9/230k/229553/169757888/229553_67acbb55291e1f4197554e47_1_187_IMG_05_0000_max_476x317.jpeg; https://media.rightmove.co.uk:443/dir/crop/10:9-16:9/230k/229553/169757888/229553_67acbb55291e1f4197554e47_1_187_IMG_01_0000_max_476x317.jpeg; https://media.rightmove.co.uk:443/dir/crop/10:9-16:9/230k/229553/169757888/229553_67acbb55291e1f4197554e47_1_187_IMG_00_0000_max_476x317.jpeg; https://media.rightmove.co.uk:443/dir/crop/10:9-16:9/230k/229553/169757888/229553_67acbb55291e1f4197554e47_1_187_IMG_03_0000_max_476x317.jpeg; https://media.rightmove.co.uk:443/dir/crop/10:9-16:9/230k/229553/169757888/229553_67acbb55291e1f4197554e47_1_187_IMG_02_0000_max_476x317.jpeg"
"166647425","Hampshire","Office","One Turnberry House, The Links, 4400 Parkway, Fareham, PO15 7FJ","£685,000","","","","1,854–3,741 sq. ft.","1854","3741","172","348","FULLY REFURBISHED OPEN PLAN OFFICE SPACE","https://www.rightmove.co.uk/properties/166647425#/?channel=COM_BUY","2025-09-05T16:12:24Z","","price_reduced","Marketed by Vail Williams, Southampton","","50.879287","-1.23835","https://media.rightmove.co.uk:443/dir/crop/10:9-16:9/102k/101996/166647425/101996_107187-1_IMG_00_0000_max_476x317.jpeg; https://media.rightmove.co.uk:443/dir/crop/10:9-16:9/102k/101996/166647425/101996_107187-1_IMG_01_0000_max_476x317.jpeg; https://media.rightmove.co.uk:443/dir/crop/10:9-16:9/102k/101996/166647425/101996_107187-1_IMG_02_0000_max_476x317.jpeg; https://media.rightmove.co.uk:443/dir/crop/10:9-16:9/102k/101996/166647425/101996_107187-1_IMG_03_0000_max_476x317.jpeg; https://media.rightmove.co.uk:443/dir/crop/10:9-16:9/102k/101996/166647425/101996_107187-1_IMG_04_0000_max_476x317.jpeg; https://media.rightmove.co.uk:443/dir/crop/10:9-16:9/102k/101996/166647425/101996_107187-1_IMG_05_0000_max_476x317.jpeg; https://media.rightmove.co.uk:443/dir/crop/10:9-16:9/102k/101996/166647425/101996_107187-1_IMG_06_0000_max_476x317.jpeg; https://media.rightmove.co.uk:443/dir/crop/10:9-16:9/102k/101996/166647425/101996_107187-1_IMG_07_0000_max_476x317.jpeg; https://media.rightmove.co.uk:443/dir/crop/10:9-16:9/102k/101996/166647425/101996_107187-1_IMG_08_0000_max_476x317.jpeg; https://media.rightmove.co.uk:443/dir/crop/10:9-16:9/102k/101996/166647425/101996_107187-1_IMG_09_0000_max_476x317.jpeg"
"169752530","Hampshire","Pub","The Four Horseshoes, Long Sutton, Hook, Hampshire","£695,000","Guide Price","4","4","2,703 sq. ft.","2703","2703","251","251","A freehold public house and inn set in a delightful location on the edge of the charming village of Long Sutton. An exciting opportunity to acquire a traditional public house with excellent potential for redevelopment (STP), situated in the highly sought-after village of Long Sutton. Enjoying ...","https://www.rightmove.co.uk/properties/169752530#/?channel=COM_BUY","2025-11-26T17:25:39Z","","new","Marketed by Hellards Estate Agents, Alresford","","51.217968","-0.930203","https://media.rightmove.co.uk:443/dir/crop/10:9-16:9/14k/13045/169752530/13045_S1510614_IMG_00_0000_max_476x317.jpeg; https://media.rightmove.co.uk:443/dir/crop/10:9-16:9/14k/13045/169752530/13045_S1510614_IMG_01_0000_max_476x317.jpeg; https://media.rightmove.co.uk:443/dir/crop/10:9-16:9/14k/13045/169752530/13045_S1510614_IMG_02_0000_max_476x317.jpeg; https://media.rightmove.co.uk:443/dir/crop/10:9-16:9/14k/13045/169752530/13045_S1510614_IMG_03_0000_max_476x317.jpeg; https://media.rightmove.co.uk:443/dir/crop/10:9-16:9/14k/13045/169752530/13045_S1510614_IMG_04_0000_max_476x317.jpeg; https://media.rightmove.co.uk:443/dir/crop/10:9-16:9/14k/13045/169752530/13045_S1510614_IMG_05_0000_max_476x317.jpeg; https://media.rightmove.co.uk:443/dir/crop/10:9-16:9/14k/13045/169752530/13045_S1510614_IMG_06_0000_max_476x317.jpeg; https://media.rightmove.co.uk:443/dir/crop/10:9-16:9/14k/13045/169752530/13045_S1510614_IMG_07_0000_max_476x317.jpeg; https://media.rightmove.co.uk:443/dir/crop/10:9-16:9/14k/13045/169752530/13045_S1510614_IMG_08_0000_max_476x317.png; https://media.rightmove.co.uk:443/dir/crop/10:9-16:9/14k/13045/169752530/13045_S1510614_IMG_09_0000_max_476x317.jpeg; https://media.rightmove.co.uk:443/dir/crop/10:9-16:9/14k/13045/169752530/13045_S1510614_IMG_10_0000_max_476x317.png; https://media.rightmove.co.uk:443/dir/crop/10:9-16:9/14k/13045/169752530/13045_S1510614_IMG_11_0000_max_476x317.png"
"169751627","Hampshire","Commercial Property","Lipscombe Rise, ALTON","£140,000","Guide Price","4","1","","","","","","AUCTION SALE 16 December 2025 - Freehold two floor mid terrace building requiring modernisationArranged as ground floor retail unit and ground and first floor self-contained residential unitPotential to convert into two mid terrace houses or three self-contained flats STPPFull vacant possession","https://www.rightmove.co.uk/properties/169751627#/?channel=COM_BUY","2025-11-26T17:08:34Z","","new","Marketed by Barnard Marcus, Hammersmith Auctions","","51.15654","-0.97184","https://media.rightmove.co.uk:443/dir/crop/10:9-16:9/property-photo/f65cc825d/169751627/f65cc825dbc4e821dd47224b55b5e6b5_max_476x317.jpeg; https://media.rightmove.co.uk:443/dir/crop/10:9-16:9/property-photo/c867eb7b7/169751627/c867eb7b7cba19dea2e2711361bfa23f_max_476x317.jpeg; https://media.rightmove.co.uk:443/dir/crop/10:9-16:9/property-photo/8a2019f43/169751627/8a2019f436a3e566b34cff71ce697a9a_max_476x317.jpeg; https://media.rightmove.co.uk:443/dir/crop/10:9-16:9/property-photo/fa64ffa2c/169751627/fa64ffa2ca0cfa4e446d1bec8b72a1e4_max_476x317.jpeg; https://media.rightmove.co.uk:443/dir/crop/10:9-16:9/property-photo/f3bdada55/169751627/f3bdada55bb1d35f07fa825e1c946e63_max_476x317.jpeg; https://media.rightmove.co.uk:443/dir/crop/10:9-16:9/property-photo/4be25e283/169751627/4be25e283cab814e4c2edd2b43c3dc22_max_476x317.jpeg; https://media.rightmove.co.uk:443/dir/crop/10:9-16:9/property-photo/55fd4cb62/169751627/55fd4cb62f9d8f4c25bf8e79a74b60e8_max_476x317.jpeg; https://media.rightmove.co.uk:443/dir/crop/10:9-16:9/property-photo/07fbc230b/169751627/07fbc230b7878d1b53dfd26cc3eed54b_max_476x317.jpeg; https://media.rightmove.co.uk:443/dir/crop/10:9-16:9/property-photo/83fa2ecc9/169751627/83fa2ecc912c0f207d30b196705c25df_max_476x317.jpeg; https://media.rightmove.co.uk:443/dir/crop/10:9-16:9/property-photo/015dbf4c3/169751627/015dbf4c318e03c0f25a278c1407ad60_max_476x317.jpeg"
"156618092","Hampshire","Retail Property (out of town)","Kingston Road, Portsmouth","£215,000","","","","","","","","","Freehold SHOP and Uppers. This mixed commercial and residential building with the ground floor occupied Trading as Matt Fisheries, the retail unit is LET at £550 pcm with two years remaining on the lease. The upper three floors of living accommodation is available with the benefit of vacant ...","https://www.rightmove.co.uk/properties/156618092#/?channel=COM_BUY","2025-01-08T10:38:10Z","","price_reduced","Marketed by Kings Estates Commercial, National","","50.81248","-1.07991","https://media.rightmove.co.uk:443/dir/crop/10:9-16:9/259k/258500/156618092/258500_103592001009_IMG_00_0000_max_476x317.jpeg; https://media.rightmove.co.uk:443/dir/crop/10:9-16:9/259k/258500/156618092/258500_103592001009_IMG_01_0000_max_476x317.jpeg"
"169707044","Hampshire","Shop","Kings Road, Fleet, Hampshire, GU51","£160,000","","","","","","","","","Ground floor retail unit, including off-street parking, being sold with vacant possession and 199 year lease. Space includes second room currently with kitchen units and cloakroom with rear access to parking area. Suitable for alternative uses, subject to any necessary planning consent. ","https://www.rightmove.co.uk/properties/169707044#/?channel=COM_BUY","2025-11-25T16:46:32Z","","new","Marketed by Vickery, West End, Woking","","51.284043","-0.835536","https://media.rightmove.co.uk:443/dir/crop/10:9-16:9/23k/22901/169707044/22901_CRL250032_IMG_00_0000_max_476x317.jpeg; https://media.rightmove.co.uk:443/dir/crop/10:9-16:9/23k/22901/169707044/22901_CRL250032_IMG_01_0000_max_476x317.jpeg; https://media.rightmove.co.uk:443/dir/crop/10:9-16:9/23k/22901/169707044/22901_CRL250032_IMG_02_0000_max_476x317.jpeg; https://media.rightmove.co.uk:443/dir/crop/10:9-16:9/23k/22901/169707044/22901_CRL250032_IMG_03_0000_max_476x317.jpeg; https://media.rightmove.co.uk:443/dir/crop/10:9-16:9/23k/22901/169707044/22901_CRL250032_IMG_04_0000_max_476x317.jpeg"
"168573794","Hampshire","Land","Land at Woodberry Lane, Rowland's Castle","£100,000","Guide Price","","","186,437 sq. ft.","186437","186437","17321","17321","A well-located parcel of pastureland on the edge of Rowland's Castle. Only approx. 2.5 miles from Junction 2 of the A3(M). Excellent links to local public rights of way network. Located just outside the South Downs National Park. Suitable for amenity, recreation, conservation and other uses, subject","https://www.rightmove.co.uk/properties/168573794#/?channel=COM_BUY","2025-10-24T13:44:48Z","","price_reduced","Marketed by Giles Wheeler-Bennett, Southampton","","50.88894","-0.9554","https://media.rightmove.co.uk:443/dir/crop/10:9-16:9/104k/103508/168573794/103508_WoodberryLn_IMG_05_0000_max_476x317.jpeg; https://media.rightmove.co.uk:443/dir/crop/10:9-16:9/104k/103508/168573794/103508_WoodberryLn_IMG_11_0000_max_476x317.png; https://media.rightmove.co.uk:443/dir/crop/10:9-16:9/104k/103508/168573794/103508_WoodberryLn_IMG_09_0000_max_476x317.png; https://media.rightmove.co.uk:443/dir/crop/10:9-16:9/104k/103508/168573794/103508_WoodberryLn_IMG_00_0000_max_476x317.jpeg; https://media.rightmove.co.uk:443/dir/crop/10:9-16:9/104k/103508/168573794/103508_WoodberryLn_IMG_01_0000_max_476x317.jpeg; https://media.rightmove.co.uk:443/dir/crop/10:9-16:9/104k/103508/168573794/103508_WoodberryLn_IMG_02_0000_max_476x317.jpeg; https://media.rightmove.co.uk:443/dir/crop/10:9-16:9/104k/103508/168573794/103508_WoodberryLn_IMG_10_0000_max_476x317.png; https://media.rightmove.co.uk:443/dir/crop/10:9-16:9/104k/103508/168573794/103508_WoodberryLn_IMG_03_0000_max_476x317.jpeg; https://media.rightmove.co.uk:443/dir/crop/10:9-16:9/104k/103508/168573794/103508_WoodberryLn_IMG_07_0000_max_476x317.jpeg; https://media.rightmove.co.uk:443/dir/crop/10:9-16:9/104k/103508/168573794/103508_WoodberryLn_IMG_06_0000_max_476x317.jpeg; https://media.rightmove.co.uk:443/dir/crop/10:9-16:9/104k/103508/168573794/103508_WoodberryLn_IMG_08_0000_max_476x317.jpeg; https://media.rightmove.co.uk:443/dir/crop/10:9-16:9/104k/103508/168573794/103508_WoodberryLn_IMG_04_0000_max_476x317.jpeg; https://media.rightmove.co.uk:443/dir/crop/10:9-16:9/104k/103508/168573794/103508_WoodberryLn_IMG_12_0000_max_476x317.png; https://media.rightmove.co.uk:443/dir/crop/10:9-16:9/104k/103508/168573794/103508_WoodberryLn_IMG_13_0000_max_476x317.png"
"145742684","Hampshire","Distribution Warehouse","1 Premier Way, Abbey Park Industrial Estate, North Baddesley, Southampton, SO51 9DQ","£4,400,000","Offers in Region of","","","28,907 sq. ft.","28907","28907","2686","2686","Detached industrial/warehouse unit on secure site with 1.5MVA electricity supply","https://www.rightmove.co.uk/properties/145742684#/?channel=COM_BUY","2024-03-14T15:23:41Z","","new","Marketed by Hellier Langston Commercial Agents, Southampton","","50.982658","-1.465534","https://media.rightmove.co.uk:443/dir/crop/10:9-16:9/121k/120028/145742684/120028_199194-1_IMG_00_0001_max_476x317.jpeg; https://media.rightmove.co.uk:443/dir/crop/10:9-16:9/121k/120028/145742684/120028_199194-1_IMG_01_0001_max_476x317.jpeg; https://media.rightmove.co.uk:443/dir/crop/10:9-16:9/121k/120028/145742684/120028_199194-1_IMG_04_0002_max_476x317.jpeg; https://media.rightmove.co.uk:443/dir/crop/10:9-16:9/121k/120028/145742684/120028_199194-1_IMG_05_0002_max_476x317.jpeg; https://media.rightmove.co.uk:443/dir/crop/10:9-16:9/121k/120028/145742684/120028_199194-1_IMG_06_0002_max_476x317.jpeg; https://media.rightmove.co.uk:443/dir/crop/10:9-16:9/121k/120028/145742684/120028_199194-1_IMG_07_0002_max_476x317.jpeg; https://media.rightmove.co.uk:443/dir/crop/10:9-16:9/121k/120028/145742684/120028_199194-1_IMG_08_0002_max_476x317.jpeg; https://media.rightmove.co.uk:443/dir/crop/10:9-16:9/121k/120028/145742684/120028_199194-1_IMG_09_0001_max_476x317.jpeg; https://media.rightmove.co.uk:443/dir/crop/10:9-16:9/121k/120028/145742684/120028_199194-1_IMG_10_0001_max_476x317.jpeg"
"169644638","Hampshire","Plot","Hamilton Road, Sarisbury Green, Southampton, SO31","£400,000","Guide Price","","","","","","","","Exciting opportunity to acquire a parcel of land with planning permission for two, four bedroom detached townhouses (each 1592 sq. ft 147.90 sq. m) with parking, in the popular location of Sarisbury Green.","https://www.rightmove.co.uk/properties/169644638#/?channel=COM_BUY","2025-11-24T11:26:50Z","","new","Marketed by Manns & Manns, Southampton","","50.869793","-1.276037","https://media.rightmove.co.uk:443/dir/crop/10:9-16:9/30k/29174/169644638/29174_29584502_IMG_00_0000_max_476x317.png; https://media.rightmove.co.uk:443/dir/crop/10:9-16:9/30k/29174/169644638/29174_29584502_IMG_01_0000_max_476x317.png; https://media.rightmove.co.uk:443/dir/crop/10:9-16:9/30k/29174/169644638/29174_29584502_IMG_02_0000_max_476x317.png; https://media.rightmove.co.uk:443/dir/crop/10:9-16:9/30k/29174/169644638/29174_29584502_IMG_03_0000_max_476x317.png; https://media.rightmove.co.uk:443/dir/crop/10:9-16:9/30k/29174/169644638/29174_29584502_IMG_04_0000_max_476x317.png; https://media.rightmove.co.uk:443/dir/crop/10:9-16:9/30k/29174/169644638/29174_29584502_IMG_05_0000_max_476x317.png; https://media.rightmove.co.uk:443/dir/crop/10:9-16:9/30k/29174/169644638/29174_29584502_IMG_06_0000_max_476x317.png"
"169641779","Hampshire","Land","Steeles Farm, Ashmansworth, RG20","£175,000","Guide Price","","","","","","","","1.6 Acres land parcel off Cross Lane, Ashmansworth","https://www.rightmove.co.uk/properties/169641779#/?channel=COM_BUY","2025-11-24T11:00:50Z","","new","Marketed by Barney Estates and Auctioneers, London","","51.31536","-1.40363","https://media.rightmove.co.uk:443/dir/crop/10:9-16:9/131k/130351/169641779/130351_502012_001983_IMG_00_0000_max_476x317.jpeg; https://media.rightmove.co.uk:443/dir/crop/10:9-16:9/131k/130351/169641779/130351_502012_001983_IMG_01_0000_max_476x317.jpeg; https://media.rightmove.co.uk:443/dir/crop/10:9-16:9/131k/130351/169641779/130351_502012_001983_IMG_02_0000_max_476x317.jpeg; https://media.rightmove.co.uk:443/dir/crop/10:9-16:9/131k/130351/169641779/130351_502012_001983_IMG_03_0000_max_476x317.jpeg"
"169640777","Hampshire","Land","Land Adjacent to 1 Smythe Gardens Station Road, Sway, Lymington, Hampshire, SO41 6BF","£10,000","Guide Price","","","","","","","","**For Sale By Public Auction 11th December 2025 10:00 AM To inspect the legal documents for this property go to our website to download the legal pack** A Plot of Land Measuring Approximately 805 sq m (8,664 sq ft) Freehold Guide Price = £10,000+ Locatio...","https://www.rightmove.co.uk/properties/169640777#/?channel=COM_BUY","2025-11-24T10:41:37Z","","new","Marketed by Auction House London, Hampstead","","50.785042","-1.608689","https://media.rightmove.co.uk:443/dir/crop/10:9-16:9/83k/82574/169640777/82574_319819_IMG_00_0000_max_476x317.jpeg; https://media.rightmove.co.uk:443/dir/crop/10:9-16:9/83k/82574/169640777/82574_319819_IMG_01_0000_max_476x317.jpeg; https://media.rightmove.co.uk:443/dir/crop/10:9-16:9/83k/82574/169640777/82574_319819_IMG_02_0000_max_476x317.jpeg; https://media.rightmove.co.uk:443/dir/crop/10:9-16:9/83k/82574/169640777/82574_319819_IMG_03_0000_max_476x317.jpeg"
"87364245","Hampshire","Land","Winchester Road, Upham, SO32","£225,000","","","","","","","","","3.4 Acres of freehold land off Winchester Road, Southampton","https://www.rightmove.co.uk/properties/87364245#/?channel=COM_BUY","2025-12-01T10:15:39Z","","new","Marketed by Barney Estates and Auctioneers, London","","50.975375","-1.26232","https://media.rightmove.co.uk:443/dir/crop/10:9-16:9/131k/130351/87364245/130351_502012_002019_IMG_00_0000_max_476x317.jpeg; https://media.rightmove.co.uk:443/dir/crop/10:9-16:9/131k/130351/87364245/130351_502012_002019_IMG_01_0000_max_476x317.jpeg; https://media.rightmove.co.uk:443/dir/crop/10:9-16:9/131k/130351/87364245/130351_502012_002019_IMG_02_0000_max_476x317.jpeg"
"169636244","Hampshire","Distribution Warehouse","1 Harbour Close, Cracknore Industrial Park, Marchwood, Southampton, SO40 4AF","£565,000","","","","3,144–6,207 sq. ft.","3144","6207","292","577","Modern warehouse/industrial unit","https://www.rightmove.co.uk/properties/169636244#/?channel=COM_BUY","2025-11-24T09:31:20Z","","new","Marketed by Hellier Langston Commercial Agents, Fareham","","50.895168","-1.430897","https://media.rightmove.co.uk:443/dir/crop/10:9-16:9/109k/108977/169636244/108977_335148-1_IMG_00_0000_max_476x317.jpeg; https://media.rightmove.co.uk:443/dir/crop/10:9-16:9/109k/108977/169636244/108977_335148-1_IMG_01_0000_max_476x317.jpeg; https://media.rightmove.co.uk:443/dir/crop/10:9-16:9/109k/108977/169636244/108977_335148-1_IMG_02_0000_max_476x317.jpeg; https://media.rightmove.co.uk:443/dir/crop/10:9-16:9/109k/108977/169636244/108977_335148-1_IMG_03_0000_max_476x317.jpeg; https://media.rightmove.co.uk:443/dir/crop/10:9-16:9/109k/108977/169636244/108977_335148-1_IMG_04_0000_max_476x317.jpeg; https://media.rightmove.co.uk:443/dir/crop/10:9-16:9/109k/108977/169636244/108977_335148-1_IMG_05_0000_max_476x317.jpeg; https://media.rightmove.co.uk:443/dir/crop/10:9-16:9/109k/108977/169636244/108977_335148-1_IMG_06_0000_max_476x317.jpeg"
"169574105","Hampshire","Retail Property (high street)","71 High Street, Winchester, Hampshire, SO23","£400,000","Guide Price","","","1,500–2,000 sq. ft.","1500","2000","139","186","Freehold Retail and Office Investment - FOR SALE BY AUCTION 11TH DECEMBER 2025","https://www.rightmove.co.uk/properties/169574105#/?channel=COM_BUY","2025-11-21T17:21:30Z","","new","Marketed by Acuitus Limited, Acuitus","","51.06312","-1.31769","https://media.rightmove.co.uk:443/dir/crop/10:9-16:9/property-photo/5a0a898e1/169574105/5a0a898e12b8897cc466b191315ed746_max_476x317.jpeg; https://media.rightmove.co.uk:443/dir/crop/10:9-16:9/property-photo/472e47555/169574105/472e475551f092d0d3813784c494766a_max_476x317.jpeg; https://media.rightmove.co.uk:443/dir/crop/10:9-16:9/property-photo/f882e6f9a/169574105/f882e6f9a104efdf14d2aa4de01840f2_max_476x317.jpeg; https://media.rightmove.co.uk:443/dir/crop/10:9-16:9/property-photo/a8b8b919c/169574105/a8b8b919c025745ba9ccbf6b7b0f4ec2_max_476x317.jpeg; https://media.rightmove.co.uk:443/dir/crop/10:9-16:9/property-photo/6e43a16be/169574105/6e43a16bed278cc460d3ad65bc43be03_max_476x317.jpeg"
"169584869","Hampshire","Land","Plots 9 & 10, Land off Church Road, Tadley, Hampshire, RG26 3AU","£20,000","Guide Price","","","","","","","","Guide Price £20,000 to £40,000 For sale by unconditional online auction. . Town & Country Property Auctions are delighted to offer For Sale by Public Auction this vacant land, located in Tadley, RG26 3AU. Positioned on elevated ground with a gentle slope, this freehold parcel...","https://www.rightmove.co.uk/properties/169584869#/?channel=COM_BUY","2025-11-21T16:18:43Z","","price_reduced","Marketed by Town & Country Property Auctions, Bournemouth","","51.34442","-1.1441","https://media.rightmove.co.uk:443/dir/crop/10:9-16:9/284k/283340/169584869/283340_319841_IMG_00_0000_max_476x317.jpeg; https://media.rightmove.co.uk:443/dir/crop/10:9-16:9/284k/283340/169584869/283340_319841_IMG_01_0000_max_476x317.jpeg; https://media.rightmove.co.uk:443/dir/crop/10:9-16:9/284k/283340/169584869/283340_319841_IMG_02_0000_max_476x317.jpeg; https://media.rightmove.co.uk:443/dir/crop/10:9-16:9/284k/283340/169584869/283340_319841_IMG_03_0001_max_476x317.jpeg"
"169584272","Hampshire","Land","Plots 21,22,23 & 24, Land off Church Road, Tadley, Hampshire, RG26 3AU","£40,000","Guide Price","","","","","","","","Guide Price £40,000 to £60,000 For sale by unconditional online auction. . Town & Country Property Auctions are delighted to offer For Sale by Public Auction this vacant land, located in Tadley, RG26 3AU. Positioned on elevated ground with a gentle slope, this freehold parcel...","https://www.rightmove.co.uk/properties/169584272#/?channel=COM_BUY","2025-11-21T16:11:53Z","","new","Marketed by Town & Country Property Auctions, Bournemouth","","51.34442","-1.1441","https://media.rightmove.co.uk:443/dir/crop/10:9-16:9/284k/283340/169584272/283340_319836_IMG_05_0000_max_476x317.jpeg; https://media.rightmove.co.uk:443/dir/crop/10:9-16:9/284k/283340/169584272/283340_319836_IMG_04_0001_max_476x317.jpeg; https://media.rightmove.co.uk:443/dir/crop/10:9-16:9/284k/283340/169584272/283340_319836_IMG_03_0000_max_476x317.jpeg"
"169573646","Hampshire","Land","Land Adjacent To Salto Centre, Charlton Road, Andover, Hampshire, SP10 4AJ","£20,000","Guide Price","","","","","","","","**For Sale By Public Auction 11th December 2025 10:00 AM To inspect the legal documents for this property go to our website to download the legal pack** A Plot of Land Measuring Approximately 0.7 Acres / 3,154 sq m (33,965 sq ft) Freehold Guide Price = £...","https://www.rightmove.co.uk/properties/169573646#/?channel=COM_BUY","2025-11-21T13:36:53Z","","new","Marketed by Auction House London, London","","51.218292","-1.499993","https://media.rightmove.co.uk:443/dir/crop/10:9-16:9/286k/285620/169573646/285620_304937_IMG_00_0000_max_476x317.jpeg; https://media.rightmove.co.uk:443/dir/crop/10:9-16:9/286k/285620/169573646/285620_304937_IMG_01_0000_max_476x317.jpeg"
"169538339","Hampshire","Shop","76A High Street, Alton, Hampshire, GU34 1EN","£150,000","Offers in Region of","","","738 sq. ft.","738","738","69","69","The property comprises a self-contained ground floor retail unit offering a versatile open-plan trading area suitable for a variety of commercial uses. The premises benefit from dedicated toilet facilities along with a raised storage section to the rear that provides additional space for stock, e...","https://www.rightmove.co.uk/properties/169538339#/?channel=COM_BUY","2025-11-20T14:31:12Z","","new","Marketed by Eddisons Commercial Limited, Eddisons Fareham","","51.147232","-0.978012","https://media.rightmove.co.uk:443/dir/crop/10:9-16:9/property-photo/7a481bda7/169538339/7a481bda7d2d17f5e9efa07017013395_max_476x317.jpeg; https://media.rightmove.co.uk:443/dir/crop/10:9-16:9/property-photo/202440328/169538339/202440328a753371d4b646c79ee79856_max_476x317.jpeg; https://media.rightmove.co.uk:443/dir/crop/10:9-16:9/property-photo/2e99c667a/169538339/2e99c667a74e4202ee563c847023301f_max_476x317.jpeg; https://media.rightmove.co.uk:443/dir/crop/10:9-16:9/property-photo/d6dc617bd/169538339/d6dc617bdfa99637d22ce1ae797084d6_max_476x317.jpeg; https://media.rightmove.co.uk:443/dir/crop/10:9-16:9/property-photo/e9e6a8fa1/169538339/e9e6a8fa1b93a83c6fbbb848212103e1_max_476x317.jpeg; https://media.rightmove.co.uk:443/dir/crop/10:9-16:9/property-photo/0dcd7c24b/169538339/0dcd7c24b7a1dd94905e2b579da46756_max_476x317.jpeg; https://media.rightmove.co.uk:443/dir/crop/10:9-16:9/property-photo/7d504e13e/169538339/7d504e13e5f6ca45c911b18f09a7b625_max_476x317.jpeg; https://media.rightmove.co.uk:443/dir/crop/10:9-16:9/property-photo/853559a2f/169538339/853559a2f8068f27790096fb7890ae62_max_476x317.jpeg; https://media.rightmove.co.uk:443/dir/crop/10:9-16:9/property-photo/9cc1d1b20/169538339/9cc1d1b20d1c737651382595a4a5630d_max_476x317.jpeg; https://media.rightmove.co.uk:443/dir/crop/10:9-16:9/property-photo/89f71aaea/169538339/89f71aaea0292dffec9cc7c2777280bb_max_476x317.jpeg; https://media.rightmove.co.uk:443/dir/crop/10:9-16:9/property-photo/c23707091/169538339/c2370709117c61f8ed9b4fed2cf00466_max_476x317.jpeg; https://media.rightmove.co.uk:443/dir/crop/10:9-16:9/property-photo/e6c522d5a/169538339/e6c522d5a2cb165a27c9deeda6bf693b_max_476x317.jpeg"
"169499069","Hampshire","Land","Forecourt, Colenzo Drive, Andover, Hampshire, SP10 1LF","£1,000","Guide Price","","","","","","","","**For Sale By Public Auction 11th December 2025 10:00 AM To inspect the legal documents for this property go to our website to download the legal pack** A Plot of Land Measuring Approximately 261 sq m (2,814 sq ft) Freehold Guide Price = £1,000+ Locatio...","https://www.rightmove.co.uk/properties/169499069#/?channel=COM_BUY","2025-11-19T15:56:11Z","","new","Marketed by Auction House London, Hampstead","","51.214836","-1.472412","https://media.rightmove.co.uk:443/dir/crop/10:9-16:9/property-photo/7a93af7f4/169499069/7a93af7f4bbace91043b164fe6cd77cf_max_476x317.jpeg; https://media.rightmove.co.uk:443/dir/crop/10:9-16:9/property-photo/9c94ece9f/169499069/9c94ece9fbc4f285f74d82c115687911_max_476x317.jpeg; https://media.rightmove.co.uk:443/dir/crop/10:9-16:9/property-photo/7b20b16dd/169499069/7b20b16ddff34417b696a6598a5da0c6_max_476x317.jpeg"
"169497980","Hampshire","Land","Holly Hill Reach","£700,000","Guide Price","5","5","","","","","","This is a rare opportunity to secure a prime building plot with full planning permission, granted in February 2024, for an exceptional 411 sq m detached home with an additional 93.8 sq m triple garage. Set within a former garden","https://www.rightmove.co.uk/properties/169497980#/?channel=COM_BUY","2025-11-19T15:39:17Z","","new","Marketed by Chimneypots Estate Agents, Southampton","","50.860533","-1.302586","https://media.rightmove.co.uk:443/dir/crop/10:9-16:9/82k/81928/169497980/81928_VA_PRP_17137695_IMG_00_0000_max_476x317.jpeg; https://media.rightmove.co.uk:443/dir/crop/10:9-16:9/82k/81928/169497980/81928_VA_PRP_17137695_IMG_01_0000_max_476x317.jpeg; https://media.rightmove.co.uk:443/dir/crop/10:9-16:9/82k/81928/169497980/81928_VA_PRP_17137695_IMG_02_0000_max_476x317.png; https://media.rightmove.co.uk:443/dir/crop/10:9-16:9/82k/81928/169497980/81928_VA_PRP_17137695_IMG_03_0000_max_476x317.jpeg; https://media.rightmove.co.uk:443/dir/crop/10:9-16:9/82k/81928/169497980/81928_VA_PRP_17137695_IMG_04_0000_max_476x317.jpeg; https://media.rightmove.co.uk:443/dir/crop/10:9-16:9/82k/81928/169497980/81928_VA_PRP_17137695_IMG_05_0000_max_476x317.png"
"169476335","Hampshire","Commercial Development","Former River Park Leisure Centre, Gordon Road, Winchester, Hampshire, SO23","POA","","","","76,230 sq. ft.","76230","76230","7082","7082","The property and site consist of a former Leisure Centre originally built in the 1970`s and partially rebuilt in the 1980`s. The centre was closed following the City Council developing the state of the art Winchester Sports & Leisure Park in 2021. The centre consists of a large sports hall with 9...","https://www.rightmove.co.uk/properties/169476335#/?channel=COM_BUY","2025-11-19T10:35:53Z","","new","Marketed by Lambert Smith Hampton, Southampton","","51.066479","-1.312577","https://media.rightmove.co.uk:443/dir/crop/10:9-16:9/183k/182711/169476335/182711_2081163FH_IMG_00_0000_max_476x317.jpeg; https://media.rightmove.co.uk:443/dir/crop/10:9-16:9/183k/182711/169476335/182711_2081163FH_IMG_01_0000_max_476x317.jpeg; https://media.rightmove.co.uk:443/dir/crop/10:9-16:9/183k/182711/169476335/182711_2081163FH_IMG_02_0000_max_476x317.jpeg; https://media.rightmove.co.uk:443/dir/crop/10:9-16:9/183k/182711/169476335/182711_2081163FH_IMG_03_0000_max_476x317.jpeg; https://media.rightmove.co.uk:443/dir/crop/10:9-16:9/183k/182711/169476335/182711_2081163FH_IMG_04_0000_max_476x317.jpeg; https://media.rightmove.co.uk:443/dir/crop/10:9-16:9/183k/182711/169476335/182711_2081163FH_IMG_05_0000_max_476x317.jpeg; https://media.rightmove.co.uk:443/dir/crop/10:9-16:9/183k/182711/169476335/182711_2081163FH_IMG_06_0000_max_476x317.jpeg; https://media.rightmove.co.uk:443/dir/crop/10:9-16:9/183k/182711/169476335/182711_2081163FH_IMG_07_0000_max_476x317.jpeg; https://media.rightmove.co.uk:443/dir/crop/10:9-16:9/183k/182711/169476335/182711_2081163FH_IMG_08_0000_max_476x317.jpeg"
"169459625","Hampshire","Distribution Warehouse","Unit 28 Regents Trade Park, Barwell Road, Gosport, Hampshire, PO13","£295,000","","","","1,667 sq. ft.","1667","1667","155","155","The unit is of steel portal frame construction with part brick and block, part clad external elevations incorporating glazed panels. Unit 28 is an end of terrace unit with a mezzanine floor fitted out as office accommodation. There are 2 ground floor WC's and a kitchen facility.","https://www.rightmove.co.uk/properties/169459625#/?channel=COM_BUY","2025-11-18T16:59:46Z","","new","Marketed by Lambert Smith Hampton, Fareham","","50.835365","-1.174564","https://media.rightmove.co.uk:443/dir/crop/10:9-16:9/169k/168011/169459625/168011_2080579FH_IMG_00_0000_max_476x317.jpeg; https://media.rightmove.co.uk:443/dir/crop/10:9-16:9/169k/168011/169459625/168011_2080579FH_IMG_01_0000_max_476x317.jpeg"
"164422274","Hampshire","Plot","Busketts Way, Ashurst, Southampton, SO40","£550,000","","3","1","","","","","","**PLANNING PERMISSION NOW GRANTED** A unique opportunity to acquire a detached three bedroom bungalow set on this generous plot circa 0.25 acres within moments of the open forest off Woodlands Road on the edge of Ashurst.The property is now in need of full modernisation with potent...","https://www.rightmove.co.uk/properties/164422274#/?channel=COM_BUY","2025-07-11T18:21:44Z","","price_reduced","Marketed by Spencers, Brockenhurst","","50.893537","-1.528804","https://media.rightmove.co.uk:443/dir/crop/10:9-16:9/10k/9883/164422274/9883_29117714_IMG_07_0000_max_476x317.jpeg; https://media.rightmove.co.uk:443/dir/crop/10:9-16:9/10k/9883/164422274/9883_29117714_IMG_08_0000_max_476x317.png; https://media.rightmove.co.uk:443/dir/crop/10:9-16:9/10k/9883/164422274/9883_29117714_IMG_09_0000_max_476x317.jpeg; https://media.rightmove.co.uk:443/dir/crop/10:9-16:9/10k/9883/164422274/9883_29117714_IMG_10_0000_max_476x317.jpeg; https://media.rightmove.co.uk:443/dir/crop/10:9-16:9/10k/9883/164422274/9883_29117714_IMG_03_0000_max_476x317.png; https://media.rightmove.co.uk:443/dir/crop/10:9-16:9/10k/9883/164422274/9883_29117714_IMG_06_0000_max_476x317.jpeg"
"169442255","Hampshire","Land","Hampton Hill, SO32","£175,000","Guide Price","","","137,214 sq. ft.","137214","137214","12748","12748","An attractive 3.15 acre parcel of pastureland with woodland edges, in the village of Swanmore. Level ground with water supply (currently turned off). Accessed via a track from Hampton Hill. Suitable for agricultural, equestrian, amenity, recreation and conservation uses, subject to planning.","https://www.rightmove.co.uk/properties/169442255#/?channel=COM_BUY","2025-11-18T12:28:39Z","","new","Marketed by Giles Wheeler-Bennett, Southampton","","50.94631","-1.18104","https://media.rightmove.co.uk:443/dir/crop/10:9-16:9/104k/103508/169442255/103508_HamptonHill_IMG_08_0000_max_476x317.jpeg; https://media.rightmove.co.uk:443/dir/crop/10:9-16:9/104k/103508/169442255/103508_HamptonHill_IMG_00_0000_max_476x317.jpeg; https://media.rightmove.co.uk:443/dir/crop/10:9-16:9/104k/103508/169442255/103508_HamptonHill_IMG_01_0000_max_476x317.jpeg; https://media.rightmove.co.uk:443/dir/crop/10:9-16:9/104k/103508/169442255/103508_HamptonHill_IMG_02_0000_max_476x317.jpeg; https://media.rightmove.co.uk:443/dir/crop/10:9-16:9/104k/103508/169442255/103508_HamptonHill_IMG_11_0000_max_476x317.jpeg; https://media.rightmove.co.uk:443/dir/crop/10:9-16:9/104k/103508/169442255/103508_HamptonHill_IMG_03_0000_max_476x317.jpeg; https://media.rightmove.co.uk:443/dir/crop/10:9-16:9/104k/103508/169442255/103508_HamptonHill_IMG_05_0000_max_476x317.jpeg; https://media.rightmove.co.uk:443/dir/crop/10:9-16:9/104k/103508/169442255/103508_HamptonHill_IMG_06_0000_max_476x317.jpeg; https://media.rightmove.co.uk:443/dir/crop/10:9-16:9/104k/103508/169442255/103508_HamptonHill_IMG_07_0000_max_476x317.jpeg; https://media.rightmove.co.uk:443/dir/crop/10:9-16:9/104k/103508/169442255/103508_HamptonHill_IMG_04_0000_max_476x317.jpeg; https://media.rightmove.co.uk:443/dir/crop/10:9-16:9/104k/103508/169442255/103508_HamptonHill_IMG_09_0000_max_476x317.jpeg; https://media.rightmove.co.uk:443/dir/crop/10:9-16:9/104k/103508/169442255/103508_HamptonHill_IMG_10_0000_max_476x317.jpeg"
"169442036","Hampshire","Mixed Use","6 - 8 Stockbridge Road, Winchester, Hampshire, SO23 7BZ","£220,000","Guide Price","","","","","","","","Guide Price £220,000 + For sale by online auction, registration is now open. . The property comprises a three-storey building arranged as a ground floor retail unit with separate access at the front of the property to the first and second floors that are arranged as bedsitting accomm...","https://www.rightmove.co.uk/properties/169442036#/?channel=COM_BUY","2025-11-18T12:13:56Z","","new","Marketed by SW Property Auctions, London","","51.067142","-1.318219","https://media.rightmove.co.uk:443/dir/crop/10:9-16:9/274k/273089/169442036/273089_314718_IMG_00_0000_max_476x317.jpeg; https://media.rightmove.co.uk:443/dir/crop/10:9-16:9/274k/273089/169442036/273089_314718_IMG_01_0000_max_476x317.jpeg; https://media.rightmove.co.uk:443/dir/crop/10:9-16:9/274k/273089/169442036/273089_314718_IMG_02_0000_max_476x317.jpeg; https://media.rightmove.co.uk:443/dir/crop/10:9-16:9/274k/273089/169442036/273089_314718_IMG_03_0000_max_476x317.jpeg; https://media.rightmove.co.uk:443/dir/crop/10:9-16:9/274k/273089/169442036/273089_314718_IMG_04_0000_max_476x317.jpeg; https://media.rightmove.co.uk:443/dir/crop/10:9-16:9/274k/273089/169442036/273089_314718_IMG_05_0000_max_476x317.jpeg"
"169400807","Hampshire","Warehouse","2 Warrior Business Centre, Fitzherbert Rd, Portsmouth, PO6 1TX","£440,000","","","","4,883 sq. ft.","4883","4883","454","454","Warehouse / Industrial Unit For Sale","https://www.rightmove.co.uk/properties/169400807#/?channel=COM_BUY","2025-11-17T12:36:35Z","","new","Marketed by Holloway Iliffe & Mitchell, Portsmouth","","50.842429","-1.032308","https://media.rightmove.co.uk:443/dir/crop/10:9-16:9/287k/286838/169400807/286838_224488-1_IMG_00_0000_max_476x317.jpeg; https://media.rightmove.co.uk:443/dir/crop/10:9-16:9/287k/286838/169400807/286838_224488-1_IMG_01_0000_max_476x317.jpeg; https://media.rightmove.co.uk:443/dir/crop/10:9-16:9/287k/286838/169400807/286838_224488-1_IMG_02_0000_max_476x317.jpeg; https://media.rightmove.co.uk:443/dir/crop/10:9-16:9/287k/286838/169400807/286838_224488-1_IMG_03_0000_max_476x317.jpeg; https://media.rightmove.co.uk:443/dir/crop/10:9-16:9/287k/286838/169400807/286838_224488-1_IMG_04_0000_max_476x317.jpeg; https://media.rightmove.co.uk:443/dir/crop/10:9-16:9/287k/286838/169400807/286838_224488-1_IMG_05_0000_max_476x317.jpeg; https://media.rightmove.co.uk:443/dir/crop/10:9-16:9/287k/286838/169400807/286838_224488-1_IMG_06_0000_max_476x317.jpeg; https://media.rightmove.co.uk:443/dir/crop/10:9-16:9/287k/286838/169400807/286838_224488-1_IMG_07_0000_max_476x317.jpeg"
"169400798","Hampshire","Distribution Warehouse","21 Glenmore Business Park, Lime Kiln Lane, Holbury, Southampton, SO45 2AR","£358,280","","","","1,352 sq. ft.","1352","1352","126","126","Modern end of terrace industrial/warehouse unit","https://www.rightmove.co.uk/properties/169400798#/?channel=COM_BUY","2025-11-17T12:36:24Z","","new","Marketed by Hellier Langston Commercial Agents, Southampton","","50.840436","-1.392654","https://media.rightmove.co.uk:443/dir/crop/10:9-16:9/121k/120028/169400798/120028_337811-1_IMG_00_0000_max_476x317.jpeg; https://media.rightmove.co.uk:443/dir/crop/10:9-16:9/121k/120028/169400798/120028_337811-1_IMG_01_0000_max_476x317.jpeg; https://media.rightmove.co.uk:443/dir/crop/10:9-16:9/121k/120028/169400798/120028_337811-1_IMG_02_0000_max_476x317.jpeg; https://media.rightmove.co.uk:443/dir/crop/10:9-16:9/121k/120028/169400798/120028_337811-1_IMG_03_0000_max_476x317.jpeg; https://media.rightmove.co.uk:443/dir/crop/10:9-16:9/121k/120028/169400798/120028_337811-1_IMG_04_0000_max_476x317.jpeg; https://media.rightmove.co.uk:443/dir/crop/10:9-16:9/121k/120028/169400798/120028_337811-1_IMG_05_0000_max_476x317.jpeg"
"169395905","Hampshire","Healthcare Facility","3a Powerscourt Road, Portsmouth, Hampshire, PO2 7JD","£175,000","Offers in Excess of","","","2,003 sq. ft.","2003","2003","186","186","The subject property comprises a semi-detached, single-storey building that occupies a corner position on Powerscourt Road and Basin Street. The property comprises a large open-plan meeting hall with an extension to the rear serving as ancillary accommodation with a small kitchen and two WC's.","https://www.rightmove.co.uk/properties/169395905#/?channel=COM_BUY","2025-11-17T11:15:56Z","","new","Marketed by Flude Property Consultants, Portsmouth","","50.811989","-1.079096","https://media.rightmove.co.uk:443/dir/crop/10:9-16:9/206k/205205/169395905/205205_8080FH_IMG_00_0000_max_476x317.jpeg; https://media.rightmove.co.uk:443/dir/crop/10:9-16:9/206k/205205/169395905/205205_8080FH_IMG_01_0000_max_476x317.jpeg; https://media.rightmove.co.uk:443/dir/crop/10:9-16:9/206k/205205/169395905/205205_8080FH_IMG_02_0000_max_476x317.jpeg; https://media.rightmove.co.uk:443/dir/crop/10:9-16:9/206k/205205/169395905/205205_8080FH_IMG_03_0000_max_476x317.jpeg; https://media.rightmove.co.uk:443/dir/crop/10:9-16:9/206k/205205/169395905/205205_8080FH_IMG_04_0000_max_476x317.jpeg; https://media.rightmove.co.uk:443/dir/crop/10:9-16:9/206k/205205/169395905/205205_8080FH_IMG_05_0000_max_476x317.jpeg; https://media.rightmove.co.uk:443/dir/crop/10:9-16:9/206k/205205/169395905/205205_8080FH_IMG_06_0000_max_476x317.jpeg; https://media.rightmove.co.uk:443/dir/crop/10:9-16:9/206k/205205/169395905/205205_8080FH_IMG_07_0000_max_476x317.jpeg; https://media.rightmove.co.uk:443/dir/crop/10:9-16:9/206k/205205/169395905/205205_8080FH_IMG_08_0000_max_476x317.jpeg; https://media.rightmove.co.uk:443/dir/crop/10:9-16:9/206k/205205/169395905/205205_8080FH_IMG_09_0000_max_476x317.jpeg; https://media.rightmove.co.uk:443/dir/crop/10:9-16:9/206k/205205/169395905/205205_8080FH_IMG_10_0000_max_476x317.jpeg; https://media.rightmove.co.uk:443/dir/crop/10:9-16:9/206k/205205/169395905/205205_8080FH_IMG_11_0000_max_476x317.jpeg"
"134088446","Hampshire","Land","Mill Corner, North Warnborough, Hook, Hampshire, RG29 1HE","£9,000","Guide Price","","","4,020 sq. ft.","4020","4020","373","373","FOR SALE VIA ONLINE AUCTION: Terms and conditions apply. We are pleased to offer to auction this plot of land measuring approximately 0.0923acres (373.5sqm) with a perimeter of roughly 81.6m and is located along Mill Lane, a countryside location with good road access to the M3. The closest tra...","https://www.rightmove.co.uk/properties/134088446#/?channel=COM_BUY","2023-04-25T15:38:45Z","","price_reduced","Marketed by Pattinsons, Pattinsons Auction- National Auctioneer","","51.2642","-0.9537","https://media.rightmove.co.uk:443/dir/crop/10:9-16:9/252k/251528/134088446/251528_424170_IMG_00_0000_max_476x317.jpeg; https://media.rightmove.co.uk:443/dir/crop/10:9-16:9/252k/251528/134088446/251528_424170_IMG_01_0000_max_476x317.png"
"169394099","Hampshire","Land","Former Car Park, Staunton Street, Portsmouth, Hampshire, PO1 4EJ","£600,000","Offers in Region of","","","15,246 sq. ft.","15246","15246","1416","1416","The site comprises a large, open area that is roughly rectangular in shape and is constructed with tarmac flooring. We understand that the site is an inactive car park that historically served a former office building.","https://www.rightmove.co.uk/properties/169394099#/?channel=COM_BUY","2025-11-17T10:46:24Z","","new","Marketed by Flude Property Consultants, Portsmouth","","50.804577","-1.085826","https://media.rightmove.co.uk:443/dir/crop/10:9-16:9/206k/205205/169394099/205205_6935FH_IMG_00_0000_max_476x317.jpeg; https://media.rightmove.co.uk:443/dir/crop/10:9-16:9/206k/205205/169394099/205205_6935FH_IMG_02_0000_max_476x317.jpeg; https://media.rightmove.co.uk:443/dir/crop/10:9-16:9/206k/205205/169394099/205205_6935FH_IMG_03_0000_max_476x317.jpeg; https://media.rightmove.co.uk:443/dir/crop/10:9-16:9/206k/205205/169394099/205205_6935FH_IMG_04_0000_max_476x317.jpeg; https://media.rightmove.co.uk:443/dir/crop/10:9-16:9/206k/205205/169394099/205205_6935FH_IMG_05_0000_max_476x317.jpeg; https://media.rightmove.co.uk:443/dir/crop/10:9-16:9/206k/205205/169394099/205205_6935FH_IMG_06_0000_max_476x317.jpeg; https://media.rightmove.co.uk:443/dir/crop/10:9-16:9/206k/205205/169394099/205205_6935FH_IMG_07_0000_max_476x317.jpeg; https://media.rightmove.co.uk:443/dir/crop/10:9-16:9/206k/205205/169394099/205205_6935FH_IMG_01_0000_max_476x317.jpeg"
"169358279","Hampshire","Office","Upper Floors, 390c Bitterne Road, 390c Bitterne Road, Southampton, SO18 5RS","£95,000","","","","756 sq. ft.","756","756","70","70","For Sale - Self-Contained Commercial Premises (Potential for residential conversion) - 756 sq ft (70.23 sq m)","https://www.rightmove.co.uk/properties/169358279#/?channel=COM_BUY","2025-11-14T16:27:34Z","","new","Marketed by Goadsby, Bournemouth - Commercial","","50.91437","-1.362119","https://media.rightmove.co.uk:443/dir/crop/10:9-16:9/89k/88949/169358279/88949_333921-1_IMG_00_0000_max_476x317.jpeg; https://media.rightmove.co.uk:443/dir/crop/10:9-16:9/89k/88949/169358279/88949_333921-1_IMG_01_0000_max_476x317.jpeg; https://media.rightmove.co.uk:443/dir/crop/10:9-16:9/89k/88949/169358279/88949_333921-1_IMG_02_0000_max_476x317.jpeg; https://media.rightmove.co.uk:443/dir/crop/10:9-16:9/89k/88949/169358279/88949_333921-1_IMG_03_0000_max_476x317.jpeg"
"169358222","Hampshire","Retail Property (high street)","Ashton House, 12 The Central Precinct, Eastleigh, SO53 2GB","£150,000","","","","725 sq. ft.","725","725","67","67","For Sale - Ground Floor Commercial Premises - 726 sq ft (67.45 sq m)","https://www.rightmove.co.uk/properties/169358222#/?channel=COM_BUY","2025-11-14T16:26:46Z","","new","Marketed by Goadsby, Bournemouth - Commercial","","50.982438","-1.382498","https://media.rightmove.co.uk:443/dir/crop/10:9-16:9/89k/88949/169358222/88949_233165-1_IMG_00_0000_max_476x317.jpeg; https://media.rightmove.co.uk:443/dir/crop/10:9-16:9/89k/88949/169358222/88949_233165-1_IMG_01_0000_max_476x317.jpeg; https://media.rightmove.co.uk:443/dir/crop/10:9-16:9/89k/88949/169358222/88949_233165-1_IMG_02_0000_max_476x317.jpeg"
"169350410","Hampshire","Plot","Andrew Crescent, Waterlooville, Hampshire, PO7","£185,000","Offers Over","","","","","","","","Building Plot for a Detached Home! * Single Building Plot * Planning Permision Granted for a Detached Dwelling of 775sqft *","https://www.rightmove.co.uk/properties/169350410#/?channel=COM_BUY","2025-11-14T14:36:22Z","","new","Marketed by Seymours Estate Agents, West Byfleet","","50.889363","-1.036747","https://media.rightmove.co.uk:443/dir/crop/10:9-16:9/246k/245786/169350410/245786_LNH251284_IMG_00_0000_max_476x317.jpeg; https://media.rightmove.co.uk:443/dir/crop/10:9-16:9/246k/245786/169350410/245786_LNH251284_IMG_01_0000_max_476x317.jpeg; https://media.rightmove.co.uk:443/dir/crop/10:9-16:9/246k/245786/169350410/245786_LNH251284_IMG_02_0000_max_476x317.jpeg"
"169339373","Hampshire","Commercial Property","Blackmoor Road, Verwood","£130,000","","","","850 sq. ft.","850","850","79","79","Freehold lock-up commercial unit on the Ebblake Industrial Estate, Blackmoor Road, Verwood. 850sqft plus mezzanine, casual parking plus communal carpark. Ideal investment or business base. Great for investment or site for a business.","https://www.rightmove.co.uk/properties/169339373#/?channel=COM_BUY","2025-11-14T11:48:59Z","","new","Marketed by Homes & Steeple, Bournemouth","","50.86855","-1.85064","https://media.rightmove.co.uk:443/dir/crop/10:9-16:9/property-photo/6ca365d29/169339373/6ca365d292eb333ef56b01e6375805ae_max_476x317.jpeg; https://media.rightmove.co.uk:443/dir/crop/10:9-16:9/property-photo/8821881d7/169339373/8821881d7afdde8d3c8ba8f28df85141_max_476x317.jpeg; https://media.rightmove.co.uk:443/dir/crop/10:9-16:9/property-photo/04b671e65/169339373/04b671e65ff2c7739afa1bd64bd7c0ac_max_476x317.jpeg; https://media.rightmove.co.uk:443/dir/crop/10:9-16:9/property-photo/609490492/169339373/609490492aa1b80eae13466a01803360_max_476x317.jpeg; https://media.rightmove.co.uk:443/dir/crop/10:9-16:9/property-photo/478e121d2/169339373/478e121d2f46acb0ce25149e265c48e9_max_476x317.jpeg; https://media.rightmove.co.uk:443/dir/crop/10:9-16:9/property-photo/539988e81/169339373/539988e81319825efda0b12528f19a6e_max_476x317.jpeg; https://media.rightmove.co.uk:443/dir/crop/10:9-16:9/property-photo/5ad169691/169339373/5ad16969138162e30a5fbe19f1c275b9_max_476x317.jpeg; https://media.rightmove.co.uk:443/dir/crop/10:9-16:9/property-photo/d419e727c/169339373/d419e727c15327d305ddcec3923212ae_max_476x317.jpeg"
"169336943","Hampshire","Commercial Property","BISHOP'S WALTHAM - FOR SALE BY PUBLIC AUCTION","£250,000","Guide Price","","","","","","","","FOR SALE BY PUBLIC AUCTION, 10TH DECEMBER 2025 COMMENCING AT 11am - BROOKS SUITE, SILVERLAKE STADIUM, STONEHAM LANE, EASTLEIGH. SO50 9HT.  Exciting commercial opportunity, with parking set in the heart of the thriving market town of Bishop's Waltham. This substantial historic property is Grade ll...","https://www.rightmove.co.uk/properties/169336943#/?channel=COM_BUY","2025-11-14T11:17:40Z","","new","Marketed by Pearsons, Bishops Waltham","","50.954469","-1.210554","https://media.rightmove.co.uk:443/dir/crop/10:9-16:9/187k/186785/169336943/186785_PBWCC_700351_IMG_00_0000_max_476x317.jpeg; https://media.rightmove.co.uk:443/dir/crop/10:9-16:9/187k/186785/169336943/186785_PBWCC_700351_IMG_01_0000_max_476x317.jpeg; https://media.rightmove.co.uk:443/dir/crop/10:9-16:9/187k/186785/169336943/186785_PBWCC_700351_IMG_02_0000_max_476x317.jpeg; https://media.rightmove.co.uk:443/dir/crop/10:9-16:9/187k/186785/169336943/186785_PBWCC_700351_IMG_03_0000_max_476x317.jpeg; https://media.rightmove.co.uk:443/dir/crop/10:9-16:9/187k/186785/169336943/186785_PBWCC_700351_IMG_04_0000_max_476x317.jpeg; https://media.rightmove.co.uk:443/dir/crop/10:9-16:9/187k/186785/169336943/186785_PBWCC_700351_IMG_05_0000_max_476x317.jpeg; https://media.rightmove.co.uk:443/dir/crop/10:9-16:9/187k/186785/169336943/186785_PBWCC_700351_IMG_06_0000_max_476x317.jpeg; https://media.rightmove.co.uk:443/dir/crop/10:9-16:9/187k/186785/169336943/186785_PBWCC_700351_IMG_07_0000_max_476x317.jpeg; https://media.rightmove.co.uk:443/dir/crop/10:9-16:9/187k/186785/169336943/186785_PBWCC_700351_IMG_08_0000_max_476x317.jpeg; https://media.rightmove.co.uk:443/dir/crop/10:9-16:9/187k/186785/169336943/186785_PBWCC_700351_IMG_09_0000_max_476x317.jpeg; https://media.rightmove.co.uk:443/dir/crop/10:9-16:9/187k/186785/169336943/186785_PBWCC_700351_IMG_10_0000_max_476x317.jpeg; https://media.rightmove.co.uk:443/dir/crop/10:9-16:9/187k/186785/169336943/186785_PBWCC_700351_IMG_11_0000_max_476x317.jpeg; https://media.rightmove.co.uk:443/dir/crop/10:9-16:9/187k/186785/169336943/186785_PBWCC_700351_IMG_12_0000_max_476x317.jpeg; https://media.rightmove.co.uk:443/dir/crop/10:9-16:9/187k/186785/169336943/186785_PBWCC_700351_IMG_13_0000_max_476x317.jpeg; https://media.rightmove.co.uk:443/dir/crop/10:9-16:9/187k/186785/169336943/186785_PBWCC_700351_IMG_14_0000_max_476x317.jpeg"
"169310828","Hampshire","Mixed Use","Castle Road, Southsea","£500,000","","","","","","","","","An excellent opportunity to acquire the freehold of this attractive mixed-use property located on the highly sought-after Castle Road in the heart of Southsea. The property comprises a ground floor retail unit together with two self-contained residential flats arranged over the first and second f...","https://www.rightmove.co.uk/properties/169310828#/?channel=COM_BUY","2025-11-13T15:28:18Z","","new","Marketed by Pearsons, Southsea","","50.78882","-1.09351","https://media.rightmove.co.uk:443/dir/crop/10:9-16:9/8k/7818/169310828/7818_PSSCC_698543_IMG_00_0000_max_476x317.jpeg; https://media.rightmove.co.uk:443/dir/crop/10:9-16:9/8k/7818/169310828/7818_PSSCC_698543_IMG_01_0000_max_476x317.jpeg; https://media.rightmove.co.uk:443/dir/crop/10:9-16:9/8k/7818/169310828/7818_PSSCC_698543_IMG_02_0000_max_476x317.jpeg; https://media.rightmove.co.uk:443/dir/crop/10:9-16:9/8k/7818/169310828/7818_PSSCC_698543_IMG_03_0000_max_476x317.jpeg; https://media.rightmove.co.uk:443/dir/crop/10:9-16:9/8k/7818/169310828/7818_PSSCC_698543_IMG_04_0000_max_476x317.jpeg; https://media.rightmove.co.uk:443/dir/crop/10:9-16:9/8k/7818/169310828/7818_PSSCC_698543_IMG_05_0000_max_476x317.jpeg; https://media.rightmove.co.uk:443/dir/crop/10:9-16:9/8k/7818/169310828/7818_PSSCC_698543_IMG_06_0000_max_476x317.jpeg; https://media.rightmove.co.uk:443/dir/crop/10:9-16:9/8k/7818/169310828/7818_PSSCC_698543_IMG_07_0000_max_476x317.jpeg; https://media.rightmove.co.uk:443/dir/crop/10:9-16:9/8k/7818/169310828/7818_PSSCC_698543_IMG_08_0000_max_476x317.jpeg; https://media.rightmove.co.uk:443/dir/crop/10:9-16:9/8k/7818/169310828/7818_PSSCC_698543_IMG_09_0000_max_476x317.jpeg; https://media.rightmove.co.uk:443/dir/crop/10:9-16:9/8k/7818/169310828/7818_PSSCC_698543_IMG_10_0000_max_476x317.jpeg; https://media.rightmove.co.uk:443/dir/crop/10:9-16:9/8k/7818/169310828/7818_PSSCC_698543_IMG_11_0000_max_476x317.jpeg; https://media.rightmove.co.uk:443/dir/crop/10:9-16:9/8k/7818/169310828/7818_PSSCC_698543_IMG_12_0000_max_476x317.jpeg; https://media.rightmove.co.uk:443/dir/crop/10:9-16:9/8k/7818/169310828/7818_PSSCC_698543_IMG_13_0000_max_476x317.jpeg; https://media.rightmove.co.uk:443/dir/crop/10:9-16:9/8k/7818/169310828/7818_PSSCC_698543_IMG_14_0000_max_476x317.jpeg"
"169959329","Hampshire","Land","Popes Lane, Upham, SO32","£50,000","","","","","","","","","LOT 10 - Parcel I - To Be Auctioned on Wednesday, 10th December","https://www.rightmove.co.uk/properties/169959329#/?channel=COM_BUY","2025-12-03T13:50:38Z","","new","Marketed by Barney Estates and Auctioneers, London","","50.976787","-1.251312","https://media.rightmove.co.uk:443/dir/crop/10:9-16:9/131k/130351/169959329/130351_502012_002038_IMG_00_0000_max_476x317.jpeg; https://media.rightmove.co.uk:443/dir/crop/10:9-16:9/131k/130351/169959329/130351_502012_002038_IMG_01_0000_max_476x317.jpeg; https://media.rightmove.co.uk:443/dir/crop/10:9-16:9/131k/130351/169959329/130351_502012_002038_IMG_02_0000_max_476x317.jpeg; https://media.rightmove.co.uk:443/dir/crop/10:9-16:9/131k/130351/169959329/130351_502012_002038_IMG_03_0000_max_476x317.jpeg"
"169284167","Hampshire","Residential Development","Air Space Above, 77-79 High Street, Cosham, Portsmouth, Hampshire, PO6 3AZ","£150,000","Offers in Region of","","","","","","","","The subject development space comprises the air space above Kestrel Court. Utilities - Individual electrical services were installed by SSE for 2 existing flats on the ground floor, 3 shops and a landlord supply, with provision in place on the BNO supply for the 8 new flats. New individual water...","https://www.rightmove.co.uk/properties/169284167#/?channel=COM_BUY","2025-11-12T16:44:31Z","","new","Marketed by Flude Property Consultants, Brighton","","50.843739","-1.067165","https://media.rightmove.co.uk:443/dir/crop/10:9-16:9/95k/94339/169284167/94339_8193FH_IMG_00_0000_max_476x317.jpeg; https://media.rightmove.co.uk:443/dir/crop/10:9-16:9/95k/94339/169284167/94339_8193FH_IMG_01_0000_max_476x317.jpeg; https://media.rightmove.co.uk:443/dir/crop/10:9-16:9/95k/94339/169284167/94339_8193FH_IMG_02_0000_max_476x317.jpeg; https://media.rightmove.co.uk:443/dir/crop/10:9-16:9/95k/94339/169284167/94339_8193FH_IMG_03_0000_max_476x317.jpeg; https://media.rightmove.co.uk:443/dir/crop/10:9-16:9/95k/94339/169284167/94339_8193FH_IMG_05_0000_max_476x317.jpeg; https://media.rightmove.co.uk:443/dir/crop/10:9-16:9/95k/94339/169284167/94339_8193FH_IMG_06_0000_max_476x317.jpeg; https://media.rightmove.co.uk:443/dir/crop/10:9-16:9/95k/94339/169284167/94339_8193FH_IMG_04_0000_max_476x317.jpeg"
"169211519","Hampshire","Office","Market Chambers 21 /21A Market Place, Romsey, Hampshire, SO51 8NA","£820,000","","","","2,098 sq. ft.","2098","2098","195","195","Prime located retail investment of 2 shops let producing a rental income of £47,500 pa plus vacant upper floor offices of 2,098 sqft suitable for conversion to residentail use (stp) or continued office use","https://www.rightmove.co.uk/properties/169211519#/?channel=COM_BUY","2025-11-12T16:00:28Z","","new","Marketed by Pullen Associates, Southampton","","50.98908","-1.49909","https://media.rightmove.co.uk:443/dir/crop/10:9-16:9/143k/142304/169211519/142304_21Marketplacesale_IMG_00_0000_max_476x317.jpeg; https://media.rightmove.co.uk:443/dir/crop/10:9-16:9/143k/142304/169211519/142304_21Marketplacesale_IMG_01_0000_max_476x317.jpeg; https://media.rightmove.co.uk:443/dir/crop/10:9-16:9/143k/142304/169211519/142304_21Marketplacesale_IMG_02_0000_max_476x317.jpeg; https://media.rightmove.co.uk:443/dir/crop/10:9-16:9/143k/142304/169211519/142304_21Marketplacesale_IMG_03_0000_max_476x317.jpeg; https://media.rightmove.co.uk:443/dir/crop/10:9-16:9/143k/142304/169211519/142304_21Marketplacesale_IMG_04_0000_max_476x317.jpeg; https://media.rightmove.co.uk:443/dir/crop/10:9-16:9/143k/142304/169211519/142304_21Marketplacesale_IMG_05_0000_max_476x317.jpeg; https://media.rightmove.co.uk:443/dir/crop/10:9-16:9/143k/142304/169211519/142304_21Marketplacesale_IMG_06_0000_max_476x317.jpeg; https://media.rightmove.co.uk:443/dir/crop/10:9-16:9/143k/142304/169211519/142304_21Marketplacesale_IMG_07_0000_max_476x317.jpeg"
"169280864","Hampshire","Retail Property (high street)","Market Chambers 21 /21A Market Place, Romsey, Hampshire, SO51 8NA","£820,000","","","","2,098 sq. ft.","2098","2098","195","195","Prime located retail investment of 2 shops let producing a rental income of £47,500 pa plus vacant upper floor offices of 2,098 sqft suitable for conversion to residentail use (stp) or continued office use","https://www.rightmove.co.uk/properties/169280864#/?channel=COM_BUY","2025-11-12T16:05:00Z","","new","Marketed by Pullen Associates, Southampton","","50.98908","-1.49909","https://media.rightmove.co.uk:443/dir/crop/10:9-16:9/143k/142304/169280864/142304_21AMarketplacesale_IMG_00_0000_max_476x317.jpeg; https://media.rightmove.co.uk:443/dir/crop/10:9-16:9/143k/142304/169280864/142304_21AMarketplacesale_IMG_01_0000_max_476x317.jpeg; https://media.rightmove.co.uk:443/dir/crop/10:9-16:9/143k/142304/169280864/142304_21AMarketplacesale_IMG_02_0000_max_476x317.jpeg; https://media.rightmove.co.uk:443/dir/crop/10:9-16:9/143k/142304/169280864/142304_21AMarketplacesale_IMG_03_0000_max_476x317.jpeg; https://media.rightmove.co.uk:443/dir/crop/10:9-16:9/143k/142304/169280864/142304_21AMarketplacesale_IMG_04_0000_max_476x317.jpeg; https://media.rightmove.co.uk:443/dir/crop/10:9-16:9/143k/142304/169280864/142304_21AMarketplacesale_IMG_05_0000_max_476x317.jpeg; https://media.rightmove.co.uk:443/dir/crop/10:9-16:9/143k/142304/169280864/142304_21AMarketplacesale_IMG_06_0000_max_476x317.jpeg; https://media.rightmove.co.uk:443/dir/crop/10:9-16:9/143k/142304/169280864/142304_21AMarketplacesale_IMG_07_0000_max_476x317.jpeg"
"158416373","Hampshire","Commercial Property","Havant Road, Hayling Island","£395,000","","3","1","","","","","","Spacious freehold retail unit with a large 3 bedroom flat above. Prominent position on main road. Many features. Detached double garage with lots off road parking. Plenty of investment potential.","https://www.rightmove.co.uk/properties/158416373#/?channel=COM_BUY","2025-02-18T17:33:46Z","","price_reduced","Marketed by Hugh Hickman & Son, Hayling Island","","50.811821","-0.977154","https://media.rightmove.co.uk:443/dir/crop/10:9-16:9/32k/31484/158416373/31484_16534_IMG_00_0000_max_476x317.jpeg; https://media.rightmove.co.uk:443/dir/crop/10:9-16:9/32k/31484/158416373/31484_16534_IMG_01_0000_max_476x317.jpeg; https://media.rightmove.co.uk:443/dir/crop/10:9-16:9/32k/31484/158416373/31484_16534_IMG_02_0000_max_476x317.jpeg; https://media.rightmove.co.uk:443/dir/crop/10:9-16:9/32k/31484/158416373/31484_16534_IMG_03_0000_max_476x317.jpeg; https://media.rightmove.co.uk:443/dir/crop/10:9-16:9/32k/31484/158416373/31484_16534_IMG_04_0000_max_476x317.jpeg; https://media.rightmove.co.uk:443/dir/crop/10:9-16:9/32k/31484/158416373/31484_16534_IMG_05_0000_max_476x317.jpeg; https://media.rightmove.co.uk:443/dir/crop/10:9-16:9/32k/31484/158416373/31484_16534_IMG_06_0000_max_476x317.jpeg; https://media.rightmove.co.uk:443/dir/crop/10:9-16:9/32k/31484/158416373/31484_16534_IMG_07_0000_max_476x317.jpeg; https://media.rightmove.co.uk:443/dir/crop/10:9-16:9/32k/31484/158416373/31484_16534_IMG_08_0000_max_476x317.jpeg; https://media.rightmove.co.uk:443/dir/crop/10:9-16:9/32k/31484/158416373/31484_16534_IMG_09_0000_max_476x317.jpeg; https://media.rightmove.co.uk:443/dir/crop/10:9-16:9/32k/31484/158416373/31484_16534_IMG_10_0000_max_476x317.jpeg; https://media.rightmove.co.uk:443/dir/crop/10:9-16:9/32k/31484/158416373/31484_16534_IMG_11_0000_max_476x317.jpeg; https://media.rightmove.co.uk:443/dir/crop/10:9-16:9/32k/31484/158416373/31484_16534_IMG_12_0000_max_476x317.jpeg"
"722865322730561","Hampshire","Commercial Development","Faraday Business Park, Daedalus, Solent Airport, Lee-on-the-Solent, PO13 9FU","POA","","","","43,560–537,095 sq. ft.","43560","537095","4047","49898","OF INTEREST TO OWNER OCCUPIERS: Development Sites From 1.0 – 12.33 acres, Potential for 20,000-175,000 sq ft, Suitable for a Variety of Uses","https://www.rightmove.co.uk/properties/722865322730561#/?channel=COM_BUY","2025-12-03T11:02:10Z","","size_change","Marketed by Realest, Industrial & Logistics","","50.811921","-1.195957","https://media.rightmove.co.uk:443/dir/crop/10:9-16:9/230k/229082/722865322730561/229082_155845-1_IMG_00_0001_max_476x317.jpeg; https://media.rightmove.co.uk:443/dir/crop/10:9-16:9/230k/229082/722865322730561/229082_155845-1_IMG_01_0001_max_476x317.jpeg; https://media.rightmove.co.uk:443/dir/crop/10:9-16:9/230k/229082/722865322730561/229082_155845-1_IMG_02_0001_max_476x317.jpeg"
"169261322","Hampshire","Office","5 Gloster Court, Whittle Avenue, Fareham, Hampshire, PO15 5SH","£240,000","","","","1,590 sq. ft.","1590","1590","148","148","The property comprises a two storey semi-detached office building which is part of the Gloster Court development. Unit 5 has a modern open plan layout with good internal dimensions. The building is accessed via its own ground floor entrance lobby. The ground floor and first floor offices are self...","https://www.rightmove.co.uk/properties/169261322#/?channel=COM_BUY","2025-11-12T11:06:50Z","","new","Marketed by Lambert Smith Hampton, Southampton","","50.870026","-1.259461","https://media.rightmove.co.uk:443/dir/crop/10:9-16:9/183k/182711/169261322/182711_17876FH_IMG_00_0000_max_476x317.jpeg; https://media.rightmove.co.uk:443/dir/crop/10:9-16:9/183k/182711/169261322/182711_17876FH_IMG_01_0000_max_476x317.jpeg; https://media.rightmove.co.uk:443/dir/crop/10:9-16:9/183k/182711/169261322/182711_17876FH_IMG_02_0000_max_476x317.jpeg; https://media.rightmove.co.uk:443/dir/crop/10:9-16:9/183k/182711/169261322/182711_17876FH_IMG_03_0000_max_476x317.jpeg; https://media.rightmove.co.uk:443/dir/crop/10:9-16:9/183k/182711/169261322/182711_17876FH_IMG_04_0000_max_476x317.jpeg; https://media.rightmove.co.uk:443/dir/crop/10:9-16:9/183k/182711/169261322/182711_17876FH_IMG_05_0000_max_476x317.jpeg; https://media.rightmove.co.uk:443/dir/crop/10:9-16:9/183k/182711/169261322/182711_17876FH_IMG_06_0000_max_476x317.jpeg"
"169251275","Hampshire","Office","Suite 8, Wesley Chambers Queens Road, Aldershot GU11 3JD","£110,000","","","","1,045 sq. ft.","1045","1045","97","97","Comprises self-contained office unit. Suitable for variety of uses (Class E). ","https://www.rightmove.co.uk/properties/169251275#/?channel=COM_BUY","2025-11-12T05:37:17Z","","new","Marketed by Blue Alpine, London","","51.2481","-0.76893","https://media.rightmove.co.uk:443/dir/crop/10:9-16:9/231k/230087/169251275/230087_suite8aldershot_IMG_00_0000_max_476x317.jpeg; https://media.rightmove.co.uk:443/dir/crop/10:9-16:9/231k/230087/169251275/230087_suite8aldershot_IMG_01_0000_max_476x317.jpeg; https://media.rightmove.co.uk:443/dir/crop/10:9-16:9/231k/230087/169251275/230087_suite8aldershot_IMG_02_0000_max_476x317.jpeg; https://media.rightmove.co.uk:443/dir/crop/10:9-16:9/231k/230087/169251275/230087_suite8aldershot_IMG_03_0000_max_476x317.jpeg; https://media.rightmove.co.uk:443/dir/crop/10:9-16:9/231k/230087/169251275/230087_suite8aldershot_IMG_04_0000_max_476x317.jpeg; https://media.rightmove.co.uk:443/dir/crop/10:9-16:9/231k/230087/169251275/230087_suite8aldershot_IMG_05_0000_max_476x317.jpeg; https://media.rightmove.co.uk:443/dir/crop/10:9-16:9/231k/230087/169251275/230087_suite8aldershot_IMG_06_0000_max_476x317.jpeg; https://media.rightmove.co.uk:443/dir/crop/10:9-16:9/231k/230087/169251275/230087_suite8aldershot_IMG_07_0000_max_476x317.jpeg"
"169235402","Hampshire","Land","Bunny Lane, Romsey, SO51","£700,000","From","","","","","","","","A substantial 36.22 acre freehold site off Bunny Lane, Romsey.","https://www.rightmove.co.uk/properties/169235402#/?channel=COM_BUY","2025-11-11T15:40:31Z","","new","Marketed by Barney Estates and Auctioneers, London","","51.02189","-1.4899","https://media.rightmove.co.uk:443/dir/crop/10:9-16:9/131k/130351/169235402/130351_502012_001895_IMG_00_0000_max_476x317.jpeg; https://media.rightmove.co.uk:443/dir/crop/10:9-16:9/131k/130351/169235402/130351_502012_001895_IMG_01_0000_max_476x317.jpeg; https://media.rightmove.co.uk:443/dir/crop/10:9-16:9/131k/130351/169235402/130351_502012_001895_IMG_02_0000_max_476x317.jpeg; https://media.rightmove.co.uk:443/dir/crop/10:9-16:9/131k/130351/169235402/130351_502012_001895_IMG_03_0000_max_476x317.jpeg"
"169232606","Hampshire","Land","A339, Headley , RG19","£300,000","Guide Price","4","","","","","","","A fantastic development opportunity in Headley with full planning permission for a 4-bedroom detached houses. Located on the A339 between Newbury and Basingstoke, the site offers excellent transport links and a semi-rural setting. Ideal for developers or self-builders.","https://www.rightmove.co.uk/properties/169232606#/?channel=COM_BUY","2025-11-11T14:58:59Z","","new","Marketed by Cricketts Of Berkshire, Newbury","","51.364256","-1.267877","https://media.rightmove.co.uk:443/dir/crop/10:9-16:9/22k/21869/169232606/21869_29696439_IMG_00_0000_max_476x317.jpeg; https://media.rightmove.co.uk:443/dir/crop/10:9-16:9/22k/21869/169232606/21869_29696439_IMG_01_0000_max_476x317.jpeg; https://media.rightmove.co.uk:443/dir/crop/10:9-16:9/22k/21869/169232606/21869_29696439_IMG_02_0000_max_476x317.jpeg; https://media.rightmove.co.uk:443/dir/crop/10:9-16:9/22k/21869/169232606/21869_29696439_IMG_03_0000_max_476x317.jpeg"
"169197767","Hampshire","Mixed Use","38-40 Grosvenor Road, Aldershot, Hampshire, GU11 3DY","£625,000","Offers in Excess of","5","3","3,020 sq. ft.","3020","3020","281","281","The ground floor of the premises is primarily used for trading as Club TLC, an Adult Entertainment business with a license for the sale of alcohol and late operating hours. The Club area consists of an open central area with a bar, seating and booths. There are separate rooms for dance entertainment","https://www.rightmove.co.uk/properties/169197767#/?channel=COM_BUY","2025-11-10T17:07:14Z","","new","Marketed by Park Steele, Surrey","","51.24708","-0.76666","https://media.rightmove.co.uk:443/dir/crop/10:9-16:9/174k/173945/169197767/173945_38-40GrosvenorRoad_IMG_00_0000_max_476x317.jpeg; https://media.rightmove.co.uk:443/dir/crop/10:9-16:9/174k/173945/169197767/173945_38-40GrosvenorRoad_IMG_01_0000_max_476x317.jpeg; https://media.rightmove.co.uk:443/dir/crop/10:9-16:9/174k/173945/169197767/173945_38-40GrosvenorRoad_IMG_02_0000_max_476x317.jpeg; https://media.rightmove.co.uk:443/dir/crop/10:9-16:9/174k/173945/169197767/173945_38-40GrosvenorRoad_IMG_03_0000_max_476x317.jpeg; https://media.rightmove.co.uk:443/dir/crop/10:9-16:9/174k/173945/169197767/173945_38-40GrosvenorRoad_IMG_04_0000_max_476x317.jpeg; https://media.rightmove.co.uk:443/dir/crop/10:9-16:9/174k/173945/169197767/173945_38-40GrosvenorRoad_IMG_05_0000_max_476x317.jpeg; https://media.rightmove.co.uk:443/dir/crop/10:9-16:9/174k/173945/169197767/173945_38-40GrosvenorRoad_IMG_06_0000_max_476x317.jpeg; https://media.rightmove.co.uk:443/dir/crop/10:9-16:9/174k/173945/169197767/173945_38-40GrosvenorRoad_IMG_07_0000_max_476x317.jpeg; https://media.rightmove.co.uk:443/dir/crop/10:9-16:9/174k/173945/169197767/173945_38-40GrosvenorRoad_IMG_08_0000_max_476x317.jpeg; https://media.rightmove.co.uk:443/dir/crop/10:9-16:9/174k/173945/169197767/173945_38-40GrosvenorRoad_IMG_09_0000_max_476x317.jpeg; https://media.rightmove.co.uk:443/dir/crop/10:9-16:9/174k/173945/169197767/173945_38-40GrosvenorRoad_IMG_10_0000_max_476x317.jpeg; https://media.rightmove.co.uk:443/dir/crop/10:9-16:9/174k/173945/169197767/173945_38-40GrosvenorRoad_IMG_11_0000_max_476x317.jpeg; https://media.rightmove.co.uk:443/dir/crop/10:9-16:9/174k/173945/169197767/173945_38-40GrosvenorRoad_IMG_12_0000_max_476x317.jpeg; https://media.rightmove.co.uk:443/dir/crop/10:9-16:9/174k/173945/169197767/173945_38-40GrosvenorRoad_IMG_13_0000_max_476x317.jpeg; https://media.rightmove.co.uk:443/dir/crop/10:9-16:9/174k/173945/169197767/173945_38-40GrosvenorRoad_IMG_14_0000_max_476x317.jpeg; https://media.rightmove.co.uk:443/dir/crop/10:9-16:9/174k/173945/169197767/173945_38-40GrosvenorRoad_IMG_15_0000_max_476x317.jpeg; https://media.rightmove.co.uk:443/dir/crop/10:9-16:9/174k/173945/169197767/173945_38-40GrosvenorRoad_IMG_16_0000_max_476x317.jpeg; https://media.rightmove.co.uk:443/dir/crop/10:9-16:9/174k/173945/169197767/173945_38-40GrosvenorRoad_IMG_17_0000_max_476x317.jpeg; https://media.rightmove.co.uk:443/dir/crop/10:9-16:9/174k/173945/169197767/173945_38-40GrosvenorRoad_IMG_18_0000_max_476x317.jpeg"
"164237174","Hampshire","Commercial Property","Kings Road, FLEET, GU51","£400,000","","4","1","","","","","","JIGSAW ESTATES are pleased to bring to the market this investment opportunity for the freehold tenure of 12 Kings Road in Fleet town centre.  The property is situated just 0.6 miles from Fleet station which runs regular services directly to London Waterloo.  In addition to this,...","https://www.rightmove.co.uk/properties/164237174#/?channel=COM_BUY","2025-07-07T10:53:47Z","","price_reduced","Marketed by Jigsaw Estates, Camberley","","51.283985","-0.835528","https://media.rightmove.co.uk:443/dir/crop/10:9-16:9/151k/150905/164237174/150905_29215661_IMG_00_0000_max_476x317.jpeg; https://media.rightmove.co.uk:443/dir/crop/10:9-16:9/151k/150905/164237174/150905_29215661_IMG_01_0000_max_476x317.jpeg; https://media.rightmove.co.uk:443/dir/crop/10:9-16:9/151k/150905/164237174/150905_29215661_IMG_02_0000_max_476x317.jpeg; https://media.rightmove.co.uk:443/dir/crop/10:9-16:9/151k/150905/164237174/150905_29215661_IMG_03_0000_max_476x317.jpeg; https://media.rightmove.co.uk:443/dir/crop/10:9-16:9/151k/150905/164237174/150905_29215661_IMG_04_0000_max_476x317.jpeg; https://media.rightmove.co.uk:443/dir/crop/10:9-16:9/151k/150905/164237174/150905_29215661_IMG_05_0000_max_476x317.jpeg; https://media.rightmove.co.uk:443/dir/crop/10:9-16:9/151k/150905/164237174/150905_29215661_IMG_06_0000_max_476x317.jpeg; https://media.rightmove.co.uk:443/dir/crop/10:9-16:9/151k/150905/164237174/150905_29215661_IMG_07_0000_max_476x317.jpeg; https://media.rightmove.co.uk:443/dir/crop/10:9-16:9/151k/150905/164237174/150905_29215661_IMG_08_0000_max_476x317.jpeg; https://media.rightmove.co.uk:443/dir/crop/10:9-16:9/151k/150905/164237174/150905_29215661_IMG_09_0000_max_476x317.jpeg; https://media.rightmove.co.uk:443/dir/crop/10:9-16:9/151k/150905/164237174/150905_29215661_IMG_10_0000_max_476x317.jpeg; https://media.rightmove.co.uk:443/dir/crop/10:9-16:9/151k/150905/164237174/150905_29215661_IMG_11_0000_max_476x317.jpeg; https://media.rightmove.co.uk:443/dir/crop/10:9-16:9/151k/150905/164237174/150905_29215661_IMG_12_0000_max_476x317.jpeg; https://media.rightmove.co.uk:443/dir/crop/10:9-16:9/151k/150905/164237174/150905_29215661_IMG_13_0000_max_476x317.jpeg"
"723053657605217","Hampshire","Light Industrial","Stantons Yard, Larchwood Avenue, Havant, PO9 3BF","POA","","","","43,560 sq. ft.","43560","43560","4047","4047","1 Acre Commercial Piece of Land for Sale in Havant","https://www.rightmove.co.uk/properties/723053657605217#/?channel=COM_BUY","2025-12-04T14:20:12Z","","new","Marketed by Savills, Southampton","","50.863633","-1.013883","https://media.rightmove.co.uk:443/dir/crop/10:9-16:9/property-photo/914cc94df/723053657605217/914cc94df6110b455da85fea4ec04092_max_476x317.jpeg; https://media.rightmove.co.uk:443/dir/crop/10:9-16:9/property-photo/206e1e737/723053657605217/206e1e7377bdf7afa017b35279d71b36_max_476x317.jpeg; https://media.rightmove.co.uk:443/dir/crop/10:9-16:9/property-photo/1fa951e0f/723053657605217/1fa951e0fd5a73eebf04f14b94200167_max_476x317.jpeg; https://media.rightmove.co.uk:443/dir/crop/10:9-16:9/property-photo/d60aeecc1/723053657605217/d60aeecc168ff53af4e0354a3960d5c3_max_476x317.png"
"167301863","Hampshire","Retail Property (high street)","76 Tangier Road, Portsmouth, Hampshire, PO3 6HU","£350,000","Offers in Region of","","","1,356 sq. ft.","1356","1356","126","126","The property comprises a two-storey premises with additional attic accommodation. At ground floor level, the accommodation is arranged to provide a self-contained retail unit, together with ancillary storage and a WC. The upper parts are accessed via a separate ground floor entrance (formerly u...","https://www.rightmove.co.uk/properties/167301863#/?channel=COM_BUY","2025-09-23T11:36:50Z","","price_reduced","Marketed by Flude Property Consultants, Portsmouth","","50.808315","-1.058347","https://media.rightmove.co.uk:443/dir/crop/10:9-16:9/206k/205205/167301863/205205_7548FH_IMG_09_0000_max_476x317.jpeg; https://media.rightmove.co.uk:443/dir/crop/10:9-16:9/206k/205205/167301863/205205_7548FH_IMG_01_0000_max_476x317.jpeg; https://media.rightmove.co.uk:443/dir/crop/10:9-16:9/206k/205205/167301863/205205_7548FH_IMG_02_0000_max_476x317.jpeg; https://media.rightmove.co.uk:443/dir/crop/10:9-16:9/206k/205205/167301863/205205_7548FH_IMG_03_0000_max_476x317.jpeg; https://media.rightmove.co.uk:443/dir/crop/10:9-16:9/206k/205205/167301863/205205_7548FH_IMG_04_0000_max_476x317.jpeg; https://media.rightmove.co.uk:443/dir/crop/10:9-16:9/206k/205205/167301863/205205_7548FH_IMG_05_0000_max_476x317.jpeg; https://media.rightmove.co.uk:443/dir/crop/10:9-16:9/206k/205205/167301863/205205_7548FH_IMG_06_0000_max_476x317.jpeg; https://media.rightmove.co.uk:443/dir/crop/10:9-16:9/206k/205205/167301863/205205_7548FH_IMG_07_0000_max_476x317.jpeg; https://media.rightmove.co.uk:443/dir/crop/10:9-16:9/206k/205205/167301863/205205_7548FH_IMG_08_0000_max_476x317.jpeg; https://media.rightmove.co.uk:443/dir/crop/10:9-16:9/206k/205205/167301863/205205_7548FH_IMG_00_0000_max_476x317.jpeg"
"159167642","Hampshire","Mixed Use","30 Victoria Road, Southampton, Hampshire, SO19","£575,000","","","","1,872 sq. ft.","1872","1872","174","174","Four-storey building comprising retail shop (sold-off) and 4 x 1-bed residential apartments. Part newly developed in 2024 to a high standard. One of the flats benefit from private garden at rear. ","https://www.rightmove.co.uk/properties/159167642#/?channel=COM_BUY","2025-03-08T08:09:50Z","","size_change","Marketed by Blue Alpine, London","","50.89732","-1.37989","https://media.rightmove.co.uk:443/dir/crop/10:9-16:9/231k/230087/159167642/230087_30victoriafh_IMG_18_0000_max_476x317.jpeg; https://media.rightmove.co.uk:443/dir/crop/10:9-16:9/231k/230087/159167642/230087_30victoriafh_IMG_19_0000_max_476x317.jpeg; https://media.rightmove.co.uk:443/dir/crop/10:9-16:9/231k/230087/159167642/230087_30victoriafh_IMG_10_0000_max_476x317.jpeg; https://media.rightmove.co.uk:443/dir/crop/10:9-16:9/231k/230087/159167642/230087_30victoriafh_IMG_01_0000_max_476x317.jpeg; https://media.rightmove.co.uk:443/dir/crop/10:9-16:9/231k/230087/159167642/230087_30victoriafh_IMG_14_0000_max_476x317.png; https://media.rightmove.co.uk:443/dir/crop/10:9-16:9/231k/230087/159167642/230087_30victoriafh_IMG_15_0000_max_476x317.png; https://media.rightmove.co.uk:443/dir/crop/10:9-16:9/231k/230087/159167642/230087_30victoriafh_IMG_16_0000_max_476x317.jpeg; https://media.rightmove.co.uk:443/dir/crop/10:9-16:9/231k/230087/159167642/230087_30victoriafh_IMG_17_0000_max_476x317.png; https://media.rightmove.co.uk:443/dir/crop/10:9-16:9/231k/230087/159167642/230087_30victoriafh_IMG_08_0000_max_476x317.jpeg; https://media.rightmove.co.uk:443/dir/crop/10:9-16:9/231k/230087/159167642/230087_30victoriafh_IMG_09_0000_max_476x317.jpeg"
"169127129","Hampshire","Distribution Warehouse","20 Glenmore Business Park, Lime Kiln Lane, Holbury, Southampton, SO45 2AR","£265,000","","","","995 sq. ft.","995","995","92","92","Modern end terrace warehouse/industrial unit","https://www.rightmove.co.uk/properties/169127129#/?channel=COM_BUY","2025-11-07T15:23:20Z","","new","Marketed by Hellier Langston Commercial Agents, Southampton","","50.840436","-1.392654","https://media.rightmove.co.uk:443/dir/crop/10:9-16:9/121k/120028/169127129/120028_336840-1_IMG_00_0000_max_476x317.jpeg; https://media.rightmove.co.uk:443/dir/crop/10:9-16:9/121k/120028/169127129/120028_336840-1_IMG_01_0000_max_476x317.jpeg; https://media.rightmove.co.uk:443/dir/crop/10:9-16:9/121k/120028/169127129/120028_336840-1_IMG_02_0000_max_476x317.jpeg; https://media.rightmove.co.uk:443/dir/crop/10:9-16:9/121k/120028/169127129/120028_336840-1_IMG_03_0000_max_476x317.jpeg; https://media.rightmove.co.uk:443/dir/crop/10:9-16:9/121k/120028/169127129/120028_336840-1_IMG_04_0000_max_476x317.jpeg; https://media.rightmove.co.uk:443/dir/crop/10:9-16:9/121k/120028/169127129/120028_336840-1_IMG_05_0000_max_476x317.jpeg; https://media.rightmove.co.uk:443/dir/crop/10:9-16:9/121k/120028/169127129/120028_336840-1_IMG_06_0000_max_476x317.jpeg; https://media.rightmove.co.uk:443/dir/crop/10:9-16:9/121k/120028/169127129/120028_336840-1_IMG_07_0000_max_476x317.jpeg"
"169118879","Hampshire","Land","Land, Twyford, Winchester, SO21 1NP","£50,000","","","","10,019 sq. ft.","10019","10019","931","931","Land available in the attractive and semi-rural location of Twyford, Winchester, SO21 1NP. The land is currently being offer in 5 plots each spanning an approximate 0.23 acres and offering a variety of potential uses.","https://www.rightmove.co.uk/properties/169118879#/?channel=COM_BUY","2025-11-07T13:30:10Z","","new","Marketed by Stanford Estate Agents, Eastleigh","","51.02352","-1.31271","https://media.rightmove.co.uk:443/dir/crop/10:9-16:9/property-photo/26d918780/169118879/26d918780159775aab7fa9657c3d25bb_max_476x317.jpeg; https://media.rightmove.co.uk:443/dir/crop/10:9-16:9/property-photo/b12931863/169118879/b12931863a741191aa0b6fdfea0bdcc0_max_476x317.jpeg; https://media.rightmove.co.uk:443/dir/crop/10:9-16:9/property-photo/2d2c53a5e/169118879/2d2c53a5e7b0774427e74dc4d0283321_max_476x317.jpeg; https://media.rightmove.co.uk:443/dir/crop/10:9-16:9/property-photo/c7d14e52c/169118879/c7d14e52cb5011c7293a127b00930377_max_476x317.jpeg; https://media.rightmove.co.uk:443/dir/crop/10:9-16:9/property-photo/0e34df9d7/169118879/0e34df9d72506755d4a1b2291602057b_max_476x317.jpeg; https://media.rightmove.co.uk:443/dir/crop/10:9-16:9/property-photo/66619d841/169118879/66619d84149ad96f7a257c334ad07a17_max_476x317.jpeg; https://media.rightmove.co.uk:443/dir/crop/10:9-16:9/property-photo/92189c171/169118879/92189c171d308a69f739e36e81acdbeb_max_476x317.jpeg; https://media.rightmove.co.uk:443/dir/crop/10:9-16:9/property-photo/a68b19671/169118879/a68b19671b6640cbf14be917523ea0d1_max_476x317.jpeg"
"161819192","Hampshire","Land","Lot 2 - Turrill Hill, Overton, Basingstoke, Hampshire, RG28","£14,000,000","Guide Price","","","41,207,760 sq. ft.","41207760","41207760","3828325","3828325","A quintessential country estate of the highest calibre","https://www.rightmove.co.uk/properties/161819192#/?channel=COM_BUY","2025-05-12T13:28:06Z","","price_reduced","Marketed by Savills Rural Agency, London","","51.231845","-1.276472","https://media.rightmove.co.uk:443/dir/crop/10:9-16:9/285k/284978/161819192/284978_LAR250018_IMG_00_0000_max_476x317.jpeg; https://media.rightmove.co.uk:443/dir/crop/10:9-16:9/285k/284978/161819192/284978_LAR250018_IMG_01_0000_max_476x317.jpeg; https://media.rightmove.co.uk:443/dir/crop/10:9-16:9/285k/284978/161819192/284978_LAR250018_IMG_02_0000_max_476x317.jpeg; https://media.rightmove.co.uk:443/dir/crop/10:9-16:9/285k/284978/161819192/284978_LAR250018_IMG_03_0000_max_476x317.jpeg; https://media.rightmove.co.uk:443/dir/crop/10:9-16:9/285k/284978/161819192/284978_LAR250018_IMG_04_0000_max_476x317.jpeg; https://media.rightmove.co.uk:443/dir/crop/10:9-16:9/285k/284978/161819192/284978_LAR250018_IMG_05_0000_max_476x317.jpeg; https://media.rightmove.co.uk:443/dir/crop/10:9-16:9/285k/284978/161819192/284978_LAR250018_IMG_06_0000_max_476x317.jpeg; https://media.rightmove.co.uk:443/dir/crop/10:9-16:9/285k/284978/161819192/284978_LAR250018_IMG_07_0000_max_476x317.jpeg; https://media.rightmove.co.uk:443/dir/crop/10:9-16:9/285k/284978/161819192/284978_LAR250018_IMG_08_0000_max_476x317.jpeg"
"723055188632912","Hampshire","Commercial Development","Former Cameo  Vinyl Nightclub, 12 London Street, Andover, SP10 2PA","£1,000,000","","","","12,693 sq. ft.","12693","12693","1179","1179","Former Cameo & Vinyl Nightclub - For Sale Freehold or May Re-Let","https://www.rightmove.co.uk/properties/723055188632912#/?channel=COM_BUY","2025-12-04T14:53:24Z","","price_reduced","Marketed by Savills, Southampton - Licensed Leisure","","51.206192","-1.477179","https://media.rightmove.co.uk:443/dir/crop/10:9-16:9/property-photo/6399812d8/723055188632912/6399812d879c22107c0fa973171afa61_max_476x317.jpeg; https://media.rightmove.co.uk:443/dir/crop/10:9-16:9/property-photo/443fa5d41/723055188632912/443fa5d4110e205c050f091d219d7d94_max_476x317.jpeg; https://media.rightmove.co.uk:443/dir/crop/10:9-16:9/property-photo/2ddb26006/723055188632912/2ddb260068a080af754cf288b51ec5a4_max_476x317.jpeg; https://media.rightmove.co.uk:443/dir/crop/10:9-16:9/property-photo/5e9bf2eb3/723055188632912/5e9bf2eb3d83255ad2e0b294d11e0c71_max_476x317.jpeg; https://media.rightmove.co.uk:443/dir/crop/10:9-16:9/property-photo/04ff10f12/723055188632912/04ff10f1292e3c4dd8ea9e52fa03c6d9_max_476x317.jpeg; https://media.rightmove.co.uk:443/dir/crop/10:9-16:9/property-photo/39afc7225/723055188632912/39afc72259b9eda24a34b9cdf9ff85a6_max_476x317.jpeg; https://media.rightmove.co.uk:443/dir/crop/10:9-16:9/property-photo/c76d08af6/723055188632912/c76d08af65acd9d437924d3d6a0d9b0f_max_476x317.jpeg; https://media.rightmove.co.uk:443/dir/crop/10:9-16:9/property-photo/db6621bce/723055188632912/db6621bcefda0b1ae4fecce2ce951068_max_476x317.jpeg; https://media.rightmove.co.uk:443/dir/crop/10:9-16:9/property-photo/f03d098e8/723055188632912/f03d098e83d67655415ee56c2a64a8ae_max_476x317.jpeg; https://media.rightmove.co.uk:443/dir/crop/10:9-16:9/property-photo/b07ee1dc0/723055188632912/b07ee1dc07622865f61b817e0cd9b14d_max_476x317.jpeg"
"168449567","Hampshire","Land","Bunny Lane, Timsbury, Romsey","£120,000","Guide Price","","","","","","","","Fox and Sons Romsey offer to be sold by Auction a perfect opportunity to acquire approximately 2.8 Acres of freehold land, situated in a highly desirable rural location off Bunny Lane in Timsbury, near Romsey, Hampshire.","https://www.rightmove.co.uk/properties/168449567#/?channel=COM_BUY","2025-10-30T08:02:59Z","","price_reduced","Marketed by Fox & Sons, Romsey","","51.02189","-1.4899","https://media.rightmove.co.uk:443/dir/crop/10:9-16:9/3k/2069/168449567/2069_RMY105544_IMG_08_0000_max_476x317.jpeg; https://media.rightmove.co.uk:443/dir/crop/10:9-16:9/3k/2069/168449567/2069_RMY105544_IMG_10_0000_max_476x317.jpeg; https://media.rightmove.co.uk:443/dir/crop/10:9-16:9/3k/2069/168449567/2069_RMY105544_IMG_11_0000_max_476x317.jpeg; https://media.rightmove.co.uk:443/dir/crop/10:9-16:9/3k/2069/168449567/2069_RMY105544_IMG_01_0000_max_476x317.jpeg; https://media.rightmove.co.uk:443/dir/crop/10:9-16:9/3k/2069/168449567/2069_RMY105544_IMG_00_0000_max_476x317.jpeg; https://media.rightmove.co.uk:443/dir/crop/10:9-16:9/3k/2069/168449567/2069_RMY105544_IMG_02_0000_max_476x317.jpeg; https://media.rightmove.co.uk:443/dir/crop/10:9-16:9/3k/2069/168449567/2069_RMY105544_IMG_03_0000_max_476x317.jpeg; https://media.rightmove.co.uk:443/dir/crop/10:9-16:9/3k/2069/168449567/2069_RMY105544_IMG_04_0000_max_476x317.jpeg; https://media.rightmove.co.uk:443/dir/crop/10:9-16:9/3k/2069/168449567/2069_RMY105544_IMG_05_0000_max_476x317.jpeg; https://media.rightmove.co.uk:443/dir/crop/10:9-16:9/3k/2069/168449567/2069_RMY105544_IMG_06_0000_max_476x317.jpeg; https://media.rightmove.co.uk:443/dir/crop/10:9-16:9/3k/2069/168449567/2069_RMY105544_IMG_07_0000_max_476x317.jpeg"
"722865538933264","Hampshire","Office","Unit 2 Yeoman Industrial Park, Portmore House Unit 2, Yeoman Industrial Park, Southampton, SO16 9JX","£750,000","Offers in Region of","","","1,870–3,792 sq. ft.","1870","3792","174","352","Self-Contained Office Good Parking Ratio Close to M27","https://www.rightmove.co.uk/properties/722865538933264#/?channel=COM_BUY","2025-12-03T11:04:08Z","","new","Marketed by Realest, Offices","","50.929291","-1.474172","https://media.rightmove.co.uk:443/dir/crop/10:9-16:9/230k/229079/722865538933264/229079_336680-1_IMG_00_0000_max_476x317.jpeg; https://media.rightmove.co.uk:443/dir/crop/10:9-16:9/230k/229079/722865538933264/229079_336680-1_IMG_01_0000_max_476x317.jpeg; https://media.rightmove.co.uk:443/dir/crop/10:9-16:9/230k/229079/722865538933264/229079_336680-1_IMG_02_0000_max_476x317.jpeg; https://media.rightmove.co.uk:443/dir/crop/10:9-16:9/230k/229079/722865538933264/229079_336680-1_IMG_03_0000_max_476x317.jpeg; https://media.rightmove.co.uk:443/dir/crop/10:9-16:9/230k/229079/722865538933264/229079_336680-1_IMG_04_0000_max_476x317.jpeg; https://media.rightmove.co.uk:443/dir/crop/10:9-16:9/230k/229079/722865538933264/229079_336680-1_IMG_05_0000_max_476x317.jpeg; https://media.rightmove.co.uk:443/dir/crop/10:9-16:9/230k/229079/722865538933264/229079_336680-1_IMG_06_0000_max_476x317.jpeg; https://media.rightmove.co.uk:443/dir/crop/10:9-16:9/230k/229079/722865538933264/229079_336680-1_IMG_07_0000_max_476x317.jpeg"
"723053871621457","Hampshire","Pub","Leckford Hutt, London Road, Stockbridge, SO20 6DE","£750,000","Offers in Region of","","","3,331–4,143 sq. ft.","3331","4143","309","385","Price Reduced: Freehold former pub/hospitality property with Airbnb annexe + private living accommodation near Stockbridge & Winchester","https://www.rightmove.co.uk/properties/723053871621457#/?channel=COM_BUY","2025-12-04T14:25:10Z","","price_reduced","Marketed by Savills, Southampton - Licensed Leisure","","51.129113","-1.423072","https://media.rightmove.co.uk:443/dir/crop/10:9-16:9/226k/225509/723053871621457/225509_233251-1_IMG_00_0000_max_476x317.jpeg; https://media.rightmove.co.uk:443/dir/crop/10:9-16:9/226k/225509/723053871621457/225509_233251-1_IMG_01_0000_max_476x317.jpeg; https://media.rightmove.co.uk:443/dir/crop/10:9-16:9/226k/225509/723053871621457/225509_233251-1_IMG_02_0000_max_476x317.jpeg; https://media.rightmove.co.uk:443/dir/crop/10:9-16:9/226k/225509/723053871621457/225509_233251-1_IMG_03_0000_max_476x317.jpeg; https://media.rightmove.co.uk:443/dir/crop/10:9-16:9/226k/225509/723053871621457/225509_233251-1_IMG_04_0000_max_476x317.jpeg; https://media.rightmove.co.uk:443/dir/crop/10:9-16:9/226k/225509/723053871621457/225509_233251-1_IMG_05_0000_max_476x317.jpeg; https://media.rightmove.co.uk:443/dir/crop/10:9-16:9/226k/225509/723053871621457/225509_233251-1_IMG_06_0000_max_476x317.jpeg; https://media.rightmove.co.uk:443/dir/crop/10:9-16:9/226k/225509/723053871621457/225509_233251-1_IMG_07_0000_max_476x317.jpeg; https://media.rightmove.co.uk:443/dir/crop/10:9-16:9/226k/225509/723053871621457/225509_233251-1_IMG_08_0000_max_476x317.jpeg; https://media.rightmove.co.uk:443/dir/crop/10:9-16:9/226k/225509/723053871621457/225509_233251-1_IMG_09_0000_max_476x317.jpeg; https://media.rightmove.co.uk:443/dir/crop/10:9-16:9/226k/225509/723053871621457/225509_233251-1_IMG_10_0000_max_476x317.jpeg; https://media.rightmove.co.uk:443/dir/crop/10:9-16:9/226k/225509/723053871621457/225509_233251-1_IMG_11_0000_max_476x317.jpeg; https://media.rightmove.co.uk:443/dir/crop/10:9-16:9/226k/225509/723053871621457/225509_233251-1_IMG_12_0000_max_476x317.jpeg"
"166432934","Hampshire","Office","Station Road, Liphook, Hampshire, GU30","£500,000","","","","3,208 sq. ft.","3208","3208","298","298","Commercial property for sale in Liphook, Hampshire. Please call us if you’re searching for a new business premises or possibly to convert an office building for residential use (STP).","https://www.rightmove.co.uk/properties/166432934#/?channel=COM_BUY","2025-09-01T11:52:51Z","","price_reduced","Marketed by Trinity Rose Commercial, Chandler's Ford","","51.071989","-0.800703","https://media.rightmove.co.uk:443/dir/crop/10:9-16:9/143k/142532/166432934/142532_COM250066_IMG_00_0000_max_476x317.jpeg; https://media.rightmove.co.uk:443/dir/crop/10:9-16:9/143k/142532/166432934/142532_COM250066_IMG_02_0000_max_476x317.jpeg; https://media.rightmove.co.uk:443/dir/crop/10:9-16:9/143k/142532/166432934/142532_COM250066_IMG_01_0000_max_476x317.jpeg; https://media.rightmove.co.uk:443/dir/crop/10:9-16:9/143k/142532/166432934/142532_COM250066_IMG_09_0000_max_476x317.jpeg; https://media.rightmove.co.uk:443/dir/crop/10:9-16:9/143k/142532/166432934/142532_COM250066_IMG_03_0000_max_476x317.jpeg; https://media.rightmove.co.uk:443/dir/crop/10:9-16:9/143k/142532/166432934/142532_COM250066_IMG_04_0000_max_476x317.jpeg; https://media.rightmove.co.uk:443/dir/crop/10:9-16:9/143k/142532/166432934/142532_COM250066_IMG_05_0000_max_476x317.jpeg; https://media.rightmove.co.uk:443/dir/crop/10:9-16:9/143k/142532/166432934/142532_COM250066_IMG_06_0000_max_476x317.jpeg; https://media.rightmove.co.uk:443/dir/crop/10:9-16:9/143k/142532/166432934/142532_COM250066_IMG_07_0000_max_476x317.jpeg; https://media.rightmove.co.uk:443/dir/crop/10:9-16:9/143k/142532/166432934/142532_COM250066_IMG_08_0000_max_476x317.jpeg; https://media.rightmove.co.uk:443/dir/crop/10:9-16:9/143k/142532/166432934/142532_COM250066_IMG_10_0000_max_476x317.jpeg; https://media.rightmove.co.uk:443/dir/crop/10:9-16:9/143k/142532/166432934/142532_COM250066_IMG_11_0000_max_476x317.jpeg"
"169013465","Hampshire","Retail Property (high street)","Market Place, Basingstoke, Hampshire, RG21","£510,000","","","","","","","","","Prominent Retail Investment with vacant upper parts and Planning Permission for Extension / Conversion for 3 Residential Apartments 2,048 sq ft (190.27 sq m).","https://www.rightmove.co.uk/properties/169013465#/?channel=COM_BUY","2025-11-05T13:08:29Z","","new","Marketed by Winkworth, Basingstoke","","51.262279","-1.087334","https://media.rightmove.co.uk:443/dir/crop/10:9-16:9/61k/60017/169013465/60017_BAS250214_IMG_00_0000_max_476x317.jpeg; https://media.rightmove.co.uk:443/dir/crop/10:9-16:9/61k/60017/169013465/60017_BAS250214_IMG_01_0000_max_476x317.jpeg; https://media.rightmove.co.uk:443/dir/crop/10:9-16:9/61k/60017/169013465/60017_BAS250214_IMG_02_0000_max_476x317.jpeg; https://media.rightmove.co.uk:443/dir/crop/10:9-16:9/61k/60017/169013465/60017_BAS250214_IMG_03_0000_max_476x317.jpeg; https://media.rightmove.co.uk:443/dir/crop/10:9-16:9/61k/60017/169013465/60017_BAS250214_IMG_04_0000_max_476x317.jpeg; https://media.rightmove.co.uk:443/dir/crop/10:9-16:9/61k/60017/169013465/60017_BAS250214_IMG_05_0000_max_476x317.jpeg; https://media.rightmove.co.uk:443/dir/crop/10:9-16:9/61k/60017/169013465/60017_BAS250214_IMG_06_0000_max_476x317.jpeg"
"169240193","Hampshire","Land","Church Road, Twyford, SO21","£50,000","From","","","","","","","","Attractive freehold and roadside land off Church Road Twyford Winchester SO21 1NP","https://www.rightmove.co.uk/properties/169240193#/?channel=COM_BUY","2025-11-11T16:35:40Z","","new","Marketed by Barney Estates and Auctioneers, London","","51.02352","-1.31271","https://media.rightmove.co.uk:443/dir/crop/10:9-16:9/131k/130351/169240193/130351_502012_001901_IMG_00_0000_max_476x317.jpeg; https://media.rightmove.co.uk:443/dir/crop/10:9-16:9/131k/130351/169240193/130351_502012_001901_IMG_01_0000_max_476x317.jpeg; https://media.rightmove.co.uk:443/dir/crop/10:9-16:9/131k/130351/169240193/130351_502012_001901_IMG_02_0000_max_476x317.jpeg; https://media.rightmove.co.uk:443/dir/crop/10:9-16:9/131k/130351/169240193/130351_502012_001901_IMG_03_0000_max_476x317.jpeg; https://media.rightmove.co.uk:443/dir/crop/10:9-16:9/131k/130351/169240193/130351_502012_001901_IMG_04_0000_max_476x317.jpeg; https://media.rightmove.co.uk:443/dir/crop/10:9-16:9/131k/130351/169240193/130351_502012_001901_IMG_05_0000_max_476x317.jpeg"
"163534268","Hampshire","Plot","Kiln Way, Grayshott","£1,000,000","Guide Price","5","5","","","","","","As the illustrations show, there is a fantastic opportunity to re-build or wrap around and extend from the present structure which is currently 2300 sq ft. Panning details on EHDC planning portal ref: 60548 The ultimate size could extend in the region of 3800 sqft of accommodation over t...","https://www.rightmove.co.uk/properties/163534268#/?channel=COM_BUY","2025-06-19T13:59:14Z","","new","Marketed by Clarke Gammon, Liphook","","51.117492","-0.782192","https://media.rightmove.co.uk:443/dir/crop/10:9-16:9/43k/42005/163534268/42005_33976545_IMG_00_0000_max_476x317.jpeg; https://media.rightmove.co.uk:443/dir/crop/10:9-16:9/43k/42005/163534268/42005_33976545_IMG_01_0000_max_476x317.jpeg; https://media.rightmove.co.uk:443/dir/crop/10:9-16:9/43k/42005/163534268/42005_33976545_IMG_02_0000_max_476x317.jpeg; https://media.rightmove.co.uk:443/dir/crop/10:9-16:9/43k/42005/163534268/42005_33976545_IMG_03_0000_max_476x317.jpeg; https://media.rightmove.co.uk:443/dir/crop/10:9-16:9/43k/42005/163534268/42005_33976545_IMG_04_0000_max_476x317.jpeg; https://media.rightmove.co.uk:443/dir/crop/10:9-16:9/43k/42005/163534268/42005_33976545_IMG_05_0000_max_476x317.jpeg; https://media.rightmove.co.uk:443/dir/crop/10:9-16:9/43k/42005/163534268/42005_33976545_IMG_06_0000_max_476x317.jpeg; https://media.rightmove.co.uk:443/dir/crop/10:9-16:9/43k/42005/163534268/42005_33976545_IMG_07_0000_max_476x317.jpeg; https://media.rightmove.co.uk:443/dir/crop/10:9-16:9/43k/42005/163534268/42005_33976545_IMG_08_0000_max_476x317.jpeg; https://media.rightmove.co.uk:443/dir/crop/10:9-16:9/43k/42005/163534268/42005_33976545_IMG_09_0000_max_476x317.jpeg"
"168931364","Hampshire","Retail Property (high street)","Copnor Road, Portsmouth, Hampshire, PO3 5BZ","£225,000","Guide Price","","","","","","","","Investment for Sale - Total income £20,450 Ground floor: size 47.01 sq m 506 sqft First floor: two bedroom flat Ground let to One Stop Lease date March 2024 Rent £7,250 pa First floor Let to Horizon Supported Accommodation Ltd Rent £13,200 pa Total income £20...","https://www.rightmove.co.uk/properties/168931364#/?channel=COM_BUY","2025-11-03T15:06:04Z","","new","Marketed by Pattinsons, Pattinsons Auction- National Auctioneer","","50.8146","-1.0645","https://media.rightmove.co.uk:443/dir/crop/10:9-16:9/252k/251528/168931364/251528_496924_IMG_00_0000_max_476x317.jpeg; https://media.rightmove.co.uk:443/dir/crop/10:9-16:9/252k/251528/168931364/251528_496924_IMG_01_0000_max_476x317.jpeg; https://media.rightmove.co.uk:443/dir/crop/10:9-16:9/252k/251528/168931364/251528_496924_IMG_02_0000_max_476x317.jpeg; https://media.rightmove.co.uk:443/dir/crop/10:9-16:9/252k/251528/168931364/251528_496924_IMG_03_0000_max_476x317.jpeg; https://media.rightmove.co.uk:443/dir/crop/10:9-16:9/252k/251528/168931364/251528_496924_IMG_04_0000_max_476x317.jpeg; https://media.rightmove.co.uk:443/dir/crop/10:9-16:9/252k/251528/168931364/251528_496924_IMG_05_0000_max_476x317.jpeg; https://media.rightmove.co.uk:443/dir/crop/10:9-16:9/252k/251528/168931364/251528_496924_IMG_06_0000_max_476x317.jpeg; https://media.rightmove.co.uk:443/dir/crop/10:9-16:9/252k/251528/168931364/251528_496924_IMG_07_0000_max_476x317.jpeg"
"168930698","Hampshire","Commercial Property","Albert Road, Southsea","£335,000","","","","","","","","","We are delighted to offer this INVESTMENT OPPORTUNITY with the potential income of £25,800 per annum, which consists of a Commercial Unit, currently rented for use as an aesthetics business, and a Spacious Two Bedroom Apartment. The property is located in Albert Road, the home to many indep...","https://www.rightmove.co.uk/properties/168930698#/?channel=COM_BUY","2025-11-03T15:00:36Z","","new","Marketed by Fry & Kent, Southsea","","50.786476","-1.073523","https://media.rightmove.co.uk:443/dir/crop/10:9-16:9/11k/10750/168930698/10750_12751059_IMG_00_0000_max_476x317.jpeg; https://media.rightmove.co.uk:443/dir/crop/10:9-16:9/11k/10750/168930698/10750_12751059_IMG_01_0000_max_476x317.jpeg; https://media.rightmove.co.uk:443/dir/crop/10:9-16:9/11k/10750/168930698/10750_12751059_IMG_10_0000_max_476x317.jpeg; https://media.rightmove.co.uk:443/dir/crop/10:9-16:9/11k/10750/168930698/10750_12751059_IMG_11_0000_max_476x317.jpeg; https://media.rightmove.co.uk:443/dir/crop/10:9-16:9/11k/10750/168930698/10750_12751059_IMG_12_0000_max_476x317.jpeg; https://media.rightmove.co.uk:443/dir/crop/10:9-16:9/11k/10750/168930698/10750_12751059_IMG_02_0000_max_476x317.jpeg; https://media.rightmove.co.uk:443/dir/crop/10:9-16:9/11k/10750/168930698/10750_12751059_IMG_14_0000_max_476x317.jpeg; https://media.rightmove.co.uk:443/dir/crop/10:9-16:9/11k/10750/168930698/10750_12751059_IMG_04_0000_max_476x317.jpeg; https://media.rightmove.co.uk:443/dir/crop/10:9-16:9/11k/10750/168930698/10750_12751059_IMG_03_0000_max_476x317.jpeg; https://media.rightmove.co.uk:443/dir/crop/10:9-16:9/11k/10750/168930698/10750_12751059_IMG_09_0000_max_476x317.jpeg; https://media.rightmove.co.uk:443/dir/crop/10:9-16:9/11k/10750/168930698/10750_12751059_IMG_13_0000_max_476x317.jpeg; https://media.rightmove.co.uk:443/dir/crop/10:9-16:9/11k/10750/168930698/10750_12751059_IMG_05_0000_max_476x317.jpeg; https://media.rightmove.co.uk:443/dir/crop/10:9-16:9/11k/10750/168930698/10750_12751059_IMG_06_0000_max_476x317.jpeg; https://media.rightmove.co.uk:443/dir/crop/10:9-16:9/11k/10750/168930698/10750_12751059_IMG_07_0000_max_476x317.jpeg; https://media.rightmove.co.uk:443/dir/crop/10:9-16:9/11k/10750/168930698/10750_12751059_IMG_08_0000_max_476x317.jpeg"
"169493675","Hampshire","Retail Property (high street)","Crownyard 7-21 Romsey Road, Lyndhurst, SO43 7AA","£575,000","Offers in Region of","","","3,668 sq. ft.","3668","3668","341","341","Retail Showroom Premises with Forecourt Parking","https://www.rightmove.co.uk/properties/169493675#/?channel=COM_BUY","2025-11-19T14:35:14Z","","new","Marketed by Holloway Iliffe & Mitchell, Portsmouth","","50.873467","-1.576276","https://media.rightmove.co.uk:443/dir/crop/10:9-16:9/287k/286838/169493675/286838_334805-1_IMG_00_0000_max_476x317.jpeg; https://media.rightmove.co.uk:443/dir/crop/10:9-16:9/287k/286838/169493675/286838_334805-1_IMG_01_0000_max_476x317.jpeg; https://media.rightmove.co.uk:443/dir/crop/10:9-16:9/287k/286838/169493675/286838_334805-1_IMG_02_0000_max_476x317.jpeg; https://media.rightmove.co.uk:443/dir/crop/10:9-16:9/287k/286838/169493675/286838_334805-1_IMG_03_0000_max_476x317.jpeg; https://media.rightmove.co.uk:443/dir/crop/10:9-16:9/287k/286838/169493675/286838_334805-1_IMG_04_0000_max_476x317.jpeg; https://media.rightmove.co.uk:443/dir/crop/10:9-16:9/287k/286838/169493675/286838_334805-1_IMG_05_0000_max_476x317.jpeg; https://media.rightmove.co.uk:443/dir/crop/10:9-16:9/287k/286838/169493675/286838_334805-1_IMG_06_0000_max_476x317.jpeg; https://media.rightmove.co.uk:443/dir/crop/10:9-16:9/287k/286838/169493675/286838_334805-1_IMG_07_0000_max_476x317.jpeg; https://media.rightmove.co.uk:443/dir/crop/10:9-16:9/287k/286838/169493675/286838_334805-1_IMG_08_0000_max_476x317.jpeg; https://media.rightmove.co.uk:443/dir/crop/10:9-16:9/287k/286838/169493675/286838_334805-1_IMG_09_0000_max_476x317.jpeg; https://media.rightmove.co.uk:443/dir/crop/10:9-16:9/287k/286838/169493675/286838_334805-1_IMG_10_0000_max_476x317.jpeg; https://media.rightmove.co.uk:443/dir/crop/10:9-16:9/287k/286838/169493675/286838_334805-1_IMG_11_0000_max_476x317.jpeg; https://media.rightmove.co.uk:443/dir/crop/10:9-16:9/287k/286838/169493675/286838_334805-1_IMG_12_0000_max_476x317.jpeg; https://media.rightmove.co.uk:443/dir/crop/10:9-16:9/287k/286838/169493675/286838_334805-1_IMG_13_0000_max_476x317.jpeg; https://media.rightmove.co.uk:443/dir/crop/10:9-16:9/287k/286838/169493675/286838_334805-1_IMG_14_0000_max_476x317.jpeg; https://media.rightmove.co.uk:443/dir/crop/10:9-16:9/287k/286838/169493675/286838_334805-1_IMG_15_0000_max_476x317.jpeg; https://media.rightmove.co.uk:443/dir/crop/10:9-16:9/287k/286838/169493675/286838_334805-1_IMG_16_0000_max_476x317.jpeg; https://media.rightmove.co.uk:443/dir/crop/10:9-16:9/287k/286838/169493675/286838_334805-1_IMG_17_0000_max_476x317.jpeg; https://media.rightmove.co.uk:443/dir/crop/10:9-16:9/287k/286838/169493675/286838_334805-1_IMG_18_0000_max_476x317.jpeg; https://media.rightmove.co.uk:443/dir/crop/10:9-16:9/287k/286838/169493675/286838_334805-1_IMG_19_0000_max_476x317.jpeg; https://media.rightmove.co.uk:443/dir/crop/10:9-16:9/287k/286838/169493675/286838_334805-1_IMG_20_0000_max_476x317.jpeg; https://media.rightmove.co.uk:443/dir/crop/10:9-16:9/287k/286838/169493675/286838_334805-1_IMG_21_0000_max_476x317.jpeg; https://media.rightmove.co.uk:443/dir/crop/10:9-16:9/287k/286838/169493675/286838_334805-1_IMG_22_0000_max_476x317.jpeg; https://media.rightmove.co.uk:443/dir/crop/10:9-16:9/287k/286838/169493675/286838_334805-1_IMG_23_0000_max_476x317.jpeg; https://media.rightmove.co.uk:443/dir/crop/10:9-16:9/287k/286838/169493675/286838_334805-1_IMG_24_0000_max_476x317.jpeg; https://media.rightmove.co.uk:443/dir/crop/10:9-16:9/287k/286838/169493675/286838_334805-1_IMG_25_0000_max_476x317.jpeg; https://media.rightmove.co.uk:443/dir/crop/10:9-16:9/287k/286838/169493675/286838_334805-1_IMG_26_0000_max_476x317.jpeg; https://media.rightmove.co.uk:443/dir/crop/10:9-16:9/287k/286838/169493675/286838_334805-1_IMG_27_0000_max_476x317.jpeg; https://media.rightmove.co.uk:443/dir/crop/10:9-16:9/287k/286838/169493675/286838_334805-1_IMG_28_0000_max_476x317.jpeg; https://media.rightmove.co.uk:443/dir/crop/10:9-16:9/287k/286838/169493675/286838_334805-1_IMG_29_0000_max_476x317.jpeg; https://media.rightmove.co.uk:443/dir/crop/10:9-16:9/287k/286838/169493675/286838_334805-1_IMG_30_0000_max_476x317.jpeg"
"168914270","Hampshire","Land","Langhorn Road, Southampton, Hampshire, SO16","£595,000","","","","","","","","","Building Plot of 0.23 acres (approx.) with Full Planning Permission Granted for 4 Dwellings. Opportunity to acquire a building plot on Langhorn Road which is to the East of Southampton Highfield Campus for the erection of a two-storey building consisting of 4, three bedroom dwellings o...","https://www.rightmove.co.uk/properties/168914270#/?channel=COM_BUY","2025-11-03T11:23:41Z","","new","Marketed by Morris Dibben, Southampton","","50.9375","-1.383","https://media.rightmove.co.uk:443/dir/crop/10:9-16:9/6k/5024/168914270/5024_RSH240002_IMG_00_0000_max_476x317.jpeg; https://media.rightmove.co.uk:443/dir/crop/10:9-16:9/6k/5024/168914270/5024_RSH240002_IMG_01_0000_max_476x317.jpeg; https://media.rightmove.co.uk:443/dir/crop/10:9-16:9/6k/5024/168914270/5024_RSH240002_IMG_02_0000_max_476x317.jpeg; https://media.rightmove.co.uk:443/dir/crop/10:9-16:9/6k/5024/168914270/5024_RSH240002_IMG_03_0000_max_476x317.jpeg"
"165867020","Hampshire","Mixed Use","154 & 154a Copnor Road, Portsmouth, Hampshire, PO3","£225,000","Guide Price","2","1","1,052 sq. ft.","1052","1052","98","98","Online Auction Being sold via Secure Sale online bidding. Terms & Conditions apply. Starting Bid £225,000 Ground floor: size 47.01 sqm 506 sqft, First floor: two bedroom flat. Ground let to One Stop.","https://www.rightmove.co.uk/properties/165867020#/?channel=COM_BUY","2025-08-18T10:29:29Z","","price_reduced","Marketed by Trafalgar Property Consultancy, Gosport","","50.81533","-1.06438","https://media.rightmove.co.uk:443/dir/crop/10:9-16:9/284k/283427/165867020/283427_RM066_IMG_00_0000_max_476x317.jpeg; https://media.rightmove.co.uk:443/dir/crop/10:9-16:9/284k/283427/165867020/283427_RM066_IMG_01_0000_max_476x317.jpeg"
"168518447","Hampshire","Retail Property (high street)","4-5 Exchange Buildings, High Street, Petersfield, Hampshire, GU32","£795,000","","","","2,872 sq. ft.","2872","2872","267","267","A rare opportunity to acquire a substantial and historic freehold property in a prime town centre location in Petersfield.Originally constructed in 1866 as the town's Corn Exchange, this impressive three-storey building combines period character with excellent commercial potential.","https://www.rightmove.co.uk/properties/168518447#/?channel=COM_BUY","2025-10-31T12:55:28Z","","new","Marketed by Trafalgar Property Consultancy, Gosport","","51.00407","-0.93674","https://media.rightmove.co.uk:443/dir/crop/10:9-16:9/284k/283427/168518447/283427_RM088_IMG_00_0000_max_476x317.jpeg"
"168836987","Hampshire","Land","South Street, Farnborough, GU14","£140,000","Guide Price","","","1,378 sq. ft.","1378","1378","128","128","OPEN DAY SATURDAY 8th NOVEMBER 2025 11.00am Prime residential land in Northcamp, Farnborough with planning for a 1-bedroom apartment. Ideal investment with 3 garages included for added utility. Simplified development process, promising modern living space in sought-after location. Opportunity not...","https://www.rightmove.co.uk/properties/168836987#/?channel=COM_BUY","2025-10-31T12:01:22Z","","new","Marketed by The Property Explorer, Farnborough","","51.279645","-0.737326","https://media.rightmove.co.uk:443/dir/crop/10:9-16:9/property-photo/ff4911ae1/168836987/ff4911ae1e30eeacf00c1eabff871459_max_476x317.jpeg; https://media.rightmove.co.uk:443/dir/crop/10:9-16:9/property-photo/3c1648858/168836987/3c1648858e4ddc8f5644924608c42e46_max_476x317.jpeg; https://media.rightmove.co.uk:443/dir/crop/10:9-16:9/property-photo/d55efbdc4/168836987/d55efbdc4c6519d7a53e4215566b2920_max_476x317.jpeg; https://media.rightmove.co.uk:443/dir/crop/10:9-16:9/property-photo/3eed12ccd/168836987/3eed12ccd15ae8ef56484d4b49314c21_max_476x317.jpeg"
"168835925","Hampshire","Commercial Property","Former Paint Pots, 1 Orchard Lane, Southampton, Hampshire, SO14 3BN","£395,000","","","","2,282 sq. ft.","2282","2282","212","212","The property is situated within Southampton City Centre within a mixed commercial and residential location at the junction of Orchard Lane and Lime Street. The area is densely populated and within walking distance of the main shopping centre of West Quay and Above Bar. The large redevelopment pr...","https://www.rightmove.co.uk/properties/168835925#/?channel=COM_BUY","2025-10-31T11:49:16Z","","price_reduced","Marketed by Mava Real Estate, Southampton","","50.901478","-1.399541","https://media.rightmove.co.uk:443/dir/crop/10:9-16:9/97k/96725/168835925/96725_2761FH_IMG_00_0000_max_476x317.jpeg; https://media.rightmove.co.uk:443/dir/crop/10:9-16:9/97k/96725/168835925/96725_2761FH_IMG_01_0000_max_476x317.jpeg; https://media.rightmove.co.uk:443/dir/crop/10:9-16:9/97k/96725/168835925/96725_2761FH_IMG_02_0000_max_476x317.jpeg; https://media.rightmove.co.uk:443/dir/crop/10:9-16:9/97k/96725/168835925/96725_2761FH_IMG_03_0000_max_476x317.jpeg; https://media.rightmove.co.uk:443/dir/crop/10:9-16:9/97k/96725/168835925/96725_2761FH_IMG_04_0000_max_476x317.jpeg"
"168803129","Hampshire","Shop","1 Bridge Street, Fordingbridge, Hampshire, SP6 1AH","£199,950","","","","1,313 sq. ft.","1313","1313","122","122","FOR SALE/TO LET - Prominent Corner Unit in Heart of Market Town Fordingbridge is an attractive town located approximately 12 miles south of Salisbury and 7 miles north of Ringwood on the A338 and has a population of approximately 6000 (2011 Census). The town plays host to a healthy mixture of l...","https://www.rightmove.co.uk/properties/168803129#/?channel=COM_BUY","2025-10-30T15:44:53Z","","price_reduced","Marketed by Mava Real Estate, Bournemouth","","50.927143","-1.788371","https://media.rightmove.co.uk:443/dir/crop/10:9-16:9/80k/79329/168803129/79329_10452FH_IMG_00_0000_max_476x317.jpeg; https://media.rightmove.co.uk:443/dir/crop/10:9-16:9/80k/79329/168803129/79329_10452FH_IMG_01_0000_max_476x317.jpeg; https://media.rightmove.co.uk:443/dir/crop/10:9-16:9/80k/79329/168803129/79329_10452FH_IMG_02_0000_max_476x317.jpeg; https://media.rightmove.co.uk:443/dir/crop/10:9-16:9/80k/79329/168803129/79329_10452FH_IMG_03_0000_max_476x317.jpeg; https://media.rightmove.co.uk:443/dir/crop/10:9-16:9/80k/79329/168803129/79329_10452FH_IMG_04_0000_max_476x317.jpeg; https://media.rightmove.co.uk:443/dir/crop/10:9-16:9/80k/79329/168803129/79329_10452FH_IMG_05_0000_max_476x317.jpeg; https://media.rightmove.co.uk:443/dir/crop/10:9-16:9/80k/79329/168803129/79329_10452FH_IMG_06_0000_max_476x317.jpeg; https://media.rightmove.co.uk:443/dir/crop/10:9-16:9/80k/79329/168803129/79329_10452FH_IMG_07_0000_max_476x317.jpeg; https://media.rightmove.co.uk:443/dir/crop/10:9-16:9/80k/79329/168803129/79329_10452FH_IMG_08_0000_max_476x317.jpeg; https://media.rightmove.co.uk:443/dir/crop/10:9-16:9/80k/79329/168803129/79329_10452FH_IMG_09_0000_max_476x317.jpeg; https://media.rightmove.co.uk:443/dir/crop/10:9-16:9/80k/79329/168803129/79329_10452FH_IMG_10_0000_max_476x317.jpeg; https://media.rightmove.co.uk:443/dir/crop/10:9-16:9/80k/79329/168803129/79329_10452FH_IMG_11_0000_max_476x317.jpeg"
"168794363","Hampshire","Warehouse","Units 5&6 The Glenmore Centre, Sandleheath Industrial Estate, Fordingbridge, SP6 1TE","£150,000","From","","","1,008–2,016 sq. ft.","1008","2016","94","187","Freehold Industrial Units - For Sale","https://www.rightmove.co.uk/properties/168794363#/?channel=COM_BUY","2025-10-30T13:42:27Z","","size_change","Marketed by Vail Williams, Bournemouth","","50.934286","-1.821702","https://media.rightmove.co.uk:443/dir/crop/10:9-16:9/235k/234236/168794363/234236_335862-1_IMG_00_0000_max_476x317.jpeg; https://media.rightmove.co.uk:443/dir/crop/10:9-16:9/235k/234236/168794363/234236_335862-1_IMG_01_0000_max_476x317.jpeg; https://media.rightmove.co.uk:443/dir/crop/10:9-16:9/235k/234236/168794363/234236_335862-1_IMG_02_0000_max_476x317.jpeg; https://media.rightmove.co.uk:443/dir/crop/10:9-16:9/235k/234236/168794363/234236_335862-1_IMG_03_0000_max_476x317.jpeg; https://media.rightmove.co.uk:443/dir/crop/10:9-16:9/235k/234236/168794363/234236_335862-1_IMG_04_0000_max_476x317.jpeg; https://media.rightmove.co.uk:443/dir/crop/10:9-16:9/235k/234236/168794363/234236_335862-1_IMG_05_0000_max_476x317.jpeg; https://media.rightmove.co.uk:443/dir/crop/10:9-16:9/235k/234236/168794363/234236_335862-1_IMG_06_0000_max_476x317.jpeg; https://media.rightmove.co.uk:443/dir/crop/10:9-16:9/235k/234236/168794363/234236_335862-1_IMG_07_0000_max_476x317.jpeg"
"168777722","Hampshire","Land","Beechen Paddocks, Butts Farm Lane, Bishops Waltham, Southampton, SO32 1PE","£325,000","Guide Price","","","","","","","","An attractive holding extending to 7.33 acres (2.97 ha) with 7 Field Shelters, Water and Electricity on the northern edge of Bishops Waltham","https://www.rightmove.co.uk/properties/168777722#/?channel=COM_BUY","2025-10-30T11:47:10Z","","new","Marketed by Ian Judd & Partners, Bishops Waltham","","50.95875","-1.20377","https://media.rightmove.co.uk:443/dir/crop/10:9-16:9/35k/34437/168777722/34437_HERBalcBeechenPaddocks_IMG_00_0000_max_476x317.jpeg; https://media.rightmove.co.uk:443/dir/crop/10:9-16:9/35k/34437/168777722/34437_HERBalcBeechenPaddocks_IMG_01_0000_max_476x317.jpeg; https://media.rightmove.co.uk:443/dir/crop/10:9-16:9/35k/34437/168777722/34437_HERBalcBeechenPaddocks_IMG_02_0000_max_476x317.jpeg; https://media.rightmove.co.uk:443/dir/crop/10:9-16:9/35k/34437/168777722/34437_HERBalcBeechenPaddocks_IMG_03_0000_max_476x317.jpeg; https://media.rightmove.co.uk:443/dir/crop/10:9-16:9/35k/34437/168777722/34437_HERBalcBeechenPaddocks_IMG_04_0000_max_476x317.jpeg; https://media.rightmove.co.uk:443/dir/crop/10:9-16:9/35k/34437/168777722/34437_HERBalcBeechenPaddocks_IMG_05_0000_max_476x317.jpeg; https://media.rightmove.co.uk:443/dir/crop/10:9-16:9/35k/34437/168777722/34437_HERBalcBeechenPaddocks_IMG_06_0000_max_476x317.jpeg; https://media.rightmove.co.uk:443/dir/crop/10:9-16:9/35k/34437/168777722/34437_HERBalcBeechenPaddocks_IMG_07_0000_max_476x317.jpeg; https://media.rightmove.co.uk:443/dir/crop/10:9-16:9/35k/34437/168777722/34437_HERBalcBeechenPaddocks_IMG_08_0000_max_476x317.jpeg; https://media.rightmove.co.uk:443/dir/crop/10:9-16:9/35k/34437/168777722/34437_HERBalcBeechenPaddocks_IMG_09_0000_max_476x317.jpeg; https://media.rightmove.co.uk:443/dir/crop/10:9-16:9/35k/34437/168777722/34437_HERBalcBeechenPaddocks_IMG_10_0000_max_476x317.jpeg; https://media.rightmove.co.uk:443/dir/crop/10:9-16:9/35k/34437/168777722/34437_HERBalcBeechenPaddocks_IMG_11_0000_max_476x317.jpeg; https://media.rightmove.co.uk:443/dir/crop/10:9-16:9/35k/34437/168777722/34437_HERBalcBeechenPaddocks_IMG_12_0000_max_476x317.jpeg; https://media.rightmove.co.uk:443/dir/crop/10:9-16:9/35k/34437/168777722/34437_HERBalcBeechenPaddocks_IMG_13_0000_max_476x317.jpeg; https://media.rightmove.co.uk:443/dir/crop/10:9-16:9/35k/34437/168777722/34437_HERBalcBeechenPaddocks_IMG_14_0000_max_476x317.jpeg"
"163534268","Hampshire","Plot","Kiln Way, Grayshott","£1,000,000","Guide Price","5","5","","","","","","As the illustrations show, there is a fantastic opportunity to re-build or wrap around and extend from the present structure which is currently 2300 sq ft. Panning details on EHDC planning portal ref: 60548 The ultimate size could extend in the region of 3800 sqft of accommodation over t...","https://www.rightmove.co.uk/properties/163534268#/?channel=COM_BUY","2025-06-19T13:59:14Z","","new","Marketed by Clarke Gammon, Liphook","","51.117492","-0.782192","https://media.rightmove.co.uk:443/dir/crop/10:9-16:9/43k/42005/163534268/42005_33976545_IMG_00_0000_max_476x317.jpeg; https://media.rightmove.co.uk:443/dir/crop/10:9-16:9/43k/42005/163534268/42005_33976545_IMG_01_0000_max_476x317.jpeg; https://media.rightmove.co.uk:443/dir/crop/10:9-16:9/43k/42005/163534268/42005_33976545_IMG_02_0000_max_476x317.jpeg; https://media.rightmove.co.uk:443/dir/crop/10:9-16:9/43k/42005/163534268/42005_33976545_IMG_03_0000_max_476x317.jpeg; https://media.rightmove.co.uk:443/dir/crop/10:9-16:9/43k/42005/163534268/42005_33976545_IMG_04_0000_max_476x317.jpeg; https://media.rightmove.co.uk:443/dir/crop/10:9-16:9/43k/42005/163534268/42005_33976545_IMG_05_0000_max_476x317.jpeg; https://media.rightmove.co.uk:443/dir/crop/10:9-16:9/43k/42005/163534268/42005_33976545_IMG_06_0000_max_476x317.jpeg; https://media.rightmove.co.uk:443/dir/crop/10:9-16:9/43k/42005/163534268/42005_33976545_IMG_07_0000_max_476x317.jpeg; https://media.rightmove.co.uk:443/dir/crop/10:9-16:9/43k/42005/163534268/42005_33976545_IMG_08_0000_max_476x317.jpeg; https://media.rightmove.co.uk:443/dir/crop/10:9-16:9/43k/42005/163534268/42005_33976545_IMG_09_0000_max_476x317.jpeg"
"157762595","Hampshire","Industrial Park","PB80, Bedford Road, Petersfield, Hampshire, GU32 3QD","£12,950,000","","","","79,609 sq. ft.","79609","79609","7396","7396","A rare opportunity to acquire a fully refurbished modern unit either For Sale or To Let. The property is situated within the main industrial estate in Petersfield on Bedford Road with immediate access to the A3. Refurbishment will be complete Q4 2024 with the warehouse to be returned to fully o...","https://www.rightmove.co.uk/properties/157762595#/?channel=COM_BUY","2025-02-04T14:29:03Z","","size_change","Marketed by SHW, Crawley & Gatwick","","51.004032","-0.950562","https://media.rightmove.co.uk:443/dir/crop/10:9-16:9/286k/285437/157762595/285437_26479FH_IMG_00_0000_max_476x317.jpeg; https://media.rightmove.co.uk:443/dir/crop/10:9-16:9/286k/285437/157762595/285437_26479FH_IMG_01_0000_max_476x317.jpeg; https://media.rightmove.co.uk:443/dir/crop/10:9-16:9/286k/285437/157762595/285437_26479FH_IMG_02_0000_max_476x317.jpeg; https://media.rightmove.co.uk:443/dir/crop/10:9-16:9/286k/285437/157762595/285437_26479FH_IMG_03_0000_max_476x317.jpeg; https://media.rightmove.co.uk:443/dir/crop/10:9-16:9/286k/285437/157762595/285437_26479FH_IMG_04_0000_max_476x317.jpeg; https://media.rightmove.co.uk:443/dir/crop/10:9-16:9/286k/285437/157762595/285437_26479FH_IMG_05_0000_max_476x317.jpeg; https://media.rightmove.co.uk:443/dir/crop/10:9-16:9/286k/285437/157762595/285437_26479FH_IMG_06_0000_max_476x317.jpeg; https://media.rightmove.co.uk:443/dir/crop/10:9-16:9/286k/285437/157762595/285437_26479FH_IMG_07_0000_max_476x317.jpeg; https://media.rightmove.co.uk:443/dir/crop/10:9-16:9/286k/285437/157762595/285437_26479FH_IMG_08_0000_max_476x317.jpeg; https://media.rightmove.co.uk:443/dir/crop/10:9-16:9/286k/285437/157762595/285437_26479FH_IMG_09_0000_max_476x317.jpeg; https://media.rightmove.co.uk:443/dir/crop/10:9-16:9/286k/285437/157762595/285437_26479FH_IMG_10_0000_max_476x317.jpeg; https://media.rightmove.co.uk:443/dir/crop/10:9-16:9/286k/285437/157762595/285437_26479FH_IMG_11_0000_max_476x317.jpeg; https://media.rightmove.co.uk:443/dir/crop/10:9-16:9/286k/285437/157762595/285437_26479FH_IMG_12_0000_max_476x317.jpeg; https://media.rightmove.co.uk:443/dir/crop/10:9-16:9/286k/285437/157762595/285437_26479FH_IMG_13_0000_max_476x317.jpeg; https://media.rightmove.co.uk:443/dir/crop/10:9-16:9/286k/285437/157762595/285437_26479FH_IMG_14_0000_max_476x317.jpeg; https://media.rightmove.co.uk:443/dir/crop/10:9-16:9/286k/285437/157762595/285437_26479FH_IMG_15_0000_max_476x317.jpeg; https://media.rightmove.co.uk:443/dir/crop/10:9-16:9/286k/285437/157762595/285437_26479FH_IMG_16_0000_max_476x317.jpeg; https://media.rightmove.co.uk:443/dir/crop/10:9-16:9/286k/285437/157762595/285437_26479FH_IMG_17_0000_max_476x317.jpeg; https://media.rightmove.co.uk:443/dir/crop/10:9-16:9/286k/285437/157762595/285437_26479FH_IMG_18_0000_max_476x317.jpeg; https://media.rightmove.co.uk:443/dir/crop/10:9-16:9/286k/285437/157762595/285437_26479FH_IMG_19_0000_max_476x317.jpeg; https://media.rightmove.co.uk:443/dir/crop/10:9-16:9/286k/285437/157762595/285437_26479FH_IMG_20_0000_max_476x317.jpeg; https://media.rightmove.co.uk:443/dir/crop/10:9-16:9/286k/285437/157762595/285437_26479FH_IMG_21_0000_max_476x317.jpeg"
"168742433","Hampshire","Retail Property (high street)","2 London Road, Horndean, Waterlooville, PO8 0BZ","£550,000","","","","3,207 sq. ft.","3207","3207","298","298","Multi-Let Investment Opportunity","https://www.rightmove.co.uk/properties/168742433#/?channel=COM_BUY","2025-10-29T11:50:52Z","","new","Marketed by Vail Williams, Portsmouth","","50.913812","-0.995876","https://media.rightmove.co.uk:443/dir/crop/10:9-16:9/property-photo/64f8a157c/168742433/64f8a157ca92499705f2be37d0bbf97b_max_476x317.jpeg; https://media.rightmove.co.uk:443/dir/crop/10:9-16:9/property-photo/7f808c5ec/168742433/7f808c5ecee7f4d582c63cac047e56f3_max_476x317.jpeg; https://media.rightmove.co.uk:443/dir/crop/10:9-16:9/property-photo/b14dc86ba/168742433/b14dc86ba1bef6c1756c0d4117144b2c_max_476x317.jpeg; https://media.rightmove.co.uk:443/dir/crop/10:9-16:9/property-photo/641a4353e/168742433/641a4353e3c2fcdf55bf62beb8e7a250_max_476x317.jpeg; https://media.rightmove.co.uk:443/dir/crop/10:9-16:9/property-photo/f1886e3df/168742433/f1886e3dff31fdf789ff396264d298c5_max_476x317.jpeg; https://media.rightmove.co.uk:443/dir/crop/10:9-16:9/property-photo/f7aedbb14/168742433/f7aedbb1437356f9d35a35dbce9a1a63_max_476x317.jpeg; https://media.rightmove.co.uk:443/dir/crop/10:9-16:9/property-photo/cb4bdf9d5/168742433/cb4bdf9d59c473886ddbbeb1d16e9cc9_max_476x317.jpeg; https://media.rightmove.co.uk:443/dir/crop/10:9-16:9/property-photo/cf882a806/168742433/cf882a806913ef6781526b0ae3f680c9_max_476x317.jpeg; https://media.rightmove.co.uk:443/dir/crop/10:9-16:9/property-photo/9c592d9ea/168742433/9c592d9ea8007e28fe154d968582e648_max_476x317.jpeg; https://media.rightmove.co.uk:443/dir/crop/10:9-16:9/property-photo/9923be821/168742433/9923be821c31d2ca9d428eed33447ebc_max_476x317.jpeg; https://media.rightmove.co.uk:443/dir/crop/10:9-16:9/property-photo/a96ed684d/168742433/a96ed684d7dcc9707e2fb1306c727ceb_max_476x317.jpeg; https://media.rightmove.co.uk:443/dir/crop/10:9-16:9/property-photo/eec63aa6e/168742433/eec63aa6edea4521186c41f8a3cdc5e9_max_476x317.jpeg; https://media.rightmove.co.uk:443/dir/crop/10:9-16:9/property-photo/fb0305f3c/168742433/fb0305f3c0169ecabadac4366a95ad7c_max_476x317.jpeg; https://media.rightmove.co.uk:443/dir/crop/10:9-16:9/property-photo/cbb650f04/168742433/cbb650f048b2238d4459bcec463fbb4a_max_476x317.jpeg; https://media.rightmove.co.uk:443/dir/crop/10:9-16:9/property-photo/54cbc11a2/168742433/54cbc11a284bbe15b068616c13da3e66_max_476x317.jpeg; https://media.rightmove.co.uk:443/dir/crop/10:9-16:9/property-photo/a707e8d90/168742433/a707e8d90a661a0323eaea2daf67627f_max_476x317.jpeg; https://media.rightmove.co.uk:443/dir/crop/10:9-16:9/property-photo/dec81b80e/168742433/dec81b80e3197b94e30db45b1267b86b_max_476x317.jpeg; https://media.rightmove.co.uk:443/dir/crop/10:9-16:9/property-photo/555c05aa6/168742433/555c05aa6df6fc011de8465f0a8ffa00_max_476x317.jpeg; https://media.rightmove.co.uk:443/dir/crop/10:9-16:9/property-photo/495e8a764/168742433/495e8a7644e55c33f6a870e24aa1e0cc_max_476x317.jpeg; https://media.rightmove.co.uk:443/dir/crop/10:9-16:9/property-photo/f8a23d783/168742433/f8a23d78329bdec2bf9de99a4c41acdc_max_476x317.jpeg; https://media.rightmove.co.uk:443/dir/crop/10:9-16:9/property-photo/fa8ac3b1d/168742433/fa8ac3b1d534c978b1a295c6117f9241_max_476x317.jpeg; https://media.rightmove.co.uk:443/dir/crop/10:9-16:9/property-photo/6489c9f1d/168742433/6489c9f1d76f51898dba8d4799bc9dea_max_476x317.jpeg; https://media.rightmove.co.uk:443/dir/crop/10:9-16:9/property-photo/c43bbbe77/168742433/c43bbbe7724c9fca201ab66d990fa01c_max_476x317.jpeg; https://media.rightmove.co.uk:443/dir/crop/10:9-16:9/property-photo/21bf2ad50/168742433/21bf2ad506ebfdb3083b38530c16a693_max_476x317.jpeg; https://media.rightmove.co.uk:443/dir/crop/10:9-16:9/property-photo/2b18d8c55/168742433/2b18d8c55252aa287881b3a3ca1d775a_max_476x317.jpeg; https://media.rightmove.co.uk:443/dir/crop/10:9-16:9/property-photo/fadae1288/168742433/fadae12881dcf313fe6cce2a1cdfef54_max_476x317.jpeg; https://media.rightmove.co.uk:443/dir/crop/10:9-16:9/property-photo/5de92ec2f/168742433/5de92ec2f4e357c2f0041e35e9996023_max_476x317.jpeg; https://media.rightmove.co.uk:443/dir/crop/10:9-16:9/property-photo/17dd4c8ff/168742433/17dd4c8ff558774969062a8a212c2064_max_476x317.jpeg"
"163787651","Hampshire","Distribution Warehouse","Rolwey House, Unit 2 School Close, Chandler's Ford, Hampshire, SO53","£1,800,000","","","","16,697 sq. ft.","16697","16697","1551","1551","Rolwey House comprises a detached industrial unit of steel frame construction with lower brick and upper corrugated cladding elevations under pitched roofs plus a two-storey office block under a flat roof. Amenities within the building include mainly open plan industrial space, and good quality o...","https://www.rightmove.co.uk/properties/163787651#/?channel=COM_BUY","2025-06-25T14:50:55Z","","price_reduced","Marketed by Lambert Smith Hampton, Southampton","","50.981586","-1.390876","https://media.rightmove.co.uk:443/dir/crop/10:9-16:9/183k/182711/163787651/182711_2051386FH_IMG_00_0000_max_476x317.jpeg; https://media.rightmove.co.uk:443/dir/crop/10:9-16:9/183k/182711/163787651/182711_2051386FH_IMG_01_0000_max_476x317.jpeg; https://media.rightmove.co.uk:443/dir/crop/10:9-16:9/183k/182711/163787651/182711_2051386FH_IMG_02_0000_max_476x317.jpeg"
"167999660","Hampshire","Warehouse","16a Westfield Industrial Estate, Portsmouth Road, Horndean, PO8 9JX","£775,000","From","","","6,870 sq. ft.","6870","6870","638","638","SELF CONTAINED, DETACHED BUSINESS UNIT - FOR SALE","https://www.rightmove.co.uk/properties/167999660#/?channel=COM_BUY","2025-10-08T16:48:39Z","","price_reduced","Marketed by Vail Williams, Portsmouth","","50.914212","-0.998087","https://media.rightmove.co.uk:443/dir/crop/10:9-16:9/86k/85879/167999660/85879_331278-1_IMG_00_0000_max_476x317.jpeg; https://media.rightmove.co.uk:443/dir/crop/10:9-16:9/86k/85879/167999660/85879_331278-1_IMG_01_0000_max_476x317.jpeg; https://media.rightmove.co.uk:443/dir/crop/10:9-16:9/86k/85879/167999660/85879_331278-1_IMG_02_0000_max_476x317.jpeg; https://media.rightmove.co.uk:443/dir/crop/10:9-16:9/86k/85879/167999660/85879_331278-1_IMG_03_0000_max_476x317.jpeg; https://media.rightmove.co.uk:443/dir/crop/10:9-16:9/86k/85879/167999660/85879_331278-1_IMG_04_0000_max_476x317.jpeg; https://media.rightmove.co.uk:443/dir/crop/10:9-16:9/86k/85879/167999660/85879_331278-1_IMG_05_0000_max_476x317.jpeg; https://media.rightmove.co.uk:443/dir/crop/10:9-16:9/86k/85879/167999660/85879_331278-1_IMG_06_0000_max_476x317.jpeg; https://media.rightmove.co.uk:443/dir/crop/10:9-16:9/86k/85879/167999660/85879_331278-1_IMG_07_0000_max_476x317.jpeg; https://media.rightmove.co.uk:443/dir/crop/10:9-16:9/86k/85879/167999660/85879_331278-1_IMG_08_0000_max_476x317.jpeg; https://media.rightmove.co.uk:443/dir/crop/10:9-16:9/86k/85879/167999660/85879_331278-1_IMG_09_0000_max_476x317.jpeg; https://media.rightmove.co.uk:443/dir/crop/10:9-16:9/86k/85879/167999660/85879_331278-1_IMG_10_0000_max_476x317.jpeg; https://media.rightmove.co.uk:443/dir/crop/10:9-16:9/86k/85879/167999660/85879_331278-1_IMG_11_0000_max_476x317.jpeg; https://media.rightmove.co.uk:443/dir/crop/10:9-16:9/86k/85879/167999660/85879_331278-1_IMG_12_0000_max_476x317.jpeg; https://media.rightmove.co.uk:443/dir/crop/10:9-16:9/86k/85879/167999660/85879_331278-1_IMG_13_0000_max_476x317.jpeg; https://media.rightmove.co.uk:443/dir/crop/10:9-16:9/86k/85879/167999660/85879_331278-1_IMG_14_0000_max_476x317.jpeg; https://media.rightmove.co.uk:443/dir/crop/10:9-16:9/86k/85879/167999660/85879_331278-1_IMG_15_0000_max_476x317.jpeg; https://media.rightmove.co.uk:443/dir/crop/10:9-16:9/86k/85879/167999660/85879_331278-1_IMG_16_0000_max_476x317.jpeg; https://media.rightmove.co.uk:443/dir/crop/10:9-16:9/86k/85879/167999660/85879_331278-1_IMG_17_0000_max_476x317.jpeg; https://media.rightmove.co.uk:443/dir/crop/10:9-16:9/86k/85879/167999660/85879_331278-1_IMG_18_0000_max_476x317.jpeg; https://media.rightmove.co.uk:443/dir/crop/10:9-16:9/86k/85879/167999660/85879_331278-1_IMG_19_0000_max_476x317.jpeg; https://media.rightmove.co.uk:443/dir/crop/10:9-16:9/86k/85879/167999660/85879_331278-1_IMG_20_0000_max_476x317.jpeg; https://media.rightmove.co.uk:443/dir/crop/10:9-16:9/86k/85879/167999660/85879_331278-1_IMG_21_0000_max_476x317.jpeg; https://media.rightmove.co.uk:443/dir/crop/10:9-16:9/86k/85879/167999660/85879_331278-1_IMG_22_0000_max_476x317.jpeg; https://media.rightmove.co.uk:443/dir/crop/10:9-16:9/86k/85879/167999660/85879_331278-1_IMG_23_0000_max_476x317.jpeg; https://media.rightmove.co.uk:443/dir/crop/10:9-16:9/86k/85879/167999660/85879_331278-1_IMG_24_0000_max_476x317.jpeg"
"87171459","Hampshire","Plot"," Ringwood , BH24","£38,950","Guide Price","","","","","","","","An opportunity to acquire a parcel of land in a well-established residential area near Ringwood town centre. Backing onto a public footpath with easy access to local amenities, the site offers strong potential for small-scale residential development or a self build project, subject to planning...","https://www.rightmove.co.uk/properties/87171459#/?channel=COM_BUY","2025-07-01T11:45:40Z","","price_reduced","Marketed by Spencers, Ringwood","","50.849002","-1.779624","https://media.rightmove.co.uk:443/dir/crop/10:9-16:9/74k/73159/87171459/73159_29123287_IMG_03_0000_max_476x317.jpeg; https://media.rightmove.co.uk:443/dir/crop/10:9-16:9/74k/73159/87171459/73159_29123287_IMG_04_0000_max_476x317.jpeg; https://media.rightmove.co.uk:443/dir/crop/10:9-16:9/74k/73159/87171459/73159_29123287_IMG_01_0000_max_476x317.jpeg"
"168493820","Hampshire","Retail Property (high street)","Ground Floor And Basement 34 Lavant Street, Petersfield, Hampshire, GU32","£400,000","From","","","1,414–1,737 sq. ft.","1414","1737","131","161","Once constructed the ground floor Café will form part of a prominent landmark building with three floors of office accommodation above and a basement below. The overall finish of the building will be high-quality and contemporary. The Café will be finished to a shell condition with services capped.","https://www.rightmove.co.uk/properties/168493820#/?channel=COM_BUY","2025-10-22T15:31:40Z","","size_change","Marketed by Flude Property Consultants, Portsmouth","","51.006145","-0.940765","https://media.rightmove.co.uk:443/dir/crop/10:9-16:9/206k/205205/168493820/205205_5648FH_IMG_09_0000_max_476x317.jpeg; https://media.rightmove.co.uk:443/dir/crop/10:9-16:9/206k/205205/168493820/205205_5648FH_IMG_00_0000_max_476x317.jpeg; https://media.rightmove.co.uk:443/dir/crop/10:9-16:9/206k/205205/168493820/205205_5648FH_IMG_11_0000_max_476x317.jpeg; https://media.rightmove.co.uk:443/dir/crop/10:9-16:9/206k/205205/168493820/205205_5648FH_IMG_01_0000_max_476x317.jpeg; https://media.rightmove.co.uk:443/dir/crop/10:9-16:9/206k/205205/168493820/205205_5648FH_IMG_02_0000_max_476x317.jpeg; https://media.rightmove.co.uk:443/dir/crop/10:9-16:9/206k/205205/168493820/205205_5648FH_IMG_12_0000_max_476x317.jpeg"
"168571799","Hampshire","Retail Property (high street)","The Courtyard, Heath Road, Petersfield, Hampshire, GU31 4DX","POA","","","","819–1,750 sq. ft.","819","1750","76","163","Upon completion, the development will comprise two newly constructed ground floor commercial retail units finished to a shell condition with services capped. Practical completion is anticipated in Spring 2027.","https://www.rightmove.co.uk/properties/168571799#/?channel=COM_BUY","2025-10-24T11:59:40Z","","new","Marketed by Flude Property Consultants, Portsmouth","","51.003979","-0.933586","https://media.rightmove.co.uk:443/dir/crop/10:9-16:9/206k/205205/168571799/205205_8072FH_IMG_00_0000_max_476x317.jpeg; https://media.rightmove.co.uk:443/dir/crop/10:9-16:9/206k/205205/168571799/205205_8072FH_IMG_01_0000_max_476x317.jpeg; https://media.rightmove.co.uk:443/dir/crop/10:9-16:9/206k/205205/168571799/205205_8072FH_IMG_02_0000_max_476x317.jpeg"
"125809013","Hampshire","Commercial Development","Former Bar End Depot, Winchester, SO23 9NP","POA","","","","123,710 sq. ft.","123710","123710","11493","11493","REDEVELOPMENT OPPORTUNITY - RESIDENTIAL/CONVENIENCE STORE/CARE","https://www.rightmove.co.uk/properties/125809013#/?channel=COM_BUY","2022-08-08T06:11:44Z","","size_change","Marketed by Vail Williams, Southampton","","51.054371","-1.305922","https://media.rightmove.co.uk:443/dir/crop/10:9-16:9/102k/101996/125809013/101996_112131-1_IMG_00_0000_max_476x317.jpeg; https://media.rightmove.co.uk:443/dir/crop/10:9-16:9/102k/101996/125809013/101996_112131-1_IMG_01_0000_max_476x317.jpeg; https://media.rightmove.co.uk:443/dir/crop/10:9-16:9/102k/101996/125809013/101996_112131-1_IMG_02_0000_max_476x317.jpeg"
"168552812","Hampshire","Commercial Property","64-66 Osborne Road, Southsea, Hampshire, PO5 3LU","£670,000","Offers in Region of","","","2,009 sq. ft.","2009","2009","187","187","The subject property comprises a pair of adjoining three-storey, mid-terrace buildings. The property is arranged as two ground floor retail units occupying their respective buildings, complemented with two self-contained residential flats spanning the first and second floors of their respective b...","https://www.rightmove.co.uk/properties/168552812#/?channel=COM_BUY","2025-10-23T18:48:07Z","","new","Marketed by Flude Property Consultants, Portsmouth","","50.784809","-1.090198","https://media.rightmove.co.uk:443/dir/crop/10:9-16:9/206k/205205/168552812/205205_7540FH_IMG_26_0000_max_476x317.jpeg; https://media.rightmove.co.uk:443/dir/crop/10:9-16:9/206k/205205/168552812/205205_7540FH_IMG_19_0000_max_476x317.jpeg; https://media.rightmove.co.uk:443/dir/crop/10:9-16:9/206k/205205/168552812/205205_7540FH_IMG_00_0000_max_476x317.jpeg; https://media.rightmove.co.uk:443/dir/crop/10:9-16:9/206k/205205/168552812/205205_7540FH_IMG_20_0000_max_476x317.jpeg; https://media.rightmove.co.uk:443/dir/crop/10:9-16:9/206k/205205/168552812/205205_7540FH_IMG_21_0000_max_476x317.jpeg; https://media.rightmove.co.uk:443/dir/crop/10:9-16:9/206k/205205/168552812/205205_7540FH_IMG_22_0000_max_476x317.jpeg; https://media.rightmove.co.uk:443/dir/crop/10:9-16:9/206k/205205/168552812/205205_7540FH_IMG_23_0000_max_476x317.jpeg; https://media.rightmove.co.uk:443/dir/crop/10:9-16:9/206k/205205/168552812/205205_7540FH_IMG_24_0000_max_476x317.jpeg; https://media.rightmove.co.uk:443/dir/crop/10:9-16:9/206k/205205/168552812/205205_7540FH_IMG_25_0000_max_476x317.jpeg; https://media.rightmove.co.uk:443/dir/crop/10:9-16:9/206k/205205/168552812/205205_7540FH_IMG_27_0000_max_476x317.jpeg; https://media.rightmove.co.uk:443/dir/crop/10:9-16:9/206k/205205/168552812/205205_7540FH_IMG_28_0000_max_476x317.jpeg; https://media.rightmove.co.uk:443/dir/crop/10:9-16:9/206k/205205/168552812/205205_7540FH_IMG_29_0000_max_476x317.jpeg; https://media.rightmove.co.uk:443/dir/crop/10:9-16:9/206k/205205/168552812/205205_7540FH_IMG_30_0000_max_476x317.jpeg; https://media.rightmove.co.uk:443/dir/crop/10:9-16:9/206k/205205/168552812/205205_7540FH_IMG_31_0000_max_476x317.jpeg; https://media.rightmove.co.uk:443/dir/crop/10:9-16:9/206k/205205/168552812/205205_7540FH_IMG_32_0000_max_476x317.jpeg; https://media.rightmove.co.uk:443/dir/crop/10:9-16:9/206k/205205/168552812/205205_7540FH_IMG_33_0000_max_476x317.jpeg; https://media.rightmove.co.uk:443/dir/crop/10:9-16:9/206k/205205/168552812/205205_7540FH_IMG_34_0000_max_476x317.jpeg; https://media.rightmove.co.uk:443/dir/crop/10:9-16:9/206k/205205/168552812/205205_7540FH_IMG_35_0000_max_476x317.jpeg; https://media.rightmove.co.uk:443/dir/crop/10:9-16:9/206k/205205/168552812/205205_7540FH_IMG_36_0000_max_476x317.jpeg; https://media.rightmove.co.uk:443/dir/crop/10:9-16:9/206k/205205/168552812/205205_7540FH_IMG_37_0000_max_476x317.jpeg"
"168541451","Hampshire","Retail Property (high street)","22 West Street, Alresford, Hampshire, SO24 9AT","£325,000","Guide Price","","","381–1,129 sq. ft.","381","1129","35","105","Prominent prime town centre shop in popular market town. For sale or to let","https://www.rightmove.co.uk/properties/168541451#/?channel=COM_BUY","2025-10-23T16:00:15Z","","new","Marketed by Pullen Associates, Southampton","","51.09043","-1.16251","https://media.rightmove.co.uk:443/dir/crop/10:9-16:9/143k/142304/168541451/142304_22WestStAlresfordsales_IMG_00_0000_max_476x317.jpeg; https://media.rightmove.co.uk:443/dir/crop/10:9-16:9/143k/142304/168541451/142304_22WestStAlresfordsales_IMG_01_0000_max_476x317.jpeg; https://media.rightmove.co.uk:443/dir/crop/10:9-16:9/143k/142304/168541451/142304_22WestStAlresfordsales_IMG_02_0000_max_476x317.jpeg; https://media.rightmove.co.uk:443/dir/crop/10:9-16:9/143k/142304/168541451/142304_22WestStAlresfordsales_IMG_03_0000_max_476x317.jpeg; https://media.rightmove.co.uk:443/dir/crop/10:9-16:9/143k/142304/168541451/142304_22WestStAlresfordsales_IMG_04_0000_max_476x317.jpeg; https://media.rightmove.co.uk:443/dir/crop/10:9-16:9/143k/142304/168541451/142304_22WestStAlresfordsales_IMG_05_0000_max_476x317.jpeg; https://media.rightmove.co.uk:443/dir/crop/10:9-16:9/143k/142304/168541451/142304_22WestStAlresfordsales_IMG_06_0000_max_476x317.jpeg; https://media.rightmove.co.uk:443/dir/crop/10:9-16:9/143k/142304/168541451/142304_22WestStAlresfordsales_IMG_07_0000_max_476x317.jpeg; https://media.rightmove.co.uk:443/dir/crop/10:9-16:9/143k/142304/168541451/142304_22WestStAlresfordsales_IMG_08_0000_max_476x317.jpeg; https://media.rightmove.co.uk:443/dir/crop/10:9-16:9/143k/142304/168541451/142304_22WestStAlresfordsales_IMG_09_0000_max_476x317.jpeg; https://media.rightmove.co.uk:443/dir/crop/10:9-16:9/143k/142304/168541451/142304_22WestStAlresfordsales_IMG_10_0000_max_476x317.jpeg"
"168491930","Hampshire","Retail Property (high street)","Haymarket House, Basingstoke","£1,650,000","Offers in Excess of","","","11,215 sq. ft.","11215","11215","1042","1042","Haymarket House occupies a prominent position in the heart of Basingstoke town centre, directly opposite one of the main entrances to Festival Place Shopping Centre.","https://www.rightmove.co.uk/properties/168491930#/?channel=COM_BUY","2025-10-23T11:11:59Z","","new","Marketed by Green & Partners LLP, London","","51.26306","-1.08714","https://media.rightmove.co.uk:443/dir/crop/10:9-16:9/282k/281132/168491930/281132_WCBasingstoke_IMG_00_0000_max_476x317.jpeg; https://media.rightmove.co.uk:443/dir/crop/10:9-16:9/282k/281132/168491930/281132_WCBasingstoke_IMG_01_0000_max_476x317.jpeg; https://media.rightmove.co.uk:443/dir/crop/10:9-16:9/282k/281132/168491930/281132_WCBasingstoke_IMG_02_0000_max_476x317.jpeg; https://media.rightmove.co.uk:443/dir/crop/10:9-16:9/282k/281132/168491930/281132_WCBasingstoke_IMG_03_0000_max_476x317.jpeg; https://media.rightmove.co.uk:443/dir/crop/10:9-16:9/282k/281132/168491930/281132_WCBasingstoke_IMG_04_0000_max_476x317.jpeg; https://media.rightmove.co.uk:443/dir/crop/10:9-16:9/282k/281132/168491930/281132_WCBasingstoke_IMG_05_0000_max_476x317.jpeg; https://media.rightmove.co.uk:443/dir/crop/10:9-16:9/282k/281132/168491930/281132_WCBasingstoke_IMG_06_0000_max_476x317.jpeg; https://media.rightmove.co.uk:443/dir/crop/10:9-16:9/282k/281132/168491930/281132_WCBasingstoke_IMG_07_0000_max_476x317.jpeg; https://media.rightmove.co.uk:443/dir/crop/10:9-16:9/282k/281132/168491930/281132_WCBasingstoke_IMG_08_0000_max_476x317.jpeg; https://media.rightmove.co.uk:443/dir/crop/10:9-16:9/282k/281132/168491930/281132_WCBasingstoke_IMG_09_0000_max_476x317.jpeg; https://media.rightmove.co.uk:443/dir/crop/10:9-16:9/282k/281132/168491930/281132_WCBasingstoke_IMG_10_0000_max_476x317.jpeg; https://media.rightmove.co.uk:443/dir/crop/10:9-16:9/282k/281132/168491930/281132_WCBasingstoke_IMG_11_0000_max_476x317.jpeg; https://media.rightmove.co.uk:443/dir/crop/10:9-16:9/282k/281132/168491930/281132_WCBasingstoke_IMG_12_0000_max_476x317.jpeg; https://media.rightmove.co.uk:443/dir/crop/10:9-16:9/282k/281132/168491930/281132_WCBasingstoke_IMG_13_0000_max_476x317.jpeg; https://media.rightmove.co.uk:443/dir/crop/10:9-16:9/282k/281132/168491930/281132_WCBasingstoke_IMG_14_0000_max_476x317.jpeg; https://media.rightmove.co.uk:443/dir/crop/10:9-16:9/282k/281132/168491930/281132_WCBasingstoke_IMG_15_0000_max_476x317.jpeg; https://media.rightmove.co.uk:443/dir/crop/10:9-16:9/282k/281132/168491930/281132_WCBasingstoke_IMG_16_0000_max_476x317.jpeg; https://media.rightmove.co.uk:443/dir/crop/10:9-16:9/282k/281132/168491930/281132_WCBasingstoke_IMG_17_0000_max_476x317.jpeg; https://media.rightmove.co.uk:443/dir/crop/10:9-16:9/282k/281132/168491930/281132_WCBasingstoke_IMG_18_0000_max_476x317.jpeg; https://media.rightmove.co.uk:443/dir/crop/10:9-16:9/282k/281132/168491930/281132_WCBasingstoke_IMG_19_0000_max_476x317.jpeg; https://media.rightmove.co.uk:443/dir/crop/10:9-16:9/282k/281132/168491930/281132_WCBasingstoke_IMG_20_0000_max_476x317.jpeg; https://media.rightmove.co.uk:443/dir/crop/10:9-16:9/282k/281132/168491930/281132_WCBasingstoke_IMG_21_0000_max_476x317.jpeg; https://media.rightmove.co.uk:443/dir/crop/10:9-16:9/282k/281132/168491930/281132_WCBasingstoke_IMG_22_0000_max_476x317.jpeg; https://media.rightmove.co.uk:443/dir/crop/10:9-16:9/282k/281132/168491930/281132_WCBasingstoke_IMG_23_0000_max_476x317.jpeg; https://media.rightmove.co.uk:443/dir/crop/10:9-16:9/282k/281132/168491930/281132_WCBasingstoke_IMG_24_0000_max_476x317.jpeg; https://media.rightmove.co.uk:443/dir/crop/10:9-16:9/282k/281132/168491930/281132_WCBasingstoke_IMG_25_0000_max_476x317.jpeg; https://media.rightmove.co.uk:443/dir/crop/10:9-16:9/282k/281132/168491930/281132_WCBasingstoke_IMG_26_0000_max_476x317.jpeg; https://media.rightmove.co.uk:443/dir/crop/10:9-16:9/282k/281132/168491930/281132_WCBasingstoke_IMG_27_0000_max_476x317.jpeg; https://media.rightmove.co.uk:443/dir/crop/10:9-16:9/282k/281132/168491930/281132_WCBasingstoke_IMG_28_0000_max_476x317.jpeg; https://media.rightmove.co.uk:443/dir/crop/10:9-16:9/282k/281132/168491930/281132_WCBasingstoke_IMG_29_0000_max_476x317.jpeg; https://media.rightmove.co.uk:443/dir/crop/10:9-16:9/282k/281132/168491930/281132_WCBasingstoke_IMG_30_0000_max_476x317.jpeg"
"168520868","Hampshire","Retail Property (high street)","LInden House, 2 Linden Gate & Flats, 1-4 South Street, Pennington, Lymington, SO41 8GN","£85,000","","","","","","","","","For Sale - Retail & Ground Rent Investment in Affluent and Popular Market Town","https://www.rightmove.co.uk/properties/168520868#/?channel=COM_BUY","2025-10-23T11:08:47Z","","new","Marketed by Goadsby, Bournemouth - Commercial","","50.753356","-1.56049","https://media.rightmove.co.uk:443/dir/crop/10:9-16:9/89k/88949/168520868/88949_195705-1_IMG_00_0000_max_476x317.jpeg; https://media.rightmove.co.uk:443/dir/crop/10:9-16:9/89k/88949/168520868/88949_195705-1_IMG_01_0000_max_476x317.jpeg; https://media.rightmove.co.uk:443/dir/crop/10:9-16:9/89k/88949/168520868/88949_195705-1_IMG_02_0000_max_476x317.jpeg; https://media.rightmove.co.uk:443/dir/crop/10:9-16:9/89k/88949/168520868/88949_195705-1_IMG_03_0000_max_476x317.jpeg"
"169818629","Hampshire","Land","Land at Orchard Close, Alresford, Hampshire, SO24 9PY","£3,000","Guide Price","","","","","","","","**For Sale By Public Auction 11th December 2025 10:00 AM To inspect the legal documents for this property go to our website to download the legal pack** Land and Roadways Measuring Approximately 4,427 sq m (47,624 sq ft) Freehold Guide Price = £3,000+ L...","https://www.rightmove.co.uk/properties/169818629#/?channel=COM_BUY","2025-11-28T13:17:47Z","","new","Marketed by Auction House London, Hampstead","","51.080986","-1.162948","https://media.rightmove.co.uk:443/dir/crop/10:9-16:9/83k/82574/169818629/82574_320772_IMG_00_0000_max_476x317.jpeg"
"168495344","Hampshire","Retail Property (Retail Park)","The Arts Complex, 138-152 Above Bar Street, Southampton, Hampshire, SO14","£4,950,000","Offers in Excess of","","","119,666 sq. ft.","119666","119666","11117","11117","Prominently positioned on the northern section of Above Bar Street, framed by Guildhall Square and East Park, within Southampton's cultural quarter.","https://www.rightmove.co.uk/properties/168495344#/?channel=COM_BUY","2025-10-23T11:06:46Z","","new","Marketed by Green & Partners LLP, London","","50.90784","-1.40445","https://media.rightmove.co.uk:443/dir/crop/10:9-16:9/282k/281132/168495344/281132_WCArtsComplex_IMG_00_0000_max_476x317.jpeg; https://media.rightmove.co.uk:443/dir/crop/10:9-16:9/282k/281132/168495344/281132_WCArtsComplex_IMG_01_0000_max_476x317.jpeg; https://media.rightmove.co.uk:443/dir/crop/10:9-16:9/282k/281132/168495344/281132_WCArtsComplex_IMG_02_0000_max_476x317.jpeg; https://media.rightmove.co.uk:443/dir/crop/10:9-16:9/282k/281132/168495344/281132_WCArtsComplex_IMG_03_0000_max_476x317.jpeg; https://media.rightmove.co.uk:443/dir/crop/10:9-16:9/282k/281132/168495344/281132_WCArtsComplex_IMG_04_0000_max_476x317.jpeg; https://media.rightmove.co.uk:443/dir/crop/10:9-16:9/282k/281132/168495344/281132_WCArtsComplex_IMG_05_0000_max_476x317.jpeg; https://media.rightmove.co.uk:443/dir/crop/10:9-16:9/282k/281132/168495344/281132_WCArtsComplex_IMG_06_0000_max_476x317.jpeg; https://media.rightmove.co.uk:443/dir/crop/10:9-16:9/282k/281132/168495344/281132_WCArtsComplex_IMG_07_0000_max_476x317.jpeg; https://media.rightmove.co.uk:443/dir/crop/10:9-16:9/282k/281132/168495344/281132_WCArtsComplex_IMG_08_0000_max_476x317.jpeg; https://media.rightmove.co.uk:443/dir/crop/10:9-16:9/282k/281132/168495344/281132_WCArtsComplex_IMG_09_0000_max_476x317.jpeg; https://media.rightmove.co.uk:443/dir/crop/10:9-16:9/282k/281132/168495344/281132_WCArtsComplex_IMG_10_0000_max_476x317.jpeg; https://media.rightmove.co.uk:443/dir/crop/10:9-16:9/282k/281132/168495344/281132_WCArtsComplex_IMG_11_0000_max_476x317.jpeg; https://media.rightmove.co.uk:443/dir/crop/10:9-16:9/282k/281132/168495344/281132_WCArtsComplex_IMG_12_0000_max_476x317.jpeg; https://media.rightmove.co.uk:443/dir/crop/10:9-16:9/282k/281132/168495344/281132_WCArtsComplex_IMG_13_0000_max_476x317.jpeg; https://media.rightmove.co.uk:443/dir/crop/10:9-16:9/282k/281132/168495344/281132_WCArtsComplex_IMG_14_0000_max_476x317.jpeg; https://media.rightmove.co.uk:443/dir/crop/10:9-16:9/282k/281132/168495344/281132_WCArtsComplex_IMG_15_0000_max_476x317.jpeg; https://media.rightmove.co.uk:443/dir/crop/10:9-16:9/282k/281132/168495344/281132_WCArtsComplex_IMG_16_0000_max_476x317.jpeg; https://media.rightmove.co.uk:443/dir/crop/10:9-16:9/282k/281132/168495344/281132_WCArtsComplex_IMG_17_0000_max_476x317.jpeg; https://media.rightmove.co.uk:443/dir/crop/10:9-16:9/282k/281132/168495344/281132_WCArtsComplex_IMG_18_0000_max_476x317.jpeg; https://media.rightmove.co.uk:443/dir/crop/10:9-16:9/282k/281132/168495344/281132_WCArtsComplex_IMG_19_0000_max_476x317.jpeg; https://media.rightmove.co.uk:443/dir/crop/10:9-16:9/282k/281132/168495344/281132_WCArtsComplex_IMG_20_0000_max_476x317.jpeg; https://media.rightmove.co.uk:443/dir/crop/10:9-16:9/282k/281132/168495344/281132_WCArtsComplex_IMG_21_0000_max_476x317.jpeg; https://media.rightmove.co.uk:443/dir/crop/10:9-16:9/282k/281132/168495344/281132_WCArtsComplex_IMG_22_0000_max_476x317.jpeg; https://media.rightmove.co.uk:443/dir/crop/10:9-16:9/282k/281132/168495344/281132_WCArtsComplex_IMG_23_0000_max_476x317.jpeg; https://media.rightmove.co.uk:443/dir/crop/10:9-16:9/282k/281132/168495344/281132_WCArtsComplex_IMG_24_0000_max_476x317.jpeg; https://media.rightmove.co.uk:443/dir/crop/10:9-16:9/282k/281132/168495344/281132_WCArtsComplex_IMG_25_0000_max_476x317.jpeg; https://media.rightmove.co.uk:443/dir/crop/10:9-16:9/282k/281132/168495344/281132_WCArtsComplex_IMG_26_0000_max_476x317.jpeg; https://media.rightmove.co.uk:443/dir/crop/10:9-16:9/282k/281132/168495344/281132_WCArtsComplex_IMG_27_0000_max_476x317.jpeg; https://media.rightmove.co.uk:443/dir/crop/10:9-16:9/282k/281132/168495344/281132_WCArtsComplex_IMG_28_0000_max_476x317.jpeg; https://media.rightmove.co.uk:443/dir/crop/10:9-16:9/282k/281132/168495344/281132_WCArtsComplex_IMG_29_0000_max_476x317.jpeg; https://media.rightmove.co.uk:443/dir/crop/10:9-16:9/282k/281132/168495344/281132_WCArtsComplex_IMG_30_0000_max_476x317.jpeg; https://media.rightmove.co.uk:443/dir/crop/10:9-16:9/282k/281132/168495344/281132_WCArtsComplex_IMG_31_0000_max_476x317.jpeg; https://media.rightmove.co.uk:443/dir/crop/10:9-16:9/282k/281132/168495344/281132_WCArtsComplex_IMG_32_0000_max_476x317.jpeg; https://media.rightmove.co.uk:443/dir/crop/10:9-16:9/282k/281132/168495344/281132_WCArtsComplex_IMG_33_0000_max_476x317.jpeg; https://media.rightmove.co.uk:443/dir/crop/10:9-16:9/282k/281132/168495344/281132_WCArtsComplex_IMG_34_0000_max_476x317.jpeg; https://media.rightmove.co.uk:443/dir/crop/10:9-16:9/282k/281132/168495344/281132_WCArtsComplex_IMG_35_0000_max_476x317.jpeg"
"168501314","Hampshire","Land","Flexford Lane, Sway, Lymington, Hampshire, SO41","£425,000","","","","152,460 sq. ft.","152460","152460","14164","14164","A rare opportunity to acquire a superb and private equestrian setup consisting of three and a half acres of level land in a fantastic, peaceful location within the New Forest National Park. The land benefits from a large 60m x 20m floodlit arena, extensive stabling and store rooms, power, lightin...","https://www.rightmove.co.uk/properties/168501314#/?channel=COM_BUY","2025-10-22T17:08:31Z","","new","Marketed by Mitchells Estate Agents, New Milton","","50.769715","-1.597333","https://media.rightmove.co.uk:443/dir/crop/10:9-16:9/property-photo/0ee8a7450/168501314/0ee8a7450fcc190855aa5eb27290e6dc_max_476x317.jpeg; https://media.rightmove.co.uk:443/dir/crop/10:9-16:9/property-photo/077079820/168501314/077079820a096762c5184ecac7776272_max_476x317.jpeg; https://media.rightmove.co.uk:443/dir/crop/10:9-16:9/property-photo/5db40b0e0/168501314/5db40b0e002e3628381368146b2814a9_max_476x317.jpeg; https://media.rightmove.co.uk:443/dir/crop/10:9-16:9/property-photo/e6ff4932a/168501314/e6ff4932af947e59025cb74926e80d6c_max_476x317.jpeg; https://media.rightmove.co.uk:443/dir/crop/10:9-16:9/property-photo/a92346f38/168501314/a92346f38cf74d236652bb6dfea47bcc_max_476x317.jpeg; https://media.rightmove.co.uk:443/dir/crop/10:9-16:9/property-photo/806bd30d8/168501314/806bd30d804870785e6db6cf58c9ccce_max_476x317.jpeg; https://media.rightmove.co.uk:443/dir/crop/10:9-16:9/property-photo/80e3200dc/168501314/80e3200dcc4696b946ba9925b7b7d130_max_476x317.jpeg; https://media.rightmove.co.uk:443/dir/crop/10:9-16:9/property-photo/748ee3722/168501314/748ee3722a4e7a5e4102ef02431788bc_max_476x317.jpeg; https://media.rightmove.co.uk:443/dir/crop/10:9-16:9/property-photo/d15449541/168501314/d15449541e1ebb9fd865ff2fe2d990ec_max_476x317.jpeg; https://media.rightmove.co.uk:443/dir/crop/10:9-16:9/property-photo/e3cd26368/168501314/e3cd26368f53a2089fab16832525cd65_max_476x317.jpeg; https://media.rightmove.co.uk:443/dir/crop/10:9-16:9/property-photo/109381dee/168501314/109381dee233c876ca1a7614ed89e76c_max_476x317.jpeg; https://media.rightmove.co.uk:443/dir/crop/10:9-16:9/property-photo/c5dc062b8/168501314/c5dc062b80e69002385910e026f66185_max_476x317.jpeg; https://media.rightmove.co.uk:443/dir/crop/10:9-16:9/property-photo/519f3b9e2/168501314/519f3b9e2dd97053f6fbd6eb21d33a1f_max_476x317.jpeg; https://media.rightmove.co.uk:443/dir/crop/10:9-16:9/property-photo/bb9d5200b/168501314/bb9d5200b8d971d9cea79b350f1e42d1_max_476x317.jpeg; https://media.rightmove.co.uk:443/dir/crop/10:9-16:9/property-photo/dee152908/168501314/dee152908c8f2ad6706e7ca25e32d311_max_476x317.jpeg"
"138659963","Hampshire","Office","Units 19A & 19B Picton House, Hussar Court, Waterlooville, PO7 7SQ","POA","","","","2,140–4,361 sq. ft.","2140","4361","199","405","An excellent opportunity to acquire or lease ground floor and first floor offices. The offices are situated within Picton House, forming part of the well established Hussar Court, part of the popular Brambles Business Park. The first floor office has been upgraded to a high standard and are rea...","https://www.rightmove.co.uk/properties/138659963#/?channel=COM_BUY","2023-08-15T12:50:47Z","","size_change","Marketed by VDBM, Middlesex","","50.886223","-1.043144","https://media.rightmove.co.uk:443/dir/crop/10:9-16:9/130k/129484/138659963/129484_462FH_IMG_00_0001_max_476x317.jpeg; https://media.rightmove.co.uk:443/dir/crop/10:9-16:9/130k/129484/138659963/129484_462FH_IMG_01_0001_max_476x317.jpeg; https://media.rightmove.co.uk:443/dir/crop/10:9-16:9/130k/129484/138659963/129484_462FH_IMG_02_0001_max_476x317.jpeg; https://media.rightmove.co.uk:443/dir/crop/10:9-16:9/130k/129484/138659963/129484_462FH_IMG_03_0000_max_476x317.jpeg; https://media.rightmove.co.uk:443/dir/crop/10:9-16:9/130k/129484/138659963/129484_462FH_IMG_04_0000_max_476x317.jpeg; https://media.rightmove.co.uk:443/dir/crop/10:9-16:9/130k/129484/138659963/129484_462FH_IMG_05_0000_max_476x317.jpeg; https://media.rightmove.co.uk:443/dir/crop/10:9-16:9/130k/129484/138659963/129484_462FH_IMG_06_0000_max_476x317.jpeg"
"168466349","Hampshire","Plot","Southwood Road, Hayling Island, PO11 9PZ","£235,000","Offers in Region of","3","","","","","","","Highly sought after plot of land with planning permission to build a modern style detached bungalow with three bedrooms, family bathroom, master bedroom with ensuite shower room and additional mezzanine level. To include a good size south facing garden and garage. Plot size (424.37) sq metres","https://www.rightmove.co.uk/properties/168466349#/?channel=COM_BUY","2025-10-22T09:07:20Z","","new","Marketed by Clifford Sales & Lettings, Hove","","50.77809","-0.94712","https://media.rightmove.co.uk:443/dir/crop/10:9-16:9/111k/110545/168466349/110545_SouthwoodRoad_IMG_00_0000_max_476x317.jpeg; https://media.rightmove.co.uk:443/dir/crop/10:9-16:9/111k/110545/168466349/110545_SouthwoodRoad_IMG_01_0000_max_476x317.jpeg; https://media.rightmove.co.uk:443/dir/crop/10:9-16:9/111k/110545/168466349/110545_SouthwoodRoad_IMG_02_0000_max_476x317.jpeg; https://media.rightmove.co.uk:443/dir/crop/10:9-16:9/111k/110545/168466349/110545_SouthwoodRoad_IMG_03_0000_max_476x317.jpeg; https://media.rightmove.co.uk:443/dir/crop/10:9-16:9/111k/110545/168466349/110545_SouthwoodRoad_IMG_04_0000_max_476x317.jpeg; https://media.rightmove.co.uk:443/dir/crop/10:9-16:9/111k/110545/168466349/110545_SouthwoodRoad_IMG_05_0000_max_476x317.jpeg; https://media.rightmove.co.uk:443/dir/crop/10:9-16:9/111k/110545/168466349/110545_SouthwoodRoad_IMG_06_0000_max_476x317.jpeg; https://media.rightmove.co.uk:443/dir/crop/10:9-16:9/111k/110545/168466349/110545_SouthwoodRoad_IMG_07_0000_max_476x317.jpeg"
"168455987","Hampshire","Office","West Links, Tollgate, Eastleigh, Hampshire, SO53 3TG","£275,000","","","","1,806 sq. ft.","1806","1806","168","168","Tollgate Business Park is an established office/business park location within Chandlers Ford comprising a range of smaller office buildings together with larger corporate style properties. It is located approximately 5 miles north of Southampton City Centre with good access to the M3 motorway and...","https://www.rightmove.co.uk/properties/168455987#/?channel=COM_BUY","2025-10-21T19:53:40Z","","new","Marketed by Mava Real Estate, Southampton","","50.967505","-1.383209","https://media.rightmove.co.uk:443/dir/crop/10:9-16:9/97k/96725/168455987/96725_6534FH_IMG_00_0001_max_476x317.jpeg; https://media.rightmove.co.uk:443/dir/crop/10:9-16:9/97k/96725/168455987/96725_6534FH_IMG_01_0001_max_476x317.jpeg; https://media.rightmove.co.uk:443/dir/crop/10:9-16:9/97k/96725/168455987/96725_6534FH_IMG_02_0001_max_476x317.jpeg; https://media.rightmove.co.uk:443/dir/crop/10:9-16:9/97k/96725/168455987/96725_6534FH_IMG_03_0001_max_476x317.jpeg; https://media.rightmove.co.uk:443/dir/crop/10:9-16:9/97k/96725/168455987/96725_6534FH_IMG_04_0001_max_476x317.jpeg"
"168455975","Hampshire","Land","Fishers Court, 186 Main Road, Fishers Pond, Eastleigh, Hampshire, SO50 7HG","£1,125,000","","","","9,599 sq. ft.","9599","9599","892","892","The property is located in Fisher's Pond, on the edge of Colden Common within the Borough of Eastleigh, Hampshire. The site is situated on the west side of Main Road, opposite the Fishers Pond public house, close to the junction of the B354 and the B2177. The site is approximately 6 miles from Wi...","https://www.rightmove.co.uk/properties/168455975#/?channel=COM_BUY","2025-10-21T19:51:21Z","","new","Marketed by Mava Real Estate, Southampton","","50.986683","-1.306203","https://media.rightmove.co.uk:443/dir/crop/10:9-16:9/97k/96725/168455975/96725_7061FH_IMG_09_0000_max_476x317.jpeg; https://media.rightmove.co.uk:443/dir/crop/10:9-16:9/97k/96725/168455975/96725_7061FH_IMG_13_0000_max_476x317.jpeg; https://media.rightmove.co.uk:443/dir/crop/10:9-16:9/97k/96725/168455975/96725_7061FH_IMG_12_0000_max_476x317.jpeg; https://media.rightmove.co.uk:443/dir/crop/10:9-16:9/97k/96725/168455975/96725_7061FH_IMG_10_0000_max_476x317.jpeg; https://media.rightmove.co.uk:443/dir/crop/10:9-16:9/97k/96725/168455975/96725_7061FH_IMG_14_0000_max_476x317.jpeg; https://media.rightmove.co.uk:443/dir/crop/10:9-16:9/97k/96725/168455975/96725_7061FH_IMG_11_0000_max_476x317.jpeg; https://media.rightmove.co.uk:443/dir/crop/10:9-16:9/97k/96725/168455975/96725_7061FH_IMG_04_0001_max_476x317.jpeg; https://media.rightmove.co.uk:443/dir/crop/10:9-16:9/97k/96725/168455975/96725_7061FH_IMG_05_0001_max_476x317.jpeg; https://media.rightmove.co.uk:443/dir/crop/10:9-16:9/97k/96725/168455975/96725_7061FH_IMG_06_0001_max_476x317.jpeg; https://media.rightmove.co.uk:443/dir/crop/10:9-16:9/97k/96725/168455975/96725_7061FH_IMG_07_0001_max_476x317.jpeg; https://media.rightmove.co.uk:443/dir/crop/10:9-16:9/97k/96725/168455975/96725_7061FH_IMG_08_0001_max_476x317.jpeg"
"167110676","Hampshire","Land","'  The Fishery ' Bunny Lane, Romsey, SO51","£300,000","From","","","","","","","","' The Fishery' a substantial 6.5 acre site with potential for commercial fishery (STP) including stocked ponds, off Bunny Lane, Romsey.","https://www.rightmove.co.uk/properties/167110676#/?channel=COM_BUY","2025-09-17T16:46:14Z","","price_reduced","Marketed by Barney Estates and Auctioneers, London","","51.02189","-1.4899","https://media.rightmove.co.uk:443/dir/crop/10:9-16:9/131k/130351/167110676/130351_502012_001658_IMG_00_0000_max_476x317.jpeg; https://media.rightmove.co.uk:443/dir/crop/10:9-16:9/131k/130351/167110676/130351_502012_001658_IMG_02_0000_max_476x317.jpeg; https://media.rightmove.co.uk:443/dir/crop/10:9-16:9/131k/130351/167110676/130351_502012_001658_IMG_01_0000_max_476x317.jpeg; https://media.rightmove.co.uk:443/dir/crop/10:9-16:9/131k/130351/167110676/130351_502012_001658_IMG_03_0000_max_476x317.jpeg; https://media.rightmove.co.uk:443/dir/crop/10:9-16:9/131k/130351/167110676/130351_502012_001658_IMG_04_0000_max_476x317.jpeg"
"168431357","Hampshire","Land","Land at Bunny Lane, Romsey, Timsbury","£120,000","Guide Price","","","","","","","","We are delighted to bring to auction this 2.8 acre freehold site, situated in an attractive semi-rural location on the outskirts of the sought-after village of Timsbury, near Romsey in Hampshire","https://www.rightmove.co.uk/properties/168431357#/?channel=COM_BUY","2025-10-21T12:39:02Z","","new","Marketed by VC ESTATES, South East","","51.017039","-1.500193","https://media.rightmove.co.uk:443/dir/crop/10:9-16:9/268k/267989/168431357/267989_RFX-53135481_IMG_00_0000_max_476x317.jpeg; https://media.rightmove.co.uk:443/dir/crop/10:9-16:9/268k/267989/168431357/267989_RFX-53135481_IMG_01_0000_max_476x317.jpeg; https://media.rightmove.co.uk:443/dir/crop/10:9-16:9/268k/267989/168431357/267989_RFX-53135481_IMG_02_0000_max_476x317.jpeg; https://media.rightmove.co.uk:443/dir/crop/10:9-16:9/268k/267989/168431357/267989_RFX-53135481_IMG_03_0000_max_476x317.jpeg; https://media.rightmove.co.uk:443/dir/crop/10:9-16:9/268k/267989/168431357/267989_RFX-53135481_IMG_04_0000_max_476x317.jpeg; https://media.rightmove.co.uk:443/dir/crop/10:9-16:9/268k/267989/168431357/267989_RFX-53135481_IMG_05_0000_max_476x317.jpeg; https://media.rightmove.co.uk:443/dir/crop/10:9-16:9/268k/267989/168431357/267989_RFX-53135481_IMG_06_0000_max_476x317.jpeg; https://media.rightmove.co.uk:443/dir/crop/10:9-16:9/268k/267989/168431357/267989_RFX-53135481_IMG_07_0000_max_476x317.jpeg"
"168561689","Hampshire","Land","Land at Bunny Lane, Romsey, Timsbury","£300,000","Guide Price","","","","","","","","We are delighted to bring to auction this 6.5 acre freehold site, situated in an attractive semi-rural location on the outskirts of the sought-after village of Timsbury, near Romsey in Hampshire","https://www.rightmove.co.uk/properties/168561689#/?channel=COM_BUY","2025-10-24T09:45:04Z","","new","Marketed by VC ESTATES, South East","","51.017039","-1.500193","https://media.rightmove.co.uk:443/dir/crop/10:9-16:9/268k/267989/168561689/267989_RFX-47513642_IMG_00_0000_max_476x317.jpeg; https://media.rightmove.co.uk:443/dir/crop/10:9-16:9/268k/267989/168561689/267989_RFX-47513642_IMG_01_0000_max_476x317.jpeg; https://media.rightmove.co.uk:443/dir/crop/10:9-16:9/268k/267989/168561689/267989_RFX-47513642_IMG_02_0000_max_476x317.jpeg; https://media.rightmove.co.uk:443/dir/crop/10:9-16:9/268k/267989/168561689/267989_RFX-47513642_IMG_03_0000_max_476x317.jpeg; https://media.rightmove.co.uk:443/dir/crop/10:9-16:9/268k/267989/168561689/267989_RFX-47513642_IMG_04_0000_max_476x317.jpeg; https://media.rightmove.co.uk:443/dir/crop/10:9-16:9/268k/267989/168561689/267989_RFX-47513642_IMG_05_0000_max_476x317.jpeg; https://media.rightmove.co.uk:443/dir/crop/10:9-16:9/268k/267989/168561689/267989_RFX-47513642_IMG_06_0000_max_476x317.jpeg; https://media.rightmove.co.uk:443/dir/crop/10:9-16:9/268k/267989/168561689/267989_RFX-47513642_IMG_07_0000_max_476x317.jpeg"
"167843816","Hampshire","Shop","Belmont Grove, Bedhampton","£159,000","","","","","","","","","Exciting opportunity to purchase this commercial unit situated in the heart of a popular residential location in Bedhampton. The unit currently comprises; Space at rear for kitchen, restaurant and WC. Please Contact us for further information and to arrange your viewing time.","https://www.rightmove.co.uk/properties/167843816#/?channel=COM_BUY","2025-10-06T11:14:33Z","","price_reduced","Marketed by Fry & Kent, Drayton","","50.855511","-1.004191","https://media.rightmove.co.uk:443/dir/crop/10:9-16:9/property-photo/2a8159444/167843816/2a81594446df1402144ccd2682a7fee8_max_476x317.jpeg; https://media.rightmove.co.uk:443/dir/crop/10:9-16:9/property-photo/3ebb6497e/167843816/3ebb6497ea6e80c7031aae2b803f0de5_max_476x317.jpeg; https://media.rightmove.co.uk:443/dir/crop/10:9-16:9/property-photo/c5752e6da/167843816/c5752e6dae4572cba36ea3a1a80d8c94_max_476x317.jpeg; https://media.rightmove.co.uk:443/dir/crop/10:9-16:9/property-photo/7789569d2/167843816/7789569d2d5644e4f4cd542633b82050_max_476x317.jpeg; https://media.rightmove.co.uk:443/dir/crop/10:9-16:9/property-photo/6c8f049e5/167843816/6c8f049e56673805134fd3a341d8bf36_max_476x317.jpeg; https://media.rightmove.co.uk:443/dir/crop/10:9-16:9/property-photo/fea48c49a/167843816/fea48c49a34eae335f11de6eb24b5e6d_max_476x317.jpeg; https://media.rightmove.co.uk:443/dir/crop/10:9-16:9/property-photo/fea78d96e/167843816/fea78d96e139ee05e6f2a28ba301ed31_max_476x317.jpeg; https://media.rightmove.co.uk:443/dir/crop/10:9-16:9/property-photo/b6dab1a17/167843816/b6dab1a17a16a2217327729dc1aac5e1_max_476x317.jpeg; https://media.rightmove.co.uk:443/dir/crop/10:9-16:9/property-photo/c315cf505/167843816/c315cf505c45231a158d494b7e8fd556_max_476x317.jpeg; https://media.rightmove.co.uk:443/dir/crop/10:9-16:9/property-photo/06fd439ea/167843816/06fd439ea0484de4299e77ad2246bb9d_max_476x317.jpeg"
"723058000795344","Hampshire","Commercial Property","Royal Oak, Goodworth Clatford, Andover, SP11 7QY","£700,000","","","","28,358 sq. ft.","28358","28358","2635","2635","Freehold public house investment for sale. Business unaffected.","https://www.rightmove.co.uk/properties/723058000795344#/?channel=COM_BUY","2025-12-04T14:55:34Z","","new","Marketed by Savills, Southampton - Licensed Leisure","","51.178652","-1.483229","https://media.rightmove.co.uk:443/dir/crop/10:9-16:9/226k/225509/723058000795344/225509_333141-1_IMG_00_0000_max_476x317.jpeg; https://media.rightmove.co.uk:443/dir/crop/10:9-16:9/226k/225509/723058000795344/225509_333141-1_IMG_01_0000_max_476x317.jpeg; https://media.rightmove.co.uk:443/dir/crop/10:9-16:9/226k/225509/723058000795344/225509_333141-1_IMG_02_0000_max_476x317.jpeg; https://media.rightmove.co.uk:443/dir/crop/10:9-16:9/226k/225509/723058000795344/225509_333141-1_IMG_03_0000_max_476x317.jpeg; https://media.rightmove.co.uk:443/dir/crop/10:9-16:9/226k/225509/723058000795344/225509_333141-1_IMG_04_0000_max_476x317.jpeg; https://media.rightmove.co.uk:443/dir/crop/10:9-16:9/226k/225509/723058000795344/225509_333141-1_IMG_05_0000_max_476x317.jpeg; https://media.rightmove.co.uk:443/dir/crop/10:9-16:9/226k/225509/723058000795344/225509_333141-1_IMG_06_0000_max_476x317.jpeg; https://media.rightmove.co.uk:443/dir/crop/10:9-16:9/226k/225509/723058000795344/225509_333141-1_IMG_07_0000_max_476x317.jpeg; https://media.rightmove.co.uk:443/dir/crop/10:9-16:9/226k/225509/723058000795344/225509_333141-1_IMG_08_0000_max_476x317.jpeg"
"168399737","Hampshire","Land","Land at Brewers Lane, Gosport, Hampshire, PO13 0JU","£5,500","Guide Price","","","","","","","","**For Sale By Online Auction To inspect the legal documents for this property go to our website to download the legal pack** A Plot of Land Measuring Approximately 911 sq m (9,805 sq ft) Freehold Guide Price = £5,500+ Location The land is situated on a r...","https://www.rightmove.co.uk/properties/168399737#/?channel=COM_BUY","2025-10-20T16:14:43Z","","new","Marketed by Auction House London, London","","50.820729","-1.166221","https://media.rightmove.co.uk:443/dir/crop/10:9-16:9/286k/285620/168399737/285620_314898_IMG_00_0000_max_476x317.jpeg; https://media.rightmove.co.uk:443/dir/crop/10:9-16:9/286k/285620/168399737/285620_314898_IMG_01_0000_max_476x317.jpeg"
"168368138","Hampshire","Office","9 Carlton Place, Southampton, Hampshire, SO15 2EA","£325,000","","","","1,494 sq. ft.","1494","1494","139","139","City centre office building with parking and potential for conversion to residential use","https://www.rightmove.co.uk/properties/168368138#/?channel=COM_BUY","2025-10-20T08:20:22Z","","new","Marketed by Pullen Associates, Southampton","","50.91279","-1.40452","https://media.rightmove.co.uk:443/dir/crop/10:9-16:9/143k/142304/168368138/142304_9Carltonplace_IMG_00_0000_max_476x317.jpeg; https://media.rightmove.co.uk:443/dir/crop/10:9-16:9/143k/142304/168368138/142304_9Carltonplace_IMG_01_0000_max_476x317.jpeg; https://media.rightmove.co.uk:443/dir/crop/10:9-16:9/143k/142304/168368138/142304_9Carltonplace_IMG_02_0000_max_476x317.jpeg; https://media.rightmove.co.uk:443/dir/crop/10:9-16:9/143k/142304/168368138/142304_9Carltonplace_IMG_03_0000_max_476x317.jpeg; https://media.rightmove.co.uk:443/dir/crop/10:9-16:9/143k/142304/168368138/142304_9Carltonplace_IMG_04_0000_max_476x317.jpeg; https://media.rightmove.co.uk:443/dir/crop/10:9-16:9/143k/142304/168368138/142304_9Carltonplace_IMG_05_0000_max_476x317.jpeg"
"168351092","Hampshire","Plot","A339 , Headley , RG19","£300,000","","","","","","","","","A fantastic development opportunity in Headley with full planning permission for a 4-bedroom detached house. Located on the A339 between Newbury and Basingstoke, the site offers excellent transport links and a semi-rural setting. Ideal for developers or self-builders.","https://www.rightmove.co.uk/properties/168351092#/?channel=COM_BUY","2025-10-18T09:57:25Z","","new","Marketed by Cricketts Of Berkshire, Newbury","","51.36432","-1.26798","https://media.rightmove.co.uk:443/dir/crop/10:9-16:9/22k/21869/168351092/21869_29560545_IMG_00_0000_max_476x317.jpeg; https://media.rightmove.co.uk:443/dir/crop/10:9-16:9/22k/21869/168351092/21869_29560545_IMG_01_0000_max_476x317.jpeg; https://media.rightmove.co.uk:443/dir/crop/10:9-16:9/22k/21869/168351092/21869_29560545_IMG_02_0000_max_476x317.jpeg; https://media.rightmove.co.uk:443/dir/crop/10:9-16:9/22k/21869/168351092/21869_29560545_IMG_03_0000_max_476x317.jpeg"
"168250736","Hampshire","Restaurant","High Street, Eastleigh, SO50","£80,000","","","","","","","","","Blah Blah Blah","https://www.rightmove.co.uk/properties/168250736#/?channel=COM_BUY","2025-10-17T17:30:54Z","","new","Marketed by Stanford Estate Agents, Eastleigh","","50.9689","-1.35368","https://media.rightmove.co.uk:443/dir/crop/10:9-16:9/37k/36857/168250736/36857_BPH00148_IMG_29_0000_max_476x317.jpeg; https://media.rightmove.co.uk:443/dir/crop/10:9-16:9/37k/36857/168250736/36857_BPH00148_IMG_00_0000_max_476x317.jpeg; https://media.rightmove.co.uk:443/dir/crop/10:9-16:9/37k/36857/168250736/36857_BPH00148_IMG_01_0000_max_476x317.jpeg; https://media.rightmove.co.uk:443/dir/crop/10:9-16:9/37k/36857/168250736/36857_BPH00148_IMG_02_0000_max_476x317.jpeg; https://media.rightmove.co.uk:443/dir/crop/10:9-16:9/37k/36857/168250736/36857_BPH00148_IMG_03_0000_max_476x317.jpeg; https://media.rightmove.co.uk:443/dir/crop/10:9-16:9/37k/36857/168250736/36857_BPH00148_IMG_04_0000_max_476x317.jpeg; https://media.rightmove.co.uk:443/dir/crop/10:9-16:9/37k/36857/168250736/36857_BPH00148_IMG_05_0000_max_476x317.jpeg; https://media.rightmove.co.uk:443/dir/crop/10:9-16:9/37k/36857/168250736/36857_BPH00148_IMG_06_0000_max_476x317.jpeg; https://media.rightmove.co.uk:443/dir/crop/10:9-16:9/37k/36857/168250736/36857_BPH00148_IMG_07_0000_max_476x317.jpeg; https://media.rightmove.co.uk:443/dir/crop/10:9-16:9/37k/36857/168250736/36857_BPH00148_IMG_08_0000_max_476x317.jpeg; https://media.rightmove.co.uk:443/dir/crop/10:9-16:9/37k/36857/168250736/36857_BPH00148_IMG_09_0000_max_476x317.jpeg; https://media.rightmove.co.uk:443/dir/crop/10:9-16:9/37k/36857/168250736/36857_BPH00148_IMG_10_0000_max_476x317.jpeg; https://media.rightmove.co.uk:443/dir/crop/10:9-16:9/37k/36857/168250736/36857_BPH00148_IMG_11_0000_max_476x317.jpeg; https://media.rightmove.co.uk:443/dir/crop/10:9-16:9/37k/36857/168250736/36857_BPH00148_IMG_12_0000_max_476x317.jpeg; https://media.rightmove.co.uk:443/dir/crop/10:9-16:9/37k/36857/168250736/36857_BPH00148_IMG_13_0000_max_476x317.jpeg; https://media.rightmove.co.uk:443/dir/crop/10:9-16:9/37k/36857/168250736/36857_BPH00148_IMG_14_0000_max_476x317.jpeg; https://media.rightmove.co.uk:443/dir/crop/10:9-16:9/37k/36857/168250736/36857_BPH00148_IMG_15_0000_max_476x317.jpeg; https://media.rightmove.co.uk:443/dir/crop/10:9-16:9/37k/36857/168250736/36857_BPH00148_IMG_16_0000_max_476x317.jpeg; https://media.rightmove.co.uk:443/dir/crop/10:9-16:9/37k/36857/168250736/36857_BPH00148_IMG_17_0000_max_476x317.jpeg; https://media.rightmove.co.uk:443/dir/crop/10:9-16:9/37k/36857/168250736/36857_BPH00148_IMG_18_0000_max_476x317.jpeg; https://media.rightmove.co.uk:443/dir/crop/10:9-16:9/37k/36857/168250736/36857_BPH00148_IMG_19_0000_max_476x317.jpeg; https://media.rightmove.co.uk:443/dir/crop/10:9-16:9/37k/36857/168250736/36857_BPH00148_IMG_20_0000_max_476x317.jpeg; https://media.rightmove.co.uk:443/dir/crop/10:9-16:9/37k/36857/168250736/36857_BPH00148_IMG_21_0000_max_476x317.jpeg; https://media.rightmove.co.uk:443/dir/crop/10:9-16:9/37k/36857/168250736/36857_BPH00148_IMG_22_0000_max_476x317.jpeg; https://media.rightmove.co.uk:443/dir/crop/10:9-16:9/37k/36857/168250736/36857_BPH00148_IMG_23_0000_max_476x317.jpeg; https://media.rightmove.co.uk:443/dir/crop/10:9-16:9/37k/36857/168250736/36857_BPH00148_IMG_24_0000_max_476x317.jpeg; https://media.rightmove.co.uk:443/dir/crop/10:9-16:9/37k/36857/168250736/36857_BPH00148_IMG_25_0000_max_476x317.jpeg; https://media.rightmove.co.uk:443/dir/crop/10:9-16:9/37k/36857/168250736/36857_BPH00148_IMG_26_0000_max_476x317.jpeg; https://media.rightmove.co.uk:443/dir/crop/10:9-16:9/37k/36857/168250736/36857_BPH00148_IMG_27_0000_max_476x317.jpeg; https://media.rightmove.co.uk:443/dir/crop/10:9-16:9/37k/36857/168250736/36857_BPH00148_IMG_28_0000_max_476x317.jpeg"
"168307769","Hampshire","Land","Meadow Way, Trampers Lane, North Boarhunt, Fareham, Hampshire, PO17 6BZ","£2,100,000","From","","","1,432–3,638 sq. ft.","1432","3638","133","338","The site has a gradual slope down towards Trampers Lane. The plot is predominantly laid to shingle and grass with mature shrubs and trees. An existing detached former commercial building is located on site with consent for conversion to residential use. In addition consent has been granted for t...","https://www.rightmove.co.uk/properties/168307769#/?channel=COM_BUY","2025-10-17T13:30:40Z","","new","Marketed by Eddisons Commercial Limited, Eddisons Fareham","","50.895725","-1.143224","https://media.rightmove.co.uk:443/dir/crop/10:9-16:9/266k/265493/168307769/265493_3023368FH_IMG_03_0000_max_476x317.jpeg; https://media.rightmove.co.uk:443/dir/crop/10:9-16:9/266k/265493/168307769/265493_3023368FH_IMG_01_0000_max_476x317.jpeg"
"168253952","Hampshire","Land","Cranford Park Drive, Yateley, Hampshire","£500,000","Guide Price","3","1","","","","","","Commanding frontage of 70ft. Requires improvement, considerable potential to extend or redevelop.  OFFERS INVITED PRIOR TO AUCTION.  Useful outbuilding of workshop and store.  ","https://www.rightmove.co.uk/properties/168253952#/?channel=COM_BUY","2025-10-16T12:00:07Z","","new","Marketed by Martin & Pole, Wokingham","","51.339447","-0.8309","https://media.rightmove.co.uk:443/dir/crop/10:9-16:9/8k/7566/168253952/7566_1252_IMG_00_0000_max_476x317.jpeg; https://media.rightmove.co.uk:443/dir/crop/10:9-16:9/8k/7566/168253952/7566_1252_IMG_01_0000_max_476x317.jpeg; https://media.rightmove.co.uk:443/dir/crop/10:9-16:9/8k/7566/168253952/7566_1252_IMG_02_0000_max_476x317.jpeg; https://media.rightmove.co.uk:443/dir/crop/10:9-16:9/8k/7566/168253952/7566_1252_IMG_03_0000_max_476x317.jpeg; https://media.rightmove.co.uk:443/dir/crop/10:9-16:9/8k/7566/168253952/7566_1252_IMG_04_0000_max_476x317.jpeg; https://media.rightmove.co.uk:443/dir/crop/10:9-16:9/8k/7566/168253952/7566_1252_IMG_05_0000_max_476x317.jpeg; https://media.rightmove.co.uk:443/dir/crop/10:9-16:9/8k/7566/168253952/7566_1252_IMG_06_0000_max_476x317.jpeg; https://media.rightmove.co.uk:443/dir/crop/10:9-16:9/8k/7566/168253952/7566_1252_IMG_07_0000_max_476x317.jpeg; https://media.rightmove.co.uk:443/dir/crop/10:9-16:9/8k/7566/168253952/7566_1252_IMG_08_0000_max_476x317.jpeg; https://media.rightmove.co.uk:443/dir/crop/10:9-16:9/8k/7566/168253952/7566_1252_IMG_09_0000_max_476x317.jpeg; https://media.rightmove.co.uk:443/dir/crop/10:9-16:9/8k/7566/168253952/7566_1252_IMG_10_0000_max_476x317.jpeg; https://media.rightmove.co.uk:443/dir/crop/10:9-16:9/8k/7566/168253952/7566_1252_IMG_11_0000_max_476x317.jpeg; https://media.rightmove.co.uk:443/dir/crop/10:9-16:9/8k/7566/168253952/7566_1252_IMG_12_0000_max_476x317.jpeg; https://media.rightmove.co.uk:443/dir/crop/10:9-16:9/8k/7566/168253952/7566_1252_IMG_13_0000_max_476x317.jpeg; https://media.rightmove.co.uk:443/dir/crop/10:9-16:9/8k/7566/168253952/7566_1252_IMG_14_0000_max_476x317.jpeg; https://media.rightmove.co.uk:443/dir/crop/10:9-16:9/8k/7566/168253952/7566_1252_IMG_15_0000_max_476x317.jpeg; https://media.rightmove.co.uk:443/dir/crop/10:9-16:9/8k/7566/168253952/7566_1252_IMG_16_0000_max_476x317.jpeg; https://media.rightmove.co.uk:443/dir/crop/10:9-16:9/8k/7566/168253952/7566_1252_IMG_17_0000_max_476x317.jpeg; https://media.rightmove.co.uk:443/dir/crop/10:9-16:9/8k/7566/168253952/7566_1252_IMG_18_0000_max_476x317.jpeg; https://media.rightmove.co.uk:443/dir/crop/10:9-16:9/8k/7566/168253952/7566_1252_IMG_19_0000_max_476x317.jpeg; https://media.rightmove.co.uk:443/dir/crop/10:9-16:9/8k/7566/168253952/7566_1252_IMG_20_0000_max_476x317.jpeg; https://media.rightmove.co.uk:443/dir/crop/10:9-16:9/8k/7566/168253952/7566_1252_IMG_21_0000_max_476x317.jpeg"
"161865293","Hampshire","Office","2 Acorn Business Centre, Northarbour Road, Portsmouth, PO6 3TH","£775,000","","","","2,352–4,607 sq. ft.","2352","4607","219","428","DETACHED OFFICE FOR SALE/TO LET","https://www.rightmove.co.uk/properties/161865293#/?channel=COM_BUY","2025-05-13T11:37:28Z","","price_reduced","Marketed by Vail Williams, Portsmouth","","50.844958","-1.081586","https://media.rightmove.co.uk:443/dir/crop/10:9-16:9/86k/85879/161865293/85879_7585-1_IMG_23_0000_max_476x317.jpeg; https://media.rightmove.co.uk:443/dir/crop/10:9-16:9/86k/85879/161865293/85879_7585-1_IMG_04_0000_max_476x317.jpeg; https://media.rightmove.co.uk:443/dir/crop/10:9-16:9/86k/85879/161865293/85879_7585-1_IMG_46_0000_max_476x317.jpeg; https://media.rightmove.co.uk:443/dir/crop/10:9-16:9/86k/85879/161865293/85879_7585-1_IMG_39_0000_max_476x317.jpeg; https://media.rightmove.co.uk:443/dir/crop/10:9-16:9/86k/85879/161865293/85879_7585-1_IMG_07_0000_max_476x317.jpeg; https://media.rightmove.co.uk:443/dir/crop/10:9-16:9/86k/85879/161865293/85879_7585-1_IMG_34_0000_max_476x317.jpeg; https://media.rightmove.co.uk:443/dir/crop/10:9-16:9/86k/85879/161865293/85879_7585-1_IMG_20_0000_max_476x317.jpeg; https://media.rightmove.co.uk:443/dir/crop/10:9-16:9/86k/85879/161865293/85879_7585-1_IMG_35_0000_max_476x317.jpeg; https://media.rightmove.co.uk:443/dir/crop/10:9-16:9/86k/85879/161865293/85879_7585-1_IMG_41_0000_max_476x317.jpeg; https://media.rightmove.co.uk:443/dir/crop/10:9-16:9/86k/85879/161865293/85879_7585-1_IMG_42_0000_max_476x317.jpeg; https://media.rightmove.co.uk:443/dir/crop/10:9-16:9/86k/85879/161865293/85879_7585-1_IMG_09_0000_max_476x317.jpeg; https://media.rightmove.co.uk:443/dir/crop/10:9-16:9/86k/85879/161865293/85879_7585-1_IMG_40_0000_max_476x317.jpeg; https://media.rightmove.co.uk:443/dir/crop/10:9-16:9/86k/85879/161865293/85879_7585-1_IMG_21_0000_max_476x317.jpeg; https://media.rightmove.co.uk:443/dir/crop/10:9-16:9/86k/85879/161865293/85879_7585-1_IMG_37_0000_max_476x317.jpeg; https://media.rightmove.co.uk:443/dir/crop/10:9-16:9/86k/85879/161865293/85879_7585-1_IMG_33_0000_max_476x317.jpeg; https://media.rightmove.co.uk:443/dir/crop/10:9-16:9/86k/85879/161865293/85879_7585-1_IMG_30_0000_max_476x317.jpeg; https://media.rightmove.co.uk:443/dir/crop/10:9-16:9/86k/85879/161865293/85879_7585-1_IMG_44_0000_max_476x317.jpeg; https://media.rightmove.co.uk:443/dir/crop/10:9-16:9/86k/85879/161865293/85879_7585-1_IMG_38_0000_max_476x317.jpeg; https://media.rightmove.co.uk:443/dir/crop/10:9-16:9/86k/85879/161865293/85879_7585-1_IMG_43_0000_max_476x317.jpeg; https://media.rightmove.co.uk:443/dir/crop/10:9-16:9/86k/85879/161865293/85879_7585-1_IMG_45_0000_max_476x317.jpeg; https://media.rightmove.co.uk:443/dir/crop/10:9-16:9/86k/85879/161865293/85879_7585-1_IMG_47_0000_max_476x317.jpeg; https://media.rightmove.co.uk:443/dir/crop/10:9-16:9/86k/85879/161865293/85879_7585-1_IMG_36_0000_max_476x317.jpeg; https://media.rightmove.co.uk:443/dir/crop/10:9-16:9/86k/85879/161865293/85879_7585-1_IMG_22_0000_max_476x317.jpeg"
"723058122548496","Hampshire","Pub","The Anchor Inn, Vigo Lane, Yateley, GU46 6EP","£650,000","Offers in Excess of","","","2,270 sq. ft.","2270","2270","211","211","Freehold Public House For Sale","https://www.rightmove.co.uk/properties/723058122548496#/?channel=COM_BUY","2025-12-04T14:55:33Z","","new","Marketed by Savills, Southampton - Licensed Leisure","","51.331228","-0.838427","https://media.rightmove.co.uk:443/dir/crop/10:9-16:9/226k/225509/723058122548496/225509_334525-1_IMG_00_0000_max_476x317.png; https://media.rightmove.co.uk:443/dir/crop/10:9-16:9/226k/225509/723058122548496/225509_334525-1_IMG_01_0000_max_476x317.jpeg; https://media.rightmove.co.uk:443/dir/crop/10:9-16:9/226k/225509/723058122548496/225509_334525-1_IMG_02_0000_max_476x317.jpeg; https://media.rightmove.co.uk:443/dir/crop/10:9-16:9/226k/225509/723058122548496/225509_334525-1_IMG_03_0000_max_476x317.jpeg; https://media.rightmove.co.uk:443/dir/crop/10:9-16:9/226k/225509/723058122548496/225509_334525-1_IMG_04_0000_max_476x317.jpeg"
"168197078","Hampshire","Healthcare Facility","Kenton House Nursing Home, Beech Hill Headley Down, Liphook, GU35 8NL","£1,100,000","Guide Price","","","","","","","","Freehold. Closed Vacant Care Home. 16 bedrooms three with en suite. Site size circa 1.76 acres. Two passenger lifts. Scope for change of use STPP","https://www.rightmove.co.uk/properties/168197078#/?channel=COM_BUY","2025-10-15T12:12:09Z","","new","Marketed by Christie & Co, Care","","51.116076","-0.807654","https://media.rightmove.co.uk:443/dir/crop/10:9-16:9/property-photo/8a54a5c28/168197078/8a54a5c28dc74cf01733ea4b251b8276_max_476x317.jpeg; https://media.rightmove.co.uk:443/dir/crop/10:9-16:9/property-photo/e0471357a/168197078/e0471357abc767e6ef5b79eb9fa2e0d9_max_476x317.jpeg; https://media.rightmove.co.uk:443/dir/crop/10:9-16:9/property-photo/3c258b2bf/168197078/3c258b2bf09a0a0bee67b28fcbe6e697_max_476x317.jpeg; https://media.rightmove.co.uk:443/dir/crop/10:9-16:9/property-photo/8cdf40d15/168197078/8cdf40d156c75475178ef8e5f7c400fc_max_476x317.jpeg; https://media.rightmove.co.uk:443/dir/crop/10:9-16:9/property-photo/15dca5dd0/168197078/15dca5dd0fbf77bd751afa8e9123f115_max_476x317.jpeg; https://media.rightmove.co.uk:443/dir/crop/10:9-16:9/property-photo/036794247/168197078/036794247a804f0a3d8167b0dc712a61_max_476x317.jpeg; https://media.rightmove.co.uk:443/dir/crop/10:9-16:9/property-photo/b2f78441f/168197078/b2f78441f2634992b8fed9665e947f33_max_476x317.jpeg; https://media.rightmove.co.uk:443/dir/crop/10:9-16:9/property-photo/5d1ff2506/168197078/5d1ff25064e1e1d42c8bb95fa10ced66_max_476x317.jpeg; https://media.rightmove.co.uk:443/dir/crop/10:9-16:9/property-photo/dae066edf/168197078/dae066edffd706d0eb365908509e9020_max_476x317.jpeg; https://media.rightmove.co.uk:443/dir/crop/10:9-16:9/property-photo/f7a8eab56/168197078/f7a8eab564571c2987783fdab3797f02_max_476x317.jpeg; https://media.rightmove.co.uk:443/dir/crop/10:9-16:9/property-photo/a3cec8cdb/168197078/a3cec8cdb527fe0cc64a36c897efe9fb_max_476x317.jpeg; https://media.rightmove.co.uk:443/dir/crop/10:9-16:9/property-photo/d5b8f4287/168197078/d5b8f4287ca455fbed377d5f5c22f34c_max_476x317.jpeg; https://media.rightmove.co.uk:443/dir/crop/10:9-16:9/property-photo/af5bb5a83/168197078/af5bb5a83476839c3b512357529935cb_max_476x317.jpeg; https://media.rightmove.co.uk:443/dir/crop/10:9-16:9/property-photo/d1baea331/168197078/d1baea3312719f1229d5234ad46bcb69_max_476x317.jpeg; https://media.rightmove.co.uk:443/dir/crop/10:9-16:9/property-photo/35e26b140/168197078/35e26b1405a09823209344ff3f20be57_max_476x317.jpeg; https://media.rightmove.co.uk:443/dir/crop/10:9-16:9/property-photo/0a1f20e1b/168197078/0a1f20e1b4bc3e57bdc394ee11e60ada_max_476x317.jpeg; https://media.rightmove.co.uk:443/dir/crop/10:9-16:9/property-photo/0a7a27cf9/168197078/0a7a27cf948e3e51ddb4cd5c9261455f_max_476x317.jpeg"
"723058067906496","Hampshire","Pub","Carnarvon Arms, Winchester Road, Whitway, Newbury, RG20 9LE","POA","","","","10,307 sq. ft.","10307","10307","958","958","SUBSTANTIAL FREEHOLD PUBLIC HOUSE AVAILABLE FOR SALE FREEHOLD","https://www.rightmove.co.uk/properties/723058067906496#/?channel=COM_BUY","2025-12-04T14:55:56Z","","new","Marketed by Savills, Margaret Street - Licensed Leisure","","51.333348","-1.343671","https://media.rightmove.co.uk:443/dir/crop/10:9-16:9/226k/225521/723058067906496/225521_333854-1_IMG_00_0000_max_476x317.jpeg; https://media.rightmove.co.uk:443/dir/crop/10:9-16:9/226k/225521/723058067906496/225521_333854-1_IMG_01_0000_max_476x317.jpeg; https://media.rightmove.co.uk:443/dir/crop/10:9-16:9/226k/225521/723058067906496/225521_333854-1_IMG_02_0000_max_476x317.jpeg; https://media.rightmove.co.uk:443/dir/crop/10:9-16:9/226k/225521/723058067906496/225521_333854-1_IMG_03_0000_max_476x317.jpeg; https://media.rightmove.co.uk:443/dir/crop/10:9-16:9/226k/225521/723058067906496/225521_333854-1_IMG_04_0000_max_476x317.jpeg; https://media.rightmove.co.uk:443/dir/crop/10:9-16:9/226k/225521/723058067906496/225521_333854-1_IMG_05_0000_max_476x317.jpeg; https://media.rightmove.co.uk:443/dir/crop/10:9-16:9/226k/225521/723058067906496/225521_333854-1_IMG_06_0000_max_476x317.jpeg; https://media.rightmove.co.uk:443/dir/crop/10:9-16:9/226k/225521/723058067906496/225521_333854-1_IMG_07_0000_max_476x317.jpeg; https://media.rightmove.co.uk:443/dir/crop/10:9-16:9/226k/225521/723058067906496/225521_333854-1_IMG_08_0000_max_476x317.jpeg; https://media.rightmove.co.uk:443/dir/crop/10:9-16:9/226k/225521/723058067906496/225521_333854-1_IMG_09_0000_max_476x317.jpeg; https://media.rightmove.co.uk:443/dir/crop/10:9-16:9/226k/225521/723058067906496/225521_333854-1_IMG_10_0000_max_476x317.jpeg; https://media.rightmove.co.uk:443/dir/crop/10:9-16:9/226k/225521/723058067906496/225521_333854-1_IMG_11_0000_max_476x317.jpeg; https://media.rightmove.co.uk:443/dir/crop/10:9-16:9/226k/225521/723058067906496/225521_333854-1_IMG_12_0000_max_476x317.jpeg; https://media.rightmove.co.uk:443/dir/crop/10:9-16:9/226k/225521/723058067906496/225521_333854-1_IMG_13_0000_max_476x317.jpeg; https://media.rightmove.co.uk:443/dir/crop/10:9-16:9/226k/225521/723058067906496/225521_333854-1_IMG_14_0000_max_476x317.jpeg; https://media.rightmove.co.uk:443/dir/crop/10:9-16:9/226k/225521/723058067906496/225521_333854-1_IMG_15_0000_max_476x317.jpeg; https://media.rightmove.co.uk:443/dir/crop/10:9-16:9/226k/225521/723058067906496/225521_333854-1_IMG_16_0000_max_476x317.jpeg; https://media.rightmove.co.uk:443/dir/crop/10:9-16:9/226k/225521/723058067906496/225521_333854-1_IMG_17_0000_max_476x317.jpeg"
"162886682","Hampshire","Retail Property (high street)","City Road, Winchester, Hampshire, SO23","£700,000","","","","6,200 sq. ft.","6200","6200","576","576","Mixed-use Winchester investment for sale, including ground floor shop with a brand new 15-year lease to Schmidt Kitchen & Interiors. 6.42% GY. Low Capital Value of £113 psf.","https://www.rightmove.co.uk/properties/162886682#/?channel=COM_BUY","2025-06-05T10:16:31Z","","size_change","Marketed by Trinity Rose Commercial, Chandler's Ford","","51.066371","-1.316831","https://media.rightmove.co.uk:443/dir/crop/10:9-16:9/143k/142532/162886682/142532_COM250044_IMG_10_0000_max_476x317.jpeg; https://media.rightmove.co.uk:443/dir/crop/10:9-16:9/143k/142532/162886682/142532_COM250044_IMG_15_0000_max_476x317.jpeg; https://media.rightmove.co.uk:443/dir/crop/10:9-16:9/143k/142532/162886682/142532_COM250044_IMG_11_0000_max_476x317.jpeg; https://media.rightmove.co.uk:443/dir/crop/10:9-16:9/143k/142532/162886682/142532_COM250044_IMG_14_0001_max_476x317.jpeg; https://media.rightmove.co.uk:443/dir/crop/10:9-16:9/143k/142532/162886682/142532_COM250044_IMG_12_0000_max_476x317.jpeg; https://media.rightmove.co.uk:443/dir/crop/10:9-16:9/143k/142532/162886682/142532_COM250044_IMG_13_0000_max_476x317.jpeg; https://media.rightmove.co.uk:443/dir/crop/10:9-16:9/143k/142532/162886682/142532_COM250044_IMG_16_0000_max_476x317.jpeg; https://media.rightmove.co.uk:443/dir/crop/10:9-16:9/143k/142532/162886682/142532_COM250044_IMG_09_0000_max_476x317.jpeg; https://media.rightmove.co.uk:443/dir/crop/10:9-16:9/143k/142532/162886682/142532_COM250044_IMG_08_0000_max_476x317.jpeg"
"722865526350625","Hampshire","Office","Abbey House, Abbey Park Industrial Estate, Premier Way, Romsey, SO51 9AQ","POA","","","","4,880 sq. ft.","4880","4880","453","453","Self Contained Office With Parking For Sale or To Let","https://www.rightmove.co.uk/properties/722865526350625#/?channel=COM_BUY","2025-12-03T11:04:07Z","","new","Marketed by Realest, Offices","","50.98241","-1.466523","https://media.rightmove.co.uk:443/dir/crop/10:9-16:9/230k/229079/722865526350625/229079_334185-1_IMG_00_0001_max_476x317.jpeg; https://media.rightmove.co.uk:443/dir/crop/10:9-16:9/230k/229079/722865526350625/229079_334185-1_IMG_01_0001_max_476x317.jpeg; https://media.rightmove.co.uk:443/dir/crop/10:9-16:9/230k/229079/722865526350625/229079_334185-1_IMG_02_0001_max_476x317.jpeg; https://media.rightmove.co.uk:443/dir/crop/10:9-16:9/230k/229079/722865526350625/229079_334185-1_IMG_03_0001_max_476x317.jpeg"
"168176603","Hampshire","Warehouse","Classic House, Toronto Place, Gosport, PO12 4UZ, PO12 4UZ","£550,000","Offers in Region of","","","5,624 sq. ft.","5624","5624","522","522","The buildings are purpose-built workshop/industrial premises, the majority of which are of steel portal frame design with profile corrugated sheeting. There are sections of brick and blockwork infill panels. There are two distinct areas to the site each occupied. The site we are selling compris...","https://www.rightmove.co.uk/properties/168176603#/?channel=COM_BUY","2025-10-13T19:05:45Z","","new","Marketed by Eddisons Commercial Limited, Eddisons Fareham","","50.798042","-1.137916","https://media.rightmove.co.uk:443/dir/crop/10:9-16:9/266k/265493/168176603/265493_3017294FH_IMG_00_0000_max_476x317.jpeg; https://media.rightmove.co.uk:443/dir/crop/10:9-16:9/266k/265493/168176603/265493_3017294FH_IMG_01_0000_max_476x317.jpeg; https://media.rightmove.co.uk:443/dir/crop/10:9-16:9/266k/265493/168176603/265493_3017294FH_IMG_02_0000_max_476x317.jpeg; https://media.rightmove.co.uk:443/dir/crop/10:9-16:9/266k/265493/168176603/265493_3017294FH_IMG_03_0000_max_476x317.jpeg; https://media.rightmove.co.uk:443/dir/crop/10:9-16:9/266k/265493/168176603/265493_3017294FH_IMG_04_0000_max_476x317.jpeg; https://media.rightmove.co.uk:443/dir/crop/10:9-16:9/266k/265493/168176603/265493_3017294FH_IMG_05_0000_max_476x317.jpeg"
"159594575","Hampshire","Office","Bramble House, Furzehall Farm, 112 Wickham Road, Fareham, Hampshire, PO16 7JH","POA","","","","783–1,507 sq. ft.","783","1507","73","140","Bramble House comprises a detached purpose build, modern office over ground, first and second floors. The building is set in landscaped grounds with allocated car parking provided (30 spaces). The main entrance / foyer provides access to a central stair core and lift, serving each floor. Six off...","https://www.rightmove.co.uk/properties/159594575#/?channel=COM_BUY","2025-03-19T09:43:34Z","","new","Marketed by Eddisons Commercial Limited, Eddisons Fareham","","50.864983","-1.181458","https://media.rightmove.co.uk:443/dir/crop/10:9-16:9/266k/265493/159594575/265493_3022856FH_IMG_31_0000_max_476x317.jpeg; https://media.rightmove.co.uk:443/dir/crop/10:9-16:9/266k/265493/159594575/265493_3022856FH_IMG_00_0000_max_476x317.jpeg; https://media.rightmove.co.uk:443/dir/crop/10:9-16:9/266k/265493/159594575/265493_3022856FH_IMG_01_0000_max_476x317.jpeg; https://media.rightmove.co.uk:443/dir/crop/10:9-16:9/266k/265493/159594575/265493_3022856FH_IMG_03_0000_max_476x317.jpeg; https://media.rightmove.co.uk:443/dir/crop/10:9-16:9/266k/265493/159594575/265493_3022856FH_IMG_04_0000_max_476x317.jpeg; https://media.rightmove.co.uk:443/dir/crop/10:9-16:9/266k/265493/159594575/265493_3022856FH_IMG_05_0000_max_476x317.jpeg; https://media.rightmove.co.uk:443/dir/crop/10:9-16:9/266k/265493/159594575/265493_3022856FH_IMG_06_0000_max_476x317.jpeg; https://media.rightmove.co.uk:443/dir/crop/10:9-16:9/266k/265493/159594575/265493_3022856FH_IMG_08_0000_max_476x317.jpeg; https://media.rightmove.co.uk:443/dir/crop/10:9-16:9/266k/265493/159594575/265493_3022856FH_IMG_09_0000_max_476x317.jpeg; https://media.rightmove.co.uk:443/dir/crop/10:9-16:9/266k/265493/159594575/265493_3022856FH_IMG_10_0000_max_476x317.jpeg; https://media.rightmove.co.uk:443/dir/crop/10:9-16:9/266k/265493/159594575/265493_3022856FH_IMG_11_0000_max_476x317.jpeg; https://media.rightmove.co.uk:443/dir/crop/10:9-16:9/266k/265493/159594575/265493_3022856FH_IMG_12_0000_max_476x317.jpeg; https://media.rightmove.co.uk:443/dir/crop/10:9-16:9/266k/265493/159594575/265493_3022856FH_IMG_15_0000_max_476x317.jpeg; https://media.rightmove.co.uk:443/dir/crop/10:9-16:9/266k/265493/159594575/265493_3022856FH_IMG_16_0000_max_476x317.jpeg; https://media.rightmove.co.uk:443/dir/crop/10:9-16:9/266k/265493/159594575/265493_3022856FH_IMG_18_0000_max_476x317.jpeg; https://media.rightmove.co.uk:443/dir/crop/10:9-16:9/266k/265493/159594575/265493_3022856FH_IMG_19_0000_max_476x317.jpeg; https://media.rightmove.co.uk:443/dir/crop/10:9-16:9/266k/265493/159594575/265493_3022856FH_IMG_20_0000_max_476x317.jpeg; https://media.rightmove.co.uk:443/dir/crop/10:9-16:9/266k/265493/159594575/265493_3022856FH_IMG_29_0000_max_476x317.jpeg; https://media.rightmove.co.uk:443/dir/crop/10:9-16:9/266k/265493/159594575/265493_3022856FH_IMG_30_0000_max_476x317.jpeg; https://media.rightmove.co.uk:443/dir/crop/10:9-16:9/266k/265493/159594575/265493_3022856FH_IMG_32_0000_max_476x317.jpeg; https://media.rightmove.co.uk:443/dir/crop/10:9-16:9/266k/265493/159594575/265493_3022856FH_IMG_26_0000_max_476x317.jpeg"
"168167081","Hampshire","Light Industrial","Rear Workshop Facing Lisbon Road, 158-160 Shirley Road, Southampton, Hampshire, SO15 3FP","£160,000","","","","1,022 sq. ft.","1022","1022","95","95","This workshop offers easy access to the popular shopping area of Shirley High Street, providing amenities such as supermarkets, local convenience stores and popular places to eat and drink. The site benefits from excellent public transport links including rail travel from Southampton Central Stat...","https://www.rightmove.co.uk/properties/168167081#/?channel=COM_BUY","2025-10-13T16:02:39Z","","new","Marketed by Mava Real Estate, Southampton","","50.913292","-1.422276","https://media.rightmove.co.uk:443/dir/crop/10:9-16:9/97k/96725/168167081/96725_12743FH_IMG_00_0001_max_476x317.jpeg; https://media.rightmove.co.uk:443/dir/crop/10:9-16:9/97k/96725/168167081/96725_12743FH_IMG_01_0001_max_476x317.jpeg; https://media.rightmove.co.uk:443/dir/crop/10:9-16:9/97k/96725/168167081/96725_12743FH_IMG_02_0001_max_476x317.jpeg; https://media.rightmove.co.uk:443/dir/crop/10:9-16:9/97k/96725/168167081/96725_12743FH_IMG_03_0001_max_476x317.jpeg; https://media.rightmove.co.uk:443/dir/crop/10:9-16:9/97k/96725/168167081/96725_12743FH_IMG_04_0001_max_476x317.jpeg"
"722865293397328","Hampshire","Light Industrial","Connect, Portway East Business Park, Andover, SP10 3LU","POA","","","","94,994 sq. ft.","94994","94994","8825","8825","Prominent, self-contained distribution centre available to let","https://www.rightmove.co.uk/properties/722865293397328#/?channel=COM_BUY","2025-12-03T11:01:07Z","","new","Marketed by Realest, Industrial & Logistics","","51.213375","-1.50908","https://media.rightmove.co.uk:443/dir/crop/10:9-16:9/property-photo/85e8bcaf8/722865293397328/85e8bcaf83e7ad983352b3d200364da7_max_476x317.jpeg; https://media.rightmove.co.uk:443/dir/crop/10:9-16:9/property-photo/372764a7c/722865293397328/372764a7c2bddaee2c75c8b08410b252_max_476x317.jpeg; https://media.rightmove.co.uk:443/dir/crop/10:9-16:9/property-photo/593ca2ef9/722865293397328/593ca2ef9d58ad5bb8ebdd9dcf1bfa65_max_476x317.jpeg; https://media.rightmove.co.uk:443/dir/crop/10:9-16:9/property-photo/44efec60b/722865293397328/44efec60b238aed3cd0839e9119e9bfd_max_476x317.jpeg; https://media.rightmove.co.uk:443/dir/crop/10:9-16:9/property-photo/a4e83f951/722865293397328/a4e83f951c9968c060aeeb07f1e90172_max_476x317.jpeg; https://media.rightmove.co.uk:443/dir/crop/10:9-16:9/property-photo/2699941ea/722865293397328/2699941ea309d88c0cf92790b6fc2839_max_476x317.jpeg; https://media.rightmove.co.uk:443/dir/crop/10:9-16:9/property-photo/1249d918e/722865293397328/1249d918e872bc1fd8aa18873db3b3be_max_476x317.jpeg; https://media.rightmove.co.uk:443/dir/crop/10:9-16:9/property-photo/ce8d5f8af/722865293397328/ce8d5f8af340c2348b0843f1768bcdad_max_476x317.jpeg; https://media.rightmove.co.uk:443/dir/crop/10:9-16:9/property-photo/68617262e/722865293397328/68617262e1f2db60739dc3a361f32b5a_max_476x317.jpeg; https://media.rightmove.co.uk:443/dir/crop/10:9-16:9/property-photo/a8ea5a0f9/722865293397328/a8ea5a0f9f3a168487c6e6ebbb03bd27_max_476x317.jpeg"
"168154622","Hampshire","Pub","Pure Lounge 10 London Street, Andover, SP10 2PA","£375,000","Offers in Region of","","","","","","","","Detached 2 Storey Hampshire Town Centre Bar (Closed)","https://www.rightmove.co.uk/properties/168154622#/?channel=COM_BUY","2025-10-13T13:33:07Z","","new","Marketed by Everard Cole Ltd, Cambridge","","51.20599","-1.477606","https://media.rightmove.co.uk:443/dir/crop/10:9-16:9/174k/173369/168154622/173369_5f4e2f84-d485-4ec3-abae-11bfa75e5b30_IMG_06_0000_max_476x317.jpeg; https://media.rightmove.co.uk:443/dir/crop/10:9-16:9/174k/173369/168154622/173369_5f4e2f84-d485-4ec3-abae-11bfa75e5b30_IMG_02_0000_max_476x317.jpeg; https://media.rightmove.co.uk:443/dir/crop/10:9-16:9/174k/173369/168154622/173369_5f4e2f84-d485-4ec3-abae-11bfa75e5b30_IMG_07_0000_max_476x317.jpeg; https://media.rightmove.co.uk:443/dir/crop/10:9-16:9/174k/173369/168154622/173369_5f4e2f84-d485-4ec3-abae-11bfa75e5b30_IMG_08_0000_max_476x317.jpeg; https://media.rightmove.co.uk:443/dir/crop/10:9-16:9/174k/173369/168154622/173369_5f4e2f84-d485-4ec3-abae-11bfa75e5b30_IMG_05_0000_max_476x317.jpeg; https://media.rightmove.co.uk:443/dir/crop/10:9-16:9/174k/173369/168154622/173369_5f4e2f84-d485-4ec3-abae-11bfa75e5b30_IMG_10_0000_max_476x317.jpeg; https://media.rightmove.co.uk:443/dir/crop/10:9-16:9/174k/173369/168154622/173369_5f4e2f84-d485-4ec3-abae-11bfa75e5b30_IMG_09_0000_max_476x317.jpeg"
"168104963","Hampshire","Retail Property (out of town)","A B & D Locksbridge Road, Picket Piece, Andover","£225,000","Guide Price","","","3,254 sq. ft.","3254","3254","302","302","Three purpose built virtual freehold commercial units of 3,254 sq ft. Vacant (reflecting £69.14 per sq ft)","https://www.rightmove.co.uk/properties/168104963#/?channel=COM_BUY","2025-10-10T17:52:37Z","","new","Marketed by Savills, Savills Auctions- Commercial","","51.220373","-1.443066","https://media.rightmove.co.uk:443/dir/crop/10:9-16:9/239k/238697/168104963/238697_8FB859C2-C87E-4152-AD43-6539D88B444D_IMG_02_0001_max_476x317.jpeg; https://media.rightmove.co.uk:443/dir/crop/10:9-16:9/239k/238697/168104963/238697_8FB859C2-C87E-4152-AD43-6539D88B444D_IMG_01_0001_max_476x317.jpeg; https://media.rightmove.co.uk:443/dir/crop/10:9-16:9/239k/238697/168104963/238697_8FB859C2-C87E-4152-AD43-6539D88B444D_IMG_00_0001_max_476x317.jpeg"
"168100796","Hampshire","Mixed Use","325 Copnor Road, Portsmouth, Hampshire, PO3","£375,000","","1","1","1,028 sq. ft.","1028","1028","96","96","This beautifully presented property features a ground floor commercial unit, currently being used as a tattoo studio, as well as a first floor one-bedroom flat, with rooftop terrace and several storage rooms, making it suitable for a variety of uses.","https://www.rightmove.co.uk/properties/168100796#/?channel=COM_BUY","2025-10-10T17:08:28Z","","new","Marketed by Trafalgar Property Consultancy, Gosport","","50.82109","-1.0654","https://media.rightmove.co.uk:443/dir/crop/10:9-16:9/284k/283427/168100796/283427_RM084_IMG_17_0000_max_476x317.jpeg; https://media.rightmove.co.uk:443/dir/crop/10:9-16:9/284k/283427/168100796/283427_RM084_IMG_16_0000_max_476x317.jpeg; https://media.rightmove.co.uk:443/dir/crop/10:9-16:9/284k/283427/168100796/283427_RM084_IMG_00_0000_max_476x317.jpeg; https://media.rightmove.co.uk:443/dir/crop/10:9-16:9/284k/283427/168100796/283427_RM084_IMG_11_0000_max_476x317.jpeg; https://media.rightmove.co.uk:443/dir/crop/10:9-16:9/284k/283427/168100796/283427_RM084_IMG_15_0000_max_476x317.jpeg; https://media.rightmove.co.uk:443/dir/crop/10:9-16:9/284k/283427/168100796/283427_RM084_IMG_04_0000_max_476x317.jpeg; https://media.rightmove.co.uk:443/dir/crop/10:9-16:9/284k/283427/168100796/283427_RM084_IMG_06_0000_max_476x317.jpeg; https://media.rightmove.co.uk:443/dir/crop/10:9-16:9/284k/283427/168100796/283427_RM084_IMG_08_0000_max_476x317.jpeg; https://media.rightmove.co.uk:443/dir/crop/10:9-16:9/284k/283427/168100796/283427_RM084_IMG_01_0000_max_476x317.jpeg; https://media.rightmove.co.uk:443/dir/crop/10:9-16:9/284k/283427/168100796/283427_RM084_IMG_02_0000_max_476x317.jpeg; https://media.rightmove.co.uk:443/dir/crop/10:9-16:9/284k/283427/168100796/283427_RM084_IMG_03_0000_max_476x317.jpeg; https://media.rightmove.co.uk:443/dir/crop/10:9-16:9/284k/283427/168100796/283427_RM084_IMG_05_0000_max_476x317.jpeg; https://media.rightmove.co.uk:443/dir/crop/10:9-16:9/284k/283427/168100796/283427_RM084_IMG_07_0000_max_476x317.jpeg; https://media.rightmove.co.uk:443/dir/crop/10:9-16:9/284k/283427/168100796/283427_RM084_IMG_09_0000_max_476x317.jpeg; https://media.rightmove.co.uk:443/dir/crop/10:9-16:9/284k/283427/168100796/283427_RM084_IMG_10_0000_max_476x317.jpeg; https://media.rightmove.co.uk:443/dir/crop/10:9-16:9/284k/283427/168100796/283427_RM084_IMG_12_0000_max_476x317.jpeg; https://media.rightmove.co.uk:443/dir/crop/10:9-16:9/284k/283427/168100796/283427_RM084_IMG_13_0000_max_476x317.jpeg; https://media.rightmove.co.uk:443/dir/crop/10:9-16:9/284k/283427/168100796/283427_RM084_IMG_14_0000_max_476x317.jpeg"
"168101387","Hampshire","Plot","Busketts Way, Ashurst, Southampton, SO40","£1,250,000","","4","3","","","","","","**PLANNING PERMISSION NOW GRANTED** A unique opportunity to acquire a combined building plot and building contract to erect a substantial beautifully designed home in excess of 2500 sqft set on an enviable plot circa 0.25 acres within moments of the open forest off Woodlands Road on the edge o...","https://www.rightmove.co.uk/properties/168101387#/?channel=COM_BUY","2025-10-10T17:05:42Z","","new","Marketed by Spencers, Brockenhurst","","50.893537","-1.528804","https://media.rightmove.co.uk:443/dir/crop/10:9-16:9/10k/9883/168101387/9883_29598307_IMG_00_0000_max_476x317.jpeg; https://media.rightmove.co.uk:443/dir/crop/10:9-16:9/10k/9883/168101387/9883_29598307_IMG_01_0000_max_476x317.jpeg; https://media.rightmove.co.uk:443/dir/crop/10:9-16:9/10k/9883/168101387/9883_29598307_IMG_02_0000_max_476x317.png; https://media.rightmove.co.uk:443/dir/crop/10:9-16:9/10k/9883/168101387/9883_29598307_IMG_03_0000_max_476x317.png; https://media.rightmove.co.uk:443/dir/crop/10:9-16:9/10k/9883/168101387/9883_29598307_IMG_04_0000_max_476x317.jpeg; https://media.rightmove.co.uk:443/dir/crop/10:9-16:9/10k/9883/168101387/9883_29598307_IMG_05_0000_max_476x317.png; https://media.rightmove.co.uk:443/dir/crop/10:9-16:9/10k/9883/168101387/9883_29598307_IMG_06_0000_max_476x317.jpeg"
"168076535","Hampshire","Shop","25, High Street, Eastleigh, Hampshire, SO50","£350,000","","","","2,178 sq. ft.","2178","2178","202","202","This is an opportunity to purchase a prominent property situated on Eastleigh High Street. The premises were most recently used as a museum and comprises a front sales area with a corridor leading to a rear self-contained studio, which also benefits from independent rear access and could be let s...","https://www.rightmove.co.uk/properties/168076535#/?channel=COM_BUY","2025-10-10T12:13:16Z","","new","Marketed by Keygrove Chartered Surveyors, Southampton","","50.968327","-1.353889","https://media.rightmove.co.uk:443/dir/crop/10:9-16:9/96k/95672/168076535/95672_1080FH_IMG_00_0000_max_476x317.jpeg; https://media.rightmove.co.uk:443/dir/crop/10:9-16:9/96k/95672/168076535/95672_1080FH_IMG_01_0000_max_476x317.jpeg; https://media.rightmove.co.uk:443/dir/crop/10:9-16:9/96k/95672/168076535/95672_1080FH_IMG_02_0000_max_476x317.jpeg; https://media.rightmove.co.uk:443/dir/crop/10:9-16:9/96k/95672/168076535/95672_1080FH_IMG_03_0000_max_476x317.jpeg; https://media.rightmove.co.uk:443/dir/crop/10:9-16:9/96k/95672/168076535/95672_1080FH_IMG_04_0000_max_476x317.jpeg; https://media.rightmove.co.uk:443/dir/crop/10:9-16:9/96k/95672/168076535/95672_1080FH_IMG_05_0000_max_476x317.jpeg; https://media.rightmove.co.uk:443/dir/crop/10:9-16:9/96k/95672/168076535/95672_1080FH_IMG_06_0000_max_476x317.jpeg; https://media.rightmove.co.uk:443/dir/crop/10:9-16:9/96k/95672/168076535/95672_1080FH_IMG_07_0000_max_476x317.jpeg"
"167848397","Hampshire","Light Industrial","Unit 8 Westfield Industrial Estate, Gosport, Hampshire, PO12","POA","","","","3,668 sq. ft.","3668","3668","341","341","Westfield Industrial Estate is located in Gosport directly off Anns Hill Road. Unit 8 comprises of a main unit with 3.7m Haunch and 5.2m Central clearance. The mezzanine floor has restricted head clearance. The property has a secure yard, additional covered store and two single garages.","https://www.rightmove.co.uk/properties/167848397#/?channel=COM_BUY","2025-10-10T11:37:16Z","","new","Marketed by Trafalgar Property Consultancy, Gosport","","50.79593","-1.14976","https://media.rightmove.co.uk:443/dir/crop/10:9-16:9/284k/283427/167848397/283427_RM083_IMG_00_0001_max_476x317.jpeg; https://media.rightmove.co.uk:443/dir/crop/10:9-16:9/284k/283427/167848397/283427_RM083_IMG_01_0001_max_476x317.jpeg; https://media.rightmove.co.uk:443/dir/crop/10:9-16:9/284k/283427/167848397/283427_RM083_IMG_02_0001_max_476x317.jpeg; https://media.rightmove.co.uk:443/dir/crop/10:9-16:9/284k/283427/167848397/283427_RM083_IMG_03_0001_max_476x317.png"
"168071087","Hampshire","Land","Petersfield Road Monkwood Alresford, Hampshire, SO24 0HB","£1,250,000","Offers Over","","","","","","","","An exceptional opportunity to acquire a prime development site set within around 12 acres of picturesque countryside in the sought-after village of Monkwood","https://www.rightmove.co.uk/properties/168071087#/?channel=COM_BUY","2025-10-10T11:00:17Z","","new","Marketed by Fine & Country, South West London","","51.073628","-1.053969","https://media.rightmove.co.uk:443/dir/crop/10:9-16:9/257k/256826/168071087/256826_RX654345_IMG_00_0000_max_476x317.jpeg; https://media.rightmove.co.uk:443/dir/crop/10:9-16:9/257k/256826/168071087/256826_RX654345_IMG_03_0000_max_476x317.jpeg; https://media.rightmove.co.uk:443/dir/crop/10:9-16:9/257k/256826/168071087/256826_RX654345_IMG_01_0000_max_476x317.jpeg; https://media.rightmove.co.uk:443/dir/crop/10:9-16:9/257k/256826/168071087/256826_RX654345_IMG_02_0000_max_476x317.jpeg"
"168050198","Hampshire","Land","Fairclose,Whitchurch,RG28 7AN","Sale by Tender","","","","","","","","","Located in the heart of Whitchurch, Hampshire, this property presents a rare opportunity for buyers seeking a property with great potential. Previously used as a pottery studio, however this property benefits from granted planning permission for conversion into a one-bedroom dwelling.","https://www.rightmove.co.uk/properties/168050198#/?channel=COM_BUY","2025-10-09T17:00:39Z","","new","Marketed by Brockenhurst Estate Agents, Whitchurch","","51.228973","-1.341307","https://media.rightmove.co.uk:443/dir/crop/10:9-16:9/property-photo/570608890/168050198/57060889024ee9e44438ee47179bdce9_max_476x317.png; https://media.rightmove.co.uk:443/dir/crop/10:9-16:9/property-photo/b9a2cedfc/168050198/b9a2cedfc126cc75ad9d498f4ff202fa_max_476x317.jpeg; https://media.rightmove.co.uk:443/dir/crop/10:9-16:9/property-photo/6916b78b5/168050198/6916b78b53947b87572e72e27226685f_max_476x317.jpeg; https://media.rightmove.co.uk:443/dir/crop/10:9-16:9/property-photo/96d34de1d/168050198/96d34de1d1c4aa177999820046fd1b86_max_476x317.jpeg; https://media.rightmove.co.uk:443/dir/crop/10:9-16:9/property-photo/9db478060/168050198/9db4780604ddf1ab83b235ec833937bd_max_476x317.jpeg; https://media.rightmove.co.uk:443/dir/crop/10:9-16:9/property-photo/2a527d2dd/168050198/2a527d2dd9292383ed840a0627af64bd_max_476x317.jpeg; https://media.rightmove.co.uk:443/dir/crop/10:9-16:9/property-photo/612085299/168050198/612085299d1d321c74df9e665f7a4aba_max_476x317.jpeg; https://media.rightmove.co.uk:443/dir/crop/10:9-16:9/property-photo/95220f428/168050198/95220f4289b0e5b63a06573f177f0106_max_476x317.jpeg; https://media.rightmove.co.uk:443/dir/crop/10:9-16:9/property-photo/f4f8617c1/168050198/f4f8617c114f85cc3b06ca662e37b687_max_476x317.jpeg; https://media.rightmove.co.uk:443/dir/crop/10:9-16:9/property-photo/0777ca2e4/168050198/0777ca2e421952bfdd8c22e81dd3f7a4_max_476x317.jpeg; https://media.rightmove.co.uk:443/dir/crop/10:9-16:9/property-photo/3f531c6c0/168050198/3f531c6c0bab86f3311e646580344d8d_max_476x317.jpeg; https://media.rightmove.co.uk:443/dir/crop/10:9-16:9/property-photo/929a3ae46/168050198/929a3ae46b66b46462e8cc1b3b27f55d_max_476x317.jpeg; https://media.rightmove.co.uk:443/dir/crop/10:9-16:9/property-photo/5cd735a48/168050198/5cd735a48a520429b13f002e5ee268b0_max_476x317.jpeg; https://media.rightmove.co.uk:443/dir/crop/10:9-16:9/property-photo/772ffeb1c/168050198/772ffeb1c527de2f746f50b4f5851edd_max_476x317.jpeg"
"168034451","Hampshire","Office","1 - 4 North Park, Mayles Lane, Knowle, Hampshire, PO17 5LJ","POA","","","","3,384 sq. ft.","3384","3384","314","314","North Park began life as part of the grouped structures forming Knowle Farm, dating back to 17th century. The property features barn-style single storey office buildings, with 16 parking spaces and the benefit of planning permission for an extension and conversion to four residential units. Prev...","https://www.rightmove.co.uk/properties/168034451#/?channel=COM_BUY","2025-10-09T13:23:48Z","","new","Marketed by Lambert Smith Hampton, Fareham","","50.883448","-1.206864","https://media.rightmove.co.uk:443/dir/crop/10:9-16:9/169k/168011/168034451/168011_2076145FH_IMG_00_0000_max_476x317.jpeg; https://media.rightmove.co.uk:443/dir/crop/10:9-16:9/169k/168011/168034451/168011_2076145FH_IMG_01_0000_max_476x317.jpeg; https://media.rightmove.co.uk:443/dir/crop/10:9-16:9/169k/168011/168034451/168011_2076145FH_IMG_02_0000_max_476x317.jpeg; https://media.rightmove.co.uk:443/dir/crop/10:9-16:9/169k/168011/168034451/168011_2076145FH_IMG_03_0000_max_476x317.jpeg; https://media.rightmove.co.uk:443/dir/crop/10:9-16:9/169k/168011/168034451/168011_2076145FH_IMG_04_0000_max_476x317.jpeg"
"155645327","Hampshire","Office","Imperial House, Grange Drive, Botleigh Grange, Southampton, SO30 2AF","£2,450,000","Offers in Excess of","","","16,280 sq. ft.","16280","16280","1512","1512","MODERN DETACHED OFFICE - FOR SALE / TO LET","https://www.rightmove.co.uk/properties/155645327#/?channel=COM_BUY","2024-12-04T09:26:55Z","","new","Marketed by Vail Williams, Southampton","","50.92045","-1.291797","https://media.rightmove.co.uk:443/dir/crop/10:9-16:9/102k/101996/155645327/101996_272983-1_IMG_00_0000_max_476x317.jpeg; https://media.rightmove.co.uk:443/dir/crop/10:9-16:9/102k/101996/155645327/101996_272983-1_IMG_01_0000_max_476x317.jpeg; https://media.rightmove.co.uk:443/dir/crop/10:9-16:9/102k/101996/155645327/101996_272983-1_IMG_08_0000_max_476x317.jpeg; https://media.rightmove.co.uk:443/dir/crop/10:9-16:9/102k/101996/155645327/101996_272983-1_IMG_05_0000_max_476x317.jpeg; https://media.rightmove.co.uk:443/dir/crop/10:9-16:9/102k/101996/155645327/101996_272983-1_IMG_02_0000_max_476x317.jpeg; https://media.rightmove.co.uk:443/dir/crop/10:9-16:9/102k/101996/155645327/101996_272983-1_IMG_07_0000_max_476x317.jpeg; https://media.rightmove.co.uk:443/dir/crop/10:9-16:9/102k/101996/155645327/101996_272983-1_IMG_03_0000_max_476x317.jpeg; https://media.rightmove.co.uk:443/dir/crop/10:9-16:9/102k/101996/155645327/101996_272983-1_IMG_09_0000_max_476x317.jpeg; https://media.rightmove.co.uk:443/dir/crop/10:9-16:9/102k/101996/155645327/101996_272983-1_IMG_04_0000_max_476x317.jpeg; https://media.rightmove.co.uk:443/dir/crop/10:9-16:9/102k/101996/155645327/101996_272983-1_IMG_06_0000_max_476x317.jpeg; https://media.rightmove.co.uk:443/dir/crop/10:9-16:9/102k/101996/155645327/101996_272983-1_IMG_12_0000_max_476x317.jpeg; https://media.rightmove.co.uk:443/dir/crop/10:9-16:9/102k/101996/155645327/101996_272983-1_IMG_11_0000_max_476x317.jpeg; https://media.rightmove.co.uk:443/dir/crop/10:9-16:9/102k/101996/155645327/101996_272983-1_IMG_10_0000_max_476x317.jpeg"
"722865476018577","Hampshire","Light Industrial","Unit 3 Mayflower Close, Chandlers Ford Industrial Estate, Eastleigh, SO53 4AR","£1,350,000","Offers Over","","","9,903 sq. ft.","9903","9903","920","920","Unit 3 Mayflower Close is a detached, light industrial building with enclosed yard and excellent car parking.","https://www.rightmove.co.uk/properties/722865476018577#/?channel=COM_BUY","2025-12-03T11:04:06Z","","price_reduced","Marketed by Realest, Industrial & Logistics","","50.978099","-1.390191","https://media.rightmove.co.uk:443/dir/crop/10:9-16:9/230k/229082/722865476018577/229082_328627-1_IMG_00_0001_max_476x317.jpeg; https://media.rightmove.co.uk:443/dir/crop/10:9-16:9/230k/229082/722865476018577/229082_328627-1_IMG_03_0001_max_476x317.jpeg; https://media.rightmove.co.uk:443/dir/crop/10:9-16:9/230k/229082/722865476018577/229082_328627-1_IMG_02_0001_max_476x317.jpeg; https://media.rightmove.co.uk:443/dir/crop/10:9-16:9/230k/229082/722865476018577/229082_328627-1_IMG_01_0001_max_476x317.jpeg; https://media.rightmove.co.uk:443/dir/crop/10:9-16:9/230k/229082/722865476018577/229082_328627-1_IMG_04_0001_max_476x317.jpeg; https://media.rightmove.co.uk:443/dir/crop/10:9-16:9/230k/229082/722865476018577/229082_328627-1_IMG_06_0001_max_476x317.jpeg; https://media.rightmove.co.uk:443/dir/crop/10:9-16:9/230k/229082/722865476018577/229082_328627-1_IMG_08_0001_max_476x317.jpeg; https://media.rightmove.co.uk:443/dir/crop/10:9-16:9/230k/229082/722865476018577/229082_328627-1_IMG_11_0001_max_476x317.jpeg; https://media.rightmove.co.uk:443/dir/crop/10:9-16:9/230k/229082/722865476018577/229082_328627-1_IMG_10_0001_max_476x317.jpeg; https://media.rightmove.co.uk:443/dir/crop/10:9-16:9/230k/229082/722865476018577/229082_328627-1_IMG_12_0001_max_476x317.jpeg; https://media.rightmove.co.uk:443/dir/crop/10:9-16:9/230k/229082/722865476018577/229082_328627-1_IMG_07_0001_max_476x317.jpeg; https://media.rightmove.co.uk:443/dir/crop/10:9-16:9/230k/229082/722865476018577/229082_328627-1_IMG_05_0001_max_476x317.jpeg; https://media.rightmove.co.uk:443/dir/crop/10:9-16:9/230k/229082/722865476018577/229082_328627-1_IMG_09_0001_max_476x317.jpeg; https://media.rightmove.co.uk:443/dir/crop/10:9-16:9/230k/229082/722865476018577/229082_328627-1_IMG_14_0001_max_476x317.jpeg; https://media.rightmove.co.uk:443/dir/crop/10:9-16:9/230k/229082/722865476018577/229082_328627-1_IMG_13_0001_max_476x317.jpeg"
"168071084","Hampshire","Cafe","Cafe & Sandwich Bars, Hampshire","£199,950","","","","","","","","","EXCEPTIONAL INDEPENDENT COFFEE SHOP Prime busy main road location Seats 18 to 20 people with room for more Significant growth opportunity Genuine reason for sale Weekly turnover £15,500 REF 591272. EPC Band B. Business, Offers Around £199,950 Havant","https://www.rightmove.co.uk/properties/168071084#/?channel=COM_BUY","2025-10-10T11:00:12Z","","new","Marketed by Ernest Wilson & Co Limited, EW Leeds","","50.8519","-0.9812","https://media.rightmove.co.uk:443/dir/crop/10:9-16:9/154k/153122/168071084/153122_591272_IMG_00_0000_max_476x317.jpeg; https://media.rightmove.co.uk:443/dir/crop/10:9-16:9/154k/153122/168071084/153122_591272_IMG_01_0000_max_476x317.jpeg; https://media.rightmove.co.uk:443/dir/crop/10:9-16:9/154k/153122/168071084/153122_591272_IMG_02_0000_max_476x317.jpeg; https://media.rightmove.co.uk:443/dir/crop/10:9-16:9/154k/153122/168071084/153122_591272_IMG_03_0000_max_476x317.jpeg; https://media.rightmove.co.uk:443/dir/crop/10:9-16:9/154k/153122/168071084/153122_591272_IMG_04_0000_max_476x317.jpeg; https://media.rightmove.co.uk:443/dir/crop/10:9-16:9/154k/153122/168071084/153122_591272_IMG_05_0000_max_476x317.jpeg; https://media.rightmove.co.uk:443/dir/crop/10:9-16:9/154k/153122/168071084/153122_591272_IMG_06_0000_max_476x317.jpeg; https://media.rightmove.co.uk:443/dir/crop/10:9-16:9/154k/153122/168071084/153122_591272_IMG_07_0000_max_476x317.jpeg"
"167999471","Hampshire","Land","Kings Worthy, Winchester, Hampshire, SO21","£1,800,000","Guide Price","","","6,751,800 sq. ft.","6751800","6751800","627262","627262","Substantial block of arable and pasture strategically located on the outskirts of Winchester.","https://www.rightmove.co.uk/properties/167999471#/?channel=COM_BUY","2025-10-08T16:46:12Z","","new","Marketed by Savills Rural Sales, Winchester","","51.107685","-1.319701","https://media.rightmove.co.uk:443/dir/crop/10:9-16:9/property-photo/0a35f9869/167999471/0a35f98699d0ab10e2c570e1f686d823_max_476x317.jpeg; https://media.rightmove.co.uk:443/dir/crop/10:9-16:9/property-photo/f50fb9504/167999471/f50fb950436ae94445376f52ef2f1976_max_476x317.jpeg; https://media.rightmove.co.uk:443/dir/crop/10:9-16:9/property-photo/3739cf31d/167999471/3739cf31d6109e92029b15f3b1ca464c_max_476x317.jpeg; https://media.rightmove.co.uk:443/dir/crop/10:9-16:9/property-photo/b0dc34d9c/167999471/b0dc34d9cbc517e3667ca000fc478232_max_476x317.jpeg; https://media.rightmove.co.uk:443/dir/crop/10:9-16:9/property-photo/3a7235ed4/167999471/3a7235ed474e9fa3ad74cd760d0a43f8_max_476x317.jpeg; https://media.rightmove.co.uk:443/dir/crop/10:9-16:9/property-photo/8553d2d07/167999471/8553d2d076f8a95eb854abd3d7243d7b_max_476x317.jpeg; https://media.rightmove.co.uk:443/dir/crop/10:9-16:9/property-photo/54d0a4673/167999471/54d0a46732a14b96f0b655e0d7e0986c_max_476x317.jpeg; https://media.rightmove.co.uk:443/dir/crop/10:9-16:9/property-photo/a98de18ce/167999471/a98de18ce9b60a2466922d7e36adf8b4_max_476x317.jpeg"
"167996459","Hampshire","Land","Forest Road, Swanmore, Southampton","£850,000","","","","","","","","","An exciting opportunity to purchase an acre of land in Swanmore, divided into two half-acre plots. One includes three residential park homes, while the other offers commercial rights and development potential (STPP).","https://www.rightmove.co.uk/properties/167996459#/?channel=COM_BUY","2025-10-08T16:09:42Z","","new","Marketed by Connells, Eastleigh","","50.93389","-1.19051","https://media.rightmove.co.uk:443/dir/crop/10:9-16:9/2k/1673/167996459/1673_EGH309012_IMG_07_0000_max_476x317.jpeg; https://media.rightmove.co.uk:443/dir/crop/10:9-16:9/2k/1673/167996459/1673_EGH309012_IMG_08_0000_max_476x317.jpeg; https://media.rightmove.co.uk:443/dir/crop/10:9-16:9/2k/1673/167996459/1673_EGH309012_IMG_06_0000_max_476x317.jpeg; https://media.rightmove.co.uk:443/dir/crop/10:9-16:9/2k/1673/167996459/1673_EGH309012_IMG_09_0000_max_476x317.jpeg; https://media.rightmove.co.uk:443/dir/crop/10:9-16:9/2k/1673/167996459/1673_EGH309012_IMG_12_0000_max_476x317.jpeg; https://media.rightmove.co.uk:443/dir/crop/10:9-16:9/2k/1673/167996459/1673_EGH309012_IMG_10_0000_max_476x317.jpeg; https://media.rightmove.co.uk:443/dir/crop/10:9-16:9/2k/1673/167996459/1673_EGH309012_IMG_11_0000_max_476x317.jpeg; https://media.rightmove.co.uk:443/dir/crop/10:9-16:9/2k/1673/167996459/1673_EGH309012_IMG_02_0000_max_476x317.jpeg; https://media.rightmove.co.uk:443/dir/crop/10:9-16:9/2k/1673/167996459/1673_EGH309012_IMG_13_0000_max_476x317.jpeg; https://media.rightmove.co.uk:443/dir/crop/10:9-16:9/2k/1673/167996459/1673_EGH309012_IMG_00_0000_max_476x317.jpeg; https://media.rightmove.co.uk:443/dir/crop/10:9-16:9/2k/1673/167996459/1673_EGH309012_IMG_14_0000_max_476x317.jpeg; https://media.rightmove.co.uk:443/dir/crop/10:9-16:9/2k/1673/167996459/1673_EGH309012_IMG_01_0000_max_476x317.jpeg; https://media.rightmove.co.uk:443/dir/crop/10:9-16:9/2k/1673/167996459/1673_EGH309012_IMG_03_0000_max_476x317.jpeg; https://media.rightmove.co.uk:443/dir/crop/10:9-16:9/2k/1673/167996459/1673_EGH309012_IMG_04_0000_max_476x317.jpeg; https://media.rightmove.co.uk:443/dir/crop/10:9-16:9/2k/1673/167996459/1673_EGH309012_IMG_05_0000_max_476x317.jpeg"
"167991296","Hampshire","Office","Fairways House, Mount Pleasant Road, Southampton, SO14 0QB","£3,750,000","Offers in Excess of","","","26,362 sq. ft.","26362","26362","2449","2449","FREEHOLD OFFICE INVESTMENT FOR SALE","https://www.rightmove.co.uk/properties/167991296#/?channel=COM_BUY","2025-10-08T15:10:21Z","","new","Marketed by Vail Williams, Southampton","","50.914298","-1.390012","https://media.rightmove.co.uk:443/dir/crop/10:9-16:9/102k/101996/167991296/101996_195160-1_IMG_00_0000_max_476x317.jpeg; https://media.rightmove.co.uk:443/dir/crop/10:9-16:9/102k/101996/167991296/101996_195160-1_IMG_01_0000_max_476x317.jpeg; https://media.rightmove.co.uk:443/dir/crop/10:9-16:9/102k/101996/167991296/101996_195160-1_IMG_02_0000_max_476x317.jpeg; https://media.rightmove.co.uk:443/dir/crop/10:9-16:9/102k/101996/167991296/101996_195160-1_IMG_03_0000_max_476x317.jpeg; https://media.rightmove.co.uk:443/dir/crop/10:9-16:9/102k/101996/167991296/101996_195160-1_IMG_04_0000_max_476x317.jpeg; https://media.rightmove.co.uk:443/dir/crop/10:9-16:9/102k/101996/167991296/101996_195160-1_IMG_05_0000_max_476x317.jpeg; https://media.rightmove.co.uk:443/dir/crop/10:9-16:9/102k/101996/167991296/101996_195160-1_IMG_06_0000_max_476x317.jpeg; https://media.rightmove.co.uk:443/dir/crop/10:9-16:9/102k/101996/167991296/101996_195160-1_IMG_07_0000_max_476x317.jpeg; https://media.rightmove.co.uk:443/dir/crop/10:9-16:9/102k/101996/167991296/101996_195160-1_IMG_08_0000_max_476x317.jpeg; https://media.rightmove.co.uk:443/dir/crop/10:9-16:9/102k/101996/167991296/101996_195160-1_IMG_09_0000_max_476x317.jpeg; https://media.rightmove.co.uk:443/dir/crop/10:9-16:9/102k/101996/167991296/101996_195160-1_IMG_10_0000_max_476x317.jpeg; https://media.rightmove.co.uk:443/dir/crop/10:9-16:9/102k/101996/167991296/101996_195160-1_IMG_11_0000_max_476x317.jpeg; https://media.rightmove.co.uk:443/dir/crop/10:9-16:9/102k/101996/167991296/101996_195160-1_IMG_12_0000_max_476x317.jpeg"
"163790282","Hampshire","Land","Haslar Road, Gosport","£69,000","","","","","","","","","We are pleased to offer this unique market opportunity Haslar Road in the charming town of Gosport, this lockup garage presents an excellent opportunity for those seeking secure parking or additional storage space. With ample room to accommodate two vehicles, this property is ideal for car enthus...","https://www.rightmove.co.uk/properties/163790282#/?channel=COM_BUY","2025-06-25T15:26:09Z","","price_reduced","Marketed by Bernards Estate and Lettings Agents, Gosport","","50.793319","-1.121536","https://media.rightmove.co.uk:443/dir/crop/10:9-16:9/286k/285137/163790282/285137_33990431_IMG_00_0000_max_476x317.jpeg; https://media.rightmove.co.uk:443/dir/crop/10:9-16:9/286k/285137/163790282/285137_33990431_IMG_01_0000_max_476x317.jpeg; https://media.rightmove.co.uk:443/dir/crop/10:9-16:9/286k/285137/163790282/285137_33990431_IMG_02_0000_max_476x317.jpeg; https://media.rightmove.co.uk:443/dir/crop/10:9-16:9/286k/285137/163790282/285137_33990431_IMG_03_0000_max_476x317.jpeg; https://media.rightmove.co.uk:443/dir/crop/10:9-16:9/286k/285137/163790282/285137_33990431_IMG_07_0000_max_476x317.png; https://media.rightmove.co.uk:443/dir/crop/10:9-16:9/286k/285137/163790282/285137_33990431_IMG_04_0000_max_476x317.jpeg; https://media.rightmove.co.uk:443/dir/crop/10:9-16:9/286k/285137/163790282/285137_33990431_IMG_05_0000_max_476x317.jpeg; https://media.rightmove.co.uk:443/dir/crop/10:9-16:9/286k/285137/163790282/285137_33990431_IMG_06_0000_max_476x317.jpeg"
"721781550455329","Hampshire","Commercial Property","Co-Op C-Store, Redfields Lane, Church Crookham, Fleet, GU52 0RB","£1,575,000","Offers in Region of","","","4,226 sq. ft.","4226","4226","393","393","Convenience Store Investment. Let to Co-Op Group Food Ltd (c12yrs remaining)","https://www.rightmove.co.uk/properties/721781550455329#/?channel=COM_BUY","2025-11-27T11:55:08Z","","new","Marketed by Hurst Warne & Partners Surveyors Limited, Guildford","","51.253112","-0.849107","https://media.rightmove.co.uk:443/dir/crop/10:9-16:9/283k/282641/721781550455329/282641_331148-1_IMG_00_0000_max_476x317.jpeg; https://media.rightmove.co.uk:443/dir/crop/10:9-16:9/283k/282641/721781550455329/282641_331148-1_IMG_01_0000_max_476x317.jpeg; https://media.rightmove.co.uk:443/dir/crop/10:9-16:9/283k/282641/721781550455329/282641_331148-1_IMG_02_0000_max_476x317.jpeg; https://media.rightmove.co.uk:443/dir/crop/10:9-16:9/283k/282641/721781550455329/282641_331148-1_IMG_03_0000_max_476x317.jpeg; https://media.rightmove.co.uk:443/dir/crop/10:9-16:9/283k/282641/721781550455329/282641_331148-1_IMG_04_0000_max_476x317.jpeg; https://media.rightmove.co.uk:443/dir/crop/10:9-16:9/283k/282641/721781550455329/282641_331148-1_IMG_05_0000_max_476x317.jpeg; https://media.rightmove.co.uk:443/dir/crop/10:9-16:9/283k/282641/721781550455329/282641_331148-1_IMG_06_0000_max_476x317.jpeg; https://media.rightmove.co.uk:443/dir/crop/10:9-16:9/283k/282641/721781550455329/282641_331148-1_IMG_07_0000_max_476x317.jpeg; https://media.rightmove.co.uk:443/dir/crop/10:9-16:9/283k/282641/721781550455329/282641_331148-1_IMG_08_0000_max_476x317.jpeg; https://media.rightmove.co.uk:443/dir/crop/10:9-16:9/283k/282641/721781550455329/282641_331148-1_IMG_09_0000_max_476x317.jpeg; https://media.rightmove.co.uk:443/dir/crop/10:9-16:9/283k/282641/721781550455329/282641_331148-1_IMG_10_0000_max_476x317.jpeg"
"167937290","Hampshire","Land","Shootash","£850,000","","","","47,480 sq. ft.","47480","47480","4411","4411","Outstanding rural development opportunity with current planning consent for 3 Class Q conversions and the potential for further development STPP","https://www.rightmove.co.uk/properties/167937290#/?channel=COM_BUY","2025-10-07T18:29:59Z","","new","Marketed by BCM Wilson Hill, Winchester","","50.996536","-1.545422","https://media.rightmove.co.uk:443/dir/crop/10:9-16:9/29k/28383/167937290/28383_34216544_IMG_00_0000_max_476x317.jpeg; https://media.rightmove.co.uk:443/dir/crop/10:9-16:9/29k/28383/167937290/28383_34216544_IMG_01_0000_max_476x317.jpeg; https://media.rightmove.co.uk:443/dir/crop/10:9-16:9/29k/28383/167937290/28383_34216544_IMG_02_0000_max_476x317.jpeg; https://media.rightmove.co.uk:443/dir/crop/10:9-16:9/29k/28383/167937290/28383_34216544_IMG_03_0000_max_476x317.jpeg; https://media.rightmove.co.uk:443/dir/crop/10:9-16:9/29k/28383/167937290/28383_34216544_IMG_04_0000_max_476x317.jpeg"
"167917499","Hampshire","Office","Unit 13 Headlands Business Park, Salisbury Road, Ringwood, Hampshire, BH24","£649,950","","","","3,584 sq. ft.","3584","3584","333","333","Detached office building - 3,584 sq ft - 13+ on-site car spaces - Price £649950","https://www.rightmove.co.uk/properties/167917499#/?channel=COM_BUY","2025-10-07T14:42:37Z","","new","Marketed by Nettleship Sawyer, Bournemouth","","50.85872","-1.78683","https://media.rightmove.co.uk:443/dir/crop/10:9-16:9/198k/197117/167917499/197117_SGC2838S_IMG_00_0000_max_476x317.jpeg; https://media.rightmove.co.uk:443/dir/crop/10:9-16:9/198k/197117/167917499/197117_SGC2838S_IMG_01_0000_max_476x317.jpeg; https://media.rightmove.co.uk:443/dir/crop/10:9-16:9/198k/197117/167917499/197117_SGC2838S_IMG_02_0000_max_476x317.jpeg; https://media.rightmove.co.uk:443/dir/crop/10:9-16:9/198k/197117/167917499/197117_SGC2838S_IMG_03_0000_max_476x317.jpeg; https://media.rightmove.co.uk:443/dir/crop/10:9-16:9/198k/197117/167917499/197117_SGC2838S_IMG_04_0000_max_476x317.jpeg; https://media.rightmove.co.uk:443/dir/crop/10:9-16:9/198k/197117/167917499/197117_SGC2838S_IMG_05_0000_max_476x317.jpeg; https://media.rightmove.co.uk:443/dir/crop/10:9-16:9/198k/197117/167917499/197117_SGC2838S_IMG_06_0000_max_476x317.jpeg; https://media.rightmove.co.uk:443/dir/crop/10:9-16:9/198k/197117/167917499/197117_SGC2838S_IMG_07_0000_max_476x317.jpeg; https://media.rightmove.co.uk:443/dir/crop/10:9-16:9/198k/197117/167917499/197117_SGC2838S_IMG_08_0000_max_476x317.jpeg; https://media.rightmove.co.uk:443/dir/crop/10:9-16:9/198k/197117/167917499/197117_SGC2838S_IMG_09_0000_max_476x317.jpeg; https://media.rightmove.co.uk:443/dir/crop/10:9-16:9/198k/197117/167917499/197117_SGC2838S_IMG_10_0000_max_476x317.jpeg; https://media.rightmove.co.uk:443/dir/crop/10:9-16:9/198k/197117/167917499/197117_SGC2838S_IMG_11_0000_max_476x317.jpeg; https://media.rightmove.co.uk:443/dir/crop/10:9-16:9/198k/197117/167917499/197117_SGC2838S_IMG_12_0000_max_476x317.jpeg; https://media.rightmove.co.uk:443/dir/crop/10:9-16:9/198k/197117/167917499/197117_SGC2838S_IMG_13_0000_max_476x317.jpeg"
"167895461","Hampshire","Restaurant","The Larder, 12 Earley Court, Lymington, Hampshire","£125,000","From","","","","","","","","The subject premises is a two-storey character property of brick construction under a pitched clay tiled roof, offered in excellent decorative order throughout. Internally, the public trade areas consist of two separate trading areas. A deli shop area with range of glass wood shelving displays,...","https://www.rightmove.co.uk/properties/167895461#/?channel=COM_BUY","2025-10-07T10:22:02Z","","size_change","Marketed by Lambert Smith Hampton, London","","50.759148","-1.539921","https://media.rightmove.co.uk:443/dir/crop/10:9-16:9/183k/182516/167895461/182516_2077861FH_IMG_00_0000_max_476x317.jpeg; https://media.rightmove.co.uk:443/dir/crop/10:9-16:9/183k/182516/167895461/182516_2077861FH_IMG_01_0000_max_476x317.jpeg; https://media.rightmove.co.uk:443/dir/crop/10:9-16:9/183k/182516/167895461/182516_2077861FH_IMG_02_0000_max_476x317.jpeg"
"167906342","Hampshire","Retail Property (high street)","Commercial Road, Southampton, Hampshire, SO40","£740,000","Guide Price","5","","3,142 sq. ft.","3142","3142","292","292","Newly Refurbished Residential uppers & Retail Investment in Southampton","https://www.rightmove.co.uk/properties/167906342#/?channel=COM_BUY","2025-10-07T12:43:31Z","","new","Marketed by Prideview Group, Middlesex","","50.91858","-1.48838","https://media.rightmove.co.uk:443/dir/crop/10:9-16:9/242k/241790/167906342/241790_Southampton_IMG_01_0000_max_476x317.jpeg; https://media.rightmove.co.uk:443/dir/crop/10:9-16:9/242k/241790/167906342/241790_Southampton_IMG_00_0000_max_476x317.jpeg; https://media.rightmove.co.uk:443/dir/crop/10:9-16:9/242k/241790/167906342/241790_Southampton_IMG_02_0000_max_476x317.jpeg; https://media.rightmove.co.uk:443/dir/crop/10:9-16:9/242k/241790/167906342/241790_Southampton_IMG_03_0000_max_476x317.jpeg; https://media.rightmove.co.uk:443/dir/crop/10:9-16:9/242k/241790/167906342/241790_Southampton_IMG_04_0000_max_476x317.jpeg; https://media.rightmove.co.uk:443/dir/crop/10:9-16:9/242k/241790/167906342/241790_Southampton_IMG_05_0000_max_476x317.jpeg; https://media.rightmove.co.uk:443/dir/crop/10:9-16:9/242k/241790/167906342/241790_Southampton_IMG_06_0000_max_476x317.jpeg; https://media.rightmove.co.uk:443/dir/crop/10:9-16:9/242k/241790/167906342/241790_Southampton_IMG_07_0000_max_476x317.jpeg; https://media.rightmove.co.uk:443/dir/crop/10:9-16:9/242k/241790/167906342/241790_Southampton_IMG_08_0000_max_476x317.jpeg; https://media.rightmove.co.uk:443/dir/crop/10:9-16:9/242k/241790/167906342/241790_Southampton_IMG_09_0000_max_476x317.jpeg; https://media.rightmove.co.uk:443/dir/crop/10:9-16:9/242k/241790/167906342/241790_Southampton_IMG_10_0000_max_476x317.jpeg; https://media.rightmove.co.uk:443/dir/crop/10:9-16:9/242k/241790/167906342/241790_Southampton_IMG_11_0000_max_476x317.jpeg; https://media.rightmove.co.uk:443/dir/crop/10:9-16:9/242k/241790/167906342/241790_Southampton_IMG_12_0000_max_476x317.jpeg; https://media.rightmove.co.uk:443/dir/crop/10:9-16:9/242k/241790/167906342/241790_Southampton_IMG_13_0000_max_476x317.jpeg; https://media.rightmove.co.uk:443/dir/crop/10:9-16:9/242k/241790/167906342/241790_Southampton_IMG_14_0000_max_476x317.jpeg; https://media.rightmove.co.uk:443/dir/crop/10:9-16:9/242k/241790/167906342/241790_Southampton_IMG_15_0000_max_476x317.jpeg"
"167902028","Hampshire","Retail Property (high street)","201 West Street, Fareham, PO16 0EN","£130,000","","","","537 sq. ft.","537","537","50","50","NEW BUILD GROUND FLOOR RETAIL UNIT FOR SALE","https://www.rightmove.co.uk/properties/167902028#/?channel=COM_BUY","2025-10-07T11:41:49Z","","price_reduced","Marketed by Holloway Iliffe & Mitchell, Portsmouth","","50.852738","-1.185864","https://media.rightmove.co.uk:443/dir/crop/10:9-16:9/287k/286838/167902028/286838_327552-1_IMG_00_0000_max_476x317.jpeg; https://media.rightmove.co.uk:443/dir/crop/10:9-16:9/287k/286838/167902028/286838_327552-1_IMG_01_0000_max_476x317.jpeg; https://media.rightmove.co.uk:443/dir/crop/10:9-16:9/287k/286838/167902028/286838_327552-1_IMG_02_0000_max_476x317.jpeg; https://media.rightmove.co.uk:443/dir/crop/10:9-16:9/287k/286838/167902028/286838_327552-1_IMG_03_0000_max_476x317.jpeg"
"87364251","Hampshire","Land","Popes Lane, Upham, SO32","£50,000","","","","","","","","","Strategic land of approx 1 acre, off Popes Lane, Upham SO32 1JB","https://www.rightmove.co.uk/properties/87364251#/?channel=COM_BUY","2025-12-01T10:15:41Z","","new","Marketed by Barney Estates and Auctioneers, London","","50.976787","-1.251312","https://media.rightmove.co.uk:443/dir/crop/10:9-16:9/131k/130351/87364251/130351_502012_002020_IMG_00_0000_max_476x317.jpeg; https://media.rightmove.co.uk:443/dir/crop/10:9-16:9/131k/130351/87364251/130351_502012_002020_IMG_01_0000_max_476x317.jpeg; https://media.rightmove.co.uk:443/dir/crop/10:9-16:9/131k/130351/87364251/130351_502012_002020_IMG_02_0000_max_476x317.jpeg"
"167892698","Hampshire","Office","10 The Sawmills, Durley, Southampton, Hampshire, SO32 2EH","£480,000","","","","2,619 sq. ft.","2619","2619","243","243","The property is located in the village of Durley which is approximately 3.5 miles to the north of Hedge End. Junction 7 of the M27 motorway is approximately 4 miles distant and provides access to Southampton. The closest mainline railway station can be found at Hedge End and there are regular ser...","https://www.rightmove.co.uk/properties/167892698#/?channel=COM_BUY","2025-10-07T09:44:09Z","","new","Marketed by Mava Real Estate, Southampton","","50.942364","-1.262668","https://media.rightmove.co.uk:443/dir/crop/10:9-16:9/97k/96725/167892698/96725_10191FH_IMG_00_0001_max_476x317.jpeg; https://media.rightmove.co.uk:443/dir/crop/10:9-16:9/97k/96725/167892698/96725_10191FH_IMG_01_0001_max_476x317.jpeg; https://media.rightmove.co.uk:443/dir/crop/10:9-16:9/97k/96725/167892698/96725_10191FH_IMG_02_0001_max_476x317.jpeg; https://media.rightmove.co.uk:443/dir/crop/10:9-16:9/97k/96725/167892698/96725_10191FH_IMG_03_0001_max_476x317.jpeg; https://media.rightmove.co.uk:443/dir/crop/10:9-16:9/97k/96725/167892698/96725_10191FH_IMG_04_0001_max_476x317.jpeg; https://media.rightmove.co.uk:443/dir/crop/10:9-16:9/97k/96725/167892698/96725_10191FH_IMG_05_0001_max_476x317.jpeg; https://media.rightmove.co.uk:443/dir/crop/10:9-16:9/97k/96725/167892698/96725_10191FH_IMG_06_0001_max_476x317.jpeg"
"719247618128816","Hampshire","Land","Land adjacent to 135 Southampton Road, Portsmouth, PO6 4SB","POA","","","","5,532 sq. ft.","5532","5532","514","514","Freehold land for sale in Southampton with potential for development, subject to planning.","https://www.rightmove.co.uk/properties/719247618128816#/?channel=COM_BUY","2025-11-13T11:56:08Z","","new","Marketed by Brasier Freeth, Kings Langley","","50.846845","-1.098864","https://media.rightmove.co.uk:443/dir/crop/10:9-16:9/258k/257342/719247618128816/257342_333266-1_IMG_00_0000_max_476x317.jpeg; https://media.rightmove.co.uk:443/dir/crop/10:9-16:9/258k/257342/719247618128816/257342_333266-1_IMG_01_0000_max_476x317.jpeg; https://media.rightmove.co.uk:443/dir/crop/10:9-16:9/258k/257342/719247618128816/257342_333266-1_IMG_02_0000_max_476x317.jpeg"
"167867444","Hampshire","Light Industrial","Unit 3/4 Vancouver Wharf Hazel Road, Woolston, Southampton, SO19","£550,000","","","","4,159 sq. ft.","4159","4159","386","386","The property comprises a modern recently refurbished, detached industrial unit with first floor offices and extensive mezzanine. The workshop has a manual roller loading door (3.59m wide x 4.00m high). The workshop benefits from LED lighting, 3 phase electricity and a gas fired air blower. The o...","https://www.rightmove.co.uk/properties/167867444#/?channel=COM_BUY","2025-10-06T16:28:12Z","","new","Marketed by Keygrove Chartered Surveyors, Southampton","","50.902866","-1.382492","https://media.rightmove.co.uk:443/dir/crop/10:9-16:9/96k/95672/167867444/95672_359FH_IMG_00_0000_max_476x317.jpeg; https://media.rightmove.co.uk:443/dir/crop/10:9-16:9/96k/95672/167867444/95672_359FH_IMG_01_0000_max_476x317.jpeg; https://media.rightmove.co.uk:443/dir/crop/10:9-16:9/96k/95672/167867444/95672_359FH_IMG_02_0000_max_476x317.jpeg; https://media.rightmove.co.uk:443/dir/crop/10:9-16:9/96k/95672/167867444/95672_359FH_IMG_03_0000_max_476x317.jpeg; https://media.rightmove.co.uk:443/dir/crop/10:9-16:9/96k/95672/167867444/95672_359FH_IMG_04_0000_max_476x317.jpeg; https://media.rightmove.co.uk:443/dir/crop/10:9-16:9/96k/95672/167867444/95672_359FH_IMG_05_0000_max_476x317.jpeg; https://media.rightmove.co.uk:443/dir/crop/10:9-16:9/96k/95672/167867444/95672_359FH_IMG_06_0000_max_476x317.jpeg; https://media.rightmove.co.uk:443/dir/crop/10:9-16:9/96k/95672/167867444/95672_359FH_IMG_07_0000_max_476x317.jpeg; https://media.rightmove.co.uk:443/dir/crop/10:9-16:9/96k/95672/167867444/95672_359FH_IMG_08_0000_max_476x317.jpeg; https://media.rightmove.co.uk:443/dir/crop/10:9-16:9/96k/95672/167867444/95672_359FH_IMG_09_0000_max_476x317.jpeg; https://media.rightmove.co.uk:443/dir/crop/10:9-16:9/96k/95672/167867444/95672_359FH_IMG_10_0000_max_476x317.jpeg; https://media.rightmove.co.uk:443/dir/crop/10:9-16:9/96k/95672/167867444/95672_359FH_IMG_11_0000_max_476x317.jpeg; https://media.rightmove.co.uk:443/dir/crop/10:9-16:9/96k/95672/167867444/95672_359FH_IMG_12_0000_max_476x317.jpeg; https://media.rightmove.co.uk:443/dir/crop/10:9-16:9/96k/95672/167867444/95672_359FH_IMG_13_0000_max_476x317.jpeg; https://media.rightmove.co.uk:443/dir/crop/10:9-16:9/96k/95672/167867444/95672_359FH_IMG_14_0000_max_476x317.jpeg; https://media.rightmove.co.uk:443/dir/crop/10:9-16:9/96k/95672/167867444/95672_359FH_IMG_15_0000_max_476x317.jpeg; https://media.rightmove.co.uk:443/dir/crop/10:9-16:9/96k/95672/167867444/95672_359FH_IMG_16_0000_max_476x317.jpeg; https://media.rightmove.co.uk:443/dir/crop/10:9-16:9/96k/95672/167867444/95672_359FH_IMG_17_0000_max_476x317.jpeg; https://media.rightmove.co.uk:443/dir/crop/10:9-16:9/96k/95672/167867444/95672_359FH_IMG_18_0000_max_476x317.jpeg"
"167864888","Hampshire","Takeaway","182 Kingston Road, Portsmouth, PO2 7LP","£200,000","Offers in Region of","","","1,143 sq. ft.","1143","1143","106","106","Mixed Use Freehold Available","https://www.rightmove.co.uk/properties/167864888#/?channel=COM_BUY","2025-10-06T15:57:26Z","","new","Marketed by Holloway Iliffe & Mitchell, Portsmouth","","50.811524","-1.07936","https://media.rightmove.co.uk:443/dir/crop/10:9-16:9/287k/286838/167864888/286838_180608-1_IMG_00_0000_max_476x317.jpeg; https://media.rightmove.co.uk:443/dir/crop/10:9-16:9/287k/286838/167864888/286838_180608-1_IMG_01_0000_max_476x317.jpeg; https://media.rightmove.co.uk:443/dir/crop/10:9-16:9/287k/286838/167864888/286838_180608-1_IMG_02_0000_max_476x317.jpeg; https://media.rightmove.co.uk:443/dir/crop/10:9-16:9/287k/286838/167864888/286838_180608-1_IMG_03_0000_max_476x317.jpeg; https://media.rightmove.co.uk:443/dir/crop/10:9-16:9/287k/286838/167864888/286838_180608-1_IMG_04_0000_max_476x317.jpeg; https://media.rightmove.co.uk:443/dir/crop/10:9-16:9/287k/286838/167864888/286838_180608-1_IMG_05_0000_max_476x317.jpeg; https://media.rightmove.co.uk:443/dir/crop/10:9-16:9/287k/286838/167864888/286838_180608-1_IMG_06_0000_max_476x317.jpeg; https://media.rightmove.co.uk:443/dir/crop/10:9-16:9/287k/286838/167864888/286838_180608-1_IMG_07_0000_max_476x317.jpeg; https://media.rightmove.co.uk:443/dir/crop/10:9-16:9/287k/286838/167864888/286838_180608-1_IMG_08_0000_max_476x317.jpeg"
"150098612","Hampshire","Land","Plot 4, Meadow Way, North Boarhunt, Hampshire, PO17 6BZ","£350,000","Offers in Region of","","","3,150 sq. ft.","3150","3150","293","293","The site has a gradual slope down towards Trampers Lane. The plot is predominately laid to shingle and grass with mature shrubs and trees.","https://www.rightmove.co.uk/properties/150098612#/?channel=COM_BUY","2024-07-10T13:10:41Z","","price_reduced","Marketed by Eddisons Commercial Limited, Eddisons Fareham","","50.895733","-1.143238","https://media.rightmove.co.uk:443/dir/crop/10:9-16:9/266k/265493/150098612/265493_3017156FH_IMG_07_0001_max_476x317.jpeg; https://media.rightmove.co.uk:443/dir/crop/10:9-16:9/266k/265493/150098612/265493_3017156FH_IMG_01_0000_max_476x317.jpeg; https://media.rightmove.co.uk:443/dir/crop/10:9-16:9/266k/265493/150098612/265493_3017156FH_IMG_02_0000_max_476x317.jpeg; https://media.rightmove.co.uk:443/dir/crop/10:9-16:9/266k/265493/150098612/265493_3017156FH_IMG_03_0000_max_476x317.jpeg; https://media.rightmove.co.uk:443/dir/crop/10:9-16:9/266k/265493/150098612/265493_3017156FH_IMG_04_0000_max_476x317.jpeg; https://media.rightmove.co.uk:443/dir/crop/10:9-16:9/266k/265493/150098612/265493_3017156FH_IMG_05_0000_max_476x317.jpeg; https://media.rightmove.co.uk:443/dir/crop/10:9-16:9/266k/265493/150098612/265493_3017156FH_IMG_06_0000_max_476x317.jpeg"
"167837015","Hampshire","Mixed Use","London Street, Basingstoke, Hampshire, RG21","£1,250,000","","3","","10,494 sq. ft.","10494","10494","975","975","20-22 London Street is a beautiful period property and a rare sizeable freehold opportunity on the high street with scope for investment and development. ","https://www.rightmove.co.uk/properties/167837015#/?channel=COM_BUY","2025-10-06T09:44:47Z","","new","Marketed by Jackson Wright Property Ltd, Covering Basingstoke","","51.26259","-1.08471","https://media.rightmove.co.uk:443/dir/crop/10:9-16:9/257k/256019/167837015/256019_LondonStr_IMG_00_0000_max_476x317.jpeg; https://media.rightmove.co.uk:443/dir/crop/10:9-16:9/257k/256019/167837015/256019_LondonStr_IMG_01_0000_max_476x317.jpeg; https://media.rightmove.co.uk:443/dir/crop/10:9-16:9/257k/256019/167837015/256019_LondonStr_IMG_02_0000_max_476x317.jpeg; https://media.rightmove.co.uk:443/dir/crop/10:9-16:9/257k/256019/167837015/256019_LondonStr_IMG_03_0000_max_476x317.jpeg; https://media.rightmove.co.uk:443/dir/crop/10:9-16:9/257k/256019/167837015/256019_LondonStr_IMG_04_0000_max_476x317.jpeg; https://media.rightmove.co.uk:443/dir/crop/10:9-16:9/257k/256019/167837015/256019_LondonStr_IMG_05_0000_max_476x317.jpeg; https://media.rightmove.co.uk:443/dir/crop/10:9-16:9/257k/256019/167837015/256019_LondonStr_IMG_06_0000_max_476x317.jpeg; https://media.rightmove.co.uk:443/dir/crop/10:9-16:9/257k/256019/167837015/256019_LondonStr_IMG_07_0000_max_476x317.jpeg"
"163764848","Hampshire","Light Industrial","School Close, Chandler's Ford, Eastleigh, Hampshire, SO53","£1,800,000","Offers in Region of","","","16,698 sq. ft.","16698","16698","1551","1551","PRICE REDUCED! Detached industrial unit with offices and parking on School Lane in Chandlers Ford - call us now!","https://www.rightmove.co.uk/properties/163764848#/?channel=COM_BUY","2025-06-25T10:18:37Z","","price_reduced","Marketed by Trinity Rose Commercial, Chandler's Ford","","50.981582","-1.390872","https://media.rightmove.co.uk:443/dir/crop/10:9-16:9/143k/142532/163764848/142532_COM250055_IMG_14_0000_max_476x317.jpeg; https://media.rightmove.co.uk:443/dir/crop/10:9-16:9/143k/142532/163764848/142532_COM250055_IMG_16_0000_max_476x317.jpeg; https://media.rightmove.co.uk:443/dir/crop/10:9-16:9/143k/142532/163764848/142532_COM250055_IMG_15_0001_max_476x317.jpeg; https://media.rightmove.co.uk:443/dir/crop/10:9-16:9/143k/142532/163764848/142532_COM250055_IMG_13_0000_max_476x317.jpeg; https://media.rightmove.co.uk:443/dir/crop/10:9-16:9/143k/142532/163764848/142532_COM250055_IMG_00_0000_max_476x317.jpeg; https://media.rightmove.co.uk:443/dir/crop/10:9-16:9/143k/142532/163764848/142532_COM250055_IMG_12_0001_max_476x317.jpeg; https://media.rightmove.co.uk:443/dir/crop/10:9-16:9/143k/142532/163764848/142532_COM250055_IMG_02_0000_max_476x317.jpeg; https://media.rightmove.co.uk:443/dir/crop/10:9-16:9/143k/142532/163764848/142532_COM250055_IMG_03_0000_max_476x317.jpeg; https://media.rightmove.co.uk:443/dir/crop/10:9-16:9/143k/142532/163764848/142532_COM250055_IMG_04_0000_max_476x317.jpeg; https://media.rightmove.co.uk:443/dir/crop/10:9-16:9/143k/142532/163764848/142532_COM250055_IMG_05_0000_max_476x317.jpeg; https://media.rightmove.co.uk:443/dir/crop/10:9-16:9/143k/142532/163764848/142532_COM250055_IMG_06_0000_max_476x317.jpeg; https://media.rightmove.co.uk:443/dir/crop/10:9-16:9/143k/142532/163764848/142532_COM250055_IMG_07_0000_max_476x317.jpeg; https://media.rightmove.co.uk:443/dir/crop/10:9-16:9/143k/142532/163764848/142532_COM250055_IMG_08_0000_max_476x317.jpeg; https://media.rightmove.co.uk:443/dir/crop/10:9-16:9/143k/142532/163764848/142532_COM250055_IMG_09_0000_max_476x317.jpeg; https://media.rightmove.co.uk:443/dir/crop/10:9-16:9/143k/142532/163764848/142532_COM250055_IMG_10_0000_max_476x317.jpeg; https://media.rightmove.co.uk:443/dir/crop/10:9-16:9/143k/142532/163764848/142532_COM250055_IMG_11_0000_max_476x317.jpeg"
"167763656","Hampshire","Shop","High Street, Lymington, Hampshire, SO41","£550,000","Guide Price","4","","","","","","","An opportunity to acquire a FREEHOLD INVESTMENT in this New Forest market town, fully let on leases producing rental income of £36,450 per annum, ( PROVIDING 6.5% RETURN ON INVESMENT). Businesses unaffected..","https://www.rightmove.co.uk/properties/167763656#/?channel=COM_BUY","2025-10-03T12:26:24Z","","price_reduced","Marketed by Burkmars Estate Agents, Lymington","","50.758258","-1.54165","https://media.rightmove.co.uk:443/dir/crop/10:9-16:9/13k/12244/167763656/12244_BEA240174_IMG_00_0000_max_476x317.jpeg; https://media.rightmove.co.uk:443/dir/crop/10:9-16:9/13k/12244/167763656/12244_BEA240174_IMG_01_0000_max_476x317.jpeg; https://media.rightmove.co.uk:443/dir/crop/10:9-16:9/13k/12244/167763656/12244_BEA240174_IMG_02_0000_max_476x317.jpeg; https://media.rightmove.co.uk:443/dir/crop/10:9-16:9/13k/12244/167763656/12244_BEA240174_IMG_03_0000_max_476x317.jpeg; https://media.rightmove.co.uk:443/dir/crop/10:9-16:9/13k/12244/167763656/12244_BEA240174_IMG_04_0000_max_476x317.jpeg; https://media.rightmove.co.uk:443/dir/crop/10:9-16:9/13k/12244/167763656/12244_BEA240174_IMG_05_0000_max_476x317.jpeg"
"167724782","Hampshire","Office","5 Cartel Business Centre, Stroudley Road, Basingstoke, South East, RG24","£650,000","","","","5,540 sq. ft.","5540","5540","515","515","Opportunity to acquire a modern, detached office building just a short walk from Basingstoke town centre. Recently refurbished throughout to a high standard, this self-contained property is available on a long leasehold basis and features a mezzanine at the front of the unit. The site benefits f...","https://www.rightmove.co.uk/properties/167724782#/?channel=COM_BUY","2025-10-02T15:57:22Z","","new","Marketed by Lambert Smith Hampton, London","","51.277425","-1.064658","https://media.rightmove.co.uk:443/dir/crop/10:9-16:9/183k/182516/167724782/182516_2078010FH_IMG_00_0000_max_476x317.jpeg; https://media.rightmove.co.uk:443/dir/crop/10:9-16:9/183k/182516/167724782/182516_2078010FH_IMG_01_0000_max_476x317.jpeg; https://media.rightmove.co.uk:443/dir/crop/10:9-16:9/183k/182516/167724782/182516_2078010FH_IMG_02_0000_max_476x317.jpeg; https://media.rightmove.co.uk:443/dir/crop/10:9-16:9/183k/182516/167724782/182516_2078010FH_IMG_03_0000_max_476x317.jpeg; https://media.rightmove.co.uk:443/dir/crop/10:9-16:9/183k/182516/167724782/182516_2078010FH_IMG_04_0000_max_476x317.jpeg; https://media.rightmove.co.uk:443/dir/crop/10:9-16:9/183k/182516/167724782/182516_2078010FH_IMG_05_0000_max_476x317.jpeg; https://media.rightmove.co.uk:443/dir/crop/10:9-16:9/183k/182516/167724782/182516_2078010FH_IMG_06_0000_max_476x317.jpeg; https://media.rightmove.co.uk:443/dir/crop/10:9-16:9/183k/182516/167724782/182516_2078010FH_IMG_07_0000_max_476x317.jpeg; https://media.rightmove.co.uk:443/dir/crop/10:9-16:9/183k/182516/167724782/182516_2078010FH_IMG_08_0000_max_476x317.jpeg; https://media.rightmove.co.uk:443/dir/crop/10:9-16:9/183k/182516/167724782/182516_2078010FH_IMG_09_0000_max_476x317.jpeg; https://media.rightmove.co.uk:443/dir/crop/10:9-16:9/183k/182516/167724782/182516_2078010FH_IMG_10_0000_max_476x317.jpeg"
"167720828","Hampshire","Commercial Property","Christchurch Road, Lymington","£625,000","","4","1","","","","","","Currently a charming, characterful vacant pub/restaurant set within over 1.5 acres of grounds. The property currently boasts over 4700 sq.ft of accommodation and could possibly extended or converted (STPP).","https://www.rightmove.co.uk/properties/167720828#/?channel=COM_BUY","2025-10-02T15:02:08Z","","new","Marketed by Key Drummond, Canford Cliffs","","50.742145","-1.610973","https://media.rightmove.co.uk:443/dir/crop/10:9-16:9/13k/12371/167720828/12371_34213054_IMG_00_0000_max_476x317.jpeg; https://media.rightmove.co.uk:443/dir/crop/10:9-16:9/13k/12371/167720828/12371_34213054_IMG_01_0000_max_476x317.jpeg; https://media.rightmove.co.uk:443/dir/crop/10:9-16:9/13k/12371/167720828/12371_34213054_IMG_02_0000_max_476x317.jpeg; https://media.rightmove.co.uk:443/dir/crop/10:9-16:9/13k/12371/167720828/12371_34213054_IMG_03_0000_max_476x317.jpeg; https://media.rightmove.co.uk:443/dir/crop/10:9-16:9/13k/12371/167720828/12371_34213054_IMG_04_0000_max_476x317.jpeg; https://media.rightmove.co.uk:443/dir/crop/10:9-16:9/13k/12371/167720828/12371_34213054_IMG_05_0000_max_476x317.jpeg; https://media.rightmove.co.uk:443/dir/crop/10:9-16:9/13k/12371/167720828/12371_34213054_IMG_06_0000_max_476x317.jpeg; https://media.rightmove.co.uk:443/dir/crop/10:9-16:9/13k/12371/167720828/12371_34213054_IMG_07_0000_max_476x317.jpeg; https://media.rightmove.co.uk:443/dir/crop/10:9-16:9/13k/12371/167720828/12371_34213054_IMG_08_0000_max_476x317.jpeg; https://media.rightmove.co.uk:443/dir/crop/10:9-16:9/13k/12371/167720828/12371_34213054_IMG_09_0000_max_476x317.jpeg"
"167720567","Hampshire","Plot","Mount Lane, Lockerley, Romsey, SO51","£35,000","","","","","","","","","Freehold Parcel of Land – Approaching 0.28 acres. Offered with Full Vacant Possession. The What3words address for accessing the plot via Mount Lane is ‘refer.commenced.chilling'.","https://www.rightmove.co.uk/properties/167720567#/?channel=COM_BUY","2025-10-02T14:58:30Z","","new","Marketed by Spencers, Romsey","","51.03056","-1.572269","https://media.rightmove.co.uk:443/dir/crop/10:9-16:9/283k/282092/167720567/282092_29392923_IMG_00_0000_max_476x317.jpeg; https://media.rightmove.co.uk:443/dir/crop/10:9-16:9/283k/282092/167720567/282092_29392923_IMG_01_0000_max_476x317.jpeg; https://media.rightmove.co.uk:443/dir/crop/10:9-16:9/283k/282092/167720567/282092_29392923_IMG_02_0000_max_476x317.jpeg; https://media.rightmove.co.uk:443/dir/crop/10:9-16:9/283k/282092/167720567/282092_29392923_IMG_03_0000_max_476x317.jpeg; https://media.rightmove.co.uk:443/dir/crop/10:9-16:9/283k/282092/167720567/282092_29392923_IMG_04_0000_max_476x317.jpeg; https://media.rightmove.co.uk:443/dir/crop/10:9-16:9/283k/282092/167720567/282092_29392923_IMG_05_0000_max_476x317.jpeg"
"86611512","Hampshire","Hotel","Lysses House Hotel, 15 High Street, Fareham, Hampshire, PO16 7BQ","£1,500,000","Guide Price","","","","","","","","Freehold. 21 ensuite bedrooms. Extensive function/private dining facilities. Picturesque gardens. Terrace 'al-fresco' dining. Car parking","https://www.rightmove.co.uk/properties/86611512#/?channel=COM_BUY","2023-10-12T14:55:30Z","","new","Marketed by Christie & Co, Hotels","","50.855293","-1.173649","https://media.rightmove.co.uk:443/dir/crop/10:9-16:9/261k/260756/86611512/260756_3847999-fh_IMG_00_0002_max_476x317.jpeg; https://media.rightmove.co.uk:443/dir/crop/10:9-16:9/261k/260756/86611512/260756_3847999-fh_IMG_07_0002_max_476x317.jpeg; https://media.rightmove.co.uk:443/dir/crop/10:9-16:9/261k/260756/86611512/260756_3847999-fh_IMG_14_0002_max_476x317.jpeg; https://media.rightmove.co.uk:443/dir/crop/10:9-16:9/261k/260756/86611512/260756_3847999-fh_IMG_17_0002_max_476x317.jpeg; https://media.rightmove.co.uk:443/dir/crop/10:9-16:9/261k/260756/86611512/260756_3847999-fh_IMG_18_0002_max_476x317.jpeg; https://media.rightmove.co.uk:443/dir/crop/10:9-16:9/261k/260756/86611512/260756_3847999-fh_IMG_19_0002_max_476x317.jpeg; https://media.rightmove.co.uk:443/dir/crop/10:9-16:9/261k/260756/86611512/260756_3847999-fh_IMG_01_0002_max_476x317.jpeg; https://media.rightmove.co.uk:443/dir/crop/10:9-16:9/261k/260756/86611512/260756_3847999-fh_IMG_02_0002_max_476x317.jpeg; https://media.rightmove.co.uk:443/dir/crop/10:9-16:9/261k/260756/86611512/260756_3847999-fh_IMG_03_0002_max_476x317.jpeg; https://media.rightmove.co.uk:443/dir/crop/10:9-16:9/261k/260756/86611512/260756_3847999-fh_IMG_04_0002_max_476x317.jpeg; https://media.rightmove.co.uk:443/dir/crop/10:9-16:9/261k/260756/86611512/260756_3847999-fh_IMG_05_0002_max_476x317.jpeg; https://media.rightmove.co.uk:443/dir/crop/10:9-16:9/261k/260756/86611512/260756_3847999-fh_IMG_06_0002_max_476x317.jpeg; https://media.rightmove.co.uk:443/dir/crop/10:9-16:9/261k/260756/86611512/260756_3847999-fh_IMG_08_0002_max_476x317.jpeg; https://media.rightmove.co.uk:443/dir/crop/10:9-16:9/261k/260756/86611512/260756_3847999-fh_IMG_09_0002_max_476x317.jpeg; https://media.rightmove.co.uk:443/dir/crop/10:9-16:9/261k/260756/86611512/260756_3847999-fh_IMG_10_0002_max_476x317.jpeg; https://media.rightmove.co.uk:443/dir/crop/10:9-16:9/261k/260756/86611512/260756_3847999-fh_IMG_11_0002_max_476x317.jpeg; https://media.rightmove.co.uk:443/dir/crop/10:9-16:9/261k/260756/86611512/260756_3847999-fh_IMG_12_0002_max_476x317.jpeg; https://media.rightmove.co.uk:443/dir/crop/10:9-16:9/261k/260756/86611512/260756_3847999-fh_IMG_13_0002_max_476x317.jpeg; https://media.rightmove.co.uk:443/dir/crop/10:9-16:9/261k/260756/86611512/260756_3847999-fh_IMG_15_0002_max_476x317.jpeg; https://media.rightmove.co.uk:443/dir/crop/10:9-16:9/261k/260756/86611512/260756_3847999-fh_IMG_16_0002_max_476x317.jpeg"
"167063435","Hampshire","Retail Property (high street)","Sheridan House, 40-42 Jewry Street, Winchester, SO23 8RY","POA","","","","19,355 sq. ft.","19355","19355","1798","1798","INCOME PRODUCING CITY CENTRE OFFICE/RETAIL BUILDING - FOR SALE","https://www.rightmove.co.uk/properties/167063435#/?channel=COM_BUY","2025-09-16T16:43:16Z","","size_change","Marketed by Vail Williams, Bournemouth","","51.063901","-1.31579","https://media.rightmove.co.uk:443/dir/crop/10:9-16:9/235k/234236/167063435/234236_330975-1_IMG_00_0000_max_476x317.jpeg; https://media.rightmove.co.uk:443/dir/crop/10:9-16:9/235k/234236/167063435/234236_330975-1_IMG_01_0000_max_476x317.jpeg; https://media.rightmove.co.uk:443/dir/crop/10:9-16:9/235k/234236/167063435/234236_330975-1_IMG_02_0000_max_476x317.jpeg; https://media.rightmove.co.uk:443/dir/crop/10:9-16:9/235k/234236/167063435/234236_330975-1_IMG_03_0000_max_476x317.jpeg; https://media.rightmove.co.uk:443/dir/crop/10:9-16:9/235k/234236/167063435/234236_330975-1_IMG_04_0000_max_476x317.jpeg; https://media.rightmove.co.uk:443/dir/crop/10:9-16:9/235k/234236/167063435/234236_330975-1_IMG_05_0000_max_476x317.jpeg; https://media.rightmove.co.uk:443/dir/crop/10:9-16:9/235k/234236/167063435/234236_330975-1_IMG_06_0000_max_476x317.jpeg; https://media.rightmove.co.uk:443/dir/crop/10:9-16:9/235k/234236/167063435/234236_330975-1_IMG_07_0000_max_476x317.jpeg; https://media.rightmove.co.uk:443/dir/crop/10:9-16:9/235k/234236/167063435/234236_330975-1_IMG_08_0000_max_476x317.jpeg; https://media.rightmove.co.uk:443/dir/crop/10:9-16:9/235k/234236/167063435/234236_330975-1_IMG_09_0000_max_476x317.jpeg; https://media.rightmove.co.uk:443/dir/crop/10:9-16:9/235k/234236/167063435/234236_330975-1_IMG_10_0000_max_476x317.jpeg; https://media.rightmove.co.uk:443/dir/crop/10:9-16:9/235k/234236/167063435/234236_330975-1_IMG_11_0000_max_476x317.jpeg; https://media.rightmove.co.uk:443/dir/crop/10:9-16:9/235k/234236/167063435/234236_330975-1_IMG_12_0000_max_476x317.jpeg; https://media.rightmove.co.uk:443/dir/crop/10:9-16:9/235k/234236/167063435/234236_330975-1_IMG_13_0000_max_476x317.jpeg; https://media.rightmove.co.uk:443/dir/crop/10:9-16:9/235k/234236/167063435/234236_330975-1_IMG_14_0000_max_476x317.jpeg; https://media.rightmove.co.uk:443/dir/crop/10:9-16:9/235k/234236/167063435/234236_330975-1_IMG_15_0000_max_476x317.jpeg; https://media.rightmove.co.uk:443/dir/crop/10:9-16:9/235k/234236/167063435/234236_330975-1_IMG_16_0000_max_476x317.jpeg; https://media.rightmove.co.uk:443/dir/crop/10:9-16:9/235k/234236/167063435/234236_330975-1_IMG_17_0000_max_476x317.jpeg; https://media.rightmove.co.uk:443/dir/crop/10:9-16:9/235k/234236/167063435/234236_330975-1_IMG_18_0000_max_476x317.jpeg; https://media.rightmove.co.uk:443/dir/crop/10:9-16:9/235k/234236/167063435/234236_330975-1_IMG_19_0000_max_476x317.jpeg; https://media.rightmove.co.uk:443/dir/crop/10:9-16:9/235k/234236/167063435/234236_330975-1_IMG_20_0000_max_476x317.jpeg"
"167614766","Hampshire","Retail Property (high street)","West Street, Havant, Hampshire, PO9","£575,000","","","","","","","","","Prime location - Full Building - Commercial & Residential - Fully Let - Let to Savers & AST - Total Passing Rent: £46,500p.a.x. - Price: £575,000","https://www.rightmove.co.uk/properties/167614766#/?channel=COM_BUY","2025-09-30T14:14:04Z","","new","Marketed by TSA Property Consultants Ltd, Glasgow","","50.85188","-0.98381","https://media.rightmove.co.uk:443/dir/crop/10:9-16:9/201k/200465/167614766/200465_SaversHampshireINV_IMG_05_0001_max_476x317.jpeg; https://media.rightmove.co.uk:443/dir/crop/10:9-16:9/201k/200465/167614766/200465_SaversHampshireINV_IMG_00_0000_max_476x317.png; https://media.rightmove.co.uk:443/dir/crop/10:9-16:9/201k/200465/167614766/200465_SaversHampshireINV_IMG_01_0000_max_476x317.png; https://media.rightmove.co.uk:443/dir/crop/10:9-16:9/201k/200465/167614766/200465_SaversHampshireINV_IMG_02_0000_max_476x317.png; https://media.rightmove.co.uk:443/dir/crop/10:9-16:9/201k/200465/167614766/200465_SaversHampshireINV_IMG_03_0000_max_476x317.png; https://media.rightmove.co.uk:443/dir/crop/10:9-16:9/201k/200465/167614766/200465_SaversHampshireINV_IMG_04_0000_max_476x317.png"
"167350643","Hampshire","Land","Land at Penns Place, Petersfield","POA","","","","164,221 sq. ft.","164221","164221","15257","15257","DEVELOPMENT OPPORTUNITY / OFFICE PROPERY FOR SALE","https://www.rightmove.co.uk/properties/167350643#/?channel=COM_BUY","2025-09-30T12:15:16Z","","new","Marketed by Savills, Southampton Development","","51.005419","-0.907327","https://media.rightmove.co.uk:443/dir/crop/10:9-16:9/94k/93400/167350643/93400_A7965727-37D4-4D5D-A5DF-BC561D035B46_IMG_00_0001_max_476x317.jpeg; https://media.rightmove.co.uk:443/dir/crop/10:9-16:9/94k/93400/167350643/93400_A7965727-37D4-4D5D-A5DF-BC561D035B46_IMG_02_0001_max_476x317.jpeg; https://media.rightmove.co.uk:443/dir/crop/10:9-16:9/94k/93400/167350643/93400_A7965727-37D4-4D5D-A5DF-BC561D035B46_IMG_01_0001_max_476x317.jpeg"
"167597369","Hampshire","Commercial Property","Cleveland Road, Gosport","£340,000","","6","3","","","","","","A recently converted HMO with 6 bedrooms which in our opinion is presented to a high standard. There are 2 shower rooms and 1 en-suite shower room, a communal living space and kitchen with 2 ovens, hobs and washing machines. Outside is a low maintenance outdoor area.","https://www.rightmove.co.uk/properties/167597369#/?channel=COM_BUY","2025-09-30T11:00:15Z","","new","Marketed by Dimon Estate Agents, Gosport","","50.791007","-1.13904","https://media.rightmove.co.uk:443/dir/crop/10:9-16:9/property-photo/35ade5f6b/167597369/35ade5f6baa1cb5edd2269f46d46f4fc_max_476x317.jpeg; https://media.rightmove.co.uk:443/dir/crop/10:9-16:9/property-photo/46e4f66f0/167597369/46e4f66f02e90aaaaa2bcafd3b26faff_max_476x317.jpeg; https://media.rightmove.co.uk:443/dir/crop/10:9-16:9/property-photo/c52e8da9b/167597369/c52e8da9b38db9434855a0d0f75c2e73_max_476x317.jpeg; https://media.rightmove.co.uk:443/dir/crop/10:9-16:9/property-photo/d2fb93389/167597369/d2fb93389134bf2712de36a7d82b9be6_max_476x317.jpeg; https://media.rightmove.co.uk:443/dir/crop/10:9-16:9/property-photo/605b20c9d/167597369/605b20c9d7f3e004e417bfd33f4bb5ff_max_476x317.jpeg; https://media.rightmove.co.uk:443/dir/crop/10:9-16:9/property-photo/12e680d36/167597369/12e680d36ae996cb6886c9f7231be412_max_476x317.jpeg; https://media.rightmove.co.uk:443/dir/crop/10:9-16:9/property-photo/562103040/167597369/562103040b44e6edd9c32e0b5c4e28fa_max_476x317.jpeg; https://media.rightmove.co.uk:443/dir/crop/10:9-16:9/property-photo/a31525820/167597369/a315258200c4f9acc8634f3341598eda_max_476x317.jpeg; https://media.rightmove.co.uk:443/dir/crop/10:9-16:9/property-photo/a0026a8f6/167597369/a0026a8f6bad25f5048b86b0930f00fd_max_476x317.jpeg; https://media.rightmove.co.uk:443/dir/crop/10:9-16:9/property-photo/4ed019e0a/167597369/4ed019e0a2087b52edf2ca019a2e2217_max_476x317.jpeg; https://media.rightmove.co.uk:443/dir/crop/10:9-16:9/property-photo/20ab0ba65/167597369/20ab0ba651f08faa85056a8385275600_max_476x317.jpeg; https://media.rightmove.co.uk:443/dir/crop/10:9-16:9/property-photo/3b5cf923f/167597369/3b5cf923f8c57b72e993b3a2537f96c0_max_476x317.jpeg; https://media.rightmove.co.uk:443/dir/crop/10:9-16:9/property-photo/4865fb5ca/167597369/4865fb5cab587ab056bd89be053b41c1_max_476x317.jpeg; https://media.rightmove.co.uk:443/dir/crop/10:9-16:9/property-photo/698f4c90e/167597369/698f4c90e907240826f76e2286b22e86_max_476x317.jpeg; https://media.rightmove.co.uk:443/dir/crop/10:9-16:9/property-photo/a2f585a4d/167597369/a2f585a4d1412fb44a2bd340b2694334_max_476x317.jpeg; https://media.rightmove.co.uk:443/dir/crop/10:9-16:9/property-photo/36b5a27d0/167597369/36b5a27d0fd88a88b294fd12594f8cd1_max_476x317.jpeg; https://media.rightmove.co.uk:443/dir/crop/10:9-16:9/property-photo/48f7eedcb/167597369/48f7eedcb6fac0153a9830ee16fa001f_max_476x317.jpeg; https://media.rightmove.co.uk:443/dir/crop/10:9-16:9/property-photo/64ce0a5ff/167597369/64ce0a5ffa8efeae863921e1a22911bf_max_476x317.jpeg"
"157296164","Hampshire","Land","Station Road, Netley Abbey, Southampton","£40,000","Guide Price","","","","","","","","The land is located in a area of Netley Abbey Southampton, which is close to the water front. Land is accessible from the main road. It is located near train station.","https://www.rightmove.co.uk/properties/157296164#/?channel=COM_BUY","2025-01-24T10:05:03Z","","price_reduced","Marketed by Connells, Bitterne","","50.87381","-1.34561","https://media.rightmove.co.uk:443/dir/crop/10:9-16:9/72k/71269/157296164/71269_BTN107260_IMG_00_0000_max_476x317.jpeg; https://media.rightmove.co.uk:443/dir/crop/10:9-16:9/72k/71269/157296164/71269_BTN107260_IMG_01_0000_max_476x317.jpeg; https://media.rightmove.co.uk:443/dir/crop/10:9-16:9/72k/71269/157296164/71269_BTN107260_IMG_02_0000_max_476x317.jpeg; https://media.rightmove.co.uk:443/dir/crop/10:9-16:9/72k/71269/157296164/71269_BTN107260_IMG_04_0000_max_476x317.jpeg; https://media.rightmove.co.uk:443/dir/crop/10:9-16:9/72k/71269/157296164/71269_BTN107260_IMG_05_0000_max_476x317.jpeg; https://media.rightmove.co.uk:443/dir/crop/10:9-16:9/72k/71269/157296164/71269_BTN107260_IMG_03_0000_max_476x317.jpeg; https://media.rightmove.co.uk:443/dir/crop/10:9-16:9/72k/71269/157296164/71269_BTN107260_IMG_06_0000_max_476x317.jpeg"
"167570603","Hampshire","Office","7 St Georges Business Centre, St Georges Square, Portsmouth, PO1 3EZ","£190,000","","","","800 sq. ft.","800","800","74","74","SELF CONTAINED OFFICE WITH PARKING","https://www.rightmove.co.uk/properties/167570603#/?channel=COM_BUY","2025-09-29T16:12:41Z","","new","Marketed by Vail Williams, Portsmouth","","50.7961","-1.10266","https://media.rightmove.co.uk:443/dir/crop/10:9-16:9/property-photo/cec36dbb4/167570603/cec36dbb4d1329b53490150cacd73b99_max_476x317.jpeg; https://media.rightmove.co.uk:443/dir/crop/10:9-16:9/property-photo/66ece24d5/167570603/66ece24d5f094d92c8eb499ef283964a_max_476x317.jpeg; https://media.rightmove.co.uk:443/dir/crop/10:9-16:9/property-photo/2cc905afb/167570603/2cc905afb8a29d48a445d30b990d8561_max_476x317.jpeg; https://media.rightmove.co.uk:443/dir/crop/10:9-16:9/property-photo/dcf28bb25/167570603/dcf28bb2578fa5343ee95bd890a91d91_max_476x317.jpeg; https://media.rightmove.co.uk:443/dir/crop/10:9-16:9/property-photo/1e687b00e/167570603/1e687b00e8b91afab1a08f2239bb16cb_max_476x317.jpeg; https://media.rightmove.co.uk:443/dir/crop/10:9-16:9/property-photo/14add2908/167570603/14add2908381a81d5d1df679e42af5ab_max_476x317.jpeg; https://media.rightmove.co.uk:443/dir/crop/10:9-16:9/property-photo/e1ac478c0/167570603/e1ac478c0a99bee84f873a3f65e23ac1_max_476x317.jpeg; https://media.rightmove.co.uk:443/dir/crop/10:9-16:9/property-photo/c59044d4c/167570603/c59044d4c94007db58d3ed7cacfc1fc7_max_476x317.jpeg; https://media.rightmove.co.uk:443/dir/crop/10:9-16:9/property-photo/7a704f6da/167570603/7a704f6da151208a27a8f84cbbacb7a5_max_476x317.jpeg; https://media.rightmove.co.uk:443/dir/crop/10:9-16:9/property-photo/13128b540/167570603/13128b540e5edb2f5ce70b48b2fb104d_max_476x317.jpeg; https://media.rightmove.co.uk:443/dir/crop/10:9-16:9/property-photo/27efef082/167570603/27efef082f2d7ffa5fbffac4ff9d6a7c_max_476x317.jpeg; https://media.rightmove.co.uk:443/dir/crop/10:9-16:9/property-photo/8f6a02f58/167570603/8f6a02f58e291d1a90b6577f60be97cd_max_476x317.jpeg; https://media.rightmove.co.uk:443/dir/crop/10:9-16:9/property-photo/8b6538b39/167570603/8b6538b39bcf2b82823201c13b6bed1f_max_476x317.jpeg; https://media.rightmove.co.uk:443/dir/crop/10:9-16:9/property-photo/3ab7f7202/167570603/3ab7f7202cc3f2d396967a74924e9884_max_476x317.jpeg; https://media.rightmove.co.uk:443/dir/crop/10:9-16:9/property-photo/e3db2d6d9/167570603/e3db2d6d94c88f86fce86752fc8af6ce_max_476x317.jpeg; https://media.rightmove.co.uk:443/dir/crop/10:9-16:9/property-photo/d448ebf13/167570603/d448ebf1380b1cb785e41b922bdf44a1_max_476x317.jpeg"
"723057851898800","Hampshire","Commercial Development","Fairways House, Alpha Business Park, Southampton, SO14 0QB","POA","","","","26,362 sq. ft.","26362","26362","2449","2449","Freehold Office Investment For Sale","https://www.rightmove.co.uk/properties/723057851898800#/?channel=COM_BUY","2025-12-04T14:55:23Z","","new","Marketed by Savills, Southampton","","50.914565","-1.389984","https://media.rightmove.co.uk:443/dir/crop/10:9-16:9/215k/214127/723057851898800/214127_332643-1_IMG_00_0000_max_476x317.png; https://media.rightmove.co.uk:443/dir/crop/10:9-16:9/215k/214127/723057851898800/214127_332643-1_IMG_01_0000_max_476x317.jpeg; https://media.rightmove.co.uk:443/dir/crop/10:9-16:9/215k/214127/723057851898800/214127_332643-1_IMG_02_0000_max_476x317.jpeg; https://media.rightmove.co.uk:443/dir/crop/10:9-16:9/215k/214127/723057851898800/214127_332643-1_IMG_03_0000_max_476x317.jpeg; https://media.rightmove.co.uk:443/dir/crop/10:9-16:9/215k/214127/723057851898800/214127_332643-1_IMG_04_0000_max_476x317.jpeg; https://media.rightmove.co.uk:443/dir/crop/10:9-16:9/215k/214127/723057851898800/214127_332643-1_IMG_05_0000_max_476x317.jpeg"
"160679846","Hampshire","Shop","Fountain Hair Salon, 4 Union Street, Aldershot, Hampshire, GU11","£800,000","Offers in Excess of","6","6","","","","","","Situated in the heart of Aldershot town centre is this wonderful opportunity to purchase Magic Scissor Barbers plus SIX one-bedroom apartments and freehold. Representing a fantastic investment opportunity with a 8% yield, the property currently generates in the region of £70,000, increasing...","https://www.rightmove.co.uk/properties/160679846#/?channel=COM_BUY","2025-04-14T17:20:30Z","","price_reduced","Marketed by Greg James Estate Agents, Farnborough","","51.249","-0.767446","https://media.rightmove.co.uk:443/dir/crop/10:9-16:9/107k/106480/160679846/106480_1686_IMG_00_0000_max_476x317.jpeg; https://media.rightmove.co.uk:443/dir/crop/10:9-16:9/107k/106480/160679846/106480_1686_IMG_01_0000_max_476x317.jpeg; https://media.rightmove.co.uk:443/dir/crop/10:9-16:9/107k/106480/160679846/106480_1686_IMG_02_0000_max_476x317.jpeg; https://media.rightmove.co.uk:443/dir/crop/10:9-16:9/107k/106480/160679846/106480_1686_IMG_03_0000_max_476x317.jpeg; https://media.rightmove.co.uk:443/dir/crop/10:9-16:9/107k/106480/160679846/106480_1686_IMG_04_0000_max_476x317.jpeg; https://media.rightmove.co.uk:443/dir/crop/10:9-16:9/107k/106480/160679846/106480_1686_IMG_05_0000_max_476x317.jpeg; https://media.rightmove.co.uk:443/dir/crop/10:9-16:9/107k/106480/160679846/106480_1686_IMG_06_0000_max_476x317.jpeg; https://media.rightmove.co.uk:443/dir/crop/10:9-16:9/107k/106480/160679846/106480_1686_IMG_07_0000_max_476x317.jpeg; https://media.rightmove.co.uk:443/dir/crop/10:9-16:9/107k/106480/160679846/106480_1686_IMG_08_0000_max_476x317.jpeg; https://media.rightmove.co.uk:443/dir/crop/10:9-16:9/107k/106480/160679846/106480_1686_IMG_09_0000_max_476x317.jpeg; https://media.rightmove.co.uk:443/dir/crop/10:9-16:9/107k/106480/160679846/106480_1686_IMG_10_0000_max_476x317.jpeg; https://media.rightmove.co.uk:443/dir/crop/10:9-16:9/107k/106480/160679846/106480_1686_IMG_11_0000_max_476x317.jpeg; https://media.rightmove.co.uk:443/dir/crop/10:9-16:9/107k/106480/160679846/106480_1686_IMG_12_0000_max_476x317.jpeg; https://media.rightmove.co.uk:443/dir/crop/10:9-16:9/107k/106480/160679846/106480_1686_IMG_13_0000_max_476x317.jpeg; https://media.rightmove.co.uk:443/dir/crop/10:9-16:9/107k/106480/160679846/106480_1686_IMG_14_0000_max_476x317.jpeg; https://media.rightmove.co.uk:443/dir/crop/10:9-16:9/107k/106480/160679846/106480_1686_IMG_15_0000_max_476x317.jpeg; https://media.rightmove.co.uk:443/dir/crop/10:9-16:9/107k/106480/160679846/106480_1686_IMG_16_0000_max_476x317.jpeg; https://media.rightmove.co.uk:443/dir/crop/10:9-16:9/107k/106480/160679846/106480_1686_IMG_17_0000_max_476x317.jpeg; https://media.rightmove.co.uk:443/dir/crop/10:9-16:9/107k/106480/160679846/106480_1686_IMG_18_0000_max_476x317.jpeg; https://media.rightmove.co.uk:443/dir/crop/10:9-16:9/107k/106480/160679846/106480_1686_IMG_19_0000_max_476x317.jpeg; https://media.rightmove.co.uk:443/dir/crop/10:9-16:9/107k/106480/160679846/106480_1686_IMG_20_0000_max_476x317.jpeg; https://media.rightmove.co.uk:443/dir/crop/10:9-16:9/107k/106480/160679846/106480_1686_IMG_21_0000_max_476x317.jpeg; https://media.rightmove.co.uk:443/dir/crop/10:9-16:9/107k/106480/160679846/106480_1686_IMG_22_0000_max_476x317.jpeg; https://media.rightmove.co.uk:443/dir/crop/10:9-16:9/107k/106480/160679846/106480_1686_IMG_23_0000_max_476x317.jpeg; https://media.rightmove.co.uk:443/dir/crop/10:9-16:9/107k/106480/160679846/106480_1686_IMG_24_0000_max_476x317.jpeg; https://media.rightmove.co.uk:443/dir/crop/10:9-16:9/107k/106480/160679846/106480_1686_IMG_25_0000_max_476x317.jpeg; https://media.rightmove.co.uk:443/dir/crop/10:9-16:9/107k/106480/160679846/106480_1686_IMG_26_0000_max_476x317.jpeg"
"162262940","Hampshire","Restaurant","Suan Thai Restaurant, Tee Court, Bell Street, Romsey, SO51 8GY","£60,000","Guide Price","","","","","","","","Leasehold. Owner operator. Restaurant 60 covers. Opportunity to expand on opening hours. T/O £402,129 ANP £122,990. GIA 266.4 Sqm (15.68 sq ft)","https://www.rightmove.co.uk/properties/162262940#/?channel=COM_BUY","2025-05-21T17:28:00Z","","price_reduced","Marketed by Christie & Co, Pubs & Restaurants","","50.988142","-1.499857","https://media.rightmove.co.uk:443/dir/crop/10:9-16:9/261k/260759/162262940/260759_3867966-lh_IMG_00_0001_max_476x317.jpeg; https://media.rightmove.co.uk:443/dir/crop/10:9-16:9/261k/260759/162262940/260759_3867966-lh_IMG_03_0001_max_476x317.jpeg; https://media.rightmove.co.uk:443/dir/crop/10:9-16:9/261k/260759/162262940/260759_3867966-lh_IMG_04_0001_max_476x317.jpeg; https://media.rightmove.co.uk:443/dir/crop/10:9-16:9/261k/260759/162262940/260759_3867966-lh_IMG_05_0001_max_476x317.jpeg; https://media.rightmove.co.uk:443/dir/crop/10:9-16:9/261k/260759/162262940/260759_3867966-lh_IMG_06_0001_max_476x317.jpeg; https://media.rightmove.co.uk:443/dir/crop/10:9-16:9/261k/260759/162262940/260759_3867966-lh_IMG_07_0001_max_476x317.jpeg; https://media.rightmove.co.uk:443/dir/crop/10:9-16:9/261k/260759/162262940/260759_3867966-lh_IMG_08_0001_max_476x317.jpeg; https://media.rightmove.co.uk:443/dir/crop/10:9-16:9/261k/260759/162262940/260759_3867966-lh_IMG_09_0001_max_476x317.jpeg; https://media.rightmove.co.uk:443/dir/crop/10:9-16:9/261k/260759/162262940/260759_3867966-lh_IMG_10_0001_max_476x317.jpeg; https://media.rightmove.co.uk:443/dir/crop/10:9-16:9/261k/260759/162262940/260759_3867966-lh_IMG_01_0001_max_476x317.jpeg; https://media.rightmove.co.uk:443/dir/crop/10:9-16:9/261k/260759/162262940/260759_3867966-lh_IMG_02_0001_max_476x317.jpeg"
"167153213","Hampshire","Commercial Development","90 Kingston Crescent, Portsmouth, Hampshire, PO2","£390,000","Offers in Region of","","","2,400 sq. ft.","2400","2400","223","223","An attractive freehold investment located on Kingston Crescent, Portsmouth. The property is arranged over two floors, with a total area of approximately 223 sqm, providing a prominent roadside position in a busy commercial location.","https://www.rightmove.co.uk/properties/167153213#/?channel=COM_BUY","2025-09-26T13:36:58Z","","new","Marketed by Trafalgar Property Consultancy, Gosport","","50.81285","-1.08104","https://media.rightmove.co.uk:443/dir/crop/10:9-16:9/284k/283427/167153213/283427_RM076_IMG_00_0000_max_476x317.jpeg; https://media.rightmove.co.uk:443/dir/crop/10:9-16:9/284k/283427/167153213/283427_RM076_IMG_01_0000_max_476x317.jpeg; https://media.rightmove.co.uk:443/dir/crop/10:9-16:9/284k/283427/167153213/283427_RM076_IMG_02_0000_max_476x317.jpeg; https://media.rightmove.co.uk:443/dir/crop/10:9-16:9/284k/283427/167153213/283427_RM076_IMG_03_0000_max_476x317.jpeg; https://media.rightmove.co.uk:443/dir/crop/10:9-16:9/284k/283427/167153213/283427_RM076_IMG_04_0000_max_476x317.jpeg; https://media.rightmove.co.uk:443/dir/crop/10:9-16:9/284k/283427/167153213/283427_RM076_IMG_05_0000_max_476x317.jpeg; https://media.rightmove.co.uk:443/dir/crop/10:9-16:9/284k/283427/167153213/283427_RM076_IMG_06_0000_max_476x317.jpeg; https://media.rightmove.co.uk:443/dir/crop/10:9-16:9/284k/283427/167153213/283427_RM076_IMG_07_0000_max_476x317.jpeg; https://media.rightmove.co.uk:443/dir/crop/10:9-16:9/284k/283427/167153213/283427_RM076_IMG_08_0000_max_476x317.jpeg; https://media.rightmove.co.uk:443/dir/crop/10:9-16:9/284k/283427/167153213/283427_RM076_IMG_09_0000_max_476x317.jpeg"
"153370202","Hampshire","Commercial Property","133-145 Botley Road, North Baddesley, Southampton, SO52 9EB","£1,295,000","Offers in Excess of","","","5,301 sq. ft.","5301","5301","492","492","Prominent commercial site investment","https://www.rightmove.co.uk/properties/153370202#/?channel=COM_BUY","2024-10-04T12:06:57Z","","price_reduced","Marketed by Hellier Langston Commercial Agents, Fareham","","50.977728","-1.436613","https://media.rightmove.co.uk:443/dir/crop/10:9-16:9/109k/108977/153370202/108977_234671-1_IMG_05_0000_max_476x317.jpeg; https://media.rightmove.co.uk:443/dir/crop/10:9-16:9/109k/108977/153370202/108977_234671-1_IMG_00_0000_max_476x317.jpeg; https://media.rightmove.co.uk:443/dir/crop/10:9-16:9/109k/108977/153370202/108977_234671-1_IMG_01_0000_max_476x317.jpeg; https://media.rightmove.co.uk:443/dir/crop/10:9-16:9/109k/108977/153370202/108977_234671-1_IMG_02_0000_max_476x317.jpeg; https://media.rightmove.co.uk:443/dir/crop/10:9-16:9/109k/108977/153370202/108977_234671-1_IMG_10_0000_max_476x317.jpeg; https://media.rightmove.co.uk:443/dir/crop/10:9-16:9/109k/108977/153370202/108977_234671-1_IMG_06_0000_max_476x317.jpeg; https://media.rightmove.co.uk:443/dir/crop/10:9-16:9/109k/108977/153370202/108977_234671-1_IMG_07_0000_max_476x317.jpeg; https://media.rightmove.co.uk:443/dir/crop/10:9-16:9/109k/108977/153370202/108977_234671-1_IMG_08_0000_max_476x317.jpeg; https://media.rightmove.co.uk:443/dir/crop/10:9-16:9/109k/108977/153370202/108977_234671-1_IMG_09_0000_max_476x317.jpeg; https://media.rightmove.co.uk:443/dir/crop/10:9-16:9/109k/108977/153370202/108977_234671-1_IMG_03_0000_max_476x317.jpeg; https://media.rightmove.co.uk:443/dir/crop/10:9-16:9/109k/108977/153370202/108977_234671-1_IMG_04_0000_max_476x317.jpeg"
"167426237","Hampshire","Office","2 James Street, Southampton, Hampshire, SO14 1PJ","£600,000","","","","3,695 sq. ft.","3695","3695","343","343","The property occupies a corner position in the centre of St Mary's retail offering, an established secondary trading position about half a mile from Southampton City Centre. The area predominately comprises mixed-use residential and retail businesses. The subject property comprises a two storey ...","https://www.rightmove.co.uk/properties/167426237#/?channel=COM_BUY","2025-09-25T14:42:47Z","","new","Marketed by Mava Real Estate, Southampton","","50.904457","-1.395415","https://media.rightmove.co.uk:443/dir/crop/10:9-16:9/97k/96725/167426237/96725_11665FH_IMG_00_0000_max_476x317.jpeg; https://media.rightmove.co.uk:443/dir/crop/10:9-16:9/97k/96725/167426237/96725_11665FH_IMG_01_0000_max_476x317.jpeg; https://media.rightmove.co.uk:443/dir/crop/10:9-16:9/97k/96725/167426237/96725_11665FH_IMG_02_0000_max_476x317.jpeg; https://media.rightmove.co.uk:443/dir/crop/10:9-16:9/97k/96725/167426237/96725_11665FH_IMG_03_0000_max_476x317.jpeg; https://media.rightmove.co.uk:443/dir/crop/10:9-16:9/97k/96725/167426237/96725_11665FH_IMG_04_0000_max_476x317.jpeg; https://media.rightmove.co.uk:443/dir/crop/10:9-16:9/97k/96725/167426237/96725_11665FH_IMG_05_0000_max_476x317.jpeg; https://media.rightmove.co.uk:443/dir/crop/10:9-16:9/97k/96725/167426237/96725_11665FH_IMG_06_0000_max_476x317.jpeg; https://media.rightmove.co.uk:443/dir/crop/10:9-16:9/97k/96725/167426237/96725_11665FH_IMG_07_0000_max_476x317.jpeg"
"145742684","Hampshire","Distribution Warehouse","1 Premier Way, Abbey Park Industrial Estate, North Baddesley, Southampton, SO51 9DQ","£4,400,000","Offers in Region of","","","28,907 sq. ft.","28907","28907","2686","2686","Detached industrial/warehouse unit on secure site with 1.5MVA electricity supply","https://www.rightmove.co.uk/properties/145742684#/?channel=COM_BUY","2024-03-14T15:23:41Z","","new","Marketed by Hellier Langston Commercial Agents, Southampton","","50.982658","-1.465534","https://media.rightmove.co.uk:443/dir/crop/10:9-16:9/121k/120028/145742684/120028_199194-1_IMG_00_0001_max_476x317.jpeg; https://media.rightmove.co.uk:443/dir/crop/10:9-16:9/121k/120028/145742684/120028_199194-1_IMG_01_0001_max_476x317.jpeg; https://media.rightmove.co.uk:443/dir/crop/10:9-16:9/121k/120028/145742684/120028_199194-1_IMG_04_0002_max_476x317.jpeg; https://media.rightmove.co.uk:443/dir/crop/10:9-16:9/121k/120028/145742684/120028_199194-1_IMG_05_0002_max_476x317.jpeg; https://media.rightmove.co.uk:443/dir/crop/10:9-16:9/121k/120028/145742684/120028_199194-1_IMG_06_0002_max_476x317.jpeg; https://media.rightmove.co.uk:443/dir/crop/10:9-16:9/121k/120028/145742684/120028_199194-1_IMG_07_0002_max_476x317.jpeg; https://media.rightmove.co.uk:443/dir/crop/10:9-16:9/121k/120028/145742684/120028_199194-1_IMG_08_0002_max_476x317.jpeg; https://media.rightmove.co.uk:443/dir/crop/10:9-16:9/121k/120028/145742684/120028_199194-1_IMG_09_0001_max_476x317.jpeg; https://media.rightmove.co.uk:443/dir/crop/10:9-16:9/121k/120028/145742684/120028_199194-1_IMG_10_0001_max_476x317.jpeg"
"167366588","Hampshire","Land","Andover Road, Wash Water, Newbury, Hampshire, RG20 0LR","£8,500","Guide Price","","","914 sq. ft.","914","914","85","85","*For sale via secure sale online bidding: terms and conditions apply.* The subject land site is located along The Chase Andover Road, in the market town of Newbury. The site has beautiful views, is close to local amenities and has great road access to the A34 via the A343. Please note w...","https://www.rightmove.co.uk/properties/167366588#/?channel=COM_BUY","2025-09-24T13:59:16Z","","new","Marketed by Pattinsons, Pattinsons Auction- National Auctioneer","","51.3651","-1.3521","https://media.rightmove.co.uk:443/dir/crop/10:9-16:9/property-photo/fd7720fed/167366588/fd7720fed9c21d676f2dc85c1d6a9095_max_476x317.png; https://media.rightmove.co.uk:443/dir/crop/10:9-16:9/property-photo/4aa2a52f8/167366588/4aa2a52f855a1024ae821cc3e2d1fdc3_max_476x317.png"
"167315738","Hampshire","Office","Radio House, Whittle Avenue, Fareham, Hampshire, PO15 5SX","£1,200,000","","","","9,298 sq. ft.","9298","9298","864","864","A detached part single, part two storey office/industrial building with steel clad elevations and windows at ground and first floor. Access is via a pedestrian entrance and with a concertina loading door. Externally there is a tarmac forecourt with parking for 23 vehicles. Internally the property...","https://www.rightmove.co.uk/properties/167315738#/?channel=COM_BUY","2025-09-23T14:44:07Z","","new","Marketed by Lambert Smith Hampton, Southampton","","50.870014","-1.258099","https://media.rightmove.co.uk:443/dir/crop/10:9-16:9/183k/182711/167315738/182711_2069267FH_IMG_00_0000_max_476x317.jpeg; https://media.rightmove.co.uk:443/dir/crop/10:9-16:9/183k/182711/167315738/182711_2069267FH_IMG_01_0000_max_476x317.jpeg; https://media.rightmove.co.uk:443/dir/crop/10:9-16:9/183k/182711/167315738/182711_2069267FH_IMG_02_0000_max_476x317.jpeg; https://media.rightmove.co.uk:443/dir/crop/10:9-16:9/183k/182711/167315738/182711_2069267FH_IMG_03_0000_max_476x317.jpeg; https://media.rightmove.co.uk:443/dir/crop/10:9-16:9/183k/182711/167315738/182711_2069267FH_IMG_04_0000_max_476x317.jpeg; https://media.rightmove.co.uk:443/dir/crop/10:9-16:9/183k/182711/167315738/182711_2069267FH_IMG_05_0000_max_476x317.jpeg; https://media.rightmove.co.uk:443/dir/crop/10:9-16:9/183k/182711/167315738/182711_2069267FH_IMG_06_0000_max_476x317.jpeg; https://media.rightmove.co.uk:443/dir/crop/10:9-16:9/183k/182711/167315738/182711_2069267FH_IMG_07_0000_max_476x317.jpeg; https://media.rightmove.co.uk:443/dir/crop/10:9-16:9/183k/182711/167315738/182711_2069267FH_IMG_08_0000_max_476x317.jpeg"
"167308466","Hampshire","Retail Property (high street)","Lenten Street, Alton, Hampshire, GU34","£650,000","","","","2,475 sq. ft.","2475","2475","230","230","Looking to invest in Alton, Hampshire? Fully-let freehold property comprising two shops and three resi units, close to Market Square - income over £50k pa, attractive net yield of 7.42%.","https://www.rightmove.co.uk/properties/167308466#/?channel=COM_BUY","2025-09-23T13:04:08Z","","new","Marketed by Trinity Rose Commercial, Chandler's Ford","","51.148902","-0.978067","https://media.rightmove.co.uk:443/dir/crop/10:9-16:9/143k/142532/167308466/142532_COM250067_IMG_05_0000_max_476x317.jpeg; https://media.rightmove.co.uk:443/dir/crop/10:9-16:9/143k/142532/167308466/142532_COM250067_IMG_06_0000_max_476x317.jpeg; https://media.rightmove.co.uk:443/dir/crop/10:9-16:9/143k/142532/167308466/142532_COM250067_IMG_07_0000_max_476x317.jpeg; https://media.rightmove.co.uk:443/dir/crop/10:9-16:9/143k/142532/167308466/142532_COM250067_IMG_00_0000_max_476x317.jpeg; https://media.rightmove.co.uk:443/dir/crop/10:9-16:9/143k/142532/167308466/142532_COM250067_IMG_08_0000_max_476x317.jpeg; https://media.rightmove.co.uk:443/dir/crop/10:9-16:9/143k/142532/167308466/142532_COM250067_IMG_09_0000_max_476x317.jpeg; https://media.rightmove.co.uk:443/dir/crop/10:9-16:9/143k/142532/167308466/142532_COM250067_IMG_01_0000_max_476x317.jpeg; https://media.rightmove.co.uk:443/dir/crop/10:9-16:9/143k/142532/167308466/142532_COM250067_IMG_10_0000_max_476x317.jpeg; https://media.rightmove.co.uk:443/dir/crop/10:9-16:9/143k/142532/167308466/142532_COM250067_IMG_02_0000_max_476x317.jpeg; https://media.rightmove.co.uk:443/dir/crop/10:9-16:9/143k/142532/167308466/142532_COM250067_IMG_11_0000_max_476x317.jpeg; https://media.rightmove.co.uk:443/dir/crop/10:9-16:9/143k/142532/167308466/142532_COM250067_IMG_12_0000_max_476x317.jpeg; https://media.rightmove.co.uk:443/dir/crop/10:9-16:9/143k/142532/167308466/142532_COM250067_IMG_04_0000_max_476x317.jpeg; https://media.rightmove.co.uk:443/dir/crop/10:9-16:9/143k/142532/167308466/142532_COM250067_IMG_03_0000_max_476x317.jpeg"
"167295017","Hampshire","Commercial Property","36 Station Road, New Milton, Hampshire","£275,000","Guide Price","","","903 sq. ft.","903","903","84","84","The market town of New Milton is located in the south west corner of Hampshire on the edge of the New Forest. New Milton is approximately 6 miles east of Christchurch town centre and 12 miles east of Bournemouth Town Centre. The property is located on a prime spot along Station Road surrounded...","https://www.rightmove.co.uk/properties/167295017#/?channel=COM_BUY","2025-09-23T10:09:31Z","","new","Marketed by Ellis and Partners Limited, Bournemouth","","50.754498","-1.656171","https://media.rightmove.co.uk:443/dir/crop/10:9-16:9/195k/194216/167295017/194216_370FH_IMG_00_0000_max_476x317.jpeg"
"167280245","Hampshire","Distribution Warehouse","9 Glenmore Business Park, Lime Kiln Lane, Holbury, Southampton, SO45 2AR","£450,000","","","","2,578 sq. ft.","2578","2578","240","240","End terrace industrial/warehouse unit","https://www.rightmove.co.uk/properties/167280245#/?channel=COM_BUY","2025-09-22T17:35:11Z","","size_change","Marketed by Hellier Langston Commercial Agents, Southampton","","50.840436","-1.392654","https://media.rightmove.co.uk:443/dir/crop/10:9-16:9/121k/120028/167280245/120028_332212-1_IMG_00_0000_max_476x317.jpeg; https://media.rightmove.co.uk:443/dir/crop/10:9-16:9/121k/120028/167280245/120028_332212-1_IMG_01_0001_max_476x317.jpeg; https://media.rightmove.co.uk:443/dir/crop/10:9-16:9/121k/120028/167280245/120028_332212-1_IMG_04_0000_max_476x317.jpeg; https://media.rightmove.co.uk:443/dir/crop/10:9-16:9/121k/120028/167280245/120028_332212-1_IMG_02_0001_max_476x317.jpeg; https://media.rightmove.co.uk:443/dir/crop/10:9-16:9/121k/120028/167280245/120028_332212-1_IMG_05_0000_max_476x317.jpeg; https://media.rightmove.co.uk:443/dir/crop/10:9-16:9/121k/120028/167280245/120028_332212-1_IMG_06_0000_max_476x317.jpeg; https://media.rightmove.co.uk:443/dir/crop/10:9-16:9/121k/120028/167280245/120028_332212-1_IMG_07_0000_max_476x317.jpeg; https://media.rightmove.co.uk:443/dir/crop/10:9-16:9/121k/120028/167280245/120028_332212-1_IMG_08_0001_max_476x317.jpeg; https://media.rightmove.co.uk:443/dir/crop/10:9-16:9/121k/120028/167280245/120028_332212-1_IMG_09_0000_max_476x317.jpeg; https://media.rightmove.co.uk:443/dir/crop/10:9-16:9/121k/120028/167280245/120028_332212-1_IMG_10_0000_max_476x317.jpeg; https://media.rightmove.co.uk:443/dir/crop/10:9-16:9/121k/120028/167280245/120028_332212-1_IMG_11_0000_max_476x317.jpeg; https://media.rightmove.co.uk:443/dir/crop/10:9-16:9/121k/120028/167280245/120028_332212-1_IMG_12_0000_max_476x317.jpeg"
"167270216","Hampshire","Office","22 Compass Point, Ensign Way, Hamble, Southampton, SO31 4RA","£690,000","","","","4,417 sq. ft.","4417","4417","410","410","Part vacant, part investment office premises in enviable waterfront location","https://www.rightmove.co.uk/properties/167270216#/?channel=COM_BUY","2025-09-22T15:19:56Z","","new","Marketed by Hellier Langston Commercial Agents, Fareham","","50.856428","-1.327875","https://media.rightmove.co.uk:443/dir/crop/10:9-16:9/property-photo/db0a7d20b/167270216/db0a7d20b4f04a0849db15674c75c462_max_476x317.jpeg; https://media.rightmove.co.uk:443/dir/crop/10:9-16:9/property-photo/179c562c9/167270216/179c562c9ca35d71bcf0eaec191616c3_max_476x317.jpeg; https://media.rightmove.co.uk:443/dir/crop/10:9-16:9/property-photo/f779e6b61/167270216/f779e6b61b990d92b2e18ed7d13bf355_max_476x317.jpeg; https://media.rightmove.co.uk:443/dir/crop/10:9-16:9/property-photo/caff1193c/167270216/caff1193ca94b400b344991ecd3a741d_max_476x317.jpeg; https://media.rightmove.co.uk:443/dir/crop/10:9-16:9/property-photo/f96b829ce/167270216/f96b829ce85ee0f219e69e70f44b3450_max_476x317.jpeg; https://media.rightmove.co.uk:443/dir/crop/10:9-16:9/property-photo/100cedb51/167270216/100cedb512bd6c3afdfbb60a79cce12c_max_476x317.jpeg; https://media.rightmove.co.uk:443/dir/crop/10:9-16:9/property-photo/8e3d8c13d/167270216/8e3d8c13d7f0c8d1afa6fbc46352451e_max_476x317.jpeg; https://media.rightmove.co.uk:443/dir/crop/10:9-16:9/property-photo/862b96b42/167270216/862b96b4284f34e3116a60f1c18c52d5_max_476x317.jpeg; https://media.rightmove.co.uk:443/dir/crop/10:9-16:9/property-photo/71b572504/167270216/71b5725049dd955eb40b37f8437a78c6_max_476x317.jpeg; https://media.rightmove.co.uk:443/dir/crop/10:9-16:9/property-photo/4719671fb/167270216/4719671fb416da9ae5d40ffb3211f288_max_476x317.jpeg; https://media.rightmove.co.uk:443/dir/crop/10:9-16:9/property-photo/406a4e7cb/167270216/406a4e7cb207e16a3d8fac2a00726281_max_476x317.jpeg; https://media.rightmove.co.uk:443/dir/crop/10:9-16:9/property-photo/d2bdb39a0/167270216/d2bdb39a00799045932c55cef8a83626_max_476x317.jpeg; https://media.rightmove.co.uk:443/dir/crop/10:9-16:9/property-photo/7e286d0bf/167270216/7e286d0bf5f81e5530d83687af0e4914_max_476x317.jpeg; https://media.rightmove.co.uk:443/dir/crop/10:9-16:9/property-photo/c1899edea/167270216/c1899edeaf63c9bc8b003778585b44f2_max_476x317.jpeg"
"167232758","Hampshire","Plot","Malthouse Meadows, Liphook, Hampshire, GU30","£200,000","Guide Price","3","2","1,496 sq. ft.","1496","1496","139","139","Building Plot - Land with planning permission to construct a detached 3 bedroom dwelling.","https://www.rightmove.co.uk/properties/167232758#/?channel=COM_BUY","2025-09-20T19:12:50Z","","new","Marketed by Peter Leete & Partners, Grayshott","","51.07914","-0.79626","https://media.rightmove.co.uk:443/dir/crop/10:9-16:9/34k/33539/167232758/33539_Malthouse-plot_IMG_00_0000_max_476x317.png; https://media.rightmove.co.uk:443/dir/crop/10:9-16:9/34k/33539/167232758/33539_Malthouse-plot_IMG_01_0000_max_476x317.png; https://media.rightmove.co.uk:443/dir/crop/10:9-16:9/34k/33539/167232758/33539_Malthouse-plot_IMG_02_0000_max_476x317.jpeg; https://media.rightmove.co.uk:443/dir/crop/10:9-16:9/34k/33539/167232758/33539_Malthouse-plot_IMG_03_0000_max_476x317.jpeg"
"167159321","Hampshire","Farm Land","Brook, Lyndhurst, SO43","£150,000","Offers Over","","","","","","","","A fantastic opportunity to acquire just under 2 acres of well-maintained grazing land with the benefit of unlimited forest riding with touching distance of the entrance. The land is ideally located and has its own access and is flanked with fencing and thick hedgerow all around and further ben...","https://www.rightmove.co.uk/properties/167159321#/?channel=COM_BUY","2025-09-18T16:30:17Z","","new","Marketed by Spencers, Burley","","50.924769","-1.612109","https://media.rightmove.co.uk:443/dir/crop/10:9-16:9/49k/48865/167159321/48865_29417422_IMG_00_0000_max_476x317.jpeg; https://media.rightmove.co.uk:443/dir/crop/10:9-16:9/49k/48865/167159321/48865_29417422_IMG_01_0000_max_476x317.jpeg; https://media.rightmove.co.uk:443/dir/crop/10:9-16:9/49k/48865/167159321/48865_29417422_IMG_02_0000_max_476x317.jpeg; https://media.rightmove.co.uk:443/dir/crop/10:9-16:9/49k/48865/167159321/48865_29417422_IMG_03_0000_max_476x317.jpeg; https://media.rightmove.co.uk:443/dir/crop/10:9-16:9/49k/48865/167159321/48865_29417422_IMG_04_0000_max_476x317.jpeg"
"163479680","Hampshire","Smallholding","Bull Hill, Pilley, Lymington, Hampshire, SO41","£1,050,000","","3","1","","","","","","A quintessential three bedroom forest cottage on the edge of the popular village of Pilley, with approximately 3.00 acres of paddocks and an excellent range of outbuildings including a workshop, storage barn, farm machinery barn, wood store, a farm/garden barn and stables. Chain free.","https://www.rightmove.co.uk/properties/163479680#/?channel=COM_BUY","2025-06-18T13:42:52Z","","price_reduced","Marketed by Woolley & Wallis, Lymington","","50.774182","-1.5139","https://media.rightmove.co.uk:443/dir/crop/10:9-16:9/68k/67558/163479680/67558_LYM150132_IMG_00_0000_max_476x317.jpeg; https://media.rightmove.co.uk:443/dir/crop/10:9-16:9/68k/67558/163479680/67558_LYM150132_IMG_12_0000_max_476x317.jpeg; https://media.rightmove.co.uk:443/dir/crop/10:9-16:9/68k/67558/163479680/67558_LYM150132_IMG_02_0000_max_476x317.jpeg; https://media.rightmove.co.uk:443/dir/crop/10:9-16:9/68k/67558/163479680/67558_LYM150132_IMG_15_0000_max_476x317.jpeg; https://media.rightmove.co.uk:443/dir/crop/10:9-16:9/68k/67558/163479680/67558_LYM150132_IMG_03_0000_max_476x317.jpeg; https://media.rightmove.co.uk:443/dir/crop/10:9-16:9/68k/67558/163479680/67558_LYM150132_IMG_04_0000_max_476x317.jpeg; https://media.rightmove.co.uk:443/dir/crop/10:9-16:9/68k/67558/163479680/67558_LYM150132_IMG_05_0000_max_476x317.jpeg; https://media.rightmove.co.uk:443/dir/crop/10:9-16:9/68k/67558/163479680/67558_LYM150132_IMG_06_0000_max_476x317.jpeg; https://media.rightmove.co.uk:443/dir/crop/10:9-16:9/68k/67558/163479680/67558_LYM150132_IMG_08_0000_max_476x317.jpeg; https://media.rightmove.co.uk:443/dir/crop/10:9-16:9/68k/67558/163479680/67558_LYM150132_IMG_09_0000_max_476x317.jpeg; https://media.rightmove.co.uk:443/dir/crop/10:9-16:9/68k/67558/163479680/67558_LYM150132_IMG_07_0000_max_476x317.jpeg; https://media.rightmove.co.uk:443/dir/crop/10:9-16:9/68k/67558/163479680/67558_LYM150132_IMG_01_0000_max_476x317.jpeg; https://media.rightmove.co.uk:443/dir/crop/10:9-16:9/68k/67558/163479680/67558_LYM150132_IMG_10_0000_max_476x317.jpeg; https://media.rightmove.co.uk:443/dir/crop/10:9-16:9/68k/67558/163479680/67558_LYM150132_IMG_11_0000_max_476x317.jpeg; https://media.rightmove.co.uk:443/dir/crop/10:9-16:9/68k/67558/163479680/67558_LYM150132_IMG_13_0000_max_476x317.jpeg; https://media.rightmove.co.uk:443/dir/crop/10:9-16:9/68k/67558/163479680/67558_LYM150132_IMG_14_0000_max_476x317.jpeg; https://media.rightmove.co.uk:443/dir/crop/10:9-16:9/68k/67558/163479680/67558_LYM150132_IMG_16_0000_max_476x317.jpeg; https://media.rightmove.co.uk:443/dir/crop/10:9-16:9/68k/67558/163479680/67558_LYM150132_IMG_17_0000_max_476x317.jpeg; https://media.rightmove.co.uk:443/dir/crop/10:9-16:9/68k/67558/163479680/67558_LYM150132_IMG_18_0000_max_476x317.jpeg; https://media.rightmove.co.uk:443/dir/crop/10:9-16:9/68k/67558/163479680/67558_LYM150132_IMG_19_0000_max_476x317.jpeg; https://media.rightmove.co.uk:443/dir/crop/10:9-16:9/68k/67558/163479680/67558_LYM150132_IMG_20_0000_max_476x317.jpeg; https://media.rightmove.co.uk:443/dir/crop/10:9-16:9/68k/67558/163479680/67558_LYM150132_IMG_21_0000_max_476x317.jpeg; https://media.rightmove.co.uk:443/dir/crop/10:9-16:9/68k/67558/163479680/67558_LYM150132_IMG_22_0000_max_476x317.jpeg; https://media.rightmove.co.uk:443/dir/crop/10:9-16:9/68k/67558/163479680/67558_LYM150132_IMG_23_0000_max_476x317.jpeg"
"167115242","Hampshire","Land","Bunny Lane, Romsey, SO51","£120,000","From","","","","","","","","An perfect opportunity to acquire approximately 2.7 Acres of freehold land, situated in a highly desirable rural location off Bunny Lane in Timsbury, near Romsey, Hampshire. The land is securely enclosed with post and wire fencing and benefits from gated access directly off the public highway.","https://www.rightmove.co.uk/properties/167115242#/?channel=COM_BUY","2025-09-17T17:36:09Z","","new","Marketed by Barney Estates and Auctioneers, London","","51.02189","-1.4899","https://media.rightmove.co.uk:443/dir/crop/10:9-16:9/131k/130351/167115242/130351_502012_001659_IMG_03_0000_max_476x317.jpeg; https://media.rightmove.co.uk:443/dir/crop/10:9-16:9/131k/130351/167115242/130351_502012_001659_IMG_00_0000_max_476x317.jpeg; https://media.rightmove.co.uk:443/dir/crop/10:9-16:9/131k/130351/167115242/130351_502012_001659_IMG_01_0000_max_476x317.jpeg; https://media.rightmove.co.uk:443/dir/crop/10:9-16:9/131k/130351/167115242/130351_502012_001659_IMG_02_0000_max_476x317.jpeg"
"167109581","Hampshire","Plot","Wickham, Hampshire","£400,000","Guide Price","2","1","","","","","","A rare opportunity to acquire a period two bedroom semi-detached cottage and building plots to the rear for a pair of two bedroom semi-detached bungalows with planning permission granted reference 23/00600/FUL.","https://www.rightmove.co.uk/properties/167109581#/?channel=COM_BUY","2025-09-17T16:33:55Z","","new","Marketed by Byrne Runciman, Wickham","","50.899871","-1.189176","https://media.rightmove.co.uk:443/dir/crop/10:9-16:9/42k/41009/167109581/41009_BRWIC_698111_IMG_00_0000_max_476x317.jpeg; https://media.rightmove.co.uk:443/dir/crop/10:9-16:9/42k/41009/167109581/41009_BRWIC_698111_IMG_01_0000_max_476x317.jpeg; https://media.rightmove.co.uk:443/dir/crop/10:9-16:9/42k/41009/167109581/41009_BRWIC_698111_IMG_02_0000_max_476x317.png; https://media.rightmove.co.uk:443/dir/crop/10:9-16:9/42k/41009/167109581/41009_BRWIC_698111_IMG_03_0000_max_476x317.png; https://media.rightmove.co.uk:443/dir/crop/10:9-16:9/42k/41009/167109581/41009_BRWIC_698111_IMG_04_0000_max_476x317.png; https://media.rightmove.co.uk:443/dir/crop/10:9-16:9/42k/41009/167109581/41009_BRWIC_698111_IMG_05_0000_max_476x317.jpeg; https://media.rightmove.co.uk:443/dir/crop/10:9-16:9/42k/41009/167109581/41009_BRWIC_698111_IMG_06_0000_max_476x317.jpeg; https://media.rightmove.co.uk:443/dir/crop/10:9-16:9/42k/41009/167109581/41009_BRWIC_698111_IMG_07_0000_max_476x317.jpeg; https://media.rightmove.co.uk:443/dir/crop/10:9-16:9/42k/41009/167109581/41009_BRWIC_698111_IMG_08_0000_max_476x317.jpeg"
"169770098","Hampshire","Land","Tadburn Lake/Land On The North Side Of Jenner Way, Romsey, Hampshire, SO51 8PD","£4,950","Guide Price","","","","","","","","FOR SALE BY ONLINE AUCTION WEDNESDAY 17TH OF DECEMBER 2025 AT 9AM - ***GREAT OPPORTUNITY TO ACQUIRE PRIME FREEHOLD PARCEL OF LAND WITH WATERCOURSE IN ROMSEY, HAMPSHIRE***GREAT VALUE LOW PRICE!***VACANT POSSESSION***","https://www.rightmove.co.uk/properties/169770098#/?channel=COM_BUY","2025-11-27T10:39:33Z","","price_reduced","Marketed by Online Property Auction Group, Glasgow","","50.993644","-1.470372","https://media.rightmove.co.uk:443/dir/crop/10:9-16:9/237k/236495/169770098/236495_320607_IMG_00_0000_max_476x317.jpeg; https://media.rightmove.co.uk:443/dir/crop/10:9-16:9/237k/236495/169770098/236495_320607_IMG_01_0000_max_476x317.jpeg; https://media.rightmove.co.uk:443/dir/crop/10:9-16:9/237k/236495/169770098/236495_320607_IMG_02_0000_max_476x317.jpeg; https://media.rightmove.co.uk:443/dir/crop/10:9-16:9/237k/236495/169770098/236495_320607_IMG_03_0000_max_476x317.jpeg; https://media.rightmove.co.uk:443/dir/crop/10:9-16:9/237k/236495/169770098/236495_320607_IMG_04_0000_max_476x317.jpeg; https://media.rightmove.co.uk:443/dir/crop/10:9-16:9/237k/236495/169770098/236495_320607_IMG_05_0000_max_476x317.jpeg; https://media.rightmove.co.uk:443/dir/crop/10:9-16:9/237k/236495/169770098/236495_320607_IMG_06_0000_max_476x317.jpeg"
"167008331","Hampshire","Land","Berewood - Commercial Development, Parcels M1 and M3","POA","","","","170,320 sq. ft.","170320","170320","15823","15823","Commercial Development Opportunity","https://www.rightmove.co.uk/properties/167008331#/?channel=COM_BUY","2025-09-17T11:34:32Z","","new","Marketed by Savills, Southampton Development","","50.880911","-1.037677","https://media.rightmove.co.uk:443/dir/crop/10:9-16:9/94k/93400/167008331/93400_1417F75F-4EC8-4D2C-AB36-63BC8C672352_IMG_00_0003_max_476x317.jpeg"
"158799158","Hampshire","Plot","Billett Avenue, Waterlooville","£425,000","Offers in Region of","4","2","","","","","","Whether you are a self-builder looking for an aspirational opportunity to build your forever family home, or a small developer seeking a great business opportunity, the marketing of this development provides that chance. With an original planning permission granted in (2021) for four stunning det...","https://www.rightmove.co.uk/properties/158799158#/?channel=COM_BUY","2025-02-27T18:46:42Z","","price_reduced","Marketed by SBK Property Consultants, Park Gate","","50.885098","-1.024643","https://media.rightmove.co.uk:443/dir/crop/10:9-16:9/131k/130501/158799158/130501_12612164_IMG_00_0000_max_476x317.jpeg; https://media.rightmove.co.uk:443/dir/crop/10:9-16:9/131k/130501/158799158/130501_12612164_IMG_01_0000_max_476x317.jpeg; https://media.rightmove.co.uk:443/dir/crop/10:9-16:9/131k/130501/158799158/130501_12612164_IMG_02_0000_max_476x317.jpeg; https://media.rightmove.co.uk:443/dir/crop/10:9-16:9/131k/130501/158799158/130501_12612164_IMG_03_0000_max_476x317.jpeg; https://media.rightmove.co.uk:443/dir/crop/10:9-16:9/131k/130501/158799158/130501_12612164_IMG_04_0000_max_476x317.jpeg; https://media.rightmove.co.uk:443/dir/crop/10:9-16:9/131k/130501/158799158/130501_12612164_IMG_05_0000_max_476x317.jpeg; https://media.rightmove.co.uk:443/dir/crop/10:9-16:9/131k/130501/158799158/130501_12612164_IMG_06_0000_max_476x317.jpeg; https://media.rightmove.co.uk:443/dir/crop/10:9-16:9/131k/130501/158799158/130501_12612164_IMG_07_0000_max_476x317.jpeg; https://media.rightmove.co.uk:443/dir/crop/10:9-16:9/131k/130501/158799158/130501_12612164_IMG_08_0000_max_476x317.jpeg; https://media.rightmove.co.uk:443/dir/crop/10:9-16:9/131k/130501/158799158/130501_12612164_IMG_09_0000_max_476x317.jpeg"
"166998326","Hampshire","Land","Linford, Ringwood                  ***LAND***","£200,000","Guide Price","","","","","","",""," A rare opportunity to acquire a compact equestrian and smallholding facility set in approximately 0.65 acres, with direct access onto the beautiful New Forest. Land Features, A Range of Outbuildings including 4 stables with adjoining feed store, 2 former pigsties with scope for alternative u...","https://www.rightmove.co.uk/properties/166998326#/?channel=COM_BUY","2025-09-15T13:06:40Z","","new","Marketed by Oliver Chandler, Salisbury","","50.86008","-1.747357","https://media.rightmove.co.uk:443/dir/crop/10:9-16:9/188k/187184/166998326/187184_12752539_IMG_02_0000_max_476x317.jpeg; https://media.rightmove.co.uk:443/dir/crop/10:9-16:9/188k/187184/166998326/187184_12752539_IMG_00_0000_max_476x317.jpeg; https://media.rightmove.co.uk:443/dir/crop/10:9-16:9/188k/187184/166998326/187184_12752539_IMG_01_0000_max_476x317.jpeg; https://media.rightmove.co.uk:443/dir/crop/10:9-16:9/188k/187184/166998326/187184_12752539_IMG_03_0000_max_476x317.jpeg; https://media.rightmove.co.uk:443/dir/crop/10:9-16:9/188k/187184/166998326/187184_12752539_IMG_04_0000_max_476x317.jpeg; https://media.rightmove.co.uk:443/dir/crop/10:9-16:9/188k/187184/166998326/187184_12752539_IMG_05_0000_max_476x317.jpeg; https://media.rightmove.co.uk:443/dir/crop/10:9-16:9/188k/187184/166998326/187184_12752539_IMG_06_0000_max_476x317.jpeg"
"166987754","Hampshire","Shop","86 Queens Road, Queens Road, Hampshire, GU14","£225,000","","","1","","","","","","Located in North Camp Village is this commerical premises for sale with freehold. The current Tenant has a LEASE running through until 2035.","https://www.rightmove.co.uk/properties/166987754#/?channel=COM_BUY","2025-09-15T08:53:38Z","","new","Marketed by Greg James Estate Agents, Farnborough","","51.27724","-0.74435","https://media.rightmove.co.uk:443/dir/crop/10:9-16:9/property-photo/2c091295d/166987754/2c091295dfe4d546fad0c0d5f1ed492c_max_476x317.jpeg; https://media.rightmove.co.uk:443/dir/crop/10:9-16:9/property-photo/93123ba19/166987754/93123ba1908e98a2d578cdba373bae73_max_476x317.jpeg; https://media.rightmove.co.uk:443/dir/crop/10:9-16:9/property-photo/aedf824d5/166987754/aedf824d507a57f3612e31b9d4347781_max_476x317.jpeg; https://media.rightmove.co.uk:443/dir/crop/10:9-16:9/property-photo/94dfe0a28/166987754/94dfe0a287b22d4f879f254fe0832e50_max_476x317.jpeg; https://media.rightmove.co.uk:443/dir/crop/10:9-16:9/property-photo/b1095af25/166987754/b1095af25b32ab9e0ea4308821b78921_max_476x317.jpeg; https://media.rightmove.co.uk:443/dir/crop/10:9-16:9/property-photo/237182ae7/166987754/237182ae74dc699ca632f6c2c401627d_max_476x317.jpeg"
"166944116","Hampshire","Land","1-3 Warwick Crescent, Southsea, Portsmouth, Hampshire, PO5 4BF","POA","","","","5,227 sq. ft.","5227","5227","486","486","Warwick Crescent is a residential area, 8 mins walk from the heart of Portsmouth University, and 10 mins from the main student hub on Cambridge Rd. The proposed new development will present an attractive part 3, part 4 storey building. Portsmouth is home to over 28,000 students with an additional...","https://www.rightmove.co.uk/properties/166944116#/?channel=COM_BUY","2025-09-12T16:50:48Z","","new","Marketed by Lambert Smith Hampton, Southampton","","50.793915","-1.087524","https://media.rightmove.co.uk:443/dir/crop/10:9-16:9/183k/182711/166944116/182711_2077099FH_IMG_00_0000_max_476x317.jpeg; https://media.rightmove.co.uk:443/dir/crop/10:9-16:9/183k/182711/166944116/182711_2077099FH_IMG_01_0000_max_476x317.jpeg; https://media.rightmove.co.uk:443/dir/crop/10:9-16:9/183k/182711/166944116/182711_2077099FH_IMG_02_0000_max_476x317.jpeg; https://media.rightmove.co.uk:443/dir/crop/10:9-16:9/183k/182711/166944116/182711_2077099FH_IMG_03_0000_max_476x317.jpeg; https://media.rightmove.co.uk:443/dir/crop/10:9-16:9/183k/182711/166944116/182711_2077099FH_IMG_04_0000_max_476x317.jpeg; https://media.rightmove.co.uk:443/dir/crop/10:9-16:9/183k/182711/166944116/182711_2077099FH_IMG_05_0000_max_476x317.jpeg"
"722865509574464","Hampshire","Light Industrial","47 Aston Road, Waterlooville, PO7 7XJ","£1,100,000","Offers in Excess of","","","9,124 sq. ft.","9124","9124","848","848","Detached Industrial Unit/Warehouse Established Industrial/Trade Area Well Located – Close to A3M and A27","https://www.rightmove.co.uk/properties/722865509574464#/?channel=COM_BUY","2025-12-03T11:04:06Z","","size_change","Marketed by Realest, Industrial & Logistics","","50.885372","-1.035994","https://media.rightmove.co.uk:443/dir/crop/10:9-16:9/property-photo/03e09b571/722865509574464/03e09b571cf3517eb41c77a31bb3eb23_max_476x317.jpeg; https://media.rightmove.co.uk:443/dir/crop/10:9-16:9/property-photo/eff522f27/722865509574464/eff522f27715ebeecb07ee8404b89c80_max_476x317.jpeg; https://media.rightmove.co.uk:443/dir/crop/10:9-16:9/property-photo/298c0b1c3/722865509574464/298c0b1c34f27a09d5061569d55c0e62_max_476x317.jpeg; https://media.rightmove.co.uk:443/dir/crop/10:9-16:9/property-photo/16a7adbae/722865509574464/16a7adbae00dafac2a133e647e525673_max_476x317.jpeg; https://media.rightmove.co.uk:443/dir/crop/10:9-16:9/property-photo/93a72671e/722865509574464/93a72671e755c2df054c23aa35e14598_max_476x317.jpeg; https://media.rightmove.co.uk:443/dir/crop/10:9-16:9/property-photo/7fb2e05cb/722865509574464/7fb2e05cb241b70bf99829a9b2c9be64_max_476x317.jpeg; https://media.rightmove.co.uk:443/dir/crop/10:9-16:9/property-photo/cc0fad273/722865509574464/cc0fad273e92fc19f0190037b039c9f7_max_476x317.jpeg; https://media.rightmove.co.uk:443/dir/crop/10:9-16:9/property-photo/cffa8a592/722865509574464/cffa8a592acf721000245db6a0ec6c6d_max_476x317.jpeg; https://media.rightmove.co.uk:443/dir/crop/10:9-16:9/property-photo/e8d054220/722865509574464/e8d054220177a37f272849145c1c6a71_max_476x317.jpeg; https://media.rightmove.co.uk:443/dir/crop/10:9-16:9/property-photo/e83760876/722865509574464/e83760876c5f8076e53ec9635d6ee1b2_max_476x317.jpeg; https://media.rightmove.co.uk:443/dir/crop/10:9-16:9/property-photo/c03d14bdd/722865509574464/c03d14bdda467b82da0f80751089d396_max_476x317.jpeg; https://media.rightmove.co.uk:443/dir/crop/10:9-16:9/property-photo/b0771227f/722865509574464/b0771227f4697e21b0b78d9f7e255fa5_max_476x317.jpeg; https://media.rightmove.co.uk:443/dir/crop/10:9-16:9/property-photo/6c16585b7/722865509574464/6c16585b7a317725892c81806b9d3851_max_476x317.jpeg"
"160137236","Hampshire","Plot","Land at Green Lane, Ellisfield","£299,950","","3","3","1,593 sq. ft.","1593","1593","148","148","This consented building plot offers the prospective buyer a unique ""self build"" opportunity in the picturesque village of Ellisfield. Set beyond rolling hills, the approved property is a modern and spacious home. ","https://www.rightmove.co.uk/properties/160137236#/?channel=COM_BUY","2025-04-02T10:56:43Z","","price_reduced","Marketed by Jackson Wright Property Ltd, Covering Basingstoke","","51.19297","-1.0931","https://media.rightmove.co.uk:443/dir/crop/10:9-16:9/257k/256019/160137236/256019_JWP26001_IMG_00_0000_max_476x317.jpeg; https://media.rightmove.co.uk:443/dir/crop/10:9-16:9/257k/256019/160137236/256019_JWP26001_IMG_01_0000_max_476x317.jpeg; https://media.rightmove.co.uk:443/dir/crop/10:9-16:9/257k/256019/160137236/256019_JWP26001_IMG_02_0000_max_476x317.jpeg; https://media.rightmove.co.uk:443/dir/crop/10:9-16:9/257k/256019/160137236/256019_JWP26001_IMG_03_0000_max_476x317.jpeg; https://media.rightmove.co.uk:443/dir/crop/10:9-16:9/257k/256019/160137236/256019_JWP26001_IMG_05_0000_max_476x317.jpeg; https://media.rightmove.co.uk:443/dir/crop/10:9-16:9/257k/256019/160137236/256019_JWP26001_IMG_06_0000_max_476x317.jpeg; https://media.rightmove.co.uk:443/dir/crop/10:9-16:9/257k/256019/160137236/256019_JWP26001_IMG_07_0000_max_476x317.jpeg"
"166906889","Hampshire","Healthcare Facility","Wykeham House, 6 Western Road, Andover, SP10 2JG","£1,000,000","Guide Price","","","","","","","","Freehold. Closed former Conservative Club. PP for 7 bed specialist care home. The GIA of the proposal will be 534m2. Located close to town centre. Scope for additional rooms, STPP","https://www.rightmove.co.uk/properties/166906889#/?channel=COM_BUY","2025-09-12T09:04:01Z","","price_reduced","Marketed by Christie & Co, Care","","51.206132","-1.48413","https://media.rightmove.co.uk:443/dir/crop/10:9-16:9/261k/260747/166906889/260747_3878379-fh_IMG_00_0001_max_476x317.jpeg"
"166909436","Hampshire","Warehouse","Units 1 - 4 Newton Park, Hopkinson Way, Portway West Business Park, Andover, SP10 3SH","POA","","","","13,954 sq. ft.","13954","13954","1296","1296","Long Leasehold Multi-let Industrial Estate Investment For Sale","https://www.rightmove.co.uk/properties/166909436#/?channel=COM_BUY","2025-09-12T09:44:40Z","","new","Marketed by Curchod & Co LLP, Basingstoke","","51.216418","-1.51829","https://media.rightmove.co.uk:443/dir/crop/10:9-16:9/286k/285836/166909436/285836_192116-1_IMG_00_0000_max_476x317.jpeg; https://media.rightmove.co.uk:443/dir/crop/10:9-16:9/286k/285836/166909436/285836_192116-1_IMG_01_0000_max_476x317.jpeg; https://media.rightmove.co.uk:443/dir/crop/10:9-16:9/286k/285836/166909436/285836_192116-1_IMG_02_0000_max_476x317.jpeg; https://media.rightmove.co.uk:443/dir/crop/10:9-16:9/286k/285836/166909436/285836_192116-1_IMG_03_0000_max_476x317.jpeg; https://media.rightmove.co.uk:443/dir/crop/10:9-16:9/286k/285836/166909436/285836_192116-1_IMG_04_0000_max_476x317.jpeg"
"166905458","Hampshire","Land","Mays Lane, Stubbington, PO14","£255,000","Guide Price","","","","","","","","* Plot of land for sale with planning permission granted for a two bedroom detached bungalow *","https://www.rightmove.co.uk/properties/166905458#/?channel=COM_BUY","2025-09-12T08:05:59Z","","new","Marketed by Fenwicks Estate Agents, Lee On The Solent","","50.828506","-1.212992","https://media.rightmove.co.uk:443/dir/crop/10:9-16:9/7k/6928/166905458/6928_12750425_IMG_00_0000_max_476x317.jpeg; https://media.rightmove.co.uk:443/dir/crop/10:9-16:9/7k/6928/166905458/6928_12750425_IMG_01_0000_max_476x317.jpeg; https://media.rightmove.co.uk:443/dir/crop/10:9-16:9/7k/6928/166905458/6928_12750425_IMG_02_0000_max_476x317.jpeg"
"723048720884321","Hampshire","Commercial Property","The Crown Inn, Romsey Road, Kings Somborne, Stockbridge, SO20 6PW","£400,000","Offers in Region of","","","9,801 sq. ft.","9801","9801","911","911","Freehold public house investment for sale, currently let on a lease expiring in 2028","https://www.rightmove.co.uk/properties/723048720884321#/?channel=COM_BUY","2025-12-04T11:24:06Z","","price_reduced","Marketed by Savills, Southampton - Licensed Leisure","","51.077518","-1.487574","https://media.rightmove.co.uk:443/dir/crop/10:9-16:9/226k/225509/723048720884321/225509_23197-1_IMG_00_0000_max_476x317.png; https://media.rightmove.co.uk:443/dir/crop/10:9-16:9/226k/225509/723048720884321/225509_23197-1_IMG_01_0000_max_476x317.png; https://media.rightmove.co.uk:443/dir/crop/10:9-16:9/226k/225509/723048720884321/225509_23197-1_IMG_02_0000_max_476x317.png; https://media.rightmove.co.uk:443/dir/crop/10:9-16:9/226k/225509/723048720884321/225509_23197-1_IMG_03_0000_max_476x317.png; https://media.rightmove.co.uk:443/dir/crop/10:9-16:9/226k/225509/723048720884321/225509_23197-1_IMG_04_0000_max_476x317.png; https://media.rightmove.co.uk:443/dir/crop/10:9-16:9/226k/225509/723048720884321/225509_23197-1_IMG_05_0000_max_476x317.png"
"723057394837057","Hampshire","Commercial Property","Malthouse, Stockbridge Road, Timsbury, Romsey, SO51 0NG","£1,225,000","Offers in Excess of","","","5,397 sq. ft.","5397","5397","501","501","Freehold public house for sale let until March 2039 at a rent of £106,092 per annum","https://www.rightmove.co.uk/properties/723057394837057#/?channel=COM_BUY","2025-12-04T14:55:16Z","","new","Marketed by Savills, Margaret Street - Licensed Leisure","","51.02644","-1.512241","https://media.rightmove.co.uk:443/dir/crop/10:9-16:9/226k/225521/723057394837057/225521_327215-1_IMG_00_0000_max_476x317.jpeg; https://media.rightmove.co.uk:443/dir/crop/10:9-16:9/226k/225521/723057394837057/225521_327215-1_IMG_01_0000_max_476x317.jpeg; https://media.rightmove.co.uk:443/dir/crop/10:9-16:9/226k/225521/723057394837057/225521_327215-1_IMG_02_0000_max_476x317.jpeg; https://media.rightmove.co.uk:443/dir/crop/10:9-16:9/226k/225521/723057394837057/225521_327215-1_IMG_03_0000_max_476x317.jpeg; https://media.rightmove.co.uk:443/dir/crop/10:9-16:9/226k/225521/723057394837057/225521_327215-1_IMG_04_0000_max_476x317.jpeg; https://media.rightmove.co.uk:443/dir/crop/10:9-16:9/226k/225521/723057394837057/225521_327215-1_IMG_05_0000_max_476x317.jpeg; https://media.rightmove.co.uk:443/dir/crop/10:9-16:9/226k/225521/723057394837057/225521_327215-1_IMG_06_0000_max_476x317.jpeg; https://media.rightmove.co.uk:443/dir/crop/10:9-16:9/226k/225521/723057394837057/225521_327215-1_IMG_07_0000_max_476x317.jpeg; https://media.rightmove.co.uk:443/dir/crop/10:9-16:9/226k/225521/723057394837057/225521_327215-1_IMG_08_0000_max_476x317.jpeg; https://media.rightmove.co.uk:443/dir/crop/10:9-16:9/226k/225521/723057394837057/225521_327215-1_IMG_09_0000_max_476x317.jpeg; https://media.rightmove.co.uk:443/dir/crop/10:9-16:9/226k/225521/723057394837057/225521_327215-1_IMG_10_0000_max_476x317.jpeg; https://media.rightmove.co.uk:443/dir/crop/10:9-16:9/226k/225521/723057394837057/225521_327215-1_IMG_11_0000_max_476x317.jpeg; https://media.rightmove.co.uk:443/dir/crop/10:9-16:9/226k/225521/723057394837057/225521_327215-1_IMG_12_0000_max_476x317.jpeg; https://media.rightmove.co.uk:443/dir/crop/10:9-16:9/226k/225521/723057394837057/225521_327215-1_IMG_13_0000_max_476x317.jpeg"
"168541451","Hampshire","Retail Property (high street)","22 West Street, Alresford, Hampshire, SO24 9AT","£325,000","Guide Price","","","381–1,129 sq. ft.","381","1129","35","105","Prominent prime town centre shop in popular market town. For sale or to let","https://www.rightmove.co.uk/properties/168541451#/?channel=COM_BUY","2025-10-23T16:00:15Z","","new","Marketed by Pullen Associates, Southampton","","51.09043","-1.16251","https://media.rightmove.co.uk:443/dir/crop/10:9-16:9/143k/142304/168541451/142304_22WestStAlresfordsales_IMG_00_0000_max_476x317.jpeg; https://media.rightmove.co.uk:443/dir/crop/10:9-16:9/143k/142304/168541451/142304_22WestStAlresfordsales_IMG_01_0000_max_476x317.jpeg; https://media.rightmove.co.uk:443/dir/crop/10:9-16:9/143k/142304/168541451/142304_22WestStAlresfordsales_IMG_02_0000_max_476x317.jpeg; https://media.rightmove.co.uk:443/dir/crop/10:9-16:9/143k/142304/168541451/142304_22WestStAlresfordsales_IMG_03_0000_max_476x317.jpeg; https://media.rightmove.co.uk:443/dir/crop/10:9-16:9/143k/142304/168541451/142304_22WestStAlresfordsales_IMG_04_0000_max_476x317.jpeg; https://media.rightmove.co.uk:443/dir/crop/10:9-16:9/143k/142304/168541451/142304_22WestStAlresfordsales_IMG_05_0000_max_476x317.jpeg; https://media.rightmove.co.uk:443/dir/crop/10:9-16:9/143k/142304/168541451/142304_22WestStAlresfordsales_IMG_06_0000_max_476x317.jpeg; https://media.rightmove.co.uk:443/dir/crop/10:9-16:9/143k/142304/168541451/142304_22WestStAlresfordsales_IMG_07_0000_max_476x317.jpeg; https://media.rightmove.co.uk:443/dir/crop/10:9-16:9/143k/142304/168541451/142304_22WestStAlresfordsales_IMG_08_0000_max_476x317.jpeg; https://media.rightmove.co.uk:443/dir/crop/10:9-16:9/143k/142304/168541451/142304_22WestStAlresfordsales_IMG_09_0000_max_476x317.jpeg; https://media.rightmove.co.uk:443/dir/crop/10:9-16:9/143k/142304/168541451/142304_22WestStAlresfordsales_IMG_10_0000_max_476x317.jpeg"
"723057401130560","Hampshire","Commercial Property","Crown  Stirrup, 12 Clay Hill, Lyndhurst, SO43 7DE","£685,000","Offers in Excess of","","","2,585 sq. ft.","2585","2585","240","240","Freehold public house for sale let until January 2044 at a rent of £52,000 per annum","https://www.rightmove.co.uk/properties/723057401130560#/?channel=COM_BUY","2025-12-04T14:55:25Z","","new","Marketed by Savills, Margaret Street - Licensed Leisure","","50.861999","-1.572335","https://media.rightmove.co.uk:443/dir/crop/10:9-16:9/226k/225521/723057401130560/225521_327221-1_IMG_00_0000_max_476x317.jpeg; https://media.rightmove.co.uk:443/dir/crop/10:9-16:9/226k/225521/723057401130560/225521_327221-1_IMG_01_0000_max_476x317.jpeg; https://media.rightmove.co.uk:443/dir/crop/10:9-16:9/226k/225521/723057401130560/225521_327221-1_IMG_02_0000_max_476x317.jpeg; https://media.rightmove.co.uk:443/dir/crop/10:9-16:9/226k/225521/723057401130560/225521_327221-1_IMG_03_0000_max_476x317.jpeg; https://media.rightmove.co.uk:443/dir/crop/10:9-16:9/226k/225521/723057401130560/225521_327221-1_IMG_04_0000_max_476x317.jpeg; https://media.rightmove.co.uk:443/dir/crop/10:9-16:9/226k/225521/723057401130560/225521_327221-1_IMG_05_0000_max_476x317.jpeg; https://media.rightmove.co.uk:443/dir/crop/10:9-16:9/226k/225521/723057401130560/225521_327221-1_IMG_06_0000_max_476x317.jpeg; https://media.rightmove.co.uk:443/dir/crop/10:9-16:9/226k/225521/723057401130560/225521_327221-1_IMG_07_0000_max_476x317.jpeg; https://media.rightmove.co.uk:443/dir/crop/10:9-16:9/226k/225521/723057401130560/225521_327221-1_IMG_08_0000_max_476x317.jpeg; https://media.rightmove.co.uk:443/dir/crop/10:9-16:9/226k/225521/723057401130560/225521_327221-1_IMG_09_0000_max_476x317.jpeg; https://media.rightmove.co.uk:443/dir/crop/10:9-16:9/226k/225521/723057401130560/225521_327221-1_IMG_10_0000_max_476x317.jpeg; https://media.rightmove.co.uk:443/dir/crop/10:9-16:9/226k/225521/723057401130560/225521_327221-1_IMG_11_0000_max_476x317.jpeg"
"166752710","Hampshire","Restaurant","Devon","£2,000,000","Guide Price","","","","","","","","Leasehold restaurant in South Devon","https://www.rightmove.co.uk/properties/166752710#/?channel=COM_BUY","2025-09-09T09:19:51Z","","new","Marketed by Christie & Co, Pubs & Restaurants","","51.0641","-1.31711","https://media.rightmove.co.uk:443/dir/crop/10:9-16:9/property-photo/d0511a47f/166752710/d0511a47f1f3648e4e29c3e9b0e5606d_max_476x317.jpeg"
"166721555","Hampshire","Leisure Facility","Mill Lane, Fareham, Hampshire, PO15","£2,885,000","Guide Price","7","7","4,809 sq. ft.","4809","4809","447","447","Caravan and camping site, extending to 7.50 acres with detached 7 bedroom house (approx. 4,809sqft) with pasture and small range of commercial yards & buildings (approx. 0.67 acres). Close to River Meon, the Solent and Titchfield Abbey with woodland and pond.","https://www.rightmove.co.uk/properties/166721555#/?channel=COM_BUY","2025-09-08T13:59:14Z","","new","Marketed by Giles Wheeler-Bennett, Southampton","","50.85891","-1.23206","https://media.rightmove.co.uk:443/dir/crop/10:9-16:9/104k/103508/166721555/103508_DroveLeaCom_IMG_23_0000_max_476x317.png; https://media.rightmove.co.uk:443/dir/crop/10:9-16:9/104k/103508/166721555/103508_DroveLeaCom_IMG_00_0000_max_476x317.jpeg; https://media.rightmove.co.uk:443/dir/crop/10:9-16:9/104k/103508/166721555/103508_DroveLeaCom_IMG_01_0000_max_476x317.jpeg; https://media.rightmove.co.uk:443/dir/crop/10:9-16:9/104k/103508/166721555/103508_DroveLeaCom_IMG_02_0000_max_476x317.jpeg; https://media.rightmove.co.uk:443/dir/crop/10:9-16:9/104k/103508/166721555/103508_DroveLeaCom_IMG_03_0000_max_476x317.jpeg; https://media.rightmove.co.uk:443/dir/crop/10:9-16:9/104k/103508/166721555/103508_DroveLeaCom_IMG_04_0000_max_476x317.jpeg; https://media.rightmove.co.uk:443/dir/crop/10:9-16:9/104k/103508/166721555/103508_DroveLeaCom_IMG_05_0000_max_476x317.jpeg; https://media.rightmove.co.uk:443/dir/crop/10:9-16:9/104k/103508/166721555/103508_DroveLeaCom_IMG_06_0000_max_476x317.jpeg; https://media.rightmove.co.uk:443/dir/crop/10:9-16:9/104k/103508/166721555/103508_DroveLeaCom_IMG_07_0000_max_476x317.jpeg; https://media.rightmove.co.uk:443/dir/crop/10:9-16:9/104k/103508/166721555/103508_DroveLeaCom_IMG_08_0000_max_476x317.jpeg; https://media.rightmove.co.uk:443/dir/crop/10:9-16:9/104k/103508/166721555/103508_DroveLeaCom_IMG_09_0000_max_476x317.jpeg; https://media.rightmove.co.uk:443/dir/crop/10:9-16:9/104k/103508/166721555/103508_DroveLeaCom_IMG_10_0000_max_476x317.jpeg; https://media.rightmove.co.uk:443/dir/crop/10:9-16:9/104k/103508/166721555/103508_DroveLeaCom_IMG_11_0000_max_476x317.jpeg; https://media.rightmove.co.uk:443/dir/crop/10:9-16:9/104k/103508/166721555/103508_DroveLeaCom_IMG_12_0000_max_476x317.jpeg; https://media.rightmove.co.uk:443/dir/crop/10:9-16:9/104k/103508/166721555/103508_DroveLeaCom_IMG_13_0000_max_476x317.jpeg; https://media.rightmove.co.uk:443/dir/crop/10:9-16:9/104k/103508/166721555/103508_DroveLeaCom_IMG_14_0000_max_476x317.jpeg; https://media.rightmove.co.uk:443/dir/crop/10:9-16:9/104k/103508/166721555/103508_DroveLeaCom_IMG_15_0000_max_476x317.jpeg; https://media.rightmove.co.uk:443/dir/crop/10:9-16:9/104k/103508/166721555/103508_DroveLeaCom_IMG_16_0000_max_476x317.jpeg; https://media.rightmove.co.uk:443/dir/crop/10:9-16:9/104k/103508/166721555/103508_DroveLeaCom_IMG_17_0000_max_476x317.jpeg; https://media.rightmove.co.uk:443/dir/crop/10:9-16:9/104k/103508/166721555/103508_DroveLeaCom_IMG_18_0000_max_476x317.jpeg; https://media.rightmove.co.uk:443/dir/crop/10:9-16:9/104k/103508/166721555/103508_DroveLeaCom_IMG_19_0000_max_476x317.jpeg; https://media.rightmove.co.uk:443/dir/crop/10:9-16:9/104k/103508/166721555/103508_DroveLeaCom_IMG_20_0000_max_476x317.jpeg; https://media.rightmove.co.uk:443/dir/crop/10:9-16:9/104k/103508/166721555/103508_DroveLeaCom_IMG_21_0000_max_476x317.png; https://media.rightmove.co.uk:443/dir/crop/10:9-16:9/104k/103508/166721555/103508_DroveLeaCom_IMG_22_0000_max_476x317.png; https://media.rightmove.co.uk:443/dir/crop/10:9-16:9/104k/103508/166721555/103508_DroveLeaCom_IMG_24_0000_max_476x317.png"
"166667609","Hampshire","Office","Enterprise House, 1 Ridgeway Office Park, Bedford Road, Petersfield, GU32 3QF","£425,000","","","","2,516 sq. ft.","2516","2516","234","234","MODERN OFFICE PREMISES","https://www.rightmove.co.uk/properties/166667609#/?channel=COM_BUY","2025-09-06T10:16:54Z","","new","Marketed by Holloway Iliffe & Mitchell, Portsmouth","","50.999208","-0.950896","https://media.rightmove.co.uk:443/dir/crop/10:9-16:9/property-photo/8849b7fb1/166667609/8849b7fb181d157aa126ceb0f407721f_max_476x317.jpeg; https://media.rightmove.co.uk:443/dir/crop/10:9-16:9/property-photo/0bf4c9202/166667609/0bf4c9202444329cfeb6d2ba67666793_max_476x317.jpeg; https://media.rightmove.co.uk:443/dir/crop/10:9-16:9/property-photo/64b452030/166667609/64b452030951db4422470cd012a4f022_max_476x317.jpeg; https://media.rightmove.co.uk:443/dir/crop/10:9-16:9/property-photo/b24ae78d1/166667609/b24ae78d1421e1328571da77f0d519e1_max_476x317.jpeg; https://media.rightmove.co.uk:443/dir/crop/10:9-16:9/property-photo/e3518c928/166667609/e3518c928ccfbac4a20197f5015ad65b_max_476x317.jpeg; https://media.rightmove.co.uk:443/dir/crop/10:9-16:9/property-photo/f23154cd4/166667609/f23154cd4e15b188410cdf08fead71cf_max_476x317.jpeg; https://media.rightmove.co.uk:443/dir/crop/10:9-16:9/property-photo/1f6d65a34/166667609/1f6d65a34f9a224711eb3b0fe9a63aa0_max_476x317.jpeg; https://media.rightmove.co.uk:443/dir/crop/10:9-16:9/property-photo/8d8a4e0a4/166667609/8d8a4e0a458987e333bee77f489f7dac_max_476x317.jpeg; https://media.rightmove.co.uk:443/dir/crop/10:9-16:9/property-photo/37d4617e3/166667609/37d4617e3132df3b27e6b5a932c66cda_max_476x317.jpeg; https://media.rightmove.co.uk:443/dir/crop/10:9-16:9/property-photo/6050c0099/166667609/6050c009987c1722fa613e85f75c3cb0_max_476x317.jpeg"
"166640477","Hampshire","Warehouse","Unit 310 Ampress Park, Ampress Lane, Lymington, SO41 8JX","£2,000,000","Offers in Region of","","","16,833 sq. ft.","16833","16833","1564","1564","INDUSTRIAL/WAREHOUSE UNIT – TO LET / FOR SALE","https://www.rightmove.co.uk/properties/166640477#/?channel=COM_BUY","2025-09-05T14:43:17Z","","new","Marketed by Vail Williams, Bournemouth","","50.771132","-1.548188","https://media.rightmove.co.uk:443/dir/crop/10:9-16:9/235k/234236/166640477/234236_87276-1_IMG_00_0000_max_476x317.jpeg; https://media.rightmove.co.uk:443/dir/crop/10:9-16:9/235k/234236/166640477/234236_87276-1_IMG_01_0000_max_476x317.jpeg; https://media.rightmove.co.uk:443/dir/crop/10:9-16:9/235k/234236/166640477/234236_87276-1_IMG_02_0000_max_476x317.jpeg; https://media.rightmove.co.uk:443/dir/crop/10:9-16:9/235k/234236/166640477/234236_87276-1_IMG_03_0000_max_476x317.jpeg; https://media.rightmove.co.uk:443/dir/crop/10:9-16:9/235k/234236/166640477/234236_87276-1_IMG_04_0000_max_476x317.jpeg; https://media.rightmove.co.uk:443/dir/crop/10:9-16:9/235k/234236/166640477/234236_87276-1_IMG_05_0000_max_476x317.jpeg; https://media.rightmove.co.uk:443/dir/crop/10:9-16:9/235k/234236/166640477/234236_87276-1_IMG_06_0000_max_476x317.jpeg; https://media.rightmove.co.uk:443/dir/crop/10:9-16:9/235k/234236/166640477/234236_87276-1_IMG_07_0000_max_476x317.jpeg"
"166625087","Hampshire","Commercial Development","Plot 10, Jays Close, Basingstoke, RG22 4BS","POA","","","","99,752 sq. ft.","99752","99752","9267","9267","LONG LEASEHOLD LAND ACQUISITION OPPORTUNITY - 2.29 ACRES","https://www.rightmove.co.uk/properties/166625087#/?channel=COM_BUY","2025-09-05T11:12:26Z","","new","Marketed by JLL, London - Industrial","","51.246857","-1.098096","https://media.rightmove.co.uk:443/dir/crop/10:9-16:9/264k/263627/166625087/263627_328241-1_IMG_00_0000_max_476x317.jpeg; https://media.rightmove.co.uk:443/dir/crop/10:9-16:9/264k/263627/166625087/263627_328241-1_IMG_01_0000_max_476x317.jpeg; https://media.rightmove.co.uk:443/dir/crop/10:9-16:9/264k/263627/166625087/263627_328241-1_IMG_02_0000_max_476x317.jpeg; https://media.rightmove.co.uk:443/dir/crop/10:9-16:9/264k/263627/166625087/263627_328241-1_IMG_03_0000_max_476x317.jpeg; https://media.rightmove.co.uk:443/dir/crop/10:9-16:9/264k/263627/166625087/263627_328241-1_IMG_04_0000_max_476x317.jpeg; https://media.rightmove.co.uk:443/dir/crop/10:9-16:9/264k/263627/166625087/263627_328241-1_IMG_05_0000_max_476x317.jpeg; https://media.rightmove.co.uk:443/dir/crop/10:9-16:9/264k/263627/166625087/263627_328241-1_IMG_06_0000_max_476x317.jpeg; https://media.rightmove.co.uk:443/dir/crop/10:9-16:9/264k/263627/166625087/263627_328241-1_IMG_07_0000_max_476x317.jpeg; https://media.rightmove.co.uk:443/dir/crop/10:9-16:9/264k/263627/166625087/263627_328241-1_IMG_08_0000_max_476x317.jpeg"
"166623443","Hampshire","Land","Land at Crux Easton Lane, Egbury","£125,000","Guide Price","","","65,340 sq. ft.","65340","65340","6070","6070","Compelling chance to acquire 1.5 acres in the sought-after area of Egbury.","https://www.rightmove.co.uk/properties/166623443#/?channel=COM_BUY","2025-09-05T10:50:02Z","","new","Marketed by Symonds & Sampson, Salisbury","","51.269538","-1.374876","https://media.rightmove.co.uk:443/dir/crop/10:9-16:9/157k/156221/166623443/156221_34152129_IMG_00_0000_max_476x317.jpeg; https://media.rightmove.co.uk:443/dir/crop/10:9-16:9/157k/156221/166623443/156221_34152129_IMG_01_0000_max_476x317.jpeg; https://media.rightmove.co.uk:443/dir/crop/10:9-16:9/157k/156221/166623443/156221_34152129_IMG_02_0000_max_476x317.jpeg; https://media.rightmove.co.uk:443/dir/crop/10:9-16:9/157k/156221/166623443/156221_34152129_IMG_03_0000_max_476x317.jpeg; https://media.rightmove.co.uk:443/dir/crop/10:9-16:9/157k/156221/166623443/156221_34152129_IMG_04_0000_max_476x317.jpeg; https://media.rightmove.co.uk:443/dir/crop/10:9-16:9/157k/156221/166623443/156221_34152129_IMG_05_0000_max_476x317.jpeg; https://media.rightmove.co.uk:443/dir/crop/10:9-16:9/157k/156221/166623443/156221_34152129_IMG_06_0000_max_476x317.jpeg; https://media.rightmove.co.uk:443/dir/crop/10:9-16:9/157k/156221/166623443/156221_34152129_IMG_07_0000_max_476x317.jpeg; https://media.rightmove.co.uk:443/dir/crop/10:9-16:9/157k/156221/166623443/156221_34152129_IMG_08_0000_max_476x317.jpeg; https://media.rightmove.co.uk:443/dir/crop/10:9-16:9/157k/156221/166623443/156221_34152129_IMG_09_0000_max_476x317.jpeg; https://media.rightmove.co.uk:443/dir/crop/10:9-16:9/157k/156221/166623443/156221_34152129_IMG_10_0000_max_476x317.jpeg; https://media.rightmove.co.uk:443/dir/crop/10:9-16:9/157k/156221/166623443/156221_34152129_IMG_11_0000_max_476x317.jpeg; https://media.rightmove.co.uk:443/dir/crop/10:9-16:9/157k/156221/166623443/156221_34152129_IMG_12_0000_max_476x317.jpeg; https://media.rightmove.co.uk:443/dir/crop/10:9-16:9/157k/156221/166623443/156221_34152129_IMG_13_0000_max_476x317.jpeg; https://media.rightmove.co.uk:443/dir/crop/10:9-16:9/157k/156221/166623443/156221_34152129_IMG_14_0000_max_476x317.jpeg; https://media.rightmove.co.uk:443/dir/crop/10:9-16:9/157k/156221/166623443/156221_34152129_IMG_15_0000_max_476x317.jpeg"
"166623428","Hampshire","Land","Land at Egbury","£250,000","Guide Price","","","85,378 sq. ft.","85378","85378","7932","7932","Desirable opportunity to buy 1.96 acres that includes two loose boxes in the attractive region of Egbury","https://www.rightmove.co.uk/properties/166623428#/?channel=COM_BUY","2025-09-05T10:49:47Z","","new","Marketed by Symonds & Sampson, Salisbury","","51.270343","-1.374099","https://media.rightmove.co.uk:443/dir/crop/10:9-16:9/157k/156221/166623428/156221_34152128_IMG_00_0000_max_476x317.jpeg; https://media.rightmove.co.uk:443/dir/crop/10:9-16:9/157k/156221/166623428/156221_34152128_IMG_01_0000_max_476x317.jpeg; https://media.rightmove.co.uk:443/dir/crop/10:9-16:9/157k/156221/166623428/156221_34152128_IMG_02_0000_max_476x317.jpeg; https://media.rightmove.co.uk:443/dir/crop/10:9-16:9/157k/156221/166623428/156221_34152128_IMG_03_0000_max_476x317.jpeg; https://media.rightmove.co.uk:443/dir/crop/10:9-16:9/157k/156221/166623428/156221_34152128_IMG_04_0000_max_476x317.jpeg; https://media.rightmove.co.uk:443/dir/crop/10:9-16:9/157k/156221/166623428/156221_34152128_IMG_05_0000_max_476x317.jpeg"
"166539638","Hampshire","Land","Eastoke Avenue, Hayling Island, Hampshire, PO11","£225,000","","","","","","","","","Rare Freehold Plot Available for the First Time Since 1955! An exciting opportunity has arisen to purchase this 430 sq. metre freehold plot of land with mains electric and water supply, currently hosting two caravans with a 10-month occupancy license. Prime Location: &...","https://www.rightmove.co.uk/properties/166539638#/?channel=COM_BUY","2025-09-03T14:18:33Z","","new","Marketed by Morris Dibben, Hayling Island","","50.78329","-0.94586","https://media.rightmove.co.uk:443/dir/crop/10:9-16:9/5k/4911/166539638/4911_PHI240642_IMG_00_0000_max_476x317.jpeg; https://media.rightmove.co.uk:443/dir/crop/10:9-16:9/5k/4911/166539638/4911_PHI240642_IMG_01_0000_max_476x317.jpeg; https://media.rightmove.co.uk:443/dir/crop/10:9-16:9/5k/4911/166539638/4911_PHI240642_IMG_02_0000_max_476x317.jpeg; https://media.rightmove.co.uk:443/dir/crop/10:9-16:9/5k/4911/166539638/4911_PHI240642_IMG_03_0000_max_476x317.jpeg; https://media.rightmove.co.uk:443/dir/crop/10:9-16:9/5k/4911/166539638/4911_PHI240642_IMG_04_0000_max_476x317.jpeg; https://media.rightmove.co.uk:443/dir/crop/10:9-16:9/5k/4911/166539638/4911_PHI240642_IMG_05_0000_max_476x317.jpeg; https://media.rightmove.co.uk:443/dir/crop/10:9-16:9/5k/4911/166539638/4911_PHI240642_IMG_06_0000_max_476x317.jpeg; https://media.rightmove.co.uk:443/dir/crop/10:9-16:9/5k/4911/166539638/4911_PHI240642_IMG_07_0000_max_476x317.jpeg; https://media.rightmove.co.uk:443/dir/crop/10:9-16:9/5k/4911/166539638/4911_PHI240642_IMG_08_0000_max_476x317.jpeg; https://media.rightmove.co.uk:443/dir/crop/10:9-16:9/5k/4911/166539638/4911_PHI240642_IMG_09_0000_max_476x317.jpeg; https://media.rightmove.co.uk:443/dir/crop/10:9-16:9/5k/4911/166539638/4911_PHI240642_IMG_10_0000_max_476x317.jpeg; https://media.rightmove.co.uk:443/dir/crop/10:9-16:9/5k/4911/166539638/4911_PHI240642_IMG_11_0000_max_476x317.jpeg; https://media.rightmove.co.uk:443/dir/crop/10:9-16:9/5k/4911/166539638/4911_PHI240642_IMG_12_0000_max_476x317.jpeg; https://media.rightmove.co.uk:443/dir/crop/10:9-16:9/5k/4911/166539638/4911_PHI240642_IMG_13_0000_max_476x317.jpeg; https://media.rightmove.co.uk:443/dir/crop/10:9-16:9/5k/4911/166539638/4911_PHI240642_IMG_14_0000_max_476x317.jpeg; https://media.rightmove.co.uk:443/dir/crop/10:9-16:9/5k/4911/166539638/4911_PHI240642_IMG_15_0000_max_476x317.jpeg; https://media.rightmove.co.uk:443/dir/crop/10:9-16:9/5k/4911/166539638/4911_PHI240642_IMG_16_0000_max_476x317.jpeg; https://media.rightmove.co.uk:443/dir/crop/10:9-16:9/5k/4911/166539638/4911_PHI240642_IMG_17_0000_max_476x317.jpeg; https://media.rightmove.co.uk:443/dir/crop/10:9-16:9/5k/4911/166539638/4911_PHI240642_IMG_18_0000_max_476x317.jpeg; https://media.rightmove.co.uk:443/dir/crop/10:9-16:9/5k/4911/166539638/4911_PHI240642_IMG_19_0000_max_476x317.jpeg"
"166490162","Hampshire","Land","Stoner Hill Road, GU32 1DX","£290,000","Guide Price","","","424,710 sq. ft.","424710","424710","39457","39457","Approx. 9.75 acres. A block of well managed and reasonably level pasture land with road frontage. Vehicular access. Accessible to the A3, the A32 and the A272 and within a mile of Petersfield. Water available. Within a mile of Petersfield. South Downs National Park.","https://www.rightmove.co.uk/properties/166490162#/?channel=COM_BUY","2025-09-03T14:15:12Z","","price_reduced","Marketed by Giles Wheeler-Bennett, Southampton","","51.03173","-0.96423","https://media.rightmove.co.uk:443/dir/crop/10:9-16:9/104k/103508/166490162/103508_StonerHillLot2and3_IMG_13_0000_max_476x317.jpeg; https://media.rightmove.co.uk:443/dir/crop/10:9-16:9/104k/103508/166490162/103508_StonerHillLot2and3_IMG_17_0000_max_476x317.png; https://media.rightmove.co.uk:443/dir/crop/10:9-16:9/104k/103508/166490162/103508_StonerHillLot2and3_IMG_01_0000_max_476x317.jpeg; https://media.rightmove.co.uk:443/dir/crop/10:9-16:9/104k/103508/166490162/103508_StonerHillLot2and3_IMG_15_0000_max_476x317.jpeg; https://media.rightmove.co.uk:443/dir/crop/10:9-16:9/104k/103508/166490162/103508_StonerHillLot2and3_IMG_02_0000_max_476x317.jpeg; https://media.rightmove.co.uk:443/dir/crop/10:9-16:9/104k/103508/166490162/103508_StonerHillLot2and3_IMG_00_0000_max_476x317.jpeg; https://media.rightmove.co.uk:443/dir/crop/10:9-16:9/104k/103508/166490162/103508_StonerHillLot2and3_IMG_03_0000_max_476x317.jpeg; https://media.rightmove.co.uk:443/dir/crop/10:9-16:9/104k/103508/166490162/103508_StonerHillLot2and3_IMG_04_0000_max_476x317.jpeg; https://media.rightmove.co.uk:443/dir/crop/10:9-16:9/104k/103508/166490162/103508_StonerHillLot2and3_IMG_05_0000_max_476x317.jpeg; https://media.rightmove.co.uk:443/dir/crop/10:9-16:9/104k/103508/166490162/103508_StonerHillLot2and3_IMG_06_0000_max_476x317.jpeg; https://media.rightmove.co.uk:443/dir/crop/10:9-16:9/104k/103508/166490162/103508_StonerHillLot2and3_IMG_07_0000_max_476x317.jpeg; https://media.rightmove.co.uk:443/dir/crop/10:9-16:9/104k/103508/166490162/103508_StonerHillLot2and3_IMG_08_0000_max_476x317.jpeg; https://media.rightmove.co.uk:443/dir/crop/10:9-16:9/104k/103508/166490162/103508_StonerHillLot2and3_IMG_09_0000_max_476x317.jpeg; https://media.rightmove.co.uk:443/dir/crop/10:9-16:9/104k/103508/166490162/103508_StonerHillLot2and3_IMG_10_0000_max_476x317.jpeg; https://media.rightmove.co.uk:443/dir/crop/10:9-16:9/104k/103508/166490162/103508_StonerHillLot2and3_IMG_11_0000_max_476x317.jpeg; https://media.rightmove.co.uk:443/dir/crop/10:9-16:9/104k/103508/166490162/103508_StonerHillLot2and3_IMG_12_0000_max_476x317.jpeg; https://media.rightmove.co.uk:443/dir/crop/10:9-16:9/104k/103508/166490162/103508_StonerHillLot2and3_IMG_14_0000_max_476x317.jpeg; https://media.rightmove.co.uk:443/dir/crop/10:9-16:9/104k/103508/166490162/103508_StonerHillLot2and3_IMG_16_0000_max_476x317.png"
"166488971","Hampshire","Land","Stoner Hill Road, GU32 1DX","£390,000","Guide Price","","","472,190 sq. ft.","472190","472190","43868","43868","Approx. 10.84 acres. A block of well managed and reasonably level pasture land with road frontage and water. Fenced. Accessible to the A3, the A32 and the A272 and within a mile of Petersfield. Rural location. South Downs National Park. Within a mile of Petersfield. Available in 3 Lots.","https://www.rightmove.co.uk/properties/166488971#/?channel=COM_BUY","2025-09-03T14:13:28Z","","new","Marketed by Giles Wheeler-Bennett, Southampton","","51.03114","-0.9625","https://media.rightmove.co.uk:443/dir/crop/10:9-16:9/104k/103508/166488971/103508_StonerHillWhole_IMG_01_0000_max_476x317.jpeg; https://media.rightmove.co.uk:443/dir/crop/10:9-16:9/104k/103508/166488971/103508_StonerHillWhole_IMG_00_0000_max_476x317.jpeg; https://media.rightmove.co.uk:443/dir/crop/10:9-16:9/104k/103508/166488971/103508_StonerHillWhole_IMG_28_0000_max_476x317.png; https://media.rightmove.co.uk:443/dir/crop/10:9-16:9/104k/103508/166488971/103508_StonerHillWhole_IMG_10_0000_max_476x317.png; https://media.rightmove.co.uk:443/dir/crop/10:9-16:9/104k/103508/166488971/103508_StonerHillWhole_IMG_02_0000_max_476x317.jpeg; https://media.rightmove.co.uk:443/dir/crop/10:9-16:9/104k/103508/166488971/103508_StonerHillWhole_IMG_03_0000_max_476x317.jpeg; https://media.rightmove.co.uk:443/dir/crop/10:9-16:9/104k/103508/166488971/103508_StonerHillWhole_IMG_04_0000_max_476x317.jpeg; https://media.rightmove.co.uk:443/dir/crop/10:9-16:9/104k/103508/166488971/103508_StonerHillWhole_IMG_05_0000_max_476x317.jpeg; https://media.rightmove.co.uk:443/dir/crop/10:9-16:9/104k/103508/166488971/103508_StonerHillWhole_IMG_06_0000_max_476x317.jpeg; https://media.rightmove.co.uk:443/dir/crop/10:9-16:9/104k/103508/166488971/103508_StonerHillWhole_IMG_07_0000_max_476x317.jpeg; https://media.rightmove.co.uk:443/dir/crop/10:9-16:9/104k/103508/166488971/103508_StonerHillWhole_IMG_08_0000_max_476x317.jpeg; https://media.rightmove.co.uk:443/dir/crop/10:9-16:9/104k/103508/166488971/103508_StonerHillWhole_IMG_09_0000_max_476x317.jpeg; https://media.rightmove.co.uk:443/dir/crop/10:9-16:9/104k/103508/166488971/103508_StonerHillWhole_IMG_11_0000_max_476x317.jpeg; https://media.rightmove.co.uk:443/dir/crop/10:9-16:9/104k/103508/166488971/103508_StonerHillWhole_IMG_12_0000_max_476x317.jpeg; https://media.rightmove.co.uk:443/dir/crop/10:9-16:9/104k/103508/166488971/103508_StonerHillWhole_IMG_13_0000_max_476x317.jpeg; https://media.rightmove.co.uk:443/dir/crop/10:9-16:9/104k/103508/166488971/103508_StonerHillWhole_IMG_14_0000_max_476x317.jpeg; https://media.rightmove.co.uk:443/dir/crop/10:9-16:9/104k/103508/166488971/103508_StonerHillWhole_IMG_15_0000_max_476x317.jpeg; https://media.rightmove.co.uk:443/dir/crop/10:9-16:9/104k/103508/166488971/103508_StonerHillWhole_IMG_16_0000_max_476x317.jpeg; https://media.rightmove.co.uk:443/dir/crop/10:9-16:9/104k/103508/166488971/103508_StonerHillWhole_IMG_17_0000_max_476x317.jpeg; https://media.rightmove.co.uk:443/dir/crop/10:9-16:9/104k/103508/166488971/103508_StonerHillWhole_IMG_18_0000_max_476x317.jpeg; https://media.rightmove.co.uk:443/dir/crop/10:9-16:9/104k/103508/166488971/103508_StonerHillWhole_IMG_19_0000_max_476x317.jpeg; https://media.rightmove.co.uk:443/dir/crop/10:9-16:9/104k/103508/166488971/103508_StonerHillWhole_IMG_20_0000_max_476x317.jpeg; https://media.rightmove.co.uk:443/dir/crop/10:9-16:9/104k/103508/166488971/103508_StonerHillWhole_IMG_21_0000_max_476x317.jpeg; https://media.rightmove.co.uk:443/dir/crop/10:9-16:9/104k/103508/166488971/103508_StonerHillWhole_IMG_22_0000_max_476x317.jpeg; https://media.rightmove.co.uk:443/dir/crop/10:9-16:9/104k/103508/166488971/103508_StonerHillWhole_IMG_23_0000_max_476x317.jpeg; https://media.rightmove.co.uk:443/dir/crop/10:9-16:9/104k/103508/166488971/103508_StonerHillWhole_IMG_24_0000_max_476x317.jpeg; https://media.rightmove.co.uk:443/dir/crop/10:9-16:9/104k/103508/166488971/103508_StonerHillWhole_IMG_25_0000_max_476x317.jpeg; https://media.rightmove.co.uk:443/dir/crop/10:9-16:9/104k/103508/166488971/103508_StonerHillWhole_IMG_26_0000_max_476x317.jpeg; https://media.rightmove.co.uk:443/dir/crop/10:9-16:9/104k/103508/166488971/103508_StonerHillWhole_IMG_27_0000_max_476x317.png"
"167098493","Hampshire","Warehouse","Unit C5 Cairo Place, Penner Road, Havant, PO9 1QN","£500,000","","","","3,891 sq. ft.","3891","3891","361","361","Rare Freehold Investment Available","https://www.rightmove.co.uk/properties/167098493#/?channel=COM_BUY","2025-09-17T14:12:45Z","","new","Marketed by Holloway Iliffe & Mitchell, Portsmouth","","50.844271","-0.987642","https://media.rightmove.co.uk:443/dir/crop/10:9-16:9/287k/286838/167098493/286838_140066-1_IMG_00_0000_max_476x317.jpeg; https://media.rightmove.co.uk:443/dir/crop/10:9-16:9/287k/286838/167098493/286838_140066-1_IMG_01_0000_max_476x317.jpeg; https://media.rightmove.co.uk:443/dir/crop/10:9-16:9/287k/286838/167098493/286838_140066-1_IMG_02_0000_max_476x317.jpeg; https://media.rightmove.co.uk:443/dir/crop/10:9-16:9/287k/286838/167098493/286838_140066-1_IMG_03_0000_max_476x317.jpeg; https://media.rightmove.co.uk:443/dir/crop/10:9-16:9/287k/286838/167098493/286838_140066-1_IMG_04_0000_max_476x317.jpeg"
"166499393","Hampshire","Distribution Warehouse","16 East Horton Business Park, Knowle Lane, Fair Oak, Eastleigh, SO50 7DZ","£428,625","","","","1,905 sq. ft.","1905","1905","177","177","New end terraced industrial/warehouse unit","https://www.rightmove.co.uk/properties/166499393#/?channel=COM_BUY","2025-09-02T16:00:20Z","","new","Marketed by Hellier Langston Commercial Agents, Fareham","","50.960994","-1.285329","https://media.rightmove.co.uk:443/dir/crop/10:9-16:9/property-photo/9ed57fc76/166499393/9ed57fc763fbe5c2ea312a998e19ac14_max_476x317.jpeg; https://media.rightmove.co.uk:443/dir/crop/10:9-16:9/property-photo/811f5966c/166499393/811f5966c3d34107ccdbd0d8836aefbd_max_476x317.jpeg; https://media.rightmove.co.uk:443/dir/crop/10:9-16:9/property-photo/3c6fbf706/166499393/3c6fbf7065fe6b6c2dc4983ee45c2fe2_max_476x317.jpeg; https://media.rightmove.co.uk:443/dir/crop/10:9-16:9/property-photo/9cc718aec/166499393/9cc718aeccb12f361252c87de6a1ba04_max_476x317.jpeg; https://media.rightmove.co.uk:443/dir/crop/10:9-16:9/property-photo/c83b2f8ee/166499393/c83b2f8ee8d470793c8d64fa355ebd90_max_476x317.jpeg; https://media.rightmove.co.uk:443/dir/crop/10:9-16:9/property-photo/1036db745/166499393/1036db745c7aa25da6ea91ffceea2f4b_max_476x317.jpeg; https://media.rightmove.co.uk:443/dir/crop/10:9-16:9/property-photo/00d5fdcf0/166499393/00d5fdcf0fa998c0626340117c972450_max_476x317.jpeg"
"723055798905361","Hampshire","Pub","The Brickmakers, Church Road, Swanmore, SO32 2PA","£1,000,000","","","","3,710 sq. ft.","3710","3710","345","345","Fabulous Meon Valley Village Pub Available Freehold as a Going Concern","https://www.rightmove.co.uk/properties/723055798905361#/?channel=COM_BUY","2025-12-04T14:54:17Z","","price_reduced","Marketed by Savills, Southampton - Licensed Leisure","","50.945581","-1.182376","https://media.rightmove.co.uk:443/dir/crop/10:9-16:9/226k/225509/723055798905361/225509_294650-1_IMG_00_0000_max_476x317.jpeg; https://media.rightmove.co.uk:443/dir/crop/10:9-16:9/226k/225509/723055798905361/225509_294650-1_IMG_01_0000_max_476x317.jpeg; https://media.rightmove.co.uk:443/dir/crop/10:9-16:9/226k/225509/723055798905361/225509_294650-1_IMG_02_0000_max_476x317.jpeg; https://media.rightmove.co.uk:443/dir/crop/10:9-16:9/226k/225509/723055798905361/225509_294650-1_IMG_03_0000_max_476x317.jpeg; https://media.rightmove.co.uk:443/dir/crop/10:9-16:9/226k/225509/723055798905361/225509_294650-1_IMG_04_0000_max_476x317.jpeg; https://media.rightmove.co.uk:443/dir/crop/10:9-16:9/226k/225509/723055798905361/225509_294650-1_IMG_05_0000_max_476x317.jpeg; https://media.rightmove.co.uk:443/dir/crop/10:9-16:9/226k/225509/723055798905361/225509_294650-1_IMG_06_0000_max_476x317.jpeg; https://media.rightmove.co.uk:443/dir/crop/10:9-16:9/226k/225509/723055798905361/225509_294650-1_IMG_07_0000_max_476x317.jpeg; https://media.rightmove.co.uk:443/dir/crop/10:9-16:9/226k/225509/723055798905361/225509_294650-1_IMG_08_0000_max_476x317.jpeg; https://media.rightmove.co.uk:443/dir/crop/10:9-16:9/226k/225509/723055798905361/225509_294650-1_IMG_09_0000_max_476x317.png"
"127613210","Hampshire","Land","Andover Road, Wash Water, Newbury, Hampshire, RG20 0LS","£24,000","Guide Price","","","872 sq. ft.","872","872","81","81","FOR SALE BY AUCTION: terms and conditions apply. Pattinsons are please to offer for sale via online auction this parcel of land. The plot measures approximately 0.02 acres (80.9 sqm) with a perimeter of roughly 37.9m. Please note we have not inspected this site.","https://www.rightmove.co.uk/properties/127613210#/?channel=COM_BUY","2022-09-30T17:52:12Z","","price_reduced","Marketed by Pattinsons, Pattinsons Auction- National Auctioneer","","51.36392","-1.35391","https://media.rightmove.co.uk:443/dir/crop/10:9-16:9/property-photo/c021fbfd3/127613210/c021fbfd37071064002a23fc6d576d23_max_476x317.jpeg"
"166297427","Hampshire","Office","2 St. Georges Business Centre, St. Georges Square, Portsmouth, PO1 3EY","£280,000","","","","1,234 sq. ft.","1234","1234","115","115","Office Investment Opportunity","https://www.rightmove.co.uk/properties/166297427#/?channel=COM_BUY","2025-08-28T10:51:50Z","","new","Marketed by Vail Williams, Portsmouth","","50.796373","-1.102971","https://media.rightmove.co.uk:443/dir/crop/10:9-16:9/86k/85879/166297427/85879_326488-1_IMG_00_0000_max_476x317.jpeg; https://media.rightmove.co.uk:443/dir/crop/10:9-16:9/86k/85879/166297427/85879_326488-1_IMG_01_0000_max_476x317.jpeg; https://media.rightmove.co.uk:443/dir/crop/10:9-16:9/86k/85879/166297427/85879_326488-1_IMG_02_0000_max_476x317.jpeg; https://media.rightmove.co.uk:443/dir/crop/10:9-16:9/86k/85879/166297427/85879_326488-1_IMG_03_0000_max_476x317.jpeg; https://media.rightmove.co.uk:443/dir/crop/10:9-16:9/86k/85879/166297427/85879_326488-1_IMG_04_0000_max_476x317.jpeg; https://media.rightmove.co.uk:443/dir/crop/10:9-16:9/86k/85879/166297427/85879_326488-1_IMG_05_0000_max_476x317.jpeg; https://media.rightmove.co.uk:443/dir/crop/10:9-16:9/86k/85879/166297427/85879_326488-1_IMG_06_0000_max_476x317.jpeg; https://media.rightmove.co.uk:443/dir/crop/10:9-16:9/86k/85879/166297427/85879_326488-1_IMG_07_0000_max_476x317.jpeg; https://media.rightmove.co.uk:443/dir/crop/10:9-16:9/86k/85879/166297427/85879_326488-1_IMG_08_0000_max_476x317.jpeg; https://media.rightmove.co.uk:443/dir/crop/10:9-16:9/86k/85879/166297427/85879_326488-1_IMG_09_0000_max_476x317.jpeg; https://media.rightmove.co.uk:443/dir/crop/10:9-16:9/86k/85879/166297427/85879_326488-1_IMG_10_0000_max_476x317.jpeg; https://media.rightmove.co.uk:443/dir/crop/10:9-16:9/86k/85879/166297427/85879_326488-1_IMG_11_0000_max_476x317.jpeg; https://media.rightmove.co.uk:443/dir/crop/10:9-16:9/86k/85879/166297427/85879_326488-1_IMG_12_0000_max_476x317.jpeg; https://media.rightmove.co.uk:443/dir/crop/10:9-16:9/86k/85879/166297427/85879_326488-1_IMG_13_0000_max_476x317.jpeg; https://media.rightmove.co.uk:443/dir/crop/10:9-16:9/86k/85879/166297427/85879_326488-1_IMG_14_0000_max_476x317.jpeg; https://media.rightmove.co.uk:443/dir/crop/10:9-16:9/86k/85879/166297427/85879_326488-1_IMG_15_0000_max_476x317.jpeg; https://media.rightmove.co.uk:443/dir/crop/10:9-16:9/86k/85879/166297427/85879_326488-1_IMG_16_0000_max_476x317.jpeg; https://media.rightmove.co.uk:443/dir/crop/10:9-16:9/86k/85879/166297427/85879_326488-1_IMG_17_0000_max_476x317.jpeg; https://media.rightmove.co.uk:443/dir/crop/10:9-16:9/86k/85879/166297427/85879_326488-1_IMG_18_0000_max_476x317.jpeg"
"164935826","Hampshire","Land","Hammonds Green, Totton, Southampton, Hampshire, SO40","£300,000","Offers in Region of","","","","","","","","** DEVELOPMENT/SELF BUILD OPPORTUNITY FOR 2 NEW HOMES** An opportunity to purchase a building plot with full planning permission granted for two bespoke 3 bedroom semi detached properties in the heart of Totton. The properties will offer wonderful family living accomodatio...","https://www.rightmove.co.uk/properties/164935826#/?channel=COM_BUY","2025-07-25T09:57:40Z","","price_reduced","Marketed by Morris Dibben, Southampton","","50.92379","-1.50853","https://media.rightmove.co.uk:443/dir/crop/10:9-16:9/6k/5024/164935826/5024_SNM250030_IMG_00_0000_max_476x317.jpeg; https://media.rightmove.co.uk:443/dir/crop/10:9-16:9/6k/5024/164935826/5024_SNM250030_IMG_01_0000_max_476x317.jpeg; https://media.rightmove.co.uk:443/dir/crop/10:9-16:9/6k/5024/164935826/5024_SNM250030_IMG_02_0000_max_476x317.jpeg; https://media.rightmove.co.uk:443/dir/crop/10:9-16:9/6k/5024/164935826/5024_SNM250030_IMG_03_0000_max_476x317.jpeg"
"166095515","Hampshire","Takeaway","Caprinos Pizza, 34B High Street, Alton, Hampshire GU34 1BD","£250,000","","","","","","","","","Freehold Investment Sale - Pizza Restaurant; Multiple operator tenant (120 sites) with high covenant strength; Prominent High Street location; 16 cover high quality dining area; Commercial pizza kitchen; High footfall area of Alton; 2 reserved car parking spaces...","https://www.rightmove.co.uk/properties/166095515#/?channel=COM_BUY","2025-08-22T11:31:06Z","","new","Marketed by Sprosen Ltd, Weston-Super-Mare","","51.14911","-0.97573","https://media.rightmove.co.uk:443/dir/crop/10:9-16:9/236k/235445/166095515/235445_736_IMG_00_0000_max_476x317.jpeg; https://media.rightmove.co.uk:443/dir/crop/10:9-16:9/236k/235445/166095515/235445_736_IMG_03_0000_max_476x317.jpeg; https://media.rightmove.co.uk:443/dir/crop/10:9-16:9/236k/235445/166095515/235445_736_IMG_01_0000_max_476x317.jpeg; https://media.rightmove.co.uk:443/dir/crop/10:9-16:9/236k/235445/166095515/235445_736_IMG_02_0000_max_476x317.jpeg; https://media.rightmove.co.uk:443/dir/crop/10:9-16:9/236k/235445/166095515/235445_736_IMG_04_0000_max_476x317.jpeg; https://media.rightmove.co.uk:443/dir/crop/10:9-16:9/236k/235445/166095515/235445_736_IMG_05_0000_max_476x317.jpeg; https://media.rightmove.co.uk:443/dir/crop/10:9-16:9/236k/235445/166095515/235445_736_IMG_06_0000_max_476x317.jpeg; https://media.rightmove.co.uk:443/dir/crop/10:9-16:9/236k/235445/166095515/235445_736_IMG_07_0000_max_476x317.jpeg; https://media.rightmove.co.uk:443/dir/crop/10:9-16:9/236k/235445/166095515/235445_736_IMG_08_0000_max_476x317.jpeg"
"166084229","Hampshire","Office","The Stables, 30 New Street, Ringwood, BH24 3AD","£165,000","","","","497 sq. ft.","497","497","46","46","TO LET / FOR SALE – SELF-CONTAINED CHARACTER OFFICE ACCOMMODATION","https://www.rightmove.co.uk/properties/166084229#/?channel=COM_BUY","2025-08-22T08:41:04Z","","new","Marketed by Vail Williams, Bournemouth","","50.841668","-1.785109","https://media.rightmove.co.uk:443/dir/crop/10:9-16:9/235k/234236/166084229/234236_210795-1_IMG_00_0000_max_476x317.jpeg; https://media.rightmove.co.uk:443/dir/crop/10:9-16:9/235k/234236/166084229/234236_210795-1_IMG_01_0000_max_476x317.jpeg; https://media.rightmove.co.uk:443/dir/crop/10:9-16:9/235k/234236/166084229/234236_210795-1_IMG_02_0000_max_476x317.jpeg; https://media.rightmove.co.uk:443/dir/crop/10:9-16:9/235k/234236/166084229/234236_210795-1_IMG_03_0000_max_476x317.jpeg; https://media.rightmove.co.uk:443/dir/crop/10:9-16:9/235k/234236/166084229/234236_210795-1_IMG_04_0000_max_476x317.jpeg"
"166042853","Hampshire","Restaurant","36-38 Palmerston Road, Southsea, Portsmouth PO5 3QH","POA","","","","5,238 sq. ft.","5238","5238","487","487","Prime restaurant investment let to Loungers for an unexpired term of 9 years.","https://www.rightmove.co.uk/properties/166042853#/?channel=COM_BUY","2025-08-21T14:21:10Z","","new","Marketed by CBRE Limited (Bristol), CBRE Bristol - Industrial","","50.78593","-1.08852","https://media.rightmove.co.uk:443/dir/crop/10:9-16:9/210k/209429/166042853/209429_36PalmerstonRoadSouthseaPortsmouthPO53QH_IMG_01_0002_max_476x317.jpeg; https://media.rightmove.co.uk:443/dir/crop/10:9-16:9/210k/209429/166042853/209429_36PalmerstonRoadSouthseaPortsmouthPO53QH_IMG_02_0002_max_476x317.jpeg; https://media.rightmove.co.uk:443/dir/crop/10:9-16:9/210k/209429/166042853/209429_36PalmerstonRoadSouthseaPortsmouthPO53QH_IMG_03_0002_max_476x317.jpeg; https://media.rightmove.co.uk:443/dir/crop/10:9-16:9/210k/209429/166042853/209429_36PalmerstonRoadSouthseaPortsmouthPO53QH_IMG_00_0002_max_476x317.jpeg; https://media.rightmove.co.uk:443/dir/crop/10:9-16:9/210k/209429/166042853/209429_36PalmerstonRoadSouthseaPortsmouthPO53QH_IMG_05_0002_max_476x317.jpeg; https://media.rightmove.co.uk:443/dir/crop/10:9-16:9/210k/209429/166042853/209429_36PalmerstonRoadSouthseaPortsmouthPO53QH_IMG_04_0002_max_476x317.jpeg"
"87164058","Hampshire","Commercial Property","Clive Road, Portsmouth","£650,000","","5","4","","","","","","COMMERCIAL UNIT WITH D1 PLANNING GRANTED CURRENTLY BEING USED AS A PRIVATE DOCTORS SURGERY. A commercial unit currently with D1 planning granted being used as a doctors surgery located in central Portsmouth. This property benefits from double glazing, gas central heating system, parking, receptio...","https://www.rightmove.co.uk/properties/87164058#/?channel=COM_BUY","2025-06-10T09:33:00Z","","price_reduced","Marketed by Archbold & Edwards, Waterlooville","","50.801292","-1.074282","https://media.rightmove.co.uk:443/dir/crop/10:9-16:9/166k/165113/87164058/165113_12690028_IMG_00_0000_max_476x317.jpeg; https://media.rightmove.co.uk:443/dir/crop/10:9-16:9/166k/165113/87164058/165113_12690028_IMG_01_0000_max_476x317.jpeg; https://media.rightmove.co.uk:443/dir/crop/10:9-16:9/166k/165113/87164058/165113_12690028_IMG_02_0000_max_476x317.jpeg; https://media.rightmove.co.uk:443/dir/crop/10:9-16:9/166k/165113/87164058/165113_12690028_IMG_03_0000_max_476x317.jpeg; https://media.rightmove.co.uk:443/dir/crop/10:9-16:9/166k/165113/87164058/165113_12690028_IMG_04_0000_max_476x317.jpeg; https://media.rightmove.co.uk:443/dir/crop/10:9-16:9/166k/165113/87164058/165113_12690028_IMG_05_0000_max_476x317.jpeg; https://media.rightmove.co.uk:443/dir/crop/10:9-16:9/166k/165113/87164058/165113_12690028_IMG_06_0000_max_476x317.jpeg; https://media.rightmove.co.uk:443/dir/crop/10:9-16:9/166k/165113/87164058/165113_12690028_IMG_07_0000_max_476x317.jpeg; https://media.rightmove.co.uk:443/dir/crop/10:9-16:9/166k/165113/87164058/165113_12690028_IMG_08_0000_max_476x317.jpeg; https://media.rightmove.co.uk:443/dir/crop/10:9-16:9/166k/165113/87164058/165113_12690028_IMG_09_0000_max_476x317.jpeg; https://media.rightmove.co.uk:443/dir/crop/10:9-16:9/166k/165113/87164058/165113_12690028_IMG_10_0000_max_476x317.jpeg; https://media.rightmove.co.uk:443/dir/crop/10:9-16:9/166k/165113/87164058/165113_12690028_IMG_11_0000_max_476x317.jpeg; https://media.rightmove.co.uk:443/dir/crop/10:9-16:9/166k/165113/87164058/165113_12690028_IMG_12_0000_max_476x317.jpeg"
"166773875","Hampshire","Land","King Lane, Over Wallop, SO20","£50,000","Guide Price","","","","","","","","A freehold land plot of under an acre in Over Wallop, Stockbridge, SO20, with potential for future development, subject to obtaining the necessary planning permissions.","https://www.rightmove.co.uk/properties/166773875#/?channel=COM_BUY","2025-09-09T13:55:43Z","","new","Marketed by Barney Estates and Auctioneers, London","","51.14498","-1.59525","https://media.rightmove.co.uk:443/dir/crop/10:9-16:9/131k/130351/166773875/130351_502012_001559_IMG_00_0000_max_476x317.jpeg; https://media.rightmove.co.uk:443/dir/crop/10:9-16:9/131k/130351/166773875/130351_502012_001559_IMG_01_0000_max_476x317.jpeg; https://media.rightmove.co.uk:443/dir/crop/10:9-16:9/131k/130351/166773875/130351_502012_001559_IMG_02_0000_max_476x317.jpeg; https://media.rightmove.co.uk:443/dir/crop/10:9-16:9/131k/130351/166773875/130351_502012_001559_IMG_03_0000_max_476x317.jpeg"
"169961264","Hampshire","Land","King Lane, Over Wallop, SO20","£50,000","Guide Price","","","","","","","","LOT 20 - To Be Auctioned on Wednesday, 10th December","https://www.rightmove.co.uk/properties/169961264#/?channel=COM_BUY","2025-12-03T14:15:38Z","","new","Marketed by Barney Estates and Auctioneers, London","","51.14498","-1.59525","https://media.rightmove.co.uk:443/dir/crop/10:9-16:9/131k/130351/169961264/130351_502012_002044_IMG_00_0000_max_476x317.jpeg; https://media.rightmove.co.uk:443/dir/crop/10:9-16:9/131k/130351/169961264/130351_502012_002044_IMG_01_0000_max_476x317.jpeg; https://media.rightmove.co.uk:443/dir/crop/10:9-16:9/131k/130351/169961264/130351_502012_002044_IMG_02_0000_max_476x317.jpeg; https://media.rightmove.co.uk:443/dir/crop/10:9-16:9/131k/130351/169961264/130351_502012_002044_IMG_03_0000_max_476x317.jpeg"
"166846955","Hampshire","Warehouse","Units 1 - 7, Fishers Grove, Farlington, Portsmouth, PO6 1EF","£1,000,000","","","","4,521 sq. ft.","4521","4521","420","420","New Build Development Site - Last Unit Remaining","https://www.rightmove.co.uk/properties/166846955#/?channel=COM_BUY","2025-09-10T17:33:47Z","","size_change","Marketed by Holloway Iliffe & Mitchell, Portsmouth","","50.842404","-1.033202","https://media.rightmove.co.uk:443/dir/crop/10:9-16:9/287k/286838/166846955/286838_45590-1_IMG_00_0000_max_476x317.jpeg; https://media.rightmove.co.uk:443/dir/crop/10:9-16:9/287k/286838/166846955/286838_45590-1_IMG_01_0000_max_476x317.jpeg; https://media.rightmove.co.uk:443/dir/crop/10:9-16:9/287k/286838/166846955/286838_45590-1_IMG_02_0000_max_476x317.jpeg; https://media.rightmove.co.uk:443/dir/crop/10:9-16:9/287k/286838/166846955/286838_45590-1_IMG_03_0000_max_476x317.jpeg; https://media.rightmove.co.uk:443/dir/crop/10:9-16:9/287k/286838/166846955/286838_45590-1_IMG_04_0000_max_476x317.jpeg; https://media.rightmove.co.uk:443/dir/crop/10:9-16:9/287k/286838/166846955/286838_45590-1_IMG_05_0000_max_476x317.jpeg; https://media.rightmove.co.uk:443/dir/crop/10:9-16:9/287k/286838/166846955/286838_45590-1_IMG_06_0000_max_476x317.jpeg; https://media.rightmove.co.uk:443/dir/crop/10:9-16:9/287k/286838/166846955/286838_45590-1_IMG_07_0000_max_476x317.jpeg; https://media.rightmove.co.uk:443/dir/crop/10:9-16:9/287k/286838/166846955/286838_45590-1_IMG_08_0000_max_476x317.jpeg; https://media.rightmove.co.uk:443/dir/crop/10:9-16:9/287k/286838/166846955/286838_45590-1_IMG_09_0000_max_476x317.jpeg"
"169959329","Hampshire","Land","Popes Lane, Upham, SO32","£50,000","","","","","","","","","LOT 10 - Parcel I - To Be Auctioned on Wednesday, 10th December","https://www.rightmove.co.uk/properties/169959329#/?channel=COM_BUY","2025-12-03T13:50:38Z","","new","Marketed by Barney Estates and Auctioneers, London","","50.976787","-1.251312","https://media.rightmove.co.uk:443/dir/crop/10:9-16:9/131k/130351/169959329/130351_502012_002038_IMG_00_0000_max_476x317.jpeg; https://media.rightmove.co.uk:443/dir/crop/10:9-16:9/131k/130351/169959329/130351_502012_002038_IMG_01_0000_max_476x317.jpeg; https://media.rightmove.co.uk:443/dir/crop/10:9-16:9/131k/130351/169959329/130351_502012_002038_IMG_02_0000_max_476x317.jpeg; https://media.rightmove.co.uk:443/dir/crop/10:9-16:9/131k/130351/169959329/130351_502012_002038_IMG_03_0000_max_476x317.jpeg"
"165955532","Hampshire","Plot","Summerhill Road, Waterlooville","£245,000","","4","2","","","","","","BUILDING PLOT IN POPULAR WATERLOOVILL NON-ESTATE LOCATION FOR A SIP BUILD PROPERTY. Planning permission granted for a four bedroom detached home with two bathrooms located in Waterlooville. This would be an ideal project for anyone looking to build something a little special. Offering flexible mo...","https://www.rightmove.co.uk/properties/165955532#/?channel=COM_BUY","2025-08-19T14:56:28Z","","new","Marketed by Archbold & Edwards, Waterlooville","","50.896305","-1.019504","https://media.rightmove.co.uk:443/dir/crop/10:9-16:9/166k/165113/165955532/165113_12737831_IMG_00_0000_max_476x317.jpeg; https://media.rightmove.co.uk:443/dir/crop/10:9-16:9/166k/165113/165955532/165113_12737831_IMG_01_0000_max_476x317.jpeg; https://media.rightmove.co.uk:443/dir/crop/10:9-16:9/166k/165113/165955532/165113_12737831_IMG_02_0000_max_476x317.jpeg; https://media.rightmove.co.uk:443/dir/crop/10:9-16:9/166k/165113/165955532/165113_12737831_IMG_03_0000_max_476x317.jpeg; https://media.rightmove.co.uk:443/dir/crop/10:9-16:9/166k/165113/165955532/165113_12737831_IMG_04_0000_max_476x317.jpeg; https://media.rightmove.co.uk:443/dir/crop/10:9-16:9/166k/165113/165955532/165113_12737831_IMG_05_0000_max_476x317.jpeg; https://media.rightmove.co.uk:443/dir/crop/10:9-16:9/166k/165113/165955532/165113_12737831_IMG_06_0000_max_476x317.jpeg; https://media.rightmove.co.uk:443/dir/crop/10:9-16:9/166k/165113/165955532/165113_12737831_IMG_07_0000_max_476x317.jpeg"
"163532594","Hampshire","Commercial Property","Bevois Valley Road, Southampton","£1,500,000","","11","11","","","","","","** Attention Investors - Looking for an 8% yield** An exciting opportunity to purchase the freehold of a commercial premises containing a world renowned Nightclub, wine bar and an 11 bedroom HMO. The current owners first opened Clowns in 1987 before buying Jesters two years lat...","https://www.rightmove.co.uk/properties/163532594#/?channel=COM_BUY","2025-06-19T13:31:58Z","","price_reduced","Marketed by Hunters, Southampton","","50.917964","-1.39524","https://media.rightmove.co.uk:443/dir/crop/10:9-16:9/57k/56655/163532594/56655_33976430_IMG_00_0000_max_476x317.jpeg; https://media.rightmove.co.uk:443/dir/crop/10:9-16:9/57k/56655/163532594/56655_33976430_IMG_01_0000_max_476x317.jpeg; https://media.rightmove.co.uk:443/dir/crop/10:9-16:9/57k/56655/163532594/56655_33976430_IMG_02_0000_max_476x317.jpeg; https://media.rightmove.co.uk:443/dir/crop/10:9-16:9/57k/56655/163532594/56655_33976430_IMG_03_0000_max_476x317.jpeg; https://media.rightmove.co.uk:443/dir/crop/10:9-16:9/57k/56655/163532594/56655_33976430_IMG_04_0000_max_476x317.jpeg; https://media.rightmove.co.uk:443/dir/crop/10:9-16:9/57k/56655/163532594/56655_33976430_IMG_05_0000_max_476x317.jpeg; https://media.rightmove.co.uk:443/dir/crop/10:9-16:9/57k/56655/163532594/56655_33976430_IMG_06_0000_max_476x317.jpeg; https://media.rightmove.co.uk:443/dir/crop/10:9-16:9/57k/56655/163532594/56655_33976430_IMG_07_0000_max_476x317.jpeg; https://media.rightmove.co.uk:443/dir/crop/10:9-16:9/57k/56655/163532594/56655_33976430_IMG_08_0000_max_476x317.jpeg; https://media.rightmove.co.uk:443/dir/crop/10:9-16:9/57k/56655/163532594/56655_33976430_IMG_09_0000_max_476x317.jpeg; https://media.rightmove.co.uk:443/dir/crop/10:9-16:9/57k/56655/163532594/56655_33976430_IMG_10_0000_max_476x317.jpeg; https://media.rightmove.co.uk:443/dir/crop/10:9-16:9/57k/56655/163532594/56655_33976430_IMG_11_0000_max_476x317.jpeg; https://media.rightmove.co.uk:443/dir/crop/10:9-16:9/57k/56655/163532594/56655_33976430_IMG_12_0000_max_476x317.jpeg; https://media.rightmove.co.uk:443/dir/crop/10:9-16:9/57k/56655/163532594/56655_33976430_IMG_13_0000_max_476x317.jpeg; https://media.rightmove.co.uk:443/dir/crop/10:9-16:9/57k/56655/163532594/56655_33976430_IMG_14_0000_max_476x317.jpeg; https://media.rightmove.co.uk:443/dir/crop/10:9-16:9/57k/56655/163532594/56655_33976430_IMG_15_0000_max_476x317.jpeg; https://media.rightmove.co.uk:443/dir/crop/10:9-16:9/57k/56655/163532594/56655_33976430_IMG_16_0000_max_476x317.jpeg; https://media.rightmove.co.uk:443/dir/crop/10:9-16:9/57k/56655/163532594/56655_33976430_IMG_17_0000_max_476x317.jpeg; https://media.rightmove.co.uk:443/dir/crop/10:9-16:9/57k/56655/163532594/56655_33976430_IMG_18_0000_max_476x317.jpeg; https://media.rightmove.co.uk:443/dir/crop/10:9-16:9/57k/56655/163532594/56655_33976430_IMG_19_0000_max_476x317.jpeg; https://media.rightmove.co.uk:443/dir/crop/10:9-16:9/57k/56655/163532594/56655_33976430_IMG_20_0000_max_476x317.jpeg; https://media.rightmove.co.uk:443/dir/crop/10:9-16:9/57k/56655/163532594/56655_33976430_IMG_21_0000_max_476x317.jpeg; https://media.rightmove.co.uk:443/dir/crop/10:9-16:9/57k/56655/163532594/56655_33976430_IMG_22_0000_max_476x317.jpeg; https://media.rightmove.co.uk:443/dir/crop/10:9-16:9/57k/56655/163532594/56655_33976430_IMG_23_0000_max_476x317.jpeg; https://media.rightmove.co.uk:443/dir/crop/10:9-16:9/57k/56655/163532594/56655_33976430_IMG_24_0000_max_476x317.jpeg; https://media.rightmove.co.uk:443/dir/crop/10:9-16:9/57k/56655/163532594/56655_33976430_IMG_25_0000_max_476x317.jpeg; https://media.rightmove.co.uk:443/dir/crop/10:9-16:9/57k/56655/163532594/56655_33976430_IMG_26_0000_max_476x317.jpeg; https://media.rightmove.co.uk:443/dir/crop/10:9-16:9/57k/56655/163532594/56655_33976430_IMG_27_0000_max_476x317.jpeg; https://media.rightmove.co.uk:443/dir/crop/10:9-16:9/57k/56655/163532594/56655_33976430_IMG_28_0000_max_476x317.jpeg; https://media.rightmove.co.uk:443/dir/crop/10:9-16:9/57k/56655/163532594/56655_33976430_IMG_29_0000_max_476x317.jpeg; https://media.rightmove.co.uk:443/dir/crop/10:9-16:9/57k/56655/163532594/56655_33976430_IMG_30_0000_max_476x317.jpeg; https://media.rightmove.co.uk:443/dir/crop/10:9-16:9/57k/56655/163532594/56655_33976430_IMG_31_0000_max_476x317.jpeg; https://media.rightmove.co.uk:443/dir/crop/10:9-16:9/57k/56655/163532594/56655_33976430_IMG_32_0000_max_476x317.jpeg; https://media.rightmove.co.uk:443/dir/crop/10:9-16:9/57k/56655/163532594/56655_33976430_IMG_33_0000_max_476x317.jpeg; https://media.rightmove.co.uk:443/dir/crop/10:9-16:9/57k/56655/163532594/56655_33976430_IMG_34_0000_max_476x317.jpeg; https://media.rightmove.co.uk:443/dir/crop/10:9-16:9/57k/56655/163532594/56655_33976430_IMG_35_0000_max_476x317.jpeg; https://media.rightmove.co.uk:443/dir/crop/10:9-16:9/57k/56655/163532594/56655_33976430_IMG_36_0000_max_476x317.jpeg; https://media.rightmove.co.uk:443/dir/crop/10:9-16:9/57k/56655/163532594/56655_33976430_IMG_37_0000_max_476x317.jpeg; https://media.rightmove.co.uk:443/dir/crop/10:9-16:9/57k/56655/163532594/56655_33976430_IMG_38_0000_max_476x317.jpeg; https://media.rightmove.co.uk:443/dir/crop/10:9-16:9/57k/56655/163532594/56655_33976430_IMG_39_0000_max_476x317.jpeg; https://media.rightmove.co.uk:443/dir/crop/10:9-16:9/57k/56655/163532594/56655_33976430_IMG_40_0000_max_476x317.jpeg; https://media.rightmove.co.uk:443/dir/crop/10:9-16:9/57k/56655/163532594/56655_33976430_IMG_41_0000_max_476x317.jpeg; https://media.rightmove.co.uk:443/dir/crop/10:9-16:9/57k/56655/163532594/56655_33976430_IMG_42_0000_max_476x317.jpeg; https://media.rightmove.co.uk:443/dir/crop/10:9-16:9/57k/56655/163532594/56655_33976430_IMG_43_0000_max_476x317.jpeg; https://media.rightmove.co.uk:443/dir/crop/10:9-16:9/57k/56655/163532594/56655_33976430_IMG_44_0000_max_476x317.jpeg"
"162216452","Hampshire","Commercial Property","48 London Road, Portsmouth, Hampshire, PO2 0LN","£279,000","Offers in Excess of","","","2,491 sq. ft.","2491","2491","231","231","The property comprises a two-storey building, providing retail accommodation at ground floor level, with office/storage areas, a staff kitchen, and WCs on the first floor. At present, the property has been fitted out as an escape room. To the rear, there is a hardstanding area for loading and s...","https://www.rightmove.co.uk/properties/162216452#/?channel=COM_BUY","2025-05-20T22:53:49Z","","price_reduced","Marketed by Flude Property Consultants, Portsmouth","","50.814663","-1.079582","https://media.rightmove.co.uk:443/dir/crop/10:9-16:9/206k/205205/162216452/205205_7082FH_IMG_00_0000_max_476x317.jpeg; https://media.rightmove.co.uk:443/dir/crop/10:9-16:9/206k/205205/162216452/205205_7082FH_IMG_01_0000_max_476x317.jpeg; https://media.rightmove.co.uk:443/dir/crop/10:9-16:9/206k/205205/162216452/205205_7082FH_IMG_02_0000_max_476x317.jpeg; https://media.rightmove.co.uk:443/dir/crop/10:9-16:9/206k/205205/162216452/205205_7082FH_IMG_03_0000_max_476x317.jpeg; https://media.rightmove.co.uk:443/dir/crop/10:9-16:9/206k/205205/162216452/205205_7082FH_IMG_04_0000_max_476x317.jpeg; https://media.rightmove.co.uk:443/dir/crop/10:9-16:9/206k/205205/162216452/205205_7082FH_IMG_05_0000_max_476x317.jpeg; https://media.rightmove.co.uk:443/dir/crop/10:9-16:9/206k/205205/162216452/205205_7082FH_IMG_06_0000_max_476x317.jpeg; https://media.rightmove.co.uk:443/dir/crop/10:9-16:9/206k/205205/162216452/205205_7082FH_IMG_07_0000_max_476x317.jpeg; https://media.rightmove.co.uk:443/dir/crop/10:9-16:9/206k/205205/162216452/205205_7082FH_IMG_08_0000_max_476x317.jpeg; https://media.rightmove.co.uk:443/dir/crop/10:9-16:9/206k/205205/162216452/205205_7082FH_IMG_09_0000_max_476x317.jpeg; https://media.rightmove.co.uk:443/dir/crop/10:9-16:9/206k/205205/162216452/205205_7082FH_IMG_10_0000_max_476x317.jpeg; https://media.rightmove.co.uk:443/dir/crop/10:9-16:9/206k/205205/162216452/205205_7082FH_IMG_11_0000_max_476x317.jpeg; https://media.rightmove.co.uk:443/dir/crop/10:9-16:9/206k/205205/162216452/205205_7082FH_IMG_12_0000_max_476x317.jpeg"
"157458584","Hampshire","Bar / Nightclub","Propaganda Music Canteen, 317-321 Fleet Road, Fleet, GU51 3BU","£50,000","Guide Price","","","","","","","","Leasehold. Located in Central Fleet. Capacity for 250,GIA 5274 sq ft / 489.9 sq m. 15-year lease expiring November 2036. T/O £417,267 y/e March 24. 2-bedroom flat & Offices","https://www.rightmove.co.uk/properties/157458584#/?channel=COM_BUY","2025-01-28T11:27:01Z","","new","Marketed by Christie & Co, Pubs & Restaurants","","51.27882","-0.84456","https://media.rightmove.co.uk:443/dir/crop/10:9-16:9/261k/260759/157458584/260759_3858284-lh_IMG_00_0001_max_476x317.jpeg; https://media.rightmove.co.uk:443/dir/crop/10:9-16:9/261k/260759/157458584/260759_3858284-lh_IMG_08_0001_max_476x317.jpeg; https://media.rightmove.co.uk:443/dir/crop/10:9-16:9/261k/260759/157458584/260759_3858284-lh_IMG_09_0001_max_476x317.jpeg; https://media.rightmove.co.uk:443/dir/crop/10:9-16:9/261k/260759/157458584/260759_3858284-lh_IMG_10_0001_max_476x317.jpeg; https://media.rightmove.co.uk:443/dir/crop/10:9-16:9/261k/260759/157458584/260759_3858284-lh_IMG_11_0001_max_476x317.jpeg; https://media.rightmove.co.uk:443/dir/crop/10:9-16:9/261k/260759/157458584/260759_3858284-lh_IMG_12_0001_max_476x317.jpeg; https://media.rightmove.co.uk:443/dir/crop/10:9-16:9/261k/260759/157458584/260759_3858284-lh_IMG_13_0001_max_476x317.jpeg; https://media.rightmove.co.uk:443/dir/crop/10:9-16:9/261k/260759/157458584/260759_3858284-lh_IMG_14_0001_max_476x317.jpeg; https://media.rightmove.co.uk:443/dir/crop/10:9-16:9/261k/260759/157458584/260759_3858284-lh_IMG_15_0001_max_476x317.jpeg; https://media.rightmove.co.uk:443/dir/crop/10:9-16:9/261k/260759/157458584/260759_3858284-lh_IMG_01_0001_max_476x317.jpeg; https://media.rightmove.co.uk:443/dir/crop/10:9-16:9/261k/260759/157458584/260759_3858284-lh_IMG_02_0001_max_476x317.jpeg; https://media.rightmove.co.uk:443/dir/crop/10:9-16:9/261k/260759/157458584/260759_3858284-lh_IMG_03_0001_max_476x317.jpeg; https://media.rightmove.co.uk:443/dir/crop/10:9-16:9/261k/260759/157458584/260759_3858284-lh_IMG_04_0001_max_476x317.jpeg; https://media.rightmove.co.uk:443/dir/crop/10:9-16:9/261k/260759/157458584/260759_3858284-lh_IMG_05_0001_max_476x317.jpeg; https://media.rightmove.co.uk:443/dir/crop/10:9-16:9/261k/260759/157458584/260759_3858284-lh_IMG_06_0001_max_476x317.jpeg; https://media.rightmove.co.uk:443/dir/crop/10:9-16:9/261k/260759/157458584/260759_3858284-lh_IMG_07_0001_max_476x317.jpeg"
"155431889","Hampshire","Plot","Andover Road, Highclere, Newbury, RG20 9SD","£350,000","Offers Over","3","3","","","","","","Nestled in the highly sought-after village of Highclere, this building plot is surrounded by stunning countryside and situated within an Area of Outstanding Natural Beauty (AONB). The plot comes with detailed planning permission for a spacious 3-bedroom detached house, featuring: ","https://www.rightmove.co.uk/properties/155431889#/?channel=COM_BUY","2024-11-27T13:20:57Z","","new","Marketed by eXp UK, South East","","51.331646","-1.37974","https://media.rightmove.co.uk:443/dir/crop/10:9-16:9/property-photo/a5669e52f/155431889/a5669e52f40ffb5045d2423574902954_max_476x317.jpeg; https://media.rightmove.co.uk:443/dir/crop/10:9-16:9/property-photo/fa3fbc291/155431889/fa3fbc291e96386c7431c5eff616727c_max_476x317.png; https://media.rightmove.co.uk:443/dir/crop/10:9-16:9/property-photo/df8d1c383/155431889/df8d1c383a52cfe929940abda3e6f9ae_max_476x317.png; https://media.rightmove.co.uk:443/dir/crop/10:9-16:9/property-photo/49136fd89/155431889/49136fd895c73a1630d236f63834bc7f_max_476x317.jpeg"
"166271945","Hampshire","Plot","Charter Alley","£450,000","Guide Price","4","2","","","","","","located in a peaceful rural setting , close to the popular village of Charter Alley. With full planning consent for a well-designed 4 bedroom home with a double garage, measuring in total, a very generous 2,443 sq ft under Basingstoke and Deane Planning Application number 24/00166/FUL","https://www.rightmove.co.uk/properties/166271945#/?channel=COM_BUY","2025-08-27T15:45:04Z","","new","Marketed by Simmons & Sons, Henley-on-Thames","","51.315884","-1.144179","https://media.rightmove.co.uk:443/dir/crop/10:9-16:9/36k/35123/166271945/35123_101449_IMG_00_0000_max_476x317.jpeg; https://media.rightmove.co.uk:443/dir/crop/10:9-16:9/36k/35123/166271945/35123_101449_IMG_01_0000_max_476x317.jpeg"
"139232741","Hampshire","Land","Andover Road, Wash Water, Newbury, Hampshire, RG20 0LS","£14,000","Guide Price","","","1,000 sq. ft.","1000","1000","93","93","*For sale via secure sale online bidding: terms and conditions apply.* We are pleased to offer to auction this land site that measures approximately 0.023 acres (93.1sqm) with a perimeter of roughly 38.6m. The subject land site is located along The Chase Andover Road, in the market town of ...","https://www.rightmove.co.uk/properties/139232741#/?channel=COM_BUY","2023-08-30T07:39:09Z","","price_reduced","Marketed by Pattinsons, Pattinsons Auction- National Auctioneer","","51.3633","-1.355","https://media.rightmove.co.uk:443/dir/crop/10:9-16:9/252k/251528/139232741/251528_434186_IMG_00_0000_max_476x317.png; https://media.rightmove.co.uk:443/dir/crop/10:9-16:9/252k/251528/139232741/251528_434186_IMG_01_0000_max_476x317.png"
"721781512588961","Hampshire","Commercial Development","Canterburys, Darby Green Road, Blackwater, Camberley, GU17 0DT","£775,000","Offers in Excess of","","","16,988 sq. ft.","16988","16988","1578","1578","0.4 Acre site with development potential for veterinary, medical, professional and business, or residential uses STP.","https://www.rightmove.co.uk/properties/721781512588961#/?channel=COM_BUY","2025-11-27T11:55:09Z","","size_change","Marketed by Hurst Warne & Partners Surveyors Limited, Guildford","","51.336391","-0.801268","https://media.rightmove.co.uk:443/dir/crop/10:9-16:9/283k/282641/721781512588961/282641_317697-1_IMG_00_0000_max_476x317.jpeg; https://media.rightmove.co.uk:443/dir/crop/10:9-16:9/283k/282641/721781512588961/282641_317697-1_IMG_01_0000_max_476x317.jpeg; https://media.rightmove.co.uk:443/dir/crop/10:9-16:9/283k/282641/721781512588961/282641_317697-1_IMG_02_0000_max_476x317.jpeg; https://media.rightmove.co.uk:443/dir/crop/10:9-16:9/283k/282641/721781512588961/282641_317697-1_IMG_03_0000_max_476x317.jpeg; https://media.rightmove.co.uk:443/dir/crop/10:9-16:9/283k/282641/721781512588961/282641_317697-1_IMG_04_0000_max_476x317.jpeg; https://media.rightmove.co.uk:443/dir/crop/10:9-16:9/283k/282641/721781512588961/282641_317697-1_IMG_05_0000_max_476x317.jpeg; https://media.rightmove.co.uk:443/dir/crop/10:9-16:9/283k/282641/721781512588961/282641_317697-1_IMG_06_0000_max_476x317.jpeg; https://media.rightmove.co.uk:443/dir/crop/10:9-16:9/283k/282641/721781512588961/282641_317697-1_IMG_07_0000_max_476x317.jpeg; https://media.rightmove.co.uk:443/dir/crop/10:9-16:9/283k/282641/721781512588961/282641_317697-1_IMG_08_0000_max_476x317.jpeg; https://media.rightmove.co.uk:443/dir/crop/10:9-16:9/283k/282641/721781512588961/282641_317697-1_IMG_09_0000_max_476x317.jpeg"
"165668501","Hampshire","Distribution Warehouse","Unit 2 & 9 Northbrook Industrial Estate, Vincent Avenue, Southampton, Hampshire, SO16","£1,760,000","From","","","1,517–16,201 sq. ft.","1517","16201","141","1505","Unit 9 is a detached industrial warehouse unit comprising of a small office area, W/C and warehouse space. The unit benefits from allocated parking and a side/rear yard. Unit 2 is an end terrace industrial unit comprising of two storey office accommodation and warehouse space with high parking al...","https://www.rightmove.co.uk/properties/165668501#/?channel=COM_BUY","2025-08-12T16:52:44Z","","new","Marketed by Lambert Smith Hampton, Southampton","","50.931931","-1.427666","https://media.rightmove.co.uk:443/dir/crop/10:9-16:9/183k/182711/165668501/182711_2076194FH_IMG_00_0000_max_476x317.jpeg; https://media.rightmove.co.uk:443/dir/crop/10:9-16:9/183k/182711/165668501/182711_2076194FH_IMG_01_0000_max_476x317.jpeg; https://media.rightmove.co.uk:443/dir/crop/10:9-16:9/183k/182711/165668501/182711_2076194FH_IMG_02_0000_max_476x317.jpeg; https://media.rightmove.co.uk:443/dir/crop/10:9-16:9/183k/182711/165668501/182711_2076194FH_IMG_03_0000_max_476x317.jpeg"
"165660809","Hampshire","Light Industrial","The Store, Wootton Road, SO41","£160,000","","","","554 sq. ft.","554","554","51","51","Situated in village setting in New Forest National Park - Store 554 sq ft - Double door loading - eaves storage - yard of approx. 3600 sq ft and further car parking area included - freehold - price - £160,000 - No rates, subject to status","https://www.rightmove.co.uk/properties/165660809#/?channel=COM_BUY","2025-08-12T15:08:47Z","","new","Marketed by Nettleship Sawyer, Bournemouth","","50.77669","-1.63573","https://media.rightmove.co.uk:443/dir/crop/10:9-16:9/198k/197117/165660809/197117_SGC10313_IMG_05_0000_max_476x317.jpeg; https://media.rightmove.co.uk:443/dir/crop/10:9-16:9/198k/197117/165660809/197117_SGC10313_IMG_01_0000_max_476x317.jpeg; https://media.rightmove.co.uk:443/dir/crop/10:9-16:9/198k/197117/165660809/197117_SGC10313_IMG_02_0000_max_476x317.jpeg; https://media.rightmove.co.uk:443/dir/crop/10:9-16:9/198k/197117/165660809/197117_SGC10313_IMG_03_0000_max_476x317.jpeg; https://media.rightmove.co.uk:443/dir/crop/10:9-16:9/198k/197117/165660809/197117_SGC10313_IMG_04_0000_max_476x317.jpeg"
"165551447","Hampshire","Retail Property (high street)","Ground Floor, 8 Milvil Court, Milvil Road, Lee-on-the-Solent, PO13 9LY","£180,000","","","","623 sq. ft.","623","623","58","58","LONG LEASEHOLD FOR SALE OR TO LET","https://www.rightmove.co.uk/properties/165551447#/?channel=COM_BUY","2025-08-08T16:46:56Z","","new","Marketed by Holloway Iliffe & Mitchell, Portsmouth","","50.802339","-1.20377","https://media.rightmove.co.uk:443/dir/crop/10:9-16:9/287k/286838/165551447/286838_318412-1_IMG_00_0000_max_476x317.jpeg; https://media.rightmove.co.uk:443/dir/crop/10:9-16:9/287k/286838/165551447/286838_318412-1_IMG_01_0000_max_476x317.jpeg; https://media.rightmove.co.uk:443/dir/crop/10:9-16:9/287k/286838/165551447/286838_318412-1_IMG_02_0000_max_476x317.jpeg; https://media.rightmove.co.uk:443/dir/crop/10:9-16:9/287k/286838/165551447/286838_318412-1_IMG_03_0000_max_476x317.jpeg; https://media.rightmove.co.uk:443/dir/crop/10:9-16:9/287k/286838/165551447/286838_318412-1_IMG_04_0000_max_476x317.jpeg; https://media.rightmove.co.uk:443/dir/crop/10:9-16:9/287k/286838/165551447/286838_318412-1_IMG_05_0000_max_476x317.jpeg; https://media.rightmove.co.uk:443/dir/crop/10:9-16:9/287k/286838/165551447/286838_318412-1_IMG_06_0000_max_476x317.jpeg; https://media.rightmove.co.uk:443/dir/crop/10:9-16:9/287k/286838/165551447/286838_318412-1_IMG_07_0000_max_476x317.jpeg; https://media.rightmove.co.uk:443/dir/crop/10:9-16:9/287k/286838/165551447/286838_318412-1_IMG_08_0000_max_476x317.jpeg; https://media.rightmove.co.uk:443/dir/crop/10:9-16:9/287k/286838/165551447/286838_318412-1_IMG_09_0000_max_476x317.jpeg"
"162778823","Hampshire","Land","Bramshaw, Lyndhurst, Hampshire, SO43","£300,000","","","","173,804 sq. ft.","173804","173804","16147","16147","A Rare Opportunity in the Heart of the New Forest ","https://www.rightmove.co.uk/properties/162778823#/?channel=COM_BUY","2025-06-03T11:54:34Z","","price_reduced","Marketed by Charters, Romsey","","50.927621","-1.605193","https://media.rightmove.co.uk:443/dir/crop/10:9-16:9/76k/75462/162778823/75462_ROM240195_IMG_00_0000_max_476x317.jpeg; https://media.rightmove.co.uk:443/dir/crop/10:9-16:9/76k/75462/162778823/75462_ROM240195_IMG_01_0000_max_476x317.jpeg; https://media.rightmove.co.uk:443/dir/crop/10:9-16:9/76k/75462/162778823/75462_ROM240195_IMG_02_0000_max_476x317.jpeg; https://media.rightmove.co.uk:443/dir/crop/10:9-16:9/76k/75462/162778823/75462_ROM240195_IMG_04_0000_max_476x317.jpeg; https://media.rightmove.co.uk:443/dir/crop/10:9-16:9/76k/75462/162778823/75462_ROM240195_IMG_03_0000_max_476x317.jpeg; https://media.rightmove.co.uk:443/dir/crop/10:9-16:9/76k/75462/162778823/75462_ROM240195_IMG_05_0000_max_476x317.jpeg; https://media.rightmove.co.uk:443/dir/crop/10:9-16:9/76k/75462/162778823/75462_ROM240195_IMG_06_0000_max_476x317.jpeg; https://media.rightmove.co.uk:443/dir/crop/10:9-16:9/76k/75462/162778823/75462_ROM240195_IMG_07_0000_max_476x317.jpeg; https://media.rightmove.co.uk:443/dir/crop/10:9-16:9/76k/75462/162778823/75462_ROM240195_IMG_08_0000_max_476x317.jpeg; https://media.rightmove.co.uk:443/dir/crop/10:9-16:9/76k/75462/162778823/75462_ROM240195_IMG_09_0000_max_476x317.jpeg; https://media.rightmove.co.uk:443/dir/crop/10:9-16:9/76k/75462/162778823/75462_ROM240195_IMG_10_0000_max_476x317.jpeg; https://media.rightmove.co.uk:443/dir/crop/10:9-16:9/76k/75462/162778823/75462_ROM240195_IMG_11_0000_max_476x317.jpeg"
"721781500122257","Hampshire","Mixed Use","Unit 34, Easter Park, Reading, RG7 2PQ","POA","","","","1,774–3,067 sq. ft.","1774","3067","165","285","MODERN UNIT WITH MULTI LEVEL MEZZANINE FOR LEASE OR SALE","https://www.rightmove.co.uk/properties/721781500122257#/?channel=COM_BUY","2025-11-27T11:52:08Z","","new","Marketed by Hurst Warne & Partners Surveyors Limited, Farnborough","","51.368291","-1.118367","https://media.rightmove.co.uk:443/dir/crop/10:9-16:9/283k/282653/721781500122257/282653_308499-1_IMG_00_0000_max_476x317.jpeg; https://media.rightmove.co.uk:443/dir/crop/10:9-16:9/283k/282653/721781500122257/282653_308499-1_IMG_01_0000_max_476x317.jpeg; https://media.rightmove.co.uk:443/dir/crop/10:9-16:9/283k/282653/721781500122257/282653_308499-1_IMG_02_0000_max_476x317.jpeg; https://media.rightmove.co.uk:443/dir/crop/10:9-16:9/283k/282653/721781500122257/282653_308499-1_IMG_03_0000_max_476x317.jpeg; https://media.rightmove.co.uk:443/dir/crop/10:9-16:9/283k/282653/721781500122257/282653_308499-1_IMG_04_0000_max_476x317.jpeg; https://media.rightmove.co.uk:443/dir/crop/10:9-16:9/283k/282653/721781500122257/282653_308499-1_IMG_05_0000_max_476x317.jpeg; https://media.rightmove.co.uk:443/dir/crop/10:9-16:9/283k/282653/721781500122257/282653_308499-1_IMG_06_0000_max_476x317.jpeg; https://media.rightmove.co.uk:443/dir/crop/10:9-16:9/283k/282653/721781500122257/282653_308499-1_IMG_07_0000_max_476x317.jpeg; https://media.rightmove.co.uk:443/dir/crop/10:9-16:9/283k/282653/721781500122257/282653_308499-1_IMG_08_0000_max_476x317.jpeg; https://media.rightmove.co.uk:443/dir/crop/10:9-16:9/283k/282653/721781500122257/282653_308499-1_IMG_09_0000_max_476x317.jpeg"
"158180630","Hampshire","Residential Development","Fordingbridge ","£695,000","","","","","","","","","*Planning permission for three dwellings* A unique opportunity to acquire a redundant agricultural building with approved planning permissions for either conversion or replacement into a stunning 3 x 3-bedroom barn-style home. Set in a picturesque rural location, this property is perfect for thos...","https://www.rightmove.co.uk/properties/158180630#/?channel=COM_BUY","2025-02-12T17:33:57Z","","price_reduced","Marketed by Kings Estates Commercial, National","","50.98324","-1.90051","https://media.rightmove.co.uk:443/dir/crop/10:9-16:9/259k/258500/158180630/258500_103592001049_IMG_00_0000_max_476x317.jpeg; https://media.rightmove.co.uk:443/dir/crop/10:9-16:9/259k/258500/158180630/258500_103592001049_IMG_01_0000_max_476x317.jpeg; https://media.rightmove.co.uk:443/dir/crop/10:9-16:9/259k/258500/158180630/258500_103592001049_IMG_02_0000_max_476x317.jpeg; https://media.rightmove.co.uk:443/dir/crop/10:9-16:9/259k/258500/158180630/258500_103592001049_IMG_03_0000_max_476x317.jpeg; https://media.rightmove.co.uk:443/dir/crop/10:9-16:9/259k/258500/158180630/258500_103592001049_IMG_04_0000_max_476x317.jpeg; https://media.rightmove.co.uk:443/dir/crop/10:9-16:9/259k/258500/158180630/258500_103592001049_IMG_05_0000_max_476x317.jpeg; https://media.rightmove.co.uk:443/dir/crop/10:9-16:9/259k/258500/158180630/258500_103592001049_IMG_06_0000_max_476x317.jpeg"
"165123383","Hampshire","Shop","24 And 24A High Street, Fordingbridge, Hampshire, SP6 1AX","£325,000","","","","2,091 sq. ft.","2091","2091","194","194","For Sale - Characterful Prime Class E Commercial Premises with Large Enclosed Rear Yard Two characterful Fordinbridge High Street properties For Sale with Large Enclosed Rear Courtyard/Garden & Development Potential (subject to statutory consents). Fordingbridge is an attractive town located a...","https://www.rightmove.co.uk/properties/165123383#/?channel=COM_BUY","2025-07-30T12:36:24Z","","price_reduced","Marketed by Mava Real Estate, Bournemouth","","50.927132","-1.791217","https://media.rightmove.co.uk:443/dir/crop/10:9-16:9/80k/79329/165123383/79329_8038FH_IMG_00_0001_max_476x317.jpeg; https://media.rightmove.co.uk:443/dir/crop/10:9-16:9/80k/79329/165123383/79329_8038FH_IMG_01_0001_max_476x317.jpeg; https://media.rightmove.co.uk:443/dir/crop/10:9-16:9/80k/79329/165123383/79329_8038FH_IMG_02_0001_max_476x317.jpeg; https://media.rightmove.co.uk:443/dir/crop/10:9-16:9/80k/79329/165123383/79329_8038FH_IMG_03_0001_max_476x317.jpeg; https://media.rightmove.co.uk:443/dir/crop/10:9-16:9/80k/79329/165123383/79329_8038FH_IMG_04_0001_max_476x317.jpeg; https://media.rightmove.co.uk:443/dir/crop/10:9-16:9/80k/79329/165123383/79329_8038FH_IMG_05_0001_max_476x317.jpeg; https://media.rightmove.co.uk:443/dir/crop/10:9-16:9/80k/79329/165123383/79329_8038FH_IMG_06_0001_max_476x317.jpeg; https://media.rightmove.co.uk:443/dir/crop/10:9-16:9/80k/79329/165123383/79329_8038FH_IMG_07_0001_max_476x317.jpeg; https://media.rightmove.co.uk:443/dir/crop/10:9-16:9/80k/79329/165123383/79329_8038FH_IMG_08_0001_max_476x317.jpeg; https://media.rightmove.co.uk:443/dir/crop/10:9-16:9/80k/79329/165123383/79329_8038FH_IMG_09_0001_max_476x317.jpeg; https://media.rightmove.co.uk:443/dir/crop/10:9-16:9/80k/79329/165123383/79329_8038FH_IMG_10_0001_max_476x317.jpeg; https://media.rightmove.co.uk:443/dir/crop/10:9-16:9/80k/79329/165123383/79329_8038FH_IMG_11_0001_max_476x317.jpeg; https://media.rightmove.co.uk:443/dir/crop/10:9-16:9/80k/79329/165123383/79329_8038FH_IMG_12_0001_max_476x317.jpeg; https://media.rightmove.co.uk:443/dir/crop/10:9-16:9/80k/79329/165123383/79329_8038FH_IMG_13_0001_max_476x317.jpeg; https://media.rightmove.co.uk:443/dir/crop/10:9-16:9/80k/79329/165123383/79329_8038FH_IMG_14_0001_max_476x317.jpeg; https://media.rightmove.co.uk:443/dir/crop/10:9-16:9/80k/79329/165123383/79329_8038FH_IMG_15_0001_max_476x317.jpeg; https://media.rightmove.co.uk:443/dir/crop/10:9-16:9/80k/79329/165123383/79329_8038FH_IMG_16_0001_max_476x317.jpeg; https://media.rightmove.co.uk:443/dir/crop/10:9-16:9/80k/79329/165123383/79329_8038FH_IMG_17_0001_max_476x317.jpeg; https://media.rightmove.co.uk:443/dir/crop/10:9-16:9/80k/79329/165123383/79329_8038FH_IMG_18_0001_max_476x317.jpeg; https://media.rightmove.co.uk:443/dir/crop/10:9-16:9/80k/79329/165123383/79329_8038FH_IMG_19_0001_max_476x317.jpeg; https://media.rightmove.co.uk:443/dir/crop/10:9-16:9/80k/79329/165123383/79329_8038FH_IMG_20_0001_max_476x317.jpeg; https://media.rightmove.co.uk:443/dir/crop/10:9-16:9/80k/79329/165123383/79329_8038FH_IMG_21_0001_max_476x317.jpeg"
"147822509","Hampshire","Land","Andover Road, Wash Water, Newbury, Hampshire, RG20 0LS","£4,000","Guide Price","","","","","","","","*For sale via secure sale online bidding: terms and conditions apply.* We are pleased to offer to auction this freehold land site for sale in Newbury. Newbury is a market town in West Berkshire, England, in the valley of the River Kennet. It is 26 miles south of Oxford, 25 miles north of Winc...","https://www.rightmove.co.uk/properties/147822509#/?channel=COM_BUY","2024-05-10T08:59:06Z","","price_reduced","Marketed by Pattinsons, Pattinsons Auction- National Auctioneer","","51.3633","-1.355","https://media.rightmove.co.uk:443/dir/crop/10:9-16:9/252k/251528/147822509/251528_454580_IMG_00_0000_max_476x317.png; https://media.rightmove.co.uk:443/dir/crop/10:9-16:9/252k/251528/147822509/251528_454580_IMG_01_0000_max_476x317.png"
"164844281","Hampshire","Land","Land at Holyborne Road, Romsey","£300,000","Guide Price","","","","","","","","Exciting Development Opportunity for Land at Romsey (Subject to all necessary consents)","https://www.rightmove.co.uk/properties/164844281#/?channel=COM_BUY","2025-07-23T10:49:49Z","","new","Marketed by RPC Land and New Homes, Kent","","50.990921","-1.476994","https://media.rightmove.co.uk:443/dir/crop/10:9-16:9/property-photo/fc29d30ec/164844281/fc29d30eca360e2e6f41a93ae316ba50_max_476x317.png; https://media.rightmove.co.uk:443/dir/crop/10:9-16:9/property-photo/770cad182/164844281/770cad1822fb34f364bc5b537c5fb73e_max_476x317.png; https://media.rightmove.co.uk:443/dir/crop/10:9-16:9/property-photo/7000d29d8/164844281/7000d29d87c4fd2a263b94cf6f4b7988_max_476x317.png"
"164764739","Hampshire","Light Industrial","7-8, Lower Vicarage Road, Southampton, Hampshire, SO19 7RJ","£285,000","","","","2,988 sq. ft.","2988","2988","278","278","Woolston is a busy suburb of Southampton located to the east of the city and accessed via the Itchen Tall Bridge. The former VT Shipyard was the subject of a major housing led regeneration project which is located just to the south. The subject unit is located on Lower Vicarage Road. The propert...","https://www.rightmove.co.uk/properties/164764739#/?channel=COM_BUY","2025-07-21T15:25:37Z","","new","Marketed by Mava Real Estate, Southampton","","50.900284","-1.38141","https://media.rightmove.co.uk:443/dir/crop/10:9-16:9/97k/96725/164764739/96725_14932FH_IMG_00_0001_max_476x317.jpeg; https://media.rightmove.co.uk:443/dir/crop/10:9-16:9/97k/96725/164764739/96725_14932FH_IMG_01_0001_max_476x317.jpeg; https://media.rightmove.co.uk:443/dir/crop/10:9-16:9/97k/96725/164764739/96725_14932FH_IMG_02_0001_max_476x317.jpeg; https://media.rightmove.co.uk:443/dir/crop/10:9-16:9/97k/96725/164764739/96725_14932FH_IMG_03_0001_max_476x317.jpeg; https://media.rightmove.co.uk:443/dir/crop/10:9-16:9/97k/96725/164764739/96725_14932FH_IMG_04_0001_max_476x317.jpeg; https://media.rightmove.co.uk:443/dir/crop/10:9-16:9/97k/96725/164764739/96725_14932FH_IMG_05_0001_max_476x317.jpeg"
"167497805","Hampshire","Mixed Use","14 & 14A Stockbridge Road, Winchester, Hampshire, SO23 7BZ","£270,000","Guide Price","4","1","721 sq. ft.","721","721","67","67","For sale by Online Auction - Investment Opportunity in Winchester available via Auction 29th October 2025 MIXED USE COMMERCIAL/ RESIDENTIAL INVESTMENT AVAILABLE VIA AUCTION 29th October 2025 This attractive freehold property presents an excellent investment opportunity, offering a mix...","https://www.rightmove.co.uk/properties/167497805#/?channel=COM_BUY","2025-09-26T17:32:46Z","","new","Marketed by Town & Country North West, Liverpool","","51.067257","-1.318431","https://media.rightmove.co.uk:443/dir/crop/10:9-16:9/284k/283184/167497805/283184_311968_IMG_00_0000_max_476x317.jpeg; https://media.rightmove.co.uk:443/dir/crop/10:9-16:9/284k/283184/167497805/283184_311968_IMG_01_0000_max_476x317.jpeg; https://media.rightmove.co.uk:443/dir/crop/10:9-16:9/284k/283184/167497805/283184_311968_IMG_02_0000_max_476x317.jpeg; https://media.rightmove.co.uk:443/dir/crop/10:9-16:9/284k/283184/167497805/283184_311968_IMG_03_0000_max_476x317.jpeg; https://media.rightmove.co.uk:443/dir/crop/10:9-16:9/284k/283184/167497805/283184_311968_IMG_04_0000_max_476x317.jpeg"
"164641070","Hampshire","Land","Tupps Field, Passfield Road, GU30 7RU","£250,000","Guide Price","","","292,723 sq. ft.","292723","292723","27195","27195","Approx. 6.72 acres (Lot 2). Attractive pasture land close to River Wey. Road frontage. Access point. Services available. Bounded by hedgerows & woodland. Suitable for various uses: agriculture, equestrian, conservation, woodland creation, recreation, amenity & Natural Capital inc. BNG. ","https://www.rightmove.co.uk/properties/164641070#/?channel=COM_BUY","2025-07-17T14:54:48Z","","size_change","Marketed by Giles Wheeler-Bennett, Southampton","","51.10004","-0.82674","https://media.rightmove.co.uk:443/dir/crop/10:9-16:9/104k/103508/164641070/103508_TuppsLot2Land_IMG_05_0000_max_476x317.jpeg; https://media.rightmove.co.uk:443/dir/crop/10:9-16:9/104k/103508/164641070/103508_TuppsLot2Land_IMG_04_0000_max_476x317.jpeg; https://media.rightmove.co.uk:443/dir/crop/10:9-16:9/104k/103508/164641070/103508_TuppsLot2Land_IMG_02_0000_max_476x317.jpeg; https://media.rightmove.co.uk:443/dir/crop/10:9-16:9/104k/103508/164641070/103508_TuppsLot2Land_IMG_03_0000_max_476x317.jpeg; https://media.rightmove.co.uk:443/dir/crop/10:9-16:9/104k/103508/164641070/103508_TuppsLot2Land_IMG_09_0000_max_476x317.png; https://media.rightmove.co.uk:443/dir/crop/10:9-16:9/104k/103508/164641070/103508_TuppsLot2Land_IMG_01_0000_max_476x317.jpeg; https://media.rightmove.co.uk:443/dir/crop/10:9-16:9/104k/103508/164641070/103508_TuppsLot2Land_IMG_06_0000_max_476x317.jpeg; https://media.rightmove.co.uk:443/dir/crop/10:9-16:9/104k/103508/164641070/103508_TuppsLot2Land_IMG_08_0000_max_476x317.png; https://media.rightmove.co.uk:443/dir/crop/10:9-16:9/104k/103508/164641070/103508_TuppsLot2Land_IMG_00_0000_max_476x317.jpeg; https://media.rightmove.co.uk:443/dir/crop/10:9-16:9/104k/103508/164641070/103508_TuppsLot2Land_IMG_07_0000_max_476x317.png"
"164640830","Hampshire","Land","Tupps Field, Passfield Road, GU30 7RU","£350,000","Guide Price","","","432,115 sq. ft.","432115","432115","40145","40145","Approx. 9.92 acres (Lot 1). Attractive pasture land close to River Wey. Road frontage. 2 access points. Services available. Bounded by hedgerows & woodland. Suitable for various uses including: agriculture, equestrian, conservation, woodland creation, recreation, amenity & Natural Capital inc. BNG. ","https://www.rightmove.co.uk/properties/164640830#/?channel=COM_BUY","2025-07-17T14:51:01Z","","price_reduced","Marketed by Giles Wheeler-Bennett, Southampton","","51.09841","-0.82715","https://media.rightmove.co.uk:443/dir/crop/10:9-16:9/property-photo/42d42d204/164640830/42d42d204c1f512e3c30742d93e42fad_max_476x317.jpeg; https://media.rightmove.co.uk:443/dir/crop/10:9-16:9/property-photo/3740fcda4/164640830/3740fcda455173298918232e810e9e70_max_476x317.jpeg; https://media.rightmove.co.uk:443/dir/crop/10:9-16:9/property-photo/5ea8817c9/164640830/5ea8817c948f9ec3c55b426151059af3_max_476x317.png; https://media.rightmove.co.uk:443/dir/crop/10:9-16:9/property-photo/82b3fd1be/164640830/82b3fd1be6fbd6ac211b6a826c013f81_max_476x317.jpeg; https://media.rightmove.co.uk:443/dir/crop/10:9-16:9/property-photo/ffde4a0fd/164640830/ffde4a0fd4523431f19af1ceb75b35c4_max_476x317.jpeg; https://media.rightmove.co.uk:443/dir/crop/10:9-16:9/property-photo/899aeeca5/164640830/899aeeca5c5bdbf592b461c0d39b9bb9_max_476x317.jpeg; https://media.rightmove.co.uk:443/dir/crop/10:9-16:9/property-photo/927852d5e/164640830/927852d5ecbbecaab627d084160188fe_max_476x317.png; https://media.rightmove.co.uk:443/dir/crop/10:9-16:9/property-photo/253305754/164640830/2533057541e24f8b8a5871ac7c194dee_max_476x317.png"
"164640113","Hampshire","Land","Tupps Field, Passfield Road, GU30 7RU","£600,000","Guide Price","","","724,838 sq. ft.","724838","724838","67340","67340","An attractive block of approx. 16.64 acres of pasture land close to River Wey. Road frontage. 3 access points. Services available. Suitable for various uses including: agriculture, equestrian, conservation, woodland creation, recreation, amenity & Natural Capital inc. BNG. Available in 2 Lots.","https://www.rightmove.co.uk/properties/164640113#/?channel=COM_BUY","2025-07-17T14:44:52Z","","size_change","Marketed by Giles Wheeler-Bennett, Southampton","","51.09917","-0.82687","https://media.rightmove.co.uk:443/dir/crop/10:9-16:9/104k/103508/164640113/103508_TuppsWholeLand_IMG_02_0000_max_476x317.png; https://media.rightmove.co.uk:443/dir/crop/10:9-16:9/104k/103508/164640113/103508_TuppsWholeLand_IMG_01_0000_max_476x317.png; https://media.rightmove.co.uk:443/dir/crop/10:9-16:9/104k/103508/164640113/103508_TuppsWholeLand_IMG_00_0000_max_476x317.png; https://media.rightmove.co.uk:443/dir/crop/10:9-16:9/104k/103508/164640113/103508_TuppsWholeLand_IMG_27_0000_max_476x317.png; https://media.rightmove.co.uk:443/dir/crop/10:9-16:9/104k/103508/164640113/103508_TuppsWholeLand_IMG_10_0000_max_476x317.jpeg; https://media.rightmove.co.uk:443/dir/crop/10:9-16:9/104k/103508/164640113/103508_TuppsWholeLand_IMG_17_0000_max_476x317.jpeg; https://media.rightmove.co.uk:443/dir/crop/10:9-16:9/104k/103508/164640113/103508_TuppsWholeLand_IMG_11_0000_max_476x317.jpeg; https://media.rightmove.co.uk:443/dir/crop/10:9-16:9/104k/103508/164640113/103508_TuppsWholeLand_IMG_12_0000_max_476x317.jpeg; https://media.rightmove.co.uk:443/dir/crop/10:9-16:9/104k/103508/164640113/103508_TuppsWholeLand_IMG_09_0000_max_476x317.jpeg; https://media.rightmove.co.uk:443/dir/crop/10:9-16:9/104k/103508/164640113/103508_TuppsWholeLand_IMG_20_0000_max_476x317.jpeg; https://media.rightmove.co.uk:443/dir/crop/10:9-16:9/104k/103508/164640113/103508_TuppsWholeLand_IMG_21_0000_max_476x317.jpeg; https://media.rightmove.co.uk:443/dir/crop/10:9-16:9/104k/103508/164640113/103508_TuppsWholeLand_IMG_22_0000_max_476x317.jpeg; https://media.rightmove.co.uk:443/dir/crop/10:9-16:9/104k/103508/164640113/103508_TuppsWholeLand_IMG_23_0000_max_476x317.jpeg; https://media.rightmove.co.uk:443/dir/crop/10:9-16:9/104k/103508/164640113/103508_TuppsWholeLand_IMG_08_0000_max_476x317.jpeg; https://media.rightmove.co.uk:443/dir/crop/10:9-16:9/104k/103508/164640113/103508_TuppsWholeLand_IMG_16_0000_max_476x317.jpeg; https://media.rightmove.co.uk:443/dir/crop/10:9-16:9/104k/103508/164640113/103508_TuppsWholeLand_IMG_06_0000_max_476x317.jpeg; https://media.rightmove.co.uk:443/dir/crop/10:9-16:9/104k/103508/164640113/103508_TuppsWholeLand_IMG_05_0000_max_476x317.jpeg; https://media.rightmove.co.uk:443/dir/crop/10:9-16:9/104k/103508/164640113/103508_TuppsWholeLand_IMG_07_0000_max_476x317.jpeg; https://media.rightmove.co.uk:443/dir/crop/10:9-16:9/104k/103508/164640113/103508_TuppsWholeLand_IMG_14_0000_max_476x317.jpeg; https://media.rightmove.co.uk:443/dir/crop/10:9-16:9/104k/103508/164640113/103508_TuppsWholeLand_IMG_19_0000_max_476x317.jpeg; https://media.rightmove.co.uk:443/dir/crop/10:9-16:9/104k/103508/164640113/103508_TuppsWholeLand_IMG_13_0000_max_476x317.jpeg; https://media.rightmove.co.uk:443/dir/crop/10:9-16:9/104k/103508/164640113/103508_TuppsWholeLand_IMG_24_0000_max_476x317.jpeg; https://media.rightmove.co.uk:443/dir/crop/10:9-16:9/104k/103508/164640113/103508_TuppsWholeLand_IMG_26_0000_max_476x317.png; https://media.rightmove.co.uk:443/dir/crop/10:9-16:9/104k/103508/164640113/103508_TuppsWholeLand_IMG_15_0000_max_476x317.jpeg; https://media.rightmove.co.uk:443/dir/crop/10:9-16:9/104k/103508/164640113/103508_TuppsWholeLand_IMG_03_0000_max_476x317.jpeg; https://media.rightmove.co.uk:443/dir/crop/10:9-16:9/104k/103508/164640113/103508_TuppsWholeLand_IMG_04_0000_max_476x317.jpeg; https://media.rightmove.co.uk:443/dir/crop/10:9-16:9/104k/103508/164640113/103508_TuppsWholeLand_IMG_18_0000_max_476x317.jpeg; https://media.rightmove.co.uk:443/dir/crop/10:9-16:9/104k/103508/164640113/103508_TuppsWholeLand_IMG_25_0000_max_476x317.png"
"164592812","Hampshire","Farm Land","Tupps Field, Passfield Road, GU30 7RU","£350,000","Guide Price","","","432,115 sq. ft.","432115","432115","40145","40145","Approx. 9.92 acres (Lot 1). Attractive pasture land close to River Wey. Road frontage. 2 access points. Services available. Bounded by hedgerows & woodland. Suitable for various uses including: agriculture, equestrian, conservation, woodland creation, recreation, amenity & Natural Capital inc. BNG.","https://www.rightmove.co.uk/properties/164592812#/?channel=COM_BUY","2025-07-16T17:11:25Z","","price_reduced","Marketed by Giles Wheeler-Bennett, Southampton","","51.09915","-0.82698","https://media.rightmove.co.uk:443/dir/crop/10:9-16:9/104k/103508/164592812/103508_TuppsLot1_IMG_04_0000_max_476x317.jpeg; https://media.rightmove.co.uk:443/dir/crop/10:9-16:9/104k/103508/164592812/103508_TuppsLot1_IMG_07_0000_max_476x317.png; https://media.rightmove.co.uk:443/dir/crop/10:9-16:9/104k/103508/164592812/103508_TuppsLot1_IMG_03_0000_max_476x317.jpeg; https://media.rightmove.co.uk:443/dir/crop/10:9-16:9/104k/103508/164592812/103508_TuppsLot1_IMG_06_0000_max_476x317.png; https://media.rightmove.co.uk:443/dir/crop/10:9-16:9/104k/103508/164592812/103508_TuppsLot1_IMG_00_0000_max_476x317.jpeg; https://media.rightmove.co.uk:443/dir/crop/10:9-16:9/104k/103508/164592812/103508_TuppsLot1_IMG_01_0000_max_476x317.jpeg; https://media.rightmove.co.uk:443/dir/crop/10:9-16:9/104k/103508/164592812/103508_TuppsLot1_IMG_02_0000_max_476x317.jpeg; https://media.rightmove.co.uk:443/dir/crop/10:9-16:9/104k/103508/164592812/103508_TuppsLot1_IMG_05_0000_max_476x317.png"
"164593082","Hampshire","Farm Land","Tupps FIeld, Passfield Road, GU30 7RU","£250,000","Guide Price","","","292,723 sq. ft.","292723","292723","27195","27195","Approx. 6.72 acres (Lot 2). Attractive pasture land close to River Wey. Road frontage. Access point. Services available. Bounded by hedgerows & woodland. Suitable for various uses: agriculture, equestrian, conservation, woodland creation, recreation, amenity & Natural Capital inc. BNG. ","https://www.rightmove.co.uk/properties/164593082#/?channel=COM_BUY","2025-07-16T17:11:15Z","","size_change","Marketed by Giles Wheeler-Bennett, Southampton","","51.0984","-0.82708","https://media.rightmove.co.uk:443/dir/crop/10:9-16:9/104k/103508/164593082/103508_TuppsLot2_IMG_04_0000_max_476x317.jpeg; https://media.rightmove.co.uk:443/dir/crop/10:9-16:9/104k/103508/164593082/103508_TuppsLot2_IMG_05_0000_max_476x317.jpeg; https://media.rightmove.co.uk:443/dir/crop/10:9-16:9/104k/103508/164593082/103508_TuppsLot2_IMG_03_0000_max_476x317.jpeg; https://media.rightmove.co.uk:443/dir/crop/10:9-16:9/104k/103508/164593082/103508_TuppsLot2_IMG_02_0000_max_476x317.jpeg; https://media.rightmove.co.uk:443/dir/crop/10:9-16:9/104k/103508/164593082/103508_TuppsLot2_IMG_09_0000_max_476x317.png; https://media.rightmove.co.uk:443/dir/crop/10:9-16:9/104k/103508/164593082/103508_TuppsLot2_IMG_01_0000_max_476x317.jpeg; https://media.rightmove.co.uk:443/dir/crop/10:9-16:9/104k/103508/164593082/103508_TuppsLot2_IMG_06_0000_max_476x317.jpeg; https://media.rightmove.co.uk:443/dir/crop/10:9-16:9/104k/103508/164593082/103508_TuppsLot2_IMG_07_0000_max_476x317.png; https://media.rightmove.co.uk:443/dir/crop/10:9-16:9/104k/103508/164593082/103508_TuppsLot2_IMG_00_0000_max_476x317.jpeg; https://media.rightmove.co.uk:443/dir/crop/10:9-16:9/104k/103508/164593082/103508_TuppsLot2_IMG_08_0000_max_476x317.png"
"159594575","Hampshire","Office","Bramble House, Furzehall Farm, 112 Wickham Road, Fareham, Hampshire, PO16 7JH","POA","","","","783–1,507 sq. ft.","783","1507","73","140","Bramble House comprises a detached purpose build, modern office over ground, first and second floors. The building is set in landscaped grounds with allocated car parking provided (30 spaces). The main entrance / foyer provides access to a central stair core and lift, serving each floor. Six off...","https://www.rightmove.co.uk/properties/159594575#/?channel=COM_BUY","2025-03-19T09:43:34Z","","new","Marketed by Eddisons Commercial Limited, Eddisons Fareham","","50.864983","-1.181458","https://media.rightmove.co.uk:443/dir/crop/10:9-16:9/266k/265493/159594575/265493_3022856FH_IMG_31_0000_max_476x317.jpeg; https://media.rightmove.co.uk:443/dir/crop/10:9-16:9/266k/265493/159594575/265493_3022856FH_IMG_00_0000_max_476x317.jpeg; https://media.rightmove.co.uk:443/dir/crop/10:9-16:9/266k/265493/159594575/265493_3022856FH_IMG_01_0000_max_476x317.jpeg; https://media.rightmove.co.uk:443/dir/crop/10:9-16:9/266k/265493/159594575/265493_3022856FH_IMG_03_0000_max_476x317.jpeg; https://media.rightmove.co.uk:443/dir/crop/10:9-16:9/266k/265493/159594575/265493_3022856FH_IMG_04_0000_max_476x317.jpeg; https://media.rightmove.co.uk:443/dir/crop/10:9-16:9/266k/265493/159594575/265493_3022856FH_IMG_05_0000_max_476x317.jpeg; https://media.rightmove.co.uk:443/dir/crop/10:9-16:9/266k/265493/159594575/265493_3022856FH_IMG_06_0000_max_476x317.jpeg; https://media.rightmove.co.uk:443/dir/crop/10:9-16:9/266k/265493/159594575/265493_3022856FH_IMG_08_0000_max_476x317.jpeg; https://media.rightmove.co.uk:443/dir/crop/10:9-16:9/266k/265493/159594575/265493_3022856FH_IMG_09_0000_max_476x317.jpeg; https://media.rightmove.co.uk:443/dir/crop/10:9-16:9/266k/265493/159594575/265493_3022856FH_IMG_10_0000_max_476x317.jpeg; https://media.rightmove.co.uk:443/dir/crop/10:9-16:9/266k/265493/159594575/265493_3022856FH_IMG_11_0000_max_476x317.jpeg; https://media.rightmove.co.uk:443/dir/crop/10:9-16:9/266k/265493/159594575/265493_3022856FH_IMG_12_0000_max_476x317.jpeg; https://media.rightmove.co.uk:443/dir/crop/10:9-16:9/266k/265493/159594575/265493_3022856FH_IMG_15_0000_max_476x317.jpeg; https://media.rightmove.co.uk:443/dir/crop/10:9-16:9/266k/265493/159594575/265493_3022856FH_IMG_16_0000_max_476x317.jpeg; https://media.rightmove.co.uk:443/dir/crop/10:9-16:9/266k/265493/159594575/265493_3022856FH_IMG_18_0000_max_476x317.jpeg; https://media.rightmove.co.uk:443/dir/crop/10:9-16:9/266k/265493/159594575/265493_3022856FH_IMG_19_0000_max_476x317.jpeg; https://media.rightmove.co.uk:443/dir/crop/10:9-16:9/266k/265493/159594575/265493_3022856FH_IMG_20_0000_max_476x317.jpeg; https://media.rightmove.co.uk:443/dir/crop/10:9-16:9/266k/265493/159594575/265493_3022856FH_IMG_29_0000_max_476x317.jpeg; https://media.rightmove.co.uk:443/dir/crop/10:9-16:9/266k/265493/159594575/265493_3022856FH_IMG_30_0000_max_476x317.jpeg; https://media.rightmove.co.uk:443/dir/crop/10:9-16:9/266k/265493/159594575/265493_3022856FH_IMG_32_0000_max_476x317.jpeg; https://media.rightmove.co.uk:443/dir/crop/10:9-16:9/266k/265493/159594575/265493_3022856FH_IMG_26_0000_max_476x317.jpeg"
"164591591","Hampshire","Farm Land","Tupps Field, Passfield Road, GU30 7RU","£600,000","Guide Price","","","724,838 sq. ft.","724838","724838","67340","67340","An attractive block of approx. 16.64 acres of pasture land close to River Wey. Road frontage. 3 access points. Services available. Suitable for various uses including: agriculture, equestrian, conservation, woodland creation, recreation, amenity & Natural Capital inc. BNG. Available in 2 Lots.","https://www.rightmove.co.uk/properties/164591591#/?channel=COM_BUY","2025-07-16T17:11:03Z","","new","Marketed by Giles Wheeler-Bennett, Southampton","","51.09837","-0.82716","https://media.rightmove.co.uk:443/dir/crop/10:9-16:9/104k/103508/164591591/103508_TuppsWhole_IMG_24_0000_max_476x317.png; https://media.rightmove.co.uk:443/dir/crop/10:9-16:9/104k/103508/164591591/103508_TuppsWhole_IMG_23_0000_max_476x317.png; https://media.rightmove.co.uk:443/dir/crop/10:9-16:9/104k/103508/164591591/103508_TuppsWhole_IMG_22_0000_max_476x317.png; https://media.rightmove.co.uk:443/dir/crop/10:9-16:9/104k/103508/164591591/103508_TuppsWhole_IMG_27_0000_max_476x317.png; https://media.rightmove.co.uk:443/dir/crop/10:9-16:9/104k/103508/164591591/103508_TuppsWhole_IMG_08_0000_max_476x317.jpeg; https://media.rightmove.co.uk:443/dir/crop/10:9-16:9/104k/103508/164591591/103508_TuppsWhole_IMG_07_0000_max_476x317.jpeg; https://media.rightmove.co.uk:443/dir/crop/10:9-16:9/104k/103508/164591591/103508_TuppsWhole_IMG_09_0000_max_476x317.jpeg; https://media.rightmove.co.uk:443/dir/crop/10:9-16:9/104k/103508/164591591/103508_TuppsWhole_IMG_05_0000_max_476x317.jpeg; https://media.rightmove.co.uk:443/dir/crop/10:9-16:9/104k/103508/164591591/103508_TuppsWhole_IMG_14_0000_max_476x317.jpeg; https://media.rightmove.co.uk:443/dir/crop/10:9-16:9/104k/103508/164591591/103508_TuppsWhole_IMG_17_0000_max_476x317.jpeg; https://media.rightmove.co.uk:443/dir/crop/10:9-16:9/104k/103508/164591591/103508_TuppsWhole_IMG_06_0000_max_476x317.jpeg; https://media.rightmove.co.uk:443/dir/crop/10:9-16:9/104k/103508/164591591/103508_TuppsWhole_IMG_03_0000_max_476x317.jpeg; https://media.rightmove.co.uk:443/dir/crop/10:9-16:9/104k/103508/164591591/103508_TuppsWhole_IMG_18_0000_max_476x317.jpeg; https://media.rightmove.co.uk:443/dir/crop/10:9-16:9/104k/103508/164591591/103508_TuppsWhole_IMG_19_0000_max_476x317.jpeg; https://media.rightmove.co.uk:443/dir/crop/10:9-16:9/104k/103508/164591591/103508_TuppsWhole_IMG_20_0000_max_476x317.jpeg; https://media.rightmove.co.uk:443/dir/crop/10:9-16:9/104k/103508/164591591/103508_TuppsWhole_IMG_13_0000_max_476x317.jpeg; https://media.rightmove.co.uk:443/dir/crop/10:9-16:9/104k/103508/164591591/103508_TuppsWhole_IMG_02_0000_max_476x317.jpeg; https://media.rightmove.co.uk:443/dir/crop/10:9-16:9/104k/103508/164591591/103508_TuppsWhole_IMG_04_0000_max_476x317.jpeg; https://media.rightmove.co.uk:443/dir/crop/10:9-16:9/104k/103508/164591591/103508_TuppsWhole_IMG_26_0000_max_476x317.png; https://media.rightmove.co.uk:443/dir/crop/10:9-16:9/104k/103508/164591591/103508_TuppsWhole_IMG_10_0000_max_476x317.jpeg; https://media.rightmove.co.uk:443/dir/crop/10:9-16:9/104k/103508/164591591/103508_TuppsWhole_IMG_11_0000_max_476x317.jpeg; https://media.rightmove.co.uk:443/dir/crop/10:9-16:9/104k/103508/164591591/103508_TuppsWhole_IMG_16_0000_max_476x317.jpeg; https://media.rightmove.co.uk:443/dir/crop/10:9-16:9/104k/103508/164591591/103508_TuppsWhole_IMG_21_0000_max_476x317.jpeg; https://media.rightmove.co.uk:443/dir/crop/10:9-16:9/104k/103508/164591591/103508_TuppsWhole_IMG_12_0000_max_476x317.jpeg; https://media.rightmove.co.uk:443/dir/crop/10:9-16:9/104k/103508/164591591/103508_TuppsWhole_IMG_00_0000_max_476x317.jpeg; https://media.rightmove.co.uk:443/dir/crop/10:9-16:9/104k/103508/164591591/103508_TuppsWhole_IMG_01_0000_max_476x317.jpeg; https://media.rightmove.co.uk:443/dir/crop/10:9-16:9/104k/103508/164591591/103508_TuppsWhole_IMG_15_0000_max_476x317.jpeg; https://media.rightmove.co.uk:443/dir/crop/10:9-16:9/104k/103508/164591591/103508_TuppsWhole_IMG_25_0000_max_476x317.png"
"164600840","Hampshire","Mixed Use","30 Station Road, Aldershot GU11 1HT","£350,000","Guide Price","","","","","","","","This property remains available and open to offers following the auction on 31 July 2025. Please contact the auctioneers on for further details.","https://www.rightmove.co.uk/properties/164600840#/?channel=COM_BUY","2025-07-16T16:39:08Z","","new","Marketed by SDL Property Auctions, Nationwide","","51.247745","-0.761454","https://media.rightmove.co.uk:443/dir/crop/10:9-16:9/69k/68670/164600840/68670_202507020907sq_o9rb_IMG_00_0000_max_476x317.jpeg; https://media.rightmove.co.uk:443/dir/crop/10:9-16:9/69k/68670/164600840/68670_202507020907sq_o9rb_IMG_01_0000_max_476x317.jpeg; https://media.rightmove.co.uk:443/dir/crop/10:9-16:9/69k/68670/164600840/68670_202507020907sq_o9rb_IMG_02_0000_max_476x317.jpeg; https://media.rightmove.co.uk:443/dir/crop/10:9-16:9/69k/68670/164600840/68670_202507020907sq_o9rb_IMG_03_0000_max_476x317.jpeg; https://media.rightmove.co.uk:443/dir/crop/10:9-16:9/69k/68670/164600840/68670_202507020907sq_o9rb_IMG_04_0000_max_476x317.jpeg; https://media.rightmove.co.uk:443/dir/crop/10:9-16:9/69k/68670/164600840/68670_202507020907sq_o9rb_IMG_05_0000_max_476x317.jpeg; https://media.rightmove.co.uk:443/dir/crop/10:9-16:9/69k/68670/164600840/68670_202507020907sq_o9rb_IMG_06_0000_max_476x317.jpeg; https://media.rightmove.co.uk:443/dir/crop/10:9-16:9/69k/68670/164600840/68670_202507020907sq_o9rb_IMG_07_0000_max_476x317.jpeg; https://media.rightmove.co.uk:443/dir/crop/10:9-16:9/69k/68670/164600840/68670_202507020907sq_o9rb_IMG_08_0000_max_476x317.jpeg; https://media.rightmove.co.uk:443/dir/crop/10:9-16:9/69k/68670/164600840/68670_202507020907sq_o9rb_IMG_09_0000_max_476x317.jpeg; https://media.rightmove.co.uk:443/dir/crop/10:9-16:9/69k/68670/164600840/68670_202507020907sq_o9rb_IMG_10_0000_max_476x317.jpeg; https://media.rightmove.co.uk:443/dir/crop/10:9-16:9/69k/68670/164600840/68670_202507020907sq_o9rb_IMG_11_0000_max_476x317.jpeg; https://media.rightmove.co.uk:443/dir/crop/10:9-16:9/69k/68670/164600840/68670_202507020907sq_o9rb_IMG_12_0000_max_476x317.jpeg; https://media.rightmove.co.uk:443/dir/crop/10:9-16:9/69k/68670/164600840/68670_202507020907sq_o9rb_IMG_13_0000_max_476x317.jpeg"
"164864300","Hampshire","Retail Property (high street)","The Pineapple, Brimpton Common, Reading, RG7 4RN","£480,000","","","","2,676 sq. ft.","2676","2676","249","249","Character Public House Situated with thatched roof on a 0.43 acre site.","https://www.rightmove.co.uk/properties/164864300#/?channel=COM_BUY","2025-07-23T15:30:16Z","","price_reduced","Marketed by Owen Isherwood, Guildford","","51.362034","-1.187205","https://media.rightmove.co.uk:443/dir/crop/10:9-16:9/287k/286343/164864300/286343_280272-1_IMG_00_0000_max_476x317.jpeg; https://media.rightmove.co.uk:443/dir/crop/10:9-16:9/287k/286343/164864300/286343_280272-1_IMG_01_0000_max_476x317.jpeg; https://media.rightmove.co.uk:443/dir/crop/10:9-16:9/287k/286343/164864300/286343_280272-1_IMG_02_0000_max_476x317.jpeg; https://media.rightmove.co.uk:443/dir/crop/10:9-16:9/287k/286343/164864300/286343_280272-1_IMG_03_0000_max_476x317.jpeg; https://media.rightmove.co.uk:443/dir/crop/10:9-16:9/287k/286343/164864300/286343_280272-1_IMG_04_0000_max_476x317.jpeg; https://media.rightmove.co.uk:443/dir/crop/10:9-16:9/287k/286343/164864300/286343_280272-1_IMG_05_0000_max_476x317.jpeg; https://media.rightmove.co.uk:443/dir/crop/10:9-16:9/287k/286343/164864300/286343_280272-1_IMG_06_0000_max_476x317.jpeg; https://media.rightmove.co.uk:443/dir/crop/10:9-16:9/287k/286343/164864300/286343_280272-1_IMG_07_0000_max_476x317.jpeg"
"87178332","Hampshire","Commercial Property","87 High Street and 2a Milvil Road, Lee-On-The Solent","£275,000","Offers in Region of","","","872 sq. ft.","872","872","81","81","This prominently positioned corner property presents an attractive investment opportunity in the heart of Lee-on-the-Solent. Comprising two separate commercial units the property is part of a shared freehold arrangement and benefits from high visibility in a bustling coastal location.","https://www.rightmove.co.uk/properties/87178332#/?channel=COM_BUY","2025-07-11T09:33:42Z","","new","Marketed by Trafalgar Property Consultancy, Gosport","","50.80233","-1.20385","https://media.rightmove.co.uk:443/dir/crop/10:9-16:9/284k/283427/87178332/283427_RM059_IMG_00_0000_max_476x317.jpeg; https://media.rightmove.co.uk:443/dir/crop/10:9-16:9/284k/283427/87178332/283427_RM059_IMG_01_0000_max_476x317.jpeg; https://media.rightmove.co.uk:443/dir/crop/10:9-16:9/284k/283427/87178332/283427_RM059_IMG_02_0000_max_476x317.jpeg; https://media.rightmove.co.uk:443/dir/crop/10:9-16:9/284k/283427/87178332/283427_RM059_IMG_03_0000_max_476x317.jpeg; https://media.rightmove.co.uk:443/dir/crop/10:9-16:9/284k/283427/87178332/283427_RM059_IMG_04_0000_max_476x317.jpeg; https://media.rightmove.co.uk:443/dir/crop/10:9-16:9/284k/283427/87178332/283427_RM059_IMG_05_0000_max_476x317.jpeg; https://media.rightmove.co.uk:443/dir/crop/10:9-16:9/284k/283427/87178332/283427_RM059_IMG_06_0000_max_476x317.jpeg"
"160015802","Hampshire","Office","Unit 1 Station Industrial Park, Duncan Road, Park Gate, Southampton, Hampshire, SO31","£625,000","","","","4,290 sq. ft.","4290","4290","399","399","The property comprises a detached three storey office building with on site parking for 14 vehicles. Each floor has a mixture of open plan and cellular office space. The ground floor has been refurbished and includes new carpets and LED lighting. The property benefits from air conditioning, kitc...","https://www.rightmove.co.uk/properties/160015802#/?channel=COM_BUY","2025-03-31T09:10:13Z","","price_reduced","Marketed by Lambert Smith Hampton, Southampton","","50.875385","-1.266499","https://media.rightmove.co.uk:443/dir/crop/10:9-16:9/183k/182711/160015802/182711_2069238FH_IMG_00_0000_max_476x317.jpeg; https://media.rightmove.co.uk:443/dir/crop/10:9-16:9/183k/182711/160015802/182711_2069238FH_IMG_01_0000_max_476x317.jpeg; https://media.rightmove.co.uk:443/dir/crop/10:9-16:9/183k/182711/160015802/182711_2069238FH_IMG_02_0000_max_476x317.jpeg; https://media.rightmove.co.uk:443/dir/crop/10:9-16:9/183k/182711/160015802/182711_2069238FH_IMG_03_0000_max_476x317.jpeg; https://media.rightmove.co.uk:443/dir/crop/10:9-16:9/183k/182711/160015802/182711_2069238FH_IMG_04_0000_max_476x317.jpeg"
"164352809","Hampshire","Warehouse","18 Fairways Business Centre, Airport Service Road, Portsmouth, PO3 5NU","£325,000","From","","","1,893 sq. ft.","1893","1893","176","176","Industrial Unit For Sale with 2 x allocated parking spaces and loading bay","https://www.rightmove.co.uk/properties/164352809#/?channel=COM_BUY","2025-07-09T12:26:30Z","","new","Marketed by Vail Williams, Portsmouth","","50.822294","-1.050044","https://media.rightmove.co.uk:443/dir/crop/10:9-16:9/property-photo/4e1e679d9/164352809/4e1e679d942f7511c1914d1c36251aa1_max_476x317.jpeg; https://media.rightmove.co.uk:443/dir/crop/10:9-16:9/property-photo/513e70495/164352809/513e70495cf0b2d9e677f0c7e1cea641_max_476x317.jpeg; https://media.rightmove.co.uk:443/dir/crop/10:9-16:9/property-photo/8d7b3212a/164352809/8d7b3212ac9d4e4cda66ee7d74f3dbec_max_476x317.jpeg; https://media.rightmove.co.uk:443/dir/crop/10:9-16:9/property-photo/929cb5fba/164352809/929cb5fbac091f81069c28c9ac42a78b_max_476x317.jpeg; https://media.rightmove.co.uk:443/dir/crop/10:9-16:9/property-photo/e8c2acce9/164352809/e8c2acce9f1130cc09d2dc9c9a6fa196_max_476x317.jpeg; https://media.rightmove.co.uk:443/dir/crop/10:9-16:9/property-photo/0cbbc18bb/164352809/0cbbc18bbdf4e02f75c46af8d605afe2_max_476x317.jpeg; https://media.rightmove.co.uk:443/dir/crop/10:9-16:9/property-photo/6b1bb17e8/164352809/6b1bb17e82a870271f48395654be4e9d_max_476x317.jpeg; https://media.rightmove.co.uk:443/dir/crop/10:9-16:9/property-photo/8afaedc66/164352809/8afaedc66d70a4675ae8c6b2243f2ef1_max_476x317.jpeg; https://media.rightmove.co.uk:443/dir/crop/10:9-16:9/property-photo/72e4b89a9/164352809/72e4b89a9dc2b6b5fac5289a8370dd74_max_476x317.jpeg; https://media.rightmove.co.uk:443/dir/crop/10:9-16:9/property-photo/a60dd8ba9/164352809/a60dd8ba9d560cc257cf734d707b53d5_max_476x317.jpeg; https://media.rightmove.co.uk:443/dir/crop/10:9-16:9/property-photo/5c451c659/164352809/5c451c659faa60fc7886ad64060acdb6_max_476x317.jpeg; https://media.rightmove.co.uk:443/dir/crop/10:9-16:9/property-photo/73a710f5b/164352809/73a710f5bbff6d5b593f70a0c7fd1f7a_max_476x317.jpeg"
"159379985","Hampshire","Commercial Property","Mount Lane, Romsey","£375,000","Guide Price","","1","","","","","","A parcel of land with use for rearing of game birds, with two barns, other commercial uses should be explored subject to planning. About 10.7 Acres","https://www.rightmove.co.uk/properties/159379985#/?channel=COM_BUY","2025-03-13T16:00:23Z","","price_reduced","Marketed by Fox Grant, Salisbury","","51.027935","-1.575008","https://media.rightmove.co.uk:443/dir/crop/10:9-16:9/47k/46538/159379985/46538_5289_FGRT_IMG_00_0000_max_476x317.jpeg; https://media.rightmove.co.uk:443/dir/crop/10:9-16:9/47k/46538/159379985/46538_5289_FGRT_IMG_01_0000_max_476x317.jpeg; https://media.rightmove.co.uk:443/dir/crop/10:9-16:9/47k/46538/159379985/46538_5289_FGRT_IMG_02_0000_max_476x317.jpeg; https://media.rightmove.co.uk:443/dir/crop/10:9-16:9/47k/46538/159379985/46538_5289_FGRT_IMG_03_0000_max_476x317.jpeg; https://media.rightmove.co.uk:443/dir/crop/10:9-16:9/47k/46538/159379985/46538_5289_FGRT_IMG_04_0000_max_476x317.jpeg; https://media.rightmove.co.uk:443/dir/crop/10:9-16:9/47k/46538/159379985/46538_5289_FGRT_IMG_05_0000_max_476x317.jpeg; https://media.rightmove.co.uk:443/dir/crop/10:9-16:9/47k/46538/159379985/46538_5289_FGRT_IMG_06_0000_max_476x317.jpeg; https://media.rightmove.co.uk:443/dir/crop/10:9-16:9/47k/46538/159379985/46538_5289_FGRT_IMG_07_0000_max_476x317.jpeg; https://media.rightmove.co.uk:443/dir/crop/10:9-16:9/47k/46538/159379985/46538_5289_FGRT_IMG_08_0000_max_476x317.jpeg"
"160048466","Hampshire","Residential Development","Road, Farnborough, Hampshire, GU14","£1,350,000","Guide Price","","","189,013 sq. ft.","189013","189013","17560","17560","Dexters are delighted to introduce the Farnborough Centrifuge, constructed in 1954 this is a unique opportunity to purchase a piece of British aviation history.","https://www.rightmove.co.uk/properties/160048466#/?channel=COM_BUY","2025-04-01T09:40:28Z","","price_reduced","Marketed by Dexters Development & Investment, South London","","51.27525","-0.75989","https://media.rightmove.co.uk:443/dir/crop/10:9-16:9/237k/236726/160048466/236726_FarnboroughCentrifuge_IMG_06_0000_max_476x317.jpeg; https://media.rightmove.co.uk:443/dir/crop/10:9-16:9/237k/236726/160048466/236726_FarnboroughCentrifuge_IMG_05_0000_max_476x317.jpeg; https://media.rightmove.co.uk:443/dir/crop/10:9-16:9/237k/236726/160048466/236726_FarnboroughCentrifuge_IMG_00_0000_max_476x317.jpeg; https://media.rightmove.co.uk:443/dir/crop/10:9-16:9/237k/236726/160048466/236726_FarnboroughCentrifuge_IMG_01_0000_max_476x317.jpeg; https://media.rightmove.co.uk:443/dir/crop/10:9-16:9/237k/236726/160048466/236726_FarnboroughCentrifuge_IMG_02_0000_max_476x317.jpeg; https://media.rightmove.co.uk:443/dir/crop/10:9-16:9/237k/236726/160048466/236726_FarnboroughCentrifuge_IMG_03_0000_max_476x317.jpeg; https://media.rightmove.co.uk:443/dir/crop/10:9-16:9/237k/236726/160048466/236726_FarnboroughCentrifuge_IMG_04_0000_max_476x317.jpeg; https://media.rightmove.co.uk:443/dir/crop/10:9-16:9/237k/236726/160048466/236726_FarnboroughCentrifuge_IMG_10_0000_max_476x317.jpeg; https://media.rightmove.co.uk:443/dir/crop/10:9-16:9/237k/236726/160048466/236726_FarnboroughCentrifuge_IMG_11_0000_max_476x317.jpeg; https://media.rightmove.co.uk:443/dir/crop/10:9-16:9/237k/236726/160048466/236726_FarnboroughCentrifuge_IMG_09_0000_max_476x317.jpeg; https://media.rightmove.co.uk:443/dir/crop/10:9-16:9/237k/236726/160048466/236726_FarnboroughCentrifuge_IMG_07_0000_max_476x317.jpeg; https://media.rightmove.co.uk:443/dir/crop/10:9-16:9/237k/236726/160048466/236726_FarnboroughCentrifuge_IMG_08_0000_max_476x317.jpeg; https://media.rightmove.co.uk:443/dir/crop/10:9-16:9/237k/236726/160048466/236726_FarnboroughCentrifuge_IMG_17_0000_max_476x317.jpeg; https://media.rightmove.co.uk:443/dir/crop/10:9-16:9/237k/236726/160048466/236726_FarnboroughCentrifuge_IMG_16_0000_max_476x317.jpeg; https://media.rightmove.co.uk:443/dir/crop/10:9-16:9/237k/236726/160048466/236726_FarnboroughCentrifuge_IMG_18_0000_max_476x317.jpeg; https://media.rightmove.co.uk:443/dir/crop/10:9-16:9/237k/236726/160048466/236726_FarnboroughCentrifuge_IMG_14_0000_max_476x317.jpeg; https://media.rightmove.co.uk:443/dir/crop/10:9-16:9/237k/236726/160048466/236726_FarnboroughCentrifuge_IMG_13_0000_max_476x317.jpeg; https://media.rightmove.co.uk:443/dir/crop/10:9-16:9/237k/236726/160048466/236726_FarnboroughCentrifuge_IMG_15_0000_max_476x317.jpeg; https://media.rightmove.co.uk:443/dir/crop/10:9-16:9/237k/236726/160048466/236726_FarnboroughCentrifuge_IMG_12_0000_max_476x317.jpeg"
"723053680651296","Hampshire","Shop","Tesco, 110-111 High Street, Lymington, SO41 9AP","£3,250,000","","","","16,453 sq. ft.","16453","16453","1529","1529","Lymington Tesco Investment","https://www.rightmove.co.uk/properties/723053680651296#/?channel=COM_BUY","2025-12-04T14:20:04Z","","new","Marketed by Savills, Southampton - Licensed Leisure","","50.758876","-1.541186","https://media.rightmove.co.uk:443/dir/crop/10:9-16:9/226k/225509/723053680651296/225509_230001-1_IMG_00_0000_max_476x317.jpeg; https://media.rightmove.co.uk:443/dir/crop/10:9-16:9/226k/225509/723053680651296/225509_230001-1_IMG_01_0000_max_476x317.jpeg; https://media.rightmove.co.uk:443/dir/crop/10:9-16:9/226k/225509/723053680651296/225509_230001-1_IMG_02_0000_max_476x317.jpeg; https://media.rightmove.co.uk:443/dir/crop/10:9-16:9/226k/225509/723053680651296/225509_230001-1_IMG_03_0000_max_476x317.jpeg; https://media.rightmove.co.uk:443/dir/crop/10:9-16:9/226k/225509/723053680651296/225509_230001-1_IMG_04_0000_max_476x317.png; https://media.rightmove.co.uk:443/dir/crop/10:9-16:9/226k/225509/723053680651296/225509_230001-1_IMG_05_0000_max_476x317.png; https://media.rightmove.co.uk:443/dir/crop/10:9-16:9/226k/225509/723053680651296/225509_230001-1_IMG_06_0000_max_476x317.jpeg; https://media.rightmove.co.uk:443/dir/crop/10:9-16:9/226k/225509/723053680651296/225509_230001-1_IMG_07_0000_max_476x317.png"
"164230883","Hampshire","Land","Station Road, New Milton, BH25 6HR","£1,200,000","Guide Price","","","","","","","","A rare opportunity to purchase a Freehold Development site, for sale by way of Informal Tender. The site currently comprises of no 29/31 Station Road, New Milton, along with 1&2 Oxford House Yard, Osbourn Road, New Milton, Hampshire. The site will be sold with the benefit of planning Pe...","https://www.rightmove.co.uk/properties/164230883#/?channel=COM_BUY","2025-07-07T09:35:39Z","","new","Marketed by Hunters, Highcliffe","","50.755611","-1.656595","https://media.rightmove.co.uk:443/dir/crop/10:9-16:9/101k/100498/164230883/100498_34012460_IMG_12_0000_max_476x317.jpeg; https://media.rightmove.co.uk:443/dir/crop/10:9-16:9/101k/100498/164230883/100498_34012460_IMG_13_0000_max_476x317.jpeg; https://media.rightmove.co.uk:443/dir/crop/10:9-16:9/101k/100498/164230883/100498_34012460_IMG_00_0000_max_476x317.jpeg; https://media.rightmove.co.uk:443/dir/crop/10:9-16:9/101k/100498/164230883/100498_34012460_IMG_01_0000_max_476x317.jpeg; https://media.rightmove.co.uk:443/dir/crop/10:9-16:9/101k/100498/164230883/100498_34012460_IMG_02_0000_max_476x317.jpeg; https://media.rightmove.co.uk:443/dir/crop/10:9-16:9/101k/100498/164230883/100498_34012460_IMG_03_0000_max_476x317.jpeg; https://media.rightmove.co.uk:443/dir/crop/10:9-16:9/101k/100498/164230883/100498_34012460_IMG_04_0000_max_476x317.jpeg; https://media.rightmove.co.uk:443/dir/crop/10:9-16:9/101k/100498/164230883/100498_34012460_IMG_05_0000_max_476x317.jpeg; https://media.rightmove.co.uk:443/dir/crop/10:9-16:9/101k/100498/164230883/100498_34012460_IMG_06_0000_max_476x317.jpeg; https://media.rightmove.co.uk:443/dir/crop/10:9-16:9/101k/100498/164230883/100498_34012460_IMG_07_0000_max_476x317.jpeg; https://media.rightmove.co.uk:443/dir/crop/10:9-16:9/101k/100498/164230883/100498_34012460_IMG_08_0000_max_476x317.jpeg; https://media.rightmove.co.uk:443/dir/crop/10:9-16:9/101k/100498/164230883/100498_34012460_IMG_09_0000_max_476x317.jpeg; https://media.rightmove.co.uk:443/dir/crop/10:9-16:9/101k/100498/164230883/100498_34012460_IMG_10_0000_max_476x317.jpeg; https://media.rightmove.co.uk:443/dir/crop/10:9-16:9/101k/100498/164230883/100498_34012460_IMG_11_0000_max_476x317.jpeg; https://media.rightmove.co.uk:443/dir/crop/10:9-16:9/101k/100498/164230883/100498_34012460_IMG_14_0000_max_476x317.jpeg; https://media.rightmove.co.uk:443/dir/crop/10:9-16:9/101k/100498/164230883/100498_34012460_IMG_15_0000_max_476x317.jpeg; https://media.rightmove.co.uk:443/dir/crop/10:9-16:9/101k/100498/164230883/100498_34012460_IMG_16_0000_max_476x317.jpeg; https://media.rightmove.co.uk:443/dir/crop/10:9-16:9/101k/100498/164230883/100498_34012460_IMG_17_0000_max_476x317.jpeg; https://media.rightmove.co.uk:443/dir/crop/10:9-16:9/101k/100498/164230883/100498_34012460_IMG_18_0000_max_476x317.jpeg"
"163971476","Hampshire","Office","Staple House  Staple Gardens  Winchester  SO23 8SR  United Kingdom","£4,750,000","","","","15,038 sq. ft.","15038","15038","1397","1397","Rare Multi-Let Freehold Office Investment in Winchester City Centre","https://www.rightmove.co.uk/properties/163971476#/?channel=COM_BUY","2025-06-30T15:30:18Z","","new","Marketed by Colliers International, Offices - South East","","51.06325","-1.31769","https://media.rightmove.co.uk:443/dir/crop/10:9-16:9/78k/77253/163971476/77253_a034I00001uyfWBQAY_IMG_00_0001_max_476x317.jpeg; https://media.rightmove.co.uk:443/dir/crop/10:9-16:9/78k/77253/163971476/77253_a034I00001uyfWBQAY_IMG_03_0001_max_476x317.jpeg; https://media.rightmove.co.uk:443/dir/crop/10:9-16:9/78k/77253/163971476/77253_a034I00001uyfWBQAY_IMG_01_0001_max_476x317.jpeg; https://media.rightmove.co.uk:443/dir/crop/10:9-16:9/78k/77253/163971476/77253_a034I00001uyfWBQAY_IMG_04_0001_max_476x317.jpeg; https://media.rightmove.co.uk:443/dir/crop/10:9-16:9/78k/77253/163971476/77253_a034I00001uyfWBQAY_IMG_02_0001_max_476x317.jpeg"
"163948724","Hampshire","Shop","113 West Street, Fareham, Hampshire, PO16 0DU","£275,000","Offers in Region of","","","1,096 sq. ft.","1096","1096","102","102","The property comprises a ground floor shop currently occupied by a hairdresser, with a one-bedroom flat above. The commercial element of the property comprises a principal sales area, with ancillary accommodation to the rear, including a kitchenette and toilet. The first floor flat is accessed al...","https://www.rightmove.co.uk/properties/163948724#/?channel=COM_BUY","2025-06-30T10:40:19Z","","new","Marketed by Eddisons Commercial Limited, Eddisons Fareham","","50.852753","-1.181444","https://media.rightmove.co.uk:443/dir/crop/10:9-16:9/266k/265493/163948724/265493_3023125FH_IMG_00_0000_max_476x317.jpeg; https://media.rightmove.co.uk:443/dir/crop/10:9-16:9/266k/265493/163948724/265493_3023125FH_IMG_05_0000_max_476x317.jpeg; https://media.rightmove.co.uk:443/dir/crop/10:9-16:9/266k/265493/163948724/265493_3023125FH_IMG_04_0000_max_476x317.jpeg; https://media.rightmove.co.uk:443/dir/crop/10:9-16:9/266k/265493/163948724/265493_3023125FH_IMG_06_0000_max_476x317.jpeg; https://media.rightmove.co.uk:443/dir/crop/10:9-16:9/266k/265493/163948724/265493_3023125FH_IMG_03_0000_max_476x317.jpeg; https://media.rightmove.co.uk:443/dir/crop/10:9-16:9/266k/265493/163948724/265493_3023125FH_IMG_02_0000_max_476x317.jpeg; https://media.rightmove.co.uk:443/dir/crop/10:9-16:9/266k/265493/163948724/265493_3023125FH_IMG_07_0000_max_476x317.jpeg; https://media.rightmove.co.uk:443/dir/crop/10:9-16:9/266k/265493/163948724/265493_3023125FH_IMG_08_0000_max_476x317.jpeg; https://media.rightmove.co.uk:443/dir/crop/10:9-16:9/266k/265493/163948724/265493_3023125FH_IMG_09_0000_max_476x317.jpeg; https://media.rightmove.co.uk:443/dir/crop/10:9-16:9/266k/265493/163948724/265493_3023125FH_IMG_10_0000_max_476x317.jpeg"
"163906901","Hampshire","Plot","Willow Drive, Soberton, Southampton, Hampshire, SO32","£450,000","","","","","","","","","Have you ever wanted to build your own forever home. A great opportunity to purchase a single building plot with consent.","https://www.rightmove.co.uk/properties/163906901#/?channel=COM_BUY","2025-06-27T19:00:12Z","","new","Marketed by Carter Jonas, Winchester","","50.925968","-1.139652","https://media.rightmove.co.uk:443/dir/crop/10:9-16:9/79k/78746/163906901/78746_WIN250132_IMG_01_0000_max_476x317.jpeg; https://media.rightmove.co.uk:443/dir/crop/10:9-16:9/79k/78746/163906901/78746_WIN250132_IMG_00_0000_max_476x317.jpeg; https://media.rightmove.co.uk:443/dir/crop/10:9-16:9/79k/78746/163906901/78746_WIN250132_IMG_02_0000_max_476x317.jpeg; https://media.rightmove.co.uk:443/dir/crop/10:9-16:9/79k/78746/163906901/78746_WIN250132_IMG_03_0000_max_476x317.jpeg; https://media.rightmove.co.uk:443/dir/crop/10:9-16:9/79k/78746/163906901/78746_WIN250132_IMG_04_0000_max_476x317.jpeg; https://media.rightmove.co.uk:443/dir/crop/10:9-16:9/79k/78746/163906901/78746_WIN250132_IMG_05_0000_max_476x317.jpeg; https://media.rightmove.co.uk:443/dir/crop/10:9-16:9/79k/78746/163906901/78746_WIN250132_IMG_07_0000_max_476x317.jpeg; https://media.rightmove.co.uk:443/dir/crop/10:9-16:9/79k/78746/163906901/78746_WIN250132_IMG_06_0000_max_476x317.jpeg"
"163906844","Hampshire","Plot","Willow Drive, Soberton, Southampton, Hampshire, SO32","£450,000","","","","","","","","","Have you ever wanted to build your own forever home. A great opportunity to purchase a single building plot with consent.","https://www.rightmove.co.uk/properties/163906844#/?channel=COM_BUY","2025-06-27T18:54:15Z","","new","Marketed by Carter Jonas, Winchester","","50.925968","-1.139652","https://media.rightmove.co.uk:443/dir/crop/10:9-16:9/79k/78746/163906844/78746_WIN250131_IMG_02_0000_max_476x317.jpeg; https://media.rightmove.co.uk:443/dir/crop/10:9-16:9/79k/78746/163906844/78746_WIN250131_IMG_00_0000_max_476x317.jpeg; https://media.rightmove.co.uk:443/dir/crop/10:9-16:9/79k/78746/163906844/78746_WIN250131_IMG_01_0000_max_476x317.jpeg; https://media.rightmove.co.uk:443/dir/crop/10:9-16:9/79k/78746/163906844/78746_WIN250131_IMG_03_0000_max_476x317.jpeg; https://media.rightmove.co.uk:443/dir/crop/10:9-16:9/79k/78746/163906844/78746_WIN250131_IMG_04_0000_max_476x317.jpeg; https://media.rightmove.co.uk:443/dir/crop/10:9-16:9/79k/78746/163906844/78746_WIN250131_IMG_06_0000_max_476x317.jpeg; https://media.rightmove.co.uk:443/dir/crop/10:9-16:9/79k/78746/163906844/78746_WIN250131_IMG_05_0000_max_476x317.jpeg; https://media.rightmove.co.uk:443/dir/crop/10:9-16:9/79k/78746/163906844/78746_WIN250131_IMG_07_0000_max_476x317.jpeg"
"163893428","Hampshire","Pub","Kent","£160,000","","","","","","","","","Kent village - pub/restaurant with rooms","https://www.rightmove.co.uk/properties/163893428#/?channel=COM_BUY","2025-06-27T15:31:42Z","","new","Marketed by Christie & Co, Pubs & Restaurants","","51.0641","-1.31711","https://media.rightmove.co.uk:443/dir/crop/10:9-16:9/261k/260759/163893428/260759_8856054-lh_IMG_00_0000_max_476x317.jpeg"
"164607566","Hampshire","Land","The Avenue, Titchfield, Fareham, Hampshire, PO14","£1,100,000","Offers in Excess of","","","","","","","","Prime development opportunity with full planning permission for 5 luxury detached family homes, with stunning views and further land available. N.B - Our clients will also consider 'SUBJECT TO PLANNING' proposals for the site.","https://www.rightmove.co.uk/properties/164607566#/?channel=COM_BUY","2025-07-16T17:55:31Z","","new","Marketed by house. Partnership, Covering London and The Country","","50.850231","-1.227071","https://media.rightmove.co.uk:443/dir/crop/10:9-16:9/162k/161522/164607566/161522_HPA250332_IMG_00_0000_max_476x317.jpeg; https://media.rightmove.co.uk:443/dir/crop/10:9-16:9/162k/161522/164607566/161522_HPA250332_IMG_01_0000_max_476x317.jpeg; https://media.rightmove.co.uk:443/dir/crop/10:9-16:9/162k/161522/164607566/161522_HPA250332_IMG_02_0000_max_476x317.jpeg; https://media.rightmove.co.uk:443/dir/crop/10:9-16:9/162k/161522/164607566/161522_HPA250332_IMG_03_0000_max_476x317.jpeg; https://media.rightmove.co.uk:443/dir/crop/10:9-16:9/162k/161522/164607566/161522_HPA250332_IMG_04_0000_max_476x317.jpeg; https://media.rightmove.co.uk:443/dir/crop/10:9-16:9/162k/161522/164607566/161522_HPA250332_IMG_05_0000_max_476x317.jpeg; https://media.rightmove.co.uk:443/dir/crop/10:9-16:9/162k/161522/164607566/161522_HPA250332_IMG_06_0000_max_476x317.jpeg; https://media.rightmove.co.uk:443/dir/crop/10:9-16:9/162k/161522/164607566/161522_HPA250332_IMG_07_0000_max_476x317.jpeg"
"156132524","Hampshire","Cafe","The Fomer Chapel Royal Haslar, Haslar Road, Gosport","POA","","","","860 sq. ft.","860","860","80","80","An exciting opportunity to establish a cafe within the prestigious Royal Haslar Development in Gosport. Offering 4,000 sq ft of versatile Class E space, this property is perfectly positioned to serve a thriving seafront community of over 800 residential units.","https://www.rightmove.co.uk/properties/156132524#/?channel=COM_BUY","2024-12-20T17:22:11Z","","size_change","Marketed by Trafalgar Property Consultancy, Gosport","","50.78708","-1.12427","https://media.rightmove.co.uk:443/dir/crop/10:9-16:9/284k/283427/156132524/283427_RM012_IMG_06_0000_max_476x317.jpeg; https://media.rightmove.co.uk:443/dir/crop/10:9-16:9/284k/283427/156132524/283427_RM012_IMG_07_0000_max_476x317.jpeg; https://media.rightmove.co.uk:443/dir/crop/10:9-16:9/284k/283427/156132524/283427_RM012_IMG_08_0000_max_476x317.jpeg; https://media.rightmove.co.uk:443/dir/crop/10:9-16:9/284k/283427/156132524/283427_RM012_IMG_04_0000_max_476x317.jpeg; https://media.rightmove.co.uk:443/dir/crop/10:9-16:9/284k/283427/156132524/283427_RM012_IMG_00_0000_max_476x317.jpeg; https://media.rightmove.co.uk:443/dir/crop/10:9-16:9/284k/283427/156132524/283427_RM012_IMG_01_0000_max_476x317.jpeg; https://media.rightmove.co.uk:443/dir/crop/10:9-16:9/284k/283427/156132524/283427_RM012_IMG_02_0000_max_476x317.jpeg; https://media.rightmove.co.uk:443/dir/crop/10:9-16:9/284k/283427/156132524/283427_RM012_IMG_03_0000_max_476x317.jpeg; https://media.rightmove.co.uk:443/dir/crop/10:9-16:9/284k/283427/156132524/283427_RM012_IMG_05_0000_max_476x317.jpeg"
"149895617","Hampshire","Land","Meadow Way, Trampers Lane, North Boarhunt, Hampshire, PO17 6BZ","£900,000","Offers in Region of","","","9,031 sq. ft.","9031","9031","839","839","The site has a gradual slope down towards Trampers Lane. The plot is predominately laid to shingle and grass with mature shrubs and trees. Please refer to page 3 for the boundary (etched in blue).","https://www.rightmove.co.uk/properties/149895617#/?channel=COM_BUY","2024-07-05T11:29:23Z","","price_reduced","Marketed by Eddisons Commercial Limited, Eddisons Fareham","","50.895733","-1.143238","https://media.rightmove.co.uk:443/dir/crop/10:9-16:9/266k/265493/149895617/265493_3016040FH_IMG_19_0000_max_476x317.jpeg; https://media.rightmove.co.uk:443/dir/crop/10:9-16:9/266k/265493/149895617/265493_3016040FH_IMG_01_0000_max_476x317.jpeg; https://media.rightmove.co.uk:443/dir/crop/10:9-16:9/266k/265493/149895617/265493_3016040FH_IMG_02_0000_max_476x317.jpeg; https://media.rightmove.co.uk:443/dir/crop/10:9-16:9/266k/265493/149895617/265493_3016040FH_IMG_03_0000_max_476x317.jpeg; https://media.rightmove.co.uk:443/dir/crop/10:9-16:9/266k/265493/149895617/265493_3016040FH_IMG_04_0000_max_476x317.jpeg; https://media.rightmove.co.uk:443/dir/crop/10:9-16:9/266k/265493/149895617/265493_3016040FH_IMG_05_0000_max_476x317.jpeg; https://media.rightmove.co.uk:443/dir/crop/10:9-16:9/266k/265493/149895617/265493_3016040FH_IMG_06_0000_max_476x317.jpeg; https://media.rightmove.co.uk:443/dir/crop/10:9-16:9/266k/265493/149895617/265493_3016040FH_IMG_09_0000_max_476x317.jpeg; https://media.rightmove.co.uk:443/dir/crop/10:9-16:9/266k/265493/149895617/265493_3016040FH_IMG_10_0000_max_476x317.jpeg; https://media.rightmove.co.uk:443/dir/crop/10:9-16:9/266k/265493/149895617/265493_3016040FH_IMG_18_0000_max_476x317.jpeg; https://media.rightmove.co.uk:443/dir/crop/10:9-16:9/266k/265493/149895617/265493_3016040FH_IMG_20_0000_max_476x317.jpeg"
"143535146","Hampshire","Land","Bashley Cross Road, New Milton, Hampshire, BH25","£235,000","Offers in Region of","","","257,004 sq. ft.","257004","257004","23876","23876","5.9 acres of pasture/grazing land, benefiting from good sized field shelter and further single field shelter/outbuilding, now requiring some modernisation. The land is just within the National Park boundary with mains water. We understand there is an Overage Agreement, details available on...","https://www.rightmove.co.uk/properties/143535146#/?channel=COM_BUY","2024-01-11T10:48:28Z","","price_reduced","Marketed by Hayward Fox, New Milton","","50.767653","-1.662377","https://media.rightmove.co.uk:443/dir/crop/10:9-16:9/60k/59164/143535146/59164_NEM240002_IMG_00_0000_max_476x317.jpeg; https://media.rightmove.co.uk:443/dir/crop/10:9-16:9/60k/59164/143535146/59164_NEM240002_IMG_01_0000_max_476x317.jpeg; https://media.rightmove.co.uk:443/dir/crop/10:9-16:9/60k/59164/143535146/59164_NEM240002_IMG_02_0000_max_476x317.jpeg; https://media.rightmove.co.uk:443/dir/crop/10:9-16:9/60k/59164/143535146/59164_NEM240002_IMG_03_0000_max_476x317.jpeg"
"163686851","Hampshire","Office","Glasshouse Studios, Fryern Court Road, Fordingbridge, Hants, SP6","£115,000","","","","","","","","","High quality air-conditioned office unit in unique atrium development 908 sq ft (84.4 sq m). | Convenient access to A303 | Excellent office specification | Pleasant rural setting | 3 parking spaces plus visitor parking","https://www.rightmove.co.uk/properties/163686851#/?channel=COM_BUY","2025-06-23T16:14:11Z","","new","Marketed by Woolley & Wallis, Salisbury","","50.940552","-1.79557","https://media.rightmove.co.uk:443/dir/crop/10:9-16:9/270k/269213/163686851/269213_SLC250019_IMG_00_0000_max_476x317.jpeg; https://media.rightmove.co.uk:443/dir/crop/10:9-16:9/270k/269213/163686851/269213_SLC250019_IMG_01_0000_max_476x317.jpeg; https://media.rightmove.co.uk:443/dir/crop/10:9-16:9/270k/269213/163686851/269213_SLC250019_IMG_02_0000_max_476x317.jpeg; https://media.rightmove.co.uk:443/dir/crop/10:9-16:9/270k/269213/163686851/269213_SLC250019_IMG_03_0000_max_476x317.jpeg; https://media.rightmove.co.uk:443/dir/crop/10:9-16:9/270k/269213/163686851/269213_SLC250019_IMG_04_0000_max_476x317.jpeg; https://media.rightmove.co.uk:443/dir/crop/10:9-16:9/270k/269213/163686851/269213_SLC250019_IMG_05_0000_max_476x317.jpeg; https://media.rightmove.co.uk:443/dir/crop/10:9-16:9/270k/269213/163686851/269213_SLC250019_IMG_06_0000_max_476x317.jpeg; https://media.rightmove.co.uk:443/dir/crop/10:9-16:9/270k/269213/163686851/269213_SLC250019_IMG_07_0000_max_476x317.jpeg; https://media.rightmove.co.uk:443/dir/crop/10:9-16:9/270k/269213/163686851/269213_SLC250019_IMG_08_0000_max_476x317.jpeg; https://media.rightmove.co.uk:443/dir/crop/10:9-16:9/270k/269213/163686851/269213_SLC250019_IMG_09_0000_max_476x317.jpeg; https://media.rightmove.co.uk:443/dir/crop/10:9-16:9/270k/269213/163686851/269213_SLC250019_IMG_10_0000_max_476x317.jpeg; https://media.rightmove.co.uk:443/dir/crop/10:9-16:9/270k/269213/163686851/269213_SLC250019_IMG_11_0000_max_476x317.jpeg; https://media.rightmove.co.uk:443/dir/crop/10:9-16:9/270k/269213/163686851/269213_SLC250019_IMG_12_0000_max_476x317.jpeg"
"163667636","Hampshire","Shop","Shirley High Street, Southampton, Hampshire, SO15","£65,000","Guide Price","","1","","","","","","Galaxy Real Estate is Delighted to Present to the Market Closed Jewellery Shop – Prime High Street Location Lease For Sale The asking price is negotiable","https://www.rightmove.co.uk/properties/163667636#/?channel=COM_BUY","2025-06-23T11:53:14Z","","new","Marketed by GALAXY REAL ESTATE LIMITED, Hayes","","50.9219","-1.43337","https://media.rightmove.co.uk:443/dir/crop/10:9-16:9/258k/257963/163667636/257963_3446_IMG_00_0000_max_476x317.jpeg; https://media.rightmove.co.uk:443/dir/crop/10:9-16:9/258k/257963/163667636/257963_3446_IMG_01_0000_max_476x317.jpeg; https://media.rightmove.co.uk:443/dir/crop/10:9-16:9/258k/257963/163667636/257963_3446_IMG_02_0000_max_476x317.jpeg; https://media.rightmove.co.uk:443/dir/crop/10:9-16:9/258k/257963/163667636/257963_3446_IMG_03_0000_max_476x317.jpeg; https://media.rightmove.co.uk:443/dir/crop/10:9-16:9/258k/257963/163667636/257963_3446_IMG_04_0000_max_476x317.jpeg; https://media.rightmove.co.uk:443/dir/crop/10:9-16:9/258k/257963/163667636/257963_3446_IMG_05_0000_max_476x317.jpeg; https://media.rightmove.co.uk:443/dir/crop/10:9-16:9/258k/257963/163667636/257963_3446_IMG_06_0000_max_476x317.jpeg; https://media.rightmove.co.uk:443/dir/crop/10:9-16:9/258k/257963/163667636/257963_3446_IMG_07_0000_max_476x317.jpeg; https://media.rightmove.co.uk:443/dir/crop/10:9-16:9/258k/257963/163667636/257963_3446_IMG_08_0000_max_476x317.jpeg; https://media.rightmove.co.uk:443/dir/crop/10:9-16:9/258k/257963/163667636/257963_3446_IMG_09_0000_max_476x317.jpeg; https://media.rightmove.co.uk:443/dir/crop/10:9-16:9/258k/257963/163667636/257963_3446_IMG_10_0000_max_476x317.jpeg"
"163573445","Hampshire","Distribution Warehouse","Former Retail / Warehouse Premises, School Lane, Chandler's Ford, Eastleigh, Hampshire, SO53","£3,000,000","","","","37,293 sq. ft.","37293","37293","3465","3465","A unique opportunity to acquire the freehold of this highly prominent building, fronting the busy School Lane, adjacent to Omega Business Park in Chandlers Ford. It boasts good connections to the M27 (J4 and J5), M3 (J12 and J13) and further afield. Southampton Airport, Parkway Train Station and ...","https://www.rightmove.co.uk/properties/163573445#/?channel=COM_BUY","2025-06-20T09:31:31Z","","new","Marketed by Lambert Smith Hampton, Southampton","","50.981346","-1.388894","https://media.rightmove.co.uk:443/dir/crop/10:9-16:9/183k/182711/163573445/182711_2073775FH_IMG_00_0000_max_476x317.jpeg; https://media.rightmove.co.uk:443/dir/crop/10:9-16:9/183k/182711/163573445/182711_2073775FH_IMG_01_0000_max_476x317.jpeg; https://media.rightmove.co.uk:443/dir/crop/10:9-16:9/183k/182711/163573445/182711_2073775FH_IMG_02_0000_max_476x317.jpeg; https://media.rightmove.co.uk:443/dir/crop/10:9-16:9/183k/182711/163573445/182711_2073775FH_IMG_03_0000_max_476x317.jpeg; https://media.rightmove.co.uk:443/dir/crop/10:9-16:9/183k/182711/163573445/182711_2073775FH_IMG_04_0000_max_476x317.jpeg; https://media.rightmove.co.uk:443/dir/crop/10:9-16:9/183k/182711/163573445/182711_2073775FH_IMG_05_0000_max_476x317.jpeg; https://media.rightmove.co.uk:443/dir/crop/10:9-16:9/183k/182711/163573445/182711_2073775FH_IMG_06_0000_max_476x317.jpeg"
"158208704","Hampshire","Office","7 Campbell Court, Bramley, Tadley, RG26 5EG","£205,000","","","","1,931 sq. ft.","1931","1931","179","179","Virtual Freehold Office For Sale","https://www.rightmove.co.uk/properties/158208704#/?channel=COM_BUY","2025-02-13T11:53:18Z","","price_reduced","Marketed by Curchod & Co LLP, Basingstoke","","51.326885","-1.048747","https://media.rightmove.co.uk:443/dir/crop/10:9-16:9/286k/285836/158208704/285836_138023-1_IMG_00_0000_max_476x317.jpeg; https://media.rightmove.co.uk:443/dir/crop/10:9-16:9/286k/285836/158208704/285836_138023-1_IMG_01_0000_max_476x317.jpeg; https://media.rightmove.co.uk:443/dir/crop/10:9-16:9/286k/285836/158208704/285836_138023-1_IMG_02_0000_max_476x317.jpeg"
"163520111","Hampshire","Commercial Property","CURDRIDGE","£1,600,000","Offers in Excess of","4","2","","","","","","Exceptional opportunity to acquire an impressive commercial equestrian property, privately situated at the end of an access lane in the highly desirable area of Curdridge. Extending in total to approximately 8.43 acres, the property offers a rare chance to purchase a superbly positioned home with...","https://www.rightmove.co.uk/properties/163520111#/?channel=COM_BUY","2025-06-19T10:42:24Z","","new","Marketed by Pearsons, Bishops Waltham","","50.920465","-1.232026","https://media.rightmove.co.uk:443/dir/crop/10:9-16:9/187k/186785/163520111/186785_PBWCC_695190_IMG_00_0000_max_476x317.jpeg; https://media.rightmove.co.uk:443/dir/crop/10:9-16:9/187k/186785/163520111/186785_PBWCC_695190_IMG_01_0000_max_476x317.jpeg; https://media.rightmove.co.uk:443/dir/crop/10:9-16:9/187k/186785/163520111/186785_PBWCC_695190_IMG_02_0000_max_476x317.jpeg; https://media.rightmove.co.uk:443/dir/crop/10:9-16:9/187k/186785/163520111/186785_PBWCC_695190_IMG_03_0000_max_476x317.jpeg; https://media.rightmove.co.uk:443/dir/crop/10:9-16:9/187k/186785/163520111/186785_PBWCC_695190_IMG_04_0000_max_476x317.jpeg; https://media.rightmove.co.uk:443/dir/crop/10:9-16:9/187k/186785/163520111/186785_PBWCC_695190_IMG_05_0000_max_476x317.jpeg; https://media.rightmove.co.uk:443/dir/crop/10:9-16:9/187k/186785/163520111/186785_PBWCC_695190_IMG_06_0000_max_476x317.jpeg; https://media.rightmove.co.uk:443/dir/crop/10:9-16:9/187k/186785/163520111/186785_PBWCC_695190_IMG_07_0000_max_476x317.jpeg; https://media.rightmove.co.uk:443/dir/crop/10:9-16:9/187k/186785/163520111/186785_PBWCC_695190_IMG_08_0000_max_476x317.jpeg; https://media.rightmove.co.uk:443/dir/crop/10:9-16:9/187k/186785/163520111/186785_PBWCC_695190_IMG_09_0000_max_476x317.jpeg; https://media.rightmove.co.uk:443/dir/crop/10:9-16:9/187k/186785/163520111/186785_PBWCC_695190_IMG_10_0000_max_476x317.jpeg; https://media.rightmove.co.uk:443/dir/crop/10:9-16:9/187k/186785/163520111/186785_PBWCC_695190_IMG_11_0000_max_476x317.jpeg; https://media.rightmove.co.uk:443/dir/crop/10:9-16:9/187k/186785/163520111/186785_PBWCC_695190_IMG_12_0000_max_476x317.jpeg; https://media.rightmove.co.uk:443/dir/crop/10:9-16:9/187k/186785/163520111/186785_PBWCC_695190_IMG_13_0000_max_476x317.jpeg; https://media.rightmove.co.uk:443/dir/crop/10:9-16:9/187k/186785/163520111/186785_PBWCC_695190_IMG_14_0000_max_476x317.jpeg; https://media.rightmove.co.uk:443/dir/crop/10:9-16:9/187k/186785/163520111/186785_PBWCC_695190_IMG_15_0000_max_476x317.jpeg; https://media.rightmove.co.uk:443/dir/crop/10:9-16:9/187k/186785/163520111/186785_PBWCC_695190_IMG_16_0000_max_476x317.jpeg; https://media.rightmove.co.uk:443/dir/crop/10:9-16:9/187k/186785/163520111/186785_PBWCC_695190_IMG_17_0000_max_476x317.jpeg; https://media.rightmove.co.uk:443/dir/crop/10:9-16:9/187k/186785/163520111/186785_PBWCC_695190_IMG_18_0000_max_476x317.jpeg; https://media.rightmove.co.uk:443/dir/crop/10:9-16:9/187k/186785/163520111/186785_PBWCC_695190_IMG_19_0000_max_476x317.jpeg; https://media.rightmove.co.uk:443/dir/crop/10:9-16:9/187k/186785/163520111/186785_PBWCC_695190_IMG_20_0000_max_476x317.jpeg; https://media.rightmove.co.uk:443/dir/crop/10:9-16:9/187k/186785/163520111/186785_PBWCC_695190_IMG_21_0000_max_476x317.jpeg; https://media.rightmove.co.uk:443/dir/crop/10:9-16:9/187k/186785/163520111/186785_PBWCC_695190_IMG_22_0000_max_476x317.jpeg; https://media.rightmove.co.uk:443/dir/crop/10:9-16:9/187k/186785/163520111/186785_PBWCC_695190_IMG_23_0000_max_476x317.jpeg; https://media.rightmove.co.uk:443/dir/crop/10:9-16:9/187k/186785/163520111/186785_PBWCC_695190_IMG_24_0000_max_476x317.jpeg; https://media.rightmove.co.uk:443/dir/crop/10:9-16:9/187k/186785/163520111/186785_PBWCC_695190_IMG_25_0000_max_476x317.jpeg; https://media.rightmove.co.uk:443/dir/crop/10:9-16:9/187k/186785/163520111/186785_PBWCC_695190_IMG_26_0000_max_476x317.jpeg; https://media.rightmove.co.uk:443/dir/crop/10:9-16:9/187k/186785/163520111/186785_PBWCC_695190_IMG_27_0000_max_476x317.jpeg; https://media.rightmove.co.uk:443/dir/crop/10:9-16:9/187k/186785/163520111/186785_PBWCC_695190_IMG_28_0000_max_476x317.jpeg; https://media.rightmove.co.uk:443/dir/crop/10:9-16:9/187k/186785/163520111/186785_PBWCC_695190_IMG_29_0000_max_476x317.jpeg; https://media.rightmove.co.uk:443/dir/crop/10:9-16:9/187k/186785/163520111/186785_PBWCC_695190_IMG_30_0000_max_476x317.jpeg; https://media.rightmove.co.uk:443/dir/crop/10:9-16:9/187k/186785/163520111/186785_PBWCC_695190_IMG_31_0000_max_476x317.jpeg; https://media.rightmove.co.uk:443/dir/crop/10:9-16:9/187k/186785/163520111/186785_PBWCC_695190_IMG_32_0000_max_476x317.jpeg; https://media.rightmove.co.uk:443/dir/crop/10:9-16:9/187k/186785/163520111/186785_PBWCC_695190_IMG_33_0000_max_476x317.jpeg; https://media.rightmove.co.uk:443/dir/crop/10:9-16:9/187k/186785/163520111/186785_PBWCC_695190_IMG_34_0000_max_476x317.jpeg"
"87364245","Hampshire","Land","Winchester Road, Upham, SO32","£225,000","","","","","","","","","3.4 Acres of freehold land off Winchester Road, Southampton","https://www.rightmove.co.uk/properties/87364245#/?channel=COM_BUY","2025-12-01T10:15:39Z","","new","Marketed by Barney Estates and Auctioneers, London","","50.975375","-1.26232","https://media.rightmove.co.uk:443/dir/crop/10:9-16:9/131k/130351/87364245/130351_502012_002019_IMG_00_0000_max_476x317.jpeg; https://media.rightmove.co.uk:443/dir/crop/10:9-16:9/131k/130351/87364245/130351_502012_002019_IMG_01_0000_max_476x317.jpeg; https://media.rightmove.co.uk:443/dir/crop/10:9-16:9/131k/130351/87364245/130351_502012_002019_IMG_02_0000_max_476x317.jpeg"
"164878250","Hampshire","Plot","Bath Road, Lymington, Hampshire, SO41","£875,000","Guide Price","4","3","","","","","","***DEVELOPMENT POTENTIAL*** Situated on sought after Bath Road a four bedroom house with attached office/storage, which could be developed into residential (STPP) a short distance from the Quay, High Street and the train station.","https://www.rightmove.co.uk/properties/164878250#/?channel=COM_BUY","2025-07-23T21:18:13Z","","price_reduced","Marketed by Woolley & Wallis, Lymington","","50.757062","-1.535107","https://media.rightmove.co.uk:443/dir/crop/10:9-16:9/68k/67558/164878250/67558_LYM250058_IMG_00_0000_max_476x317.jpeg; https://media.rightmove.co.uk:443/dir/crop/10:9-16:9/68k/67558/164878250/67558_LYM250058_IMG_01_0000_max_476x317.jpeg; https://media.rightmove.co.uk:443/dir/crop/10:9-16:9/68k/67558/164878250/67558_LYM250058_IMG_02_0000_max_476x317.jpeg; https://media.rightmove.co.uk:443/dir/crop/10:9-16:9/68k/67558/164878250/67558_LYM250058_IMG_03_0000_max_476x317.jpeg; https://media.rightmove.co.uk:443/dir/crop/10:9-16:9/68k/67558/164878250/67558_LYM250058_IMG_04_0000_max_476x317.jpeg; https://media.rightmove.co.uk:443/dir/crop/10:9-16:9/68k/67558/164878250/67558_LYM250058_IMG_05_0000_max_476x317.jpeg; https://media.rightmove.co.uk:443/dir/crop/10:9-16:9/68k/67558/164878250/67558_LYM250058_IMG_06_0000_max_476x317.jpeg; https://media.rightmove.co.uk:443/dir/crop/10:9-16:9/68k/67558/164878250/67558_LYM250058_IMG_07_0000_max_476x317.jpeg; https://media.rightmove.co.uk:443/dir/crop/10:9-16:9/68k/67558/164878250/67558_LYM250058_IMG_08_0000_max_476x317.jpeg; https://media.rightmove.co.uk:443/dir/crop/10:9-16:9/68k/67558/164878250/67558_LYM250058_IMG_09_0000_max_476x317.jpeg; https://media.rightmove.co.uk:443/dir/crop/10:9-16:9/68k/67558/164878250/67558_LYM250058_IMG_10_0000_max_476x317.jpeg; https://media.rightmove.co.uk:443/dir/crop/10:9-16:9/68k/67558/164878250/67558_LYM250058_IMG_11_0000_max_476x317.jpeg; https://media.rightmove.co.uk:443/dir/crop/10:9-16:9/68k/67558/164878250/67558_LYM250058_IMG_12_0000_max_476x317.jpeg; https://media.rightmove.co.uk:443/dir/crop/10:9-16:9/68k/67558/164878250/67558_LYM250058_IMG_13_0000_max_476x317.jpeg; https://media.rightmove.co.uk:443/dir/crop/10:9-16:9/68k/67558/164878250/67558_LYM250058_IMG_14_0000_max_476x317.jpeg; https://media.rightmove.co.uk:443/dir/crop/10:9-16:9/68k/67558/164878250/67558_LYM250058_IMG_15_0000_max_476x317.jpeg; https://media.rightmove.co.uk:443/dir/crop/10:9-16:9/68k/67558/164878250/67558_LYM250058_IMG_16_0000_max_476x317.jpeg; https://media.rightmove.co.uk:443/dir/crop/10:9-16:9/68k/67558/164878250/67558_LYM250058_IMG_17_0000_max_476x317.jpeg; https://media.rightmove.co.uk:443/dir/crop/10:9-16:9/68k/67558/164878250/67558_LYM250058_IMG_18_0000_max_476x317.jpeg"
"723051912752048","Hampshire","Pub","The George  Falcon, Warnford Road, Warnford, Nr Southampton, SO32 3LB","£575,000","Offers Over","","","6,892 sq. ft.","6892","6892","640","640","FREEHOLD price reduced £575,000 - Detached roadside 7,095 sqft pub with 6-letting bedrooms situated in 1 acre plot in National Park","https://www.rightmove.co.uk/properties/723051912752048#/?channel=COM_BUY","2025-12-04T13:48:07Z","","new","Marketed by Savills, Southampton - Licensed Leisure","","51.004041","-1.111498","https://media.rightmove.co.uk:443/dir/crop/10:9-16:9/226k/225509/723051912752048/225509_158522-1_IMG_00_0000_max_476x317.jpeg; https://media.rightmove.co.uk:443/dir/crop/10:9-16:9/226k/225509/723051912752048/225509_158522-1_IMG_01_0000_max_476x317.jpeg; https://media.rightmove.co.uk:443/dir/crop/10:9-16:9/226k/225509/723051912752048/225509_158522-1_IMG_02_0000_max_476x317.jpeg; https://media.rightmove.co.uk:443/dir/crop/10:9-16:9/226k/225509/723051912752048/225509_158522-1_IMG_03_0000_max_476x317.jpeg; https://media.rightmove.co.uk:443/dir/crop/10:9-16:9/226k/225509/723051912752048/225509_158522-1_IMG_04_0000_max_476x317.jpeg; https://media.rightmove.co.uk:443/dir/crop/10:9-16:9/226k/225509/723051912752048/225509_158522-1_IMG_05_0000_max_476x317.jpeg; https://media.rightmove.co.uk:443/dir/crop/10:9-16:9/226k/225509/723051912752048/225509_158522-1_IMG_06_0000_max_476x317.jpeg; https://media.rightmove.co.uk:443/dir/crop/10:9-16:9/226k/225509/723051912752048/225509_158522-1_IMG_07_0000_max_476x317.jpeg; https://media.rightmove.co.uk:443/dir/crop/10:9-16:9/226k/225509/723051912752048/225509_158522-1_IMG_08_0000_max_476x317.jpeg; https://media.rightmove.co.uk:443/dir/crop/10:9-16:9/226k/225509/723051912752048/225509_158522-1_IMG_09_0000_max_476x317.jpeg; https://media.rightmove.co.uk:443/dir/crop/10:9-16:9/226k/225509/723051912752048/225509_158522-1_IMG_10_0000_max_476x317.jpeg; https://media.rightmove.co.uk:443/dir/crop/10:9-16:9/226k/225509/723051912752048/225509_158522-1_IMG_11_0000_max_476x317.jpeg; https://media.rightmove.co.uk:443/dir/crop/10:9-16:9/226k/225509/723051912752048/225509_158522-1_IMG_12_0000_max_476x317.jpeg; https://media.rightmove.co.uk:443/dir/crop/10:9-16:9/226k/225509/723051912752048/225509_158522-1_IMG_13_0000_max_476x317.jpeg; https://media.rightmove.co.uk:443/dir/crop/10:9-16:9/226k/225509/723051912752048/225509_158522-1_IMG_14_0000_max_476x317.jpeg; https://media.rightmove.co.uk:443/dir/crop/10:9-16:9/226k/225509/723051912752048/225509_158522-1_IMG_15_0000_max_476x317.jpeg; https://media.rightmove.co.uk:443/dir/crop/10:9-16:9/226k/225509/723051912752048/225509_158522-1_IMG_16_0000_max_476x317.jpeg; https://media.rightmove.co.uk:443/dir/crop/10:9-16:9/226k/225509/723051912752048/225509_158522-1_IMG_17_0000_max_476x317.jpeg; https://media.rightmove.co.uk:443/dir/crop/10:9-16:9/226k/225509/723051912752048/225509_158522-1_IMG_18_0000_max_476x317.jpeg; https://media.rightmove.co.uk:443/dir/crop/10:9-16:9/226k/225509/723051912752048/225509_158522-1_IMG_19_0000_max_476x317.jpeg"
"163089668","Hampshire","Office","Office , Meadow Way, Trampers Lane, North Boarhunt, Fareham, Hampshire, PO17 6BZ","£350,000","Offers in Region of","","","2,515 sq. ft.","2515","2515","234","234","The site is generally level and is predominately laid to shingle and grass with mature vegetation around the site. Please refer to the brochure for plans.","https://www.rightmove.co.uk/properties/163089668#/?channel=COM_BUY","2025-06-10T11:26:41Z","","new","Marketed by Eddisons Commercial Limited, Eddisons Fareham","","50.895733","-1.143238","https://media.rightmove.co.uk:443/dir/crop/10:9-16:9/266k/265493/163089668/265493_3023075FH_IMG_00_0000_max_476x317.jpeg; https://media.rightmove.co.uk:443/dir/crop/10:9-16:9/266k/265493/163089668/265493_3023075FH_IMG_01_0000_max_476x317.jpeg; https://media.rightmove.co.uk:443/dir/crop/10:9-16:9/266k/265493/163089668/265493_3023075FH_IMG_02_0000_max_476x317.jpeg"
"87166830","Hampshire","Office","The Barn, Meadow Way, Trampers Lane, North Boarhunt, Fareham, Hampshire, PO17 6BZ","£950,000","Offers in Region of","","","3,633 sq. ft.","3633","3633","338","338","The site is generally level and is predominately laid to shingle and grass with mature vegetation around the site. Please refer to brochure for plans.","https://www.rightmove.co.uk/properties/87166830#/?channel=COM_BUY","2025-06-10T10:09:34Z","","new","Marketed by Eddisons Commercial Limited, Eddisons Fareham","","50.895733","-1.143238","https://media.rightmove.co.uk:443/dir/crop/10:9-16:9/266k/265493/87166830/265493_3023073FH_IMG_03_0000_max_476x317.jpeg; https://media.rightmove.co.uk:443/dir/crop/10:9-16:9/266k/265493/87166830/265493_3023073FH_IMG_02_0000_max_476x317.jpeg"
"162704702","Hampshire","Land","Itchen Water Meadows, Kiln Lane, Otterbourne, Brambridge, Hampshire, SO50 6HT","£225,000","Guide Price","","","","","","","","10.46 ACRES OF TRADITIONAL WATER MEADOWS ADJACENT TO THE RIVER ITCHEN AND NAVIGATION AND UNIQUELY POSITIONED WITH A HIGH LEVEL OF ENVIRONMENTAL AND ECOLOGICAL HABITAT SUITABLE FOR RE-WILDING, BIO-DIVERSITY OFFSETTING AND CONVENTIONAL LIVESTOCK GRAZING.","https://www.rightmove.co.uk/properties/162704702#/?channel=COM_BUY","2025-06-09T10:20:47Z","","new","Marketed by Ian Judd & Partners, Bishops Waltham","","51.00008","-1.33633","https://media.rightmove.co.uk:443/dir/crop/10:9-16:9/property-photo/0c483922d/162704702/0c483922d4bfa1264112416ee102f1bd_max_476x317.jpeg; https://media.rightmove.co.uk:443/dir/crop/10:9-16:9/property-photo/d46298782/162704702/d462987820a44cffead70ff2b5def28c_max_476x317.jpeg; https://media.rightmove.co.uk:443/dir/crop/10:9-16:9/property-photo/7678a686b/162704702/7678a686b9492bb4b53fb7901f715587_max_476x317.jpeg; https://media.rightmove.co.uk:443/dir/crop/10:9-16:9/property-photo/984cb383c/162704702/984cb383c3746cd7b2a11fbf90a7b1b5_max_476x317.jpeg; https://media.rightmove.co.uk:443/dir/crop/10:9-16:9/property-photo/b2fee15d9/162704702/b2fee15d957fba1433af2116e7d5439e_max_476x317.jpeg; https://media.rightmove.co.uk:443/dir/crop/10:9-16:9/property-photo/1a9e8c692/162704702/1a9e8c692b30c144857fae420c1d7d1b_max_476x317.jpeg; https://media.rightmove.co.uk:443/dir/crop/10:9-16:9/property-photo/e919196bb/162704702/e919196bb456a9e05e89cbb074f4aabf_max_476x317.jpeg; https://media.rightmove.co.uk:443/dir/crop/10:9-16:9/property-photo/7f9191381/162704702/7f91913811d015ee8479df3b823e4812_max_476x317.jpeg; https://media.rightmove.co.uk:443/dir/crop/10:9-16:9/property-photo/d19ba5b46/162704702/d19ba5b466a888edb5b81088f889bb59_max_476x317.jpeg; https://media.rightmove.co.uk:443/dir/crop/10:9-16:9/property-photo/cdf91e9f1/162704702/cdf91e9f1056ece2faea5fb48f596b59_max_476x317.jpeg"
"152499233","Hampshire","Plot","The Thicket, Southsea","£899,950","","","","","","","","","We are pleased to present a unique opportunity to acquire this Central Southsea apartment building which can continue to be enjoyed as a rental investment or utilise the current planning on the site for Three Modern Townhouses with Off Road Parking. The plans for the approved Townhouses include T...","https://www.rightmove.co.uk/properties/152499233#/?channel=COM_BUY","2024-09-16T15:00:22Z","","price_reduced","Marketed by Fry & Kent, Southsea","","50.78892","-1.08589","https://media.rightmove.co.uk:443/dir/crop/10:9-16:9/11k/10750/152499233/10750_12479985_IMG_02_0000_max_476x317.jpeg; https://media.rightmove.co.uk:443/dir/crop/10:9-16:9/11k/10750/152499233/10750_12479985_IMG_04_0000_max_476x317.jpeg; https://media.rightmove.co.uk:443/dir/crop/10:9-16:9/11k/10750/152499233/10750_12479985_IMG_00_0000_max_476x317.jpeg; https://media.rightmove.co.uk:443/dir/crop/10:9-16:9/11k/10750/152499233/10750_12479985_IMG_01_0000_max_476x317.jpeg; https://media.rightmove.co.uk:443/dir/crop/10:9-16:9/11k/10750/152499233/10750_12479985_IMG_03_0000_max_476x317.jpeg; https://media.rightmove.co.uk:443/dir/crop/10:9-16:9/11k/10750/152499233/10750_12479985_IMG_05_0000_max_476x317.jpeg; https://media.rightmove.co.uk:443/dir/crop/10:9-16:9/11k/10750/152499233/10750_12479985_IMG_06_0000_max_476x317.jpeg; https://media.rightmove.co.uk:443/dir/crop/10:9-16:9/11k/10750/152499233/10750_12479985_IMG_07_0000_max_476x317.jpeg; https://media.rightmove.co.uk:443/dir/crop/10:9-16:9/11k/10750/152499233/10750_12479985_IMG_08_0000_max_476x317.jpeg; https://media.rightmove.co.uk:443/dir/crop/10:9-16:9/11k/10750/152499233/10750_12479985_IMG_09_0000_max_476x317.jpeg; https://media.rightmove.co.uk:443/dir/crop/10:9-16:9/11k/10750/152499233/10750_12479985_IMG_10_0000_max_476x317.jpeg"
"169314137","Hampshire","Residential Development","The Thicket, Southsea","£899,950","","6","3","","","","","","We are pleased to present a unique opportunity to acquire this Central Southsea apartment building which can continue to be enjoyed as a rental investment or utilise the current planning on the site for Three Modern Townhouses with Off Road Parking. The plans for the approved Townhouses include T...","https://www.rightmove.co.uk/properties/169314137#/?channel=COM_BUY","2025-11-13T16:09:06Z","","price_reduced","Marketed by Fry & Kent, Southsea","","50.78892","-1.08589","https://media.rightmove.co.uk:443/dir/crop/10:9-16:9/11k/10750/169314137/10750_12788728_IMG_00_0000_max_476x317.jpeg; https://media.rightmove.co.uk:443/dir/crop/10:9-16:9/11k/10750/169314137/10750_12788728_IMG_03_0000_max_476x317.jpeg; https://media.rightmove.co.uk:443/dir/crop/10:9-16:9/11k/10750/169314137/10750_12788728_IMG_01_0000_max_476x317.jpeg; https://media.rightmove.co.uk:443/dir/crop/10:9-16:9/11k/10750/169314137/10750_12788728_IMG_02_0000_max_476x317.jpeg; https://media.rightmove.co.uk:443/dir/crop/10:9-16:9/11k/10750/169314137/10750_12788728_IMG_04_0000_max_476x317.jpeg; https://media.rightmove.co.uk:443/dir/crop/10:9-16:9/11k/10750/169314137/10750_12788728_IMG_05_0000_max_476x317.jpeg; https://media.rightmove.co.uk:443/dir/crop/10:9-16:9/11k/10750/169314137/10750_12788728_IMG_06_0000_max_476x317.jpeg; https://media.rightmove.co.uk:443/dir/crop/10:9-16:9/11k/10750/169314137/10750_12788728_IMG_07_0000_max_476x317.jpeg; https://media.rightmove.co.uk:443/dir/crop/10:9-16:9/11k/10750/169314137/10750_12788728_IMG_08_0000_max_476x317.jpeg; https://media.rightmove.co.uk:443/dir/crop/10:9-16:9/11k/10750/169314137/10750_12788728_IMG_09_0000_max_476x317.jpeg; https://media.rightmove.co.uk:443/dir/crop/10:9-16:9/11k/10750/169314137/10750_12788728_IMG_10_0000_max_476x317.jpeg"
"162970715","Hampshire","Land","Development Land Off Lower Chase Road, Waltham Chase, Southampton, Hampshire, SO32","POA","","","","10,890–490,050 sq. ft.","10890","490050","1012","45527","An exciting opportunity to acquire a collection of development and lifestyle land parcels in the desirable location of Waltham Chase, Hampshire. The available sites are offered individually or as a package, presenting flexibility for investors, developers, and private buyers alike. Plot 1 - Form...","https://www.rightmove.co.uk/properties/162970715#/?channel=COM_BUY","2025-06-06T15:43:04Z","","new","Marketed by Keygrove Chartered Surveyors, Southampton","","50.940395","-1.198299","https://media.rightmove.co.uk:443/dir/crop/10:9-16:9/96k/95672/162970715/95672_614FH_IMG_00_0000_max_476x317.jpeg; https://media.rightmove.co.uk:443/dir/crop/10:9-16:9/96k/95672/162970715/95672_614FH_IMG_01_0000_max_476x317.jpeg; https://media.rightmove.co.uk:443/dir/crop/10:9-16:9/96k/95672/162970715/95672_614FH_IMG_02_0000_max_476x317.jpeg; https://media.rightmove.co.uk:443/dir/crop/10:9-16:9/96k/95672/162970715/95672_614FH_IMG_03_0000_max_476x317.jpeg; https://media.rightmove.co.uk:443/dir/crop/10:9-16:9/96k/95672/162970715/95672_614FH_IMG_04_0000_max_476x317.jpeg; https://media.rightmove.co.uk:443/dir/crop/10:9-16:9/96k/95672/162970715/95672_614FH_IMG_18_0000_max_476x317.jpeg; https://media.rightmove.co.uk:443/dir/crop/10:9-16:9/96k/95672/162970715/95672_614FH_IMG_05_0000_max_476x317.jpeg; https://media.rightmove.co.uk:443/dir/crop/10:9-16:9/96k/95672/162970715/95672_614FH_IMG_06_0000_max_476x317.jpeg; https://media.rightmove.co.uk:443/dir/crop/10:9-16:9/96k/95672/162970715/95672_614FH_IMG_07_0000_max_476x317.jpeg; https://media.rightmove.co.uk:443/dir/crop/10:9-16:9/96k/95672/162970715/95672_614FH_IMG_08_0000_max_476x317.jpeg; https://media.rightmove.co.uk:443/dir/crop/10:9-16:9/96k/95672/162970715/95672_614FH_IMG_09_0000_max_476x317.jpeg; https://media.rightmove.co.uk:443/dir/crop/10:9-16:9/96k/95672/162970715/95672_614FH_IMG_10_0000_max_476x317.jpeg; https://media.rightmove.co.uk:443/dir/crop/10:9-16:9/96k/95672/162970715/95672_614FH_IMG_11_0000_max_476x317.jpeg; https://media.rightmove.co.uk:443/dir/crop/10:9-16:9/96k/95672/162970715/95672_614FH_IMG_12_0000_max_476x317.jpeg; https://media.rightmove.co.uk:443/dir/crop/10:9-16:9/96k/95672/162970715/95672_614FH_IMG_13_0000_max_476x317.jpeg; https://media.rightmove.co.uk:443/dir/crop/10:9-16:9/96k/95672/162970715/95672_614FH_IMG_14_0000_max_476x317.jpeg; https://media.rightmove.co.uk:443/dir/crop/10:9-16:9/96k/95672/162970715/95672_614FH_IMG_15_0000_max_476x317.jpeg; https://media.rightmove.co.uk:443/dir/crop/10:9-16:9/96k/95672/162970715/95672_614FH_IMG_16_0000_max_476x317.jpeg; https://media.rightmove.co.uk:443/dir/crop/10:9-16:9/96k/95672/162970715/95672_614FH_IMG_17_0000_max_476x317.jpeg"
"166315229","Hampshire","Plot","Brook Lane, Warsash","£375,000","","","","","","","","","Building plot located in the popular Village of Warsash with approved planning permission for a stunning 4 bedroom detached home circa 2,500 sq ft with integral garage & parking for 3 cars, just a short walk from the picturesque River Hamble. Fareham Borough Council Planning Ref: P/23/08...","https://www.rightmove.co.uk/properties/166315229#/?channel=COM_BUY","2025-08-28T15:02:11Z","","new","Marketed by Taylor Hill & Bond, Titchfield","","50.856052","-1.298756","https://media.rightmove.co.uk:443/dir/crop/10:9-16:9/176k/175607/166315229/175607_34133710_IMG_00_0000_max_476x317.png; https://media.rightmove.co.uk:443/dir/crop/10:9-16:9/176k/175607/166315229/175607_34133710_IMG_01_0000_max_476x317.jpeg; https://media.rightmove.co.uk:443/dir/crop/10:9-16:9/176k/175607/166315229/175607_34133710_IMG_02_0000_max_476x317.jpeg"
"87160473","Hampshire","Shop","Quay Street, Lymington, Hampshire, SO41","£395,000","Guide Price","","","","","","","","An opportunity to acquire the freehold of this charming grade II listed building, consisting of a ground floor shop unit extending to approximately 270 sq ft and currently let at £11,000 per annum together with an apartment above arranged over two floors, having separate access. Delightfull...","https://www.rightmove.co.uk/properties/87160473#/?channel=COM_BUY","2025-06-04T09:53:45Z","","new","Marketed by Hayward Fox, Lymington","","50.759067","-1.537328","https://media.rightmove.co.uk:443/dir/crop/10:9-16:9/9k/8945/87160473/8945_LYM250054_IMG_14_0000_max_476x317.jpeg; https://media.rightmove.co.uk:443/dir/crop/10:9-16:9/9k/8945/87160473/8945_LYM250054_IMG_12_0000_max_476x317.jpeg; https://media.rightmove.co.uk:443/dir/crop/10:9-16:9/9k/8945/87160473/8945_LYM250054_IMG_13_0000_max_476x317.jpeg; https://media.rightmove.co.uk:443/dir/crop/10:9-16:9/9k/8945/87160473/8945_LYM250054_IMG_02_0000_max_476x317.jpeg; https://media.rightmove.co.uk:443/dir/crop/10:9-16:9/9k/8945/87160473/8945_LYM250054_IMG_03_0000_max_476x317.jpeg; https://media.rightmove.co.uk:443/dir/crop/10:9-16:9/9k/8945/87160473/8945_LYM250054_IMG_04_0000_max_476x317.jpeg; https://media.rightmove.co.uk:443/dir/crop/10:9-16:9/9k/8945/87160473/8945_LYM250054_IMG_05_0000_max_476x317.jpeg; https://media.rightmove.co.uk:443/dir/crop/10:9-16:9/9k/8945/87160473/8945_LYM250054_IMG_06_0000_max_476x317.jpeg; https://media.rightmove.co.uk:443/dir/crop/10:9-16:9/9k/8945/87160473/8945_LYM250054_IMG_08_0000_max_476x317.jpeg; https://media.rightmove.co.uk:443/dir/crop/10:9-16:9/9k/8945/87160473/8945_LYM250054_IMG_09_0000_max_476x317.jpeg; https://media.rightmove.co.uk:443/dir/crop/10:9-16:9/9k/8945/87160473/8945_LYM250054_IMG_10_0000_max_476x317.jpeg; https://media.rightmove.co.uk:443/dir/crop/10:9-16:9/9k/8945/87160473/8945_LYM250054_IMG_11_0000_max_476x317.jpeg"
"162788876","Hampshire","Retail Property (high street)","10 Bridge Street, Andover, Hampshire, SP10","£425,000","","1","","","","","","","Freehold town centre retail investment producing £34,300 pa","https://www.rightmove.co.uk/properties/162788876#/?channel=COM_BUY","2025-06-03T14:12:34Z","","new","Marketed by Pullen Associates, Southampton","","51.20648","-1.48005","https://media.rightmove.co.uk:443/dir/crop/10:9-16:9/143k/142304/162788876/142304_10bridgestAndover_IMG_00_0000_max_476x317.jpeg; https://media.rightmove.co.uk:443/dir/crop/10:9-16:9/143k/142304/162788876/142304_10bridgestAndover_IMG_01_0000_max_476x317.jpeg; https://media.rightmove.co.uk:443/dir/crop/10:9-16:9/143k/142304/162788876/142304_10bridgestAndover_IMG_02_0000_max_476x317.jpeg; https://media.rightmove.co.uk:443/dir/crop/10:9-16:9/143k/142304/162788876/142304_10bridgestAndover_IMG_03_0000_max_476x317.jpeg; https://media.rightmove.co.uk:443/dir/crop/10:9-16:9/143k/142304/162788876/142304_10bridgestAndover_IMG_04_0000_max_476x317.jpeg; https://media.rightmove.co.uk:443/dir/crop/10:9-16:9/143k/142304/162788876/142304_10bridgestAndover_IMG_05_0000_max_476x317.jpeg"
"162773768","Hampshire","Distribution Warehouse","Unit 330 Ampress Park, Ampress Lane, Lymington, Hampshire, SO41","£1,030,000","","","","7,725 sq. ft.","7725","7725","718","718","330 Ampress Park is a mid-terrace unit with steel clad outer elevations and a steel clad north light roof incorporating daylight panels. There is a personnel door and loading door providing access to the unit. The ground floor warehouse is open plan benefitting from LED lighting and a kitchen/bre...","https://www.rightmove.co.uk/properties/162773768#/?channel=COM_BUY","2025-06-03T10:58:04Z","","new","Marketed by Lambert Smith Hampton, Southampton","","50.771538","-1.54836","https://media.rightmove.co.uk:443/dir/crop/10:9-16:9/183k/182711/162773768/182711_2072714FH_IMG_00_0000_max_476x317.jpeg; https://media.rightmove.co.uk:443/dir/crop/10:9-16:9/183k/182711/162773768/182711_2072714FH_IMG_01_0000_max_476x317.jpeg; https://media.rightmove.co.uk:443/dir/crop/10:9-16:9/183k/182711/162773768/182711_2072714FH_IMG_02_0000_max_476x317.jpeg"
"162749441","Hampshire","Residential Development","London Road, Portsmouth","£900,000","","7","1","","","","","","We are pleased to welcome to the market a rare opportunity to buy a large property that has huge potential for conversion/development located on a corner plot in London Road, Portsmouth. The property has off road parking to the rear with a double garage, single garage that is tandem len...","https://www.rightmove.co.uk/properties/162749441#/?channel=COM_BUY","2025-06-02T17:55:06Z","","new","Marketed by Castles Estate Agents, Hampshire","","50.82275","-1.075265","https://media.rightmove.co.uk:443/dir/crop/10:9-16:9/230k/229070/162749441/229070_33926743_IMG_00_0000_max_476x317.jpeg; https://media.rightmove.co.uk:443/dir/crop/10:9-16:9/230k/229070/162749441/229070_33926743_IMG_01_0000_max_476x317.jpeg; https://media.rightmove.co.uk:443/dir/crop/10:9-16:9/230k/229070/162749441/229070_33926743_IMG_02_0000_max_476x317.jpeg; https://media.rightmove.co.uk:443/dir/crop/10:9-16:9/230k/229070/162749441/229070_33926743_IMG_03_0000_max_476x317.jpeg; https://media.rightmove.co.uk:443/dir/crop/10:9-16:9/230k/229070/162749441/229070_33926743_IMG_04_0000_max_476x317.jpeg; https://media.rightmove.co.uk:443/dir/crop/10:9-16:9/230k/229070/162749441/229070_33926743_IMG_05_0000_max_476x317.jpeg; https://media.rightmove.co.uk:443/dir/crop/10:9-16:9/230k/229070/162749441/229070_33926743_IMG_06_0000_max_476x317.jpeg; https://media.rightmove.co.uk:443/dir/crop/10:9-16:9/230k/229070/162749441/229070_33926743_IMG_07_0000_max_476x317.jpeg"
"162631859","Hampshire","Land","Cumberland Place, Southampton","£325,000","","","","","","","","","We are delighted to offer for sale this centrally located site has the benefit of an outline planning permission for the development of 6 self-contained one-bedroom apartments granted under APP no 23/01647/OUT and a further approved reserved matters application under 25/00264/REM.","https://www.rightmove.co.uk/properties/162631859#/?channel=COM_BUY","2025-05-30T12:27:01Z","","new","Marketed by Fox & Sons - Land & New Homes, Southampton","","50.90993","-1.40812","https://media.rightmove.co.uk:443/dir/crop/10:9-16:9/41k/40007/162631859/40007_L72100033_IMG_03_0000_max_476x317.jpeg; https://media.rightmove.co.uk:443/dir/crop/10:9-16:9/41k/40007/162631859/40007_L72100033_IMG_01_0000_max_476x317.jpeg; https://media.rightmove.co.uk:443/dir/crop/10:9-16:9/41k/40007/162631859/40007_L72100033_IMG_02_0000_max_476x317.jpeg"
"166501322","Hampshire","Retail Property (high street)","63-65 London Road, Waterlooville, PO7 7EX","£175,000","","","","1,260 sq. ft.","1260","1260","117","117","Well Located Ground Floor Retail Unit with Rear Parking","https://www.rightmove.co.uk/properties/166501322#/?channel=COM_BUY","2025-09-02T16:23:12Z","","new","Marketed by Holloway Iliffe & Mitchell, Portsmouth","","50.878198","-1.034055","https://media.rightmove.co.uk:443/dir/crop/10:9-16:9/287k/286838/166501322/286838_300146-1_IMG_00_0000_max_476x317.jpeg; https://media.rightmove.co.uk:443/dir/crop/10:9-16:9/287k/286838/166501322/286838_300146-1_IMG_01_0000_max_476x317.jpeg; https://media.rightmove.co.uk:443/dir/crop/10:9-16:9/287k/286838/166501322/286838_300146-1_IMG_02_0000_max_476x317.jpeg; https://media.rightmove.co.uk:443/dir/crop/10:9-16:9/287k/286838/166501322/286838_300146-1_IMG_03_0000_max_476x317.jpeg; https://media.rightmove.co.uk:443/dir/crop/10:9-16:9/287k/286838/166501322/286838_300146-1_IMG_04_0000_max_476x317.jpeg; https://media.rightmove.co.uk:443/dir/crop/10:9-16:9/287k/286838/166501322/286838_300146-1_IMG_05_0000_max_476x317.jpeg; https://media.rightmove.co.uk:443/dir/crop/10:9-16:9/287k/286838/166501322/286838_300146-1_IMG_06_0000_max_476x317.jpeg; https://media.rightmove.co.uk:443/dir/crop/10:9-16:9/287k/286838/166501322/286838_300146-1_IMG_07_0000_max_476x317.jpeg; https://media.rightmove.co.uk:443/dir/crop/10:9-16:9/287k/286838/166501322/286838_300146-1_IMG_08_0000_max_476x317.jpeg"
"148507181","Hampshire","Land","Southwood Road, Hayling Island, Hampshire, PO11","£235,000","","","","","","","","","PLOT WITH PLANNING PERMISSION Situated at south east Hayling within a couple of hundred yards of the seafront this DEVELOPMENT OPPORTUNITY is situated on a generous plot (424.37 square metres) and has planning permission granted. With planning permission already granted for a sty...","https://www.rightmove.co.uk/properties/148507181#/?channel=COM_BUY","2024-05-29T13:49:02Z","","price_reduced","Marketed by Morris Dibben, Hayling Island","","50.77809","-0.94712","https://media.rightmove.co.uk:443/dir/crop/10:9-16:9/property-photo/aa02a883e/148507181/aa02a883ef7a35467f88dbdf1399f212_max_476x317.jpeg; https://media.rightmove.co.uk:443/dir/crop/10:9-16:9/property-photo/0a2d5af4b/148507181/0a2d5af4bb68e948ca757981cc24efb4_max_476x317.jpeg; https://media.rightmove.co.uk:443/dir/crop/10:9-16:9/property-photo/2c0e84df3/148507181/2c0e84df34030bb5d11c44f127447035_max_476x317.jpeg; https://media.rightmove.co.uk:443/dir/crop/10:9-16:9/property-photo/7c27ae1af/148507181/7c27ae1aff1b636465c627723234ad9c_max_476x317.jpeg; https://media.rightmove.co.uk:443/dir/crop/10:9-16:9/property-photo/37f7473bd/148507181/37f7473bd94686ea72a1c4f15d239485_max_476x317.jpeg; https://media.rightmove.co.uk:443/dir/crop/10:9-16:9/property-photo/396f5357f/148507181/396f5357f6c778c2750c04ddc7251f73_max_476x317.jpeg"
"162376388","Hampshire","Land","Abbotts Ann","£1,000,000","Guide Price","","","12,591 sq. ft.","12591","12591","1170","1170","Commercial site of approximately 1.1 acres with 12,592 sq ft with ample parking. In addition there are two cottages in a plot of approximately 1.5 acres.","https://www.rightmove.co.uk/properties/162376388#/?channel=COM_BUY","2025-05-23T16:00:08Z","","new","Marketed by Myddelton & Major, Stockbridge","","51.193416","-1.542788","https://media.rightmove.co.uk:443/dir/crop/10:9-16:9/253k/252482/162376388/252482_33907824_IMG_00_0000_max_476x317.png; https://media.rightmove.co.uk:443/dir/crop/10:9-16:9/253k/252482/162376388/252482_33907824_IMG_01_0000_max_476x317.jpeg; https://media.rightmove.co.uk:443/dir/crop/10:9-16:9/253k/252482/162376388/252482_33907824_IMG_02_0000_max_476x317.jpeg; https://media.rightmove.co.uk:443/dir/crop/10:9-16:9/253k/252482/162376388/252482_33907824_IMG_03_0000_max_476x317.png"
"162369365","Hampshire","Land","Walworth Road, Picket Piece, Andover","£1,400,000","Guide Price","","","7,507 sq. ft.","7507","7507","697","697","An exciting residential development opportunity in 2.079 acres (subject to planning). There is an existing commercial building of 7,506.7 sq ft (697.40 sq m) with planning permission to provide an additional 16,066 sq ft (1,492.60 sq m).","https://www.rightmove.co.uk/properties/162369365#/?channel=COM_BUY","2025-05-23T14:45:52Z","","new","Marketed by Myddelton & Major, Stockbridge","","51.223354","-1.432833","https://media.rightmove.co.uk:443/dir/crop/10:9-16:9/253k/252482/162369365/252482_33907323_IMG_00_0000_max_476x317.jpeg; https://media.rightmove.co.uk:443/dir/crop/10:9-16:9/253k/252482/162369365/252482_33907323_IMG_01_0000_max_476x317.jpeg; https://media.rightmove.co.uk:443/dir/crop/10:9-16:9/253k/252482/162369365/252482_33907323_IMG_02_0000_max_476x317.jpeg"
"162306878","Hampshire","Office","11 The Avenue, Southampton, Hampshire, SO17","POA","","","","12,469 sq. ft.","12469","12469","1158","1158","A prominent detached building located in a prime position just a short distance from Southampton City Centre. The accommodation is arranged over three floors providing modern, open plan office space positioned around the core. The offices benefit from an abundance of natural light with windows on...","https://www.rightmove.co.uk/properties/162306878#/?channel=COM_BUY","2025-05-22T14:11:56Z","","new","Marketed by Lambert Smith Hampton, Southampton","","50.91647","-1.40215","https://media.rightmove.co.uk:443/dir/crop/10:9-16:9/183k/182711/162306878/182711_2070172FH_IMG_00_0000_max_476x317.jpeg; https://media.rightmove.co.uk:443/dir/crop/10:9-16:9/183k/182711/162306878/182711_2070172FH_IMG_01_0000_max_476x317.jpeg; https://media.rightmove.co.uk:443/dir/crop/10:9-16:9/183k/182711/162306878/182711_2070172FH_IMG_02_0000_max_476x317.jpeg; https://media.rightmove.co.uk:443/dir/crop/10:9-16:9/183k/182711/162306878/182711_2070172FH_IMG_03_0000_max_476x317.jpeg"
"162245657","Hampshire","Commercial Property","The New Barn, Walworth Road, Andover, Hampshire, SP11","£1,300,000","Guide Price","","","7,507 sq. ft.","7507","7507","697","697","Warehouse With Excellent Offices & Ample Parking/Open Storage in 2.079 Acres.An existing commercial building of 7,506.7 sq ft (697.40 sq m) with permission to provide an additional 16,066 sq ft (1,492.60 sq m)","https://www.rightmove.co.uk/properties/162245657#/?channel=COM_BUY","2025-05-22T12:02:01Z","","new","Marketed by Myddelton & Major, Stockbridge","","51.22342","-1.4328","https://media.rightmove.co.uk:443/dir/crop/10:9-16:9/253k/252482/162245657/252482_A1553_IMG_00_0000_max_476x317.jpeg; https://media.rightmove.co.uk:443/dir/crop/10:9-16:9/253k/252482/162245657/252482_A1553_IMG_01_0000_max_476x317.jpeg; https://media.rightmove.co.uk:443/dir/crop/10:9-16:9/253k/252482/162245657/252482_A1553_IMG_02_0000_max_476x317.jpeg; https://media.rightmove.co.uk:443/dir/crop/10:9-16:9/253k/252482/162245657/252482_A1553_IMG_03_0000_max_476x317.jpeg"
"722865429712449","Hampshire","Office","11 The Avenue, Southampton, SO17 1XF","POA","","","","12,469 sq. ft.","12469","12469","1158","1158","PROMINENT, INCOME PRODUCING OFFICE BUILDING FOR SALE WITH 31* CAR PARKING SPACES - 12,469 SQ FT","https://www.rightmove.co.uk/properties/722865429712449#/?channel=COM_BUY","2025-12-03T11:02:06Z","","new","Marketed by Realest, Offices","","50.916471","-1.40215","https://media.rightmove.co.uk:443/dir/crop/10:9-16:9/230k/229079/722865429712449/229079_301382-1_IMG_00_0001_max_476x317.jpeg; https://media.rightmove.co.uk:443/dir/crop/10:9-16:9/230k/229079/722865429712449/229079_301382-1_IMG_01_0001_max_476x317.jpeg; https://media.rightmove.co.uk:443/dir/crop/10:9-16:9/230k/229079/722865429712449/229079_301382-1_IMG_02_0001_max_476x317.jpeg; https://media.rightmove.co.uk:443/dir/crop/10:9-16:9/230k/229079/722865429712449/229079_301382-1_IMG_03_0001_max_476x317.jpeg; https://media.rightmove.co.uk:443/dir/crop/10:9-16:9/230k/229079/722865429712449/229079_301382-1_IMG_04_0001_max_476x317.jpeg; https://media.rightmove.co.uk:443/dir/crop/10:9-16:9/230k/229079/722865429712449/229079_301382-1_IMG_05_0001_max_476x317.jpeg; https://media.rightmove.co.uk:443/dir/crop/10:9-16:9/230k/229079/722865429712449/229079_301382-1_IMG_06_0001_max_476x317.jpeg; https://media.rightmove.co.uk:443/dir/crop/10:9-16:9/230k/229079/722865429712449/229079_301382-1_IMG_07_0001_max_476x317.jpeg; https://media.rightmove.co.uk:443/dir/crop/10:9-16:9/230k/229079/722865429712449/229079_301382-1_IMG_08_0001_max_476x317.jpeg"
"162208496","Hampshire","Office","Firesafe Solutions UK Ltd, Claylands Road, Bishops Waltham, Hampshire, SO32 1BH","£495,000","","","","2,925 sq. ft.","2925","2925","272","272","The property is set out over two floors and is positioned on its own self-contained site with secure palisade fencing. It is of standard construction with brick elevations under a pitched slate roof. Internally, the property benefits from an open plan reception area with a feature spiral staircas...","https://www.rightmove.co.uk/properties/162208496#/?channel=COM_BUY","2025-05-20T17:05:50Z","","new","Marketed by Lambert Smith Hampton, Southampton","","50.957321","-1.221867","https://media.rightmove.co.uk:443/dir/crop/10:9-16:9/183k/182711/162208496/182711_2072350FH_IMG_00_0000_max_476x317.jpeg; https://media.rightmove.co.uk:443/dir/crop/10:9-16:9/183k/182711/162208496/182711_2072350FH_IMG_01_0000_max_476x317.jpeg; https://media.rightmove.co.uk:443/dir/crop/10:9-16:9/183k/182711/162208496/182711_2072350FH_IMG_02_0000_max_476x317.jpeg; https://media.rightmove.co.uk:443/dir/crop/10:9-16:9/183k/182711/162208496/182711_2072350FH_IMG_03_0000_max_476x317.jpeg; https://media.rightmove.co.uk:443/dir/crop/10:9-16:9/183k/182711/162208496/182711_2072350FH_IMG_04_0000_max_476x317.jpeg; https://media.rightmove.co.uk:443/dir/crop/10:9-16:9/183k/182711/162208496/182711_2072350FH_IMG_05_0000_max_476x317.jpeg"
"721781313358753","Hampshire","Retail Property (high street)","Mera Heights, Firgrove Road, Farnborough, GU14 7RE","£275,000","","","","1,090–3,610 sq. ft.","1090","3610","101","335","Exciting new Class E office/retail space - Available to purchase on long leasehold basis","https://www.rightmove.co.uk/properties/721781313358753#/?channel=COM_BUY","2025-11-27T11:51:07Z","","size_change","Marketed by Hurst Warne & Partners Surveyors Limited, Woking","","51.285071","-0.762988","https://media.rightmove.co.uk:443/dir/crop/10:9-16:9/property-photo/5f45ddc7c/721781313358753/5f45ddc7c814a87fc6cdcf3398558693_max_476x317.jpeg; https://media.rightmove.co.uk:443/dir/crop/10:9-16:9/property-photo/99c4f6845/721781313358753/99c4f6845d6e9ef89817474c9330e5fb_max_476x317.jpeg; https://media.rightmove.co.uk:443/dir/crop/10:9-16:9/property-photo/420fec38a/721781313358753/420fec38a2fa932b32d365cd3f176e49_max_476x317.jpeg; https://media.rightmove.co.uk:443/dir/crop/10:9-16:9/property-photo/440c7810a/721781313358753/440c7810a4845ffdeeef845141a6cecf_max_476x317.jpeg; https://media.rightmove.co.uk:443/dir/crop/10:9-16:9/property-photo/ef199627d/721781313358753/ef199627d44de4e2b6f576abf0a53eb2_max_476x317.jpeg; https://media.rightmove.co.uk:443/dir/crop/10:9-16:9/property-photo/f2bc722f3/721781313358753/f2bc722f3401fef60cd32c245c20931c_max_476x317.jpeg; https://media.rightmove.co.uk:443/dir/crop/10:9-16:9/property-photo/006842826/721781313358753/0068428263e5dc535455432b04acfc4a_max_476x317.jpeg; https://media.rightmove.co.uk:443/dir/crop/10:9-16:9/property-photo/ccdf672bb/721781313358753/ccdf672bb432118ff9c7325d16b55a07_max_476x317.jpeg; https://media.rightmove.co.uk:443/dir/crop/10:9-16:9/property-photo/18d11c9dc/721781313358753/18d11c9dc974e57878ea02c2735955f2_max_476x317.jpeg; https://media.rightmove.co.uk:443/dir/crop/10:9-16:9/property-photo/1245014f6/721781313358753/1245014f66bc8ec3f7bc4018b0c767e9_max_476x317.jpeg"
"162056180","Hampshire","Land","Amport, Andover, Hampshire, SP11","£1,500,000","Guide Price","3","","1,317,690 sq. ft.","1317690","1317690","122417","122417","First class equestrian holding set in approximately 30 acres.","https://www.rightmove.co.uk/properties/162056180#/?channel=COM_BUY","2025-05-16T15:13:28Z","","new","Marketed by Woolley & Wallis, Shaftsbury Farm & Rural","","51.195746","-1.576853","https://media.rightmove.co.uk:443/dir/crop/10:9-16:9/property-photo/8dc66c40c/162056180/8dc66c40c507d041202b69435cbac0b4_max_476x317.jpeg; https://media.rightmove.co.uk:443/dir/crop/10:9-16:9/property-photo/e56f8ed72/162056180/e56f8ed72391ac02354c34b578df82d0_max_476x317.jpeg; https://media.rightmove.co.uk:443/dir/crop/10:9-16:9/property-photo/0658aac4a/162056180/0658aac4ae3eacc22f99a6f4f0dd26d0_max_476x317.jpeg; https://media.rightmove.co.uk:443/dir/crop/10:9-16:9/property-photo/2bbfaef71/162056180/2bbfaef71df77f55d81fa2b26be7e682_max_476x317.jpeg; https://media.rightmove.co.uk:443/dir/crop/10:9-16:9/property-photo/3ace948e9/162056180/3ace948e937a9974c7c0d42cb5014635_max_476x317.jpeg; https://media.rightmove.co.uk:443/dir/crop/10:9-16:9/property-photo/8730ed1ee/162056180/8730ed1eea8965f8f2b3baf33317d669_max_476x317.jpeg; https://media.rightmove.co.uk:443/dir/crop/10:9-16:9/property-photo/7558c763e/162056180/7558c763ed71c017d3db64328da324d1_max_476x317.jpeg; https://media.rightmove.co.uk:443/dir/crop/10:9-16:9/property-photo/cfabef307/162056180/cfabef307926f738c16bf5edcf410d36_max_476x317.jpeg; https://media.rightmove.co.uk:443/dir/crop/10:9-16:9/property-photo/32cec945c/162056180/32cec945c9bb8fc38eafa1354982a186_max_476x317.jpeg; https://media.rightmove.co.uk:443/dir/crop/10:9-16:9/property-photo/d1e1039c4/162056180/d1e1039c43bae0a9683b4579759d4f23_max_476x317.jpeg; https://media.rightmove.co.uk:443/dir/crop/10:9-16:9/property-photo/a945746db/162056180/a945746db98de3be62c3a7cb38187f15_max_476x317.jpeg; https://media.rightmove.co.uk:443/dir/crop/10:9-16:9/property-photo/ba012bf0c/162056180/ba012bf0c2848a198ac43bb8894d25f8_max_476x317.jpeg; https://media.rightmove.co.uk:443/dir/crop/10:9-16:9/property-photo/f700db142/162056180/f700db1424e15d017bcfc6a09e74ad0e_max_476x317.jpeg; https://media.rightmove.co.uk:443/dir/crop/10:9-16:9/property-photo/385d597aa/162056180/385d597aafa270b6fec616ecd0a4785e_max_476x317.jpeg"
"169394099","Hampshire","Land","Former Car Park, Staunton Street, Portsmouth, Hampshire, PO1 4EJ","£600,000","Offers in Region of","","","15,246 sq. ft.","15246","15246","1416","1416","The site comprises a large, open area that is roughly rectangular in shape and is constructed with tarmac flooring. We understand that the site is an inactive car park that historically served a former office building.","https://www.rightmove.co.uk/properties/169394099#/?channel=COM_BUY","2025-11-17T10:46:24Z","","new","Marketed by Flude Property Consultants, Portsmouth","","50.804577","-1.085826","https://media.rightmove.co.uk:443/dir/crop/10:9-16:9/206k/205205/169394099/205205_6935FH_IMG_00_0000_max_476x317.jpeg; https://media.rightmove.co.uk:443/dir/crop/10:9-16:9/206k/205205/169394099/205205_6935FH_IMG_02_0000_max_476x317.jpeg; https://media.rightmove.co.uk:443/dir/crop/10:9-16:9/206k/205205/169394099/205205_6935FH_IMG_03_0000_max_476x317.jpeg; https://media.rightmove.co.uk:443/dir/crop/10:9-16:9/206k/205205/169394099/205205_6935FH_IMG_04_0000_max_476x317.jpeg; https://media.rightmove.co.uk:443/dir/crop/10:9-16:9/206k/205205/169394099/205205_6935FH_IMG_05_0000_max_476x317.jpeg; https://media.rightmove.co.uk:443/dir/crop/10:9-16:9/206k/205205/169394099/205205_6935FH_IMG_06_0000_max_476x317.jpeg; https://media.rightmove.co.uk:443/dir/crop/10:9-16:9/206k/205205/169394099/205205_6935FH_IMG_07_0000_max_476x317.jpeg; https://media.rightmove.co.uk:443/dir/crop/10:9-16:9/206k/205205/169394099/205205_6935FH_IMG_01_0000_max_476x317.jpeg"
"161930342","Hampshire","Plot","Milford Road, Lymington, Hampshire, SO41","£500,000","","","","","","","","","9 acre paddock which benefits from planning permission for a stable block and tack room, with construction already partially completed and mains water supply is available.","https://www.rightmove.co.uk/properties/161930342#/?channel=COM_BUY","2025-05-14T13:21:12Z","","new","Marketed by John D Wood & Co. Sales, Lymington","","50.745682","-1.566368","https://media.rightmove.co.uk:443/dir/crop/10:9-16:9/property-photo/959e3b4bf/161930342/959e3b4bf31d3e707d48fba950365cbc_max_476x317.jpeg; https://media.rightmove.co.uk:443/dir/crop/10:9-16:9/property-photo/81bb62c74/161930342/81bb62c747b4f3167cc07a7f7a31f645_max_476x317.jpeg; https://media.rightmove.co.uk:443/dir/crop/10:9-16:9/property-photo/c33326828/161930342/c33326828d04343d91fb0938d146038f_max_476x317.jpeg; https://media.rightmove.co.uk:443/dir/crop/10:9-16:9/property-photo/bcf8af81e/161930342/bcf8af81ec90f08611983fd0c2605bb2_max_476x317.jpeg; https://media.rightmove.co.uk:443/dir/crop/10:9-16:9/property-photo/1c121d654/161930342/1c121d654d2222827aa3174e6ca3de1a_max_476x317.jpeg; https://media.rightmove.co.uk:443/dir/crop/10:9-16:9/property-photo/492c6a0de/161930342/492c6a0de0f22faef4ccfe091708f134_max_476x317.jpeg; https://media.rightmove.co.uk:443/dir/crop/10:9-16:9/property-photo/26adea5a0/161930342/26adea5a0ada7f0eedda21394fdfc194_max_476x317.jpeg; https://media.rightmove.co.uk:443/dir/crop/10:9-16:9/property-photo/cb196dec4/161930342/cb196dec40ece7fa540648b61ad98bff_max_476x317.jpeg; https://media.rightmove.co.uk:443/dir/crop/10:9-16:9/property-photo/63335e3ac/161930342/63335e3ac5c62b4b429b12add83789c0_max_476x317.jpeg; https://media.rightmove.co.uk:443/dir/crop/10:9-16:9/property-photo/6711ea183/161930342/6711ea1838d9e14cd4d31ea2a3c65940_max_476x317.jpeg; https://media.rightmove.co.uk:443/dir/crop/10:9-16:9/property-photo/549763e74/161930342/549763e7420e27b3508eb106f448a72c_max_476x317.jpeg; https://media.rightmove.co.uk:443/dir/crop/10:9-16:9/property-photo/08958aaa4/161930342/08958aaa4c89c0fdde090c0c776f8040_max_476x317.jpeg"
"721780937968000","Hampshire","Mixed Use","Unit 5 Bentley Park, Blacknest, Alton, GU34 4PX","POA","","","","2,317 sq. ft.","2317","2317","215","215","Rarely Available Freehold Industrial/Warehouse Premises","https://www.rightmove.co.uk/properties/721780937968000#/?channel=COM_BUY","2025-11-27T11:38:03Z","","price_reduced","Marketed by Hurst Warne & Partners Surveyors Limited, Farnborough","","51.172304","-0.866443","https://media.rightmove.co.uk:443/dir/crop/10:9-16:9/283k/282653/721780937968000/282653_11431-1_IMG_00_0000_max_476x317.jpeg; https://media.rightmove.co.uk:443/dir/crop/10:9-16:9/283k/282653/721780937968000/282653_11431-1_IMG_01_0000_max_476x317.jpeg; https://media.rightmove.co.uk:443/dir/crop/10:9-16:9/283k/282653/721780937968000/282653_11431-1_IMG_02_0000_max_476x317.jpeg; https://media.rightmove.co.uk:443/dir/crop/10:9-16:9/283k/282653/721780937968000/282653_11431-1_IMG_03_0000_max_476x317.jpeg; https://media.rightmove.co.uk:443/dir/crop/10:9-16:9/283k/282653/721780937968000/282653_11431-1_IMG_04_0000_max_476x317.jpeg; https://media.rightmove.co.uk:443/dir/crop/10:9-16:9/283k/282653/721780937968000/282653_11431-1_IMG_05_0000_max_476x317.jpeg"
"158766473","Hampshire","Pub","S-519789 - Rosie Lea House, Southampton Road, Lymington SO41 8PT","£715,000","","","","","","","","","Freehold Pubs, Located in New Forest National Park, Interconnecting bar and trading areas (70), Extensive external trading patios and gardens, Large car park for approx. 35 vehicles, stables and field, Freehold or new FOT lease options available","https://www.rightmove.co.uk/properties/158766473#/?channel=COM_BUY","2025-02-27T10:39:19Z","","price_reduced","Marketed by Fleurets Limited, South","","50.78629","-1.562151","https://media.rightmove.co.uk:443/dir/crop/10:9-16:9/139k/138326/158766473/138326_S-519789_IMG_00_0000_max_476x317.jpeg; https://media.rightmove.co.uk:443/dir/crop/10:9-16:9/139k/138326/158766473/138326_S-519789_IMG_01_0000_max_476x317.jpeg; https://media.rightmove.co.uk:443/dir/crop/10:9-16:9/139k/138326/158766473/138326_S-519789_IMG_02_0000_max_476x317.jpeg; https://media.rightmove.co.uk:443/dir/crop/10:9-16:9/139k/138326/158766473/138326_S-519789_IMG_03_0000_max_476x317.jpeg; https://media.rightmove.co.uk:443/dir/crop/10:9-16:9/139k/138326/158766473/138326_S-519789_IMG_04_0000_max_476x317.jpeg; https://media.rightmove.co.uk:443/dir/crop/10:9-16:9/139k/138326/158766473/138326_S-519789_IMG_05_0000_max_476x317.jpeg; https://media.rightmove.co.uk:443/dir/crop/10:9-16:9/139k/138326/158766473/138326_S-519789_IMG_06_0000_max_476x317.jpeg"
"85770390","Hampshire","Office","13 St Georges Business Centre, St. Georges Square, Portsmouth, PO1 3EZ","£145,000","","","","523 sq. ft.","523","523","49","49","SELF CONTAINED BUSINESS UNIT WITH CAR PARKING","https://www.rightmove.co.uk/properties/85770390#/?channel=COM_BUY","2022-07-11T18:38:50Z","","new","Marketed by Vail Williams, Portsmouth","","50.796088","-1.102757","https://media.rightmove.co.uk:443/dir/crop/10:9-16:9/86k/85879/85770390/85879_110113-1_IMG_00_0000_max_476x317.jpeg; https://media.rightmove.co.uk:443/dir/crop/10:9-16:9/86k/85879/85770390/85879_110113-1_IMG_01_0000_max_476x317.jpeg; https://media.rightmove.co.uk:443/dir/crop/10:9-16:9/86k/85879/85770390/85879_110113-1_IMG_02_0000_max_476x317.jpeg; https://media.rightmove.co.uk:443/dir/crop/10:9-16:9/86k/85879/85770390/85879_110113-1_IMG_03_0000_max_476x317.jpeg; https://media.rightmove.co.uk:443/dir/crop/10:9-16:9/86k/85879/85770390/85879_110113-1_IMG_04_0000_max_476x317.jpeg; https://media.rightmove.co.uk:443/dir/crop/10:9-16:9/86k/85879/85770390/85879_110113-1_IMG_05_0000_max_476x317.jpeg; https://media.rightmove.co.uk:443/dir/crop/10:9-16:9/86k/85879/85770390/85879_110113-1_IMG_06_0000_max_476x317.jpeg; https://media.rightmove.co.uk:443/dir/crop/10:9-16:9/86k/85879/85770390/85879_110113-1_IMG_07_0000_max_476x317.jpeg"
"721781252658192","Hampshire","Commercial Property","Unit 3, Christy Estate, Ivy Road, Aldershot, GU12 4TX","POA","","","","22,310–23,730 sq. ft.","22310","23730","2073","2205","Detached Warehouse/Production Building. To Be Refurbished.","https://www.rightmove.co.uk/properties/721781252658192#/?channel=COM_BUY","2025-11-27T11:51:09Z","","size_change","Marketed by Hurst Warne & Partners Surveyors Limited, Guildford","","51.247714","-0.738389","https://media.rightmove.co.uk:443/dir/crop/10:9-16:9/283k/282641/721781252658192/282641_213029-1_IMG_00_0000_max_476x317.jpeg; https://media.rightmove.co.uk:443/dir/crop/10:9-16:9/283k/282641/721781252658192/282641_213029-1_IMG_01_0000_max_476x317.jpeg; https://media.rightmove.co.uk:443/dir/crop/10:9-16:9/283k/282641/721781252658192/282641_213029-1_IMG_02_0000_max_476x317.jpeg; https://media.rightmove.co.uk:443/dir/crop/10:9-16:9/283k/282641/721781252658192/282641_213029-1_IMG_03_0000_max_476x317.jpeg; https://media.rightmove.co.uk:443/dir/crop/10:9-16:9/283k/282641/721781252658192/282641_213029-1_IMG_04_0000_max_476x317.jpeg; https://media.rightmove.co.uk:443/dir/crop/10:9-16:9/283k/282641/721781252658192/282641_213029-1_IMG_05_0000_max_476x317.jpeg; https://media.rightmove.co.uk:443/dir/crop/10:9-16:9/283k/282641/721781252658192/282641_213029-1_IMG_06_0000_max_476x317.jpeg; https://media.rightmove.co.uk:443/dir/crop/10:9-16:9/283k/282641/721781252658192/282641_213029-1_IMG_07_0000_max_476x317.jpeg; https://media.rightmove.co.uk:443/dir/crop/10:9-16:9/283k/282641/721781252658192/282641_213029-1_IMG_08_0000_max_476x317.jpeg"
"161819246","Hampshire","Land","Lot 3 - Berrydown, Overton, Basingstoke, Hampshire, RG28","£8,000,000","Guide Price","","","22,564,080 sq. ft.","22564080","22564080","2096271","2096271","A quintessential country estate of the highest calibre","https://www.rightmove.co.uk/properties/161819246#/?channel=COM_BUY","2025-05-12T13:29:10Z","","new","Marketed by Savills Rural Agency, London","","51.239449","-1.250101","https://media.rightmove.co.uk:443/dir/crop/10:9-16:9/285k/284978/161819246/284978_LAR250019_IMG_00_0000_max_476x317.jpeg; https://media.rightmove.co.uk:443/dir/crop/10:9-16:9/285k/284978/161819246/284978_LAR250019_IMG_01_0000_max_476x317.jpeg; https://media.rightmove.co.uk:443/dir/crop/10:9-16:9/285k/284978/161819246/284978_LAR250019_IMG_02_0000_max_476x317.jpeg; https://media.rightmove.co.uk:443/dir/crop/10:9-16:9/285k/284978/161819246/284978_LAR250019_IMG_03_0000_max_476x317.jpeg; https://media.rightmove.co.uk:443/dir/crop/10:9-16:9/285k/284978/161819246/284978_LAR250019_IMG_04_0000_max_476x317.jpeg; https://media.rightmove.co.uk:443/dir/crop/10:9-16:9/285k/284978/161819246/284978_LAR250019_IMG_05_0000_max_476x317.jpeg; https://media.rightmove.co.uk:443/dir/crop/10:9-16:9/285k/284978/161819246/284978_LAR250019_IMG_06_0000_max_476x317.jpeg; https://media.rightmove.co.uk:443/dir/crop/10:9-16:9/285k/284978/161819246/284978_LAR250019_IMG_07_0000_max_476x317.jpeg"
"155980970","Hampshire","Mixed Use"," 30/30A Flats 1&2/ 30B Bedford Place, Southampton","POA","","2","2","200–2,000 sq. ft.","200","2000","19","186","Opportunity to purchase mid/late 19th century building in city centre location, containing two residential apartments & two commercial units. The entire building has been the subject of considerable expenditure which has included the roof, windows, front and rear elevations. ","https://www.rightmove.co.uk/properties/155980970#/?channel=COM_BUY","2024-12-20T09:28:28Z","","price_reduced","Marketed by Trafalgar Property Consultancy, Gosport","","50.91326","-1.4062","https://media.rightmove.co.uk:443/dir/crop/10:9-16:9/284k/283427/155980970/283427_RM001_IMG_00_0000_max_476x317.jpeg; https://media.rightmove.co.uk:443/dir/crop/10:9-16:9/284k/283427/155980970/283427_RM001_IMG_03_0000_max_476x317.jpeg; https://media.rightmove.co.uk:443/dir/crop/10:9-16:9/284k/283427/155980970/283427_RM001_IMG_04_0001_max_476x317.jpeg; https://media.rightmove.co.uk:443/dir/crop/10:9-16:9/284k/283427/155980970/283427_RM001_IMG_05_0000_max_476x317.jpeg"
"161663957","Hampshire","Commercial Development","The Old Grammar School, St George's Road, Portsmouth, PO1 2LN","POA","","","","16,902 sq. ft.","16902","16902","1570","1570","Prominent Grade II Listed building","https://www.rightmove.co.uk/properties/161663957#/?channel=COM_BUY","2025-05-08T11:29:27Z","","new","Marketed by Hellier Langston Commercial Agents, Fareham","","50.791507","-1.099404","https://media.rightmove.co.uk:443/dir/crop/10:9-16:9/109k/108977/161663957/108977_299648-1_IMG_24_0000_max_476x317.jpeg; https://media.rightmove.co.uk:443/dir/crop/10:9-16:9/109k/108977/161663957/108977_299648-1_IMG_01_0000_max_476x317.jpeg; https://media.rightmove.co.uk:443/dir/crop/10:9-16:9/109k/108977/161663957/108977_299648-1_IMG_13_0000_max_476x317.jpeg; https://media.rightmove.co.uk:443/dir/crop/10:9-16:9/109k/108977/161663957/108977_299648-1_IMG_10_0000_max_476x317.jpeg; https://media.rightmove.co.uk:443/dir/crop/10:9-16:9/109k/108977/161663957/108977_299648-1_IMG_14_0000_max_476x317.jpeg; https://media.rightmove.co.uk:443/dir/crop/10:9-16:9/109k/108977/161663957/108977_299648-1_IMG_08_0000_max_476x317.jpeg; https://media.rightmove.co.uk:443/dir/crop/10:9-16:9/109k/108977/161663957/108977_299648-1_IMG_09_0000_max_476x317.jpeg; https://media.rightmove.co.uk:443/dir/crop/10:9-16:9/109k/108977/161663957/108977_299648-1_IMG_07_0000_max_476x317.jpeg; https://media.rightmove.co.uk:443/dir/crop/10:9-16:9/109k/108977/161663957/108977_299648-1_IMG_20_0000_max_476x317.jpeg; https://media.rightmove.co.uk:443/dir/crop/10:9-16:9/109k/108977/161663957/108977_299648-1_IMG_19_0000_max_476x317.jpeg; https://media.rightmove.co.uk:443/dir/crop/10:9-16:9/109k/108977/161663957/108977_299648-1_IMG_15_0000_max_476x317.jpeg; https://media.rightmove.co.uk:443/dir/crop/10:9-16:9/109k/108977/161663957/108977_299648-1_IMG_18_0000_max_476x317.jpeg; https://media.rightmove.co.uk:443/dir/crop/10:9-16:9/109k/108977/161663957/108977_299648-1_IMG_22_0000_max_476x317.jpeg; https://media.rightmove.co.uk:443/dir/crop/10:9-16:9/109k/108977/161663957/108977_299648-1_IMG_25_0000_max_476x317.jpeg; https://media.rightmove.co.uk:443/dir/crop/10:9-16:9/109k/108977/161663957/108977_299648-1_IMG_12_0000_max_476x317.jpeg; https://media.rightmove.co.uk:443/dir/crop/10:9-16:9/109k/108977/161663957/108977_299648-1_IMG_16_0000_max_476x317.jpeg; https://media.rightmove.co.uk:443/dir/crop/10:9-16:9/109k/108977/161663957/108977_299648-1_IMG_21_0000_max_476x317.jpeg; https://media.rightmove.co.uk:443/dir/crop/10:9-16:9/109k/108977/161663957/108977_299648-1_IMG_23_0000_max_476x317.jpeg; https://media.rightmove.co.uk:443/dir/crop/10:9-16:9/109k/108977/161663957/108977_299648-1_IMG_17_0000_max_476x317.jpeg"
"166315172","Hampshire","Plot","Brook Lane, Warsash","£520,000","","","","","","","","","A building plot located in the popular Village of Warsash with approved planning permission for a substantial dwelling circa 4000 sq ft with an open plan kitchen/breakfast/dining room to the rear, separate living room & utility/scullery with a double height entrance lobby. To the first floor are ...","https://www.rightmove.co.uk/properties/166315172#/?channel=COM_BUY","2025-08-28T15:01:15Z","","price_reduced","Marketed by Taylor Hill & Bond, Titchfield","","50.860042","-1.294314","https://media.rightmove.co.uk:443/dir/crop/10:9-16:9/176k/175607/166315172/175607_34133700_IMG_00_0000_max_476x317.png; https://media.rightmove.co.uk:443/dir/crop/10:9-16:9/176k/175607/166315172/175607_34133700_IMG_01_0000_max_476x317.png; https://media.rightmove.co.uk:443/dir/crop/10:9-16:9/176k/175607/166315172/175607_34133700_IMG_02_0000_max_476x317.png; https://media.rightmove.co.uk:443/dir/crop/10:9-16:9/176k/175607/166315172/175607_34133700_IMG_03_0000_max_476x317.png; https://media.rightmove.co.uk:443/dir/crop/10:9-16:9/176k/175607/166315172/175607_34133700_IMG_04_0000_max_476x317.jpeg"
"723054483989328","Hampshire","Pub","The New Inn, Main Road, Totton, Southampton, SO40 7EP","£495,000","","","","4,386 sq. ft.","4386","4386","407","407","Freehold public house for sale with vacant possession in Totton, Southampton","https://www.rightmove.co.uk/properties/723054483989328#/?channel=COM_BUY","2025-12-04T14:48:07Z","","price_reduced","Marketed by Savills, Southampton - Licensed Leisure","","50.906967","-1.49713","https://media.rightmove.co.uk:443/dir/crop/10:9-16:9/226k/225509/723054483989328/225509_273550-1_IMG_00_0000_max_476x317.jpeg; https://media.rightmove.co.uk:443/dir/crop/10:9-16:9/226k/225509/723054483989328/225509_273550-1_IMG_01_0000_max_476x317.jpeg; https://media.rightmove.co.uk:443/dir/crop/10:9-16:9/226k/225509/723054483989328/225509_273550-1_IMG_02_0000_max_476x317.jpeg; https://media.rightmove.co.uk:443/dir/crop/10:9-16:9/226k/225509/723054483989328/225509_273550-1_IMG_03_0000_max_476x317.jpeg; https://media.rightmove.co.uk:443/dir/crop/10:9-16:9/226k/225509/723054483989328/225509_273550-1_IMG_04_0000_max_476x317.jpeg; https://media.rightmove.co.uk:443/dir/crop/10:9-16:9/226k/225509/723054483989328/225509_273550-1_IMG_05_0000_max_476x317.jpeg"
"161555738","Hampshire","Office","Highpoint Venue, Bursledon Road, Southampton, Hampshire, SO19 8BR","POA","","","","35,995 sq. ft.","35995","35995","3344","3344","Unique Landmark Opportunity! Highpoint is strategically positioned on Bursledon Road, one of Southampton's key arterial routes. The location is highly prominent with close to 22,000 cars per day passing the building and providing excellent connectivity to the wider South Coast region. The proper...","https://www.rightmove.co.uk/properties/161555738#/?channel=COM_BUY","2025-05-06T15:07:06Z","","new","Marketed by Mava Real Estate, Southampton","","50.901678","-1.330849","https://media.rightmove.co.uk:443/dir/crop/10:9-16:9/property-photo/a3e9cbfb8/161555738/a3e9cbfb875965c3554086e252311ffd_max_476x317.jpeg; https://media.rightmove.co.uk:443/dir/crop/10:9-16:9/property-photo/cfdc9a472/161555738/cfdc9a472dee4f2b5df34447f27e42b3_max_476x317.jpeg; https://media.rightmove.co.uk:443/dir/crop/10:9-16:9/property-photo/e545a30b9/161555738/e545a30b9b449740f666375d2cefa6aa_max_476x317.jpeg; https://media.rightmove.co.uk:443/dir/crop/10:9-16:9/property-photo/b5c5bc53a/161555738/b5c5bc53a9de7cee98c1f4f324d8d0fe_max_476x317.jpeg; https://media.rightmove.co.uk:443/dir/crop/10:9-16:9/property-photo/0863fe2d8/161555738/0863fe2d8bd7219c834ebb7fff540c2d_max_476x317.jpeg; https://media.rightmove.co.uk:443/dir/crop/10:9-16:9/property-photo/0259e7e9d/161555738/0259e7e9d3f18a6b088efb1518fb2194_max_476x317.jpeg; https://media.rightmove.co.uk:443/dir/crop/10:9-16:9/property-photo/649dc42f6/161555738/649dc42f6a0bc89c72355172d2f2a14a_max_476x317.jpeg; https://media.rightmove.co.uk:443/dir/crop/10:9-16:9/property-photo/d2ac758a6/161555738/d2ac758a6b48929c0c092864153b4315_max_476x317.jpeg; https://media.rightmove.co.uk:443/dir/crop/10:9-16:9/property-photo/3b9a2458e/161555738/3b9a2458ec2fca65c8e9b4a464726f4a_max_476x317.jpeg; https://media.rightmove.co.uk:443/dir/crop/10:9-16:9/property-photo/d94ca1021/161555738/d94ca10211bc3f6d2c5e9a9af6f5488f_max_476x317.jpeg; https://media.rightmove.co.uk:443/dir/crop/10:9-16:9/property-photo/6a0793e0f/161555738/6a0793e0f22fac4b17736390af8a9fd1_max_476x317.jpeg; https://media.rightmove.co.uk:443/dir/crop/10:9-16:9/property-photo/fbf3eb212/161555738/fbf3eb212102ee7b140f13588902a24b_max_476x317.jpeg; https://media.rightmove.co.uk:443/dir/crop/10:9-16:9/property-photo/805be0204/161555738/805be02048b4a5ff629d3c281b7d038a_max_476x317.jpeg; https://media.rightmove.co.uk:443/dir/crop/10:9-16:9/property-photo/64be7f975/161555738/64be7f97577aaa75958686c60ff1fdf2_max_476x317.jpeg; https://media.rightmove.co.uk:443/dir/crop/10:9-16:9/property-photo/3e31b2a85/161555738/3e31b2a854c81e1ac2b16ccaa3c76103_max_476x317.jpeg; https://media.rightmove.co.uk:443/dir/crop/10:9-16:9/property-photo/65085a7a1/161555738/65085a7a1dc6af94500e8dd84de08f86_max_476x317.jpeg; https://media.rightmove.co.uk:443/dir/crop/10:9-16:9/property-photo/74a4d0a60/161555738/74a4d0a60ea6fa18d9fdee444146529b_max_476x317.jpeg; https://media.rightmove.co.uk:443/dir/crop/10:9-16:9/property-photo/73cfed8aa/161555738/73cfed8aa31e479d7f61e95d4a33d57a_max_476x317.jpeg; https://media.rightmove.co.uk:443/dir/crop/10:9-16:9/property-photo/40288eb9e/161555738/40288eb9e934f4458621e64e19ba3962_max_476x317.jpeg; https://media.rightmove.co.uk:443/dir/crop/10:9-16:9/property-photo/f108708a1/161555738/f108708a183a1019cf11406e964595c3_max_476x317.jpeg; https://media.rightmove.co.uk:443/dir/crop/10:9-16:9/property-photo/2cfd27f99/161555738/2cfd27f99835f13dbcf50291eea8ae64_max_476x317.jpeg; https://media.rightmove.co.uk:443/dir/crop/10:9-16:9/property-photo/8d945e7d8/161555738/8d945e7d83918eec9b3765a416834516_max_476x317.jpeg; https://media.rightmove.co.uk:443/dir/crop/10:9-16:9/property-photo/936cd0c35/161555738/936cd0c35fa22222ae6e3d5d902da0cc_max_476x317.jpeg; https://media.rightmove.co.uk:443/dir/crop/10:9-16:9/property-photo/93fc8f448/161555738/93fc8f44843b63b421dca9fcc96ad94e_max_476x317.jpeg; https://media.rightmove.co.uk:443/dir/crop/10:9-16:9/property-photo/48d54d859/161555738/48d54d859dd4ade3196faadc29740365_max_476x317.jpeg; https://media.rightmove.co.uk:443/dir/crop/10:9-16:9/property-photo/548f11c57/161555738/548f11c572328d4efe6c880a5354f71d_max_476x317.jpeg; https://media.rightmove.co.uk:443/dir/crop/10:9-16:9/property-photo/8d156b56f/161555738/8d156b56f6a1804ca693394183d9b4d8_max_476x317.jpeg; https://media.rightmove.co.uk:443/dir/crop/10:9-16:9/property-photo/559a15cd5/161555738/559a15cd55031e76eb0ffc0ade287d71_max_476x317.jpeg; https://media.rightmove.co.uk:443/dir/crop/10:9-16:9/property-photo/5a3b50de4/161555738/5a3b50de478143339028a91d1ce61e8d_max_476x317.jpeg"
"161543009","Hampshire","Office","9 St Georges Business Centre, St Georges Square, Portsmouth, PO1 3EZ","£165,000","","","","595 sq. ft.","595","595","55","55","SELF CONTAINED BUSINESS UNIT WITH PARKING","https://www.rightmove.co.uk/properties/161543009#/?channel=COM_BUY","2025-05-06T12:13:35Z","","new","Marketed by Vail Williams, Portsmouth","","50.7961","-1.10266","https://media.rightmove.co.uk:443/dir/crop/10:9-16:9/86k/85879/161543009/85879_299402-1_IMG_00_0000_max_476x317.jpeg; https://media.rightmove.co.uk:443/dir/crop/10:9-16:9/86k/85879/161543009/85879_299402-1_IMG_01_0000_max_476x317.jpeg; https://media.rightmove.co.uk:443/dir/crop/10:9-16:9/86k/85879/161543009/85879_299402-1_IMG_02_0000_max_476x317.jpeg; https://media.rightmove.co.uk:443/dir/crop/10:9-16:9/86k/85879/161543009/85879_299402-1_IMG_03_0000_max_476x317.jpeg"
"161366789","Hampshire","Mixed Use","Unit 10, North Meadow, Weevil Lane, Gosport","£85,000","","","","389 sq. ft.","389","389","36","36","A rare opportunity to acquire a charming commercial unit in the sought-after Royal Clarence Yard. This ground floor, Grade II listed property offers a well-presented space, ideal for a small office, studio, or boutique business. ","https://www.rightmove.co.uk/properties/161366789#/?channel=COM_BUY","2025-05-06T10:21:14Z","","new","Marketed by Trafalgar Property Consultancy, Gosport","","50.80259","-1.12608","https://media.rightmove.co.uk:443/dir/crop/10:9-16:9/284k/283427/161366789/283427_RM048_IMG_04_0000_max_476x317.jpeg; https://media.rightmove.co.uk:443/dir/crop/10:9-16:9/284k/283427/161366789/283427_RM048_IMG_00_0000_max_476x317.jpeg; https://media.rightmove.co.uk:443/dir/crop/10:9-16:9/284k/283427/161366789/283427_RM048_IMG_01_0000_max_476x317.jpeg; https://media.rightmove.co.uk:443/dir/crop/10:9-16:9/284k/283427/161366789/283427_RM048_IMG_02_0000_max_476x317.jpeg; https://media.rightmove.co.uk:443/dir/crop/10:9-16:9/284k/283427/161366789/283427_RM048_IMG_03_0000_max_476x317.jpeg"
"132263027","Hampshire","Warehouse","King Street, Odiham, Hook, Hampshire, RG29","£1,000,000","From","","","","","","","","A rare opportunity to acquire a mixed-use commercial unit/garage, with two Oast houses, connecting building, detached workshop and garage. Situated in the historic village of Odiham, offering excellent road links and surrounded by countryside.","https://www.rightmove.co.uk/properties/132263027#/?channel=COM_BUY","2023-03-06T10:13:29Z","","price_reduced","Marketed by Mackenzie Smith, Hook","","51.253229","-0.938767","https://media.rightmove.co.uk:443/dir/crop/10:9-16:9/8k/7565/132263027/7565_FLT230081_IMG_03_0001_max_476x317.jpeg; https://media.rightmove.co.uk:443/dir/crop/10:9-16:9/8k/7565/132263027/7565_FLT230081_IMG_19_0000_max_476x317.jpeg; https://media.rightmove.co.uk:443/dir/crop/10:9-16:9/8k/7565/132263027/7565_FLT230081_IMG_04_0000_max_476x317.jpeg; https://media.rightmove.co.uk:443/dir/crop/10:9-16:9/8k/7565/132263027/7565_FLT230081_IMG_20_0000_max_476x317.jpeg; https://media.rightmove.co.uk:443/dir/crop/10:9-16:9/8k/7565/132263027/7565_FLT230081_IMG_21_0000_max_476x317.jpeg; https://media.rightmove.co.uk:443/dir/crop/10:9-16:9/8k/7565/132263027/7565_FLT230081_IMG_22_0000_max_476x317.jpeg; https://media.rightmove.co.uk:443/dir/crop/10:9-16:9/8k/7565/132263027/7565_FLT230081_IMG_08_0000_max_476x317.jpeg; https://media.rightmove.co.uk:443/dir/crop/10:9-16:9/8k/7565/132263027/7565_FLT230081_IMG_09_0000_max_476x317.jpeg; https://media.rightmove.co.uk:443/dir/crop/10:9-16:9/8k/7565/132263027/7565_FLT230081_IMG_10_0000_max_476x317.jpeg; https://media.rightmove.co.uk:443/dir/crop/10:9-16:9/8k/7565/132263027/7565_FLT230081_IMG_11_0000_max_476x317.jpeg; https://media.rightmove.co.uk:443/dir/crop/10:9-16:9/8k/7565/132263027/7565_FLT230081_IMG_12_0000_max_476x317.jpeg; https://media.rightmove.co.uk:443/dir/crop/10:9-16:9/8k/7565/132263027/7565_FLT230081_IMG_13_0000_max_476x317.jpeg; https://media.rightmove.co.uk:443/dir/crop/10:9-16:9/8k/7565/132263027/7565_FLT230081_IMG_14_0000_max_476x317.jpeg; https://media.rightmove.co.uk:443/dir/crop/10:9-16:9/8k/7565/132263027/7565_FLT230081_IMG_15_0000_max_476x317.jpeg; https://media.rightmove.co.uk:443/dir/crop/10:9-16:9/8k/7565/132263027/7565_FLT230081_IMG_16_0000_max_476x317.jpeg; https://media.rightmove.co.uk:443/dir/crop/10:9-16:9/8k/7565/132263027/7565_FLT230081_IMG_17_0000_max_476x317.jpeg; https://media.rightmove.co.uk:443/dir/crop/10:9-16:9/8k/7565/132263027/7565_FLT230081_IMG_18_0000_max_476x317.jpeg; https://media.rightmove.co.uk:443/dir/crop/10:9-16:9/8k/7565/132263027/7565_FLT230081_IMG_02_0001_max_476x317.jpeg"
"161205056","Hampshire","Land","Dores Lane, Romsey, SO51","£2,150,000","","","","6,436 sq. ft.","6436","6436","598","598","A totally unique opportunity to purchase approximately 9 acres of prime Hampshire countryside with panoramic views and full planning for a magnificent 5 bedroom family home and outbuildings","https://www.rightmove.co.uk/properties/161205056#/?channel=COM_BUY","2025-04-28T11:00:26Z","","new","Marketed by Harding Green, London","","51.0246","-1.441816","https://media.rightmove.co.uk:443/dir/crop/10:9-16:9/182k/181964/161205056/181964_RX575853_IMG_01_0000_max_476x317.jpeg; https://media.rightmove.co.uk:443/dir/crop/10:9-16:9/182k/181964/161205056/181964_RX575853_IMG_03_0000_max_476x317.jpeg; https://media.rightmove.co.uk:443/dir/crop/10:9-16:9/182k/181964/161205056/181964_RX575853_IMG_00_0000_max_476x317.jpeg; https://media.rightmove.co.uk:443/dir/crop/10:9-16:9/182k/181964/161205056/181964_RX575853_IMG_02_0000_max_476x317.jpeg; https://media.rightmove.co.uk:443/dir/crop/10:9-16:9/182k/181964/161205056/181964_RX575853_IMG_04_0000_max_476x317.jpeg; https://media.rightmove.co.uk:443/dir/crop/10:9-16:9/182k/181964/161205056/181964_RX575853_IMG_05_0000_max_476x317.jpeg; https://media.rightmove.co.uk:443/dir/crop/10:9-16:9/182k/181964/161205056/181964_RX575853_IMG_06_0000_max_476x317.jpeg; https://media.rightmove.co.uk:443/dir/crop/10:9-16:9/182k/181964/161205056/181964_RX575853_IMG_07_0000_max_476x317.jpeg; https://media.rightmove.co.uk:443/dir/crop/10:9-16:9/182k/181964/161205056/181964_RX575853_IMG_08_0000_max_476x317.jpeg; https://media.rightmove.co.uk:443/dir/crop/10:9-16:9/182k/181964/161205056/181964_RX575853_IMG_09_0000_max_476x317.jpeg; https://media.rightmove.co.uk:443/dir/crop/10:9-16:9/182k/181964/161205056/181964_RX575853_IMG_10_0000_max_476x317.jpeg; https://media.rightmove.co.uk:443/dir/crop/10:9-16:9/182k/181964/161205056/181964_RX575853_IMG_11_0000_max_476x317.jpeg; https://media.rightmove.co.uk:443/dir/crop/10:9-16:9/182k/181964/161205056/181964_RX575853_IMG_12_0000_max_476x317.jpeg; https://media.rightmove.co.uk:443/dir/crop/10:9-16:9/182k/181964/161205056/181964_RX575853_IMG_13_0000_max_476x317.jpeg; https://media.rightmove.co.uk:443/dir/crop/10:9-16:9/182k/181964/161205056/181964_RX575853_IMG_14_0000_max_476x317.jpeg; https://media.rightmove.co.uk:443/dir/crop/10:9-16:9/182k/181964/161205056/181964_RX575853_IMG_15_0000_max_476x317.jpeg"
"161133110","Hampshire","Mixed Use","Shirley High Street, Southampton, Hampshire, SO16 4EZ","£635,000","","","","3,124 sq. ft.","3124","3124","290","290","An excellent opportunity to acquire a well located mixed-use investment comprising a ground floor retail unit let to a highly established tenant, alongside a first floor residential development opportunity with significant value-add potential. The ground floor is let to Landmark Entertainments L...","https://www.rightmove.co.uk/properties/161133110#/?channel=COM_BUY","2025-04-25T14:31:47Z","","new","Marketed by Keygrove Chartered Surveyors, Southampton","","50.923264","-1.435071","https://media.rightmove.co.uk:443/dir/crop/10:9-16:9/96k/95672/161133110/95672_1042FH_IMG_10_0000_max_476x317.jpeg; https://media.rightmove.co.uk:443/dir/crop/10:9-16:9/96k/95672/161133110/95672_1042FH_IMG_01_0000_max_476x317.jpeg; https://media.rightmove.co.uk:443/dir/crop/10:9-16:9/96k/95672/161133110/95672_1042FH_IMG_02_0000_max_476x317.jpeg; https://media.rightmove.co.uk:443/dir/crop/10:9-16:9/96k/95672/161133110/95672_1042FH_IMG_03_0000_max_476x317.jpeg; https://media.rightmove.co.uk:443/dir/crop/10:9-16:9/96k/95672/161133110/95672_1042FH_IMG_04_0000_max_476x317.jpeg; https://media.rightmove.co.uk:443/dir/crop/10:9-16:9/96k/95672/161133110/95672_1042FH_IMG_05_0000_max_476x317.jpeg; https://media.rightmove.co.uk:443/dir/crop/10:9-16:9/96k/95672/161133110/95672_1042FH_IMG_06_0000_max_476x317.jpeg; https://media.rightmove.co.uk:443/dir/crop/10:9-16:9/96k/95672/161133110/95672_1042FH_IMG_07_0000_max_476x317.jpeg; https://media.rightmove.co.uk:443/dir/crop/10:9-16:9/96k/95672/161133110/95672_1042FH_IMG_08_0000_max_476x317.jpeg; https://media.rightmove.co.uk:443/dir/crop/10:9-16:9/96k/95672/161133110/95672_1042FH_IMG_09_0000_max_476x317.jpeg"
"161117486","Hampshire","Land","Nr Winchester, Hampshire","£1,100,000","Fixed Price","2","2","919,116 sq. ft.","919116","919116","85389","85389","Rare Smallholding with planning for a new three bedroom dwelling, 2 bedroom chalet style lodge, range of outbuildings over 14000sqft, Campsite and Pasture. Excellent communication links. Total about 21.1 acres","https://www.rightmove.co.uk/properties/161117486#/?channel=COM_BUY","2025-04-25T11:45:30Z","","new","Marketed by Fox Grant, Salisbury","","51.012399","-1.31374","https://media.rightmove.co.uk:443/dir/crop/10:9-16:9/47k/46538/161117486/46538_5397_FGRT_IMG_00_0000_max_476x317.jpeg; https://media.rightmove.co.uk:443/dir/crop/10:9-16:9/47k/46538/161117486/46538_5397_FGRT_IMG_01_0000_max_476x317.jpeg; https://media.rightmove.co.uk:443/dir/crop/10:9-16:9/47k/46538/161117486/46538_5397_FGRT_IMG_02_0000_max_476x317.jpeg; https://media.rightmove.co.uk:443/dir/crop/10:9-16:9/47k/46538/161117486/46538_5397_FGRT_IMG_03_0000_max_476x317.jpeg; https://media.rightmove.co.uk:443/dir/crop/10:9-16:9/47k/46538/161117486/46538_5397_FGRT_IMG_04_0000_max_476x317.jpeg; https://media.rightmove.co.uk:443/dir/crop/10:9-16:9/47k/46538/161117486/46538_5397_FGRT_IMG_05_0000_max_476x317.jpeg; https://media.rightmove.co.uk:443/dir/crop/10:9-16:9/47k/46538/161117486/46538_5397_FGRT_IMG_06_0000_max_476x317.jpeg; https://media.rightmove.co.uk:443/dir/crop/10:9-16:9/47k/46538/161117486/46538_5397_FGRT_IMG_07_0000_max_476x317.jpeg; https://media.rightmove.co.uk:443/dir/crop/10:9-16:9/47k/46538/161117486/46538_5397_FGRT_IMG_08_0000_max_476x317.jpeg; https://media.rightmove.co.uk:443/dir/crop/10:9-16:9/47k/46538/161117486/46538_5397_FGRT_IMG_09_0000_max_476x317.jpeg; https://media.rightmove.co.uk:443/dir/crop/10:9-16:9/47k/46538/161117486/46538_5397_FGRT_IMG_10_0000_max_476x317.jpeg; https://media.rightmove.co.uk:443/dir/crop/10:9-16:9/47k/46538/161117486/46538_5397_FGRT_IMG_11_0000_max_476x317.jpeg; https://media.rightmove.co.uk:443/dir/crop/10:9-16:9/47k/46538/161117486/46538_5397_FGRT_IMG_12_0000_max_476x317.jpeg; https://media.rightmove.co.uk:443/dir/crop/10:9-16:9/47k/46538/161117486/46538_5397_FGRT_IMG_13_0000_max_476x317.jpeg; https://media.rightmove.co.uk:443/dir/crop/10:9-16:9/47k/46538/161117486/46538_5397_FGRT_IMG_14_0000_max_476x317.jpeg; https://media.rightmove.co.uk:443/dir/crop/10:9-16:9/47k/46538/161117486/46538_5397_FGRT_IMG_15_0000_max_476x317.jpeg; https://media.rightmove.co.uk:443/dir/crop/10:9-16:9/47k/46538/161117486/46538_5397_FGRT_IMG_16_0000_max_476x317.jpeg; https://media.rightmove.co.uk:443/dir/crop/10:9-16:9/47k/46538/161117486/46538_5397_FGRT_IMG_17_0000_max_476x317.jpeg"
"166315004","Hampshire","Plot","Brook Avenue, Warsash","£700,000","","","","","","","","","Building plot located in the popular Village of Warsash with approved planning permission for a stunning detached home circa 3,000 sq ft. Situated on a corner plot measuring approximately 0.4 acres and just a short walk from the picturesque River Hamble.","https://www.rightmove.co.uk/properties/166315004#/?channel=COM_BUY","2025-08-28T14:59:07Z","","new","Marketed by Taylor Hill & Bond, Titchfield","","50.861301","-1.300571","https://media.rightmove.co.uk:443/dir/crop/10:9-16:9/property-photo/c6900c208/166315004/c6900c2081f1825ac52c32bd601f6920_max_476x317.jpeg; https://media.rightmove.co.uk:443/dir/crop/10:9-16:9/property-photo/4514f4d87/166315004/4514f4d870a3fac938cb79710b5303e8_max_476x317.jpeg; https://media.rightmove.co.uk:443/dir/crop/10:9-16:9/property-photo/1ae94d19e/166315004/1ae94d19efd2acc4cc5e9b659a9f02ae_max_476x317.jpeg; https://media.rightmove.co.uk:443/dir/crop/10:9-16:9/property-photo/584ba436c/166315004/584ba436c30beee6f4412f4663e1651b_max_476x317.jpeg; https://media.rightmove.co.uk:443/dir/crop/10:9-16:9/property-photo/401e0277f/166315004/401e0277f788f21add6752375d2f1365_max_476x317.jpeg"
"160960325","Hampshire","Retail Property (high street)","98 West Street, Fareham, PO16 0EP","£170,000","Offers in Region of","","","1,393 sq. ft.","1393","1393","129","129","Retail Investment Property Available","https://www.rightmove.co.uk/properties/160960325#/?channel=COM_BUY","2025-04-22T12:45:13Z","","new","Marketed by Holloway Iliffe & Mitchell, Portsmouth","","50.852391","-1.181351","https://media.rightmove.co.uk:443/dir/crop/10:9-16:9/287k/286838/160960325/286838_108893-1_IMG_00_0000_max_476x317.jpeg; https://media.rightmove.co.uk:443/dir/crop/10:9-16:9/287k/286838/160960325/286838_108893-1_IMG_01_0000_max_476x317.jpeg; https://media.rightmove.co.uk:443/dir/crop/10:9-16:9/287k/286838/160960325/286838_108893-1_IMG_02_0000_max_476x317.jpeg; https://media.rightmove.co.uk:443/dir/crop/10:9-16:9/287k/286838/160960325/286838_108893-1_IMG_03_0000_max_476x317.jpeg; https://media.rightmove.co.uk:443/dir/crop/10:9-16:9/287k/286838/160960325/286838_108893-1_IMG_04_0000_max_476x317.jpeg; https://media.rightmove.co.uk:443/dir/crop/10:9-16:9/287k/286838/160960325/286838_108893-1_IMG_05_0000_max_476x317.jpeg; https://media.rightmove.co.uk:443/dir/crop/10:9-16:9/287k/286838/160960325/286838_108893-1_IMG_06_0000_max_476x317.jpeg"
"160569392","Hampshire","Pub","Inn with rooms in Surrey","£1,800,000","Guide Price","4","","","","","","","Confidential inn with rooms in Surrey","https://www.rightmove.co.uk/properties/160569392#/?channel=COM_BUY","2025-04-11T11:38:32Z","","new","Marketed by Christie & Co, Pubs & Restaurants","","51.0641","-1.31711","https://media.rightmove.co.uk:443/dir/crop/10:9-16:9/261k/260759/160569392/260759_3858294Confidential_IMG_00_0000_max_476x317.jpeg"
"160462355","Hampshire","Showroom","Heritage House, Second Avenue, Southampton, Hampshire, SO15","POA","","","","10,109 sq. ft.","10109","10109","939","939","Semi-detached building of steel portal frame construction with full glazed frontage under a corrugated roof with translucent light panels. Internally, the front door leads to a large sales area/showroom. To the rear is an additional workshop. The rear and east flank sections are two storeys. Ther...","https://www.rightmove.co.uk/properties/160462355#/?channel=COM_BUY","2025-04-09T14:37:06Z","","new","Marketed by Lambert Smith Hampton, Southampton","","50.917347","-1.459696","https://media.rightmove.co.uk:443/dir/crop/10:9-16:9/183k/182711/160462355/182711_2069921FH_IMG_00_0000_max_476x317.jpeg; https://media.rightmove.co.uk:443/dir/crop/10:9-16:9/183k/182711/160462355/182711_2069921FH_IMG_01_0000_max_476x317.jpeg; https://media.rightmove.co.uk:443/dir/crop/10:9-16:9/183k/182711/160462355/182711_2069921FH_IMG_02_0000_max_476x317.jpeg"
"143230268","Hampshire","Distribution Warehouse","Unit 1 Winchester Hill Business Park, Winchester Hill, Romsey, SO51 7UT","£382,250","","","","1,529 sq. ft.","1529","1529","142","142","New build light industrial unit for sale or lease","https://www.rightmove.co.uk/properties/143230268#/?channel=COM_BUY","2023-12-28T09:30:15Z","","price_reduced","Marketed by Hellier Langston Commercial Agents, Southampton","","50.993183","-1.482706","https://media.rightmove.co.uk:443/dir/crop/10:9-16:9/121k/120028/143230268/120028_191418-1_IMG_10_0000_max_476x317.jpeg; https://media.rightmove.co.uk:443/dir/crop/10:9-16:9/121k/120028/143230268/120028_191418-1_IMG_11_0000_max_476x317.jpeg; https://media.rightmove.co.uk:443/dir/crop/10:9-16:9/121k/120028/143230268/120028_191418-1_IMG_01_0001_max_476x317.jpeg; https://media.rightmove.co.uk:443/dir/crop/10:9-16:9/121k/120028/143230268/120028_191418-1_IMG_02_0001_max_476x317.jpeg"
"163975688","Hampshire","Land","Brook Avenue, Warsash,","£700,000","","5","4","","","","","","Discover the rare opportunity to own a prime building plot with full planning permission for a stunning 3,000 sq. ft detached home on Brook Avenue, Warsash. Nestled within a former garden nursery, this exclusive development boasts serene","https://www.rightmove.co.uk/properties/163975688#/?channel=COM_BUY","2025-06-30T16:19:01Z","","new","Marketed by Chimneypots Estate Agents, Southampton","","50.861746","-1.298754","https://media.rightmove.co.uk:443/dir/crop/10:9-16:9/82k/81928/163975688/81928_VA_PRP_19331814_IMG_00_0000_max_476x317.jpeg; https://media.rightmove.co.uk:443/dir/crop/10:9-16:9/82k/81928/163975688/81928_VA_PRP_19331814_IMG_01_0000_max_476x317.jpeg; https://media.rightmove.co.uk:443/dir/crop/10:9-16:9/82k/81928/163975688/81928_VA_PRP_19331814_IMG_02_0000_max_476x317.png; https://media.rightmove.co.uk:443/dir/crop/10:9-16:9/82k/81928/163975688/81928_VA_PRP_19331814_IMG_03_0000_max_476x317.jpeg; https://media.rightmove.co.uk:443/dir/crop/10:9-16:9/82k/81928/163975688/81928_VA_PRP_19331814_IMG_04_0000_max_476x317.jpeg"
"160328675","Hampshire","Warehouse","Pb80, Bedford Road, Petersfield, GU32 3QD","POA","","","","27,698–79,491 sq. ft.","27698","79491","2573","7385","PB80, Petersfield fully refurbished and can be split into two units of 51,793 sq. ft. & 27,698 sq. ft.","https://www.rightmove.co.uk/properties/160328675#/?channel=COM_BUY","2025-04-07T09:29:04Z","","new","Marketed by Avison Young (UK) Limited, Avison Young Industrial 2","","51.00371","-0.946354","https://media.rightmove.co.uk:443/dir/crop/10:9-16:9/209k/208949/160328675/208949_293456-1_IMG_00_0000_max_476x317.jpeg; https://media.rightmove.co.uk:443/dir/crop/10:9-16:9/209k/208949/160328675/208949_293456-1_IMG_01_0000_max_476x317.jpeg; https://media.rightmove.co.uk:443/dir/crop/10:9-16:9/209k/208949/160328675/208949_293456-1_IMG_02_0000_max_476x317.jpeg; https://media.rightmove.co.uk:443/dir/crop/10:9-16:9/209k/208949/160328675/208949_293456-1_IMG_03_0000_max_476x317.jpeg; https://media.rightmove.co.uk:443/dir/crop/10:9-16:9/209k/208949/160328675/208949_293456-1_IMG_04_0000_max_476x317.jpeg; https://media.rightmove.co.uk:443/dir/crop/10:9-16:9/209k/208949/160328675/208949_293456-1_IMG_05_0000_max_476x317.jpeg; https://media.rightmove.co.uk:443/dir/crop/10:9-16:9/209k/208949/160328675/208949_293456-1_IMG_06_0000_max_476x317.jpeg"
"160217813","Hampshire","Shop","77 St. Georges Street, Winchester, Hampshire, SO23 8AH","£450,000","","","","626 sq. ft.","626","626","58","58","Winchester is an affluent cathedral city and an important retail and commercial centre located approximately 12 miles (19km) north of Southampton and 60 miles (96km) south west of London. St Georges Street is one of the city's principal shopping thoroughfares and the premises occupy an excellent ...","https://www.rightmove.co.uk/properties/160217813#/?channel=COM_BUY","2025-04-03T16:21:39Z","","new","Marketed by Mava Real Estate, Southampton","","51.062965","-1.313398","https://media.rightmove.co.uk:443/dir/crop/10:9-16:9/97k/96725/160217813/96725_14797FH_IMG_00_0000_max_476x317.jpeg; https://media.rightmove.co.uk:443/dir/crop/10:9-16:9/97k/96725/160217813/96725_14797FH_IMG_01_0000_max_476x317.jpeg"
"164695130","Hampshire","Commercial Property","1 The Square, Wickham, PO17 5JN","£795,000","","","","3,675 sq. ft.","3675","3675","341","341","Attractive Multi-Let Investment Opportunity","https://www.rightmove.co.uk/properties/164695130#/?channel=COM_BUY","2025-07-18T15:06:48Z","","new","Marketed by Vail Williams, Portsmouth","","50.900402","-1.187097","https://media.rightmove.co.uk:443/dir/crop/10:9-16:9/86k/85879/164695130/85879_293169-1_IMG_00_0000_max_476x317.jpeg; https://media.rightmove.co.uk:443/dir/crop/10:9-16:9/86k/85879/164695130/85879_293169-1_IMG_01_0000_max_476x317.jpeg; https://media.rightmove.co.uk:443/dir/crop/10:9-16:9/86k/85879/164695130/85879_293169-1_IMG_02_0000_max_476x317.jpeg; https://media.rightmove.co.uk:443/dir/crop/10:9-16:9/86k/85879/164695130/85879_293169-1_IMG_03_0000_max_476x317.jpeg; https://media.rightmove.co.uk:443/dir/crop/10:9-16:9/86k/85879/164695130/85879_293169-1_IMG_04_0000_max_476x317.jpeg; https://media.rightmove.co.uk:443/dir/crop/10:9-16:9/86k/85879/164695130/85879_293169-1_IMG_05_0000_max_476x317.jpeg; https://media.rightmove.co.uk:443/dir/crop/10:9-16:9/86k/85879/164695130/85879_293169-1_IMG_06_0000_max_476x317.jpeg; https://media.rightmove.co.uk:443/dir/crop/10:9-16:9/86k/85879/164695130/85879_293169-1_IMG_07_0000_max_476x317.jpeg; https://media.rightmove.co.uk:443/dir/crop/10:9-16:9/86k/85879/164695130/85879_293169-1_IMG_08_0000_max_476x317.jpeg; https://media.rightmove.co.uk:443/dir/crop/10:9-16:9/86k/85879/164695130/85879_293169-1_IMG_09_0000_max_476x317.jpeg; https://media.rightmove.co.uk:443/dir/crop/10:9-16:9/86k/85879/164695130/85879_293169-1_IMG_10_0000_max_476x317.jpeg; https://media.rightmove.co.uk:443/dir/crop/10:9-16:9/86k/85879/164695130/85879_293169-1_IMG_11_0000_max_476x317.jpeg"
"160192397","Hampshire","Office","Charter Court, Third Avenue, Southampton, SO15 0JA","POA","","","","12,775 sq. ft.","12775","12775","1187","1187","Charter Court is situated on Third Avenue just off Millbrook Road West (A33), one of the main arterial routes into Southampton City Centre from the M27/M271. The property is located within a mix of office, retail, industrial, showroom and motor trade occupiers. The property comprises a 3 storey ...","https://www.rightmove.co.uk/properties/160192397#/?channel=COM_BUY","2025-04-03T11:05:22Z","","new","Marketed by Mava Real Estate, Southampton","","50.914139","-1.451759","https://media.rightmove.co.uk:443/dir/crop/10:9-16:9/97k/96725/160192397/96725_402FH_IMG_00_0000_max_476x317.jpeg; https://media.rightmove.co.uk:443/dir/crop/10:9-16:9/97k/96725/160192397/96725_402FH_IMG_01_0000_max_476x317.jpeg; https://media.rightmove.co.uk:443/dir/crop/10:9-16:9/97k/96725/160192397/96725_402FH_IMG_02_0001_max_476x317.jpeg; https://media.rightmove.co.uk:443/dir/crop/10:9-16:9/97k/96725/160192397/96725_402FH_IMG_03_0000_max_476x317.jpeg"
"160333190","Hampshire","Office","Southbrook House, Brook Street, Bishops Waltham, SO32 1AX","£650,000","","","","2,853 sq. ft.","2853","2853","265","265","Attractive Office Premises (Alternative Uses Considered STP)","https://www.rightmove.co.uk/properties/160333190#/?channel=COM_BUY","2025-04-07T10:23:24Z","","new","Marketed by Holloway Iliffe & Mitchell, Portsmouth","","50.954407","-1.213118","https://media.rightmove.co.uk:443/dir/crop/10:9-16:9/287k/286838/160333190/286838_72346-1_IMG_12_0000_max_476x317.jpeg; https://media.rightmove.co.uk:443/dir/crop/10:9-16:9/287k/286838/160333190/286838_72346-1_IMG_13_0000_max_476x317.jpeg; https://media.rightmove.co.uk:443/dir/crop/10:9-16:9/287k/286838/160333190/286838_72346-1_IMG_08_0001_max_476x317.jpeg; https://media.rightmove.co.uk:443/dir/crop/10:9-16:9/287k/286838/160333190/286838_72346-1_IMG_03_0001_max_476x317.jpeg; https://media.rightmove.co.uk:443/dir/crop/10:9-16:9/287k/286838/160333190/286838_72346-1_IMG_04_0001_max_476x317.jpeg; https://media.rightmove.co.uk:443/dir/crop/10:9-16:9/287k/286838/160333190/286838_72346-1_IMG_00_0001_max_476x317.jpeg; https://media.rightmove.co.uk:443/dir/crop/10:9-16:9/287k/286838/160333190/286838_72346-1_IMG_02_0001_max_476x317.jpeg; https://media.rightmove.co.uk:443/dir/crop/10:9-16:9/287k/286838/160333190/286838_72346-1_IMG_05_0001_max_476x317.jpeg; https://media.rightmove.co.uk:443/dir/crop/10:9-16:9/287k/286838/160333190/286838_72346-1_IMG_06_0001_max_476x317.jpeg; https://media.rightmove.co.uk:443/dir/crop/10:9-16:9/287k/286838/160333190/286838_72346-1_IMG_07_0001_max_476x317.jpeg; https://media.rightmove.co.uk:443/dir/crop/10:9-16:9/287k/286838/160333190/286838_72346-1_IMG_01_0001_max_476x317.jpeg; https://media.rightmove.co.uk:443/dir/crop/10:9-16:9/287k/286838/160333190/286838_72346-1_IMG_11_0000_max_476x317.jpeg; https://media.rightmove.co.uk:443/dir/crop/10:9-16:9/287k/286838/160333190/286838_72346-1_IMG_10_0000_max_476x317.jpeg; https://media.rightmove.co.uk:443/dir/crop/10:9-16:9/287k/286838/160333190/286838_72346-1_IMG_09_0001_max_476x317.jpeg; https://media.rightmove.co.uk:443/dir/crop/10:9-16:9/287k/286838/160333190/286838_72346-1_IMG_16_0000_max_476x317.jpeg; https://media.rightmove.co.uk:443/dir/crop/10:9-16:9/287k/286838/160333190/286838_72346-1_IMG_14_0000_max_476x317.jpeg; https://media.rightmove.co.uk:443/dir/crop/10:9-16:9/287k/286838/160333190/286838_72346-1_IMG_17_0000_max_476x317.jpeg"
"155568671","Hampshire","Land","Brook Avenue Warsash Southampton, Hampshire, SO31 9HN","£700,000","","","","17,424 sq. ft.","17424","17424","1619","1619","This opportunity presents a rare chance to acquire a prime building plot with full planning permission, granted in February 2024, for a stunning 3,500 sq. ft detached home with a double garage","https://www.rightmove.co.uk/properties/155568671#/?channel=COM_BUY","2024-12-02T10:42:08Z","","price_reduced","Marketed by Fine & Country, South West London","","50.862729","-1.299393","https://media.rightmove.co.uk:443/dir/crop/10:9-16:9/257k/256826/155568671/256826_RX463697_IMG_00_0000_max_476x317.jpeg; https://media.rightmove.co.uk:443/dir/crop/10:9-16:9/257k/256826/155568671/256826_RX463697_IMG_01_0000_max_476x317.jpeg; https://media.rightmove.co.uk:443/dir/crop/10:9-16:9/257k/256826/155568671/256826_RX463697_IMG_02_0000_max_476x317.jpeg; https://media.rightmove.co.uk:443/dir/crop/10:9-16:9/257k/256826/155568671/256826_RX463697_IMG_03_0000_max_476x317.jpeg; https://media.rightmove.co.uk:443/dir/crop/10:9-16:9/257k/256826/155568671/256826_RX463697_IMG_04_0000_max_476x317.jpeg"
"160142765","Hampshire","Retail Property (high street)","78 High Street, Odiham, Hook, RG29 1LN","POA","","","","1,180 sq. ft.","1180","1180","110","110","High Street retail unit","https://www.rightmove.co.uk/properties/160142765#/?channel=COM_BUY","2025-04-02T11:54:56Z","","new","Marketed by Curchod & Co LLP, Basingstoke","","51.254432","-0.93868","https://media.rightmove.co.uk:443/dir/crop/10:9-16:9/286k/285836/160142765/285836_192730-1_IMG_00_0000_max_476x317.jpeg; https://media.rightmove.co.uk:443/dir/crop/10:9-16:9/286k/285836/160142765/285836_192730-1_IMG_01_0000_max_476x317.jpeg; https://media.rightmove.co.uk:443/dir/crop/10:9-16:9/286k/285836/160142765/285836_192730-1_IMG_02_0000_max_476x317.jpeg; https://media.rightmove.co.uk:443/dir/crop/10:9-16:9/286k/285836/160142765/285836_192730-1_IMG_04_0000_max_476x317.jpeg; https://media.rightmove.co.uk:443/dir/crop/10:9-16:9/286k/285836/160142765/285836_192730-1_IMG_05_0000_max_476x317.jpeg"
"160105817","Hampshire","Commercial Property","1 Harbour Court, 29 High Street, Emsworth, PO10 7AG","£160,000","","","","271 sq. ft.","271","271","25","25","Long leasehold retail investment in popular coastal town","https://www.rightmove.co.uk/properties/160105817#/?channel=COM_BUY","2025-04-01T15:40:40Z","","new","Marketed by Hellier Langston Commercial Agents, Fareham","","50.845849","-0.936641","https://media.rightmove.co.uk:443/dir/crop/10:9-16:9/109k/108977/160105817/108977_288549-1_IMG_08_0000_max_476x317.jpeg; https://media.rightmove.co.uk:443/dir/crop/10:9-16:9/109k/108977/160105817/108977_288549-1_IMG_00_0000_max_476x317.jpeg; https://media.rightmove.co.uk:443/dir/crop/10:9-16:9/109k/108977/160105817/108977_288549-1_IMG_07_0000_max_476x317.jpeg; https://media.rightmove.co.uk:443/dir/crop/10:9-16:9/109k/108977/160105817/108977_288549-1_IMG_01_0000_max_476x317.jpeg; https://media.rightmove.co.uk:443/dir/crop/10:9-16:9/109k/108977/160105817/108977_288549-1_IMG_02_0000_max_476x317.jpeg; https://media.rightmove.co.uk:443/dir/crop/10:9-16:9/109k/108977/160105817/108977_288549-1_IMG_03_0000_max_476x317.jpeg; https://media.rightmove.co.uk:443/dir/crop/10:9-16:9/109k/108977/160105817/108977_288549-1_IMG_04_0000_max_476x317.jpeg"
"160030466","Hampshire","Mixed Use","South Park Court ","£1,750,000","Offers in Region of","8","","807 sq. ft.","807","807","75","75","The development was completed in 2008 by our client and has been maintained to a high standard. The development consists of 26 flats and two commercial units on the ground floor. This mixed used investment has four flats and twocommercial units together with the long leasehold ground rent income.","https://www.rightmove.co.uk/properties/160030466#/?channel=COM_BUY","2025-03-31T11:36:22Z","","new","Marketed by Trafalgar Property Consultancy, Gosport","","50.85045","-0.98427","https://media.rightmove.co.uk:443/dir/crop/10:9-16:9/284k/283427/160030466/283427_RM040_IMG_00_0000_max_476x317.jpeg"
"159952535","Hampshire","Commercial Development","South Park Court ","£950,000","Offers in Region of","","","807 sq. ft.","807","807","75","75","A fantastic opportunity to invest in a commercial property portfolio within the established South Park Court development. This investment includes two ground-floor commercial units, both offering secure long-term income.","https://www.rightmove.co.uk/properties/159952535#/?channel=COM_BUY","2025-03-28T13:51:01Z","","price_reduced","Marketed by Trafalgar Property Consultancy, Gosport","","50.85045","-0.98427","https://media.rightmove.co.uk:443/dir/crop/10:9-16:9/284k/283427/159952535/283427_RM039_IMG_00_0000_max_476x317.jpeg"
"167972657","Hampshire","Retail Property (high street)","Unit 71, 71 High Street, Lymington","£650,000","","","","2,395 sq. ft.","2395","2395","223","223","A single shop occupied by Specsavers in Lymington town centre.","https://www.rightmove.co.uk/properties/167972657#/?channel=COM_BUY","2025-10-08T10:49:58Z","","new","Marketed by LCP, Commercial","","50.75804","-1.54391","https://media.rightmove.co.uk:443/dir/crop/10:9-16:9/230k/229553/167972657/229553_67e3c9f9d1620abc020f743c_1_187_IMG_04_0000_max_476x317.png; https://media.rightmove.co.uk:443/dir/crop/10:9-16:9/230k/229553/167972657/229553_67e3c9f9d1620abc020f743c_1_187_IMG_05_0000_max_476x317.jpeg; https://media.rightmove.co.uk:443/dir/crop/10:9-16:9/230k/229553/167972657/229553_67e3c9f9d1620abc020f743c_1_187_IMG_06_0000_max_476x317.png; https://media.rightmove.co.uk:443/dir/crop/10:9-16:9/230k/229553/167972657/229553_67e3c9f9d1620abc020f743c_1_187_IMG_07_0000_max_476x317.png; https://media.rightmove.co.uk:443/dir/crop/10:9-16:9/230k/229553/167972657/229553_67e3c9f9d1620abc020f743c_1_187_IMG_02_0000_max_476x317.jpeg; https://media.rightmove.co.uk:443/dir/crop/10:9-16:9/230k/229553/167972657/229553_67e3c9f9d1620abc020f743c_1_187_IMG_01_0000_max_476x317.jpeg; https://media.rightmove.co.uk:443/dir/crop/10:9-16:9/230k/229553/167972657/229553_67e3c9f9d1620abc020f743c_1_187_IMG_03_0000_max_476x317.jpeg; https://media.rightmove.co.uk:443/dir/crop/10:9-16:9/230k/229553/167972657/229553_67e3c9f9d1620abc020f743c_1_187_IMG_00_0000_max_476x317.jpeg"
"146427104","Hampshire","Pub","High Street, SP9","£525,000","Offers in Region of","4","","","","","","","THE BOOT PUBLIC HOUSE/RESTAURANT IS SITUATED WITHIN THE HIGH STREET OF SHIPTON BELLINGER APPROACHED VIA A BRIDGE OF THE WINTER BOURNE. THE PROPERTY HAS MANY OUTBUILDINGS AND PARKING FOR OVER 30 VEHICLES.THE PRESENT OWNERS HAVE RUN THE BUSINESS FOR NEARLY 30 YEARS. OWNERS ACCOMMODATION ABOVE PREMISES","https://www.rightmove.co.uk/properties/146427104#/?channel=COM_BUY","2024-04-16T14:10:27Z","","price_reduced","Marketed by Castles, Ludgershall","","51.20752","-1.66942","https://media.rightmove.co.uk:443/dir/crop/10:9-16:9/40k/39356/146427104/39356_01213_IMG_01_0000_max_476x317.jpeg; https://media.rightmove.co.uk:443/dir/crop/10:9-16:9/40k/39356/146427104/39356_01213_IMG_11_0000_max_476x317.jpeg; https://media.rightmove.co.uk:443/dir/crop/10:9-16:9/40k/39356/146427104/39356_01213_IMG_12_0000_max_476x317.jpeg; https://media.rightmove.co.uk:443/dir/crop/10:9-16:9/40k/39356/146427104/39356_01213_IMG_02_0000_max_476x317.jpeg; https://media.rightmove.co.uk:443/dir/crop/10:9-16:9/40k/39356/146427104/39356_01213_IMG_03_0000_max_476x317.jpeg; https://media.rightmove.co.uk:443/dir/crop/10:9-16:9/40k/39356/146427104/39356_01213_IMG_04_0000_max_476x317.jpeg; https://media.rightmove.co.uk:443/dir/crop/10:9-16:9/40k/39356/146427104/39356_01213_IMG_06_0000_max_476x317.jpeg; https://media.rightmove.co.uk:443/dir/crop/10:9-16:9/40k/39356/146427104/39356_01213_IMG_07_0000_max_476x317.jpeg; https://media.rightmove.co.uk:443/dir/crop/10:9-16:9/40k/39356/146427104/39356_01213_IMG_05_0000_max_476x317.jpeg; https://media.rightmove.co.uk:443/dir/crop/10:9-16:9/40k/39356/146427104/39356_01213_IMG_08_0000_max_476x317.jpeg; https://media.rightmove.co.uk:443/dir/crop/10:9-16:9/40k/39356/146427104/39356_01213_IMG_09_0000_max_476x317.jpeg; https://media.rightmove.co.uk:443/dir/crop/10:9-16:9/40k/39356/146427104/39356_01213_IMG_10_0000_max_476x317.jpeg; https://media.rightmove.co.uk:443/dir/crop/10:9-16:9/40k/39356/146427104/39356_01213_IMG_00_0000_max_476x317.jpeg"
"159660677","Hampshire","Distribution Warehouse","Unit 20 Chancerygate Business Centre, Southampton, Hampshire, SO15 0AE","POA","","","","2,888 sq. ft.","2888","2888","268","268","Unit 20 forms part of a purpose build development scheme comprising of 20 Industrial/Warehouse units built in 2007. The unit is an end of terrace unit with a concrete loading apron and parking. The premises are of steel portal construction with blockwork construction and profile cladding and bene...","https://www.rightmove.co.uk/properties/159660677#/?channel=COM_BUY","2025-03-20T11:50:59Z","","new","Marketed by Lambert Smith Hampton, Southampton","","50.914855","-1.456078","https://media.rightmove.co.uk:443/dir/crop/10:9-16:9/183k/182711/159660677/182711_2066361FH_IMG_00_0000_max_476x317.jpeg; https://media.rightmove.co.uk:443/dir/crop/10:9-16:9/183k/182711/159660677/182711_2066361FH_IMG_01_0000_max_476x317.jpeg"
"159594575","Hampshire","Office","Bramble House, Furzehall Farm, 112 Wickham Road, Fareham, Hampshire, PO16 7JH","POA","","","","783–1,507 sq. ft.","783","1507","73","140","Bramble House comprises a detached purpose build, modern office over ground, first and second floors. The building is set in landscaped grounds with allocated car parking provided (30 spaces). The main entrance / foyer provides access to a central stair core and lift, serving each floor. Six off...","https://www.rightmove.co.uk/properties/159594575#/?channel=COM_BUY","2025-03-19T09:43:34Z","","new","Marketed by Eddisons Commercial Limited, Eddisons Fareham","","50.864983","-1.181458","https://media.rightmove.co.uk:443/dir/crop/10:9-16:9/266k/265493/159594575/265493_3022856FH_IMG_31_0000_max_476x317.jpeg; https://media.rightmove.co.uk:443/dir/crop/10:9-16:9/266k/265493/159594575/265493_3022856FH_IMG_00_0000_max_476x317.jpeg; https://media.rightmove.co.uk:443/dir/crop/10:9-16:9/266k/265493/159594575/265493_3022856FH_IMG_01_0000_max_476x317.jpeg; https://media.rightmove.co.uk:443/dir/crop/10:9-16:9/266k/265493/159594575/265493_3022856FH_IMG_03_0000_max_476x317.jpeg; https://media.rightmove.co.uk:443/dir/crop/10:9-16:9/266k/265493/159594575/265493_3022856FH_IMG_04_0000_max_476x317.jpeg; https://media.rightmove.co.uk:443/dir/crop/10:9-16:9/266k/265493/159594575/265493_3022856FH_IMG_05_0000_max_476x317.jpeg; https://media.rightmove.co.uk:443/dir/crop/10:9-16:9/266k/265493/159594575/265493_3022856FH_IMG_06_0000_max_476x317.jpeg; https://media.rightmove.co.uk:443/dir/crop/10:9-16:9/266k/265493/159594575/265493_3022856FH_IMG_08_0000_max_476x317.jpeg; https://media.rightmove.co.uk:443/dir/crop/10:9-16:9/266k/265493/159594575/265493_3022856FH_IMG_09_0000_max_476x317.jpeg; https://media.rightmove.co.uk:443/dir/crop/10:9-16:9/266k/265493/159594575/265493_3022856FH_IMG_10_0000_max_476x317.jpeg; https://media.rightmove.co.uk:443/dir/crop/10:9-16:9/266k/265493/159594575/265493_3022856FH_IMG_11_0000_max_476x317.jpeg; https://media.rightmove.co.uk:443/dir/crop/10:9-16:9/266k/265493/159594575/265493_3022856FH_IMG_12_0000_max_476x317.jpeg; https://media.rightmove.co.uk:443/dir/crop/10:9-16:9/266k/265493/159594575/265493_3022856FH_IMG_15_0000_max_476x317.jpeg; https://media.rightmove.co.uk:443/dir/crop/10:9-16:9/266k/265493/159594575/265493_3022856FH_IMG_16_0000_max_476x317.jpeg; https://media.rightmove.co.uk:443/dir/crop/10:9-16:9/266k/265493/159594575/265493_3022856FH_IMG_18_0000_max_476x317.jpeg; https://media.rightmove.co.uk:443/dir/crop/10:9-16:9/266k/265493/159594575/265493_3022856FH_IMG_19_0000_max_476x317.jpeg; https://media.rightmove.co.uk:443/dir/crop/10:9-16:9/266k/265493/159594575/265493_3022856FH_IMG_20_0000_max_476x317.jpeg; https://media.rightmove.co.uk:443/dir/crop/10:9-16:9/266k/265493/159594575/265493_3022856FH_IMG_29_0000_max_476x317.jpeg; https://media.rightmove.co.uk:443/dir/crop/10:9-16:9/266k/265493/159594575/265493_3022856FH_IMG_30_0000_max_476x317.jpeg; https://media.rightmove.co.uk:443/dir/crop/10:9-16:9/266k/265493/159594575/265493_3022856FH_IMG_32_0000_max_476x317.jpeg; https://media.rightmove.co.uk:443/dir/crop/10:9-16:9/266k/265493/159594575/265493_3022856FH_IMG_26_0000_max_476x317.jpeg"
"723055392053297","Hampshire","Commercial Property","Smugglers Inn, High Street, Milford on Sea, Lymington, SO41 0QE","£1,550,000","Offers in Excess of","","","6,168 sq. ft.","6168","6168","573","573","Freehold public house investment for sale let until March 2039 at a current rent of £125,000 per annum","https://www.rightmove.co.uk/properties/723055392053297#/?channel=COM_BUY","2025-12-04T14:53:40Z","","new","Marketed by Savills, Southampton - Licensed Leisure","","50.72529","-1.587961","https://media.rightmove.co.uk:443/dir/crop/10:9-16:9/226k/225509/723055392053297/225509_287590-1_IMG_00_0000_max_476x317.jpeg; https://media.rightmove.co.uk:443/dir/crop/10:9-16:9/226k/225509/723055392053297/225509_287590-1_IMG_01_0000_max_476x317.jpeg; https://media.rightmove.co.uk:443/dir/crop/10:9-16:9/226k/225509/723055392053297/225509_287590-1_IMG_02_0000_max_476x317.jpeg; https://media.rightmove.co.uk:443/dir/crop/10:9-16:9/226k/225509/723055392053297/225509_287590-1_IMG_03_0000_max_476x317.jpeg; https://media.rightmove.co.uk:443/dir/crop/10:9-16:9/226k/225509/723055392053297/225509_287590-1_IMG_04_0000_max_476x317.jpeg; https://media.rightmove.co.uk:443/dir/crop/10:9-16:9/226k/225509/723055392053297/225509_287590-1_IMG_05_0000_max_476x317.jpeg; https://media.rightmove.co.uk:443/dir/crop/10:9-16:9/226k/225509/723055392053297/225509_287590-1_IMG_06_0000_max_476x317.jpeg; https://media.rightmove.co.uk:443/dir/crop/10:9-16:9/226k/225509/723055392053297/225509_287590-1_IMG_07_0000_max_476x317.jpeg"
"723055406734848","Hampshire","Commercial Property","Woolpack Inn, Sopley, Christchurch, BH23 7AX","£1,200,000","Offers in Excess of","","","4,158 sq. ft.","4158","4158","386","386","Freehold public house investment for sale let until December 2041 at a current rent of £96,180 per annum","https://www.rightmove.co.uk/properties/723055406734848#/?channel=COM_BUY","2025-12-04T14:53:37Z","","new","Marketed by Savills, Southampton - Licensed Leisure","","50.771298","-1.779091","https://media.rightmove.co.uk:443/dir/crop/10:9-16:9/226k/225509/723055406734848/225509_287605-1_IMG_00_0000_max_476x317.jpeg; https://media.rightmove.co.uk:443/dir/crop/10:9-16:9/226k/225509/723055406734848/225509_287605-1_IMG_01_0000_max_476x317.jpeg; https://media.rightmove.co.uk:443/dir/crop/10:9-16:9/226k/225509/723055406734848/225509_287605-1_IMG_02_0000_max_476x317.jpeg; https://media.rightmove.co.uk:443/dir/crop/10:9-16:9/226k/225509/723055406734848/225509_287605-1_IMG_03_0000_max_476x317.jpeg; https://media.rightmove.co.uk:443/dir/crop/10:9-16:9/226k/225509/723055406734848/225509_287605-1_IMG_04_0000_max_476x317.jpeg; https://media.rightmove.co.uk:443/dir/crop/10:9-16:9/226k/225509/723055406734848/225509_287605-1_IMG_05_0000_max_476x317.jpeg; https://media.rightmove.co.uk:443/dir/crop/10:9-16:9/226k/225509/723055406734848/225509_287605-1_IMG_06_0000_max_476x317.jpeg; https://media.rightmove.co.uk:443/dir/crop/10:9-16:9/226k/225509/723055406734848/225509_287605-1_IMG_07_0000_max_476x317.jpeg; https://media.rightmove.co.uk:443/dir/crop/10:9-16:9/226k/225509/723055406734848/225509_287605-1_IMG_08_0000_max_476x317.jpeg; https://media.rightmove.co.uk:443/dir/crop/10:9-16:9/226k/225509/723055406734848/225509_287605-1_IMG_09_0000_max_476x317.jpeg; https://media.rightmove.co.uk:443/dir/crop/10:9-16:9/226k/225509/723055406734848/225509_287605-1_IMG_10_0000_max_476x317.jpeg"
"130775975","Hampshire","Office","Brunel House 21 Brunswick Place, Southampton, SO15 2AQ","POA","","","","13,357 sq. ft.","13357","13357","1241","1241","City Centre Offices - For Sale PD SECURED FOR CONVERSION TO 20 X 1 BED FLATS","https://www.rightmove.co.uk/properties/130775975#/?channel=COM_BUY","2023-01-17T00:03:14Z","","new","Marketed by Vail Williams, Southampton","","50.911096","-1.402546","https://media.rightmove.co.uk:443/dir/crop/10:9-16:9/102k/101996/130775975/101996_87079-1_IMG_00_0000_max_476x317.jpeg; https://media.rightmove.co.uk:443/dir/crop/10:9-16:9/102k/101996/130775975/101996_87079-1_IMG_01_0000_max_476x317.jpeg; https://media.rightmove.co.uk:443/dir/crop/10:9-16:9/102k/101996/130775975/101996_87079-1_IMG_02_0000_max_476x317.jpeg; https://media.rightmove.co.uk:443/dir/crop/10:9-16:9/102k/101996/130775975/101996_87079-1_IMG_03_0000_max_476x317.jpeg; https://media.rightmove.co.uk:443/dir/crop/10:9-16:9/102k/101996/130775975/101996_87079-1_IMG_04_0000_max_476x317.jpeg; https://media.rightmove.co.uk:443/dir/crop/10:9-16:9/102k/101996/130775975/101996_87079-1_IMG_05_0000_max_476x317.jpeg; https://media.rightmove.co.uk:443/dir/crop/10:9-16:9/102k/101996/130775975/101996_87079-1_IMG_06_0000_max_476x317.jpeg; https://media.rightmove.co.uk:443/dir/crop/10:9-16:9/102k/101996/130775975/101996_87079-1_IMG_07_0000_max_476x317.jpeg; https://media.rightmove.co.uk:443/dir/crop/10:9-16:9/102k/101996/130775975/101996_87079-1_IMG_08_0000_max_476x317.jpeg"
"159159314","Hampshire","Healthcare Facility","Beauty, Therapy & Tanning, Hampshire, Hampshire","£99,950","","","","","","","","","HAIR AND BEAUTY SALON Prime corner trading position Much sought after Hampshire village location Showing adjusted net profits of £44,020 Eight dressing out points, three beauty treatment rooms, spray tan room Weekly turnover £4,000 to £4,500 REF 590960. EPC Band D. Business, Offers Around £99,...","https://www.rightmove.co.uk/properties/159159314#/?channel=COM_BUY","2025-03-07T18:00:09Z","","new","Marketed by Ernest Wilson & Co Limited, EW Leeds","","50.9123","-0.9953","https://media.rightmove.co.uk:443/dir/crop/10:9-16:9/154k/153122/159159314/153122_590960_IMG_00_0000_max_476x317.jpeg"
"166315274","Hampshire","Plot","Segensworth Road, Fareham","£300,000","","","","","","","","","A building plot located in a semi rural location on the outskirts off Titchfield Village with approved planning permission for the erection two, 3 bedroom semi detached houses with allocated parking following demolition of existing building. Fareham Borough Council Planning Ref: P/23/07...","https://www.rightmove.co.uk/properties/166315274#/?channel=COM_BUY","2025-08-28T15:03:05Z","","new","Marketed by Taylor Hill & Bond, Titchfield","","50.861232","-1.232664","https://media.rightmove.co.uk:443/dir/crop/10:9-16:9/176k/175607/166315274/175607_34133716_IMG_00_0000_max_476x317.jpeg; https://media.rightmove.co.uk:443/dir/crop/10:9-16:9/176k/175607/166315274/175607_34133716_IMG_01_0000_max_476x317.jpeg; https://media.rightmove.co.uk:443/dir/crop/10:9-16:9/176k/175607/166315274/175607_34133716_IMG_02_0000_max_476x317.jpeg"
"159009611","Hampshire","Land","Dudley Avenue, Fordingbridge, Hampshire, SP6","£500,000","Guide Price","","","","","","","","A freehold parcel of land for possible development subject to the usual planning permission/consents being granted.","https://www.rightmove.co.uk/properties/159009611#/?channel=COM_BUY","2025-03-05T10:10:38Z","","new","Marketed by Woolley & Wallis, Fordingbridge","","50.937163","-1.792544","https://media.rightmove.co.uk:443/dir/crop/10:9-16:9/38k/37499/159009611/37499_FOR240235_IMG_00_0000_max_476x317.jpeg; https://media.rightmove.co.uk:443/dir/crop/10:9-16:9/38k/37499/159009611/37499_FOR240235_IMG_01_0000_max_476x317.jpeg; https://media.rightmove.co.uk:443/dir/crop/10:9-16:9/38k/37499/159009611/37499_FOR240235_IMG_02_0000_max_476x317.jpeg; https://media.rightmove.co.uk:443/dir/crop/10:9-16:9/38k/37499/159009611/37499_FOR240235_IMG_03_0000_max_476x317.jpeg"
"158849474","Hampshire","Land","Meonmarsh, Bridge Street, Fareham, Hampshire, PO14","£250,000","Offers in Excess of","","","261,796 sq. ft.","261796","261796","24322","24322","Approx. 6.01 acres of Water Meadows situated on the River Meon on the outskirts of Titchfield Village immediately to the north of Titchfield Haven. Proposed Nitrate Wetland Scheme. Fishing Rights. Seasonally under water.","https://www.rightmove.co.uk/properties/158849474#/?channel=COM_BUY","2025-02-28T16:52:50Z","","new","Marketed by Giles Wheeler-Bennett, Southampton","","50.84464","-1.2307","https://media.rightmove.co.uk:443/dir/crop/10:9-16:9/104k/103508/158849474/103508_Meonmarsh_IMG_23_0000_max_476x317.png; https://media.rightmove.co.uk:443/dir/crop/10:9-16:9/104k/103508/158849474/103508_Meonmarsh_IMG_01_0000_max_476x317.png; https://media.rightmove.co.uk:443/dir/crop/10:9-16:9/104k/103508/158849474/103508_Meonmarsh_IMG_02_0000_max_476x317.png; https://media.rightmove.co.uk:443/dir/crop/10:9-16:9/104k/103508/158849474/103508_Meonmarsh_IMG_03_0000_max_476x317.png; https://media.rightmove.co.uk:443/dir/crop/10:9-16:9/104k/103508/158849474/103508_Meonmarsh_IMG_04_0000_max_476x317.png; https://media.rightmove.co.uk:443/dir/crop/10:9-16:9/104k/103508/158849474/103508_Meonmarsh_IMG_00_0000_max_476x317.png; https://media.rightmove.co.uk:443/dir/crop/10:9-16:9/104k/103508/158849474/103508_Meonmarsh_IMG_22_0000_max_476x317.png; https://media.rightmove.co.uk:443/dir/crop/10:9-16:9/104k/103508/158849474/103508_Meonmarsh_IMG_25_0000_max_476x317.jpeg; https://media.rightmove.co.uk:443/dir/crop/10:9-16:9/104k/103508/158849474/103508_Meonmarsh_IMG_28_0000_max_476x317.png; https://media.rightmove.co.uk:443/dir/crop/10:9-16:9/104k/103508/158849474/103508_Meonmarsh_IMG_05_0000_max_476x317.jpeg; https://media.rightmove.co.uk:443/dir/crop/10:9-16:9/104k/103508/158849474/103508_Meonmarsh_IMG_06_0000_max_476x317.jpeg; https://media.rightmove.co.uk:443/dir/crop/10:9-16:9/104k/103508/158849474/103508_Meonmarsh_IMG_07_0000_max_476x317.jpeg; https://media.rightmove.co.uk:443/dir/crop/10:9-16:9/104k/103508/158849474/103508_Meonmarsh_IMG_08_0000_max_476x317.jpeg; https://media.rightmove.co.uk:443/dir/crop/10:9-16:9/104k/103508/158849474/103508_Meonmarsh_IMG_09_0000_max_476x317.jpeg; https://media.rightmove.co.uk:443/dir/crop/10:9-16:9/104k/103508/158849474/103508_Meonmarsh_IMG_10_0000_max_476x317.jpeg; https://media.rightmove.co.uk:443/dir/crop/10:9-16:9/104k/103508/158849474/103508_Meonmarsh_IMG_11_0000_max_476x317.jpeg; https://media.rightmove.co.uk:443/dir/crop/10:9-16:9/104k/103508/158849474/103508_Meonmarsh_IMG_12_0000_max_476x317.jpeg; https://media.rightmove.co.uk:443/dir/crop/10:9-16:9/104k/103508/158849474/103508_Meonmarsh_IMG_13_0000_max_476x317.jpeg; https://media.rightmove.co.uk:443/dir/crop/10:9-16:9/104k/103508/158849474/103508_Meonmarsh_IMG_14_0000_max_476x317.jpeg; https://media.rightmove.co.uk:443/dir/crop/10:9-16:9/104k/103508/158849474/103508_Meonmarsh_IMG_15_0000_max_476x317.jpeg; https://media.rightmove.co.uk:443/dir/crop/10:9-16:9/104k/103508/158849474/103508_Meonmarsh_IMG_16_0000_max_476x317.jpeg; https://media.rightmove.co.uk:443/dir/crop/10:9-16:9/104k/103508/158849474/103508_Meonmarsh_IMG_17_0000_max_476x317.jpeg; https://media.rightmove.co.uk:443/dir/crop/10:9-16:9/104k/103508/158849474/103508_Meonmarsh_IMG_18_0000_max_476x317.jpeg; https://media.rightmove.co.uk:443/dir/crop/10:9-16:9/104k/103508/158849474/103508_Meonmarsh_IMG_19_0000_max_476x317.jpeg; https://media.rightmove.co.uk:443/dir/crop/10:9-16:9/104k/103508/158849474/103508_Meonmarsh_IMG_20_0000_max_476x317.jpeg; https://media.rightmove.co.uk:443/dir/crop/10:9-16:9/104k/103508/158849474/103508_Meonmarsh_IMG_21_0000_max_476x317.jpeg; https://media.rightmove.co.uk:443/dir/crop/10:9-16:9/104k/103508/158849474/103508_Meonmarsh_IMG_24_0000_max_476x317.jpeg; https://media.rightmove.co.uk:443/dir/crop/10:9-16:9/104k/103508/158849474/103508_Meonmarsh_IMG_26_0000_max_476x317.png; https://media.rightmove.co.uk:443/dir/crop/10:9-16:9/104k/103508/158849474/103508_Meonmarsh_IMG_27_0000_max_476x317.png"
"133947269","Hampshire","Farm Land","Burley Road, Brockenhurst, SO42","£125,000","","","","","","","","","An extremely rare opportunity to purchase a perfectly located attractive parcel of grazing land of 1.469 Acres with direct forest access. Located within Brockenhurst off Burley Road within the New Forest National Park. ","https://www.rightmove.co.uk/properties/133947269#/?channel=COM_BUY","2023-04-21T16:08:25Z","","new","Marketed by FELLS GULLIVER LYMINGTON & NEW FOREST, Lymington","","50.815753","-1.590701","https://media.rightmove.co.uk:443/dir/crop/10:9-16:9/property-photo/38bc705b6/133947269/38bc705b665bbab9c86b9b4377408e54_max_476x317.jpeg; https://media.rightmove.co.uk:443/dir/crop/10:9-16:9/property-photo/ad2916f0a/133947269/ad2916f0a25ed81c82eed88f0fd9365e_max_476x317.jpeg; https://media.rightmove.co.uk:443/dir/crop/10:9-16:9/property-photo/74359d8ed/133947269/74359d8ed3ec1ed6df03819a440397a0_max_476x317.jpeg; https://media.rightmove.co.uk:443/dir/crop/10:9-16:9/property-photo/6079eb3db/133947269/6079eb3dbfa113674ce66bb0417e27a0_max_476x317.jpeg; https://media.rightmove.co.uk:443/dir/crop/10:9-16:9/property-photo/85e1a6d5b/133947269/85e1a6d5b0193057ee6e639b6791a994_max_476x317.jpeg; https://media.rightmove.co.uk:443/dir/crop/10:9-16:9/property-photo/0add527ab/133947269/0add527abe591bda5b022e7220636d1c_max_476x317.jpeg"
"154201346","Hampshire","Land","Straight Mile, Romsey, SO51","£175,000","Guide Price","","","217,800 sq. ft.","217800","217800","20234","20234","Prime Woodland Land for Sale on The Straight Mile, Romsey, of approximately 5 acres","https://www.rightmove.co.uk/properties/154201346#/?channel=COM_BUY","2024-10-25T13:32:50Z","","price_reduced","Marketed by TAUK, Covering Nationwide","","51.004088","-1.454451","https://media.rightmove.co.uk:443/dir/crop/10:9-16:9/231k/230252/154201346/230252_RX434535_IMG_11_0000_max_476x317.jpeg; https://media.rightmove.co.uk:443/dir/crop/10:9-16:9/231k/230252/154201346/230252_RX434535_IMG_10_0000_max_476x317.jpeg; https://media.rightmove.co.uk:443/dir/crop/10:9-16:9/231k/230252/154201346/230252_RX434535_IMG_00_0000_max_476x317.jpeg; https://media.rightmove.co.uk:443/dir/crop/10:9-16:9/231k/230252/154201346/230252_RX434535_IMG_01_0000_max_476x317.jpeg; https://media.rightmove.co.uk:443/dir/crop/10:9-16:9/231k/230252/154201346/230252_RX434535_IMG_02_0000_max_476x317.jpeg; https://media.rightmove.co.uk:443/dir/crop/10:9-16:9/231k/230252/154201346/230252_RX434535_IMG_03_0000_max_476x317.jpeg; https://media.rightmove.co.uk:443/dir/crop/10:9-16:9/231k/230252/154201346/230252_RX434535_IMG_04_0000_max_476x317.jpeg; https://media.rightmove.co.uk:443/dir/crop/10:9-16:9/231k/230252/154201346/230252_RX434535_IMG_05_0000_max_476x317.jpeg; https://media.rightmove.co.uk:443/dir/crop/10:9-16:9/231k/230252/154201346/230252_RX434535_IMG_06_0000_max_476x317.jpeg; https://media.rightmove.co.uk:443/dir/crop/10:9-16:9/231k/230252/154201346/230252_RX434535_IMG_07_0000_max_476x317.jpeg; https://media.rightmove.co.uk:443/dir/crop/10:9-16:9/231k/230252/154201346/230252_RX434535_IMG_08_0000_max_476x317.jpeg; https://media.rightmove.co.uk:443/dir/crop/10:9-16:9/231k/230252/154201346/230252_RX434535_IMG_09_0000_max_476x317.jpeg"
"158750447","Hampshire","Land","Lower Ashley Road, Ashley, New Milton, Hampshire, BH25","£65,000","Guide Price","","","","","","","","0.7 acres of paddock land, being well enclosed, adjacent to 101 Lower Ashley Road.","https://www.rightmove.co.uk/properties/158750447#/?channel=COM_BUY","2025-02-26T18:30:04Z","","new","Marketed by Hayward Fox, New Milton","","50.75325","-1.633725","https://media.rightmove.co.uk:443/dir/crop/10:9-16:9/60k/59164/158750447/59164_NEM250019_IMG_00_0000_max_476x317.jpeg; https://media.rightmove.co.uk:443/dir/crop/10:9-16:9/60k/59164/158750447/59164_NEM250019_IMG_01_0000_max_476x317.jpeg; https://media.rightmove.co.uk:443/dir/crop/10:9-16:9/60k/59164/158750447/59164_NEM250019_IMG_02_0000_max_476x317.jpeg; https://media.rightmove.co.uk:443/dir/crop/10:9-16:9/60k/59164/158750447/59164_NEM250019_IMG_03_0000_max_476x317.jpeg; https://media.rightmove.co.uk:443/dir/crop/10:9-16:9/60k/59164/158750447/59164_NEM250019_IMG_04_0000_max_476x317.jpeg"
"158571212","Hampshire","Office","Berrington Way","£315,000","Offers in Region of","","","","","","","","Property located in Berrington Way","https://www.rightmove.co.uk/properties/158571212#/?channel=COM_BUY","2025-02-21T16:47:34Z","","new","Marketed by Hindhead, Plymouth","","51.28053","-1.06729","https://media.rightmove.co.uk:443/dir/crop/10:9-16:9/250k/249272/158571212/249272_101415003408_IMG_00_0000_max_476x317.jpeg; https://media.rightmove.co.uk:443/dir/crop/10:9-16:9/250k/249272/158571212/249272_101415003408_IMG_01_0000_max_476x317.jpeg; https://media.rightmove.co.uk:443/dir/crop/10:9-16:9/250k/249272/158571212/249272_101415003408_IMG_02_0000_max_476x317.jpeg; https://media.rightmove.co.uk:443/dir/crop/10:9-16:9/250k/249272/158571212/249272_101415003408_IMG_03_0000_max_476x317.jpeg; https://media.rightmove.co.uk:443/dir/crop/10:9-16:9/250k/249272/158571212/249272_101415003408_IMG_04_0000_max_476x317.jpeg; https://media.rightmove.co.uk:443/dir/crop/10:9-16:9/250k/249272/158571212/249272_101415003408_IMG_05_0000_max_476x317.jpeg; https://media.rightmove.co.uk:443/dir/crop/10:9-16:9/250k/249272/158571212/249272_101415003408_IMG_06_0000_max_476x317.jpeg"
"166315472","Hampshire","Plot","Fleet End Road, Warsash","£17,500","","","","","","","","","A parcel of land situated in the popular location of Fleet End Road in Warsash, measuring 0.0271 acres (110m2).","https://www.rightmove.co.uk/properties/166315472#/?channel=COM_BUY","2025-08-28T15:06:06Z","","price_reduced","Marketed by Taylor Hill & Bond, Titchfield","","50.851707","-1.280563","https://media.rightmove.co.uk:443/dir/crop/10:9-16:9/property-photo/92366e00d/166315472/92366e00d459587d4712241bcb3de659_max_476x317.jpeg; https://media.rightmove.co.uk:443/dir/crop/10:9-16:9/property-photo/5acec0e3c/166315472/5acec0e3c13ce0e5d416770cec832885_max_476x317.jpeg; https://media.rightmove.co.uk:443/dir/crop/10:9-16:9/property-photo/0831be6a0/166315472/0831be6a0048853c77609274dd15f7db_max_476x317.jpeg; https://media.rightmove.co.uk:443/dir/crop/10:9-16:9/property-photo/9eb2e8adc/166315472/9eb2e8adcd5f0664279fd94232f6b3a6_max_476x317.jpeg"
"158488784","Hampshire","Residential Development","Roof Space at Cameron Court, 57-63 Millway Road, Andover, Hampshire, SP10 3GF","£10,000","Guide Price","","","","","","","","**For Sale By Online Auction To inspect the legal documents for this property go to our website to download the legal pack** A Roof Space with Redevelopment Potential (Subject to Obtaining all Relevant Consents) Leasehold. The property is held on a 105 year lea...","https://www.rightmove.co.uk/properties/158488784#/?channel=COM_BUY","2025-02-20T10:24:02Z","","new","Marketed by Auction House London, London","","51.206203","-1.497204","https://media.rightmove.co.uk:443/dir/crop/10:9-16:9/286k/285620/158488784/285620_281869_IMG_00_0000_max_476x317.jpeg; https://media.rightmove.co.uk:443/dir/crop/10:9-16:9/286k/285620/158488784/285620_281869_IMG_01_0000_max_476x317.jpeg; https://media.rightmove.co.uk:443/dir/crop/10:9-16:9/286k/285620/158488784/285620_281869_IMG_02_0000_max_476x317.jpeg; https://media.rightmove.co.uk:443/dir/crop/10:9-16:9/286k/285620/158488784/285620_281869_IMG_03_0000_max_476x317.jpeg"
"151170377","Hampshire","Office","6-8 Little Farm Park Road, Segensworth West, Fareham, Hampshire, PO15 5TD","£550,000","Offers in Region of","","","2,755 sq. ft.","2755","2755","256","256","The property comprises offices over ground and first floors with two sets of staircases providing access up to the top floor. The offices benefit from kitchen and toilet facilities in addition to suspended ceilings, LED lighting, gas central heating, comfort cooling and floor boxes. There is ...","https://www.rightmove.co.uk/properties/151170377#/?channel=COM_BUY","2024-08-09T15:43:18Z","","price_reduced","Marketed by Eddisons Commercial Limited, Eddisons Fareham","","50.869392","-1.256062","https://media.rightmove.co.uk:443/dir/crop/10:9-16:9/266k/265493/151170377/265493_3015949FH_IMG_02_0000_max_476x317.jpeg; https://media.rightmove.co.uk:443/dir/crop/10:9-16:9/266k/265493/151170377/265493_3015949FH_IMG_01_0000_max_476x317.jpeg; https://media.rightmove.co.uk:443/dir/crop/10:9-16:9/266k/265493/151170377/265493_3015949FH_IMG_03_0000_max_476x317.jpeg; https://media.rightmove.co.uk:443/dir/crop/10:9-16:9/266k/265493/151170377/265493_3015949FH_IMG_04_0000_max_476x317.jpeg; https://media.rightmove.co.uk:443/dir/crop/10:9-16:9/266k/265493/151170377/265493_3015949FH_IMG_00_0000_max_476x317.jpeg"
"157163894","Hampshire","Shop","12 Normandy Street, Alton, Hampshire, GU34 1BX","£440,000","Offers in Region of","","","1,586 sq. ft.","1586","1586","147","147","The property comprises ground floor retail accommodation split into two separate demises, with internal stairs leading to a maisonette above. The retail accommodation provides useful ancillary accommodation to the rear. There is a garden to the rear of the property incorporating a rear store....","https://www.rightmove.co.uk/properties/157163894#/?channel=COM_BUY","2025-01-21T15:36:10Z","","size_change","Marketed by Eddisons Commercial Limited, Eddisons Fareham","","51.150669","-0.973146","https://media.rightmove.co.uk:443/dir/crop/10:9-16:9/266k/265493/157163894/265493_3020709FH_IMG_24_0000_max_476x317.jpeg; https://media.rightmove.co.uk:443/dir/crop/10:9-16:9/266k/265493/157163894/265493_3020709FH_IMG_11_0000_max_476x317.jpeg; https://media.rightmove.co.uk:443/dir/crop/10:9-16:9/266k/265493/157163894/265493_3020709FH_IMG_13_0000_max_476x317.jpeg; https://media.rightmove.co.uk:443/dir/crop/10:9-16:9/266k/265493/157163894/265493_3020709FH_IMG_14_0000_max_476x317.jpeg; https://media.rightmove.co.uk:443/dir/crop/10:9-16:9/266k/265493/157163894/265493_3020709FH_IMG_15_0000_max_476x317.jpeg; https://media.rightmove.co.uk:443/dir/crop/10:9-16:9/266k/265493/157163894/265493_3020709FH_IMG_16_0000_max_476x317.jpeg; https://media.rightmove.co.uk:443/dir/crop/10:9-16:9/266k/265493/157163894/265493_3020709FH_IMG_17_0000_max_476x317.jpeg; https://media.rightmove.co.uk:443/dir/crop/10:9-16:9/266k/265493/157163894/265493_3020709FH_IMG_18_0000_max_476x317.jpeg; https://media.rightmove.co.uk:443/dir/crop/10:9-16:9/266k/265493/157163894/265493_3020709FH_IMG_19_0000_max_476x317.jpeg; https://media.rightmove.co.uk:443/dir/crop/10:9-16:9/266k/265493/157163894/265493_3020709FH_IMG_20_0000_max_476x317.jpeg; https://media.rightmove.co.uk:443/dir/crop/10:9-16:9/266k/265493/157163894/265493_3020709FH_IMG_21_0000_max_476x317.jpeg; https://media.rightmove.co.uk:443/dir/crop/10:9-16:9/266k/265493/157163894/265493_3020709FH_IMG_22_0000_max_476x317.jpeg; https://media.rightmove.co.uk:443/dir/crop/10:9-16:9/266k/265493/157163894/265493_3020709FH_IMG_23_0000_max_476x317.jpeg"
"158206118","Hampshire","Office","Guilbert House, Greenwich Way, Andover, SP104JZ","£4,000,000","Offers in Excess of","","","5,456–34,378 sq. ft.","5456","34378","507","3194","Offices with 200 parking spaces on a 2.2 acre (0.89 Ha) site","https://www.rightmove.co.uk/properties/158206118#/?channel=COM_BUY","2025-02-13T11:16:57Z","","new","Marketed by Curchod & Co LLP, Basingstoke","","51.220044","-1.478231","https://media.rightmove.co.uk:443/dir/crop/10:9-16:9/286k/285836/158206118/285836_120787-1_IMG_00_0000_max_476x317.jpeg; https://media.rightmove.co.uk:443/dir/crop/10:9-16:9/286k/285836/158206118/285836_120787-1_IMG_01_0000_max_476x317.jpeg; https://media.rightmove.co.uk:443/dir/crop/10:9-16:9/286k/285836/158206118/285836_120787-1_IMG_02_0000_max_476x317.jpeg"
"158205785","Hampshire","Warehouse","Station Approach, Station Road, Whitchurch, RG28 7ER","POA","","","","3,828 sq. ft.","3828","3828","356","356","Newly converted light industrial unit, prominently located next to Whitchurch Railway Station","https://www.rightmove.co.uk/properties/158205785#/?channel=COM_BUY","2025-02-13T11:12:34Z","","new","Marketed by Curchod & Co LLP, Basingstoke","","51.236711","-1.33807","https://media.rightmove.co.uk:443/dir/crop/10:9-16:9/286k/285836/158205785/285836_72709-1_IMG_08_0000_max_476x317.jpeg; https://media.rightmove.co.uk:443/dir/crop/10:9-16:9/286k/285836/158205785/285836_72709-1_IMG_03_0000_max_476x317.jpeg; https://media.rightmove.co.uk:443/dir/crop/10:9-16:9/286k/285836/158205785/285836_72709-1_IMG_07_0000_max_476x317.jpeg; https://media.rightmove.co.uk:443/dir/crop/10:9-16:9/286k/285836/158205785/285836_72709-1_IMG_04_0000_max_476x317.jpeg; https://media.rightmove.co.uk:443/dir/crop/10:9-16:9/286k/285836/158205785/285836_72709-1_IMG_05_0000_max_476x317.jpeg; https://media.rightmove.co.uk:443/dir/crop/10:9-16:9/286k/285836/158205785/285836_72709-1_IMG_01_0000_max_476x317.jpeg"
"158199812","Hampshire","Office","Business Hub, Harts Lane, Burghclere, RG20 9JZ","POA","","","","808–1,616 sq. ft.","808","1616","75","150","Business Hub / Office","https://www.rightmove.co.uk/properties/158199812#/?channel=COM_BUY","2025-02-13T09:49:23Z","","new","Marketed by Curchod & Co LLP, Basingstoke","","51.343544","-1.338041","https://media.rightmove.co.uk:443/dir/crop/10:9-16:9/286k/285836/158199812/285836_191676-1_IMG_00_0000_max_476x317.jpeg; https://media.rightmove.co.uk:443/dir/crop/10:9-16:9/286k/285836/158199812/285836_191676-1_IMG_01_0000_max_476x317.jpeg; https://media.rightmove.co.uk:443/dir/crop/10:9-16:9/286k/285836/158199812/285836_191676-1_IMG_02_0000_max_476x317.jpeg; https://media.rightmove.co.uk:443/dir/crop/10:9-16:9/286k/285836/158199812/285836_191676-1_IMG_03_0000_max_476x317.jpeg; https://media.rightmove.co.uk:443/dir/crop/10:9-16:9/286k/285836/158199812/285836_191676-1_IMG_04_0000_max_476x317.jpeg"
"723053745789360","Hampshire","Shop","Westcliffe Buildings, 55 Seaward Avenue, Barton on Sea, New Milton, BH25 7HN","£1,500,000","Offers in Region of","","","6,314 sq. ft.","6314","6314","587","587","Attractive Co-op Investment Opportunity Located In Barton on Sea","https://www.rightmove.co.uk/properties/723053745789360#/?channel=COM_BUY","2025-12-04T14:20:11Z","","price_reduced","Marketed by Savills, Southampton - Licensed Leisure","","50.739467","-1.671825","https://media.rightmove.co.uk:443/dir/crop/10:9-16:9/226k/225509/723053745789360/225509_231179-1_IMG_00_0000_max_476x317.jpeg; https://media.rightmove.co.uk:443/dir/crop/10:9-16:9/226k/225509/723053745789360/225509_231179-1_IMG_01_0000_max_476x317.png; https://media.rightmove.co.uk:443/dir/crop/10:9-16:9/226k/225509/723053745789360/225509_231179-1_IMG_02_0000_max_476x317.jpeg"
"157726265","Hampshire","Warehouse","Unit 7 Hardley Industrial Estate, Hardley, Southampton, SO45 3NQ","£500,000","","","","11,530 sq. ft.","11530","11530","1071","1071","Long Leasehold Industrial Warehouse Unit - For Sale","https://www.rightmove.co.uk/properties/157726265#/?channel=COM_BUY","2025-02-03T18:25:01Z","","new","Marketed by Vail Williams, Southampton","","50.841577","-1.394216","https://media.rightmove.co.uk:443/dir/crop/10:9-16:9/102k/101996/157726265/101996_278035-1_IMG_00_0000_max_476x317.jpeg; https://media.rightmove.co.uk:443/dir/crop/10:9-16:9/102k/101996/157726265/101996_278035-1_IMG_01_0000_max_476x317.jpeg; https://media.rightmove.co.uk:443/dir/crop/10:9-16:9/102k/101996/157726265/101996_278035-1_IMG_02_0000_max_476x317.jpeg; https://media.rightmove.co.uk:443/dir/crop/10:9-16:9/102k/101996/157726265/101996_278035-1_IMG_03_0000_max_476x317.jpeg; https://media.rightmove.co.uk:443/dir/crop/10:9-16:9/102k/101996/157726265/101996_278035-1_IMG_04_0000_max_476x317.jpeg; https://media.rightmove.co.uk:443/dir/crop/10:9-16:9/102k/101996/157726265/101996_278035-1_IMG_05_0000_max_476x317.jpeg; https://media.rightmove.co.uk:443/dir/crop/10:9-16:9/102k/101996/157726265/101996_278035-1_IMG_06_0000_max_476x317.jpeg; https://media.rightmove.co.uk:443/dir/crop/10:9-16:9/102k/101996/157726265/101996_278035-1_IMG_07_0000_max_476x317.jpeg; https://media.rightmove.co.uk:443/dir/crop/10:9-16:9/102k/101996/157726265/101996_278035-1_IMG_08_0000_max_476x317.jpeg; https://media.rightmove.co.uk:443/dir/crop/10:9-16:9/102k/101996/157726265/101996_278035-1_IMG_09_0000_max_476x317.jpeg; https://media.rightmove.co.uk:443/dir/crop/10:9-16:9/102k/101996/157726265/101996_278035-1_IMG_10_0000_max_476x317.jpeg; https://media.rightmove.co.uk:443/dir/crop/10:9-16:9/102k/101996/157726265/101996_278035-1_IMG_11_0000_max_476x317.jpeg; https://media.rightmove.co.uk:443/dir/crop/10:9-16:9/102k/101996/157726265/101996_278035-1_IMG_12_0000_max_476x317.jpeg; https://media.rightmove.co.uk:443/dir/crop/10:9-16:9/102k/101996/157726265/101996_278035-1_IMG_13_0000_max_476x317.jpeg; https://media.rightmove.co.uk:443/dir/crop/10:9-16:9/102k/101996/157726265/101996_278035-1_IMG_14_0000_max_476x317.jpeg; https://media.rightmove.co.uk:443/dir/crop/10:9-16:9/102k/101996/157726265/101996_278035-1_IMG_15_0000_max_476x317.jpeg; https://media.rightmove.co.uk:443/dir/crop/10:9-16:9/102k/101996/157726265/101996_278035-1_IMG_16_0000_max_476x317.jpeg; https://media.rightmove.co.uk:443/dir/crop/10:9-16:9/102k/101996/157726265/101996_278035-1_IMG_17_0000_max_476x317.jpeg; https://media.rightmove.co.uk:443/dir/crop/10:9-16:9/102k/101996/157726265/101996_278035-1_IMG_18_0000_max_476x317.jpeg"
"157726220","Hampshire","Warehouse","Unit 6 Hardley Industrial Estate, Hardley, Southampton, SO45 3NQ","£410,000","","","","10,123 sq. ft.","10123","10123","940","940","Long Leasehold Industrial Warehouse Unit - For Sale","https://www.rightmove.co.uk/properties/157726220#/?channel=COM_BUY","2025-02-03T18:22:04Z","","new","Marketed by Vail Williams, Southampton","","50.841577","-1.394216","https://media.rightmove.co.uk:443/dir/crop/10:9-16:9/102k/101996/157726220/101996_278218-1_IMG_00_0000_max_476x317.jpeg; https://media.rightmove.co.uk:443/dir/crop/10:9-16:9/102k/101996/157726220/101996_278218-1_IMG_01_0000_max_476x317.jpeg; https://media.rightmove.co.uk:443/dir/crop/10:9-16:9/102k/101996/157726220/101996_278218-1_IMG_02_0000_max_476x317.jpeg; https://media.rightmove.co.uk:443/dir/crop/10:9-16:9/102k/101996/157726220/101996_278218-1_IMG_03_0000_max_476x317.jpeg; https://media.rightmove.co.uk:443/dir/crop/10:9-16:9/102k/101996/157726220/101996_278218-1_IMG_04_0000_max_476x317.jpeg; https://media.rightmove.co.uk:443/dir/crop/10:9-16:9/102k/101996/157726220/101996_278218-1_IMG_05_0000_max_476x317.jpeg; https://media.rightmove.co.uk:443/dir/crop/10:9-16:9/102k/101996/157726220/101996_278218-1_IMG_06_0000_max_476x317.jpeg; https://media.rightmove.co.uk:443/dir/crop/10:9-16:9/102k/101996/157726220/101996_278218-1_IMG_07_0000_max_476x317.jpeg; https://media.rightmove.co.uk:443/dir/crop/10:9-16:9/102k/101996/157726220/101996_278218-1_IMG_08_0000_max_476x317.jpeg; https://media.rightmove.co.uk:443/dir/crop/10:9-16:9/102k/101996/157726220/101996_278218-1_IMG_09_0000_max_476x317.jpeg; https://media.rightmove.co.uk:443/dir/crop/10:9-16:9/102k/101996/157726220/101996_278218-1_IMG_10_0000_max_476x317.jpeg; https://media.rightmove.co.uk:443/dir/crop/10:9-16:9/102k/101996/157726220/101996_278218-1_IMG_11_0000_max_476x317.jpeg; https://media.rightmove.co.uk:443/dir/crop/10:9-16:9/102k/101996/157726220/101996_278218-1_IMG_12_0000_max_476x317.jpeg; https://media.rightmove.co.uk:443/dir/crop/10:9-16:9/102k/101996/157726220/101996_278218-1_IMG_13_0000_max_476x317.jpeg; https://media.rightmove.co.uk:443/dir/crop/10:9-16:9/102k/101996/157726220/101996_278218-1_IMG_14_0000_max_476x317.jpeg; https://media.rightmove.co.uk:443/dir/crop/10:9-16:9/102k/101996/157726220/101996_278218-1_IMG_15_0000_max_476x317.jpeg; https://media.rightmove.co.uk:443/dir/crop/10:9-16:9/102k/101996/157726220/101996_278218-1_IMG_16_0000_max_476x317.jpeg; https://media.rightmove.co.uk:443/dir/crop/10:9-16:9/102k/101996/157726220/101996_278218-1_IMG_17_0000_max_476x317.jpeg; https://media.rightmove.co.uk:443/dir/crop/10:9-16:9/102k/101996/157726220/101996_278218-1_IMG_18_0000_max_476x317.jpeg; https://media.rightmove.co.uk:443/dir/crop/10:9-16:9/102k/101996/157726220/101996_278218-1_IMG_19_0000_max_476x317.jpeg; https://media.rightmove.co.uk:443/dir/crop/10:9-16:9/102k/101996/157726220/101996_278218-1_IMG_20_0000_max_476x317.jpeg; https://media.rightmove.co.uk:443/dir/crop/10:9-16:9/102k/101996/157726220/101996_278218-1_IMG_21_0000_max_476x317.jpeg; https://media.rightmove.co.uk:443/dir/crop/10:9-16:9/102k/101996/157726220/101996_278218-1_IMG_22_0000_max_476x317.jpeg; https://media.rightmove.co.uk:443/dir/crop/10:9-16:9/102k/101996/157726220/101996_278218-1_IMG_23_0000_max_476x317.jpeg; https://media.rightmove.co.uk:443/dir/crop/10:9-16:9/102k/101996/157726220/101996_278218-1_IMG_24_0000_max_476x317.jpeg; https://media.rightmove.co.uk:443/dir/crop/10:9-16:9/102k/101996/157726220/101996_278218-1_IMG_25_0000_max_476x317.jpeg"
"147496310","Hampshire","Plot","Garfield Road, Bishops Waltham, Hampshire SO32","£1,150,000","Guide Price","","","","","","","","**CASH BUYERS ONLY** A parcel of industrial land for commercial development or potentially change of use to residential STPP. The brownfield area amounts to approximately 1.65 acres with former use a metal recycling centre. Reports available. ","https://www.rightmove.co.uk/properties/147496310#/?channel=COM_BUY","2024-05-01T14:48:00Z","","price_reduced","Marketed by Bournes Estate Agents Ltd, Andover","","50.95798","-1.21232","https://media.rightmove.co.uk:443/dir/crop/10:9-16:9/58k/57793/147496310/57793_GR2024_IMG_05_0000_max_476x317.jpeg; https://media.rightmove.co.uk:443/dir/crop/10:9-16:9/58k/57793/147496310/57793_GR2024_IMG_01_0000_max_476x317.jpeg; https://media.rightmove.co.uk:443/dir/crop/10:9-16:9/58k/57793/147496310/57793_GR2024_IMG_02_0000_max_476x317.jpeg; https://media.rightmove.co.uk:443/dir/crop/10:9-16:9/58k/57793/147496310/57793_GR2024_IMG_03_0000_max_476x317.jpeg; https://media.rightmove.co.uk:443/dir/crop/10:9-16:9/58k/57793/147496310/57793_GR2024_IMG_04_0000_max_476x317.jpeg"
"153853724","Hampshire","Land","Plot 1 Martinique Farm, East Martin Road, Fordingbridge","£330,000","","","","","","","","","A rare opportunity to acquire a redundant agricultural building with separate planning permissions to replace or convert into a 3-bedroom barn-style residence set in a scenic rural location. VIEWINGS BY APPOINTMENT ONLY. (PLOT 1 ) ","https://www.rightmove.co.uk/properties/153853724#/?channel=COM_BUY","2024-10-16T15:06:49Z","","price_reduced","Marketed by Kings Estates, Guildford","","50.98324","-1.90051","https://media.rightmove.co.uk:443/dir/crop/10:9-16:9/230k/229754/153853724/229754_103592000932_IMG_00_0000_max_476x317.jpeg; https://media.rightmove.co.uk:443/dir/crop/10:9-16:9/230k/229754/153853724/229754_103592000932_IMG_01_0000_max_476x317.jpeg; https://media.rightmove.co.uk:443/dir/crop/10:9-16:9/230k/229754/153853724/229754_103592000932_IMG_02_0000_max_476x317.jpeg; https://media.rightmove.co.uk:443/dir/crop/10:9-16:9/230k/229754/153853724/229754_103592000932_IMG_03_0000_max_476x317.jpeg; https://media.rightmove.co.uk:443/dir/crop/10:9-16:9/230k/229754/153853724/229754_103592000932_IMG_04_0000_max_476x317.jpeg; https://media.rightmove.co.uk:443/dir/crop/10:9-16:9/230k/229754/153853724/229754_103592000932_IMG_05_0000_max_476x317.jpeg; https://media.rightmove.co.uk:443/dir/crop/10:9-16:9/230k/229754/153853724/229754_103592000932_IMG_06_0000_max_476x317.jpeg"
"157596842","Hampshire","Warehouse","Buckmore Park South, Winchester Road, Petersfield, GU32 3BS","POA","","","","12,303 sq. ft.","12303","12303","1143","1143","DETACHED INDUSTRIAL/ WAREHOUSE UNIT (TO BE CONSTRUCTED) - TO LET","https://www.rightmove.co.uk/properties/157596842#/?channel=COM_BUY","2025-01-31T02:41:56Z","","new","Marketed by Vail Williams, Portsmouth","","51.009078","-0.948825","https://media.rightmove.co.uk:443/dir/crop/10:9-16:9/86k/85879/157596842/85879_228840-1_IMG_00_0000_max_476x317.jpeg; https://media.rightmove.co.uk:443/dir/crop/10:9-16:9/86k/85879/157596842/85879_228840-1_IMG_01_0000_max_476x317.jpeg; https://media.rightmove.co.uk:443/dir/crop/10:9-16:9/86k/85879/157596842/85879_228840-1_IMG_02_0000_max_476x317.jpeg; https://media.rightmove.co.uk:443/dir/crop/10:9-16:9/86k/85879/157596842/85879_228840-1_IMG_03_0000_max_476x317.jpeg"
"157595441","Hampshire","Office","62-68 Kingston Crescent, Portsmouth, PO2 8AQ","£1,500,000","","","","3,602–10,979 sq. ft.","3602","10979","335","1020","SELF-CONTAINED 3-STOREY OFFICE BUILDING - TO LET","https://www.rightmove.co.uk/properties/157595441#/?channel=COM_BUY","2025-01-31T01:20:24Z","","new","Marketed by Vail Williams, Portsmouth","","50.813191","-1.083013","https://media.rightmove.co.uk:443/dir/crop/10:9-16:9/property-photo/141bd8a29/157595441/141bd8a29af346f35169be9bfa37b1d4_max_476x317.jpeg; https://media.rightmove.co.uk:443/dir/crop/10:9-16:9/property-photo/c4c7b4750/157595441/c4c7b47503fca6b7025ee6ed2669d460_max_476x317.jpeg; https://media.rightmove.co.uk:443/dir/crop/10:9-16:9/property-photo/e8092737d/157595441/e8092737dad776835645014efd56b634_max_476x317.jpeg; https://media.rightmove.co.uk:443/dir/crop/10:9-16:9/property-photo/65c9ec7c5/157595441/65c9ec7c56947657391fee7f7871205e_max_476x317.jpeg; https://media.rightmove.co.uk:443/dir/crop/10:9-16:9/property-photo/a11beb670/157595441/a11beb670e6ee1f187059533e1e442bc_max_476x317.jpeg; https://media.rightmove.co.uk:443/dir/crop/10:9-16:9/property-photo/8d04c3e5a/157595441/8d04c3e5a2cb025acd7ba51dc94320a8_max_476x317.jpeg; https://media.rightmove.co.uk:443/dir/crop/10:9-16:9/property-photo/9764ae577/157595441/9764ae577d3c7772e5c0346dac73a342_max_476x317.jpeg; https://media.rightmove.co.uk:443/dir/crop/10:9-16:9/property-photo/1deafc7b5/157595441/1deafc7b5b7875efe366d846d15ff5ec_max_476x317.jpeg; https://media.rightmove.co.uk:443/dir/crop/10:9-16:9/property-photo/9b7eea407/157595441/9b7eea4073e4cc118dacaeef0015523d_max_476x317.jpeg; https://media.rightmove.co.uk:443/dir/crop/10:9-16:9/property-photo/eb2651e04/157595441/eb2651e04dd35bca76b37d72309d142e_max_476x317.jpeg; https://media.rightmove.co.uk:443/dir/crop/10:9-16:9/property-photo/81f68a3f2/157595441/81f68a3f226b54f2445a28e78fb72ceb_max_476x317.jpeg"
"157595135","Hampshire","Distribution Warehouse","Unit 5 Winchester Hill Business Park, Winchester Hill, Romsey, SO51 7UT","£468,300","","","","1,873 sq. ft.","1873","1873","174","174","New build light industrial unit for sale or lease","https://www.rightmove.co.uk/properties/157595135#/?channel=COM_BUY","2025-01-31T01:16:38Z","","new","Marketed by Hellier Langston Commercial Agents, Southampton","","50.993183","-1.482706","https://media.rightmove.co.uk:443/dir/crop/10:9-16:9/property-photo/9ba4b3a19/157595135/9ba4b3a19495d9b1bc529752d330aa0b_max_476x317.jpeg; https://media.rightmove.co.uk:443/dir/crop/10:9-16:9/property-photo/805221e67/157595135/805221e6781665274e1718ca5ebb62c7_max_476x317.jpeg; https://media.rightmove.co.uk:443/dir/crop/10:9-16:9/property-photo/00dfeb75e/157595135/00dfeb75e0de68f72e6be32e92ff4b84_max_476x317.jpeg; https://media.rightmove.co.uk:443/dir/crop/10:9-16:9/property-photo/f79a0a782/157595135/f79a0a782fdec19f48fe9ceb9a51594f_max_476x317.jpeg; https://media.rightmove.co.uk:443/dir/crop/10:9-16:9/property-photo/9a73a8749/157595135/9a73a8749077f4fc67df277a04d11cbd_max_476x317.jpeg; https://media.rightmove.co.uk:443/dir/crop/10:9-16:9/property-photo/b34074e9d/157595135/b34074e9db404518ce6a4081a018fce7_max_476x317.jpeg; https://media.rightmove.co.uk:443/dir/crop/10:9-16:9/property-photo/29e94e137/157595135/29e94e137c86f81ffcd8e8e631d3d1aa_max_476x317.jpeg; https://media.rightmove.co.uk:443/dir/crop/10:9-16:9/property-photo/1f7d121ee/157595135/1f7d121ee7432af8f90d0336a5d925ce_max_476x317.jpeg; https://media.rightmove.co.uk:443/dir/crop/10:9-16:9/property-photo/a5a0f9789/157595135/a5a0f97892d5e3309cbee94b6f8319df_max_476x317.jpeg; https://media.rightmove.co.uk:443/dir/crop/10:9-16:9/property-photo/7074403ab/157595135/7074403abfd95e005947f14c0fb72663_max_476x317.jpeg"
"153852167","Hampshire","Land","Plot 3 Martinique Farm, East Martin Road, Fordingbridge ","£345,000","","","","","","","","","A rare opportunity to acquire a redundant agricultural building with separate planning permissions to replace or convert into a 3-bedroom barn-style residence set in a scenic rural location. VIEWINGS BY APPOINTMENT ONLY. (PLOT 3 ) ","https://www.rightmove.co.uk/properties/153852167#/?channel=COM_BUY","2024-10-16T14:46:28Z","","price_reduced","Marketed by Kings Estates, Guildford","","50.98324","-1.90051","https://media.rightmove.co.uk:443/dir/crop/10:9-16:9/230k/229754/153852167/229754_103592000835_IMG_00_0000_max_476x317.jpeg; https://media.rightmove.co.uk:443/dir/crop/10:9-16:9/230k/229754/153852167/229754_103592000835_IMG_01_0000_max_476x317.jpeg; https://media.rightmove.co.uk:443/dir/crop/10:9-16:9/230k/229754/153852167/229754_103592000835_IMG_02_0000_max_476x317.jpeg; https://media.rightmove.co.uk:443/dir/crop/10:9-16:9/230k/229754/153852167/229754_103592000835_IMG_03_0000_max_476x317.jpeg; https://media.rightmove.co.uk:443/dir/crop/10:9-16:9/230k/229754/153852167/229754_103592000835_IMG_04_0000_max_476x317.jpeg; https://media.rightmove.co.uk:443/dir/crop/10:9-16:9/230k/229754/153852167/229754_103592000835_IMG_05_0000_max_476x317.jpeg"
"153852158","Hampshire","Land","Plot 2 Martinique Farm, East Martin Road, Fordingbridge,","£300,000","","","","","","","","","A rare opportunity to acquire a redundant agricultural building with separate planning permissions to replace or convert into a 3-bedroom barn-style residence set in a scenic rural location. VIEWINGS BY APPOINTMENT ONLY. ( PLOT 2 ) ","https://www.rightmove.co.uk/properties/153852158#/?channel=COM_BUY","2024-10-16T14:46:21Z","","price_reduced","Marketed by Kings Estates, Guildford","","50.98324","-1.90051","https://media.rightmove.co.uk:443/dir/crop/10:9-16:9/230k/229754/153852158/229754_103592000930_IMG_00_0000_max_476x317.jpeg; https://media.rightmove.co.uk:443/dir/crop/10:9-16:9/230k/229754/153852158/229754_103592000930_IMG_01_0000_max_476x317.jpeg; https://media.rightmove.co.uk:443/dir/crop/10:9-16:9/230k/229754/153852158/229754_103592000930_IMG_02_0000_max_476x317.jpeg; https://media.rightmove.co.uk:443/dir/crop/10:9-16:9/230k/229754/153852158/229754_103592000930_IMG_03_0000_max_476x317.jpeg; https://media.rightmove.co.uk:443/dir/crop/10:9-16:9/230k/229754/153852158/229754_103592000930_IMG_04_0000_max_476x317.jpeg; https://media.rightmove.co.uk:443/dir/crop/10:9-16:9/230k/229754/153852158/229754_103592000930_IMG_05_0000_max_476x317.jpeg; https://media.rightmove.co.uk:443/dir/crop/10:9-16:9/230k/229754/153852158/229754_103592000930_IMG_06_0000_max_476x317.jpeg; https://media.rightmove.co.uk:443/dir/crop/10:9-16:9/230k/229754/153852158/229754_103592000930_IMG_07_0000_max_476x317.jpeg"
"143471363","Hampshire","Shop","High Street, Andover, SP10","£249,950","Guide Price","1","","","","","","","*** Commercial to Residential Investment Opportunity with Planning *** Prime, two-storey grade 2 listed premises with ground floor retail and first floor offices, presently both let to separate businesses. Planning permission potential to convert the upper floor into a self-contained 1 bedroom...","https://www.rightmove.co.uk/properties/143471363#/?channel=COM_BUY","2024-01-08T15:07:17Z","","price_reduced","Marketed by Belvoir, Andover","","51.2089","-1.47873","https://media.rightmove.co.uk:443/dir/crop/10:9-16:9/56k/55956/143471363/55956_P2091_IMG_00_0002_max_476x317.jpeg; https://media.rightmove.co.uk:443/dir/crop/10:9-16:9/56k/55956/143471363/55956_P2091_IMG_01_0002_max_476x317.jpeg; https://media.rightmove.co.uk:443/dir/crop/10:9-16:9/56k/55956/143471363/55956_P2091_IMG_02_0002_max_476x317.jpeg; https://media.rightmove.co.uk:443/dir/crop/10:9-16:9/56k/55956/143471363/55956_P2091_IMG_03_0002_max_476x317.jpeg; https://media.rightmove.co.uk:443/dir/crop/10:9-16:9/56k/55956/143471363/55956_P2091_IMG_04_0002_max_476x317.jpeg; https://media.rightmove.co.uk:443/dir/crop/10:9-16:9/56k/55956/143471363/55956_P2091_IMG_05_0005_max_476x317.jpeg; https://media.rightmove.co.uk:443/dir/crop/10:9-16:9/56k/55956/143471363/55956_P2091_IMG_06_0005_max_476x317.jpeg"
"157210787","Hampshire","Distribution Warehouse","Precision House, Northarbour Road, Portsmouth, Hampshire, PO6 3TJ","POA","","","","19,839 sq. ft.","19839","19839","1843","1843","An end of terrace former engineering industrial/warehouse building with a canopied entrance leading to a reception area. There are offices on the ground and first floor at the front of the building leading to an open plan industrial workshop with a clear span warehouse. The warehouse area has a c...","https://www.rightmove.co.uk/properties/157210787#/?channel=COM_BUY","2025-01-22T14:22:07Z","","new","Marketed by Lambert Smith Hampton, Fareham","","50.845143","-1.083429","https://media.rightmove.co.uk:443/dir/crop/10:9-16:9/169k/168011/157210787/168011_2066374FH_IMG_10_0002_max_476x317.jpeg; https://media.rightmove.co.uk:443/dir/crop/10:9-16:9/169k/168011/157210787/168011_2066374FH_IMG_01_0000_max_476x317.jpeg; https://media.rightmove.co.uk:443/dir/crop/10:9-16:9/169k/168011/157210787/168011_2066374FH_IMG_02_0000_max_476x317.jpeg; https://media.rightmove.co.uk:443/dir/crop/10:9-16:9/169k/168011/157210787/168011_2066374FH_IMG_03_0000_max_476x317.jpeg; https://media.rightmove.co.uk:443/dir/crop/10:9-16:9/169k/168011/157210787/168011_2066374FH_IMG_04_0000_max_476x317.jpeg; https://media.rightmove.co.uk:443/dir/crop/10:9-16:9/169k/168011/157210787/168011_2066374FH_IMG_05_0000_max_476x317.jpeg; https://media.rightmove.co.uk:443/dir/crop/10:9-16:9/169k/168011/157210787/168011_2066374FH_IMG_06_0000_max_476x317.jpeg; https://media.rightmove.co.uk:443/dir/crop/10:9-16:9/169k/168011/157210787/168011_2066374FH_IMG_07_0000_max_476x317.jpeg; https://media.rightmove.co.uk:443/dir/crop/10:9-16:9/169k/168011/157210787/168011_2066374FH_IMG_08_0000_max_476x317.jpeg; https://media.rightmove.co.uk:443/dir/crop/10:9-16:9/169k/168011/157210787/168011_2066374FH_IMG_09_0001_max_476x317.jpeg"
"157201700","Hampshire","Convenience Store","Building 34, Department of Pathology, Royal Haslar","POA","","","","3,649 sq. ft.","3649","3649","339","339","An exciting opportunity to establish a convenience store within the prestigious Royal Haslar Development in Gosport. Offering 4,000 sq ft of versatile Class E space, this property is perfectly positioned to serve a thriving seafront community of over 800 residential units.","https://www.rightmove.co.uk/properties/157201700#/?channel=COM_BUY","2025-01-22T11:57:52Z","","new","Marketed by Trafalgar Property Consultancy, Gosport","","50.78708","-1.12427","https://media.rightmove.co.uk:443/dir/crop/10:9-16:9/284k/283427/157201700/283427_RMS021_IMG_00_0000_max_476x317.jpeg; https://media.rightmove.co.uk:443/dir/crop/10:9-16:9/284k/283427/157201700/283427_RMS021_IMG_01_0000_max_476x317.jpeg; https://media.rightmove.co.uk:443/dir/crop/10:9-16:9/284k/283427/157201700/283427_RMS021_IMG_02_0000_max_476x317.jpeg; https://media.rightmove.co.uk:443/dir/crop/10:9-16:9/284k/283427/157201700/283427_RMS021_IMG_03_0000_max_476x317.jpeg; https://media.rightmove.co.uk:443/dir/crop/10:9-16:9/284k/283427/157201700/283427_RMS021_IMG_04_0000_max_476x317.jpeg; https://media.rightmove.co.uk:443/dir/crop/10:9-16:9/284k/283427/157201700/283427_RMS021_IMG_05_0000_max_476x317.jpeg; https://media.rightmove.co.uk:443/dir/crop/10:9-16:9/284k/283427/157201700/283427_RMS021_IMG_06_0000_max_476x317.jpeg"
"156131819","Hampshire","Pub","The Old Gym Royal Haslar, Haslar Road Gosport","POA","","","","6,000 sq. ft.","6000","6000","557","557","An exceptional opportunity to create a thriving public house and restaurant within the historic Royal Haslar Development in Gosport. This unique Class E property, formerly the Royal Gym, offers a generous 4,000 sq ft of versatile space, ready to be transformed into a standout destination.","https://www.rightmove.co.uk/properties/156131819#/?channel=COM_BUY","2024-12-20T17:06:27Z","","size_change","Marketed by Trafalgar Property Consultancy, Gosport","","50.78708","-1.12427","https://media.rightmove.co.uk:443/dir/crop/10:9-16:9/284k/283427/156131819/283427_RM010_IMG_00_0000_max_476x317.png; https://media.rightmove.co.uk:443/dir/crop/10:9-16:9/284k/283427/156131819/283427_RM010_IMG_01_0000_max_476x317.jpeg; https://media.rightmove.co.uk:443/dir/crop/10:9-16:9/284k/283427/156131819/283427_RM010_IMG_02_0000_max_476x317.jpeg; https://media.rightmove.co.uk:443/dir/crop/10:9-16:9/284k/283427/156131819/283427_RM010_IMG_03_0000_max_476x317.jpeg; https://media.rightmove.co.uk:443/dir/crop/10:9-16:9/284k/283427/156131819/283427_RM010_IMG_04_0000_max_476x317.jpeg; https://media.rightmove.co.uk:443/dir/crop/10:9-16:9/284k/283427/156131819/283427_RM010_IMG_05_0000_max_476x317.jpeg; https://media.rightmove.co.uk:443/dir/crop/10:9-16:9/284k/283427/156131819/283427_RM010_IMG_06_0000_max_476x317.jpeg; https://media.rightmove.co.uk:443/dir/crop/10:9-16:9/284k/283427/156131819/283427_RM010_IMG_07_0000_max_476x317.jpeg; https://media.rightmove.co.uk:443/dir/crop/10:9-16:9/284k/283427/156131819/283427_RM010_IMG_08_0000_max_476x317.jpeg"
"157037750","Hampshire","Plot","Ingoldfield Lane, Newtown","£400,000","Guide Price","3","2","","","","","","A rare opportunity to acquire a plot in a highly sought after, semi-rural location.  The site extends to around 800 square metres  / 0.2 acres (subject to survey) and is awaiting consent for a detached three-bedroom house. For further information please visit Winchester Planning website quoting r...","https://www.rightmove.co.uk/properties/157037750#/?channel=COM_BUY","2025-01-17T17:13:22Z","","new","Marketed by Byrne Runciman, Wickham","","50.915706","-1.1298","https://media.rightmove.co.uk:443/dir/crop/10:9-16:9/42k/41009/157037750/41009_BRWIC_688903_IMG_00_0000_max_476x317.jpeg; https://media.rightmove.co.uk:443/dir/crop/10:9-16:9/42k/41009/157037750/41009_BRWIC_688903_IMG_01_0000_max_476x317.jpeg; https://media.rightmove.co.uk:443/dir/crop/10:9-16:9/42k/41009/157037750/41009_BRWIC_688903_IMG_02_0000_max_476x317.png; https://media.rightmove.co.uk:443/dir/crop/10:9-16:9/42k/41009/157037750/41009_BRWIC_688903_IMG_03_0000_max_476x317.jpeg; https://media.rightmove.co.uk:443/dir/crop/10:9-16:9/42k/41009/157037750/41009_BRWIC_688903_IMG_04_0000_max_476x317.png"
"143849075","Hampshire","Plot","Green Lane, Lower Swanwick","£1,850,000","","","","6,000 sq. ft.","6000","6000","557","557","Very rarely does an opportunity arise to acquire a plot located directly on the banks of the River Hamble, set in approx. 1.25 acres, with approved planning permission for a substantial dwelling circa 6000 sq ft. Enjoying a prominent position the plot also has a west-facing aspect, the architectu...","https://www.rightmove.co.uk/properties/143849075#/?channel=COM_BUY","2024-01-20T11:38:08Z","","price_reduced","Marketed by Taylor Hill & Bond, Park Gate","","50.884948","-1.296332","https://media.rightmove.co.uk:443/dir/crop/10:9-16:9/221k/220733/143849075/220733_32835831_IMG_04_0000_max_476x317.png; https://media.rightmove.co.uk:443/dir/crop/10:9-16:9/221k/220733/143849075/220733_32835831_IMG_05_0000_max_476x317.png; https://media.rightmove.co.uk:443/dir/crop/10:9-16:9/221k/220733/143849075/220733_32835831_IMG_00_0000_max_476x317.png; https://media.rightmove.co.uk:443/dir/crop/10:9-16:9/221k/220733/143849075/220733_32835831_IMG_03_0000_max_476x317.jpeg"
"153566966","Hampshire","Land","REDLANDS LANE, FAREHAM","£475,000","Guide Price","","","","","","","","A rare opportunity to purchase a piece of land situated off Redlands Lane and measuring approximately 0.42 acres. Currently used for storage, there are two large detached garages and associated parking. The land also has great potential for a variety of uses including re-development, subject to a...","https://www.rightmove.co.uk/properties/153566966#/?channel=COM_BUY","2024-10-09T16:41:23Z","","price_reduced","Marketed by Pearsons, Fareham","","50.85051","-1.194055","https://media.rightmove.co.uk:443/dir/crop/10:9-16:9/8k/7011/153566966/7011_PFHCC_685825_IMG_00_0000_max_476x317.jpeg; https://media.rightmove.co.uk:443/dir/crop/10:9-16:9/8k/7011/153566966/7011_PFHCC_685825_IMG_01_0000_max_476x317.jpeg; https://media.rightmove.co.uk:443/dir/crop/10:9-16:9/8k/7011/153566966/7011_PFHCC_685825_IMG_02_0000_max_476x317.jpeg; https://media.rightmove.co.uk:443/dir/crop/10:9-16:9/8k/7011/153566966/7011_PFHCC_685825_IMG_03_0000_max_476x317.jpeg; https://media.rightmove.co.uk:443/dir/crop/10:9-16:9/8k/7011/153566966/7011_PFHCC_685825_IMG_04_0000_max_476x317.jpeg; https://media.rightmove.co.uk:443/dir/crop/10:9-16:9/8k/7011/153566966/7011_PFHCC_685825_IMG_05_0000_max_476x317.jpeg; https://media.rightmove.co.uk:443/dir/crop/10:9-16:9/8k/7011/153566966/7011_PFHCC_685825_IMG_06_0000_max_476x317.jpeg; https://media.rightmove.co.uk:443/dir/crop/10:9-16:9/8k/7011/153566966/7011_PFHCC_685825_IMG_07_0000_max_476x317.jpeg; https://media.rightmove.co.uk:443/dir/crop/10:9-16:9/8k/7011/153566966/7011_PFHCC_685825_IMG_08_0000_max_476x317.jpeg; https://media.rightmove.co.uk:443/dir/crop/10:9-16:9/8k/7011/153566966/7011_PFHCC_685825_IMG_09_0000_max_476x317.jpeg; https://media.rightmove.co.uk:443/dir/crop/10:9-16:9/8k/7011/153566966/7011_PFHCC_685825_IMG_10_0000_max_476x317.jpeg; https://media.rightmove.co.uk:443/dir/crop/10:9-16:9/8k/7011/153566966/7011_PFHCC_685825_IMG_11_0000_max_476x317.jpeg; https://media.rightmove.co.uk:443/dir/crop/10:9-16:9/8k/7011/153566966/7011_PFHCC_685825_IMG_12_0000_max_476x317.jpeg; https://media.rightmove.co.uk:443/dir/crop/10:9-16:9/8k/7011/153566966/7011_PFHCC_685825_IMG_13_0000_max_476x317.jpeg; https://media.rightmove.co.uk:443/dir/crop/10:9-16:9/8k/7011/153566966/7011_PFHCC_685825_IMG_14_0000_max_476x317.jpeg"
"156596378","Hampshire","Office","Unit 11 Mill Court, The Sawmills, Durley, Southampton, SO32 2EJ","£350,000","","","","1,651 sq. ft.","1651","1651","153","153","Modern self-contained barn style offices","https://www.rightmove.co.uk/properties/156596378#/?channel=COM_BUY","2025-01-07T17:29:58Z","","new","Marketed by Hellier Langston Commercial Agents, Fareham","","50.94198","-1.261594","https://media.rightmove.co.uk:443/dir/crop/10:9-16:9/property-photo/d5bf856d1/156596378/d5bf856d13bebb1263113cf497f65f48_max_476x317.jpeg; https://media.rightmove.co.uk:443/dir/crop/10:9-16:9/property-photo/f7fd43f90/156596378/f7fd43f90c2c421f685977c562484575_max_476x317.jpeg"
"152272955","Hampshire","Land","Abbotts Way, Southampton","£795,000","","","","","","","","","A truly unique opportunity to acquire the only vacant plot with planning consent for a six bedroom property in arguably what is regarded as one of Southampton's most requested locations.","https://www.rightmove.co.uk/properties/152272955#/?channel=COM_BUY","2024-09-10T17:32:50Z","","price_reduced","Marketed by Fox & Sons, Southampton","","50.92703","-1.39339","https://media.rightmove.co.uk:443/dir/crop/10:9-16:9/3k/2083/152272955/2083_SOU116477_IMG_00_0000_max_476x317.jpeg; https://media.rightmove.co.uk:443/dir/crop/10:9-16:9/3k/2083/152272955/2083_SOU116477_IMG_01_0001_max_476x317.jpeg; https://media.rightmove.co.uk:443/dir/crop/10:9-16:9/3k/2083/152272955/2083_SOU116477_IMG_02_0000_max_476x317.jpeg; https://media.rightmove.co.uk:443/dir/crop/10:9-16:9/3k/2083/152272955/2083_SOU116477_IMG_03_0000_max_476x317.jpeg"
"156132314","Hampshire","Commercial Property","Former Medical Storage Units Royal Haslar, Haslar Road Gosport","POA","","","","800–18,000 sq. ft.","800","18000","74","1672","Discover a range of exceptional single-storey commercial units within the prestigious Royal Haslar Development in Gosport. Offering spaces from 800 sq ft to 18,000 sq ft, these units provide flexible solutions tailored to meet the needs of office, light industrial, or storage operations.","https://www.rightmove.co.uk/properties/156132314#/?channel=COM_BUY","2024-12-20T17:16:57Z","","new","Marketed by Trafalgar Property Consultancy, Gosport","","50.78708","-1.12427","https://media.rightmove.co.uk:443/dir/crop/10:9-16:9/284k/283427/156132314/283427_RM011_IMG_00_0000_max_476x317.jpeg; https://media.rightmove.co.uk:443/dir/crop/10:9-16:9/284k/283427/156132314/283427_RM011_IMG_01_0000_max_476x317.jpeg"
"156017606","Hampshire","Pub","The Red Lion, 55 High Street, Southampton, Hampshire SO14 2NS","£695,000","","6","","","","","","","Freehold Investment Property with Rental Income £50,000 p.a; 25 year FRI lease from December 2022; Prime position on busy High Street; Historic site of Henry V trial before Agincourt in 1415; Character bar, restaurant & refurbished kitchen; 6 bedroom self-contained accommodation plus garage..","https://www.rightmove.co.uk/properties/156017606#/?channel=COM_BUY","2024-12-17T13:05:46Z","","new","Marketed by Sprosen Ltd, Weston-Super-Mare","","50.89885","-1.40357","https://media.rightmove.co.uk:443/dir/crop/10:9-16:9/236k/235445/156017606/235445_672_IMG_00_0000_max_476x317.jpeg; https://media.rightmove.co.uk:443/dir/crop/10:9-16:9/236k/235445/156017606/235445_672_IMG_04_0000_max_476x317.jpeg; https://media.rightmove.co.uk:443/dir/crop/10:9-16:9/236k/235445/156017606/235445_672_IMG_02_0000_max_476x317.jpeg; https://media.rightmove.co.uk:443/dir/crop/10:9-16:9/236k/235445/156017606/235445_672_IMG_03_0000_max_476x317.jpeg"
"155660519","Hampshire","Hotel","No Man's Fort  Solent UK South Coast PORTSMOUTH Hampshire PO1 3FH  United K","POA","","23","","","","","","","For Sale | No Man's Fort | The Solent, UK South Coast","https://www.rightmove.co.uk/properties/155660519#/?channel=COM_BUY","2024-12-04T13:30:19Z","","new","Marketed by Colliers International, Hotels","","50.794449","-1.106088","https://media.rightmove.co.uk:443/dir/crop/10:9-16:9/126k/125635/155660519/125635_a038e000002Pda0AAC_IMG_06_0000_max_476x317.jpeg; https://media.rightmove.co.uk:443/dir/crop/10:9-16:9/126k/125635/155660519/125635_a038e000002Pda0AAC_IMG_07_0000_max_476x317.jpeg; https://media.rightmove.co.uk:443/dir/crop/10:9-16:9/126k/125635/155660519/125635_a038e000002Pda0AAC_IMG_00_0000_max_476x317.jpeg; https://media.rightmove.co.uk:443/dir/crop/10:9-16:9/126k/125635/155660519/125635_a038e000002Pda0AAC_IMG_03_0000_max_476x317.jpeg; https://media.rightmove.co.uk:443/dir/crop/10:9-16:9/126k/125635/155660519/125635_a038e000002Pda0AAC_IMG_04_0000_max_476x317.jpeg; https://media.rightmove.co.uk:443/dir/crop/10:9-16:9/126k/125635/155660519/125635_a038e000002Pda0AAC_IMG_05_0000_max_476x317.png; https://media.rightmove.co.uk:443/dir/crop/10:9-16:9/126k/125635/155660519/125635_a038e000002Pda0AAC_IMG_01_0000_max_476x317.jpeg; https://media.rightmove.co.uk:443/dir/crop/10:9-16:9/126k/125635/155660519/125635_a038e000002Pda0AAC_IMG_02_0000_max_476x317.jpeg; https://media.rightmove.co.uk:443/dir/crop/10:9-16:9/126k/125635/155660519/125635_a038e000002Pda0AAC_IMG_08_0000_max_476x317.jpeg"
"154659323","Hampshire","Land","Stockbridge Road, Timsbury, Romsey","£495,000","","2","2","","","","","","A rare opportunity to purchase a community hall, with potential for change of use or residential development (s.t.p.p), located in the popular village of Timsbury, Hampshire. Offering approximately 2,061 sq. ft (191.5 sq. m) of space, positioned on a plot measuring 0.40 of an acre, with residenti...","https://www.rightmove.co.uk/properties/154659323#/?channel=COM_BUY","2024-11-06T12:25:07Z","","price_reduced","Marketed by Henshaw Fox, Romsey","","51.02695","-1.513036","https://media.rightmove.co.uk:443/dir/crop/10:9-16:9/108k/107678/154659323/107678_33491269_IMG_00_0000_max_476x317.jpeg; https://media.rightmove.co.uk:443/dir/crop/10:9-16:9/108k/107678/154659323/107678_33491269_IMG_01_0000_max_476x317.jpeg; https://media.rightmove.co.uk:443/dir/crop/10:9-16:9/108k/107678/154659323/107678_33491269_IMG_02_0000_max_476x317.jpeg; https://media.rightmove.co.uk:443/dir/crop/10:9-16:9/108k/107678/154659323/107678_33491269_IMG_03_0000_max_476x317.jpeg; https://media.rightmove.co.uk:443/dir/crop/10:9-16:9/108k/107678/154659323/107678_33491269_IMG_04_0000_max_476x317.jpeg; https://media.rightmove.co.uk:443/dir/crop/10:9-16:9/108k/107678/154659323/107678_33491269_IMG_05_0000_max_476x317.jpeg; https://media.rightmove.co.uk:443/dir/crop/10:9-16:9/108k/107678/154659323/107678_33491269_IMG_06_0000_max_476x317.jpeg; https://media.rightmove.co.uk:443/dir/crop/10:9-16:9/108k/107678/154659323/107678_33491269_IMG_07_0000_max_476x317.jpeg; https://media.rightmove.co.uk:443/dir/crop/10:9-16:9/108k/107678/154659323/107678_33491269_IMG_08_0000_max_476x317.jpeg; https://media.rightmove.co.uk:443/dir/crop/10:9-16:9/108k/107678/154659323/107678_33491269_IMG_09_0000_max_476x317.jpeg; https://media.rightmove.co.uk:443/dir/crop/10:9-16:9/108k/107678/154659323/107678_33491269_IMG_10_0000_max_476x317.jpeg; https://media.rightmove.co.uk:443/dir/crop/10:9-16:9/108k/107678/154659323/107678_33491269_IMG_11_0000_max_476x317.jpeg; https://media.rightmove.co.uk:443/dir/crop/10:9-16:9/108k/107678/154659323/107678_33491269_IMG_12_0000_max_476x317.jpeg; https://media.rightmove.co.uk:443/dir/crop/10:9-16:9/108k/107678/154659323/107678_33491269_IMG_13_0000_max_476x317.jpeg; https://media.rightmove.co.uk:443/dir/crop/10:9-16:9/108k/107678/154659323/107678_33491269_IMG_14_0000_max_476x317.jpeg; https://media.rightmove.co.uk:443/dir/crop/10:9-16:9/108k/107678/154659323/107678_33491269_IMG_15_0000_max_476x317.jpeg; https://media.rightmove.co.uk:443/dir/crop/10:9-16:9/108k/107678/154659323/107678_33491269_IMG_16_0000_max_476x317.jpeg"
"721781242173440","Hampshire","Office","Aspen House, Barley Way, Ancells Business Park, Fleet, GU51 2UT","POA","","","","8,450 sq. ft.","8450","8450","785","785","Refurbished Detached Building with 52 Private Parking Spaces","https://www.rightmove.co.uk/properties/721781242173440#/?channel=COM_BUY","2025-11-27T11:51:10Z","","new","Marketed by Hurst Warne & Partners Surveyors Limited, Farnborough","","51.298729","-0.830182","https://media.rightmove.co.uk:443/dir/crop/10:9-16:9/283k/282653/721781242173440/282653_212158-1_IMG_00_0000_max_476x317.jpeg; https://media.rightmove.co.uk:443/dir/crop/10:9-16:9/283k/282653/721781242173440/282653_212158-1_IMG_01_0000_max_476x317.jpeg; https://media.rightmove.co.uk:443/dir/crop/10:9-16:9/283k/282653/721781242173440/282653_212158-1_IMG_02_0000_max_476x317.jpeg; https://media.rightmove.co.uk:443/dir/crop/10:9-16:9/283k/282653/721781242173440/282653_212158-1_IMG_03_0000_max_476x317.jpeg; https://media.rightmove.co.uk:443/dir/crop/10:9-16:9/283k/282653/721781242173440/282653_212158-1_IMG_04_0000_max_476x317.jpeg; https://media.rightmove.co.uk:443/dir/crop/10:9-16:9/283k/282653/721781242173440/282653_212158-1_IMG_05_0000_max_476x317.jpeg; https://media.rightmove.co.uk:443/dir/crop/10:9-16:9/283k/282653/721781242173440/282653_212158-1_IMG_06_0000_max_476x317.jpeg; https://media.rightmove.co.uk:443/dir/crop/10:9-16:9/283k/282653/721781242173440/282653_212158-1_IMG_07_0000_max_476x317.jpeg; https://media.rightmove.co.uk:443/dir/crop/10:9-16:9/283k/282653/721781242173440/282653_212158-1_IMG_08_0000_max_476x317.jpeg; https://media.rightmove.co.uk:443/dir/crop/10:9-16:9/283k/282653/721781242173440/282653_212158-1_IMG_09_0000_max_476x317.jpeg; https://media.rightmove.co.uk:443/dir/crop/10:9-16:9/283k/282653/721781242173440/282653_212158-1_IMG_10_0000_max_476x317.jpeg; https://media.rightmove.co.uk:443/dir/crop/10:9-16:9/283k/282653/721781242173440/282653_212158-1_IMG_11_0000_max_476x317.jpeg; https://media.rightmove.co.uk:443/dir/crop/10:9-16:9/283k/282653/721781242173440/282653_212158-1_IMG_12_0000_max_476x317.jpeg; https://media.rightmove.co.uk:443/dir/crop/10:9-16:9/283k/282653/721781242173440/282653_212158-1_IMG_13_0000_max_476x317.jpeg; https://media.rightmove.co.uk:443/dir/crop/10:9-16:9/283k/282653/721781242173440/282653_212158-1_IMG_14_0000_max_476x317.jpeg; https://media.rightmove.co.uk:443/dir/crop/10:9-16:9/283k/282653/721781242173440/282653_212158-1_IMG_15_0000_max_476x317.jpeg; https://media.rightmove.co.uk:443/dir/crop/10:9-16:9/283k/282653/721781242173440/282653_212158-1_IMG_16_0000_max_476x317.jpeg; https://media.rightmove.co.uk:443/dir/crop/10:9-16:9/283k/282653/721781242173440/282653_212158-1_IMG_17_0000_max_476x317.jpeg; https://media.rightmove.co.uk:443/dir/crop/10:9-16:9/283k/282653/721781242173440/282653_212158-1_IMG_18_0000_max_476x317.jpeg; https://media.rightmove.co.uk:443/dir/crop/10:9-16:9/283k/282653/721781242173440/282653_212158-1_IMG_19_0000_max_476x317.jpeg"
"721781221003953","Hampshire","Commercial Development","Station Yard, Farnborough Street, Farnborough North, Farnborough, GU14 8AG","POA","","","","6,250 sq. ft.","6250","6250","581","581","0.76 acre Open Storage/Trade Yard with Warehouse. Freehold For Sale.","https://www.rightmove.co.uk/properties/721781221003953#/?channel=COM_BUY","2025-11-27T11:44:05Z","","new","Marketed by Hurst Warne & Partners Surveyors Limited, Guildford","","51.301976","-0.743","https://media.rightmove.co.uk:443/dir/crop/10:9-16:9/283k/282641/721781221003953/282641_205446-1_IMG_00_0000_max_476x317.jpeg; https://media.rightmove.co.uk:443/dir/crop/10:9-16:9/283k/282641/721781221003953/282641_205446-1_IMG_01_0000_max_476x317.jpeg; https://media.rightmove.co.uk:443/dir/crop/10:9-16:9/283k/282641/721781221003953/282641_205446-1_IMG_02_0000_max_476x317.jpeg; https://media.rightmove.co.uk:443/dir/crop/10:9-16:9/283k/282641/721781221003953/282641_205446-1_IMG_03_0000_max_476x317.jpeg; https://media.rightmove.co.uk:443/dir/crop/10:9-16:9/283k/282641/721781221003953/282641_205446-1_IMG_04_0000_max_476x317.jpeg; https://media.rightmove.co.uk:443/dir/crop/10:9-16:9/283k/282641/721781221003953/282641_205446-1_IMG_05_0000_max_476x317.jpeg; https://media.rightmove.co.uk:443/dir/crop/10:9-16:9/283k/282641/721781221003953/282641_205446-1_IMG_06_0000_max_476x317.jpeg; https://media.rightmove.co.uk:443/dir/crop/10:9-16:9/283k/282641/721781221003953/282641_205446-1_IMG_07_0000_max_476x317.jpeg; https://media.rightmove.co.uk:443/dir/crop/10:9-16:9/283k/282641/721781221003953/282641_205446-1_IMG_08_0000_max_476x317.jpeg; https://media.rightmove.co.uk:443/dir/crop/10:9-16:9/283k/282641/721781221003953/282641_205446-1_IMG_09_0000_max_476x317.jpeg; https://media.rightmove.co.uk:443/dir/crop/10:9-16:9/283k/282641/721781221003953/282641_205446-1_IMG_10_0000_max_476x317.jpeg; https://media.rightmove.co.uk:443/dir/crop/10:9-16:9/283k/282641/721781221003953/282641_205446-1_IMG_11_0000_max_476x317.jpeg; https://media.rightmove.co.uk:443/dir/crop/10:9-16:9/283k/282641/721781221003953/282641_205446-1_IMG_12_0000_max_476x317.jpeg; https://media.rightmove.co.uk:443/dir/crop/10:9-16:9/283k/282641/721781221003953/282641_205446-1_IMG_13_0000_max_476x317.jpeg; https://media.rightmove.co.uk:443/dir/crop/10:9-16:9/283k/282641/721781221003953/282641_205446-1_IMG_14_0000_max_476x317.jpeg"
"155434733","Hampshire","Shop","377 London Road, Portsmouth, Hampshire, PO2 9HL","£150,000","Offers in Excess of","","","699 sq. ft.","699","699","65","65","* CURRENTLY UNDER OFFER * The property comrpises a ground floor retail premises currently occupied by a florist, who are due to vacate the building. The premises benefits from a main sales area with a kitchenette, toilet and office to the rear. The property does not have any allocated parking.","https://www.rightmove.co.uk/properties/155434733#/?channel=COM_BUY","2024-11-27T14:15:34Z","","new","Marketed by Eddisons Commercial Limited, Eddisons Fareham","","50.825493","-1.073165","https://media.rightmove.co.uk:443/dir/crop/10:9-16:9/266k/265493/155434733/265493_3018564FH_IMG_00_0000_max_476x317.jpeg; https://media.rightmove.co.uk:443/dir/crop/10:9-16:9/266k/265493/155434733/265493_3018564FH_IMG_01_0000_max_476x317.jpeg; https://media.rightmove.co.uk:443/dir/crop/10:9-16:9/266k/265493/155434733/265493_3018564FH_IMG_02_0000_max_476x317.jpeg; https://media.rightmove.co.uk:443/dir/crop/10:9-16:9/266k/265493/155434733/265493_3018564FH_IMG_03_0000_max_476x317.jpeg; https://media.rightmove.co.uk:443/dir/crop/10:9-16:9/266k/265493/155434733/265493_3018564FH_IMG_04_0000_max_476x317.jpeg; https://media.rightmove.co.uk:443/dir/crop/10:9-16:9/266k/265493/155434733/265493_3018564FH_IMG_05_0000_max_476x317.jpeg"
"155348447","Hampshire","Office","1590 Parkway, Whiteley, Fareham, PO15 7AG","POA","","","","5,039 sq. ft.","5039","5039","468","468","Fully refurbished detached office premises","https://www.rightmove.co.uk/properties/155348447#/?channel=COM_BUY","2024-11-25T17:26:55Z","","new","Marketed by Hellier Langston Commercial Agents, Fareham","","50.876153","-1.241739","https://media.rightmove.co.uk:443/dir/crop/10:9-16:9/109k/108977/155348447/108977_272761-1_IMG_15_0000_max_476x317.jpeg; https://media.rightmove.co.uk:443/dir/crop/10:9-16:9/109k/108977/155348447/108977_272761-1_IMG_11_0000_max_476x317.jpeg; https://media.rightmove.co.uk:443/dir/crop/10:9-16:9/109k/108977/155348447/108977_272761-1_IMG_12_0000_max_476x317.jpeg; https://media.rightmove.co.uk:443/dir/crop/10:9-16:9/109k/108977/155348447/108977_272761-1_IMG_08_0000_max_476x317.jpeg; https://media.rightmove.co.uk:443/dir/crop/10:9-16:9/109k/108977/155348447/108977_272761-1_IMG_10_0000_max_476x317.jpeg; https://media.rightmove.co.uk:443/dir/crop/10:9-16:9/109k/108977/155348447/108977_272761-1_IMG_07_0000_max_476x317.jpeg; https://media.rightmove.co.uk:443/dir/crop/10:9-16:9/109k/108977/155348447/108977_272761-1_IMG_06_0000_max_476x317.jpeg; https://media.rightmove.co.uk:443/dir/crop/10:9-16:9/109k/108977/155348447/108977_272761-1_IMG_09_0000_max_476x317.jpeg; https://media.rightmove.co.uk:443/dir/crop/10:9-16:9/109k/108977/155348447/108977_272761-1_IMG_14_0000_max_476x317.jpeg; https://media.rightmove.co.uk:443/dir/crop/10:9-16:9/109k/108977/155348447/108977_272761-1_IMG_13_0000_max_476x317.jpeg; https://media.rightmove.co.uk:443/dir/crop/10:9-16:9/109k/108977/155348447/108977_272761-1_IMG_16_0000_max_476x317.jpeg; https://media.rightmove.co.uk:443/dir/crop/10:9-16:9/109k/108977/155348447/108977_272761-1_IMG_17_0000_max_476x317.jpeg; https://media.rightmove.co.uk:443/dir/crop/10:9-16:9/109k/108977/155348447/108977_272761-1_IMG_18_0000_max_476x317.jpeg; https://media.rightmove.co.uk:443/dir/crop/10:9-16:9/109k/108977/155348447/108977_272761-1_IMG_05_0000_max_476x317.jpeg; https://media.rightmove.co.uk:443/dir/crop/10:9-16:9/109k/108977/155348447/108977_272761-1_IMG_04_0000_max_476x317.jpeg"
"155174780","Hampshire","Commercial Property","Fawcett Road, Southsea","£245,000","","2","1","","","","","","FREEHOLD : An excellent opportunity to purchase a COMMERCIAL PROPERTY with a TWO BEDROOM FLAT above, in a busy location. The COMMERCIAL UNIT is currently operating as a KEBAB FAST FOOD ESTABLISHMENT with SEATING (A3/A5 use) attracting a rental of £14,400 per annum if wishing to retain the exist...","https://www.rightmove.co.uk/properties/155174780#/?channel=COM_BUY","2024-11-20T12:37:23Z","","new","Marketed by Christies, Southsea","","50.792198","-1.07629","https://media.rightmove.co.uk:443/dir/crop/10:9-16:9/22k/21602/155174780/21602_33520049_IMG_01_0000_max_476x317.jpeg; https://media.rightmove.co.uk:443/dir/crop/10:9-16:9/22k/21602/155174780/21602_33520049_IMG_02_0000_max_476x317.jpeg; https://media.rightmove.co.uk:443/dir/crop/10:9-16:9/22k/21602/155174780/21602_33520049_IMG_03_0000_max_476x317.jpeg; https://media.rightmove.co.uk:443/dir/crop/10:9-16:9/22k/21602/155174780/21602_33520049_IMG_04_0000_max_476x317.jpeg; https://media.rightmove.co.uk:443/dir/crop/10:9-16:9/22k/21602/155174780/21602_33520049_IMG_05_0000_max_476x317.jpeg; https://media.rightmove.co.uk:443/dir/crop/10:9-16:9/22k/21602/155174780/21602_33520049_IMG_06_0000_max_476x317.jpeg; https://media.rightmove.co.uk:443/dir/crop/10:9-16:9/22k/21602/155174780/21602_33520049_IMG_07_0000_max_476x317.jpeg; https://media.rightmove.co.uk:443/dir/crop/10:9-16:9/22k/21602/155174780/21602_33520049_IMG_08_0000_max_476x317.jpeg; https://media.rightmove.co.uk:443/dir/crop/10:9-16:9/22k/21602/155174780/21602_33520049_IMG_09_0000_max_476x317.jpeg"
"152989640","Hampshire","Pub","S-419576 - Woodmancote , Woodmancote Lane, Emsworth PO10 8RD","£865,000","","","","","","","","","Freehold Pubs, Affluent West Sussex village, Extensive bar & dining areas (120), Weddings, private parties and functions, Patio and car park (14), Large private roof garden","https://www.rightmove.co.uk/properties/152989640#/?channel=COM_BUY","2024-09-25T11:17:39Z","","price_reduced","Marketed by Fleurets Limited, South","","50.86214","-0.900417","https://media.rightmove.co.uk:443/dir/crop/10:9-16:9/139k/138326/152989640/138326_S-419576_IMG_00_0000_max_476x317.jpeg; https://media.rightmove.co.uk:443/dir/crop/10:9-16:9/139k/138326/152989640/138326_S-419576_IMG_01_0000_max_476x317.jpeg; https://media.rightmove.co.uk:443/dir/crop/10:9-16:9/139k/138326/152989640/138326_S-419576_IMG_02_0000_max_476x317.jpeg; https://media.rightmove.co.uk:443/dir/crop/10:9-16:9/139k/138326/152989640/138326_S-419576_IMG_03_0000_max_476x317.jpeg; https://media.rightmove.co.uk:443/dir/crop/10:9-16:9/139k/138326/152989640/138326_S-419576_IMG_04_0000_max_476x317.jpeg; https://media.rightmove.co.uk:443/dir/crop/10:9-16:9/139k/138326/152989640/138326_S-419576_IMG_05_0000_max_476x317.jpeg; https://media.rightmove.co.uk:443/dir/crop/10:9-16:9/139k/138326/152989640/138326_S-419576_IMG_06_0000_max_476x317.jpeg; https://media.rightmove.co.uk:443/dir/crop/10:9-16:9/139k/138326/152989640/138326_S-419576_IMG_07_0000_max_476x317.jpeg"
"155074505","Hampshire","Distribution Warehouse","Buckmore Park (North), Buckmore Farm Road, Petersfield, Hampshire, GU32 3BS","POA","","","","2,648–50,913 sq. ft.","2648","50913","246","4730","Located just off the A3 and A272 roundabout with good links to Guildford, London and the central south coast region. Full planning consent has been granted under planning application SDNP/18/06292/OUT, SDNP/22/01335/REM and SDNP/23/00746/REM for the development of 4,730 sq m of E(c) (g) Offices,...","https://www.rightmove.co.uk/properties/155074505#/?channel=COM_BUY","2024-11-18T09:40:00Z","","new","Marketed by Lambert Smith Hampton, Southampton","","51.00861","-0.951553","https://media.rightmove.co.uk:443/dir/crop/10:9-16:9/183k/182711/155074505/182711_2061463FH_IMG_00_0000_max_476x317.jpeg"
"155074490","Hampshire","Distribution Warehouse","Buckmore Park (South), Buckmore Farm Road, Petersfield, Hampshire, GU32 3BS","POA","","","","12,303 sq. ft.","12303","12303","1143","1143","Located within proximity of the A3 and A272 to Guildford, London and the central south coast region. Consent has been granted under planning application SDNP/24/00612/FUL for the development of an industrial building with consent granted for Class - E(g) (i) Offices, (ii) Research and developmen...","https://www.rightmove.co.uk/properties/155074490#/?channel=COM_BUY","2024-11-18T09:39:37Z","","new","Marketed by Lambert Smith Hampton, Southampton","","51.00861","-0.951553","https://media.rightmove.co.uk:443/dir/crop/10:9-16:9/183k/182711/155074490/182711_2061467FH_IMG_00_0000_max_476x317.jpeg"
"155033549","Hampshire","Warehouse","Buckmore Park North, Winchester Road, Petersfield, GU32 3BS","POA","","","","225,641 sq. ft.","225641","225641","20963","20963","5.18 ACRE SITE (2.09 Ha) Full Planning Consent Grant for up to 15 sustainable industrial units totalling 50, 913 sq ft (4,730 sq m)","https://www.rightmove.co.uk/properties/155033549#/?channel=COM_BUY","2024-11-15T15:33:58Z","","new","Marketed by Vail Williams, Portsmouth","","51.009078","-0.948825","https://media.rightmove.co.uk:443/dir/crop/10:9-16:9/86k/85879/155033549/85879_271986-1_IMG_00_0000_max_476x317.jpeg; https://media.rightmove.co.uk:443/dir/crop/10:9-16:9/86k/85879/155033549/85879_271986-1_IMG_01_0000_max_476x317.jpeg"
"154845788","Hampshire","Office","Unit 1 Mainline Business Centre, 72 Station Road, Liss, Hampshire, GU33 7AD","£300,000","","","2","1,827 sq. ft.","1827","1827","170","170","The property comprises a modern two storey business unit offering flexible self-contained accommodation capable of use for a variety of purposes including office, light industrial and storage along with clinic, healthcare and leisure. ","https://www.rightmove.co.uk/properties/154845788#/?channel=COM_BUY","2024-11-11T17:30:09Z","","new","Marketed by Park Steele, Surrey","","51.04343","-0.89385","https://media.rightmove.co.uk:443/dir/crop/10:9-16:9/174k/173945/154845788/173945_72StationRoad_IMG_00_0000_max_476x317.jpeg; https://media.rightmove.co.uk:443/dir/crop/10:9-16:9/174k/173945/154845788/173945_72StationRoad_IMG_02_0001_max_476x317.jpeg; https://media.rightmove.co.uk:443/dir/crop/10:9-16:9/174k/173945/154845788/173945_72StationRoad_IMG_01_0001_max_476x317.jpeg; https://media.rightmove.co.uk:443/dir/crop/10:9-16:9/174k/173945/154845788/173945_72StationRoad_IMG_03_0001_max_476x317.jpeg; https://media.rightmove.co.uk:443/dir/crop/10:9-16:9/174k/173945/154845788/173945_72StationRoad_IMG_04_0001_max_476x317.jpeg; https://media.rightmove.co.uk:443/dir/crop/10:9-16:9/174k/173945/154845788/173945_72StationRoad_IMG_05_0001_max_476x317.jpeg; https://media.rightmove.co.uk:443/dir/crop/10:9-16:9/174k/173945/154845788/173945_72StationRoad_IMG_06_0001_max_476x317.jpeg; https://media.rightmove.co.uk:443/dir/crop/10:9-16:9/174k/173945/154845788/173945_72StationRoad_IMG_07_0001_max_476x317.jpeg; https://media.rightmove.co.uk:443/dir/crop/10:9-16:9/174k/173945/154845788/173945_72StationRoad_IMG_08_0001_max_476x317.jpeg; https://media.rightmove.co.uk:443/dir/crop/10:9-16:9/174k/173945/154845788/173945_72StationRoad_IMG_09_0000_max_476x317.jpeg"
"146427932","Hampshire","Shop","East Street, Hampshire, SO14","£120,000","","","1","","","","","","Galaxy Real Estate Presents To The Market.","https://www.rightmove.co.uk/properties/146427932#/?channel=COM_BUY","2024-04-04T11:49:41Z","","price_reduced","Marketed by GALAXY REAL ESTATE LIMITED, Hayes","","50.901839","-1.403433","https://media.rightmove.co.uk:443/dir/crop/10:9-16:9/258k/257963/146427932/257963_2701_IMG_00_0000_max_476x317.jpeg; https://media.rightmove.co.uk:443/dir/crop/10:9-16:9/258k/257963/146427932/257963_2701_IMG_01_0000_max_476x317.jpeg; https://media.rightmove.co.uk:443/dir/crop/10:9-16:9/258k/257963/146427932/257963_2701_IMG_02_0000_max_476x317.jpeg; https://media.rightmove.co.uk:443/dir/crop/10:9-16:9/258k/257963/146427932/257963_2701_IMG_03_0000_max_476x317.jpeg; https://media.rightmove.co.uk:443/dir/crop/10:9-16:9/258k/257963/146427932/257963_2701_IMG_04_0000_max_476x317.jpeg; https://media.rightmove.co.uk:443/dir/crop/10:9-16:9/258k/257963/146427932/257963_2701_IMG_05_0000_max_476x317.jpeg; https://media.rightmove.co.uk:443/dir/crop/10:9-16:9/258k/257963/146427932/257963_2701_IMG_06_0000_max_476x317.jpeg; https://media.rightmove.co.uk:443/dir/crop/10:9-16:9/258k/257963/146427932/257963_2701_IMG_07_0000_max_476x317.jpeg"
"142225268","Hampshire","Office","1590 Parkway, Whiteley, Fareham, PO15 7AG","POA","","","","2,500–5,039 sq. ft.","2500","5039","232","468","FULLY REFURBISHED OFFICE BUIDING TO LET/FOR SALE Consideration will be given to let on floor by floor basis.","https://www.rightmove.co.uk/properties/142225268#/?channel=COM_BUY","2023-11-21T10:43:26Z","","size_change","Marketed by Vail Williams, Portsmouth","","50.876153","-1.241739","https://media.rightmove.co.uk:443/dir/crop/10:9-16:9/86k/85879/142225268/85879_181194-1_IMG_12_0000_max_476x317.jpeg; https://media.rightmove.co.uk:443/dir/crop/10:9-16:9/86k/85879/142225268/85879_181194-1_IMG_09_0001_max_476x317.jpeg; https://media.rightmove.co.uk:443/dir/crop/10:9-16:9/86k/85879/142225268/85879_181194-1_IMG_00_0001_max_476x317.jpeg; https://media.rightmove.co.uk:443/dir/crop/10:9-16:9/86k/85879/142225268/85879_181194-1_IMG_04_0001_max_476x317.jpeg; https://media.rightmove.co.uk:443/dir/crop/10:9-16:9/86k/85879/142225268/85879_181194-1_IMG_05_0001_max_476x317.jpeg; https://media.rightmove.co.uk:443/dir/crop/10:9-16:9/86k/85879/142225268/85879_181194-1_IMG_08_0001_max_476x317.jpeg; https://media.rightmove.co.uk:443/dir/crop/10:9-16:9/86k/85879/142225268/85879_181194-1_IMG_02_0001_max_476x317.jpeg; https://media.rightmove.co.uk:443/dir/crop/10:9-16:9/86k/85879/142225268/85879_181194-1_IMG_03_0001_max_476x317.jpeg; https://media.rightmove.co.uk:443/dir/crop/10:9-16:9/86k/85879/142225268/85879_181194-1_IMG_10_0000_max_476x317.jpeg; https://media.rightmove.co.uk:443/dir/crop/10:9-16:9/86k/85879/142225268/85879_181194-1_IMG_01_0001_max_476x317.jpeg; https://media.rightmove.co.uk:443/dir/crop/10:9-16:9/86k/85879/142225268/85879_181194-1_IMG_11_0000_max_476x317.jpeg; https://media.rightmove.co.uk:443/dir/crop/10:9-16:9/86k/85879/142225268/85879_181194-1_IMG_07_0001_max_476x317.jpeg"
"154320452","Hampshire","Land","Andover Road, Wash Wate, Newbury, Hampshire, RG20 0LS","£10,000","Guide Price","","","1,089 sq. ft.","1089","1089","101","101","*For sale via secure sale online bidding: terms and conditions apply.* We are pleased to offer to auction this prime piece of land on Andover Road in Wash Water. Nestled in a serene environment, it boasts a spacious layout surrounded by natural beauty and has easy access to local amenities and...","https://www.rightmove.co.uk/properties/154320452#/?channel=COM_BUY","2024-10-29T09:50:08Z","","new","Marketed by Pattinsons, Pattinsons Auction- National Auctioneer","","51.3633","-1.355","https://media.rightmove.co.uk:443/dir/crop/10:9-16:9/252k/251528/154320452/251528_468124_IMG_00_0000_max_476x317.png; https://media.rightmove.co.uk:443/dir/crop/10:9-16:9/252k/251528/154320452/251528_468124_IMG_01_0000_max_476x317.png"
"154320455","Hampshire","Land","Andover Road, Wash Wate, Newbury, Hampshire, RG20 0LS","£10,000","Guide Price","","","914 sq. ft.","914","914","85","85","*For sale via secure sale online bidding: terms and conditions apply.* We are pleased to offer to auction this prime piece of land on Andover Road in Wash Water. Nestled in a serene environment, it boasts a spacious layout surrounded by natural beauty and has easy access to local amenities and...","https://www.rightmove.co.uk/properties/154320455#/?channel=COM_BUY","2024-10-29T09:50:11Z","","new","Marketed by Pattinsons, Pattinsons Auction- National Auctioneer","","51.3633","-1.355","https://media.rightmove.co.uk:443/dir/crop/10:9-16:9/252k/251528/154320455/251528_468125_IMG_00_0000_max_476x317.png; https://media.rightmove.co.uk:443/dir/crop/10:9-16:9/252k/251528/154320455/251528_468125_IMG_01_0000_max_476x317.png"
"154269215","Hampshire","Land","Andover Road, Wash Wate, Newbury, Hampshire, RG20 0LS","£10,000","Guide Price","","","1,001 sq. ft.","1001","1001","93","93","*For sale via secure sale online bidding: terms and conditions apply.* We are pleased to offer to auction this prime piece of land on Andover Road in Wash Water. Nestled in a serene environment, it boasts a spacious layout surrounded by natural beauty and has easy access to local amenities and...","https://www.rightmove.co.uk/properties/154269215#/?channel=COM_BUY","2024-10-28T09:48:03Z","","new","Marketed by Pattinsons, Pattinsons Auction- National Auctioneer","","51.3633","-1.355","https://media.rightmove.co.uk:443/dir/crop/10:9-16:9/property-photo/ef92c1874/154269215/ef92c1874c96d1bc8ad7182cb3e34015_max_476x317.png; https://media.rightmove.co.uk:443/dir/crop/10:9-16:9/property-photo/312316589/154269215/3123165896f52f14d5147f6fe4ab78cb_max_476x317.png"
"139609961","Hampshire","Distribution Warehouse","Faraday Business Park, Solent Airport, Daedalus, Fareham, Hampshire, PO13","POA","","","","43,560–400,752 sq. ft.","43560","400752","4047","37231","Following the successful multi-million pound investment in Faraday Business Park, there is up to 50,000m ready for commercial development. Plots range from one to six acres and there is potential for larger scale development of up to 16 acres within the estate. These development sites are availa...","https://www.rightmove.co.uk/properties/139609961#/?channel=COM_BUY","2023-09-07T09:08:24Z","","size_change","Marketed by Lambert Smith Hampton, Fareham","","50.812572","-1.194498","https://media.rightmove.co.uk:443/dir/crop/10:9-16:9/169k/168011/139609961/168011_2051233FH_IMG_01_0002_max_476x317.jpeg; https://media.rightmove.co.uk:443/dir/crop/10:9-16:9/169k/168011/139609961/168011_2051233FH_IMG_04_0000_max_476x317.jpeg; https://media.rightmove.co.uk:443/dir/crop/10:9-16:9/169k/168011/139609961/168011_2051233FH_IMG_05_0000_max_476x317.jpeg"
"153984515","Hampshire","Mixed Use","58 West Street, Havant, Hampshire, PO9","£500,000","Fixed Price","3","","1,967 sq. ft.","1967","1967","183","183","Comprises ground floor retail shop and a self-contained flat at first floor. Includes car park at rear for c. 6-7 cars. ","https://www.rightmove.co.uk/properties/153984515#/?channel=COM_BUY","2024-10-19T16:37:47Z","","new","Marketed by Blue Alpine, London","","50.85188","-0.98381","https://media.rightmove.co.uk:443/dir/crop/10:9-16:9/property-photo/ad287e467/153984515/ad287e467cfdf9f3b6e7ee1fafe6624f_max_476x317.jpeg; https://media.rightmove.co.uk:443/dir/crop/10:9-16:9/property-photo/921ae14a1/153984515/921ae14a1c2489e562d874df66391229_max_476x317.jpeg; https://media.rightmove.co.uk:443/dir/crop/10:9-16:9/property-photo/9551e994d/153984515/9551e994d270451c53a2d4363fc342d3_max_476x317.jpeg; https://media.rightmove.co.uk:443/dir/crop/10:9-16:9/property-photo/3638094fd/153984515/3638094fde36e2ad18bb973805deb374_max_476x317.jpeg; https://media.rightmove.co.uk:443/dir/crop/10:9-16:9/property-photo/d90aa8aa7/153984515/d90aa8aa78481ad1c4e28970ea4f6b8a_max_476x317.jpeg"
"153832883","Hampshire","Land","Land south of Funtley Road, Fareham, Hampshire, PO15","POA","","","","","","","","","Parcel of land south of Funtley Road, Funtley, Fareham with planning permission for 6no. custom build units within wider development site.","https://www.rightmove.co.uk/properties/153832883#/?channel=COM_BUY","2024-10-16T10:59:38Z","","new","Marketed by Henry Adams Development Land, Chichester","","50.87174","-1.20749","https://media.rightmove.co.uk:443/dir/crop/10:9-16:9/78k/77898/153832883/77898_DevSale249_IMG_00_0000_max_476x317.jpeg; https://media.rightmove.co.uk:443/dir/crop/10:9-16:9/78k/77898/153832883/77898_DevSale249_IMG_01_0000_max_476x317.jpeg"
"152152145","Hampshire","Land","Shirmal Farm","£355,000","","","","3,940 sq. ft.","3940","3940","366","366","We are delighted to bring to the market this charming equestrian property set on Bent Lane, near the idyllic village of Hambledon. Nestled close to the breathtaking South Downs National Park, this property presents a rare opportunity for those pursuing a peaceful countryside lifestyle. S...","https://www.rightmove.co.uk/properties/152152145#/?channel=COM_BUY","2024-09-06T17:33:06Z","","new","Marketed by BCM Wilson Hill, Winchester","","50.913349","-1.102143","https://media.rightmove.co.uk:443/dir/crop/10:9-16:9/29k/28383/152152145/28383_33354779_IMG_00_0000_max_476x317.jpeg; https://media.rightmove.co.uk:443/dir/crop/10:9-16:9/29k/28383/152152145/28383_33354779_IMG_01_0000_max_476x317.jpeg; https://media.rightmove.co.uk:443/dir/crop/10:9-16:9/29k/28383/152152145/28383_33354779_IMG_02_0000_max_476x317.jpeg; https://media.rightmove.co.uk:443/dir/crop/10:9-16:9/29k/28383/152152145/28383_33354779_IMG_04_0000_max_476x317.jpeg; https://media.rightmove.co.uk:443/dir/crop/10:9-16:9/29k/28383/152152145/28383_33354779_IMG_03_0000_max_476x317.jpeg"
"148548422","Hampshire","Leisure Facility","Holiday Lets, Meadow Way, Trampers Lane, North Boarhunt, Hampshire, PO17 6BZ","£295,000","Offers in Region of","","","2,971 sq. ft.","2971","2971","276","276","The site has a gradual slope down towards Trampers Lane. The plot is predominately laid to shingle and grass with mature shrubs and trees. Please refer to page 3 for the boundary (area etched in orange).","https://www.rightmove.co.uk/properties/148548422#/?channel=COM_BUY","2024-05-30T12:55:16Z","","price_reduced","Marketed by Eddisons Commercial Limited, Eddisons Fareham","","50.895733","-1.143238","https://media.rightmove.co.uk:443/dir/crop/10:9-16:9/266k/265493/148548422/265493_3016041FH_IMG_05_0000_max_476x317.jpeg; https://media.rightmove.co.uk:443/dir/crop/10:9-16:9/266k/265493/148548422/265493_3016041FH_IMG_00_0000_max_476x317.jpeg; https://media.rightmove.co.uk:443/dir/crop/10:9-16:9/266k/265493/148548422/265493_3016041FH_IMG_01_0000_max_476x317.jpeg; https://media.rightmove.co.uk:443/dir/crop/10:9-16:9/266k/265493/148548422/265493_3016041FH_IMG_02_0000_max_476x317.jpeg; https://media.rightmove.co.uk:443/dir/crop/10:9-16:9/266k/265493/148548422/265493_3016041FH_IMG_03_0000_max_476x317.jpeg"
"151090265","Hampshire","Office","5 Turnberry House, 4400 Parkway, Whiteley, Hampshire, PO15 7FJ","£750,000","","","","4,283 sq. ft.","4283","4283","398","398","The available property is a modern self-contained office block split over two floors. The building benefits from raised access floors, air conditioning, LED lighting and floor to ceiling windows. There is a kitchenette on the ground floor and dedicated server room on the first floor.","https://www.rightmove.co.uk/properties/151090265#/?channel=COM_BUY","2024-08-08T08:34:09Z","","new","Marketed by Lambert Smith Hampton, Southampton","","50.878914","-1.237814","https://media.rightmove.co.uk:443/dir/crop/10:9-16:9/183k/182711/151090265/182711_2053344FH_IMG_00_0001_max_476x317.jpeg; https://media.rightmove.co.uk:443/dir/crop/10:9-16:9/183k/182711/151090265/182711_2053344FH_IMG_01_0001_max_476x317.jpeg; https://media.rightmove.co.uk:443/dir/crop/10:9-16:9/183k/182711/151090265/182711_2053344FH_IMG_03_0000_max_476x317.jpeg; https://media.rightmove.co.uk:443/dir/crop/10:9-16:9/183k/182711/151090265/182711_2053344FH_IMG_02_0001_max_476x317.jpeg"
"150144899","Hampshire","Warehouse","Prime Box 80 (PB80), Bedford Road, Petersfield, GU32 3QD","POA","","","","79,609 sq. ft.","79609","79609","7396","7396","Fully refurbished modern warehouse of 79,609 sq. ft. on the A3. Ready for occupation To Let / For Sale","https://www.rightmove.co.uk/properties/150144899#/?channel=COM_BUY","2024-07-11T14:37:53Z","","new","Marketed by Avison Young (UK) Limited, Avison Young Industrial 2","","51.004031","-0.950562","https://media.rightmove.co.uk:443/dir/crop/10:9-16:9/209k/208949/150144899/208949_210657-1_IMG_23_0000_max_476x317.jpeg; https://media.rightmove.co.uk:443/dir/crop/10:9-16:9/209k/208949/150144899/208949_210657-1_IMG_19_0000_max_476x317.jpeg; https://media.rightmove.co.uk:443/dir/crop/10:9-16:9/209k/208949/150144899/208949_210657-1_IMG_06_0000_max_476x317.jpeg; https://media.rightmove.co.uk:443/dir/crop/10:9-16:9/209k/208949/150144899/208949_210657-1_IMG_08_0000_max_476x317.jpeg; https://media.rightmove.co.uk:443/dir/crop/10:9-16:9/209k/208949/150144899/208949_210657-1_IMG_10_0000_max_476x317.jpeg; https://media.rightmove.co.uk:443/dir/crop/10:9-16:9/209k/208949/150144899/208949_210657-1_IMG_11_0000_max_476x317.jpeg; https://media.rightmove.co.uk:443/dir/crop/10:9-16:9/209k/208949/150144899/208949_210657-1_IMG_25_0000_max_476x317.jpeg; https://media.rightmove.co.uk:443/dir/crop/10:9-16:9/209k/208949/150144899/208949_210657-1_IMG_07_0000_max_476x317.jpeg; https://media.rightmove.co.uk:443/dir/crop/10:9-16:9/209k/208949/150144899/208949_210657-1_IMG_09_0000_max_476x317.jpeg; https://media.rightmove.co.uk:443/dir/crop/10:9-16:9/209k/208949/150144899/208949_210657-1_IMG_12_0000_max_476x317.jpeg; https://media.rightmove.co.uk:443/dir/crop/10:9-16:9/209k/208949/150144899/208949_210657-1_IMG_13_0000_max_476x317.jpeg; https://media.rightmove.co.uk:443/dir/crop/10:9-16:9/209k/208949/150144899/208949_210657-1_IMG_14_0000_max_476x317.jpeg; https://media.rightmove.co.uk:443/dir/crop/10:9-16:9/209k/208949/150144899/208949_210657-1_IMG_15_0000_max_476x317.jpeg; https://media.rightmove.co.uk:443/dir/crop/10:9-16:9/209k/208949/150144899/208949_210657-1_IMG_16_0000_max_476x317.jpeg; https://media.rightmove.co.uk:443/dir/crop/10:9-16:9/209k/208949/150144899/208949_210657-1_IMG_26_0000_max_476x317.jpeg; https://media.rightmove.co.uk:443/dir/crop/10:9-16:9/209k/208949/150144899/208949_210657-1_IMG_17_0000_max_476x317.jpeg; https://media.rightmove.co.uk:443/dir/crop/10:9-16:9/209k/208949/150144899/208949_210657-1_IMG_18_0000_max_476x317.jpeg; https://media.rightmove.co.uk:443/dir/crop/10:9-16:9/209k/208949/150144899/208949_210657-1_IMG_20_0000_max_476x317.jpeg; https://media.rightmove.co.uk:443/dir/crop/10:9-16:9/209k/208949/150144899/208949_210657-1_IMG_21_0000_max_476x317.jpeg; https://media.rightmove.co.uk:443/dir/crop/10:9-16:9/209k/208949/150144899/208949_210657-1_IMG_22_0000_max_476x317.jpeg; https://media.rightmove.co.uk:443/dir/crop/10:9-16:9/209k/208949/150144899/208949_210657-1_IMG_24_0000_max_476x317.jpeg; https://media.rightmove.co.uk:443/dir/crop/10:9-16:9/209k/208949/150144899/208949_210657-1_IMG_27_0000_max_476x317.jpeg; https://media.rightmove.co.uk:443/dir/crop/10:9-16:9/209k/208949/150144899/208949_210657-1_IMG_28_0000_max_476x317.jpeg; https://media.rightmove.co.uk:443/dir/crop/10:9-16:9/209k/208949/150144899/208949_210657-1_IMG_29_0000_max_476x317.jpeg; https://media.rightmove.co.uk:443/dir/crop/10:9-16:9/209k/208949/150144899/208949_210657-1_IMG_30_0000_max_476x317.jpeg; https://media.rightmove.co.uk:443/dir/crop/10:9-16:9/209k/208949/150144899/208949_210657-1_IMG_31_0000_max_476x317.jpeg; https://media.rightmove.co.uk:443/dir/crop/10:9-16:9/209k/208949/150144899/208949_210657-1_IMG_32_0000_max_476x317.jpeg; https://media.rightmove.co.uk:443/dir/crop/10:9-16:9/209k/208949/150144899/208949_210657-1_IMG_33_0000_max_476x317.jpeg; https://media.rightmove.co.uk:443/dir/crop/10:9-16:9/209k/208949/150144899/208949_210657-1_IMG_34_0000_max_476x317.jpeg"
"143927879","Hampshire","Land","Wield Road, Medstead, Alton, Hampshire, GU34 5NJ","£75,000","Guide Price","","","1,000 sq. ft.","1000","1000","93","93","*For sale via secure sale online bidding: terms and conditions apply.* We are pleased to offer to auction this land site for sale, located along Wield Road, Medstead. Please note we have not inspected this property.","https://www.rightmove.co.uk/properties/143927879#/?channel=COM_BUY","2024-01-23T13:43:11Z","","price_reduced","Marketed by Pattinsons, Pattinsons Auction- National Auctioneer","","51.1312","-1.0739","https://media.rightmove.co.uk:443/dir/crop/10:9-16:9/252k/251528/143927879/251528_430672_IMG_00_0000_max_476x317.png; https://media.rightmove.co.uk:443/dir/crop/10:9-16:9/252k/251528/143927879/251528_430672_IMG_01_0000_max_476x317.png"
"149067584","Hampshire","Pub","The Bakers Arms, High Street Droxford, Southampton, SO32 3PA","£575,000","Guide Price","","","","","","","","Freehold. Country pub close to River Meon. Bar & restaurant (c.50), GIA 336 sqm. Run with full complement of staff. Net sales of £432,815 to March 2024. External seating 40, parking for 30 cars","https://www.rightmove.co.uk/properties/149067584#/?channel=COM_BUY","2024-06-13T08:34:31Z","","new","Marketed by Christie & Co, Pubs & Restaurants","","50.961588","-1.137689","https://media.rightmove.co.uk:443/dir/crop/10:9-16:9/261k/260759/149067584/260759_3858270-fh_IMG_00_0001_max_476x317.jpeg; https://media.rightmove.co.uk:443/dir/crop/10:9-16:9/261k/260759/149067584/260759_3858270-fh_IMG_05_0001_max_476x317.jpeg; https://media.rightmove.co.uk:443/dir/crop/10:9-16:9/261k/260759/149067584/260759_3858270-fh_IMG_06_0001_max_476x317.jpeg; https://media.rightmove.co.uk:443/dir/crop/10:9-16:9/261k/260759/149067584/260759_3858270-fh_IMG_07_0001_max_476x317.jpeg; https://media.rightmove.co.uk:443/dir/crop/10:9-16:9/261k/260759/149067584/260759_3858270-fh_IMG_08_0001_max_476x317.jpeg; https://media.rightmove.co.uk:443/dir/crop/10:9-16:9/261k/260759/149067584/260759_3858270-fh_IMG_09_0001_max_476x317.jpeg; https://media.rightmove.co.uk:443/dir/crop/10:9-16:9/261k/260759/149067584/260759_3858270-fh_IMG_10_0001_max_476x317.jpeg; https://media.rightmove.co.uk:443/dir/crop/10:9-16:9/261k/260759/149067584/260759_3858270-fh_IMG_11_0001_max_476x317.jpeg; https://media.rightmove.co.uk:443/dir/crop/10:9-16:9/261k/260759/149067584/260759_3858270-fh_IMG_12_0001_max_476x317.jpeg; https://media.rightmove.co.uk:443/dir/crop/10:9-16:9/261k/260759/149067584/260759_3858270-fh_IMG_01_0001_max_476x317.jpeg; https://media.rightmove.co.uk:443/dir/crop/10:9-16:9/261k/260759/149067584/260759_3858270-fh_IMG_02_0001_max_476x317.jpeg; https://media.rightmove.co.uk:443/dir/crop/10:9-16:9/261k/260759/149067584/260759_3858270-fh_IMG_03_0001_max_476x317.jpeg; https://media.rightmove.co.uk:443/dir/crop/10:9-16:9/261k/260759/149067584/260759_3858270-fh_IMG_04_0001_max_476x317.jpeg"
"148595300","Hampshire","Commercial Property","Hazelhurst Farm, Sway, New Forest","£3,000,000","Offers in Region of","","","","","","","","Nestled within the picturesque embrace of Sway, this exceptional commercial real estate offering epitomizes luxury and versatility. Spanning nearly 10,000 square feet and set on approximately 9 acres of lush, meticulously maintained land, this property is an unparalleled opportunity for e...","https://www.rightmove.co.uk/properties/148595300#/?channel=COM_BUY","2024-05-31T12:58:44Z","","new","Marketed by Nest Seekers International, London","","50.770004","-1.600992","https://media.rightmove.co.uk:443/dir/crop/10:9-16:9/193k/192446/148595300/192446_NEST_RM_192446_3643758_IMG_00_0001_max_476x317.jpeg; https://media.rightmove.co.uk:443/dir/crop/10:9-16:9/193k/192446/148595300/192446_NEST_RM_192446_3643758_IMG_01_0002_max_476x317.jpeg; https://media.rightmove.co.uk:443/dir/crop/10:9-16:9/193k/192446/148595300/192446_NEST_RM_192446_3643758_IMG_02_0002_max_476x317.jpeg; https://media.rightmove.co.uk:443/dir/crop/10:9-16:9/193k/192446/148595300/192446_NEST_RM_192446_3643758_IMG_03_0001_max_476x317.jpeg; https://media.rightmove.co.uk:443/dir/crop/10:9-16:9/193k/192446/148595300/192446_NEST_RM_192446_3643758_IMG_04_0001_max_476x317.jpeg; https://media.rightmove.co.uk:443/dir/crop/10:9-16:9/193k/192446/148595300/192446_NEST_RM_192446_3643758_IMG_05_0001_max_476x317.jpeg; https://media.rightmove.co.uk:443/dir/crop/10:9-16:9/193k/192446/148595300/192446_NEST_RM_192446_3643758_IMG_06_0001_max_476x317.jpeg; https://media.rightmove.co.uk:443/dir/crop/10:9-16:9/193k/192446/148595300/192446_NEST_RM_192446_3643758_IMG_07_0001_max_476x317.jpeg; https://media.rightmove.co.uk:443/dir/crop/10:9-16:9/193k/192446/148595300/192446_NEST_RM_192446_3643758_IMG_08_0001_max_476x317.jpeg; https://media.rightmove.co.uk:443/dir/crop/10:9-16:9/193k/192446/148595300/192446_NEST_RM_192446_3643758_IMG_09_0001_max_476x317.jpeg; https://media.rightmove.co.uk:443/dir/crop/10:9-16:9/193k/192446/148595300/192446_NEST_RM_192446_3643758_IMG_10_0001_max_476x317.jpeg; https://media.rightmove.co.uk:443/dir/crop/10:9-16:9/193k/192446/148595300/192446_NEST_RM_192446_3643758_IMG_11_0001_max_476x317.jpeg; https://media.rightmove.co.uk:443/dir/crop/10:9-16:9/193k/192446/148595300/192446_NEST_RM_192446_3643758_IMG_12_0001_max_476x317.jpeg; https://media.rightmove.co.uk:443/dir/crop/10:9-16:9/193k/192446/148595300/192446_NEST_RM_192446_3643758_IMG_13_0001_max_476x317.jpeg; https://media.rightmove.co.uk:443/dir/crop/10:9-16:9/193k/192446/148595300/192446_NEST_RM_192446_3643758_IMG_14_0003_max_476x317.jpeg; https://media.rightmove.co.uk:443/dir/crop/10:9-16:9/193k/192446/148595300/192446_NEST_RM_192446_3643758_IMG_15_0001_max_476x317.jpeg; https://media.rightmove.co.uk:443/dir/crop/10:9-16:9/193k/192446/148595300/192446_NEST_RM_192446_3643758_IMG_16_0012_max_476x317.jpeg; https://media.rightmove.co.uk:443/dir/crop/10:9-16:9/193k/192446/148595300/192446_NEST_RM_192446_3643758_IMG_17_0001_max_476x317.jpeg; https://media.rightmove.co.uk:443/dir/crop/10:9-16:9/193k/192446/148595300/192446_NEST_RM_192446_3643758_IMG_18_0001_max_476x317.jpeg; https://media.rightmove.co.uk:443/dir/crop/10:9-16:9/193k/192446/148595300/192446_NEST_RM_192446_3643758_IMG_19_0001_max_476x317.jpeg; https://media.rightmove.co.uk:443/dir/crop/10:9-16:9/193k/192446/148595300/192446_NEST_RM_192446_3643758_IMG_20_0001_max_476x317.jpeg; https://media.rightmove.co.uk:443/dir/crop/10:9-16:9/193k/192446/148595300/192446_NEST_RM_192446_3643758_IMG_21_0001_max_476x317.jpeg; https://media.rightmove.co.uk:443/dir/crop/10:9-16:9/193k/192446/148595300/192446_NEST_RM_192446_3643758_IMG_22_0001_max_476x317.jpeg; https://media.rightmove.co.uk:443/dir/crop/10:9-16:9/193k/192446/148595300/192446_NEST_RM_192446_3643758_IMG_23_0001_max_476x317.jpeg; https://media.rightmove.co.uk:443/dir/crop/10:9-16:9/193k/192446/148595300/192446_NEST_RM_192446_3643758_IMG_24_0001_max_476x317.jpeg; https://media.rightmove.co.uk:443/dir/crop/10:9-16:9/193k/192446/148595300/192446_NEST_RM_192446_3643758_IMG_25_0005_max_476x317.jpeg; https://media.rightmove.co.uk:443/dir/crop/10:9-16:9/193k/192446/148595300/192446_NEST_RM_192446_3643758_IMG_26_0001_max_476x317.jpeg; https://media.rightmove.co.uk:443/dir/crop/10:9-16:9/193k/192446/148595300/192446_NEST_RM_192446_3643758_IMG_27_0001_max_476x317.jpeg; https://media.rightmove.co.uk:443/dir/crop/10:9-16:9/193k/192446/148595300/192446_NEST_RM_192446_3643758_IMG_28_0002_max_476x317.jpeg; https://media.rightmove.co.uk:443/dir/crop/10:9-16:9/193k/192446/148595300/192446_NEST_RM_192446_3643758_IMG_29_0001_max_476x317.jpeg; https://media.rightmove.co.uk:443/dir/crop/10:9-16:9/193k/192446/148595300/192446_NEST_RM_192446_3643758_IMG_30_0002_max_476x317.jpeg; https://media.rightmove.co.uk:443/dir/crop/10:9-16:9/193k/192446/148595300/192446_NEST_RM_192446_3643758_IMG_31_0002_max_476x317.jpeg; https://media.rightmove.co.uk:443/dir/crop/10:9-16:9/193k/192446/148595300/192446_NEST_RM_192446_3643758_IMG_32_0006_max_476x317.jpeg; https://media.rightmove.co.uk:443/dir/crop/10:9-16:9/193k/192446/148595300/192446_NEST_RM_192446_3643758_IMG_33_0010_max_476x317.jpeg; https://media.rightmove.co.uk:443/dir/crop/10:9-16:9/193k/192446/148595300/192446_NEST_RM_192446_3643758_IMG_34_0007_max_476x317.jpeg; https://media.rightmove.co.uk:443/dir/crop/10:9-16:9/193k/192446/148595300/192446_NEST_RM_192446_3643758_IMG_35_0001_max_476x317.jpeg; https://media.rightmove.co.uk:443/dir/crop/10:9-16:9/193k/192446/148595300/192446_NEST_RM_192446_3643758_IMG_36_0001_max_476x317.jpeg; https://media.rightmove.co.uk:443/dir/crop/10:9-16:9/193k/192446/148595300/192446_NEST_RM_192446_3643758_IMG_37_0001_max_476x317.jpeg; https://media.rightmove.co.uk:443/dir/crop/10:9-16:9/193k/192446/148595300/192446_NEST_RM_192446_3643758_IMG_38_0001_max_476x317.jpeg; https://media.rightmove.co.uk:443/dir/crop/10:9-16:9/193k/192446/148595300/192446_NEST_RM_192446_3643758_IMG_39_0001_max_476x317.jpeg; https://media.rightmove.co.uk:443/dir/crop/10:9-16:9/193k/192446/148595300/192446_NEST_RM_192446_3643758_IMG_40_0001_max_476x317.jpeg; https://media.rightmove.co.uk:443/dir/crop/10:9-16:9/193k/192446/148595300/192446_NEST_RM_192446_3643758_IMG_41_0001_max_476x317.jpeg; https://media.rightmove.co.uk:443/dir/crop/10:9-16:9/193k/192446/148595300/192446_NEST_RM_192446_3643758_IMG_42_0001_max_476x317.jpeg; https://media.rightmove.co.uk:443/dir/crop/10:9-16:9/193k/192446/148595300/192446_NEST_RM_192446_3643758_IMG_43_0007_max_476x317.jpeg; https://media.rightmove.co.uk:443/dir/crop/10:9-16:9/193k/192446/148595300/192446_NEST_RM_192446_3643758_IMG_44_0003_max_476x317.jpeg; https://media.rightmove.co.uk:443/dir/crop/10:9-16:9/193k/192446/148595300/192446_NEST_RM_192446_3643758_IMG_45_0006_max_476x317.jpeg; https://media.rightmove.co.uk:443/dir/crop/10:9-16:9/193k/192446/148595300/192446_NEST_RM_192446_3643758_IMG_46_0009_max_476x317.jpeg; https://media.rightmove.co.uk:443/dir/crop/10:9-16:9/193k/192446/148595300/192446_NEST_RM_192446_3643758_IMG_47_0001_max_476x317.jpeg; https://media.rightmove.co.uk:443/dir/crop/10:9-16:9/193k/192446/148595300/192446_NEST_RM_192446_3643758_IMG_48_0001_max_476x317.jpeg; https://media.rightmove.co.uk:443/dir/crop/10:9-16:9/193k/192446/148595300/192446_NEST_RM_192446_3643758_IMG_49_0001_max_476x317.jpeg; https://media.rightmove.co.uk:443/dir/crop/10:9-16:9/193k/192446/148595300/192446_NEST_RM_192446_3643758_IMG_50_0001_max_476x317.jpeg; https://media.rightmove.co.uk:443/dir/crop/10:9-16:9/193k/192446/148595300/192446_NEST_RM_192446_3643758_IMG_51_0001_max_476x317.jpeg; https://media.rightmove.co.uk:443/dir/crop/10:9-16:9/193k/192446/148595300/192446_NEST_RM_192446_3643758_IMG_52_0001_max_476x317.jpeg; https://media.rightmove.co.uk:443/dir/crop/10:9-16:9/193k/192446/148595300/192446_NEST_RM_192446_3643758_IMG_53_0001_max_476x317.jpeg; https://media.rightmove.co.uk:443/dir/crop/10:9-16:9/193k/192446/148595300/192446_NEST_RM_192446_3643758_IMG_54_0001_max_476x317.jpeg; https://media.rightmove.co.uk:443/dir/crop/10:9-16:9/193k/192446/148595300/192446_NEST_RM_192446_3643758_IMG_55_0001_max_476x317.jpeg; https://media.rightmove.co.uk:443/dir/crop/10:9-16:9/193k/192446/148595300/192446_NEST_RM_192446_3643758_IMG_56_0001_max_476x317.jpeg; https://media.rightmove.co.uk:443/dir/crop/10:9-16:9/193k/192446/148595300/192446_NEST_RM_192446_3643758_IMG_57_0001_max_476x317.jpeg; https://media.rightmove.co.uk:443/dir/crop/10:9-16:9/193k/192446/148595300/192446_NEST_RM_192446_3643758_IMG_58_0003_max_476x317.jpeg; https://media.rightmove.co.uk:443/dir/crop/10:9-16:9/193k/192446/148595300/192446_NEST_RM_192446_3643758_IMG_59_0004_max_476x317.jpeg; https://media.rightmove.co.uk:443/dir/crop/10:9-16:9/193k/192446/148595300/192446_NEST_RM_192446_3643758_IMG_60_0001_max_476x317.jpeg; https://media.rightmove.co.uk:443/dir/crop/10:9-16:9/193k/192446/148595300/192446_NEST_RM_192446_3643758_IMG_61_0001_max_476x317.jpeg; https://media.rightmove.co.uk:443/dir/crop/10:9-16:9/193k/192446/148595300/192446_NEST_RM_192446_3643758_IMG_62_0001_max_476x317.jpeg; https://media.rightmove.co.uk:443/dir/crop/10:9-16:9/193k/192446/148595300/192446_NEST_RM_192446_3643758_IMG_63_0001_max_476x317.jpeg; https://media.rightmove.co.uk:443/dir/crop/10:9-16:9/193k/192446/148595300/192446_NEST_RM_192446_3643758_IMG_64_0001_max_476x317.jpeg; https://media.rightmove.co.uk:443/dir/crop/10:9-16:9/193k/192446/148595300/192446_NEST_RM_192446_3643758_IMG_65_0001_max_476x317.jpeg; https://media.rightmove.co.uk:443/dir/crop/10:9-16:9/193k/192446/148595300/192446_NEST_RM_192446_3643758_IMG_66_0001_max_476x317.jpeg; https://media.rightmove.co.uk:443/dir/crop/10:9-16:9/193k/192446/148595300/192446_NEST_RM_192446_3643758_IMG_67_0001_max_476x317.jpeg; https://media.rightmove.co.uk:443/dir/crop/10:9-16:9/193k/192446/148595300/192446_NEST_RM_192446_3643758_IMG_68_0001_max_476x317.jpeg; https://media.rightmove.co.uk:443/dir/crop/10:9-16:9/193k/192446/148595300/192446_NEST_RM_192446_3643758_IMG_69_0001_max_476x317.jpeg; https://media.rightmove.co.uk:443/dir/crop/10:9-16:9/193k/192446/148595300/192446_NEST_RM_192446_3643758_IMG_70_0001_max_476x317.jpeg; https://media.rightmove.co.uk:443/dir/crop/10:9-16:9/193k/192446/148595300/192446_NEST_RM_192446_3643758_IMG_71_0001_max_476x317.jpeg; https://media.rightmove.co.uk:443/dir/crop/10:9-16:9/193k/192446/148595300/192446_NEST_RM_192446_3643758_IMG_72_0007_max_476x317.jpeg; https://media.rightmove.co.uk:443/dir/crop/10:9-16:9/193k/192446/148595300/192446_NEST_RM_192446_3643758_IMG_73_0001_max_476x317.jpeg; https://media.rightmove.co.uk:443/dir/crop/10:9-16:9/193k/192446/148595300/192446_NEST_RM_192446_3643758_IMG_74_0001_max_476x317.jpeg; https://media.rightmove.co.uk:443/dir/crop/10:9-16:9/193k/192446/148595300/192446_NEST_RM_192446_3643758_IMG_75_0001_max_476x317.jpeg; https://media.rightmove.co.uk:443/dir/crop/10:9-16:9/193k/192446/148595300/192446_NEST_RM_192446_3643758_IMG_76_0001_max_476x317.jpeg; https://media.rightmove.co.uk:443/dir/crop/10:9-16:9/193k/192446/148595300/192446_NEST_RM_192446_3643758_IMG_77_0001_max_476x317.jpeg; https://media.rightmove.co.uk:443/dir/crop/10:9-16:9/193k/192446/148595300/192446_NEST_RM_192446_3643758_IMG_78_0001_max_476x317.jpeg; https://media.rightmove.co.uk:443/dir/crop/10:9-16:9/193k/192446/148595300/192446_NEST_RM_192446_3643758_IMG_79_0001_max_476x317.jpeg; https://media.rightmove.co.uk:443/dir/crop/10:9-16:9/193k/192446/148595300/192446_NEST_RM_192446_3643758_IMG_80_0001_max_476x317.jpeg; https://media.rightmove.co.uk:443/dir/crop/10:9-16:9/193k/192446/148595300/192446_NEST_RM_192446_3643758_IMG_81_0002_max_476x317.jpeg"
"148369463","Hampshire","Land","Land at Ingoldfield Lane, Soberton, SO32 3QA","£350,000","Guide Price","","","54,014 sq. ft.","54014","54014","5018","5018","A unique opportunity to acquire land with Planning Approval for two Holiday Lodges totalling 1.24 acres (0.50 ha)","https://www.rightmove.co.uk/properties/148369463#/?channel=COM_BUY","2024-05-28T13:36:19Z","","new","Marketed by Ian Judd & Partners, Bishops Waltham","","50.92641","-1.13065","https://media.rightmove.co.uk:443/dir/crop/10:9-16:9/35k/34437/148369463/34437_HERBINGOLDFIELD_IMG_00_0000_max_476x317.jpeg; https://media.rightmove.co.uk:443/dir/crop/10:9-16:9/35k/34437/148369463/34437_HERBINGOLDFIELD_IMG_01_0000_max_476x317.jpeg; https://media.rightmove.co.uk:443/dir/crop/10:9-16:9/35k/34437/148369463/34437_HERBINGOLDFIELD_IMG_02_0000_max_476x317.jpeg; https://media.rightmove.co.uk:443/dir/crop/10:9-16:9/35k/34437/148369463/34437_HERBINGOLDFIELD_IMG_03_0000_max_476x317.jpeg; https://media.rightmove.co.uk:443/dir/crop/10:9-16:9/35k/34437/148369463/34437_HERBINGOLDFIELD_IMG_04_0000_max_476x317.jpeg; https://media.rightmove.co.uk:443/dir/crop/10:9-16:9/35k/34437/148369463/34437_HERBINGOLDFIELD_IMG_05_0000_max_476x317.jpeg"
"143230292","Hampshire","Distribution Warehouse","Unit 3 Winchester Hill Business Park, Winchester Hill, Romsey, SO51 7UT","£725,000","","","","2,896 sq. ft.","2896","2896","269","269","New build light industrial unit for sale or lease","https://www.rightmove.co.uk/properties/143230292#/?channel=COM_BUY","2023-12-28T09:31:19Z","","price_reduced","Marketed by Hellier Langston Commercial Agents, Southampton","","50.993183","-1.482706","https://media.rightmove.co.uk:443/dir/crop/10:9-16:9/121k/120028/143230292/120028_191426-1_IMG_10_0000_max_476x317.jpeg; https://media.rightmove.co.uk:443/dir/crop/10:9-16:9/121k/120028/143230292/120028_191426-1_IMG_04_0001_max_476x317.jpeg; https://media.rightmove.co.uk:443/dir/crop/10:9-16:9/121k/120028/143230292/120028_191426-1_IMG_06_0001_max_476x317.jpeg; https://media.rightmove.co.uk:443/dir/crop/10:9-16:9/121k/120028/143230292/120028_191426-1_IMG_02_0001_max_476x317.jpeg; https://media.rightmove.co.uk:443/dir/crop/10:9-16:9/121k/120028/143230292/120028_191426-1_IMG_07_0001_max_476x317.jpeg; https://media.rightmove.co.uk:443/dir/crop/10:9-16:9/121k/120028/143230292/120028_191426-1_IMG_08_0002_max_476x317.jpeg; https://media.rightmove.co.uk:443/dir/crop/10:9-16:9/121k/120028/143230292/120028_191426-1_IMG_09_0001_max_476x317.jpeg; https://media.rightmove.co.uk:443/dir/crop/10:9-16:9/121k/120028/143230292/120028_191426-1_IMG_11_0000_max_476x317.jpeg"
"143230382","Hampshire","Distribution Warehouse","Unit 6 Winchester Hill Business Park, Winchester Hill, Romsey, SO51 7UT","£520,000","","","","2,078 sq. ft.","2078","2078","193","193","New build light industrial unit for sale or lease","https://www.rightmove.co.uk/properties/143230382#/?channel=COM_BUY","2023-12-28T09:36:48Z","","price_reduced","Marketed by Hellier Langston Commercial Agents, Southampton","","50.993183","-1.482706","https://media.rightmove.co.uk:443/dir/crop/10:9-16:9/121k/120028/143230382/120028_191428-1_IMG_10_0000_max_476x317.jpeg; https://media.rightmove.co.uk:443/dir/crop/10:9-16:9/121k/120028/143230382/120028_191428-1_IMG_09_0000_max_476x317.jpeg; https://media.rightmove.co.uk:443/dir/crop/10:9-16:9/121k/120028/143230382/120028_191428-1_IMG_08_0000_max_476x317.jpeg; https://media.rightmove.co.uk:443/dir/crop/10:9-16:9/121k/120028/143230382/120028_191428-1_IMG_11_0000_max_476x317.jpeg"
"143230442","Hampshire","Distribution Warehouse","Unit 7 Winchester Hill Business Park, Winchester Hill, Romsey, SO51 7UT","£560,000","","","","2,239 sq. ft.","2239","2239","208","208","New build light industrial unit for sale or lease","https://www.rightmove.co.uk/properties/143230442#/?channel=COM_BUY","2023-12-28T09:39:56Z","","price_reduced","Marketed by Hellier Langston Commercial Agents, Southampton","","50.993183","-1.482706","https://media.rightmove.co.uk:443/dir/crop/10:9-16:9/121k/120028/143230442/120028_191431-1_IMG_12_0000_max_476x317.jpeg; https://media.rightmove.co.uk:443/dir/crop/10:9-16:9/121k/120028/143230442/120028_191431-1_IMG_05_0001_max_476x317.jpeg; https://media.rightmove.co.uk:443/dir/crop/10:9-16:9/121k/120028/143230442/120028_191431-1_IMG_14_0000_max_476x317.jpeg; https://media.rightmove.co.uk:443/dir/crop/10:9-16:9/121k/120028/143230442/120028_191431-1_IMG_11_0000_max_476x317.jpeg; https://media.rightmove.co.uk:443/dir/crop/10:9-16:9/121k/120028/143230442/120028_191431-1_IMG_13_0000_max_476x317.jpeg"
"148199495","Hampshire","Land","Lymore Lane, Milford on Sea","£325,000","","","","","","","","","Approximately 4 acres (within an 8 acre site) of open grazing land within the Green Belt, situated on the outskirts of Milford on Sea/Everton. The land is currently used as separate paddocks. Access is via Lymore Lane, a short distance from the A337.","https://www.rightmove.co.uk/properties/148199495#/?channel=COM_BUY","2024-05-20T16:45:57Z","","price_reduced","Marketed by Collins & Butler LTD, Milford on Sea","","50.74205","-1.58626","https://media.rightmove.co.uk:443/dir/crop/10:9-16:9/51k/50352/148199495/50352_Lymoreland4acre_IMG_00_0000_max_476x317.jpeg; https://media.rightmove.co.uk:443/dir/crop/10:9-16:9/51k/50352/148199495/50352_Lymoreland4acre_IMG_01_0000_max_476x317.jpeg; https://media.rightmove.co.uk:443/dir/crop/10:9-16:9/51k/50352/148199495/50352_Lymoreland4acre_IMG_02_0000_max_476x317.jpeg; https://media.rightmove.co.uk:443/dir/crop/10:9-16:9/51k/50352/148199495/50352_Lymoreland4acre_IMG_03_0000_max_476x317.jpeg; https://media.rightmove.co.uk:443/dir/crop/10:9-16:9/51k/50352/148199495/50352_Lymoreland4acre_IMG_04_0000_max_476x317.jpeg; https://media.rightmove.co.uk:443/dir/crop/10:9-16:9/51k/50352/148199495/50352_Lymoreland4acre_IMG_05_0000_max_476x317.jpeg"
"147978839","Hampshire","Distribution Warehouse","Richmond Fareham, Hackett Way, Fareham, Hampshire, PO14","POA","","","","119,354 sq. ft.","119354","119354","11088","11088","The site is effectively in two parts, firstly the front detached showroom and workshop building with first floor offices and car sales display which benefits from extensive frontage and prominence to Newgate Lane. Secondly to the rear are two semi-detached industrial / warehouse units with yard ...","https://www.rightmove.co.uk/properties/147978839#/?channel=COM_BUY","2024-05-14T15:24:54Z","","size_change","Marketed by Lambert Smith Hampton, Fareham","","50.840626","-1.184738","https://media.rightmove.co.uk:443/dir/crop/10:9-16:9/169k/168011/147978839/168011_2049097FH_IMG_00_0001_max_476x317.jpeg; https://media.rightmove.co.uk:443/dir/crop/10:9-16:9/169k/168011/147978839/168011_2049097FH_IMG_01_0001_max_476x317.jpeg"
"147746372","Hampshire","Office","39-41 Lower Canal Walk, Southampton, Hampshire, SO14 1AS","£400,000","","","","8,050 sq. ft.","8050","8050","748","748","The property occupies a central location in the predominantly residential French Quarter of Southampton. The property is within walking distance of the High Street, West Quay Shopping Centre and Ocean Village. The property is located in Southampton City Centre in the French Quarter which is a mi...","https://www.rightmove.co.uk/properties/147746372#/?channel=COM_BUY","2024-05-08T15:24:56Z","","new","Marketed by Mava Real Estate, Southampton","","50.897671","-1.402499","https://media.rightmove.co.uk:443/dir/crop/10:9-16:9/97k/96725/147746372/96725_7417FH_IMG_00_0000_max_476x317.jpeg; https://media.rightmove.co.uk:443/dir/crop/10:9-16:9/97k/96725/147746372/96725_7417FH_IMG_01_0000_max_476x317.jpeg; https://media.rightmove.co.uk:443/dir/crop/10:9-16:9/97k/96725/147746372/96725_7417FH_IMG_02_0000_max_476x317.jpeg; https://media.rightmove.co.uk:443/dir/crop/10:9-16:9/97k/96725/147746372/96725_7417FH_IMG_03_0000_max_476x317.jpeg; https://media.rightmove.co.uk:443/dir/crop/10:9-16:9/97k/96725/147746372/96725_7417FH_IMG_04_0000_max_476x317.jpeg; https://media.rightmove.co.uk:443/dir/crop/10:9-16:9/97k/96725/147746372/96725_7417FH_IMG_05_0000_max_476x317.jpeg; https://media.rightmove.co.uk:443/dir/crop/10:9-16:9/97k/96725/147746372/96725_7417FH_IMG_06_0000_max_476x317.jpeg"
"146915234","Hampshire","Pub","White Horse Inn, South Hill, Droxford, Southampton, Hampshire, SO32 3PB","£450,000","","5","","","","","","","HAMPSHIRE - CHARACTER VILLAGE PUBLIC HOUSE IN NATIONAL PARK","https://www.rightmove.co.uk/properties/146915234#/?channel=COM_BUY","2024-04-17T10:43:49Z","","new","Marketed by Sidney Phillips Limited, South West","","50.95942","-1.13895","https://media.rightmove.co.uk:443/dir/crop/10:9-16:9/206k/205034/146915234/205034_94388_IMG_00_0000_max_476x317.png; https://media.rightmove.co.uk:443/dir/crop/10:9-16:9/206k/205034/146915234/205034_94388_IMG_01_0000_max_476x317.png"
"146595257","Hampshire","Plot","Portersbridge Street, Romsey, Hampshire, SO51","£250,000","Guide Price","","","","","","","","An exciting and rare opportunity to purchase a single dwelling site with full planning consent in central Romsey.","https://www.rightmove.co.uk/properties/146595257#/?channel=COM_BUY","2024-04-09T10:18:38Z","","new","Marketed by Woolley & Wallis, Romsey","","50.990636","-1.499084","https://media.rightmove.co.uk:443/dir/crop/10:9-16:9/51k/50005/146595257/50005_ROM240099_IMG_00_0000_max_476x317.jpeg; https://media.rightmove.co.uk:443/dir/crop/10:9-16:9/51k/50005/146595257/50005_ROM240099_IMG_01_0000_max_476x317.jpeg"
"146487032","Hampshire","Storage","Lumsden Road, Southsea PO4 9LN","£15,000","Guide Price","","","","","","","","TO BE SOLD BY PUBLIC AUCTION AT A DATE TO BE CONFIRMED (UNLESS SOLD PREVIOUSLY). GUIDE PRICE:  £15,000. We invite IMMEDIATE CASH OFFERS, prior to possible Public Auction, from investors and end-users for this VACANT purpose-built, lock-up SECOND FLOOR STORE (380 sq. ft. app...","https://www.rightmove.co.uk/properties/146487032#/?channel=COM_BUY","2024-04-05T14:27:24Z","","new","Marketed by Nesbits, Southsea","","50.78833","-1.040235","https://media.rightmove.co.uk:443/dir/crop/10:9-16:9/22k/21191/146487032/21191_S896933_IMG_00_0000_max_476x317.jpeg; https://media.rightmove.co.uk:443/dir/crop/10:9-16:9/22k/21191/146487032/21191_S896933_IMG_01_0000_max_476x317.jpeg; https://media.rightmove.co.uk:443/dir/crop/10:9-16:9/22k/21191/146487032/21191_S896933_IMG_02_0000_max_476x317.jpeg; https://media.rightmove.co.uk:443/dir/crop/10:9-16:9/22k/21191/146487032/21191_S896933_IMG_03_0000_max_476x317.jpeg; https://media.rightmove.co.uk:443/dir/crop/10:9-16:9/22k/21191/146487032/21191_S896933_IMG_04_0000_max_476x317.jpeg; https://media.rightmove.co.uk:443/dir/crop/10:9-16:9/22k/21191/146487032/21191_S896933_IMG_05_0000_max_476x317.jpeg; https://media.rightmove.co.uk:443/dir/crop/10:9-16:9/22k/21191/146487032/21191_S896933_IMG_06_0000_max_476x317.jpeg; https://media.rightmove.co.uk:443/dir/crop/10:9-16:9/22k/21191/146487032/21191_S896933_IMG_07_0000_max_476x317.jpeg"
"146442005","Hampshire","Marine Property","Upper Quay Marina, Fareham","£1,200,000","Offers in Region of","","","","","","","","Fry & Kent are delighted to market for sale this unique 65-berth MARINA situated in an IDYLLIC backwater location along Upper Fareham Lake, Hampshire, just off the A27 close to Fareham Town Centre and the park. The waters at this long-established BOATING facility are held under the terms...","https://www.rightmove.co.uk/properties/146442005#/?channel=COM_BUY","2024-04-04T15:31:23Z","","new","Marketed by Fry & Kent, Southsea","","50.850037","-1.176832","https://media.rightmove.co.uk:443/dir/crop/10:9-16:9/11k/10750/146442005/10750_10994953_IMG_00_0000_max_476x317.jpeg; https://media.rightmove.co.uk:443/dir/crop/10:9-16:9/11k/10750/146442005/10750_10994953_IMG_01_0000_max_476x317.jpeg; https://media.rightmove.co.uk:443/dir/crop/10:9-16:9/11k/10750/146442005/10750_10994953_IMG_02_0000_max_476x317.jpeg; https://media.rightmove.co.uk:443/dir/crop/10:9-16:9/11k/10750/146442005/10750_10994953_IMG_03_0000_max_476x317.jpeg; https://media.rightmove.co.uk:443/dir/crop/10:9-16:9/11k/10750/146442005/10750_10994953_IMG_04_0000_max_476x317.jpeg; https://media.rightmove.co.uk:443/dir/crop/10:9-16:9/11k/10750/146442005/10750_10994953_IMG_05_0000_max_476x317.jpeg; https://media.rightmove.co.uk:443/dir/crop/10:9-16:9/11k/10750/146442005/10750_10994953_IMG_06_0000_max_476x317.jpeg; https://media.rightmove.co.uk:443/dir/crop/10:9-16:9/11k/10750/146442005/10750_10994953_IMG_07_0000_max_476x317.jpeg; https://media.rightmove.co.uk:443/dir/crop/10:9-16:9/11k/10750/146442005/10750_10994953_IMG_08_0000_max_476x317.jpeg; https://media.rightmove.co.uk:443/dir/crop/10:9-16:9/11k/10750/146442005/10750_10994953_IMG_09_0000_max_476x317.jpeg; https://media.rightmove.co.uk:443/dir/crop/10:9-16:9/11k/10750/146442005/10750_10994953_IMG_10_0000_max_476x317.jpeg; https://media.rightmove.co.uk:443/dir/crop/10:9-16:9/11k/10750/146442005/10750_10994953_IMG_11_0000_max_476x317.jpeg; https://media.rightmove.co.uk:443/dir/crop/10:9-16:9/11k/10750/146442005/10750_10994953_IMG_12_0000_max_476x317.jpeg; https://media.rightmove.co.uk:443/dir/crop/10:9-16:9/11k/10750/146442005/10750_10994953_IMG_13_0000_max_476x317.jpeg; https://media.rightmove.co.uk:443/dir/crop/10:9-16:9/11k/10750/146442005/10750_10994953_IMG_14_0000_max_476x317.jpeg; https://media.rightmove.co.uk:443/dir/crop/10:9-16:9/11k/10750/146442005/10750_10994953_IMG_15_0000_max_476x317.jpeg; https://media.rightmove.co.uk:443/dir/crop/10:9-16:9/11k/10750/146442005/10750_10994953_IMG_16_0000_max_476x317.jpeg; https://media.rightmove.co.uk:443/dir/crop/10:9-16:9/11k/10750/146442005/10750_10994953_IMG_17_0000_max_476x317.jpeg; https://media.rightmove.co.uk:443/dir/crop/10:9-16:9/11k/10750/146442005/10750_10994953_IMG_18_0000_max_476x317.jpeg; https://media.rightmove.co.uk:443/dir/crop/10:9-16:9/11k/10750/146442005/10750_10994953_IMG_19_0000_max_476x317.jpeg"
"145867397","Hampshire","Commercial Development","Former Colt International Site, New Lane, Havant, Hampshire, PO9","POA","","","","84,071 sq. ft.","84071","84071","7810","7810","Lambert Smith Hampton (LSH) have been appointed by Homes England to market this employment site, located at the junction of New Lane and Bartons Road, Havant, enjoying prominent road frontage. The site was formerly occupied by Colt International and was acquired by Homes England in 2017, who lat...","https://www.rightmove.co.uk/properties/145867397#/?channel=COM_BUY","2024-03-18T17:19:07Z","","new","Marketed by Lambert Smith Hampton, Fareham","","50.866676","-0.968711","https://media.rightmove.co.uk:443/dir/crop/10:9-16:9/169k/168011/145867397/168011_2047689FH_IMG_03_0001_max_476x317.jpeg; https://media.rightmove.co.uk:443/dir/crop/10:9-16:9/169k/168011/145867397/168011_2047689FH_IMG_01_0000_max_476x317.jpeg"
"86788326","Hampshire","Commercial Development","Clock House, Spur Road, Cosham, Portsmouth, PO6 3DY","£950,000","","","","8,625 sq. ft.","8625","8625","801","801","DEVELOPMENT LAND - FOR SALE Consented 44 units PBSA development site close to the Queen Alexandra Hospital, Portsmouth","https://www.rightmove.co.uk/properties/86788326#/?channel=COM_BUY","2024-03-05T12:54:30Z","","new","Marketed by Vail Williams, Portsmouth","","50.846391","-1.067693","https://media.rightmove.co.uk:443/dir/crop/10:9-16:9/86k/85879/86788326/85879_198342-1_IMG_03_0003_max_476x317.jpeg; https://media.rightmove.co.uk:443/dir/crop/10:9-16:9/86k/85879/86788326/85879_198342-1_IMG_00_0000_max_476x317.jpeg; https://media.rightmove.co.uk:443/dir/crop/10:9-16:9/86k/85879/86788326/85879_198342-1_IMG_01_0001_max_476x317.jpeg; https://media.rightmove.co.uk:443/dir/crop/10:9-16:9/86k/85879/86788326/85879_198342-1_IMG_02_0000_max_476x317.jpeg"
"145269803","Hampshire","Distribution Warehouse","Unit 8, Arnside Road, Waterlooville, Hampshire, PO7","POA","","","","16,324 sq. ft.","16324","16324","1517","1517","Unit 8 comprises a detached industrial unit with a steel portal frame clear span warehouse with single storey extension to the rear plus mezzanine storage together with two storey attached offices. Externally, there is a secure yard and forecourt car parking.","https://www.rightmove.co.uk/properties/145269803#/?channel=COM_BUY","2024-02-29T15:54:43Z","","new","Marketed by Lambert Smith Hampton, Southampton","","50.883263","-1.032253","https://media.rightmove.co.uk:443/dir/crop/10:9-16:9/183k/182711/145269803/182711_2051847FH_IMG_00_0001_max_476x317.jpeg; https://media.rightmove.co.uk:443/dir/crop/10:9-16:9/183k/182711/145269803/182711_2051847FH_IMG_01_0001_max_476x317.jpeg; https://media.rightmove.co.uk:443/dir/crop/10:9-16:9/183k/182711/145269803/182711_2051847FH_IMG_02_0000_max_476x317.jpeg"
"148621397","Hampshire","Distribution Warehouse","Plot 9A - 9C, Andover Business Park, Andover, Hampshire, SP11","POA","","","","21,280–39,340 sq. ft.","21280","39340","1977","3655","To Let / For Sale - Three units on a well established mixed-use development. Located just two miles from Andover town centre, Andover Business Park is an established location for distribution and logistics, home to leading companies such as the Co-operative Group, Westcoast, Rich Products, Berry...","https://www.rightmove.co.uk/properties/148621397#/?channel=COM_BUY","2024-05-31T17:54:00Z","","new","Marketed by Knight Frank, Logistics and Industrial - Commercial","","51.210673","-1.519526","https://media.rightmove.co.uk:443/dir/crop/10:9-16:9/156k/155477/148621397/155477_LIC012448195_IMG_00_0006_max_476x317.jpeg; https://media.rightmove.co.uk:443/dir/crop/10:9-16:9/156k/155477/148621397/155477_LIC012448195_IMG_01_0006_max_476x317.jpeg; https://media.rightmove.co.uk:443/dir/crop/10:9-16:9/156k/155477/148621397/155477_LIC012448195_IMG_02_0006_max_476x317.jpeg; https://media.rightmove.co.uk:443/dir/crop/10:9-16:9/156k/155477/148621397/155477_LIC012448195_IMG_03_0006_max_476x317.jpeg; https://media.rightmove.co.uk:443/dir/crop/10:9-16:9/156k/155477/148621397/155477_LIC012448195_IMG_04_0006_max_476x317.jpeg; https://media.rightmove.co.uk:443/dir/crop/10:9-16:9/156k/155477/148621397/155477_LIC012448195_IMG_05_0006_max_476x317.jpeg"
"148621427","Hampshire","Distribution Warehouse","Plot 8, Andover Business Park, Andover, Hampshire, SP11","POA","","","","82,810 sq. ft.","82810","82810","7693","7693","To Let / For Sale - Industrial/distribution unit on a well established mixed-use development Located just two miles from Andover town centre, Andover Business Park is an established location for distribution and logistics, home to leading companies such as the Co-operative Group, Westcoast, Rich...","https://www.rightmove.co.uk/properties/148621427#/?channel=COM_BUY","2024-05-31T17:54:22Z","","new","Marketed by Knight Frank, Logistics and Industrial - Commercial","","51.210673","-1.519526","https://media.rightmove.co.uk:443/dir/crop/10:9-16:9/156k/155477/148621427/155477_LIC012476137_IMG_00_0006_max_476x317.jpeg; https://media.rightmove.co.uk:443/dir/crop/10:9-16:9/156k/155477/148621427/155477_LIC012476137_IMG_01_0006_max_476x317.jpeg; https://media.rightmove.co.uk:443/dir/crop/10:9-16:9/156k/155477/148621427/155477_LIC012476137_IMG_02_0006_max_476x317.jpeg; https://media.rightmove.co.uk:443/dir/crop/10:9-16:9/156k/155477/148621427/155477_LIC012476137_IMG_03_0006_max_476x317.jpeg; https://media.rightmove.co.uk:443/dir/crop/10:9-16:9/156k/155477/148621427/155477_LIC012476137_IMG_04_0006_max_476x317.jpeg"
"723050902054257","Hampshire","Light Industrial","Plot 8 Andover Business Park, Monxton Road, Andover, SP11 8HT","POA","","","","82,810 sq. ft.","82810","82810","7693","7693","Build to Suit Opportunity - 82,810 sq ft","https://www.rightmove.co.uk/properties/723050902054257#/?channel=COM_BUY","2025-12-04T12:51:03Z","","new","Marketed by Savills, Margaret Street - Industrial","","51.209143","-1.532814","https://media.rightmove.co.uk:443/dir/crop/10:9-16:9/215k/214130/723050902054257/214130_120065-1_IMG_00_0000_max_476x317.jpeg; https://media.rightmove.co.uk:443/dir/crop/10:9-16:9/215k/214130/723050902054257/214130_120065-1_IMG_01_0000_max_476x317.jpeg; https://media.rightmove.co.uk:443/dir/crop/10:9-16:9/215k/214130/723050902054257/214130_120065-1_IMG_02_0000_max_476x317.jpeg; https://media.rightmove.co.uk:443/dir/crop/10:9-16:9/215k/214130/723050902054257/214130_120065-1_IMG_03_0000_max_476x317.jpeg; https://media.rightmove.co.uk:443/dir/crop/10:9-16:9/215k/214130/723050902054257/214130_120065-1_IMG_04_0000_max_476x317.jpeg"
"723048297388240","Hampshire","Light Industrial","Andover Business Park, Andover Park, Andover, Hampshire, SP11 8HT","POA","","","","25,000–82,000 sq. ft.","25000","82000","2323","7618","Detailed Planning Consent for 30,000-82,000 sq ft Industrial Units","https://www.rightmove.co.uk/properties/723048297388240#/?channel=COM_BUY","2025-12-04T11:13:07Z","","new","Marketed by Savills, Margaret Street - Industrial","","51.2063","-1.5205","https://media.rightmove.co.uk:443/dir/crop/10:9-16:9/215k/214130/723048297388240/214130_8421-1_IMG_00_0000_max_476x317.jpeg; https://media.rightmove.co.uk:443/dir/crop/10:9-16:9/215k/214130/723048297388240/214130_8421-1_IMG_01_0000_max_476x317.jpeg; https://media.rightmove.co.uk:443/dir/crop/10:9-16:9/215k/214130/723048297388240/214130_8421-1_IMG_02_0000_max_476x317.jpeg; https://media.rightmove.co.uk:443/dir/crop/10:9-16:9/215k/214130/723048297388240/214130_8421-1_IMG_03_0000_max_476x317.jpeg; https://media.rightmove.co.uk:443/dir/crop/10:9-16:9/215k/214130/723048297388240/214130_8421-1_IMG_04_0000_max_476x317.jpeg; https://media.rightmove.co.uk:443/dir/crop/10:9-16:9/215k/214130/723048297388240/214130_8421-1_IMG_05_0000_max_476x317.jpeg; https://media.rightmove.co.uk:443/dir/crop/10:9-16:9/215k/214130/723048297388240/214130_8421-1_IMG_06_0000_max_476x317.jpeg; https://media.rightmove.co.uk:443/dir/crop/10:9-16:9/215k/214130/723048297388240/214130_8421-1_IMG_07_0000_max_476x317.jpeg; https://media.rightmove.co.uk:443/dir/crop/10:9-16:9/215k/214130/723048297388240/214130_8421-1_IMG_08_0000_max_476x317.jpeg"
"139889939","Hampshire","Light Industrial","Resi Development Opportunity, Andover, Andover, SP10","£1,250,000","Guide Price","","","","","","","","** Development Opportunity STP ** Belvoir Commercial are delighted to bring to the market this exciting development opportunity (STP) in the centre of town that could facilitate more than 30 individual dwellings.","https://www.rightmove.co.uk/properties/139889939#/?channel=COM_BUY","2023-09-13T11:36:04Z","","price_reduced","Marketed by Belvoir, Andover","","51.20648","-1.48005","https://media.rightmove.co.uk:443/dir/crop/10:9-16:9/56k/55956/139889939/55956_P2142_IMG_00_0000_max_476x317.jpeg"
"141913052","Hampshire","Office","5 Turnberry House, 4400 Parkway, Fareham, Hampshire, PO15","£750,000","Guide Price","","","4,283 sq. ft.","4283","4283","398","398","Self contained two storey office building. Open plan office building with raised floors and air conditioning. 16 car parking spaces. ","https://www.rightmove.co.uk/properties/141913052#/?channel=COM_BUY","2023-11-10T13:39:10Z","","new","Marketed by CBRE Southampton, CBRE Southampton","","50.87929","-1.23846","https://media.rightmove.co.uk:443/dir/crop/10:9-16:9/199k/198443/141913052/198443_Turnberry_IMG_00_0000_max_476x317.jpeg; https://media.rightmove.co.uk:443/dir/crop/10:9-16:9/199k/198443/141913052/198443_Turnberry_IMG_01_0000_max_476x317.jpeg; https://media.rightmove.co.uk:443/dir/crop/10:9-16:9/199k/198443/141913052/198443_Turnberry_IMG_02_0000_max_476x317.jpeg"
"141573599","Hampshire","Distribution Warehouse","Unit 6 Focus 303 Business Centre, Focus Way, Walworth Industrial Estate, Andover, Hampshire, SP10","POA","","","","1,863 sq. ft.","1863","1863","173","173","Unit 6 is an end terrace business unit with a ground floor workshop/storage area which has a suspended ceiling. The unit is accessed via a separate pedestrian door or manual loading door. On the first floor there is an office with carpet tiles, suspended ceiling and LED light panels. WC facilit...","https://www.rightmove.co.uk/properties/141573599#/?channel=COM_BUY","2023-11-02T09:52:13Z","","size_change","Marketed by Lambert Smith Hampton, Fareham","","51.214138","-1.45687","https://media.rightmove.co.uk:443/dir/crop/10:9-16:9/169k/168011/141573599/168011_2051515FH_IMG_00_0001_max_476x317.jpeg; https://media.rightmove.co.uk:443/dir/crop/10:9-16:9/169k/168011/141573599/168011_2051515FH_IMG_01_0001_max_476x317.jpeg; https://media.rightmove.co.uk:443/dir/crop/10:9-16:9/169k/168011/141573599/168011_2051515FH_IMG_05_0000_max_476x317.jpeg; https://media.rightmove.co.uk:443/dir/crop/10:9-16:9/169k/168011/141573599/168011_2051515FH_IMG_02_0001_max_476x317.jpeg; https://media.rightmove.co.uk:443/dir/crop/10:9-16:9/169k/168011/141573599/168011_2051515FH_IMG_03_0001_max_476x317.jpeg; https://media.rightmove.co.uk:443/dir/crop/10:9-16:9/169k/168011/141573599/168011_2051515FH_IMG_04_0001_max_476x317.jpeg"
"141573527","Hampshire","Distribution Warehouse","Units 1 To 2 Focus 303 Business Centre, Focus Way, Walworth Industrial Estate, Andover, Hampshire, SP10","POA","","","","1,968–3,936 sq. ft.","1968","3936","183","366","Units 1 & 2 are of blockwork construction with glass frontage. Access to the units is via two manual loading doors or separate pedestrian entrances. Internally the units offer ground floor storage/industrial space with kitchenette and WC facilities. Unit 1 benefits from mezzanine office accomm...","https://www.rightmove.co.uk/properties/141573527#/?channel=COM_BUY","2023-11-02T09:50:58Z","","new","Marketed by Lambert Smith Hampton, Fareham","","51.213943","-1.457331","https://media.rightmove.co.uk:443/dir/crop/10:9-16:9/property-photo/f951bdec7/141573527/f951bdec7c7fe86e1e8837c8d874b42f_max_476x317.jpeg; https://media.rightmove.co.uk:443/dir/crop/10:9-16:9/property-photo/a157364a5/141573527/a157364a58b579543fae391be414a483_max_476x317.jpeg; https://media.rightmove.co.uk:443/dir/crop/10:9-16:9/property-photo/99cb49d04/141573527/99cb49d0444f388ad443358920ad94ca_max_476x317.jpeg; https://media.rightmove.co.uk:443/dir/crop/10:9-16:9/property-photo/d9251b0b7/141573527/d9251b0b7cb3548ccb30c8dbe0ba21b6_max_476x317.jpeg; https://media.rightmove.co.uk:443/dir/crop/10:9-16:9/property-photo/158ede16f/141573527/158ede16f8607fba0433f7b90ced538d_max_476x317.jpeg; https://media.rightmove.co.uk:443/dir/crop/10:9-16:9/property-photo/a6393e0ac/141573527/a6393e0acd5fe132dcf095ed855b45c7_max_476x317.jpeg; https://media.rightmove.co.uk:443/dir/crop/10:9-16:9/property-photo/91b1a50cc/141573527/91b1a50ccbb38d518847297a40276e6a_max_476x317.jpeg"
"141516560","Hampshire","Office","Oculis House, Eddystone Road, Southampton, SO40 3SA","£1,000,000","","","","4,300 sq. ft.","4300","4300","399","399","Self-Contained Office - For Sale","https://www.rightmove.co.uk/properties/141516560#/?channel=COM_BUY","2023-11-01T09:29:08Z","","new","Marketed by Vail Williams, Southampton","","50.933088","-1.507284","https://media.rightmove.co.uk:443/dir/crop/10:9-16:9/102k/101996/141516560/101996_181207-1_IMG_00_0000_max_476x317.jpeg; https://media.rightmove.co.uk:443/dir/crop/10:9-16:9/102k/101996/141516560/101996_181207-1_IMG_01_0000_max_476x317.jpeg; https://media.rightmove.co.uk:443/dir/crop/10:9-16:9/102k/101996/141516560/101996_181207-1_IMG_02_0000_max_476x317.jpeg; https://media.rightmove.co.uk:443/dir/crop/10:9-16:9/102k/101996/141516560/101996_181207-1_IMG_04_0000_max_476x317.jpeg; https://media.rightmove.co.uk:443/dir/crop/10:9-16:9/102k/101996/141516560/101996_181207-1_IMG_05_0000_max_476x317.jpeg; https://media.rightmove.co.uk:443/dir/crop/10:9-16:9/102k/101996/141516560/101996_181207-1_IMG_06_0000_max_476x317.jpeg"
"133348688","Hampshire","Pub","White Horse Inn South Hill, Droxford, SO32 3PB","£450,000","Offers in Region of","","","","","","","","Charming Grade II Listed Hampshire Village Pub With Extensive Private Accommodation","https://www.rightmove.co.uk/properties/133348688#/?channel=COM_BUY","2023-04-06T10:15:33Z","","price_reduced","Marketed by Everard Cole Ltd, Cambridge","","50.95883","-1.138629","https://media.rightmove.co.uk:443/dir/crop/10:9-16:9/174k/173369/133348688/173369_6c47d047-672b-412b-8f13-445e1fbe63c4_IMG_10_0001_max_476x317.jpeg; https://media.rightmove.co.uk:443/dir/crop/10:9-16:9/174k/173369/133348688/173369_6c47d047-672b-412b-8f13-445e1fbe63c4_IMG_11_0000_max_476x317.jpeg; https://media.rightmove.co.uk:443/dir/crop/10:9-16:9/174k/173369/133348688/173369_6c47d047-672b-412b-8f13-445e1fbe63c4_IMG_12_0000_max_476x317.jpeg; https://media.rightmove.co.uk:443/dir/crop/10:9-16:9/174k/173369/133348688/173369_6c47d047-672b-412b-8f13-445e1fbe63c4_IMG_13_0000_max_476x317.jpeg; https://media.rightmove.co.uk:443/dir/crop/10:9-16:9/174k/173369/133348688/173369_6c47d047-672b-412b-8f13-445e1fbe63c4_IMG_14_0000_max_476x317.jpeg; https://media.rightmove.co.uk:443/dir/crop/10:9-16:9/174k/173369/133348688/173369_6c47d047-672b-412b-8f13-445e1fbe63c4_IMG_15_0000_max_476x317.jpeg; https://media.rightmove.co.uk:443/dir/crop/10:9-16:9/174k/173369/133348688/173369_6c47d047-672b-412b-8f13-445e1fbe63c4_IMG_16_0000_max_476x317.jpeg"
"141253043","Hampshire","Land","Lymore Lane, Milford on Sea","£650,000","","","","","","","","","Approximately 8 acres of open grazing land within the Green Belt, situated on the outskirts of Milford on Sea/Everton. The land is currently used as separate paddocks. Access is via Lymore Lane, a short distance from the A337 (Christchurch/Milford Road). ","https://www.rightmove.co.uk/properties/141253043#/?channel=COM_BUY","2023-10-25T11:42:36Z","","new","Marketed by Collins & Butler LTD, Milford on Sea","","50.74215","-1.58639","https://media.rightmove.co.uk:443/dir/crop/10:9-16:9/51k/50352/141253043/50352_Landlymore_IMG_00_0000_max_476x317.jpeg; https://media.rightmove.co.uk:443/dir/crop/10:9-16:9/51k/50352/141253043/50352_Landlymore_IMG_01_0000_max_476x317.jpeg; https://media.rightmove.co.uk:443/dir/crop/10:9-16:9/51k/50352/141253043/50352_Landlymore_IMG_02_0000_max_476x317.jpeg; https://media.rightmove.co.uk:443/dir/crop/10:9-16:9/51k/50352/141253043/50352_Landlymore_IMG_03_0000_max_476x317.jpeg; https://media.rightmove.co.uk:443/dir/crop/10:9-16:9/51k/50352/141253043/50352_Landlymore_IMG_04_0000_max_476x317.jpeg; https://media.rightmove.co.uk:443/dir/crop/10:9-16:9/51k/50352/141253043/50352_Landlymore_IMG_05_0000_max_476x317.jpeg"
"153457649","Hampshire","Land","Fronting Wyck Lane, East Worldham, Alton, Hampshire, GU34","£295,000","Guide Price","","","","","","","","Seldom available and a rare commodity - an opportunity to buy a 2.73 acre (1.1 hectare) paddock commanding a long road frontage and views across the National Park and Wey Valley.","https://www.rightmove.co.uk/properties/153457649#/?channel=COM_BUY","2024-10-07T14:22:40Z","","new","Marketed by Warren Powell-Richards, Alton","","51.138","-0.93048","https://media.rightmove.co.uk:443/dir/crop/10:9-16:9/property-photo/31470cf0e/153457649/31470cf0ed9f6edd9c1d53866f96ee89_max_476x317.jpeg; https://media.rightmove.co.uk:443/dir/crop/10:9-16:9/property-photo/b59575702/153457649/b59575702095999f4870ce7e2200a472_max_476x317.jpeg; https://media.rightmove.co.uk:443/dir/crop/10:9-16:9/property-photo/2b130549b/153457649/2b130549b609348f8ecd6034bc4c1932_max_476x317.jpeg; https://media.rightmove.co.uk:443/dir/crop/10:9-16:9/property-photo/5b04a64d9/153457649/5b04a64d935dcef0db09ab208e601e1b_max_476x317.jpeg; https://media.rightmove.co.uk:443/dir/crop/10:9-16:9/property-photo/cb2778c32/153457649/cb2778c32a565bee666a10f3f6a530cf_max_476x317.jpeg; https://media.rightmove.co.uk:443/dir/crop/10:9-16:9/property-photo/78193451c/153457649/78193451cfdae61108970c28e09ad511_max_476x317.jpeg; https://media.rightmove.co.uk:443/dir/crop/10:9-16:9/property-photo/318391b95/153457649/318391b95e82278bd534d76ae3862797_max_476x317.jpeg; https://media.rightmove.co.uk:443/dir/crop/10:9-16:9/property-photo/be5ad7bdd/153457649/be5ad7bddf1848d09a1074cc731bb382_max_476x317.jpeg; https://media.rightmove.co.uk:443/dir/crop/10:9-16:9/property-photo/d5ead007c/153457649/d5ead007cadc02f2f35e2a1cf81dcd65_max_476x317.jpeg; https://media.rightmove.co.uk:443/dir/crop/10:9-16:9/property-photo/65edf2fd6/153457649/65edf2fd6699e1bd2c8a8753ab8c6c75_max_476x317.jpeg; https://media.rightmove.co.uk:443/dir/crop/10:9-16:9/property-photo/d1b6b7be8/153457649/d1b6b7be8de272cdac96d2e28105e992_max_476x317.jpeg; https://media.rightmove.co.uk:443/dir/crop/10:9-16:9/property-photo/4c1fec359/153457649/4c1fec3595932641b5a394fdc2be1be9_max_476x317.jpeg; https://media.rightmove.co.uk:443/dir/crop/10:9-16:9/property-photo/f532242a9/153457649/f532242a9bb29314ee0213db271e56b9_max_476x317.jpeg; https://media.rightmove.co.uk:443/dir/crop/10:9-16:9/property-photo/bd1f6b2cc/153457649/bd1f6b2cca0317840a1ffaf6f215869a_max_476x317.jpeg"
"723051193429504","Hampshire","Commercial Development","Robann Park, 139 Southampton Road, Titchfield, Fareham, PO14 4PR","POA","","","","107,593 sq. ft.","107593","107593","9996","9996","A development opportunity with outline planning consent for a total of 39 units (2.47 acres)","https://www.rightmove.co.uk/properties/723051193429504#/?channel=COM_BUY","2025-12-04T13:02:12Z","","new","Marketed by Savills, Southampton - Licensed Leisure","","50.863841","-1.254202","https://media.rightmove.co.uk:443/dir/crop/10:9-16:9/226k/225509/723051193429504/225509_137882-1_IMG_00_0000_max_476x317.jpeg; https://media.rightmove.co.uk:443/dir/crop/10:9-16:9/226k/225509/723051193429504/225509_137882-1_IMG_01_0000_max_476x317.jpeg; https://media.rightmove.co.uk:443/dir/crop/10:9-16:9/226k/225509/723051193429504/225509_137882-1_IMG_02_0000_max_476x317.jpeg"
"138905492","Hampshire","Commercial Development","Rookery Farm Aggregate Recycling Facility, Botley Road, Swanwick, Hampshire, SO31","POA","","","","1,738,044 sq. ft.","1738044","1738044","161470","161470","Aggregate recycling site, suitable for a number of users (STP) including commercial and residential development, waste operation and renewable energy. The site is c.39.9 acres with a current operational footprint of 22.4 acres, pasture land of 2.8 acres with the balance of 12.7 acres being a mix...","https://www.rightmove.co.uk/properties/138905492#/?channel=COM_BUY","2023-08-21T16:19:54Z","","new","Marketed by Lambert Smith Hampton, Southampton","","50.879185","-1.271383","https://media.rightmove.co.uk:443/dir/crop/10:9-16:9/183k/182711/138905492/182711_2051304FH_IMG_00_0002_max_476x317.jpeg"
"135722270","Hampshire","Office","East Wing, Crawley Court, Peach Hill Lane, Crawley, South East, SO21 2QA","POA","","","","42,129 sq. ft.","42129","42129","3914","3914","A generously sized site incorporating 42,129 sq ft of office space in mature landscaped grounds, forming part of the wider 125,000 sq ft office and laboratory complex owned and occupied by Arqiva. Arqiva's headquarters will remain in occupation of the West Building. The East Building is availabl...","https://www.rightmove.co.uk/properties/135722270#/?channel=COM_BUY","2023-06-05T16:28:41Z","","new","Marketed by Lambert Smith Hampton, Southampton","","51.1119","-1.398685","https://media.rightmove.co.uk:443/dir/crop/10:9-16:9/183k/182711/135722270/182711_2050040FH_IMG_00_0001_max_476x317.jpeg; https://media.rightmove.co.uk:443/dir/crop/10:9-16:9/183k/182711/135722270/182711_2050040FH_IMG_01_0001_max_476x317.jpeg; https://media.rightmove.co.uk:443/dir/crop/10:9-16:9/183k/182711/135722270/182711_2050040FH_IMG_02_0001_max_476x317.jpeg; https://media.rightmove.co.uk:443/dir/crop/10:9-16:9/183k/182711/135722270/182711_2050040FH_IMG_03_0001_max_476x317.jpeg; https://media.rightmove.co.uk:443/dir/crop/10:9-16:9/183k/182711/135722270/182711_2050040FH_IMG_04_0001_max_476x317.jpeg; https://media.rightmove.co.uk:443/dir/crop/10:9-16:9/183k/182711/135722270/182711_2050040FH_IMG_05_0001_max_476x317.jpeg; https://media.rightmove.co.uk:443/dir/crop/10:9-16:9/183k/182711/135722270/182711_2050040FH_IMG_06_0001_max_476x317.jpeg"
"168274184","Hampshire","Distribution Warehouse","Plot 8, Andover Business Park, Andover, SP11 8BF","POA","","","","82,810 sq. ft.","82810","82810","7693","7693","One Of Two Final Plots Remaining Ready For Immediate Development","https://www.rightmove.co.uk/properties/168274184#/?channel=COM_BUY","2025-10-16T17:10:20Z","","size_change","Marketed by JLL, London - Industrial","","51.210673","-1.519526","https://media.rightmove.co.uk:443/dir/crop/10:9-16:9/264k/263627/168274184/263627_35744-1_IMG_00_0000_max_476x317.jpeg; https://media.rightmove.co.uk:443/dir/crop/10:9-16:9/264k/263627/168274184/263627_35744-1_IMG_01_0000_max_476x317.jpeg; https://media.rightmove.co.uk:443/dir/crop/10:9-16:9/264k/263627/168274184/263627_35744-1_IMG_02_0000_max_476x317.jpeg; https://media.rightmove.co.uk:443/dir/crop/10:9-16:9/264k/263627/168274184/263627_35744-1_IMG_03_0000_max_476x317.jpeg; https://media.rightmove.co.uk:443/dir/crop/10:9-16:9/264k/263627/168274184/263627_35744-1_IMG_04_0000_max_476x317.jpeg; https://media.rightmove.co.uk:443/dir/crop/10:9-16:9/264k/263627/168274184/263627_35744-1_IMG_05_0000_max_476x317.jpeg; https://media.rightmove.co.uk:443/dir/crop/10:9-16:9/264k/263627/168274184/263627_35744-1_IMG_06_0000_max_476x317.jpeg"
"151914446","Hampshire","Distribution Warehouse","Logistics City Andover, Plot 90 - Walworth Business Park, Walworth Road, Andover, SP10 5LH","POA","","","","40,000–150,000 sq. ft.","40000","150000","3716","13935","Design and Build warehouse units to suit occupiers needs from 62,433 - 487,605 sq ft","https://www.rightmove.co.uk/properties/151914446#/?channel=COM_BUY","2024-09-06T10:43:01Z","","new","Marketed by JLL, London - Industrial","","51.219395","-1.450352","https://media.rightmove.co.uk:443/dir/crop/10:9-16:9/264k/263627/151914446/263627_26803-1_IMG_00_0000_max_476x317.jpeg; https://media.rightmove.co.uk:443/dir/crop/10:9-16:9/264k/263627/151914446/263627_26803-1_IMG_01_0000_max_476x317.jpeg; https://media.rightmove.co.uk:443/dir/crop/10:9-16:9/264k/263627/151914446/263627_26803-1_IMG_02_0000_max_476x317.jpeg; https://media.rightmove.co.uk:443/dir/crop/10:9-16:9/264k/263627/151914446/263627_26803-1_IMG_03_0000_max_476x317.jpeg; https://media.rightmove.co.uk:443/dir/crop/10:9-16:9/264k/263627/151914446/263627_26803-1_IMG_04_0000_max_476x317.jpeg"
"87003408","Hampshire","Distribution Warehouse","Plot 9, Andover Business Park, Andover, SP11 8BF","POA","","","","21,280–39,340 sq. ft.","21280","39340","1977","3655","21,280 sq ft, 33,045 sq ft and 39,340 sq ft of Industrial, Distribution and Warehouse Space To Let / For Sale","https://www.rightmove.co.uk/properties/87003408#/?channel=COM_BUY","2024-09-06T10:43:01Z","","new","Marketed by JLL, London - Industrial","","51.210673","-1.519526","https://media.rightmove.co.uk:443/dir/crop/10:9-16:9/264k/263627/87003408/263627_84998-1_IMG_00_0000_max_476x317.jpeg; https://media.rightmove.co.uk:443/dir/crop/10:9-16:9/264k/263627/87003408/263627_84998-1_IMG_01_0000_max_476x317.jpeg; https://media.rightmove.co.uk:443/dir/crop/10:9-16:9/264k/263627/87003408/263627_84998-1_IMG_02_0000_max_476x317.jpeg; https://media.rightmove.co.uk:443/dir/crop/10:9-16:9/264k/263627/87003408/263627_84998-1_IMG_03_0000_max_476x317.jpeg; https://media.rightmove.co.uk:443/dir/crop/10:9-16:9/264k/263627/87003408/263627_84998-1_IMG_04_0000_max_476x317.jpeg; https://media.rightmove.co.uk:443/dir/crop/10:9-16:9/264k/263627/87003408/263627_84998-1_IMG_05_0000_max_476x317.jpeg; https://media.rightmove.co.uk:443/dir/crop/10:9-16:9/264k/263627/87003408/263627_84998-1_IMG_06_0000_max_476x317.jpeg; https://media.rightmove.co.uk:443/dir/crop/10:9-16:9/264k/263627/87003408/263627_84998-1_IMG_07_0000_max_476x317.jpeg"
"85982568","Hampshire","Distribution Warehouse","Phase 2 Trafalgar Court, Wellworthy Road, Ampress Park, Lymington, South East, SO41","POA","","","","1,350–7,220 sq. ft.","1350","7220","125","671","Phase 2 of Trafalgar Court provides previous planning consent for a purpose built self-contained two storey office with adjoining industrial accommodation. The consent is for 7,720 sq.ft. The site is next door to a 2 storey office, which was built under phase 1. It is within a mixed use commer...","https://www.rightmove.co.uk/properties/85982568#/?channel=COM_BUY","2023-02-08T14:16:22Z","","new","Marketed by Lambert Smith Hampton, Southampton","","50.769875","-1.548305","https://media.rightmove.co.uk:443/dir/crop/10:9-16:9/183k/182711/85982568/182711_2049807FH_IMG_00_0001_max_476x317.jpeg; https://media.rightmove.co.uk:443/dir/crop/10:9-16:9/183k/182711/85982568/182711_2049807FH_IMG_01_0001_max_476x317.jpeg; https://media.rightmove.co.uk:443/dir/crop/10:9-16:9/183k/182711/85982568/182711_2049807FH_IMG_02_0000_max_476x317.jpeg"
"129517400","Hampshire","Residential Development","Ryelaw Road, Fleet, Hampshire, GU52","£350,000","Offers in Excess of","5","2","2,400 sq. ft.","2400","2400","223","223","Self Build / Development Opportunity to erect a 5 bedroom 2,400 sq. ft dwelling with full planning permission in the beautiful village of Church Crookham.The vendor has paid the CIL/SANG contributions and is also willing to offer a build package to any prospective purchaser. ","https://www.rightmove.co.uk/properties/129517400#/?channel=COM_BUY","2022-11-28T10:23:40Z","","new","Marketed by SILVERSTREAM CORPORATION LTD, Binfield","","51.26307","-0.83639","https://media.rightmove.co.uk:443/dir/crop/10:9-16:9/231k/230717/129517400/230717_ChurchCrookham_IMG_00_0000_max_476x317.jpeg; https://media.rightmove.co.uk:443/dir/crop/10:9-16:9/231k/230717/129517400/230717_ChurchCrookham_IMG_01_0000_max_476x317.jpeg; https://media.rightmove.co.uk:443/dir/crop/10:9-16:9/231k/230717/129517400/230717_ChurchCrookham_IMG_02_0000_max_476x317.jpeg; https://media.rightmove.co.uk:443/dir/crop/10:9-16:9/231k/230717/129517400/230717_ChurchCrookham_IMG_03_0000_max_476x317.jpeg; https://media.rightmove.co.uk:443/dir/crop/10:9-16:9/231k/230717/129517400/230717_ChurchCrookham_IMG_04_0000_max_476x317.jpeg; https://media.rightmove.co.uk:443/dir/crop/10:9-16:9/231k/230717/129517400/230717_ChurchCrookham_IMG_05_0000_max_476x317.jpeg"
"129022364","Hampshire","Mixed Use","London Street, Basingstoke, Hampshire, RG21","£700,000","Guide Price","","","","","","","","Freehold mixed use investment property for sale! This two storey property is located within the ‘Top of Town’ commercial and residential area of Basingstoke, close to the Festival Place shopping centre and Basingstoke’s mainline railway station. ","https://www.rightmove.co.uk/properties/129022364#/?channel=COM_BUY","2022-11-12T13:21:54Z","","new","Marketed by Winkworth, Basingstoke","","51.2624","-1.08537","https://media.rightmove.co.uk:443/dir/crop/10:9-16:9/61k/60017/129022364/60017_BAS220180_IMG_00_0000_max_476x317.jpeg; https://media.rightmove.co.uk:443/dir/crop/10:9-16:9/61k/60017/129022364/60017_BAS220180_IMG_01_0000_max_476x317.jpeg; https://media.rightmove.co.uk:443/dir/crop/10:9-16:9/61k/60017/129022364/60017_BAS220180_IMG_02_0000_max_476x317.jpeg; https://media.rightmove.co.uk:443/dir/crop/10:9-16:9/61k/60017/129022364/60017_BAS220180_IMG_03_0000_max_476x317.jpeg; https://media.rightmove.co.uk:443/dir/crop/10:9-16:9/61k/60017/129022364/60017_BAS220180_IMG_04_0000_max_476x317.jpeg; https://media.rightmove.co.uk:443/dir/crop/10:9-16:9/61k/60017/129022364/60017_BAS220180_IMG_05_0000_max_476x317.jpeg; https://media.rightmove.co.uk:443/dir/crop/10:9-16:9/61k/60017/129022364/60017_BAS220180_IMG_06_0000_max_476x317.jpeg"
"126250016","Hampshire","Office","1 & 1A Penns Road, Petersfield, Hampshire, GU32","POA","","","","7,050 sq. ft.","7050","7050","655","655","Unit 1, at the front of the premises, comprises 2 storey brick built offices and showroom with a separate ground floor office suite. The building benefits from central heating and passenger lift and is arranged as private offices/meeting rooms. Unit 1A, to the rear of the premises, is again 2 st...","https://www.rightmove.co.uk/properties/126250016#/?channel=COM_BUY","2022-08-22T09:48:23Z","","new","Marketed by Lambert Smith Hampton, Fareham","","51.007298","-0.940742","https://media.rightmove.co.uk:443/dir/crop/10:9-16:9/169k/168011/126250016/168011_38315FH_IMG_00_0001_max_476x317.jpeg; https://media.rightmove.co.uk:443/dir/crop/10:9-16:9/169k/168011/126250016/168011_38315FH_IMG_01_0001_max_476x317.jpeg; https://media.rightmove.co.uk:443/dir/crop/10:9-16:9/169k/168011/126250016/168011_38315FH_IMG_02_0001_max_476x317.jpeg"
"157647173","Hampshire","Office","Upper Street, Fleet, Hampshire, GU51","£240,000","Guide Price","","","","","","","","** ATTENTION INVESTORS ** An excellent opportunity to acquire vacant leasehold premises, with potential for conversion into residential accommodation (STPP). Within Fleet town centre, the property is accessible to road and rail links.","https://www.rightmove.co.uk/properties/157647173#/?channel=COM_BUY","2025-01-31T21:20:24Z","","new","Marketed by Mackenzie Smith, Fleet","","51.279674","-0.842083","https://media.rightmove.co.uk:443/dir/crop/10:9-16:9/12k/11795/157647173/11795_FLT220365_IMG_02_0000_max_476x317.jpeg; https://media.rightmove.co.uk:443/dir/crop/10:9-16:9/12k/11795/157647173/11795_FLT220365_IMG_00_0000_max_476x317.jpeg; https://media.rightmove.co.uk:443/dir/crop/10:9-16:9/12k/11795/157647173/11795_FLT220365_IMG_01_0000_max_476x317.jpeg"
"124912529","Hampshire","Land","off A272 at Sheet, Nr. Petersfield, GU31 5AT","£110,000","Guide Price","","","44,867 sq. ft.","44867","44867","4168","4168","An attractive and accessible 1.03 acre paddock off the A272 at Sheet, Nr. Petersfield, GU31 5AT lying adjacent to existing residential properties","https://www.rightmove.co.uk/properties/124912529#/?channel=COM_BUY","2022-07-13T15:35:13Z","","new","Marketed by Ian Judd & Partners, Bishops Waltham","","51.01235","-0.90818","https://media.rightmove.co.uk:443/dir/crop/10:9-16:9/35k/34437/124912529/34437_TJGLSSHEETCOMMON_IMG_00_0000_max_476x317.jpeg; https://media.rightmove.co.uk:443/dir/crop/10:9-16:9/35k/34437/124912529/34437_TJGLSSHEETCOMMON_IMG_01_0000_max_476x317.jpeg; https://media.rightmove.co.uk:443/dir/crop/10:9-16:9/35k/34437/124912529/34437_TJGLSSHEETCOMMON_IMG_02_0000_max_476x317.jpeg; https://media.rightmove.co.uk:443/dir/crop/10:9-16:9/35k/34437/124912529/34437_TJGLSSHEETCOMMON_IMG_03_0000_max_476x317.jpeg; https://media.rightmove.co.uk:443/dir/crop/10:9-16:9/35k/34437/124912529/34437_TJGLSSHEETCOMMON_IMG_04_0000_max_476x317.jpeg; https://media.rightmove.co.uk:443/dir/crop/10:9-16:9/35k/34437/124912529/34437_TJGLSSHEETCOMMON_IMG_05_0000_max_476x317.jpeg; https://media.rightmove.co.uk:443/dir/crop/10:9-16:9/35k/34437/124912529/34437_TJGLSSHEETCOMMON_IMG_06_0000_max_476x317.jpeg; https://media.rightmove.co.uk:443/dir/crop/10:9-16:9/35k/34437/124912529/34437_TJGLSSHEETCOMMON_IMG_07_0000_max_476x317.jpeg; https://media.rightmove.co.uk:443/dir/crop/10:9-16:9/35k/34437/124912529/34437_TJGLSSHEETCOMMON_IMG_08_0000_max_476x317.jpeg; https://media.rightmove.co.uk:443/dir/crop/10:9-16:9/35k/34437/124912529/34437_TJGLSSHEETCOMMON_IMG_09_0000_max_476x317.jpeg; https://media.rightmove.co.uk:443/dir/crop/10:9-16:9/35k/34437/124912529/34437_TJGLSSHEETCOMMON_IMG_10_0000_max_476x317.jpeg"
"122465936","Hampshire","Childcare Facility","Ellingham House Day Nursery, Ellingham Drive, Ringwood BH24 3PJ ","£1,800,000","Fixed Price","","","3,900 sq. ft.","3900","3900","362","362","Comprises two-storey detached nursery with two outbuildings on a 2.25 acres site. Let until 2047 (no breaks). Successful nursery operator with multiple locations across UK. ","https://www.rightmove.co.uk/properties/122465936#/?channel=COM_BUY","2022-04-15T09:01:18Z","","price_reduced","Marketed by Blue Alpine, London","","50.87294","-1.79444","https://media.rightmove.co.uk:443/dir/crop/10:9-16:9/231k/230087/122465936/230087_Ellingham_IMG_00_0000_max_476x317.jpeg; https://media.rightmove.co.uk:443/dir/crop/10:9-16:9/231k/230087/122465936/230087_Ellingham_IMG_01_0000_max_476x317.jpeg; https://media.rightmove.co.uk:443/dir/crop/10:9-16:9/231k/230087/122465936/230087_Ellingham_IMG_02_0000_max_476x317.jpeg; https://media.rightmove.co.uk:443/dir/crop/10:9-16:9/231k/230087/122465936/230087_Ellingham_IMG_03_0000_max_476x317.jpeg; https://media.rightmove.co.uk:443/dir/crop/10:9-16:9/231k/230087/122465936/230087_Ellingham_IMG_04_0000_max_476x317.jpeg; https://media.rightmove.co.uk:443/dir/crop/10:9-16:9/231k/230087/122465936/230087_Ellingham_IMG_05_0000_max_476x317.jpeg; https://media.rightmove.co.uk:443/dir/crop/10:9-16:9/231k/230087/122465936/230087_Ellingham_IMG_06_0000_max_476x317.jpeg; https://media.rightmove.co.uk:443/dir/crop/10:9-16:9/231k/230087/122465936/230087_Ellingham_IMG_07_0000_max_476x317.jpeg; https://media.rightmove.co.uk:443/dir/crop/10:9-16:9/231k/230087/122465936/230087_Ellingham_IMG_08_0000_max_476x317.jpeg; https://media.rightmove.co.uk:443/dir/crop/10:9-16:9/231k/230087/122465936/230087_Ellingham_IMG_09_0000_max_476x317.jpeg; https://media.rightmove.co.uk:443/dir/crop/10:9-16:9/231k/230087/122465936/230087_Ellingham_IMG_10_0000_max_476x317.jpeg; https://media.rightmove.co.uk:443/dir/crop/10:9-16:9/231k/230087/122465936/230087_Ellingham_IMG_11_0000_max_476x317.jpeg; https://media.rightmove.co.uk:443/dir/crop/10:9-16:9/231k/230087/122465936/230087_Ellingham_IMG_12_0000_max_476x317.jpeg; https://media.rightmove.co.uk:443/dir/crop/10:9-16:9/231k/230087/122465936/230087_Ellingham_IMG_13_0000_max_476x317.jpeg; https://media.rightmove.co.uk:443/dir/crop/10:9-16:9/231k/230087/122465936/230087_Ellingham_IMG_14_0000_max_476x317.jpeg; https://media.rightmove.co.uk:443/dir/crop/10:9-16:9/231k/230087/122465936/230087_Ellingham_IMG_15_0000_max_476x317.jpeg; https://media.rightmove.co.uk:443/dir/crop/10:9-16:9/231k/230087/122465936/230087_Ellingham_IMG_16_0000_max_476x317.jpeg; https://media.rightmove.co.uk:443/dir/crop/10:9-16:9/231k/230087/122465936/230087_Ellingham_IMG_17_0000_max_476x317.jpeg"
"110605118","Hampshire","Hairdresser / Barber Shop","A LONG-RUNNING AND HIGHLY REPUTABLE PROVIDER OF BESPOKE BEAUTY TREATMENTS, Hampshire","POA","","","","","","","","","Fareham, Hampshire.Turnover in excess of £164,000.Provides market-leading services, including Hydrafacial treatments, medical-grade chemical peels, IPL hair removal, laser treatments and manicures.Has continually invested in new equipment, with a large asset register included in the sale...","https://www.rightmove.co.uk/properties/110605118#/?channel=COM_BUY","2021-07-19T14:30:02Z","","new","Marketed by Knightsbridge Business Sales Limited, Bolton","","50.7592","-1.5377","https://media.rightmove.co.uk:443/dir/crop/10:9-16:9/91k/90616/110605118/90616_162036_IMG_00_0000_max_476x317.png; https://media.rightmove.co.uk:443/dir/crop/10:9-16:9/91k/90616/110605118/90616_162036_IMG_01_0000_max_476x317.jpeg; https://media.rightmove.co.uk:443/dir/crop/10:9-16:9/91k/90616/110605118/90616_162036_IMG_02_0000_max_476x317.jpeg; https://media.rightmove.co.uk:443/dir/crop/10:9-16:9/91k/90616/110605118/90616_162036_IMG_03_0000_max_476x317.png; https://media.rightmove.co.uk:443/dir/crop/10:9-16:9/91k/90616/110605118/90616_162036_IMG_04_0000_max_476x317.jpeg; https://media.rightmove.co.uk:443/dir/crop/10:9-16:9/91k/90616/110605118/90616_162036_IMG_05_0000_max_476x317.jpeg; https://media.rightmove.co.uk:443/dir/crop/10:9-16:9/91k/90616/110605118/90616_162036_IMG_06_0000_max_476x317.jpeg; https://media.rightmove.co.uk:443/dir/crop/10:9-16:9/91k/90616/110605118/90616_162036_IMG_07_0000_max_476x317.png; https://media.rightmove.co.uk:443/dir/crop/10:9-16:9/91k/90616/110605118/90616_162036_IMG_08_0000_max_476x317.jpeg"
"110298809","Hampshire","Distribution Warehouse","Meon House, 10 Barnes Wallis Road, Fareham, Hampshire, PO15","POA","","","","19,672 sq. ft.","19672","19672","1828","1828","Meon House is a versatile space ready to accommodate diverse commercial ventures and facilitate business growth. Built in 1989, Meon House provides a modern detached two storey building of steel portal frame with brick elevations and profile cladding to the upper elevations. To the rear is an ext...","https://www.rightmove.co.uk/properties/110298809#/?channel=COM_BUY","2021-07-12T10:36:06Z","","new","Marketed by Lambert Smith Hampton, Fareham","","50.867451","-1.25079","https://media.rightmove.co.uk:443/dir/crop/10:9-16:9/169k/168011/110298809/168011_18085FH_IMG_00_0002_max_476x317.jpeg; https://media.rightmove.co.uk:443/dir/crop/10:9-16:9/169k/168011/110298809/168011_18085FH_IMG_01_0002_max_476x317.jpeg; https://media.rightmove.co.uk:443/dir/crop/10:9-16:9/169k/168011/110298809/168011_18085FH_IMG_02_0001_max_476x317.jpeg; https://media.rightmove.co.uk:443/dir/crop/10:9-16:9/169k/168011/110298809/168011_18085FH_IMG_03_0001_max_476x317.jpeg; https://media.rightmove.co.uk:443/dir/crop/10:9-16:9/169k/168011/110298809/168011_18085FH_IMG_04_0001_max_476x317.jpeg; https://media.rightmove.co.uk:443/dir/crop/10:9-16:9/169k/168011/110298809/168011_18085FH_IMG_05_0001_max_476x317.jpeg; https://media.rightmove.co.uk:443/dir/crop/10:9-16:9/169k/168011/110298809/168011_18085FH_IMG_06_0001_max_476x317.jpeg; https://media.rightmove.co.uk:443/dir/crop/10:9-16:9/169k/168011/110298809/168011_18085FH_IMG_07_0001_max_476x317.jpeg; https://media.rightmove.co.uk:443/dir/crop/10:9-16:9/169k/168011/110298809/168011_18085FH_IMG_08_0001_max_476x317.jpeg; https://media.rightmove.co.uk:443/dir/crop/10:9-16:9/169k/168011/110298809/168011_18085FH_IMG_09_0001_max_476x317.jpeg"
"90417392","Hampshire","Commercial Development","The Teardrop, Port Way, Portsmouth, PO6 3EN","POA","","","","100,564 sq. ft.","100564","100564","9343","9343","Prominent Roadside Development Site","https://www.rightmove.co.uk/properties/90417392#/?channel=COM_BUY","2020-03-13T12:59:04Z","","size_change","Marketed by Vail Williams, Portsmouth","","50.8411","-1.09272","https://media.rightmove.co.uk:443/dir/crop/10:9-16:9/86k/85879/90417392/85879_7078-1_IMG_00_0000_max_476x317.jpeg; https://media.rightmove.co.uk:443/dir/crop/10:9-16:9/86k/85879/90417392/85879_7078-1_IMG_01_0001_max_476x317.jpeg"
"723049650049665","Hampshire","Land","Kanes Hill, Southampton, Southampton, SO19 6DX","POA","","","","40,946 sq. ft.","40946","40946","3804","3804","SITE FOR SALE - REDEVELOPMENT SUBJECT TO PLANNING","https://www.rightmove.co.uk/properties/723049650049665#/?channel=COM_BUY","2025-12-04T12:16:12Z","","new","Marketed by Savills, Southampton","","50.907063","-1.322639","https://media.rightmove.co.uk:443/dir/crop/10:9-16:9/215k/214127/723049650049665/214127_68357-1_IMG_00_0000_max_476x317.jpeg; https://media.rightmove.co.uk:443/dir/crop/10:9-16:9/215k/214127/723049650049665/214127_68357-1_IMG_01_0000_max_476x317.jpeg; https://media.rightmove.co.uk:443/dir/crop/10:9-16:9/215k/214127/723049650049665/214127_68357-1_IMG_02_0000_max_476x317.jpeg; https://media.rightmove.co.uk:443/dir/crop/10:9-16:9/215k/214127/723049650049665/214127_68357-1_IMG_03_0000_max_476x317.jpeg; https://media.rightmove.co.uk:443/dir/crop/10:9-16:9/215k/214127/723049650049665/214127_68357-1_IMG_04_0000_max_476x317.jpeg; https://media.rightmove.co.uk:443/dir/crop/10:9-16:9/215k/214127/723049650049665/214127_68357-1_IMG_05_0000_max_476x317.jpeg; https://media.rightmove.co.uk:443/dir/crop/10:9-16:9/215k/214127/723049650049665/214127_68357-1_IMG_06_0000_max_476x317.jpeg"
"100618349","Hampshire","Mixed Use","163 Wych Lane, Gosport, Hampshire, PO13 0NW ","£875,000","Fixed Price","","","4,517 sq. ft.","4517","4517","420","420","Freehold Convenience Store and Residential Investment. Comprises a ground floor supermarket and 3-bed flat on the first floor. Including a delivery yard to the rear and 8 car parking spaces to the front. Located in the thriving local community of Bridgemary.","https://www.rightmove.co.uk/properties/100618349#/?channel=COM_BUY","2020-12-03T17:13:09Z","","new","Marketed by Blue Alpine, London","","50.82092","-1.17458","https://media.rightmove.co.uk:443/dir/crop/10:9-16:9/231k/230087/100618349/230087_Bridgemary_163WychLane_IMG_00_0000_max_476x317.jpeg; https://media.rightmove.co.uk:443/dir/crop/10:9-16:9/231k/230087/100618349/230087_Bridgemary_163WychLane_IMG_01_0000_max_476x317.jpeg; https://media.rightmove.co.uk:443/dir/crop/10:9-16:9/231k/230087/100618349/230087_Bridgemary_163WychLane_IMG_02_0000_max_476x317.jpeg"
"98392553","Hampshire","Commercial Development","3 Development Platforms, Little Park Farm Road, Segensworth West, Fareham, PO15 5TD","POA","","","","20,000–200,000 sq. ft.","20000","200000","1858","18581","An opportunity for developers, investors and business owners","https://www.rightmove.co.uk/properties/98392553#/?channel=COM_BUY","2020-10-13T16:35:30Z","","new","Marketed by Vail Williams, Portsmouth","","50.873833","-1.255178","https://media.rightmove.co.uk:443/dir/crop/10:9-16:9/86k/85879/98392553/85879_50431-1_IMG_01_0000_max_476x317.jpg; https://media.rightmove.co.uk:443/dir/crop/10:9-16:9/86k/85879/98392553/85879_50431-1_IMG_02_0000_max_476x317.jpg"
"71744250","Hampshire","Office","Carlton House  Carlton House, Ringwood Road  SOUTHAMPTON  SO40 7HT  United","POA","","","","37,400 sq. ft.","37400","37400","3475","3475","Unique opportunity for residential development within The New Forest National Park","https://www.rightmove.co.uk/properties/71744250#/?channel=COM_BUY","2020-07-09T15:09:26Z","","new","Marketed by Colliers International, Offices - South East","","50.915659","-1.537636","https://media.rightmove.co.uk:443/dir/crop/10:9-16:9/78k/77253/71744250/77253_a031p000014tFTqAAM_IMG_01_0000_max_476x317.jpg; https://media.rightmove.co.uk:443/dir/crop/10:9-16:9/78k/77253/71744250/77253_a031p000014tFTqAAM_IMG_02_0000_max_476x317.jpg; https://media.rightmove.co.uk:443/dir/crop/10:9-16:9/78k/77253/71744250/77253_a031p000014tFTqAAM_IMG_03_0000_max_476x317.jpg"
"62376238","Hampshire","Distribution Warehouse","Logistics City Andover, Plot 90 Walworth Business Park, Andover, Hampshire SP10 5LH","POA","","","","62,433–487,506 sq. ft.","62433","487506","5800","45291","Logistics City Andover is a design to suit scheme on Walworth Industrial Park, with outline consent to provide up to 487,605 sq ft of B2 and B8 uses. A range of industrial units from 62,433 sq ft up to 487,605 sq ft can be accommodated to meet the bespoke requirements of both local businesses as ...","https://www.rightmove.co.uk/properties/62376238#/?channel=COM_BUY","2017-10-25T13:33:17Z","","new","Marketed by Lambert Smith Hampton, Southampton","","51.217359","-1.45249","https://media.rightmove.co.uk:443/dir/crop/10:9-16:9/property-photo/f82fce605/62376238/f82fce6054cf31df3a2eafbcddbd5ea6_max_476x317.jpeg; https://media.rightmove.co.uk:443/dir/crop/10:9-16:9/property-photo/66a02fd5d/62376238/66a02fd5d6b523858e569a3722ffe79c_max_476x317.jpeg; https://media.rightmove.co.uk:443/dir/crop/10:9-16:9/property-photo/2fe2cefab/62376238/2fe2cefabe7093ad5abc7bdbec4c7337_max_476x317.jpeg; https://media.rightmove.co.uk:443/dir/crop/10:9-16:9/property-photo/13c1f1173/62376238/13c1f1173490607aad4514acb41bf5c3_max_476x317.jpeg"
"80485677","Hampshire","Commercial Development","Daedalus Gateway Park Plots, Daedalus Drive, Lee-on-Solent, Hampshire PO13 9FU","POA","","","","94,961–193,842 sq. ft.","94961","193842","8822","18009","Two plots located at the entrance to Fareham Innovation Centre which are adjacent and visible from the junction of Broom Way and Daedalus Drive.","https://www.rightmove.co.uk/properties/80485677#/?channel=COM_BUY","2021-06-02T15:05:48Z","","new","Marketed by Lambert Smith Hampton, Fareham","","50.81085","-1.195107","https://media.rightmove.co.uk:443/dir/crop/10:9-16:9/169k/168011/80485677/168011_2017171FH_IMG_00_0002_max_476x317.jpeg; https://media.rightmove.co.uk:443/dir/crop/10:9-16:9/169k/168011/80485677/168011_2017171FH_IMG_01_0002_max_476x317.jpeg"